timestamp,seed,draw,random_state,mean_type,loglik,AIC,BIC,success,status,param_p0,param_n0,param_rho_p,param_rho_n,param_phi_p,param_phi_n,param_sigma_p,param_sigma_n,param_c,param_rho_1,param_phi_1,param_rho_2,param_phi_2,stored_loglik,stored_AIC,stored_BIC
2026-06-07T22:24:43,51,1,510001,"ARX(1,1)",-171.405215708061,364.810431416122,401.8874497255263,True,0,0.0530538656851546,0.0264646155151811,0.9484562832694958,0.2624180574354137,0.0229036241608711,0.7229659020648508,0.3221677898925696,0.5130949563152432,0.1208578741267857,0.221463738353779,0.7632064524617553,,,-171.4052157081374,364.8104314162748,401.8874497256791
2026-06-07T22:26:54,51,2,510002,"ARX(1,1)",-172.0366866380479,366.0733732760958,403.15039158550013,True,0,0.9324924707223547,0.0373547395487554,0.6022548913839955,0.2697502897462678,0.1366956215240774,0.7076083561384671,0.236089409276455,0.5552366967561297,0.1099530062385947,0.2660077771403473,0.6941867748792603,,,-172.0366865623427,366.0733731246854,403.1503914340897
2026-06-07T22:29:13,51,3,510003,"ARX(1,1)",-171.33298655478393,364.66597310956786,401.74299141897217,True,0,0.057485660555408,0.0158668492361329,0.9456865166039736,0.25844773734809,0.0233600656392684,0.7339366050747806,0.3154054347169856,0.447763026907542,0.12333477636562,0.2270608402136925,0.7508610618925217,,,-171.3329865541624,364.6659731083248,401.7429914177291
2026-06-07T22:31:14,51,4,510004,"ARX(1,1)",-171.3816559156835,364.763311831367,401.8403301407713,True,0,0.0589404847568906,0.0336525719381861,0.9471726324241652,0.2578819837065692,0.022175462494352,0.7256810738716046,0.3063405641883733,0.4600636664816835,0.1197822307634052,0.2310945146528139,0.7489755111294063,,,-171.38165590955208,364.76331181910416,401.84033012850847
2026-06-07T22:32:53,51,5,510005,"ARX(1,1)",-172.03676483009605,366.0735296601921,403.1505479695964,True,0,0.9539061774656366,0.0383843933133055,0.5968713888272499,0.268782740355607,0.1393951671932869,0.7078089986678878,0.2347000833891003,0.5578924973156776,0.1103022884123781,0.2657097066134083,0.6939066030481251,,,-172.0367648255899,366.0735296511798,403.1505479605841
2026-06-07T22:34:20,51,6,510006,"ARX(1,1)",-171.31233264182808,364.62466528365616,401.70168359306047,True,0,0.0574109818434079,0.0011981768466918,0.944930607071354,0.2565847876878295,0.0236321161018087,0.7428627981735653,0.3135701739711037,0.4227195218230165,0.1232541426517217,0.2268415514209832,0.7484519939077778,,,-171.31233264179428,364.62466528358857,401.7016835929929
2026-06-07T22:36:58,51,7,510007,"ARX(1,1)",-172.0375098014241,366.0750196028482,403.1520379122525,True,0,0.963326440877502,0.0374702129639648,0.5925688784373624,0.2685135262287218,0.1412675086224291,0.7089821521918598,0.2348952680967447,0.5522053044493674,0.1108608256980285,0.2658584259233459,0.6930288702798214,,,-172.03750980274236,366.0750196054847,403.152037914889
2026-06-07T22:38:46,51,8,510008,"ARX(1,1)",-171.312343860046,364.624687720092,401.70170602949634,True,0,0.0575280316378546,0.0016583393516553,0.9448898720727714,0.2568514312408196,0.0236351511284639,0.7423840590746191,0.3135354325702578,0.4234216395477593,0.1231469039054609,0.2271131804982276,0.7483674631246456,,,-171.31234385984283,364.6246877196857,401.70170602909
2026-06-07T22:41:03,51,9,510009,"ARX(1,1)",-171.31260226531208,364.62520453062416,401.70222284002847,True,0,0.0573241937812222,0.0003142698187132,0.9449475726494282,0.2561413783609268,0.0236159200822108,0.7437147477792311,0.3136858400788853,0.4202120000250666,0.1229098136471168,0.227211119547743,0.748315511832951,,,-171.31260226574443,364.62520453148886,401.7022228408932
2026-06-07T22:42:49,51,10,510010,"ARX(1,1)",-172.0367516420455,366.073503284091,403.1505215934953,True,0,0.9528564320132232,0.0376486194340352,0.5966786607943128,0.2682723405873817,0.1396457393694239,0.7088925273506479,0.2349766064647388,0.5537456707239533,0.1107432729972342,0.265554117463303,0.6936431786920746,,,-172.03675164211745,366.0735032842349,403.1505215936392
2026-06-07T22:44:31,51,11,510011,"ARX(1,1)",-172.037475507769,366.074951015538,403.1519693249423,True,0,0.922893650616102,0.0377392188884778,0.6056584414316241,0.2681372927478971,0.1341611562048351,0.7090022615401391,0.2364174583351205,0.5528319916131087,0.1096832094869301,0.2659581776524101,0.6946020983497033,,,-172.03747550778576,366.0749510155715,403.1519693249758
2026-06-07T22:46:26,51,12,510012,"ARX(1,1)",-172.03784383527756,366.0756876705551,403.1527059799594,True,0,0.968541820178199,0.0382395084140921,0.591651023854453,0.2701807877072791,0.1426359888592903,0.7064342112214197,0.2343289837527385,0.5598324828907654,0.1100857015146911,0.2647620139355477,0.6949351903375343,,,-172.03784380836242,366.0756876167249,403.1527059261292
2026-06-07T22:48:35,51,13,510013,"ARX(1,1)",-172.03684403135549,366.07368806271097,403.1507063721153,True,0,0.934046079094,0.0381811214094832,0.6022544393315987,0.2680224008279701,0.1364806064197017,0.7086532293374112,0.2358861610795585,0.5568570852948997,0.1097794730806362,0.2669311966477443,0.6931635927762155,,,-172.0368440396573,366.0736880793146,403.1507063887189
2026-06-07T22:50:29,51,14,510014,"ARX(1,1)",-171.38602533021617,364.77205066043234,401.84906896983665,True,0,0.0547002987469692,0.0228874518433724,0.9472107568167624,0.2599092827999094,0.0231875238737829,0.7283090668005211,0.3200370861357523,0.4818965778097667,0.1196517704904481,0.2187926366034719,0.7660326465173911,,,-171.38602532900967,364.77205065801934,401.8490689674237
2026-06-07T22:52:18,51,15,510015,"ARX(1,1)",-172.036882637212,366.073765274424,403.1507835838283,True,0,0.9278939916680148,0.0376132636386981,0.6043883119695854,0.2704232156684384,0.1360083980333823,0.7067244870820306,0.2358769437320828,0.5561282233106329,0.1095136185819755,0.2656974104587835,0.6951165261867324,,,-172.03688263748944,366.0737652749789,403.1507835843832
2026-06-07T22:54:16,51,16,510016,"ARX(1,1)",-171.32576448479404,364.65152896958807,401.7285472789924,True,0,0.0577565658981458,0.0140409390406524,0.946160106358947,0.2544285680349837,0.022919262943762,0.7388451132149302,0.3099151266298737,0.4415324847798544,0.124116686709268,0.2320303905100965,0.7426768992004104,,,-171.32576445978793,364.6515289195759,401.7285472289802
2026-06-07T22:57:07,51,17,510017,"ARX(1,1)",-172.0365153751324,366.0730307502648,403.15004905966913,True,0,0.938353727932028,0.0375424015980423,0.6008133564454581,0.2696044847998163,0.137663405406238,0.7076073312724829,0.2355882584143862,0.5552124780923916,0.1100121274562627,0.265662724925039,0.6944007790435875,,,-172.0365153752466,366.0730307504932,403.1500490598975
2026-06-07T22:59:49,51,18,510018,"ARX(1,1)",-171.82615281016902,365.65230562033804,402.72932392974235,True,0,0.0917104807877279,0.0011372732052605,0.925309745700216,0.1804569320313178,0.029432713888743,0.8190250026086293,0.2952520906742455,0.3995368059690835,0.1244998153517672,0.2571872859115063,0.7064590454659221,,,-171.82615276259202,365.652305525184,402.72932383458834
2026-06-07T23:02:24,51,19,510019,"ARX(1,1)",-171.31234389953147,364.62468779906294,401.70170610846725,True,0,0.0576114415793373,0.0013327181932554,0.9448345235891806,0.2564888744267278,0.0236462933567895,0.7428974515133745,0.3134191171586519,0.4224160924768091,0.1231814531580004,0.2273273019777771,0.7480063499593915,,,-171.31234389946138,364.6246877989228,401.7017061083271
2026-06-07T23:06:22,51,20,510020,"ARX(1,1)",-171.5314502840614,365.0629005681228,402.1399188775271,True,0,0.0830758810800933,0.0246705371677799,0.9292195612339452,0.2800176966337258,0.0298391070263681,0.7067682724832886,0.3044234578161931,0.4972642955911953,0.0996888238921666,0.2412986413411728,0.7596012019193614,,,-171.53144986344503,365.06289972689007,402.1399180362944
2026-06-07T23:11:04,51,21,510021,"ARX(1,1)",-172.03714499229855,366.0742899845971,403.1513082940014,True,0,0.96206833785636,0.0379935702764908,0.5929769996114467,0.2690539239680127,0.1422764677857297,0.7078400871711322,0.2347385268965828,0.5573990973246069,0.1104854073964264,0.264791682329971,0.6944413064361553,,,-172.0371449925479,366.0742899850958,403.1513082945001
2026-06-07T23:12:21,51,22,510022,"ARX(1,1)",-172.0496320824475,366.099264164895,403.1762824742993,True,0,1.0051873058523455,0.0398425479555851,0.5824273478592249,0.2710286387244278,0.1480343649806539,0.7041019102208501,0.2322561370778501,0.5749027706148536,0.1088909271473353,0.2615880159172002,0.6997132486343414,,,-172.0496320824724,366.0992641649448,403.17628247434914
2026-06-07T23:14:42,51,23,510023,"ARX(1,1)",-172.03671143870116,366.0734228774023,403.15044118680663,True,0,0.939242120938268,0.0380624682522632,0.6007393750668818,0.2706418936362952,0.1373756108933773,0.7062093990936482,0.2355351821956861,0.5575782282063387,0.1092115874751621,0.2654210892412683,0.6956048234827861,,,-172.036711438956,366.073422877912,403.1504411873163
2026-06-07T23:16:23,51,24,510024,"ARX(1,1)",-171.31233013056772,364.62466026113543,401.70167857053974,True,0,0.0575639514585732,0.0012022013005034,0.9448495993076806,0.2565686690011539,0.0236464851514908,0.7428772387649709,0.313435507382357,0.4226502370135717,0.1231949393598559,0.2271141179308172,0.7482360566183526,,,-171.31233013062752,364.62466026125503,401.70167857065934
2026-06-07T23:18:34,51,25,510025,"ARX(1,1)",-172.03682518974156,366.0736503794831,403.15066868888744,True,0,0.9434107544704337,0.0373457769322975,0.5973539583522031,0.2698314241252183,0.1398634276003289,0.7074357398489276,0.2361341748626373,0.5566932211458543,0.109508168923747,0.2659203955704401,0.6944827628938164,,,-172.03682518884116,366.0736503776823,403.1506686870866
2026-06-07T23:20:34,51,26,510026,"ARX(1,1)",-171.3932870994376,364.7865741988752,401.8635925082795,True,0,0.0579471533586967,0.0253307060609171,0.945606322596292,0.2719875337246213,0.0236349855887445,0.7143682307472112,0.3160829404099555,0.5004412682773747,0.1207875689077758,0.2205075228049675,0.7616700035393281,,,-171.39328710511234,364.7865742102247,401.863592519629
2026-06-07T23:22:50,51,27,510027,"ARX(1,1)",-171.44641282165736,364.8928256433147,401.96984395271903,True,0,0.0581908649501903,0.0400596403301953,0.9475425107094684,0.2767999854731944,0.022175220497121,0.7017009901421599,0.3096705840545088,0.4845802535376348,0.1174181588466313,0.2328808659932234,0.747290226208693,,,-171.4464128198269,364.8928256396538,401.9698439490581
2026-06-07T23:24:32,51,28,510028,"ARX(1,1)",-172.03662542029872,366.07325084059744,403.15026915000175,True,0,0.9466700000801646,0.0378194298240655,0.5985615225881652,0.2694240613231089,0.1393597056334162,0.7076208181010197,0.2350249760728947,0.5572272787807944,0.1093881191136394,0.2657551844649569,0.6949687299618583,,,-172.03662542124903,366.07325084249806,403.1502691519024
2026-06-07T23:26:42,51,29,510029,"ARX(1,1)",-171.39213374061794,364.7842674812359,401.8612857906402,True,0,0.0571873631915097,0.0246565282385115,0.9459668762413778,0.2735308563195701,0.023560644449068,0.7131418653580576,0.3167880439559469,0.5018094463981352,0.1205952715257724,0.2200762744934616,0.7625061051559079,,,-171.3921337396951,364.7842674793902,401.8612857887945
2026-06-07T23:28:27,51,30,510030,"ARX(1,1)",-171.312328484727,364.624656969454,401.7016752788583,True,0,0.0575074878099412,0.0012787220384734,0.944871362465671,0.256779651359788,0.0236453238224559,0.7426310262061605,0.313586209506731,0.4227692574932596,0.1231071400165934,0.2271590293888439,0.748268762491212,,,-171.312328485308,364.624656970616,401.7016752800203
2026-06-07T23:30:21,51,31,510031,"ARX(1,1)",-172.03662429993983,366.07324859987966,403.15026690928397,True,0,0.934050901785906,0.0376982011773698,0.6022598545280348,0.269741518811571,0.1372075497788758,0.7073844768081514,0.2356630207594287,0.5547797091733058,0.1098819376546575,0.2657648768235344,0.6944426954615568,,,-172.03662429989367,366.07324859978735,403.15026690919166
2026-06-07T23:32:45,51,32,510032,"ARX(1,1)",-172.03646571037936,366.0729314207587,403.14994973016303,True,0,0.9439615081448678,0.0378566814830362,0.5990931084093138,0.2690768412107976,0.1386617492224807,0.7079111334300293,0.2353709430006667,0.5564300661444195,0.1101195019484391,0.2655819523548114,0.6943003521105809,,,-172.03646571058994,366.0729314211799,403.1499497305842
2026-06-07T23:34:32,51,33,510033,"ARX(1,1)",-172.03668438709178,366.07336877418356,403.1503870835879,True,0,0.9486776880029226,0.0381686252849512,0.5982455633859878,0.2673727622924895,0.1389206658503782,0.7094956650668894,0.2348363137345397,0.5548601286539085,0.1100163640727115,0.2658417264217882,0.693985017766487,,,-172.03668438145215,366.0733687629043,403.1503870723086
2026-06-07T23:36:17,51,34,510034,"ARX(1,1)",-171.41247049295998,364.82494098591997,401.9019592953243,True,0,0.0802522206919312,0.0001703206314559,0.9298922327244245,0.2536411925539434,0.0296786191010402,0.7462792312459958,0.3004698543420509,0.4276180510826663,0.1166162900365955,0.2302699451364795,0.7483356384854987,,,-171.4124704922499,364.8249409844998,401.9019592939041
2026-06-07T23:38:50,51,35,510035,"ARX(1,1)",-172.03658249048016,366.0731649809603,403.1501832903646,True,0,0.939103975533833,0.0381707030022452,0.6008499772751383,0.2695448426657333,0.137572445297583,0.707156354870136,0.2355314163928828,0.5575201675973037,0.1098103903450093,0.2662352638751105,0.6940006763822688,,,-172.03658247882083,366.07316495764167,403.150183267046
2026-06-07T23:41:39,51,36,510036,"ARX(1,1)",-172.03702356937765,366.0740471387553,403.1510654481596,True,0,0.9476773251532146,0.0380594017202201,0.5986268678428777,0.268269219787125,0.1384245282121656,0.7089541885310046,0.2347412376389377,0.5524706366844506,0.1097639934001941,0.2643332609678171,0.6953738821523702,,,-172.0370235700915,366.074047140183,403.1510654495873
2026-06-07T23:43:42,51,37,510037,"ARX(1,1)",-172.0370026492689,366.0740052985378,403.15102360794214,True,0,0.9584362726329057,0.038370716407131,0.5950058169237363,0.2672302696624655,0.140318689219009,0.7095267622695263,0.2346824625729555,0.5556339020354862,0.1097894655580643,0.2652459889380638,0.6949921614470663,,,-172.0370026476906,366.0740052953812,403.1510236047855
2026-06-07T23:45:53,51,38,510038,"ARX(1,1)",-171.46558670449508,364.93117340899016,402.00819171839447,True,0,0.0843321326197648,0.0326828188340302,0.9311405582057932,0.2425289799467706,0.0285894254383792,0.7413080819867862,0.2999676615488954,0.4841720081498806,0.1212813384391995,0.2464968587113048,0.7317219214876717,,,-171.46566675918018,364.9313335183604,402.0083518277647
2026-06-07T23:48:15,51,39,510039,"ARX(1,1)",-171.39408088419316,364.7881617683863,401.8651800777906,True,0,0.0579529127163514,0.0230781898829776,0.945282693079798,0.2742409157355965,0.0238339851701919,0.7132738542166202,0.317689876850489,0.4994344660087388,0.1205818291012756,0.2203895067931665,0.7632376887957812,,,-171.394080828859,364.788161657718,401.8651799671223
2026-06-07T23:50:17,51,40,510040,"ARX(1,1)",-171.31235143802377,364.62470287604754,401.70172118545185,True,0,0.0574127928514002,0.0015190773766445,0.9449728107495368,0.2561473995395024,0.0236079690918287,0.7431513875044656,0.3135124867047124,0.4230137444583973,0.1232608798300877,0.2270827200734368,0.748295381190665,,,-171.31235143680104,364.6247028736021,401.7017211830064
2026-06-07T22:25:56,52,1,520001,"ARX(1,1)",-171.31247288044318,364.62494576088636,401.70196407029067,True,0,0.0575533026247291,0.0024110296980146,0.9449367206558312,0.2574435766050946,0.023608054994013,0.7414418123634192,0.3134239994498722,0.4245707905848958,0.1230909364604768,0.2273298800988842,0.7482456509402,,,-171.31247288019966,364.6249457603993,401.7019640698037
2026-06-07T22:28:11,52,2,520002,"ARX(1,1)",-172.0404993984693,366.0809987969386,403.1580171063429,True,0,0.9867288583553442,0.0381453763499282,0.5873612603490257,0.2709371123497375,0.1445122599197896,0.7061105809668192,0.2329504533421055,0.5552753272702122,0.1096467491110269,0.2621300305563057,0.6981025296429022,,,-172.04049939854997,366.0809987971,403.15801710650425
2026-06-07T22:30:06,52,3,520003,"ARX(1,1)",-171.3140268249662,364.6280536499324,401.7050719593367,True,0,0.0571779603361328,0.0058917741742508,0.9456293511295302,0.2552244079304541,0.0232903096993929,0.7420328540056654,0.3125838463693462,0.4280845528583517,0.1239001700245866,0.2286106331261295,0.7464365205028988,,,-171.31402682497895,364.6280536499579,401.7050719593622
2026-06-07T22:31:39,52,4,520004,"ARX(1,1)",-172.07475814068286,366.1495162813657,403.22653459077003,True,0,1.0929482569031783,0.0420577634941367,0.5601356199194464,0.2656393210707167,0.1620794173523889,0.707829279447883,0.2277514063515204,0.5769810400145757,0.1127861664930103,0.2635479097525,0.6919310408607648,,,-172.0747581407066,366.1495162814132,403.2265345908175
2026-06-07T22:33:19,52,5,520005,"ARX(1,1)",-171.34515119865716,364.6903023973143,401.76732070671864,True,0,0.0588893191827438,0.0224124741250264,0.9454917179579856,0.254778476157059,0.0231323158558122,0.7342461202400463,0.312739698183308,0.4544864493381976,0.1209859240564044,0.230157990891653,0.7488200842722695,,,-171.3451511987123,364.6903023974246,401.7673207068289
2026-06-07T22:35:21,52,6,520006,"ARX(1,1)",-172.0376607593849,366.0753215187698,403.1523398281741,True,0,0.9695106581884988,0.0382197725512533,0.591694828487386,0.2690361729134955,0.1412107835566613,0.7076641334171391,0.2344217585410071,0.5573274081380442,0.1107094669158348,0.2648371548678488,0.6942957626829064,,,-172.03766075943437,366.0753215188688,403.15233982827306
2026-06-07T22:37:08,52,7,520007,"ARX(1,1)",-172.03676038048673,366.07352076097345,403.15053907037776,True,0,0.9470324728626311,0.0381378998350945,0.5975563482890066,0.2686429718010087,0.1384507986778904,0.7081126915019418,0.2358343237724762,0.5588047046717434,0.1107560777309903,0.2654726159089292,0.6938990506869059,,,-172.0367603814823,366.0735207629646,403.1505390723689
2026-06-07T22:39:35,52,8,520008,"ARX(1,1)",-172.03684425104973,366.07368850209946,403.15070681150377,True,0,0.94582232134127,0.0376479778792985,0.5992863591632904,0.2701554635024806,0.1382624960956656,0.7071294893460102,0.2348610622951336,0.5518605054753187,0.1098869494072632,0.2654259484173281,0.6946159413696621,,,-172.03684424429815,366.0736884885963,403.1507067980006
2026-06-07T22:45:30,52,9,520009,"ARX(1,1)",-171.31233236233876,364.62466472467753,401.70168303408184,True,0,0.0575685256746644,0.001412117574556,0.9448528747653652,0.25697236468497,0.0236480474743659,0.7423765614494634,0.3134782041770919,0.4228588457583353,0.1231379404760901,0.2270836377950204,0.7483480956697887,,,-171.31233236269085,364.6246647253817,401.701683034786
2026-06-07T22:47:24,52,10,520010,"ARX(1,1)",-172.03697900346805,366.0739580069361,403.1509763163404,True,0,0.958007584737149,0.0384659493912934,0.5945513288852882,0.2678147277248892,0.1406611605227625,0.7086248951434322,0.235008937342396,0.5584709890542152,0.1105027216349083,0.2650639140148951,0.6944563583995765,,,-172.03697900229974,366.0739580045995,403.1509763140038
2026-06-07T22:51:24,52,11,520011,"ARX(1,1)",-171.32714492921247,364.65428985842493,401.73130816782924,True,0,0.0585309147037004,0.0157754236118451,0.9457776407559184,0.2569283287016922,0.0230046894545791,0.7355965874193378,0.3103837472291119,0.439414394333771,0.1239108763103085,0.2331822339616812,0.7420471637165671,,,-171.32714492871418,364.6542898574284,401.7313081668327
2026-06-07T22:54:10,52,12,520012,"ARX(1,1)",-171.31234824105624,364.6246964821125,401.7017147915168,True,0,0.0574249863107005,0.0016069275741155,0.9449654164378956,0.2564192058449854,0.0236060519502189,0.7428384870477746,0.3135628464134832,0.4234261464944049,0.1231696858439627,0.2272407615459557,0.7482573437974706,,,-171.31234824215304,364.62469648430607,401.7017147937104
2026-06-07T22:55:53,52,13,520013,"ARX(1,1)",-171.35896223181697,364.71792446363395,401.79494277303826,True,0,0.0645182588779289,0.0209878271594237,0.9422567180823396,0.265227875422858,0.0241562407385221,0.7244622009102727,0.3057964808850297,0.4566655270397374,0.1247822637337514,0.2305431781905251,0.7404801777970386,,,-171.3589620321601,364.7179240643202,401.7949423737245
2026-06-07T22:57:15,52,14,520014,"ARX(1,1)",-172.03690836472634,366.0738167294527,403.150835038857,True,0,0.9563969844836632,0.0377377553499368,0.5943330874979865,0.2683520240218686,0.1412312233575841,0.7087189338333584,0.2353428802553051,0.5576962778353883,0.1109095079454829,0.265316278727021,0.6935575960534186,,,-172.03690836351456,366.0738167270291,403.1508350364334
2026-06-07T22:59:28,52,15,520015,"ARX(1,1)",-172.03650644318805,366.0730128863761,403.1500311957804,True,0,0.9383603843952432,0.0377440020714885,0.600972842138689,0.2692501614330167,0.1376280082162636,0.7077621762454817,0.2355496753117502,0.5564350842382486,0.1100281646905274,0.2659641056288443,0.694101620942735,,,-172.03650644318213,366.07301288636427,403.1500311957686
2026-06-07T23:04:13,52,17,520017,"ARX(1,1)",-171.31232977731156,364.6246595546231,401.70167786402743,True,0,0.0574758892603382,0.0011317422973195,0.9448724366292004,0.2569196703327113,0.0236520927457889,0.7425588962848801,0.3136203760999699,0.4227948807018981,0.1230820635356669,0.2268847616647898,0.7486488521706361,,,-171.31232977749193,364.6246595549839,401.70167786438816
2026-06-07T23:06:09,52,18,520018,"ARX(1,1)",-171.31668931006382,364.63337862012764,401.71039692953195,True,0,0.0550480449573364,0.0041195672506448,0.9465199490242288,0.2523042227782557,0.0231834681069778,0.7457851421435261,0.3155679357763619,0.4274331476014728,0.1236303425830672,0.2230640093901779,0.7532124242516065,,,-171.31668930893392,364.63337861786783,401.71039692727214
2026-06-07T23:08:03,52,19,520019,"ARX(1,1)",-171.3669158451503,364.7338316903006,401.8108499997049,True,0,0.067559331511291,0.0004258303163254,0.9390304818376212,0.2647265008733924,0.0251961401362227,0.7350916277038099,0.305922983148036,0.3959291830474521,0.1203173504569244,0.2319844938378678,0.7428782982602589,,,-171.3669184952825,364.733836990565,401.8108552999693
2026-06-07T23:09:16,52,20,520020,"ARX(1,1)",-171.31538928749592,364.63077857499184,401.70779688439615,True,0,0.0582345691107626,0.0076766464633592,0.94518178574156,0.2578111196431785,0.0233562915884711,0.7386129801368146,0.3111971925528081,0.4291783671638107,0.1233734995358558,0.2295647194289582,0.7456406484123755,,,-171.3153892876424,364.6307785752848,401.7077968846891
2026-06-07T23:11:09,52,21,520021,"ARX(1,1)",-171.3123428889383,364.6246857778766,401.7017040872809,True,0,0.0574198577838241,0.0014949660777767,0.9449621849832708,0.2563605290516509,0.0236012252081485,0.7429498241156903,0.3136043984099949,0.423118599582083,0.1232066977078147,0.227175222500487,0.7482699964117051,,,-171.31234288814795,364.6246857762959,401.7017040857002
2026-06-07T23:12:30,52,22,520022,"ARX(1,1)",-172.03649641149568,366.07299282299135,403.15001113239566,True,0,0.9415620083353432,0.0380533574321863,0.5997829333915912,0.2693182632568021,0.1385635960948779,0.7075612573309371,0.2354883442703128,0.556552665071854,0.1101601211363026,0.265634708058745,0.694196205567434,,,-172.0364964114603,366.0729928229206,403.1500111323249
2026-06-07T23:14:46,52,23,520023,"ARX(1,1)",-171.3412847718148,364.6825695436296,401.7595878530339,True,0,0.05961324162801,0.021881782685801,0.9459300825509086,0.25800393028412,0.0226993080589779,0.7315722460340434,0.3064597779957949,0.4428224546838397,0.1214861745179816,0.2327393123722892,0.7448133367914358,,,-171.3412847770274,364.6825695540548,401.7595878634591
2026-06-07T23:16:29,52,24,520024,"ARX(1,1)",-172.03704710930685,366.0740942186137,403.151112528018,True,0,0.9606952549332508,0.0379778353951398,0.5933306166273054,0.2677788608495945,0.1413033598089795,0.7090767726702204,0.2349977313337251,0.5570791975145662,0.1103580674455478,0.2657775611872476,0.6937042058579423,,,-172.03704711313566,366.0740942262713,403.1511125356756
2026-06-07T23:18:37,52,25,520025,"ARX(1,1)",-171.3220700042358,364.6441400084716,401.7211583178759,True,0,0.0597318870117701,0.006657607374486,0.9433768973087492,0.2632836869255012,0.0241924910122387,0.7335630286352217,0.3145893876737466,0.4374275549291885,0.1203731062102716,0.2280622852915191,0.7513257704016877,,,-171.3220699912602,364.6441399825204,401.7211582919247
2026-06-07T23:20:24,52,26,520026,"ARX(1,1)",-172.0364617833623,366.0729235667246,403.14994187612893,True,0,0.9426462814315194,0.0377644998043973,0.5995467574807904,0.2690831314049725,0.1384404632960901,0.7079722152580342,0.2353906773963353,0.5561365034541649,0.1101068915218037,0.2656962527606648,0.694206303253721,,,-172.0364617837463,366.0729235674926,403.1499418768969
2026-06-07T23:22:02,52,27,520027,"ARX(1,1)",-171.373859159627,364.747718319254,401.8247366286583,True,0,0.0589695223782791,0.0302340527851962,0.9465456190557456,0.2630952303150223,0.0225640712688181,0.7218622207599852,0.3085339171297512,0.4671708255920942,0.1185371761041801,0.2309925246869165,0.7507352090820406,,,-171.373859170576,364.747718341152,401.8247366505563
2026-06-07T23:23:30,52,28,520028,"ARX(1,1)",-171.41706397780095,364.8341279556019,401.9111462650062,True,0,0.0796276461383094,0.0201334554983089,0.9327349891443356,0.2416600809719289,0.0281708379702061,0.7482063258464744,0.2998616039998155,0.4644212977941955,0.1231137776968873,0.242149113543173,0.7305574936364052,,,-171.41706397790847,364.83412795581694,401.9111462652213
2026-06-07T23:25:29,52,29,520029,"ARX(1,1)",-172.03713847154253,366.07427694308507,403.1512952524894,True,0,0.9538007370769104,0.0371798997127613,0.5955240243159594,0.2683498114448178,0.1403338609818624,0.7090603274826389,0.2352771629364712,0.5569047585719644,0.1115437061788175,0.2669823458106317,0.6911374167559788,,,-172.03713844960126,366.0742768992025,403.1512952086068
2026-06-07T23:28:00,52,30,520030,"ARX(1,1)",-172.03646285443807,366.07292570887614,403.14994401828045,True,0,0.9421486445120903,0.0377562485583845,0.5996512613813613,0.2691703554156201,0.1384079358019455,0.7078948730573147,0.2354313434916392,0.5559869416830112,0.1100951041625599,0.2656784039813973,0.6942469554936441,,,-172.03646285442522,366.0729257088505,403.1499440182548
2026-06-07T23:30:09,52,31,520031,"ARX(1,1)",-172.03673887713,366.07347775426,403.1504960636643,True,0,0.9480530077033288,0.0387767313936537,0.5987763891620219,0.2685235908330335,0.1389961526757757,0.7077353466631252,0.2348042632618539,0.5562854273504386,0.1098253900619501,0.2657140390453736,0.6941594847762036,,,-172.0367388868234,366.0734777736468,403.1504960830511
2026-06-07T23:31:45,52,32,520032,"ARX(1,1)",-171.31384097642353,364.62768195284707,401.7047002622514,True,0,0.0569901172967328,0.0029295711675876,0.94551400602139,0.2532712126762036,0.0233696120293789,0.7453702098423212,0.3131112834173636,0.4246888166492899,0.1250643042324553,0.228886719517156,0.7443383501371694,,,-171.3138409766072,364.6276819532144,401.7047002626187
2026-06-07T23:34:05,52,33,520033,"ARX(1,1)",-172.03650124833496,366.0730024966699,403.1500208060742,True,0,0.9388582183746944,0.0378690818221955,0.6007110960456985,0.2689432768783559,0.1378543796205379,0.7080239980158258,0.2355774604724434,0.5566182170473304,0.1099571780511789,0.2656053574453844,0.6945575175730444,,,-172.03650124834508,366.07300249669015,403.15002080609446
2026-06-07T23:36:20,52,34,520034,"ARX(1,1)",-172.03943879985292,366.07887759970583,403.15589590911014,True,0,0.9812789803199272,0.0385490037922549,0.5881820876953976,0.2641574745671818,0.1427075454563496,0.7125289336704059,0.2338841273324443,0.553515718142142,0.1110789419945967,0.2656088324510675,0.6927872134020602,,,-172.03943880008984,366.0788776001797,403.155895909584
2026-06-07T23:38:15,52,35,520035,"ARX(1,1)",-172.0366380474989,366.0732760949978,403.15029440440213,True,0,0.935426591672882,0.0376047413938518,0.6017591845943875,0.2703726907379989,0.137350720949202,0.7068390065722486,0.2356625401781052,0.5545020476301878,0.1100179707232175,0.2655411017818767,0.6944710728531779,,,-172.03663804718926,366.0732760943785,403.1502944037828
2026-06-07T23:39:37,52,36,520036,"ARX(1,1)",-172.03801378369099,366.07602756738197,403.1530458767863,True,0,0.9706734108367606,0.0383714247609038,0.5906594328662992,0.2676013832766672,0.1430098715535364,0.708938915961122,0.2344574255574645,0.5607061172239236,0.1105862752846909,0.2655920101970246,0.6934478403939475,,,-172.03801378392637,366.0760275678528,403.15304587725706
2026-06-07T23:41:34,52,37,520037,"ARX(1,1)",-171.39212432338303,364.78424864676606,401.86126695617037,True,0,0.0572372643194964,0.02476167596588,0.9459690441234594,0.2733978784482802,0.02355390024432,0.71320771426948,0.3166666168709426,0.5018840858745189,0.1208099000629748,0.2202492962509216,0.7620625034783035,,,-171.39212432304888,364.78424864609775,401.86126695550206
2026-06-07T23:43:31,52,38,520038,"ARX(1,1)",-171.44294883620802,364.88589767241604,401.96291598182034,True,0,0.0539331879989109,0.0001245719483657,0.9487846269126724,0.2235411806249161,0.0219492468775443,0.7764031524732313,0.3109992093704486,0.4000774395629138,0.135667907189783,0.2453972104832535,0.7140587005287803,,,-171.4429488356929,364.8858976713858,401.9629159807901
2026-06-07T23:45:11,52,39,520039,"ARX(1,1)",-172.03686179786246,366.0737235957249,403.1507419051292,True,0,0.95169512449354,0.0379187519517918,0.5973347867669321,0.2705993563009931,0.1400592609396445,0.7062933146203269,0.2346872258142773,0.5584774393457713,0.109635783923209,0.2651268547626008,0.6952163503046609,,,-172.0368617979264,366.0737235958528,403.1507419052571
2026-06-07T23:46:45,52,40,520040,"ARX(1,1)",-172.03658033211755,366.0731606642351,403.1501789736394,True,0,0.9508350945241796,0.0378765825966985,0.5969383705172837,0.26936970264521,0.1398911593641315,0.7076403128333124,0.2350716078796699,0.556043120772123,0.1104143423628329,0.2655713407093143,0.6938752016190604,,,-172.03658032362318,366.0731606472464,403.1501789566507
2026-06-07T22:29:57,53,1,530001,"ARX(1,1)",-171.3709760791233,364.7419521582466,401.8189704676509,True,0,0.0576957041496992,0.0197495370341534,0.9453956080041912,0.2715076213639212,0.0236612265535327,0.7183559924226277,0.3163724084389718,0.4767071752468791,0.1206023902053046,0.2268401986975243,0.7540765773687148,,,-171.3709760860321,364.7419521720642,401.8189704814685
2026-06-07T22:31:27,53,2,530002,"ARX(1,1)",-171.32091171647966,364.6418234329593,401.7188417423636,True,0,0.0522318114562104,0.0023861039500278,0.9484270618723426,0.2519191807339327,0.022686801090946,0.7469816588749566,0.3165331472407419,0.4247050729466447,0.1251453069271737,0.2256550626197547,0.7489076471572009,,,-171.3209117417374,364.6418234834748,401.7188417928791
2026-06-07T22:33:53,53,3,530003,"ARX(1,1)",-171.31574749224188,364.63149498448377,401.7085132938881,True,0,0.0571248950658113,0.0040580360554138,0.945058566184848,0.2582725816520294,0.0236827247416113,0.7398148721745935,0.3149903175048441,0.4327684093891589,0.1225402472859719,0.2259677990923288,0.7513573576554617,,,-171.3157474932227,364.6314949864454,401.7085132958497
2026-06-07T22:35:31,53,4,530004,"ARX(1,1)",-172.03670200725347,366.07340401450693,403.15042232391124,True,0,0.9461646975761132,0.0375836408204727,0.5979728529181385,0.2685010970130342,0.13942525544335,0.7086377249690494,0.2353066865008516,0.5531770232615766,0.1104934785254277,0.2654676957983242,0.6938573594111033,,,-172.03670200588647,366.07340401177294,403.1504223211773
2026-06-07T22:37:17,53,5,530005,"ARX(1,1)",-172.03668493732619,366.07336987465237,403.1503881840567,True,0,0.9373762395497142,0.0378985798245748,0.6019333813379628,0.2704774339549709,0.1371572910418344,0.7064764808061825,0.2352989995979843,0.5574582133078335,0.1095353476887689,0.2653096040529676,0.6953495550440615,,,-172.03668492752882,366.0733698550577,403.150388164462
2026-06-07T22:39:48,53,6,530006,"ARX(1,1)",-87.61403706040045,197.2280741208009,234.30509243020518,True,0,6.5899616104805565,0.0631023960525101,0.8647985266527455,0.2567530148625989,0.0283218199810331,0.7413665316780027,0.046912966015604,0.4326182716881291,0.1126771733800747,0.2352118221489509,0.6267058758115837,,,-87.61403706040275,197.2280741208055,234.30509243020975
2026-06-07T22:41:21,53,7,530007,"ARX(1,1)",-172.03716570261605,366.0743314052321,403.1513497146364,True,0,0.9614137491582818,0.03808257377789,0.593578930686512,0.270276849302647,0.1416631922309897,0.706571119895868,0.2346940291112245,0.5574440310757561,0.1103005627069423,0.2655908572446297,0.6939377802819455,,,-172.03716570316362,366.0743314063273,403.1513497157316
2026-06-07T22:43:03,53,8,530008,"ARX(1,1)",-171.34371545363007,364.68743090726014,401.76444921666445,True,0,0.0593522471685053,0.0150754202431671,0.9445135473938124,0.2692120266151429,0.0237482105591437,0.7233737236985432,0.3130136775506273,0.4553447176620742,0.1203589788020451,0.229664838835974,0.7512381648899898,,,-171.34371545051752,364.68743090103504,401.76444921043935
2026-06-07T22:44:52,53,9,530009,"ARX(1,1)",-171.3123274693712,364.6246549387424,401.70167324814673,True,0,0.0574497471466528,0.0011792821855077,0.94490527724862,0.2565666954259086,0.0236364484784215,0.7428897728135585,0.3135916000612573,0.4225923287513141,0.1232042686772744,0.2269723441931127,0.7483791872792801,,,-171.31232746957988,364.62465493915977,401.7016732485641
2026-06-07T22:46:51,53,10,530010,"ARX(1,1)",-172.03658214323764,366.0731642864753,403.1501825958796,True,0,0.9472527491585012,0.0379621511397864,0.5982446010794261,0.2686288999787638,0.1392444075891123,0.7085707397251847,0.2351017703331656,0.556017518671118,0.1100728876312958,0.265608121999333,0.694298158917195,,,-172.03658213007847,366.07316426015694,403.15018256956125
2026-06-07T22:48:56,53,11,530011,"ARX(1,1)",-171.3984791329866,364.7969582659732,401.8739765753775,True,0,0.0573675669547812,0.0242181244663834,0.9457294814738022,0.2814338797782653,0.0236465640921143,0.7056561121486956,0.3157121940342984,0.4969918475109348,0.118084208461876,0.2169437967816559,0.767268646297926,,,-171.3984791119309,364.7969582238618,401.8739765332661
2026-06-07T22:51:26,53,12,530012,"ARX(1,1)",-172.0373449485349,366.0746898970698,403.1517082064741,True,0,0.9607162767601176,0.037063043576107,0.5937859327149184,0.2675558516650907,0.1403878767740178,0.7100732499145942,0.2346916600341833,0.5528536614316816,0.1107729902672996,0.2648947116461046,0.6939879087108135,,,-172.03734494707163,366.07468989414326,403.1517082035476
2026-06-07T22:52:56,53,13,530013,"ARX(1,1)",-171.43296822861691,364.86593645723383,401.94295476663814,True,0,0.0577769691108029,0.0373424009424588,0.9484609035285242,0.2622096339074923,0.0217703212389517,0.7186743324911312,0.3026630204183064,0.4890306365855616,0.1222165726440726,0.2278391890709826,0.7506125316043327,,,-171.43296827831483,364.86593655662966,401.942954866034
2026-06-07T22:54:50,53,14,530014,"ARX(1,1)",-172.03646701650715,366.0729340330143,403.1499523424186,True,0,0.941175619493124,0.0377450353697305,0.5999187152026161,0.2690710425936082,0.1382109623669385,0.7080003441919149,0.2354912224550866,0.55593861127348,0.1101030515187676,0.2656978743101127,0.6942120198380337,,,-172.036467016507,366.072934033014,403.1499523424183
2026-06-07T22:56:39,53,15,530015,"ARX(1,1)",-172.03688398076255,366.0737679615251,403.1507862709294,True,0,0.950222264018644,0.0378834586622167,0.5961911390444998,0.2701748372879441,0.1400982464642417,0.7067397980545456,0.235402500036847,0.5569420267139856,0.1090504536167998,0.2657942314189159,0.6952465071411215,,,-172.03688398090412,366.0737679618082,403.15078627121255
2026-06-07T22:59:29,53,16,530016,"ARX(1,1)",-171.3123273648411,364.6246547296822,401.70167303908653,True,0,0.0574519226004865,0.0012516460430242,0.9449035945306408,0.2566972520692461,0.0236398271239503,0.7427254926954426,0.3136307442561168,0.4229682054796315,0.1231272531937231,0.2270057955741535,0.7485175550939481,,,-171.31232736415913,364.6246547283183,401.70167303772257
2026-06-07T23:01:46,53,17,530017,"ARX(1,1)",-171.31543306104044,364.6308661220809,401.7078844314852,True,0,0.0592790735170041,0.000238314957576,0.9437374458018752,0.2573334716065144,0.0239942744590272,0.7425574117618859,0.3124392176691501,0.419571009626811,0.1257348083090319,0.2286530335165116,0.7425786133091388,,,-171.31543306105084,364.6308661221017,401.707884431506
2026-06-07T23:03:39,53,18,530018,"ARX(1,1)",-172.0368726250273,366.0737452500546,403.15076355945894,True,0,0.938685478890764,0.0383178295211665,0.6009453754376479,0.2710280530697967,0.1373734698797323,0.7056369369398378,0.2358295432105867,0.5581435945991512,0.1100659928017854,0.2665947335130408,0.6935654832849734,,,-172.03687262525648,366.07374525051296,403.15076355991727
2026-06-07T23:05:31,53,19,530019,"ARX(1,1)",-172.03651037987754,366.0730207597551,403.1500390691594,True,0,0.9449692295713118,0.0377880364627763,0.5986742981093389,0.2687287614633055,0.1385641854010608,0.708362398648304,0.2353872125967642,0.5548641748522547,0.1099518828631656,0.2655423956805546,0.694471272692898,,,-172.03651037988698,366.073020759774,403.1500390691783
2026-06-07T23:08:05,53,20,530020,"ARX(1,1)",-172.0370902413501,366.0741804827002,403.15119879210454,True,0,0.9537322291084408,0.0380500244901293,0.5956798179632602,0.2660069082085243,0.1409792771878835,0.7110199986597817,0.2351104943412492,0.5579350933653181,0.1104827871419995,0.2647769442432832,0.6946071198942773,,,-172.0370902422328,366.0741804844656,403.1511987938699
2026-06-07T23:10:30,53,21,530021,"ARX(1,1)",-171.312724517812,364.625449035624,401.7024673450283,True,0,0.0574558897531412,0.003263798101169,0.9450670535749044,0.2565813650028468,0.0235562587390638,0.7419035684588223,0.3135856523346695,0.4261518112948293,0.1232739297479663,0.2278972712377882,0.7476709115956961,,,-171.312724517638,364.625449035276,401.7024673446803
2026-06-07T23:12:46,53,22,530022,"ARX(1,1)",-171.3294557401064,364.6589114802128,401.7359297896171,True,0,0.0609091640834882,0.0006035444041731,0.94369145060477,0.2549411997857527,0.0235426347280794,0.744782933814027,0.3062635765907829,0.4141886818155886,0.1233812181718499,0.2369408452363137,0.734932833786217,,,-171.329455740002,364.658911480004,401.7359297894083
2026-06-07T23:14:38,53,23,530023,"ARX(1,1)",-172.03646334140294,366.07292668280587,403.1499449922102,True,0,0.9419420180879416,0.0377654672643612,0.5997247215611189,0.2691169908108228,0.1383455703955562,0.7079308890086818,0.2354400290115111,0.5561454749497793,0.1100673379505229,0.2656663338490412,0.6942968554696709,,,-172.0364633414673,366.0729266829346,403.1499449923389
2026-06-07T23:20:53,53,24,530024,"ARX(1,1)",-172.03646284190725,366.0729256838145,403.1499439932188,True,0,0.9430254749295232,0.0377638297917832,0.5993705509023212,0.2690920430555475,0.1383950091567358,0.7079538213525759,0.2354355607264454,0.5559946845571748,0.110080056890826,0.2656335585830507,0.6943255844888443,,,-172.0364628419223,366.0729256838446,403.1499439932489
2026-06-07T23:22:28,53,25,530025,"ARX(1,1)",-172.0364689630173,366.0729379260346,403.14995623543894,True,0,0.9410104443237296,0.0377570021524384,0.5999580831570791,0.269082961231556,0.1382327175553222,0.707981770540502,0.2354873116032144,0.5560076161871624,0.1099933804540885,0.2656701644560476,0.6943596222140257,,,-172.03646896308993,366.0729379261799,403.14995623558417
2026-06-07T23:23:46,53,26,530026,"ARX(1,1)",-172.03671935193606,366.0734387038721,403.1504570132764,True,0,0.9504815868656934,0.0373218129194714,0.5966178819606893,0.2702953214410992,0.1395263852202313,0.7070977312857228,0.2352993237792744,0.5543414873945454,0.1102092869209186,0.2655363962478535,0.6942837626669092,,,-172.0367193536975,366.073438707395,403.1504570167993
2026-06-07T23:25:33,53,27,530027,"ARX(1,1)",-171.3123832178166,364.6247664356332,401.7017847450375,True,0,0.0575258560762925,0.0007415808683049,0.944842398515538,0.2569402879149136,0.0236537518053037,0.7427188657898804,0.3134226639351772,0.4214496435029616,0.1231408300166243,0.2268215879439311,0.7484819331417079,,,-171.31238321874304,364.6247664374861,401.7017847468904
2026-06-07T23:27:06,53,28,530028,"ARX(1,1)",-172.03687969291894,366.0737593858379,403.1507776952422,True,0,0.934856532872826,0.0376570167262938,0.6024772754858917,0.2697469599334683,0.1370749217065211,0.707390692345174,0.2353765330467912,0.5576919588654033,0.1090385913722421,0.2648346967038477,0.696486060908164,,,-172.03687969619182,366.0737593923837,403.150777701788
2026-06-07T23:28:38,53,29,530029,"ARX(1,1)",-171.46742618044166,364.9348523608833,402.01187067028764,True,0,0.0702172008405088,0.0243650335686058,0.9395387148790432,0.2414522393841053,0.0247467667495563,0.7469547302555074,0.3101129078782482,0.4485195287638657,0.1405297844399821,0.2528398766199001,0.7038541489095687,,,-171.46742614996705,364.9348522999341,402.0118706093384
2026-06-07T23:30:23,53,30,530030,"ARX(1,1)",-171.3221541319884,364.6443082639768,401.72132657338113,True,0,0.0571564800726879,0.0120702371898118,0.9462492429041512,0.2522171822801986,0.0229799168725759,0.7420553083425029,0.3116386114222309,0.4377438765006093,0.1251570368790572,0.2298625172493919,0.7444903077861308,,,-171.32215413341373,364.64430826682747,401.7213265762318
2026-06-07T23:32:20,53,31,530031,"ARX(1,1)",-171.38044109393036,364.7608821878607,401.837900497265,True,0,0.0578191013087071,0.0237053893904404,0.946760266815968,0.2698228784442874,0.0228919285579126,0.7182352275131363,0.312238781421016,0.4644668465882919,0.1290619294935059,0.2365616425718664,0.7349518787114412,,,-171.3804410997153,364.7608821994306,401.8379005088349
2026-06-07T23:34:08,53,32,530032,"ARX(1,1)",-171.52918932264853,365.05837864529707,402.1353969547014,True,0,0.0759993966209702,0.0329896904916246,0.9344576920408516,0.2332645616432674,0.0281880600006353,0.748157353314476,0.3077460620114225,0.5264659402206001,0.1158557117788897,0.2331601403504892,0.7536160371820146,,,-171.52918932242017,365.05837864484033,402.13539695424464
2026-06-07T23:39:59,53,34,530034,"ARX(1,1)",-171.31235812094314,364.6247162418863,401.7017345512906,True,0,0.0575494755734676,0.0007545485565749,0.9448262745708104,0.2568346528368554,0.0236596813740206,0.7428182965725795,0.3135046259367275,0.4217095942443381,0.1231616169884022,0.2271802599689603,0.748149165232071,,,-171.3123581208561,364.6247162417122,401.7017345511165
2026-06-07T23:41:38,53,35,530035,"ARX(1,1)",-172.03646267186377,366.07292534372755,403.14994365313186,True,0,0.942408501273568,0.0377565706766346,0.5995509557064282,0.2690181451877802,0.1383992500856294,0.7080413456654683,0.2354455079572244,0.5560959551868023,0.1101774580815896,0.2657060981172555,0.6941105571991448,,,-172.03646267181756,366.0729253436351,403.1499436530394
2026-06-07T23:43:43,53,36,530036,"ARX(1,1)",-171.3482134750804,364.6964269501608,401.7734452595651,True,0,0.057297969322541,0.0068306818752055,0.9463999987958848,0.237327775005874,0.0227597146454444,0.7595145744926205,0.3091120759492044,0.4213011375297845,0.1310917259608576,0.2351608462677271,0.7294483569428067,,,-171.34821348790496,364.6964269758099,401.7734452852142
2026-06-07T23:46:48,53,37,530037,"ARX(1,1)",-171.35485794171473,364.70971588342945,401.78673419283376,True,0,0.057482402192315,0.0180022163184202,0.945747205742689,0.2624057938958233,0.023368349419683,0.7285033958542785,0.3138301992078451,0.4681270906260658,0.1194989928659396,0.2258201797780589,0.7562992946142665,,,-171.35485789902015,364.7097157980403,401.7867341074446
2026-06-07T23:48:33,53,38,530038,"ARX(1,1)",-172.0366290847441,366.0732581694882,403.1502764788925,True,0,0.9505349817187142,0.0377099189259246,0.597553981279895,0.2686481445009165,0.1394754705853967,0.7084702743546198,0.2349203768038962,0.5545160825384298,0.1105108770315017,0.2652214202498176,0.6943729550770688,,,-172.03662907735628,366.07325815471256,403.15027646411687
2026-06-07T23:50:39,53,39,530039,"ARX(1,1)",-172.03658424959144,366.0731684991829,403.1501868085872,True,0,0.9363998295159895,0.0375847754456492,0.601512400676322,0.2690303890097679,0.1377131061530243,0.7082180633806738,0.2355609653270233,0.5547549690502028,0.1100231224114371,0.2653396213621669,0.6947058673893174,,,-172.03658425190497,366.07316850380994,403.1501868132143
2026-06-07T23:52:20,53,40,530040,"ARX(1,1)",-172.0392316970318,366.0784633940636,403.1554817034679,True,0,0.9602810998000808,0.037541872111577,0.5959062229569716,0.2683592015206638,0.1382124914992261,0.7093568142024762,0.2341488576042369,0.5455314024136685,0.1115537487124062,0.2644314195171799,0.6935769300709062,,,-172.03923169717692,366.0784633943538,403.1554817037581
2026-06-07T22:28:36,54,1,540001,"ARX(1,1)",-172.03878890945487,366.07757781890973,403.15459612831404,True,0,0.9245897599127336,0.0386521757571888,0.6068636337168682,0.2659605681974043,0.1317349532039188,0.710386126534362,0.2363774532058341,0.5584802434019924,0.1105524916350591,0.2677701229610204,0.6921537928786372,,,-172.03878890888043,366.07757781776087,403.1545961271652
2026-06-07T22:31:09,54,2,540002,"ARX(1,1)",-172.0364617261589,366.0729234523178,403.1499417617221,True,0,0.9433144619796237,0.0377730937960253,0.5993373791685059,0.2690525813870986,0.1385042142527793,0.7079938367235508,0.2353708041217193,0.5560389262252106,0.11017037332799,0.2656933700812924,0.6941296429969682,,,-172.03646172617567,366.07292345235135,403.14994176175566
2026-06-07T22:32:42,54,3,540003,"ARX(1,1)",-172.0369191902531,366.0738383805062,403.1508566899105,True,0,0.926619109425816,0.0375675180642202,0.6042191267546585,0.2696310565698441,0.1363942039512419,0.7075531991468647,0.2361504627341654,0.5559672507381617,0.1101136534078488,0.2660481053361079,0.6939851229848912,,,-172.03691918295038,366.0738383659008,403.1508566753051
2026-06-07T22:34:41,54,4,540004,"ARX(1,1)",-172.03673316880523,366.07346633761045,403.15048464701476,True,0,0.9315292622829664,0.0377037985889929,0.602742769691191,0.2686086615443136,0.1368439649963631,0.7084711764735999,0.2359795833576422,0.5568838712823944,0.1099758323914123,0.2664397027237161,0.6936979347696489,,,-172.03673316244772,366.0734663248954,403.1504846342997
2026-06-07T22:41:01,54,5,540005,"ARX(1,1)",-172.03675008130483,366.07350016260966,403.15051847201397,True,0,0.9544339676664104,0.0378690344311454,0.5958934749709434,0.2696589072800884,0.1409594358328109,0.7072942311521482,0.2348171134216889,0.5566130253386488,0.1104571745931424,0.2652315174210538,0.694125327723817,,,-172.03675008158763,366.07350016317525,403.1505184725796
2026-06-07T22:45:01,54,7,540007,"ARX(1,1)",-171.4325039547742,364.8650079095484,401.9420262189527,True,0,0.0458558098406137,0.0302537100720207,0.9541884509367174,0.2500355700632408,0.0208256803801693,0.7352060708370215,0.3168551733658163,0.4621377121453333,0.1242737602718471,0.2113104888308548,0.7655762392412706,,,-171.43250395478367,364.86500790956734,401.9420262189717
2026-06-07T22:46:35,54,8,540008,"ARX(1,1)",-171.31233122142675,364.6246624428535,401.7016807522578,True,0,0.0575575351448807,0.001338444625933,0.9448367758702068,0.2566497803001358,0.0236633087185557,0.7427337407515816,0.3135923486374635,0.4228197910185314,0.1231280490476273,0.2270682410780845,0.7484334622749573,,,-171.31233122176545,364.6246624435309,401.7016807529352
2026-06-07T22:48:51,54,9,540009,"ARX(1,1)",-171.31354570020125,364.6270914004025,401.7041097098068,True,0,0.057995841553838,0.0030306306758573,0.9447749203501408,0.2595452724821303,0.0236352050198921,0.739063969341994,0.3125939065818346,0.4228133011179749,0.123372291083012,0.226361830389598,0.7487706996347968,,,-171.3135457003541,364.6270914007082,401.7041097101125
2026-06-07T22:50:27,54,10,540010,"ARX(1,1)",-172.03648973549716,366.0729794709943,403.1499977803986,True,0,0.9394264066541032,0.0377999812967974,0.6005742222641843,0.2695520022271283,0.138028251956925,0.7074755208188668,0.235487358600054,0.5561288840841556,0.1099209890606541,0.2657300765703445,0.694409837277649,,,-172.03648973567243,366.07297947134487,403.1499977807492
2026-06-07T22:52:11,54,11,540011,"ARX(1,1)",-172.0364612510158,366.0729225020316,403.1499408114359,True,0,0.9427833577377362,0.0377826058099205,0.5995020914076223,0.2690239308173356,0.1383887406471137,0.7080212764517478,0.2354064767126478,0.5560272286533822,0.1101287592746628,0.2656328186430911,0.694260341900361,,,-172.03646125094048,366.07292250188095,403.14994081128526
2026-06-07T22:54:00,54,12,540012,"ARX(1,1)",-172.0364631150213,366.0729262300426,403.1499445394469,True,0,0.9435776239707372,0.0377350034768079,0.599146899318668,0.2690585929248646,0.1385710585358815,0.7080175508730695,0.2354125894213501,0.5560062514908783,0.1101433878107233,0.2657181501858953,0.6941319836914294,,,-172.03646311500466,366.0729262300093,403.1499445394136
2026-06-07T22:56:10,54,13,540013,"ARX(1,1)",-171.31235479794594,364.6247095958919,401.7017279052962,True,0,0.0575083872215586,0.0016255599944229,0.9449126822548872,0.2562654169829328,0.0236238333079124,0.7429853495845579,0.3135356606659711,0.4231471327173867,0.1233811412065198,0.2271646118662318,0.7480755451174779,,,-171.31235479828456,364.6247095965691,401.7017279059734
2026-06-07T22:58:40,54,14,540014,"ARX(1,1)",-172.0366107695957,366.0732215391914,403.15023984859573,True,0,0.9495907693511108,0.0378963691521598,0.5977287593343436,0.2692247819180174,0.1389214478839369,0.7077569827223975,0.2350643440482763,0.5552677300000125,0.1102217539715406,0.2647865098223423,0.6951025890895364,,,-172.0366107504837,366.0732215009674,403.1502398103717
2026-06-07T23:00:49,54,15,540015,"ARX(1,1)",-172.03755056513722,366.07510113027445,403.15211943967876,True,0,0.9687312857684106,0.038201425336839,0.5917937067045019,0.2688658436131372,0.1425529177829332,0.7079860164172811,0.2342935693408027,0.556011287823926,0.110731095618913,0.2647859816649395,0.6943373250677217,,,-172.03755056489686,366.0751011297937,403.152119439198
2026-06-07T23:02:32,54,16,540016,"ARX(1,1)",-172.03685609289988,366.07371218579976,403.1507304952041,True,0,0.9542625785164948,0.0384070013141864,0.5971447983918564,0.2689011764121958,0.1390598456731802,0.7078398147435017,0.2345551874138037,0.5550762638673076,0.1100175710991534,0.2644963992396769,0.6953921225147933,,,-172.0368560966848,366.0737121933696,403.1507305027739
2026-06-07T23:04:24,54,17,540017,"ARX(1,1)",-171.314985992542,364.629971985084,401.7069902944883,True,0,0.0576971385003129,0.0023244650036967,0.945186590233931,0.2513382498124425,0.0233764886664403,0.7475961756382409,0.3116920561114936,0.4200757747936049,0.1233756755214713,0.2285020826678558,0.7465594610891998,,,-171.31498599282529,364.62997198565057,401.7069902950549
2026-06-07T23:05:58,54,18,540018,"ARX(1,1)",-171.34238727243857,364.68477454487714,401.76179285428145,True,0,0.0565396960528229,0.0004724518159428,0.9465551799182274,0.2683158622853427,0.0226723489557298,0.731474536241536,0.3081930376231873,0.4074835124024043,0.126042296570649,0.2336545791015776,0.7349335010842316,,,-171.34238727819758,364.6847745563952,401.76179286579946
2026-06-07T23:07:29,54,19,540019,"ARX(1,1)",-171.31245359579432,364.62490719158865,401.70192550099296,True,0,0.0581246036732739,0.0016385801190586,0.9445128658272371,0.2569813518423232,0.023743060101528,0.7422613271333333,0.3131866881709011,0.4234077873307391,0.1231449153732536,0.2274760537661223,0.7478862070094952,,,-171.31245359497527,364.6249071899505,401.7019254993549
2026-06-07T23:09:02,54,20,540020,"ARX(1,1)",-172.06684717375254,366.13369434750507,403.2107126569094,True,0,0.8519595729204644,0.035639898619096,0.6357719435559782,0.2868677672270053,0.116648329529741,0.6918432675709052,0.2363660390541245,0.5394164498398452,0.1069694836259363,0.2672432146319645,0.6978340941350422,,,-172.06684717169364,366.1336943433873,403.2107126527916
2026-06-07T23:10:18,54,21,540021,"ARX(1,1)",-171.42037692668964,364.8407538533793,401.9177721627836,True,0,0.0802231385036818,0.0235897852193861,0.9320849558513794,0.2496636423490898,0.0286265187696009,0.7382699189467987,0.3002753231627767,0.4767093093098837,0.116287522182911,0.2331234355471418,0.7487301446813028,,,-171.4203769262597,364.8407538525194,401.9177721619237
2026-06-07T23:12:03,54,22,540022,"ARX(1,1)",-171.31233452857867,364.62466905715735,401.70168736656166,True,0,0.0575067723845628,0.0015135344469513,0.9448866066288648,0.256868720054728,0.0236417866559297,0.74243291164243,0.3136084460612523,0.4232106325105959,0.123158612150945,0.2271061236325959,0.7483607463449097,,,-171.31233452916385,364.6246690583277,401.701687367732
2026-06-07T23:13:53,54,23,540023,"ARX(1,1)",-171.3123420364841,364.6246840729682,401.7017023823725,True,0,0.0575087839136704,0.0015723943657761,0.9449107105983752,0.2567599785763395,0.0236273262285386,0.7425167009980813,0.3134817206236968,0.4229470608365237,0.1232294055082852,0.2271078358333546,0.7482424532056894,,,-171.31234203674393,364.6246840734879,401.70170238289217
2026-06-07T23:15:50,54,24,540024,"ARX(1,1)",-171.3925625512028,364.7851251024056,401.8621434118099,True,0,0.0563666730356211,0.0255675652190294,0.9465250594380196,0.2714879658152911,0.0233777206662816,0.714621177738783,0.3174655822808102,0.503666825263738,0.120301035978944,0.2199596977695281,0.7631815050556151,,,-171.3925625854542,364.7851251709084,401.8621434803127
2026-06-07T23:17:55,54,25,540025,"ARX(1,1)",-172.0367101861993,366.0734203723986,403.1504386818029,True,0,0.9365293008600576,0.0374649267889342,0.6022127637504879,0.2689669528968457,0.1372898389212946,0.7083434828877159,0.2352543472360887,0.5535210567995148,0.1099364056002791,0.2653571774082157,0.6948282640138537,,,-172.03671018646918,366.0734203729384,403.15043868234267
2026-06-07T23:19:22,54,26,540026,"ARX(1,1)",-171.51998772444148,365.03997544888296,402.11699375828726,True,0,0.0569318306345457,0.0461527891865943,0.9491026591845252,0.2534562075603743,0.0217052643281804,0.7197084046359599,0.3160587033111349,0.4856612098015709,0.1282055042480651,0.2458807749125365,0.7311638733049632,,,-171.5199877229361,365.0399754458721,402.1169937552765
2026-06-07T23:20:44,54,27,540027,"ARX(1,1)",-172.0429753504108,366.0859507008216,403.16296901022594,True,0,0.8827090557636623,0.0365886934354963,0.6192173338391891,0.274348328627497,0.1293105917856594,0.7034752318310719,0.2372412564623214,0.55383312305056,0.1080337707789876,0.2674162827645051,0.6953165577547817,,,-172.04297535116365,366.0859507023273,403.1629690117316
2026-06-07T23:24:14,54,28,540028,"ARX(1,1)",-171.31240280360612,364.62480560721224,401.70182391661655,True,0,0.0574324708046583,6.482451365353813e-05,0.9448101630429516,0.2567447146604589,0.0236964182937909,0.7432254433452511,0.3138290789685223,0.4216350901733683,0.1231940647194475,0.2268624666731562,0.7485382486323892,,,-171.31240280286326,364.6248056057265,401.7018239151308
2026-06-07T23:27:04,54,29,540029,"ARX(1,1)",-171.35102316663443,364.70204633326887,401.7790646426732,True,0,0.2245832399284202,0.2772245790848168,0.5953409425708247,0.2130386086353015,0.2043637225220882,0.6440493440889697,0.4417139298186257,0.4562379136226309,0.2388902260766861,0.2855958720524474,0.4740069343007868,,,-171.35102316663807,364.70204633327614,401.77906464268045
2026-06-07T23:28:48,54,30,540030,"ARX(1,1)",-172.03689239546657,366.07378479093313,403.15080310033744,True,0,0.9450938212315628,0.037429335239833,0.5987447517231812,0.2724471376873715,0.139006726837804,0.7047738724761766,0.2352444078859182,0.5559431020358419,0.1101728774344355,0.2660405648949304,0.6936884883260847,,,-172.03689239559725,366.0737847911945,403.1508031005988
2026-06-07T23:31:37,54,31,540031,"ARX(1,1)",-172.0366974382047,366.0733948764094,403.1504131858137,True,0,0.94485634778051,0.0381924702146461,0.5997688132069899,0.2697426550452876,0.1385386869377695,0.7069510165477811,0.2348618050959445,0.5587182655601044,0.1096125322159295,0.2653617231420536,0.6950279773792604,,,-172.03669743647015,366.0733948729403,403.1504131823446
2026-06-07T23:32:56,54,32,540032,"ARX(1,1)",-172.0371752392962,366.0743504785924,403.1513687879967,True,0,0.9321927247376796,0.0385784745688441,0.6026262700736115,0.2678611915535159,0.1361393729198922,0.7083758644548582,0.2360666378237665,0.5601958589481513,0.1094898254145034,0.2659144778185069,0.6949209597676695,,,-172.03717523914756,366.0743504782951,403.1513687876994
2026-06-07T23:34:15,54,33,540033,"ARX(1,1)",-171.3125428338641,364.6250856677282,401.7021039771325,True,0,0.0578010399320047,0.0015893569135213,0.9447035176441668,0.258399457870561,0.0236900149663248,0.7408701297369333,0.3132656708823429,0.4227141989855924,0.1226284524308577,0.2268704937897003,0.7490576568838189,,,-171.31254283353377,364.62508566706754,401.7021039764719
2026-06-07T23:35:55,54,34,540034,"ARX(1,1)",-171.3978344998384,364.7956689996768,401.87268730908113,True,0,0.0791074468337163,0.0143107601362816,0.9323552492679008,0.2514743450962161,0.0283226551245389,0.7416156481416781,0.299283511697569,0.4473439660077716,0.1167865836865038,0.2363660478443205,0.7429415388669686,,,-171.3978345000072,364.7956690000144,401.8726873094187
2026-06-07T23:37:44,54,35,540035,"ARX(1,1)",-172.03659596097813,366.07319192195627,403.1502102313606,True,0,0.9412113471440796,0.0374034963341736,0.5992089926934139,0.2695944233413562,0.1387346853346059,0.7077644016767045,0.2356594605886573,0.554147885001767,0.1102911631534797,0.2655145840928521,0.6940363002110619,,,-172.03659595811078,366.0731919162216,403.1502102256258
2026-06-07T23:39:57,54,36,540036,"ARX(1,1)",-171.32465543403686,364.6493108680737,401.726329177478,True,0,0.053828650115791,0.0038801740971478,0.9471061525247112,0.2486017117064239,0.0230668638015739,0.7496150498000365,0.3176481733843198,0.4252150482040048,0.1232673037531887,0.2196534843968094,0.7577449308648484,,,-171.32465543367334,364.6493108673467,401.726329176751
2026-06-07T23:42:07,54,37,540037,"ARX(1,1)",-172.03736699044293,366.07473398088587,403.1517522902902,True,0,0.9550828138437468,0.0376452925772165,0.5952230383984737,0.2727957402753079,0.1406893844642887,0.7043710197997435,0.2351139887684575,0.5571758748307035,0.1107647802571879,0.2652375153556645,0.693748748174531,,,-172.03736702165008,366.07473404330017,403.1517523527045
2026-06-07T23:43:46,54,38,540038,"ARX(1,1)",-171.3129111612867,364.6258223225734,401.7028406319777,True,0,0.0582771673580303,0.0035752449613,0.944667210304813,0.2578622914438294,0.0236220089730353,0.7404834822424534,0.3123904065780032,0.4248039075953347,0.122887484521215,0.2286166592608822,0.746896426975656,,,-171.3129111613271,364.6258223226541,401.7028406320584
2026-06-07T23:45:12,54,39,540039,"ARX(1,1)",-172.03715453332148,366.07430906664297,403.1513273760473,True,0,0.9256157512411402,0.0375816132665189,0.6046847939434812,0.2685439672333114,0.1360318688243419,0.7088095212395313,0.2361482558369216,0.5534878498309767,0.1102976463364914,0.2665129859455479,0.6932751826710007,,,-172.03715453340635,366.0743090668127,403.151327376217
2026-06-07T23:46:49,54,40,540040,"ARX(1,1)",-172.0375628964753,366.0751257929506,403.1521441023549,True,0,0.932275193989951,0.0368159481037278,0.6013515867640427,0.2720847434948404,0.1384282268070013,0.7059273905014848,0.2359030403908005,0.5512426991768364,0.1093304354238865,0.2649360925282401,0.6955570153098782,,,-172.0375628962886,366.0751257925772,403.1521441019815
2026-06-07T22:26:57,55,1,550001,"ARX(1,1)",-172.0374585850873,366.0749171701746,403.1519354795789,True,0,0.9508546342006524,0.038094038226106,0.5967411274640064,0.2722136727382861,0.1391759032206516,0.7044974047113637,0.2353233736540879,0.5610462174140046,0.1095847921414534,0.2657956153965611,0.694517816166501,,,-172.0374585898015,366.074917179603,403.1519354890073
2026-06-07T22:29:15,55,2,550002,"ARX(1,1)",-172.0365266115076,366.0730532230152,403.15007153241953,True,0,0.9443417623822454,0.0377437504870591,0.599589522995182,0.2690492495689996,0.1378456381723062,0.7080220751544807,0.2351376222493451,0.5551963145655032,0.1101441515852789,0.2653054633869484,0.6946202739443074,,,-172.03652661147265,366.0730532229453,403.1500715323496
2026-06-07T22:31:07,55,3,550003,"ARX(1,1)",-171.51128312207499,365.02256624414997,402.0995845535543,True,0,0.1028997679459683,0.0178274278304419,0.9201300110924048,0.2501664935528857,0.0312663783405806,0.7412976133588525,0.2887276164386544,0.4449480493324395,0.1117487072804727,0.2437289877276162,0.73775021973898,,,-171.51128312059504,365.0225662411901,402.0995845505944
2026-06-07T22:32:36,55,4,550004,"ARX(1,1)",-172.039650183456,366.079300366912,403.1563186763163,True,0,0.9450044153056544,0.0372005636138522,0.5964931890281681,0.2765272938567152,0.1416431943812149,0.700950397703944,0.2355131951828235,0.5593851179457383,0.1078551356743884,0.2669008735321235,0.6944166590538673,,,-172.03965018355237,366.0793003671048,403.156318676509
2026-06-07T22:34:42,55,5,550005,"ARX(1,1)",-172.03649114500567,366.07298229001134,403.15000059941565,True,0,0.941950093051238,0.0380161103017357,0.5996354237118202,0.2691278087983664,0.138276792677005,0.7077782873668551,0.2355263541410116,0.5565921975621432,0.109909117978756,0.2653661989271722,0.6947935975761051,,,-172.03649114500666,366.0729822900133,403.1500005994176
2026-06-07T22:37:07,55,6,550006,"ARX(1,1)",-172.03673172147785,366.0734634429557,403.15048175236,True,0,0.9535761649888198,0.0378539593855386,0.5968486407848804,0.2697840979485458,0.1396908735219046,0.7073296851684198,0.2345787104937941,0.5560969061624211,0.1099858777597298,0.2650151722785595,0.694756680906757,,,-172.03673172208096,366.0734634441619,403.1504817535662
2026-06-07T22:39:22,55,7,550007,"ARX(1,1)",-171.8671854573416,365.7343709146832,402.8113892240875,True,0,0.0975026203975965,0.0479589301956855,0.926995241725044,0.2793448496383852,0.0280249782012267,0.6936510215352452,0.2899483390576242,0.4912957541712176,0.1045230111699929,0.2941556341245712,0.6905262968413306,,,-171.86718545538443,365.73437091076886,402.8113892201732
2026-06-07T22:41:09,55,8,550008,"ARX(1,1)",-171.40145041766786,364.8029008353357,401.87991914474003,True,0,0.0604223596287311,0.0372168480896171,0.9469191675407852,0.2598083516428907,0.022138225376509,0.7216263768075584,0.3037568618945044,0.4677973886096079,0.1220529320743755,0.2356101727439475,0.741390514052899,,,-171.4014504203987,364.8029008407974,401.8799191502017
2026-06-07T22:43:01,55,9,550009,"ARX(1,1)",-171.31233673091293,364.62467346182586,401.7016917712302,True,0,0.0575140696505641,0.0013479344840823,0.9448726772248006,0.2570871667672134,0.0236464888576178,0.7422907780954358,0.3135531687925598,0.423023338815525,0.1230262606876514,0.2270346851819284,0.7485801359155794,,,-171.31233673093533,364.62467346187066,401.70169177127497
2026-06-07T22:44:31,55,10,550010,"ARX(1,1)",-172.0373975349242,366.0747950698484,403.1518133792527,True,0,0.9369268272058572,0.0382743291900262,0.6003946128051644,0.2669721672358436,0.1382547622416675,0.7094293996837276,0.2359947914677071,0.5612259291147886,0.1089895672598764,0.2670193389823809,0.6940392614508917,,,-172.03739753591557,366.0747950718311,403.1518133812354
2026-06-07T22:46:49,55,11,550011,"ARX(1,1)",-171.4247908939123,364.8495817878246,401.9266000972289,True,0,0.0558152755422476,0.0379011434370255,0.9491648391736212,0.2674278376919456,0.0219067867894836,0.7124410745295328,0.30871805207974,0.4954034964683434,0.1188012006556911,0.2275210591123182,0.7563524958652572,,,-171.42479089250386,364.8495817850077,401.926600094412
2026-06-07T22:49:49,55,12,550012,"ARX(1,1)",-171.42717148842155,364.8543429768431,401.9313612862474,True,0,0.0781902980981083,0.020271989411122,0.9325551958226862,0.2542309541595084,0.0285136598638564,0.7353209015816619,0.3044243073028734,0.4761483562770722,0.1132035814846795,0.2395925553928488,0.74662313244497,,,-171.42717148875107,364.8543429775021,401.9313612869065
2026-06-07T22:53:05,55,13,550013,"ARX(1,1)",-172.0370301773902,366.0740603547804,403.1510786641847,True,0,0.9604367959408008,0.0384055649835438,0.5936689789341759,0.2686041275170864,0.1414178741506167,0.7080907895192483,0.2348880619495566,0.5565223840691026,0.1102778411256303,0.2653826271060424,0.694260599851326,,,-172.03703018201355,366.0740603640271,403.1510786734314
2026-06-07T22:54:40,55,14,550014,"ARX(1,1)",-171.44589835012192,364.89179670024384,401.96881500964815,True,0,0.0812539746111195,0.0274775573700439,0.931781942441475,0.2587536425007979,0.0288054417104634,0.7267695582249419,0.2993523695348458,0.4971108262688545,0.1136453156955042,0.2293632571740875,0.7560720021493614,,,-171.44589839806616,364.8917967961323,401.96881510553663
2026-06-07T22:56:05,55,15,550015,"ARX(1,1)",-172.03676158590469,366.07352317180937,403.1505414812137,True,0,0.9517758663218956,0.0381214663764687,0.5962842167062837,0.2678901525208452,0.1401194644001375,0.7090597740025619,0.2352038891660353,0.557745393888249,0.1107310289315586,0.2651882126415774,0.694022382909729,,,-172.0367615861669,366.0735231723338,403.1505414817381
2026-06-07T22:59:33,55,16,550016,"ARX(1,1)",-172.0364880822629,366.0729761645258,403.1499944739301,True,0,0.9461359211646708,0.037912477834839,0.5986190664736308,0.2689808474159226,0.1389424784575833,0.7079821645171122,0.2351882172855814,0.5560434458355032,0.1100279194508428,0.2657973915938769,0.6941806913050722,,,-172.03648808221547,366.0729761644309,403.1499944738353
2026-06-07T23:01:11,55,17,550017,"ARX(1,1)",-172.03646168494816,366.07292336989633,403.14994167930064,True,0,0.9429793088871818,0.0377977501680362,0.5994270212140492,0.2691216795126155,0.1384243056348187,0.7079223914621812,0.2353992919709349,0.5559815354943742,0.1101323853129254,0.2656232666839948,0.694253679678565,,,-172.0364616850503,366.0729233701006,403.1499416795049
2026-06-07T23:03:16,55,18,550018,"ARX(1,1)",-172.03658843853864,366.0731768770773,403.1501951864816,True,0,0.935728080979527,0.0376928257772639,0.6018445522537686,0.269517867618734,0.1372426050751305,0.7074995167015589,0.2356617292747968,0.5567933425864396,0.1098763760365392,0.26626110847399,0.6939306101146193,,,-172.0365884324068,366.0731768648136,403.1501951742179
2026-06-07T23:05:06,55,19,550019,"ARX(1,1)",-172.03679272284552,366.07358544569104,403.15060375509535,True,0,0.9303498583647052,0.0372146412620274,0.6026756370751608,0.2704353199039541,0.137042849922182,0.7069660872056985,0.2360721284749094,0.555896133152584,0.1095095227720599,0.2659639571692246,0.6946600953202456,,,-172.0367927208127,366.0735854416254,403.1506037510297
2026-06-07T23:07:54,55,20,550020,"ARX(1,1)",-172.03722002440713,366.07444004881427,403.1514583582186,True,0,0.964650100458833,0.038280370103173,0.5930047400228892,0.2687398183190908,0.1417304132006634,0.7079388002383039,0.2344407258598273,0.5572836307524568,0.1105457822781147,0.2651975599457793,0.6940310696304096,,,-172.03722002498682,366.0744400499737,403.151458359378
2026-06-07T23:09:21,55,21,550021,"ARX(1,1)",-172.04057836082785,366.0811567216557,403.15817503106,True,0,0.8947883007668747,0.0376234504168948,0.615107464553244,0.2694248131873603,0.1296970400496616,0.7077295501080607,0.2372952018182459,0.5541703970058002,0.1086421784061146,0.2672668853727312,0.6947034473912982,,,-172.04057836093313,366.0811567218663,403.15817503127056
2026-06-07T23:10:59,55,22,550022,"ARX(1,1)",-172.0376683059449,366.0753366118898,403.1523549212941,True,0,0.940802643686484,0.0369014594039192,0.6016920732097744,0.2726277234183638,0.1377649544106016,0.705232496398721,0.2344146299960915,0.5502781807229036,0.1101754990399888,0.2663690076375959,0.6931348277625923,,,-172.03766830621555,366.0753366124311,403.1523549218354
2026-06-07T23:13:16,55,23,550023,"ARX(1,1)",-172.04620481619082,366.09240963238165,403.16942794178595,True,0,1.0154154031217029,0.0396970129428607,0.5774455224994723,0.2658576145881337,0.1511427657639728,0.7096665369049101,0.2325225621021826,0.5655254447262936,0.110498520057331,0.2627407410409362,0.6963780206928779,,,-172.04620481626938,366.0924096325388,403.1694279419431
2026-06-07T23:14:58,55,24,550024,"ARX(1,1)",-171.33397573746038,364.66795147492076,401.74496978432506,True,0,0.0537836093779793,0.0105230791774803,0.9473508821033612,0.2540193104895238,0.023051470906833,0.740881022504709,0.3187856013405107,0.4478205273577107,0.122122769510694,0.2229969479839734,0.7567111171656963,,,-171.3339757025175,364.6679514050351,401.7449697144394
2026-06-07T23:17:02,55,25,550025,"ARX(1,1)",-171.39213129697112,364.78426259394223,401.86128090334654,True,0,0.0572216991655208,0.024790259339261,0.94596834526942,0.2730716718585098,0.0235571976706183,0.7135150922739026,0.3167940248583124,0.5020913994616338,0.120739493287249,0.2203162585310046,0.7621843855700055,,,-171.39213129615962,364.7842625923192,401.8612809017236
2026-06-07T23:18:46,55,26,550026,"ARX(1,1)",-172.03695187295494,366.0739037459099,403.1509220553142,True,0,0.9303503284624894,0.0376408492931763,0.6029855835652235,0.2708614902602914,0.1371702308045519,0.7063743532445076,0.2359606398998484,0.5543786291530391,0.1091266758020334,0.2652573203312358,0.6959124932536505,,,-172.03695187292624,366.0739037458525,403.1509220552568
2026-06-07T23:20:23,55,27,550027,"ARX(1,1)",-172.03649472200175,366.0729894440035,403.1500077534078,True,0,0.945743213824462,0.0377068404138468,0.5982675223838407,0.2691076878989424,0.1392713076942743,0.7080163319368881,0.235316698533593,0.5559667806578099,0.110224387362008,0.2657235229109118,0.6939984130591006,,,-172.03649470758717,366.07298941517433,403.1500077245786
2026-06-07T23:23:31,55,28,550028,"ARX(1,1)",-156.78677086264548,335.57354172529097,372.6505600346953,True,0,4.090080953785059,5.201370061054337,0.8063067831994658,0.8218052604187029,0.056852297953925,0.0503525549318202,0.0310265990222291,0.223357753320481,-0.4613467947061053,0.2094663909742062,1.4446639098985432,,,-156.78677086265114,335.5735417253023,372.6505600347066
2026-06-07T23:25:07,55,29,550029,"ARX(1,1)",-172.0364656218757,366.0729312437514,403.1499495531557,True,0,0.9436526448833276,0.0377765106698358,0.5993658950508101,0.2691752783384014,0.1384681232455299,0.7078859267670271,0.2353164166037844,0.5559317529258349,0.1100996729880087,0.2657082664810009,0.6942578539678774,,,-172.03646562191204,366.0729312438241,403.1499495532284
2026-06-07T23:26:47,55,30,550030,"ARX(1,1)",-171.31236333949403,364.62472667898805,401.70174498839236,True,0,0.0574679439009336,0.0016754658710998,0.9448998152968182,0.2565801906162669,0.0236425849057403,0.7426467179948295,0.3138029684709715,0.4236224680586974,0.1231226684253997,0.2271249824182293,0.7484793686779323,,,-171.3123633396087,364.6247266792174,401.7017449886217
2026-06-07T23:29:32,55,31,550031,"ARX(1,1)",-171.33531907519864,364.6706381503973,401.7476564598016,True,0,0.0596786864956593,0.0169886964408519,0.9445214137607942,0.2596147459821185,0.0235536802026822,0.7321920072401206,0.3119805895203293,0.4502369042936877,0.1194174805904845,0.227266177083079,0.7538222402323157,,,-171.3353191145267,364.6706382290534,401.7476565384577
2026-06-07T23:31:29,55,32,550032,"ARX(1,1)",-171.3129247012883,364.6258494025766,401.7028677119809,True,0,0.0577862435502502,0.0003309098894603,0.9447454205855788,0.2555698152973564,0.0236446208161224,0.74427821329142,0.3131408927588505,0.4202502241297425,0.1237278468861335,0.2287513948254142,0.745683762807052,,,-171.31292470943737,364.62584941887474,401.7028677282791
2026-06-07T23:33:33,55,33,550033,"ARX(1,1)",-171.35813988281996,364.7162797656399,401.7932980750442,True,0,0.0642949683698862,0.0167049479738095,0.9419132244056236,0.2563754137314988,0.0240111781417622,0.7358247004880465,0.3083479789203738,0.4312549223464256,0.1122589652595706,0.2403944680901994,0.7444926911515761,,,-171.35813988251522,364.7162797650304,401.79329807443474
2026-06-07T23:34:48,55,34,550034,"ARX(1,1)",-171.38553404284497,364.77106808568993,401.84808639509424,True,0,0.0606379133324358,0.0332763474319528,0.946122020933824,0.258632372295367,0.0226019495066463,0.7245262082684915,0.3054940604445337,0.4720966772098229,0.1216854004820326,0.2318690941394946,0.7463587520578202,,,-171.3855340330315,364.771068066063,401.8480863754673
2026-06-07T23:36:23,55,35,550035,"ARX(1,1)",-172.03646266635337,366.07292533270675,403.14994364211105,True,0,0.9421710059141112,0.0377809743154193,0.599711278546006,0.2690516566768257,0.1383544737907093,0.7079895199492381,0.2354060271428757,0.5561569859261616,0.1101050915377967,0.2656530366941647,0.694264137900199,,,-172.03646266643378,366.0729253328676,403.1499436422719
2026-06-07T23:37:37,55,36,550036,"ARX(1,1)",-172.03658443443192,366.07316886886383,403.15018717826814,True,0,0.9349262685762766,0.0378812286807242,0.6021963889374202,0.2692518843613546,0.1371133052863992,0.7077639202151084,0.2356132571637457,0.5556717127998868,0.1098274879086645,0.2656120286787563,0.6946542283443833,,,-172.0365844345267,366.0731688690534,403.1501871784577
2026-06-07T23:41:25,55,38,550038,"ARX(1,1)",-171.38685388393964,364.7737077678793,401.8507260772836,True,0,0.0566668628608775,0.0249213079488284,0.9463945968062758,0.2676343588497803,0.0233084791401066,0.7192392104797705,0.3172303703325344,0.4904466364722609,0.120109944736063,0.2232853263779427,0.759758500447176,,,-171.386853846605,364.77370769321,401.8507260026143
2026-06-07T23:42:42,55,39,550039,"ARX(1,1)",-172.03675553742067,366.07351107484135,403.15052938424566,True,0,0.9456210715330196,0.0381589565137867,0.5994974725554424,0.2690537759577492,0.1380227696394133,0.7075792678707084,0.2349186730557978,0.5581256334141357,0.1104751698789127,0.2646737268752763,0.6947313817258723,,,-172.0367555145262,366.0735110290524,403.1505293384567
2026-06-07T23:44:51,55,40,550040,"ARX(1,1)",-172.03660666478987,366.07321332957974,403.15023163898405,True,0,0.9500730993629048,0.0380503986403944,0.5980566399862021,0.2690362304802272,0.1392990415208202,0.7077760344211419,0.2347967260127927,0.5570584699011829,0.1103642826823203,0.2657177104035275,0.6939298331913284,,,-172.0366066507347,366.0732133014694,403.1502316108737
2026-06-07T22:30:04,56,1,560001,"ARX(1,1)",-172.03689082100783,366.07378164201566,403.15079995141997,True,0,0.9580640308753308,0.0380615706475797,0.5946462987551338,0.2689139104523618,0.1411673123362064,0.7078859479669739,0.234746175687172,0.5557273855692675,0.110053926469125,0.2656146840867716,0.694071434871463,,,-172.036890821063,366.073781642126,403.1507999515303
2026-06-07T22:31:46,56,2,560002,"ARX(1,1)",-172.0364785781897,366.0729571563794,403.1499754657837,True,0,0.94426120740159,0.0378873278502183,0.5990123971649982,0.2692077159379523,0.1386677014718802,0.707755534990222,0.2353621577843776,0.5567288674377832,0.1100262358999494,0.2654190241835717,0.6945861697181952,,,-172.03647857816267,366.0729571563253,403.14997546572965
2026-06-07T22:33:22,56,3,560003,"ARX(1,1)",-171.45066121421968,364.90132242843936,401.97834073784367,True,0,0.0635499824826871,0.0299318708364376,0.9435244147514606,0.2915044784305704,0.0239064197311781,0.6925558911183611,0.3085082693132102,0.4928808727058413,0.1280524651704651,0.2307196762658393,0.7383437794253408,,,-171.45066121314383,364.90132242628766,401.978340735692
2026-06-07T22:35:09,56,4,560004,"ARX(1,1)",-171.31521421494503,364.63042842989006,401.70744673929437,True,0,0.0580846072627119,0.0002579456299239,0.9446244831680124,0.2520958536121782,0.0236746665792501,0.7477862332366941,0.3123220588872045,0.418315447324858,0.1252977664264516,0.226041063461004,0.7466521810149344,,,-171.31521421495268,364.63042842990535,401.70744673930966
2026-06-07T22:37:00,56,5,560005,"ARX(1,1)",-172.03661379337552,366.07322758675105,403.15024589615535,True,0,0.937781886463022,0.0377897628457254,0.6008146577794136,0.2693621143052077,0.1381835374503684,0.7076199598533467,0.2357067259755226,0.5578511935677687,0.1099997033606177,0.2664533413165101,0.6936992555551313,,,-172.03661380268414,366.0732276053683,403.1502459147726
2026-06-07T22:38:40,56,6,560006,"ARX(1,1)",-171.31261382278308,364.62522764556616,401.70224595497046,True,0,0.0575384911039857,0.0032184471071501,0.9450198171328216,0.2567080307469713,0.0235578716700923,0.7418038436426894,0.3134316142846301,0.425001935542546,0.1228741880536478,0.227758070189133,0.7481404719907773,,,-171.31261382287664,364.6252276457533,401.7022459551576
2026-06-07T22:40:32,56,7,560007,"ARX(1,1)",-172.03706444835177,366.07412889670354,403.15114720610785,True,0,0.9579357470272478,0.0383336423719021,0.5947380480119514,0.2669557610798215,0.1412459647244537,0.7096244995752233,0.2348087995600433,0.5592737590341538,0.1103974532977859,0.2654459585868078,0.693972218035382,,,-172.0370644551964,366.0741289103928,403.1511472197971
2026-06-07T22:43:10,56,8,560008,"ARX(1,1)",-171.3129205922874,364.6258411845748,401.70285949397913,True,0,0.0573843332037479,0.0030404385423415,0.9449889478039628,0.2571718666191012,0.0236172276499983,0.7414187282897786,0.3139265844431556,0.4261813156003747,0.122274580744799,0.2263796231694079,0.7504588459303105,,,-171.31292059216167,364.62584118432335,401.70285949372766
2026-06-07T22:44:56,56,9,560009,"ARX(1,1)",-171.32193352576047,364.64386705152094,401.72088536092525,True,0,0.0596601067069168,0.0023699244769032,0.9443145898586404,0.2620142723033821,0.0234974095935543,0.7368904571527984,0.3064669319042779,0.4224275114225823,0.122946450760031,0.2282592563288643,0.7448990591435233,,,-171.32193352013968,364.64386704027936,401.72088534968367
2026-06-07T22:46:55,56,10,560010,"ARX(1,1)",-172.03691612793833,366.07383225587665,403.15085056528096,True,0,0.9521233332153178,0.0377189974114895,0.5970429275671467,0.2689057531429121,0.1403161010918552,0.7085454689179538,0.2346439504366001,0.5535823565662032,0.1103782777164906,0.2642172010724119,0.6952351474329785,,,-172.03691612330175,366.0738322466035,403.1508505560078
2026-06-07T22:48:48,56,11,560011,"ARX(1,1)",-172.03805122929026,366.0761024585805,403.15312076798483,True,0,0.9666109047657062,0.0377222421023672,0.5908143353155723,0.2712079411896116,0.1425641319746968,0.7056125626673398,0.2350548821508674,0.5595175489233271,0.1103302369648718,0.2659738456993789,0.6935368142185465,,,-172.03805122919226,366.0761024583845,403.1531207677888
2026-06-07T22:51:06,56,12,560012,"ARX(1,1)",-172.03678561485532,366.07357122971064,403.15058953911495,True,0,0.9516384668185578,0.0373828526274974,0.5959016195944243,0.268220736762884,0.140672546650811,0.7091113036172906,0.2353535902500548,0.5561219158861701,0.1102201984125017,0.2649958777686517,0.6950566631479385,,,-172.0367856154504,366.0735712309008,403.15058954030513
2026-06-07T22:52:49,56,13,560013,"ARX(1,1)",-172.03684662756623,366.07369325513247,403.1507115645368,True,0,0.9458001281587912,0.0383881742819818,0.5986174947955798,0.2704176501296095,0.1395626739070493,0.7061784581466953,0.2352064194993517,0.557120565796659,0.1106146771456785,0.2644903313778221,0.6947559248766882,,,-172.03684665354825,366.0736933070965,403.1507116165008
2026-06-07T22:54:28,56,14,560014,"ARX(1,1)",-172.03646729552057,366.07293459104113,403.14995290044544,True,0,0.944906683243037,0.0377785367733771,0.598852207185373,0.2689902321630117,0.1387435177752263,0.7080691004782333,0.2353113736377376,0.5560320042518432,0.1101876652026859,0.265537056912738,0.6942765561903642,,,-172.036467295696,366.072934591392,403.14995290079634
2026-06-07T22:56:12,56,15,560015,"ARX(1,1)",-171.31324141387063,364.62648282774126,401.70350113714557,True,0,0.0582352406130071,0.0005946453930194,0.9445340400297983,0.2572405871374639,0.0237044097671555,0.7424883223888488,0.3123316699654802,0.4187143529877637,0.1238435763338237,0.2276732859098056,0.7465785505270578,,,-171.31324142008353,364.6264828401671,401.70350114957137
2026-06-07T22:57:44,56,16,560016,"ARX(1,1)",-171.31670577521868,364.63341155043736,401.71042985984167,True,0,0.0567009048652518,0.0064972744961534,0.9455093511842564,0.2564401605757579,0.0234773389838085,0.7405160382294553,0.3149734211749946,0.4330220451162835,0.1223844378088697,0.2242538174413491,0.7530429021330122,,,-171.3167057752351,364.6334115504702,401.7104298598745
2026-06-07T22:59:37,56,17,560017,"ARX(1,1)",-171.3154302578102,364.6308605156204,401.7078788250247,True,0,0.0570508202958095,0.0049795629451422,0.9457029300362552,0.2526012145450428,0.0232588598690301,0.7450808282371303,0.3130584178216676,0.4279152361059971,0.1253306970355562,0.230583723663562,0.7429291369892149,,,-171.31543027715105,364.6308605543021,401.7078788637064
2026-06-07T23:00:52,56,18,560018,"ARX(1,1)",-171.39212969570852,364.78425939141704,401.86127770082135,True,0,0.0572168323734642,0.024710771965647,0.9459499528874872,0.2734882278266736,0.0235698827146222,0.713155285686138,0.3168176438019581,0.5018010089691521,0.120621925140041,0.2200931139806644,0.7624665168996945,,,-171.39212969680534,364.7842593936107,401.861277703015
2026-06-07T23:03:17,56,19,560019,"ARX(1,1)",-172.03859657375045,366.0771931475009,403.1542114569052,True,0,0.9766613333759916,0.0375871216549037,0.5882921541738816,0.2670564784736495,0.1439166124052249,0.710059478364404,0.2343890963310226,0.5550840282337278,0.1116752246416134,0.2661103750735787,0.6915293265392647,,,-172.0385965734814,366.0771931469628,403.1542114563672
2026-06-07T23:05:20,56,20,560020,"ARX(1,1)",-172.0365201390065,366.073040278013,403.15005858741733,True,0,0.948214781090121,0.0377437152185366,0.5978530506020849,0.2692127872952722,0.1393563077126176,0.7078336571711705,0.2351872839540942,0.5565991298613322,0.1103576466825095,0.2654215806537229,0.6942063944256142,,,-172.0365201391167,366.0730402782334,403.1500585876377
2026-06-07T23:09:20,56,21,560021,"ARX(1,1)",-171.4114884184581,364.8229768369162,401.8999951463205,True,0,0.080506239665513,0.0196235911746975,0.9319337039508786,0.2581535152832385,0.028513015508702,0.7320094540923837,0.2991521919808458,0.4647372555478961,0.1189703054651747,0.239436140405519,0.737104823075938,,,-171.41148862129683,364.8229772425937,401.899995551998
2026-06-07T23:12:19,56,22,560022,"ARX(1,1)",-172.0366871107814,366.0733742215628,403.1503925309671,True,0,0.934027645515768,0.0379827159276927,0.6018669389149346,0.2701083951012486,0.137620127395359,0.7068992994006265,0.2358034267108219,0.55692417144249,0.1096066649236188,0.2654445950657996,0.6949390224081429,,,-172.0366871113151,366.0733742226302,403.1503925320345
2026-06-07T23:14:01,56,23,560023,"ARX(1,1)",-172.03677851863335,366.0735570372667,403.150575346671,True,0,0.9346193254496166,0.0373760668902595,0.6015853590573529,0.2699885633556983,0.1367569283894452,0.7071422351844332,0.236081059294594,0.5571647918650807,0.1104618730965664,0.2665082702116616,0.6929806655667431,,,-172.03677851852723,366.07355703705446,403.1505753464588
2026-06-07T23:15:35,56,24,560024,"ARX(1,1)",-171.312329164794,364.624658329588,401.7016766389923,True,0,0.0575374787626554,0.0012857029875373,0.9448638532943552,0.2568751591470653,0.0236493616035538,0.7425326728980407,0.3135188372455338,0.4227493159971368,0.1231610727274591,0.2271347372345024,0.7483336188966153,,,-171.31232916476745,364.6246583295349,401.7016766389392
2026-06-07T23:17:06,56,25,560025,"ARX(1,1)",-171.34729732046236,364.6945946409247,401.77161295032903,True,0,0.0581884902739682,0.0183659458830138,0.945444400078832,0.2591469771033441,0.0233690138249117,0.7317421464460637,0.3131741090390854,0.4614542535825005,0.1195821248749054,0.2266518046466393,0.7556062478643107,,,-171.34729731992783,364.69459463985567,401.77161294926
2026-06-07T23:20:10,56,26,560026,"ARX(1,1)",-171.31533191766377,364.63066383532754,401.70768214473185,True,0,0.0594857583742346,0.0016665675138087,0.9438073844572584,0.259740350168748,0.0238636453333906,0.7394971672189378,0.311115188405606,0.4195557016049803,0.1231649844735513,0.2292775907102968,0.7440915118578003,,,-171.31533169104404,364.6306633820881,401.7076816914924
2026-06-07T23:21:47,56,27,560027,"ARX(1,1)",-171.31247617592737,364.62495235185474,401.70197066125905,True,0,0.0575894885544598,0.000931761076759,0.9448859991884764,0.2566820206437373,0.023598761385734,0.7428887249638872,0.3130960083914717,0.4214023012395091,0.1232579452148902,0.2277970256685299,0.747264202496892,,,-171.31247617675598,364.624952353512,401.70197066291627
2026-06-07T23:23:51,56,28,560028,"ARX(1,1)",-172.0364716096198,366.0729432192396,403.1499615286439,True,0,0.9406278163816522,0.0377216902978616,0.6001561694846733,0.269158533264136,0.1381080510931,0.7079369264438355,0.2354789164100149,0.5557359919320087,0.110086897952436,0.2656884334563958,0.6942506911581859,,,-172.0364716097983,366.0729432195966,403.1499615290009
2026-06-07T23:26:27,56,29,560029,"ARX(1,1)",-144.6986705398198,311.3973410796396,348.4743593890439,True,0,0.5227822274703336,2.286385427156737,0.323223552812665,0.9822718131346636,0.4505285005070994,0.0006109611746473,0.2002857281895804,0.0402627574544291,0.0500773288478517,0.3474420073649704,0.6575469051042866,,,-144.69867053981625,311.3973410796325,348.4743593890368
2026-06-07T23:29:28,56,30,560030,"ARX(1,1)",-171.94448398437578,365.88896796875156,402.96598627815587,True,0,0.0889123215270899,0.0542959337439736,0.9334529879587072,0.1908410999223816,0.0265412525144197,0.7760968144533357,0.2868606222366274,0.5633486748354052,0.1375627689386882,0.2579128533280339,0.694639062361908,,,-171.9444839855193,365.8889679710386,402.9659862804429
2026-06-07T23:31:44,56,31,560031,"ARX(1,1)",-171.31257525431306,364.6251505086261,401.70216881803043,True,0,0.0571858298877458,0.0004697666655962,0.945024130891096,0.2564047199580384,0.0236168246519572,0.7433806691130892,0.3138812101755378,0.4205635642140648,0.1236535371579224,0.2263506149759844,0.7485221875055312,,,-171.3125752641041,364.6251505282082,401.7021688376125
2026-06-07T23:33:25,56,32,560032,"ARX(1,1)",-171.52654700142716,365.0530940028543,402.13011231225863,True,0,0.066263185389846,0.0568337908736681,0.9461652874065868,0.2519720694929272,0.0214426659037885,0.7202086523901267,0.2945891546329218,0.4680285135104611,0.1200766350687336,0.2432734142395078,0.7343489990984311,,,-171.52654700186878,365.0530940037376,402.13011231314186
2026-06-07T23:35:09,56,33,560033,"ARX(1,1)",-172.03713436667024,366.0742687333405,403.1512870427448,True,0,0.9421299714204436,0.0385346264047721,0.6005150313649221,0.2696017001691436,0.1388664953298145,0.7068860273754454,0.2350328230065788,0.5595986262183904,0.110174066198507,0.2638587001840526,0.6960956302747826,,,-172.0371343741276,366.0742687482552,403.1512870576595
2026-06-07T23:36:42,56,34,560034,"ARX(1,1)",-171.32152973785247,364.64305947570494,401.72007778510925,True,0,0.0587234621730065,0.0011679249838418,0.9443463765499324,0.2643520720678721,0.0236488827312517,0.7351283918085029,0.3112474293660185,0.4146560792380875,0.123405403989724,0.2288135743633024,0.7437641674990833,,,-171.32152973580605,364.6430594716121,401.7200777810164
2026-06-07T23:39:01,56,35,560035,"ARX(1,1)",-172.04413819327505,366.0882763865501,403.1652946959544,True,0,1.0113232811207136,0.0372304343187159,0.5800299769679395,0.2671635922283822,0.14732672208212,0.7100530586368408,0.2323105271637695,0.5587067465510824,0.1115115055995773,0.2638369013189653,0.6943519945984787,,,-172.0441381852648,366.0882763705296,403.1652946799339
2026-06-07T23:40:29,56,36,560036,"ARX(1,1)",-172.03771053368126,366.0754210673625,403.15243937676684,True,0,0.9618162586520428,0.0390630816593775,0.5928796434861395,0.2673090055279455,0.1417381313409215,0.7088010406066919,0.2350545834076421,0.5562886255697791,0.1093029682723885,0.2664648334419547,0.6941680908838689,,,-172.03771053248192,366.0754210649639,403.15243937436816
2026-06-07T23:43:02,56,37,560037,"ARX(1,1)",-171.51244314865775,365.0248862973155,402.1019046067198,True,0,0.0809764827633756,0.0277442101150706,0.9325737233241772,0.2777517354909269,0.0284507769358089,0.7070834679841226,0.2997376240915742,0.5013202246224999,0.1243043197558921,0.2481837619747746,0.7217048949784953,,,-171.5124431942683,365.0248863885366,402.1019046979409
2026-06-07T23:44:50,56,38,560038,"ARX(1,1)",-171.3617239364011,364.7234478728022,401.8004661822065,True,0,0.0538226424778574,0.0106528527992132,0.946627980969108,0.2585351337113613,0.0237464884695772,0.7364155100636983,0.3240957406829542,0.4470313182517181,0.1286904897761303,0.2147527280939435,0.7590068143105072,,,-171.36172393538067,364.7234478707613,401.8004661801656
2026-06-07T23:46:53,56,39,560039,"ARX(1,1)",-172.03656505982428,366.07313011964857,403.1501484290529,True,0,0.9356213691243884,0.0376844354289534,0.6014194821373574,0.2686413685498022,0.137431558600123,0.708447588421136,0.2358314759782189,0.5560199679087942,0.1099483881454573,0.2658850189969865,0.6942895184330471,,,-172.03656505957792,366.0731301191559,403.15014842856016
2026-06-07T23:50:49,56,40,560040,"ARX(1,1)",-171.32084462633912,364.64168925267825,401.71870756208256,True,0,0.0578665373557203,0.012686977624759,0.9458702956554206,0.2556937777147784,0.0230524846011336,0.7383543120633038,0.3107496906641262,0.4342907561603687,0.123731081395978,0.2296959598442293,0.7455590615218141,,,-171.32084462674152,364.64168925348304,401.71870756288735
2026-06-07T22:27:29,57,1,570001,"ARX(1,1)",-172.03750520027856,366.0750104005571,403.1520287099614,True,0,0.9502267642061636,0.0372884074041657,0.5973101247715787,0.2723568301233934,0.1389608859079406,0.7052971677353522,0.23507106442451,0.5506567488437165,0.1101992230532308,0.2661004700638578,0.6934731443887914,,,-172.03750519255482,366.0750103851096,403.15202869451394
2026-06-07T22:28:54,57,2,570002,"ARX(1,1)",-172.03698970585492,366.07397941170984,403.15099772111415,True,0,0.9410495041823655,0.0382718199389321,0.6005276141272533,0.2676216850474342,0.1380417956454267,0.709060786739843,0.2353321726938652,0.5584300504262152,0.1098995945612386,0.2638622714672278,0.6964304229400956,,,-172.03698970297393,366.0739794059479,403.15099771535216
2026-06-07T22:30:15,57,3,570003,"ARX(1,1)",-172.03674199798553,366.07348399597106,403.15050230537537,True,0,0.933248117255944,0.0377356813104343,0.6022684878157771,0.2693007686219106,0.1363194009132034,0.7077049737364002,0.2360714535313957,0.556338493493937,0.1099144421388713,0.265204954324352,0.6949860032155574,,,-172.03674199824806,366.0734839964961,403.1505023059004
2026-06-07T22:31:52,57,4,570004,"ARX(1,1)",-172.03711340789636,366.0742268157927,403.151245125197,True,0,0.955888446357264,0.038571656962509,0.5960064594799703,0.2687822973906477,0.1407045639464137,0.7075439354395205,0.2347133448771925,0.5606032362946005,0.1103478820107702,0.2656794753766968,0.6939424514826787,,,-172.0371134149495,366.074226829899,403.1512451393033
2026-06-07T22:33:21,57,5,570005,"ARX(1,1)",-171.3710740694902,364.7421481389804,401.8191664483847,True,0,0.063270967583497,0.0001170493068939,0.9404139709639846,0.2512548485407475,0.0248182060309831,0.7486950005028694,0.3155481534949221,0.4014191533362309,0.1165144710810349,0.2299699557265785,0.7477559307090854,,,-171.37107417484805,364.7421483496961,401.8191666591004
2026-06-07T22:35:12,57,6,570006,"ARX(1,1)",-171.31233487249466,364.6246697449893,401.7016880543936,True,0,0.0575374523600373,0.0015340312656019,0.9448854862275056,0.2568798574566652,0.0236348168013436,0.7424130325606464,0.3135099211325782,0.4230033016779341,0.1232011827559054,0.2272079852310148,0.7481807195908994,,,-171.31233487246394,364.6246697449279,401.7016880543322
2026-06-07T22:37:12,57,7,570007,"ARX(1,1)",-172.03649286493797,366.07298572987594,403.15000403928025,True,0,0.9387437744805576,0.0376724638145051,0.6007172588177829,0.2691067520640108,0.1377598981557547,0.7080089154284428,0.2355745767705605,0.5557344229273621,0.1100692269956926,0.2657149876882925,0.6942650949013542,,,-172.0364928648935,366.072985729787,403.1500040391913
2026-06-07T22:38:51,57,8,570008,"ARX(1,1)",-171.3475382496187,364.6950764992374,401.7720948086417,True,0,0.0584931376810213,0.0177868721729845,0.9456748781660812,0.251931905757966,0.0230279093079993,0.7392992125693262,0.3130124576802046,0.4532623113121138,0.1248326283290936,0.2392200420906702,0.7342912402728902,,,-171.34753825828767,364.69507651657534,401.7720948259797
2026-06-07T22:40:34,57,9,570009,"ARX(1,1)",-171.32018918889213,364.64037837778426,401.71739668718857,True,0,0.0613858568517214,0.0044425515094921,0.942907108944421,0.2592052045368554,0.0239954633670675,0.7387226964749867,0.3088730646983368,0.4282442577899659,0.1184345188770362,0.2289870721628199,0.7512267631581593,,,-171.32018918891802,364.640378377836,401.7173966872404
2026-06-07T22:42:34,57,10,570010,"ARX(1,1)",-171.38660915224617,364.77321830449233,401.85023661389664,True,0,0.0566971342548161,0.026012643942026,0.947201512095537,0.2734389863949139,0.0227421408100275,0.713102021214162,0.3108032557202269,0.4804324625459185,0.1187361996904716,0.2219018875219542,0.7606318528288225,,,-171.3866091507973,364.7732183015946,401.8502366109989
2026-06-07T22:44:24,57,11,570011,"ARX(1,1)",-172.1091593633683,366.2183187267366,403.2953370361409,True,0,0.7944464785639795,0.0389732955069208,0.6462201217785914,0.2860496897861808,0.1183969201955377,0.6884695337328024,0.2433218571598943,0.5965198983429133,0.1039230061305347,0.2746258456411357,0.6948110053840938,,,-172.1091593634124,366.2183187268248,403.2953370362291
2026-06-07T22:45:58,57,12,570012,"ARX(1,1)",-173.58858946027925,369.1771789205585,406.2541972299628,True,0,0.0395223915163503,0.1561495736067383,0.941536988520454,0.3442920974922105,0.0316987515481369,0.6155551751282536,0.3384576575929464,0.4414341056514522,0.0812797668465044,0.2278757916139737,0.7742964352017375,,,-173.58858946036332,369.17717892072665,406.25419723013096
2026-06-07T22:49:13,57,13,570013,"ARX(1,1)",-172.03686292422955,366.0737258484591,403.1507441578634,True,0,0.9515382786045102,0.0380013169294827,0.597282177077439,0.2703203520589236,0.1399347991219037,0.706578340704423,0.2347623860096943,0.5574319048203724,0.1094657048333223,0.264542619459068,0.6961783124229632,,,-172.0368629212927,366.0737258425854,403.1507441519897
2026-06-07T22:51:22,57,14,570014,"ARX(1,1)",-172.03655949500273,366.07311899000547,403.1501372994098,True,0,0.9493503368073976,0.0378660670180935,0.5975293465701494,0.2687399263943502,0.1394092791504382,0.7081561737329065,0.2352067016537389,0.5563858418330526,0.1106979516739898,0.2654266775623978,0.6938570759130149,,,-172.03655949533982,366.0731189906796,403.150137300084
2026-06-07T22:52:58,57,15,570015,"ARX(1,1)",-171.31233460135593,364.62466920271186,401.70168751211617,True,0,0.0575290749943216,0.0014672358242575,0.9448703385703678,0.2568479525122721,0.0236435349673488,0.7424749217378451,0.3135454246489655,0.4232414028811992,0.1230501243301684,0.2270543787712969,0.748518366160025,,,-171.31233460094836,364.6246692018967,401.701687511301
2026-06-07T22:55:15,57,16,570016,"ARX(1,1)",-172.03677876856122,366.07355753712244,403.15057584652675,True,0,0.9408883538904306,0.037330804695488,0.5990399089504646,0.2685470879650836,0.1382496708653915,0.7088537313223822,0.2360305210484498,0.5540810539135892,0.111099158510841,0.2663907091137834,0.6923820760198938,,,-172.03677876849622,366.0735575369925,403.1505758463968
2026-06-07T22:57:17,57,17,570017,"ARX(1,1)",-171.6768053820137,365.3536107640274,402.4306290734317,True,0,0.057614319680754,0.0636591218966543,0.951322887020954,0.2566402089579813,0.0202195148018855,0.7126892331413383,0.2971134551781313,0.4643910656288204,0.1057498934143561,0.2273811715043826,0.7743454682670879,,,-171.6768053111099,365.3536106222198,402.4306289316241
2026-06-07T22:59:42,57,18,570018,"ARX(1,1)",-172.03763840977768,366.07527681955537,403.1522951289597,True,0,0.930535112281332,0.0390164866405597,0.6037025009014882,0.2701488208896579,0.1372287285493756,0.7058435735745994,0.2355015529124773,0.5585287575512536,0.1082092139093165,0.2644784833540389,0.69716996324303,,,-172.0376384111023,366.0752768222046,403.1522951316089
2026-06-07T23:01:36,57,19,570019,"ARX(1,1)",-172.0367772257557,366.0735544515114,403.15057276091574,True,0,0.9482533464831248,0.0371896012790774,0.5976500012761637,0.2693320863984529,0.1397662038754036,0.708226046819995,0.2349833188455152,0.552819781312231,0.1099003270443004,0.2650903013872602,0.6948054137022269,,,-172.03677722582037,366.0735544516408,403.15057276104505
2026-06-07T23:03:38,57,20,570020,"ARX(1,1)",-171.3955867266962,364.7911734533924,401.8681917627967,True,0,0.0582071937653752,0.0248175475697729,0.9453025842468972,0.2742258310187371,0.0237224141462526,0.7124440517302076,0.315465807636227,0.4990105337467326,0.1170020239382384,0.2174840473935282,0.7691624835545195,,,-171.39558672626168,364.79117345252337,401.8681917619277
2026-06-07T23:05:43,57,21,570021,"ARX(1,1)",-172.0367940710443,366.0735881420886,403.15060645149293,True,0,0.9329573060977469,0.0376510591074926,0.6023345404430491,0.2681219065239558,0.1369863770263261,0.7090984724830613,0.2358227328412611,0.5536167430471048,0.1102164962107968,0.2658680036106802,0.6938147466241317,,,-172.03679407104397,366.073588142088,403.15060645149225
2026-06-07T23:07:50,57,22,570022,"ARX(1,1)",-172.04280227686698,366.08560455373396,403.16262286313827,True,0,0.9721875107886878,0.0398061057860978,0.5930212191928304,0.271017807154114,0.1450574539023552,0.7045365217698573,0.2329089970350411,0.5701375582539996,0.1091047121164429,0.2635127794352547,0.6975676112075189,,,-172.04280227380627,366.08560454761255,403.16262285701686
2026-06-07T23:09:27,57,23,570023,"ARX(1,1)",-172.03710620857652,366.07421241715303,403.15123072655734,True,0,0.9290200228210178,0.0372213962689432,0.6044435214081025,0.2689215470179185,0.134842377929866,0.7084454224071,0.2357420536429303,0.5548355024313295,0.1096039709250758,0.2668091431275072,0.693760939276563,,,-172.03710620899696,366.0742124179939,403.15123072739823
2026-06-07T23:11:53,57,24,570024,"ARX(1,1)",-172.03658325516213,366.07316651032426,403.15018481972857,True,0,0.9464086960940036,0.0376001878125207,0.5978508836516135,0.2697600702191792,0.1394422401222442,0.7073430264988703,0.2353006026894245,0.5554197524831296,0.1098661061058867,0.2651040613107887,0.6948849171797609,,,-172.03658324730426,366.0731664946085,403.1501848040128
2026-06-07T23:14:33,57,25,570025,"ARX(1,1)",-172.0364618143895,366.072923628779,403.1499419381833,True,0,0.942980792855265,0.0377829275866426,0.5993543647847486,0.269077808880852,0.1384728168087882,0.7079721588171157,0.2354331578885784,0.5560873901674077,0.1100952256745013,0.2656379374475953,0.6942897204913181,,,-172.03646181427382,366.0729236285477,403.149941937952
2026-06-07T23:17:26,57,26,570026,"ARX(1,1)",-172.036896184794,366.073792369588,403.1508106789923,True,0,0.9491362115544676,0.0386844617342237,0.5988362587836222,0.2690811986345571,0.1385823168185513,0.7073365307449888,0.2348232115442629,0.5585989756554629,0.1104303873629672,0.2644213093449375,0.6952613509566282,,,-172.0368960805276,366.0737921610552,403.15081047045953
2026-06-07T23:19:09,57,27,570027,"ARX(1,1)",-172.0372103887375,366.074420777475,403.1514390868793,True,0,0.9363278963462413,0.0382913457773521,0.6000086346757284,0.2675693400247261,0.1388077143560547,0.7088640070872153,0.2363381592901979,0.5611723334421717,0.1100956221824848,0.2664145881278454,0.6935498821410355,,,-172.03721038889017,366.0744207777804,403.1514390871847
2026-06-07T23:21:02,57,28,570028,"ARX(1,1)",-172.04445689254982,366.08891378509963,403.16593209450394,True,0,0.9833490687567292,0.0386356946539493,0.5952642713902949,0.2700109176012356,0.1437392920770995,0.7065548565430388,0.2291028549688658,0.5538879462593189,0.1097745488998231,0.2639109589706831,0.6951058812774751,,,-172.04445689266893,366.08891378533787,403.1659320947422
2026-06-07T23:23:06,57,29,570029,"ARX(1,1)",-172.03827876377622,366.07655752755244,403.15357583695675,True,0,0.9726444356302826,0.0384847920203863,0.5921145463047531,0.2703577710908466,0.1410408239620924,0.706201522127029,0.2338324189696597,0.5571782689597167,0.1114602677408748,0.2646972937485308,0.6935008161973186,,,-172.03827876355086,366.0765575271017,403.1535758365061
2026-06-07T23:25:04,57,30,570030,"ARX(1,1)",-171.37990616683174,364.7598123336635,401.8368306430678,True,0,0.0545267323446653,0.0263025171517929,0.9486619122930124,0.2635576284056278,0.0223628907790672,0.7229039706456707,0.312840868991418,0.4778615547561831,0.12587133397786,0.2259993684019896,0.7484224577606192,,,-171.37990620378287,364.7598124075657,401.8368307169701
2026-06-07T23:26:21,57,31,570031,"ARX(1,1)",-172.03705162915617,366.07410325831233,403.15112156771664,True,0,0.937158119838334,0.0382918311915042,0.6007737758532155,0.2709191136132498,0.1371316694034069,0.7054140009239299,0.2361665340736575,0.559103850084571,0.1103600041633468,0.2658255733909602,0.6938734689843847,,,-172.0370516287116,366.0741032574232,403.1511215668275
2026-06-07T23:28:05,57,32,570032,"ARX(1,1)",-171.31476290298224,364.6295258059645,401.7065441153688,True,0,0.0582242046886416,0.0055966352892826,0.9450851164939016,0.2563941361435559,0.0234035295192953,0.7410126681640216,0.3118330857780075,0.4256606231570409,0.1238831992769763,0.2312939948351678,0.7438046819038104,,,-171.31476290263544,364.6295258052709,401.7065441146752
2026-06-07T23:32:45,57,33,570033,"ARX(1,1)",-172.04173231618404,366.0834646323681,403.1604829417724,True,0,0.9891729194934152,0.039727544955427,0.5885344889037326,0.2690903256767007,0.1437559816635072,0.7070942281026076,0.2321534167324367,0.5529011843378643,0.1087456328647725,0.2627556763653532,0.6988558747460308,,,-172.04173231679954,366.0834646335991,403.1604829430034
2026-06-07T23:35:35,57,34,570034,"ARX(1,1)",-172.03985872536637,366.07971745073274,403.15673576013705,True,0,0.9873693258359768,0.0385584806120132,0.5852193221671844,0.2676958521754253,0.146769982721246,0.7087386492758267,0.2336713289196823,0.5573522115951561,0.1116012516454215,0.2647296720365915,0.6925476687173865,,,-172.03985872537885,366.0797174507577,403.156735760162
2026-06-07T23:38:58,57,35,570035,"ARX(1,1)",-171.3375801740746,364.6751603481492,401.7521786575535,True,0,0.0605173742205466,0.0190718494057966,0.944250280062455,0.2589431466608558,0.0236027475374301,0.7318543044005925,0.311489537329568,0.4504704725829294,0.1218082868409829,0.2285101731706058,0.7496920904147789,,,-171.33758017310544,364.6751603462109,401.7521786556152
2026-06-07T23:40:45,57,36,570036,"ARX(1,1)",-172.03672730317993,366.07345460635986,403.15047291576417,True,0,0.9431558673673324,0.0380856350732961,0.6002990256380192,0.269134626285313,0.1392839085149474,0.7075513360022034,0.2347515688274766,0.5565350315444867,0.1101642060006522,0.2657727961248012,0.6942358682021396,,,-172.0367272981237,366.0734545962474,403.1504729056517
2026-06-07T23:42:37,57,37,570037,"ARX(1,1)",-172.0364645562641,366.0729291125282,403.1499474219325,True,0,0.9418865913611644,0.0377501431128112,0.5998139229543945,0.269142284592067,0.1382635744244043,0.7079331462609384,0.2354107684085357,0.5558123189217347,0.1101363767295681,0.2656989121969254,0.6941666500811094,,,-172.03646455632685,366.0729291126537,403.149947422058
2026-06-07T23:45:27,57,38,570038,"ARX(1,1)",-171.5084235642839,365.0168471285678,402.0938654379721,True,0,0.0645550490358534,0.0235209468637321,0.9433627961623772,0.2896471633485449,0.0229797248224795,0.7042465893366027,0.3000695999633162,0.4129988990584078,0.1164933877335613,0.2260061259702852,0.7494924573235398,,,-171.50842355778826,365.0168471155765,402.0938654249808
2026-06-07T23:48:36,57,39,570039,"ARX(1,1)",-171.3123631105636,364.6247262211272,401.7017445305315,True,0,0.0573964654460844,0.0013456618838084,0.9449048352850776,0.2566508446422329,0.0236453706367073,0.742727651217342,0.3137880838489421,0.4233732237045899,0.1231271113133115,0.2268084762371895,0.748620288890871,,,-171.31236311045654,364.6247262209131,401.7017445303174
2026-06-07T23:50:26,57,40,570040,"ARX(1,1)",-171.3505139685742,364.7010279371484,401.7780462465527,True,0,0.0543098570835679,0.0192752159192653,0.9478875070169516,0.2560806370088676,0.0226368887008563,0.7343888564194925,0.3161068923747085,0.4592977408529307,0.1195646426675596,0.2237410623539524,0.7590529706203283,,,-171.35051399215988,364.70102798431975,401.77804629372406
2026-06-07T22:27:09,58,1,580001,"ARX(1,1)",-172.03771036523358,366.07542073046716,403.15243903987147,True,0,0.9173585616430628,0.0373472693464555,0.6081387712137527,0.2695897865085341,0.134409418165316,0.7078296036676655,0.2359487254357771,0.5537672134377838,0.1091840326301335,0.2656048959342965,0.6955352283192208,,,-172.0377103648363,366.0754207296726,403.1524390390769
2026-06-07T22:28:45,58,2,580002,"ARX(1,1)",-171.82938196353697,365.65876392707395,402.73578223647826,True,0,0.0410263798436311,0.0660827964320887,0.9606048098699964,0.2771540042120189,0.0188273766920295,0.6876321281269849,0.3088126923352779,0.5446352966420719,0.1112660966582698,0.2218251610332043,0.7752039577631206,,,-171.82938196349193,365.6587639269839,402.73578223638816
2026-06-07T22:30:36,58,3,580003,"ARX(1,1)",-172.07351223740693,366.14702447481386,403.22404278421817,True,0,1.1006205306896204,0.0402545615610942,0.5569355978910101,0.2590210527250623,0.1600372389417554,0.7162673857241607,0.2282013663419116,0.5656047729185393,0.1154226803361668,0.2631125986782685,0.6895706669037859,,,-172.07351223733707,366.1470244746741,403.2240427840785
2026-06-07T22:32:41,58,4,580004,"ARX(1,1)",-171.46951824239522,364.93903648479045,402.01605479419476,True,0,0.0894836204534367,0.0171891287563557,0.9283494495345848,0.2633939557267008,0.0289069029525858,0.7285653845903521,0.2919242792170166,0.4330326226505834,0.1246847015110519,0.2555256222689441,0.7109978629094851,,,-171.4695182252415,364.939036450483,402.0160547598873
2026-06-07T22:34:53,58,5,580005,"ARX(1,1)",-172.05736676879872,366.11473353759743,403.19175184700174,True,0,1.0153986290166133,0.0381978009769738,0.5780964528024296,0.2604337197577964,0.1463277045622809,0.7159069670734671,0.233149401603926,0.5769874988460052,0.1087050997794636,0.2668879672110907,0.6954543487196876,,,-172.0573667689446,366.1147335378892,403.1917518472935
2026-06-07T22:36:29,58,6,580006,"ARX(1,1)",-172.03747225244646,366.0749445048929,403.15196281429724,True,0,0.965280600426838,0.0377405196118068,0.5918846799420495,0.2693864607652783,0.1413631435026354,0.707822020797297,0.2349098218822387,0.5544316681647986,0.1105453275690962,0.2644354000059722,0.6948472811120028,,,-172.0374722497467,366.0749444994934,403.15196280889774
2026-06-07T22:38:03,58,7,580007,"ARX(1,1)",-172.037177990724,366.074355981448,403.1513742908523,True,0,0.9443108228950616,0.0380161781989384,0.5989600394435669,0.2690548472300554,0.1392492181974507,0.7079438035900675,0.2351168881903745,0.5595446082358128,0.109163836167223,0.2669150588474311,0.6942362022564426,,,-172.03717799682855,366.0743559936571,403.1513743030614
2026-06-07T22:41:37,58,8,580008,"ARX(1,1)",-172.03683063552293,366.07366127104586,403.1506795804502,True,0,0.952491304673632,0.0378211145215461,0.5952537607843172,0.2694602664475211,0.1407530373279361,0.7076605362139373,0.2354199546247493,0.5551207757259281,0.1099998073436619,0.2658580917879278,0.6937274734090523,,,-172.03683063258956,366.0736612651791,403.1506795745834
2026-06-07T22:43:32,58,9,580009,"ARX(1,1)",-171.35796859554972,364.71593719109944,401.79295550050375,True,0,0.0591983842577759,0.0239121632948274,0.9453254832374148,0.26486469646453,0.0232256208772719,0.7233846518925777,0.3122157157171505,0.4622465402015726,0.1188046488356727,0.2257606193509673,0.7565594527359244,,,-171.35796856776847,364.7159371355369,401.7929554449413
2026-06-07T22:46:33,58,10,580010,"ARX(1,1)",-171.3125573454921,364.6251146909842,401.7021330003885,True,0,0.0572348846874447,0.0026059852116837,0.9451382390966206,0.2563510003823639,0.0235550943432468,0.7424422287594618,0.3138907583558217,0.4251275174522704,0.123231665699402,0.2274292581991177,0.7482833542586242,,,-171.31255734604142,364.6251146920828,401.7021330014872
2026-06-07T22:48:15,58,11,580011,"ARX(1,1)",-171.59645702290376,365.1929140458075,402.26993235521184,True,0,0.0640397538625189,0.0657426696783902,0.9472956646900286,0.2553601648923811,0.0213765050121209,0.7125910657848477,0.2983413971471544,0.4801685832264485,0.1216719193722817,0.2310962990838558,0.7435791607474369,,,-171.59647123351198,365.192942467024,402.26996077642826
2026-06-07T22:50:58,58,12,580012,"ARX(1,1)",-172.03697288612136,366.0739457722427,403.15096408164703,True,0,0.9603369229460124,0.0377594059417688,0.5938075664180655,0.2692431761830509,0.1412420132641957,0.7078609606354886,0.2348291526441143,0.5559897523325597,0.1104773492626088,0.2654399652553656,0.6939275313614796,,,-172.03697288775427,366.07394577550855,403.15096408491286
2026-06-07T22:52:40,58,13,580013,"ARX(1,1)",-172.03704219359886,366.07408438719773,403.15110269660204,True,0,0.9610679090937136,0.0383043766838254,0.5939171496918036,0.2690413832107298,0.1412938704802277,0.7077692349859963,0.2346523407191493,0.5574487940990384,0.1105104128717537,0.2649639250050909,0.6943099403666346,,,-172.03704219375302,366.0740843875061,403.1511026969104
2026-06-07T22:54:29,58,14,580014,"ARX(1,1)",-172.03744593157725,366.0748918631545,403.1519101725588,True,0,0.9678108629657672,0.0378890709310982,0.592234616712918,0.2679754007967848,0.1417387901755157,0.7090557942719803,0.2342227103096084,0.5559149219817023,0.1107571752096003,0.2646870125223383,0.6943581952903861,,,-172.03744593146777,366.07489186293554,403.1519101723399
2026-06-07T22:55:57,58,15,580015,"ARX(1,1)",-172.03703184254533,366.07406368509066,403.151081994495,True,0,0.9457552965171074,0.0369519413669901,0.5994381147203254,0.2698831220428077,0.1396476140120557,0.7076549183205117,0.2343373287389866,0.553764494469115,0.1099800261732299,0.2643566104361448,0.6953892866518944,,,-172.03703184242306,366.0740636848461,403.1510819942504
2026-06-07T22:57:38,58,16,580016,"ARX(1,1)",-171.31233966667463,364.62467933334926,401.7016976427536,True,0,0.0575297652421964,0.0016549357029943,0.944897162434738,0.2566679331733418,0.0236290224612893,0.742568471020863,0.3135203505529279,0.4233205405641208,0.1231981495276189,0.2271817965250956,0.7482473396935739,,,-171.31233966631655,364.6246793326331,401.7016976420374
2026-06-07T22:59:18,58,17,580017,"ARX(1,1)",-171.39266229384444,364.7853245876889,401.8623428970932,True,0,0.056018331075317,0.0253075050760825,0.9467193394126804,0.2716670383839831,0.0233351901500437,0.7145672686880532,0.3176173964076687,0.5037675016891191,0.120253672680789,0.2195948922334039,0.7637107387554595,,,-171.39266229376722,364.7853245875344,401.86234289693874
2026-06-07T23:00:56,58,18,580018,"ARX(1,1)",-171.31682709761174,364.63365419522347,401.7106725046278,True,0,0.0581479298827035,0.0053627012700077,0.9445582734188408,0.2549658091267142,0.0237571254459077,0.7425460404853984,0.3158039372096644,0.4274614966046928,0.1242226814250383,0.2310843943859752,0.7437961259365777,,,-171.31682687707436,364.6336537541487,401.710672063553
2026-06-07T23:03:17,58,19,580019,"ARX(1,1)",-172.03647141253782,366.07294282507564,403.14996113447995,True,0,0.9409029728262064,0.0378549304651813,0.600020144554537,0.2691318305879621,0.1382474985686542,0.707864653023287,0.2354844957252289,0.556068081627869,0.1100569328363894,0.2657281819113237,0.6942044841295134,,,-172.0364714125498,366.0729428250996,403.1499611345039
2026-06-07T23:04:45,58,20,580020,"ARX(1,1)",-172.03697046217124,366.0739409243425,403.1509592337468,True,0,0.9553559086825264,0.0382234467433847,0.5958220548218123,0.2683907493434723,0.1401681989861729,0.7082901874368334,0.2347394434339438,0.5583595067745803,0.1097644304168655,0.264141617902096,0.6958679113155619,,,-172.03697043083287,366.0739408616657,403.1509591710701
2026-06-07T23:07:08,58,21,580021,"ARX(1,1)",-171.32649908835197,364.65299817670393,401.73001648610824,True,0,0.0583721382317574,0.0157532999501005,0.9459705835408384,0.257063462670102,0.0229114709673492,0.7354917843801841,0.3090899185645715,0.4377428319604926,0.1229686781834889,0.2310665938102288,0.7450475576109329,,,-171.3264990881874,364.6529981763748,401.7300164857791
2026-06-07T23:09:01,58,22,580022,"ARX(1,1)",-172.036986357807,366.073972715614,403.1509910250183,True,0,0.9539704710585016,0.0390616543407185,0.5968480396690622,0.2675802485835398,0.1391838816227551,0.7085936443625082,0.2350211831531552,0.5577713111572923,0.1105685638460854,0.2652984966228058,0.6944517180004625,,,-172.03698635740474,366.0739727148095,403.1509910242138
2026-06-07T23:11:10,58,23,580023,"ARX(1,1)",-171.31237862319023,364.62475724638045,401.70177555578476,True,0,0.0574952932117069,0.001930964370853,0.9449325813607874,0.2568048533243101,0.0236159818168045,0.7423023876801574,0.3135538951092636,0.4240106050730227,0.1230953197254675,0.2273397724561063,0.7482360322098333,,,-171.3123786229352,364.6247572458704,401.7017755552747
2026-06-07T23:12:52,58,24,580024,"ARX(1,1)",-171.31233102672175,364.6246620534435,401.7016803628478,True,0,0.057578925169298,0.0011404949552207,0.9448181537307908,0.2569781005804569,0.0236608990177283,0.7424964252865007,0.3135161593276433,0.4224996566631702,0.1231053278216397,0.2270504808798696,0.748359688427706,,,-171.31233102731392,364.62466205462783,401.70168036403214
2026-06-07T23:14:45,58,25,580025,"ARX(1,1)",-172.03688790066178,366.07377580132356,403.1507941107279,True,0,0.956819549330618,0.0378322728275305,0.5944098681400605,0.2674073717115168,0.1411765949419043,0.7095712346228197,0.2350963421828209,0.5556615328812186,0.1104330042618889,0.2650604782174959,0.6944098682474995,,,-172.03688789734397,366.0737757946879,403.1507941040922
2026-06-07T23:16:16,58,26,580026,"ARX(1,1)",-171.31427832451084,364.6285566490217,401.705574958426,True,0,0.0566983584700389,0.0045099182167531,0.9454155479786108,0.2556917495148851,0.0234918569386109,0.7421983605540015,0.3152854318332307,0.4293010301027748,0.1228139618079057,0.2264051610407176,0.7502264779283013,,,-171.31427832541448,364.62855665082895,401.70557496023326
2026-06-07T23:18:23,58,27,580027,"ARX(1,1)",-172.0388744035947,366.0777488071894,403.1547671165937,True,0,0.9746558964664612,0.0383243150044145,0.5922325158121574,0.2660884667451594,0.1417367151986159,0.7103332422453978,0.2330032885284077,0.5599860493440255,0.1111398803020745,0.2644499432837487,0.6938065399064739,,,-172.03887439467732,366.0777487893546,403.15476709875895
2026-06-07T23:20:25,58,28,580028,"ARX(1,1)",-171.3921415788113,364.7842831576226,401.8613014670269,True,0,0.0570672885676675,0.024678133619084,0.946049259192596,0.2736113096435978,0.0235403318883756,0.713044036658499,0.3168323862579487,0.5020718367078643,0.1207398533523104,0.2202642971609438,0.7621683557899712,,,-171.39214157992598,364.784283159852,401.86130146925626
2026-06-07T23:22:11,58,29,580029,"ARX(1,1)",-171.43333858470703,364.86667716941406,401.94369547881837,True,0,0.0625100252114825,0.0304998208394623,0.9439060118389966,0.279554147028152,0.0239496813454048,0.7043130883972679,0.312812595638744,0.500727561650121,0.1292528473208929,0.2332177359460146,0.7383991273622237,,,-171.43333856247705,364.8666771249541,401.9436954343584
2026-06-07T23:24:42,58,30,580030,"ARX(1,1)",-172.03668662249564,366.0733732449913,403.1503915543956,True,0,0.9506300943003876,0.038020132380824,0.5967535174194603,0.2676431866272148,0.1399630120694659,0.7093134791455685,0.2351184757207101,0.5553950389105128,0.1102659762148705,0.2646673081788177,0.6948211267890251,,,-172.03668662475764,366.07337324951527,403.1503915589196
2026-06-07T23:26:42,58,31,580031,"ARX(1,1)",-172.03717328523626,366.0743465704725,403.15136487987684,True,0,0.9640782700766768,0.038311822611498,0.5934620541336402,0.2684264005918162,0.1412266137255599,0.7082845871284739,0.2344415706540056,0.5569179302781776,0.1106748270109617,0.2649759341943123,0.6941984167997254,,,-172.03717328559185,366.0743465711837,403.151364880588
2026-06-07T23:28:24,58,32,580032,"ARX(1,1)",-172.0365950584454,366.0731901168908,403.15020842629514,True,0,0.9418736053628186,0.0379078580475348,0.5997404970781122,0.2693290675346321,0.1375474724059149,0.7075556477715312,0.2356686395923655,0.5577960767542814,0.1104817353558343,0.2659150765525397,0.6936386986539543,,,-172.03659505272796,366.0731901054559,403.1502084148602
2026-06-07T23:30:41,58,33,580033,"ARX(1,1)",-172.03737089894673,366.07474179789347,403.1517601072978,True,0,0.9233862906748396,0.0377391063796962,0.6040894766607056,0.2689639683245322,0.1354590695474621,0.7080443997609704,0.2370635860621504,0.5583127930770794,0.1097386818435213,0.2658917480153449,0.6947063540126602,,,-172.03737089884254,366.0747417976851,403.1517601070894
2026-06-07T23:33:47,58,34,580034,"ARX(1,1)",-172.04559898165053,366.09119796330106,403.16821627270537,True,0,0.878418915477931,0.0366387410692551,0.6149348533959976,0.2701847414460585,0.1321196423738238,0.7077906642821039,0.239824802709575,0.5602965410789659,0.1079638042889404,0.2663255870938343,0.6960231922154747,,,-172.04559898004777,366.09119796009554,403.1682162694999
2026-06-07T23:35:51,58,35,580035,"ARX(1,1)",-172.03693493891583,366.07386987783167,403.150888187236,True,0,0.9291518074545924,0.0378617945683326,0.6036063677377878,0.27032229654231,0.135872386333214,0.706778804818564,0.2360679514541483,0.5561610632628247,0.1097363949645174,0.265249704587172,0.6953676912416669,,,-172.03693493891186,366.0738698778237,403.150888187228
2026-06-07T23:37:17,58,36,580036,"ARX(1,1)",-171.4341477704445,364.868295540889,401.9453138502933,True,0,0.0795925739579068,0.0272070872405058,0.9333517309593564,0.2507473991849671,0.028055281168814,0.7348753979592442,0.2985494846551589,0.4868788785722948,0.1196987847018444,0.2362598408033459,0.7415562918524297,,,-171.4341477631158,364.8682955262316,401.9453138356359
2026-06-07T23:39:04,58,37,580037,"ARX(1,1)",-172.03729651043525,366.0745930208705,403.1516113302748,True,0,0.9423215060562512,0.0386759363515689,0.5992999909696906,0.2664730748406894,0.1377190445362846,0.710032027164923,0.2358593842146416,0.5597358269977594,0.1096331451372142,0.2643482639942081,0.6965734948195199,,,-172.03729650823612,366.07459301647225,403.15161132587656
2026-06-07T23:40:59,58,38,580038,"ARX(1,1)",-172.03646194959833,366.07292389919667,403.149942208601,True,0,0.9429177786440048,0.037787113481078,0.5995016478668523,0.2689703459144547,0.1383929922227354,0.7080776689872682,0.2353838747323313,0.5559334777316903,0.1101802419566651,0.2656738962573625,0.6941472223673018,,,-172.03646194962096,366.0729238992419,403.1499422086462
2026-06-07T23:43:05,58,39,580039,"ARX(1,1)",-164.8443554845893,351.6887109691786,388.7657292785829,True,0,0.1371648151909687,0.0565472118061207,0.6564482203435972,0.994126192529588,0.0338039677214407,0.004281778317002,0.0239777711223665,0.1129928653858391,0.1455895269573092,0.3680972203108463,0.5885812168504071,,,-164.84435548453672,351.68871096907344,388.76572927847775
2026-06-07T23:45:06,58,40,580040,"ARX(1,1)",-172.07726333660463,366.15452667320926,403.23154498261357,True,0,0.8034213879693702,0.0344343206635696,0.6461400819108616,0.2726489400952658,0.1135854867982176,0.7071195616590732,0.2405905659636012,0.5357772925047329,0.107620224570019,0.2687237614655199,0.6954850371499295,,,-172.0772633368606,366.1545266737212,403.2315449831255
2026-06-07T22:23:51,59,1,590001,"ARX(1,1)",-172.0364983045518,366.0729966091036,403.1500149185079,True,0,0.9425772268375996,0.0376747345997235,0.6000149177689422,0.2689913748062512,0.1382207229720439,0.708067358635838,0.2352468720807874,0.5557496657428636,0.1101363780597962,0.2655530056635222,0.6945347938325594,,,-172.03649830166847,366.07299660333695,403.15001491274126
2026-06-07T22:25:23,59,2,590002,"ARX(1,1)",-171.31233552715616,364.62467105431233,401.70168936371664,True,0,0.0573602101899115,0.0013697915756843,0.9449815913381184,0.256638642839758,0.0236109838158486,0.7427298459495727,0.3135653469868606,0.422924586337658,0.1231029712011116,0.2270625666144306,0.7484411391080376,,,-171.31233552667393,364.6246710533479,401.7016893627522
2026-06-07T22:27:07,59,3,590003,"ARX(1,1)",-172.0373937710291,366.0747875420582,403.1518058514625,True,0,0.9639771430473798,0.0386946410107911,0.5939555121430857,0.266740474835116,0.1401630725331029,0.7097708878539513,0.2344747329067337,0.556784381332996,0.1104683734321832,0.2645650828424726,0.6950351886659218,,,-172.03739377248348,366.07478754496697,403.1518058543713
2026-06-07T22:28:35,59,4,590004,"ARX(1,1)",-172.037557034144,366.075114068288,403.1521323776923,True,0,0.9675247184126304,0.038398238451113,0.5925944678068855,0.2698281809797631,0.1411843113576343,0.7067899124905697,0.2343810301076679,0.5570800457342816,0.1108008739970238,0.2653387625429007,0.6937175737345022,,,-172.03755703269013,366.07511406538026,403.15213237478457
2026-06-07T22:30:09,59,5,590005,"ARX(1,1)",-171.31883412900444,364.6376682580089,401.7146865674132,True,0,0.0576908683314147,0.0103358389448463,0.9455851465846842,0.2573221776812829,0.0232240595835868,0.7377844690089754,0.3121366234662127,0.4361527483904317,0.1234159932672437,0.230373874550696,0.7446515035866496,,,-171.31883412945456,364.6376682589091,401.7146865683134
2026-06-07T22:31:21,59,6,590006,"ARX(1,1)",-172.03646821778483,366.07293643556966,403.14995474497397,True,0,0.944390165883581,0.0378353576749051,0.599117436176426,0.269244660407847,0.1386892590610901,0.7077597425026455,0.235271738067015,0.5560862026876567,0.1100852877687267,0.2656828558173998,0.6942102315658112,,,-172.03646821776124,366.0729364355225,403.1499547449268
2026-06-07T22:32:57,59,7,590007,"ARX(1,1)",-171.31236243218052,364.62472486436104,401.70174317376535,True,0,0.0575352052718346,0.0018225651814061,0.9449257664877994,0.2563902801128951,0.0236088340533856,0.7427690863334805,0.3134390969419218,0.4230486575347397,0.1233359578621746,0.2273459876746614,0.7478771306287827,,,-171.31236243215074,364.6247248643015,401.7017431737058
2026-06-07T22:34:12,59,8,590008,"ARX(1,1)",-172.03687629475695,366.0737525895139,403.1507708989182,True,0,0.9278983306608568,0.0376367367106331,0.6043405216476675,0.2691278780647012,0.1354452958990149,0.708002660207763,0.2360397704496485,0.5553742990367181,0.1098261988377577,0.265972625196266,0.6944998953394157,,,-172.03687629476872,366.07375258953743,403.15077089894174
2026-06-07T22:35:51,59,9,590009,"ARX(1,1)",-171.31238254953757,364.62476509907515,401.70178340847946,True,0,0.0574807192751101,0.0017539072158339,0.9449100101741988,0.2573017207788107,0.0236390648060271,0.7418885957202566,0.313706780025326,0.4236780989922005,0.1231163003667665,0.2271838992538403,0.748417032813808,,,-171.31238254966877,364.6247650993376,401.70178340874185
2026-06-07T22:37:39,59,10,590010,"ARX(1,1)",-171.88105800736867,365.76211601473733,402.83913432414164,True,0,0.1045055136328979,0.0468168134661134,0.9224751619309588,0.241969514539805,0.0307518593571912,0.7371661428536457,0.2944134867503912,0.4084738037040573,0.1473589474501893,0.2593180365057276,0.6847946517741923,,,-171.88105799769397,365.762115995388,402.83913430479225
2026-06-07T22:39:04,59,11,590011,"ARX(1,1)",-172.0366184059464,366.0732368118928,403.1502551212971,True,0,0.9503597849235484,0.0376186827323906,0.5973144774985466,0.269368242260284,0.1391167595909623,0.7078981261655448,0.2350491451370714,0.5544696888736961,0.1102823671464515,0.2657190820346408,0.6939399407859181,,,-172.0366184058222,366.0732368116444,403.1502551210487
2026-06-07T22:41:03,59,12,590012,"ARX(1,1)",-172.03646221611183,366.07292443222366,403.14994274162797,True,0,0.9428698797112506,0.0377856752390789,0.5995323317056351,0.2691438161553003,0.1383476668863302,0.7078960942233106,0.2353822758579124,0.5559326776291894,0.1101341708998514,0.2656734237691528,0.6941947729012019,,,-172.03646221596148,366.07292443192296,403.14994274132727
2026-06-07T22:42:51,59,13,590013,"ARX(1,1)",-172.0368874512122,366.0737749024244,403.1507932118287,True,0,0.955036187997984,0.038261767384229,0.5968184762603418,0.2694570831737723,0.1405345744569328,0.7072582410376327,0.2342802454799488,0.556958914467408,0.1099793794261893,0.2648666923162759,0.6952002442800695,,,-172.0368874507252,366.0737749014504,403.1507932108547
2026-06-07T22:44:49,59,14,590014,"ARX(1,1)",-171.31233626367143,364.62467252734285,401.70169083674716,True,0,0.0575052549882111,0.0014389932713501,0.94487246343085,0.256970305629771,0.0236485874421,0.7423659395981185,0.3136389224268082,0.4232243326645742,0.1231165687487655,0.2270373724728751,0.7484725453287127,,,-171.3123362633134,364.6246725266268,401.7016908360311
2026-06-07T22:47:01,59,15,590015,"ARX(1,1)",-171.3931557247264,364.7863114494528,401.8633297588571,True,0,0.0588061379508775,0.0254777045449743,0.945244917876676,0.2746389522958983,0.0237090608621841,0.7115784161001243,0.3145043708504939,0.49959800594077,0.1215141367226054,0.2209278956324928,0.7601455895447129,,,-171.39315572157886,364.7863114431577,401.8633297525621
2026-06-07T22:48:48,59,16,590016,"ARX(1,1)",-172.03666654599306,366.0733330919861,403.1503514013904,True,0,0.9359838680137248,0.0379917048048714,0.6009037275038862,0.2696202817073372,0.1377326228000201,0.7073294529333336,0.235936029049999,0.5573718233173725,0.1093300267234042,0.2655665386813711,0.69517595666331,,,-172.03666654605664,366.0733330921133,403.1503514015176
2026-06-07T22:50:55,59,17,590017,"ARX(1,1)",-171.3132782547533,364.6265565095066,401.7035748189109,True,0,0.0576284478519252,0.0048546673034224,0.9451833346442168,0.2570053677104463,0.0234607007725986,0.7407379638633027,0.3126736184312069,0.4272664389856963,0.1230810615474046,0.2283534183315744,0.7474348735735201,,,-171.31327825481637,364.6265565096328,401.703574819037
2026-06-07T22:52:06,59,18,590018,"ARX(1,1)",-171.72889059290515,365.4577811858103,402.5347994952146,True,0,0.1093977770807096,1.6050589342880843e-05,0.9170200843835482,0.2310484722684874,0.0320217403322479,0.7689443540794291,0.2841757526169988,0.3956604288711731,0.1217263066350409,0.2669167299482056,0.6966096021145819,,,-171.72889059286237,365.4577811857248,402.53479949512905
2026-06-07T22:54:00,59,19,590019,"ARX(1,1)",-171.3123254290811,364.6246508581622,401.70166916756654,True,0,0.0574946734309456,0.0012661961016408,0.944880994144733,0.256740815839486,0.0236422385162264,0.7426752671426597,0.3135957464958341,0.4228702744886931,0.1231973213789575,0.2270888467621117,0.7482976984911176,,,-171.3123254300067,364.6246508600134,401.7016691694177
2026-06-07T22:55:25,59,20,590020,"ARX(1,1)",-172.03647475909224,366.0729495181845,403.1499678275888,True,0,0.9402113576675856,0.0377595200421739,0.6002971572970307,0.2690957130108379,0.1379432237209873,0.7079605420615814,0.2355162246705565,0.5558874847098612,0.110065516318912,0.2657201308113517,0.6942554461585445,,,-172.03647475901337,366.0729495180268,403.1499678274311
2026-06-07T22:57:24,59,21,590021,"ARX(1,1)",-171.43685058980302,364.87370117960603,401.95071948901034,True,0,0.0582645309926131,0.0404175013496323,0.9477814386024042,0.2626619071856031,0.0221810205842233,0.7160503960904749,0.3087273538043192,0.5042984591022242,0.1178682704301623,0.2208511523313143,0.7656272092489413,,,-171.4368505665819,364.8737011331638,401.9507194425681
2026-06-07T22:59:21,59,22,590022,"ARX(1,1)",-172.03742235682753,366.07484471365507,403.1518630230594,True,0,0.9572170143332428,0.0381272619236341,0.5972259605372444,0.2669289086525384,0.1399972441297739,0.7100713429317088,0.2338908068906313,0.5541684198013708,0.1116461880536505,0.2648478435967197,0.6930538113109005,,,-172.0374223557527,366.0748447115054,403.1518630209097
2026-06-07T23:00:45,59,23,590023,"ARX(1,1)",-172.03700123311657,366.07400246623314,403.15102077563745,True,0,0.940253283141401,0.0372197470097019,0.5981909784974253,0.2702846177603675,0.1395763854235107,0.7072699325431984,0.2361294483359487,0.5534198558154386,0.1096470665350424,0.2654199314613069,0.6946168968327072,,,-172.03700123312677,366.0740024662536,403.15102077565786
2026-06-07T23:05:58,59,24,590024,"ARX(1,1)",-172.03713756050598,366.07427512101196,403.1512934304163,True,0,0.946062127699818,0.0375388828196752,0.5976308844045237,0.2693944165446906,0.1398138605140419,0.7080087677115798,0.2353521450148698,0.5506244407264749,0.109733913480352,0.2653991506181884,0.6946675503942195,,,-172.03713755460467,366.0742751092093,403.1512934186137
2026-06-07T23:07:35,59,25,590025,"ARX(1,1)",-171.4293518950428,364.8587037900856,401.9357220994899,True,0,0.0613567332903726,8.026106049678875e-05,0.943899769375054,0.2976354409670325,0.0231460688378776,0.7023304926069965,0.3064055737367827,0.3951192573033081,0.1224436309797507,0.2427022955909857,0.7293051686161008,,,-171.42935189259205,364.8587037851841,401.9357220945884
2026-06-07T23:09:19,59,26,590026,"ARX(1,1)",-172.03689313925076,366.07378627850153,403.15080458790584,True,0,0.9353190991143904,0.0378765547256259,0.6012711689292601,0.270816872035522,0.1380637509052538,0.7063181058151757,0.2360133622351339,0.5571595895976751,0.1094028032251206,0.2667637334423132,0.6942211526593302,,,-172.03689313920336,366.0737862784067,403.150804587811
2026-06-07T23:12:18,59,27,590027,"ARX(1,1)",-171.39658207148193,364.79316414296386,401.87018245236817,True,0,0.0794870941038545,0.0118775213267122,0.9321805143250704,0.2496180324669119,0.0282984030196054,0.7446986094065812,0.2983304948360867,0.4396334076019924,0.1173397113663251,0.2380938732841795,0.74009997011697,,,-171.39658206808392,364.79316413616783,401.87018244557214
2026-06-07T23:14:41,59,28,590028,"ARX(1,1)",-171.32360254424776,364.6472050884955,401.72422339789983,True,0,0.0570529849824973,0.0003509776228826,0.9457173383395572,0.2498716962145011,0.0230918125432397,0.7499706799323522,0.3103570549484523,0.41039787134333,0.1232388035176666,0.2277120362328496,0.7459888809537284,,,-171.32360235983606,364.6472047196721,401.7242230290764
2026-06-07T23:16:35,59,29,590029,"ARX(1,1)",-172.03646332767136,366.0729266553427,403.149944964747,True,0,0.9430364912315712,0.0378034771282778,0.5994238011256222,0.2692049929467676,0.1385073987700519,0.7078116852721908,0.2353861277869376,0.556260112687728,0.1100777858476498,0.2656095493571738,0.6943414476346199,,,-172.0364633274794,366.0729266549588,403.1499449643631
2026-06-07T23:19:07,59,30,590030,"ARX(1,1)",-172.03712521491008,366.07425042982015,403.15126873922446,True,0,0.9242523660986504,0.0372800555591221,0.6054768072157692,0.2701502528532683,0.1356633610481379,0.7073135605737448,0.2360037191815793,0.5537567886492736,0.1097529608389592,0.2663776283508206,0.6940703503067374,,,-172.037125214922,366.074250429844,403.15126873924834
2026-06-07T23:21:26,59,31,590031,"ARX(1,1)",-172.0366115284442,366.0732230568884,403.15024136629273,True,0,0.9353851014177442,0.0374575153170209,0.6014561571400785,0.269439871946856,0.1375355974543514,0.7078633337271365,0.2357917804571127,0.5542668017844756,0.1100754693915398,0.2657776545881552,0.6942222356091784,,,-172.0366115284765,366.073223056953,403.1502413663573
2026-06-07T23:23:05,59,32,590032,"ARX(1,1)",-172.0370004402087,366.0740008804174,403.1510191898217,True,0,0.9493678563470618,0.0375435131008471,0.5957659974432037,0.2683920813682193,0.1406032877775374,0.7088263603016899,0.2354883325942504,0.554138850610437,0.1098835861171889,0.2662274150288025,0.6932996684438132,,,-172.0370004515537,366.0740009031074,403.1510192125117
2026-06-07T23:24:50,59,33,590033,"ARX(1,1)",-172.03646899478127,366.07293798956255,403.14995629896686,True,0,0.942852282684385,0.0377568815262557,0.5994861225772122,0.2688624193679245,0.1384953222626744,0.7081749327557336,0.2353787851502799,0.5555696753927127,0.1101901000183113,0.2657336410523705,0.694081454012245,,,-172.03646899512097,366.07293799024194,403.1499562996463
2026-06-07T23:26:32,59,34,590034,"ARX(1,1)",-172.0367919057724,366.0735838115448,403.1506021209491,True,0,0.9480262639774226,0.0376724033888103,0.5988228919331587,0.267497770284815,0.1384377582608715,0.7096906208053322,0.2346791590107948,0.553993302470229,0.1097172900896033,0.2656730587524096,0.6946356504685709,,,-172.03679191711353,366.0735838342271,403.1506021436314
2026-06-07T23:28:40,59,35,590035,"ARX(1,1)",-171.32428390943073,364.64856781886147,401.7255861282658,True,0,0.0583344533576643,2.497914086673557e-06,0.9439390153336472,0.2706408550360482,0.0241025767408354,0.7293580025996695,0.3142075074180129,0.4212430309199492,0.1209053719492275,0.2254464359420125,0.7520703848205544,,,-171.32428390940598,364.648567818812,401.72558612821626
2026-06-07T23:31:02,59,36,590036,"ARX(1,1)",-172.03657625100564,366.0731525020113,403.1501708114156,True,0,0.9493439331072328,0.0379273246748783,0.5978235708711547,0.2686426612188259,0.1392982614796182,0.7082755672886129,0.2350492843530647,0.5571460278183498,0.1103704750021561,0.2659873013337967,0.6936367449869602,,,-172.0365762497119,366.0731524994238,403.15017080882814
2026-06-07T23:34:59,59,37,590037,"ARX(1,1)",-172.0377505307612,366.0755010615224,403.1525193709267,True,0,0.9335756312261722,0.038514777356248,0.6014987765339476,0.2677345879986519,0.1369140450634684,0.7084548743676664,0.2364644941175786,0.5637619265420684,0.1095301710867191,0.2663534578841148,0.6944058323648781,,,-172.0377505308583,366.0755010617166,403.1525193711209
2026-06-07T23:37:02,59,38,590038,"ARX(1,1)",-172.0367379813453,366.0734759626906,403.15049427209493,True,0,0.9381324459430982,0.037951585399895,0.6011818617613442,0.2670877912863489,0.1372833454486661,0.7097523879375768,0.2356507040066487,0.5576470549281307,0.1104677619402077,0.2653041038783265,0.6943410466230909,,,-172.03673798912155,366.0734759782431,403.1504942876474
2026-06-07T23:39:45,59,39,590039,"ARX(1,1)",-172.03685255735894,366.0737051147179,403.1507234241222,True,0,0.9500017388540164,0.037598146368162,0.5981277288099658,0.267781703231519,0.1389215155211096,0.7094787629190974,0.2348869000147222,0.5536307218923876,0.1110969117874852,0.2662822119512431,0.6926395367010071,,,-172.03685257107935,366.0737051421587,403.150723451563
2026-06-07T23:45:36,59,40,590040,"ARX(1,1)",-172.03646953371802,366.07293906743604,403.14995737684035,True,0,0.9446965357226988,0.0377713958742499,0.598780384189273,0.2690429406055466,0.1389279932590696,0.7080188355559178,0.2353311352073825,0.556137398544442,0.1100748261960682,0.2656032281055003,0.694299997533116,,,-172.03646953364216,366.0729390672843,403.14995737668863
2026-06-07T22:26:47,60,1,600001,"ARX(1,1)",-171.31691282108898,364.63382564217795,401.71084395158226,True,0,0.0598909435436577,0.0027214584583653,0.9439233004142018,0.2573838228752375,0.0237318993197953,0.7413857886884702,0.3095484858113131,0.4163416955078209,0.1231934060648621,0.2289736290638918,0.745418519437795,,,-171.31691282099044,364.6338256419809,401.7108439513852
2026-06-07T22:28:38,60,2,600002,"ARX(1,1)",-172.0368657066951,366.0737314133902,403.1507497227945,True,0,0.9498803499554748,0.0371270030204221,0.5972360609890556,0.2688292060186139,0.139840964585804,0.7088414968418714,0.2350310678259887,0.5521953241702616,0.1105756411887003,0.2658370775070669,0.6935630736496045,,,-172.0368657090258,366.0737314180516,403.1507497274559
2026-06-07T22:30:16,60,3,600003,"ARX(1,1)",-171.31232673663112,364.62465347326224,401.70167178266655,True,0,0.0574591698840203,0.0012100160453143,0.944913440721913,0.2566663718611694,0.0236309323206406,0.742776198699361,0.3135434732989413,0.4226633088422563,0.1232445611955193,0.2270465526336852,0.7483054000360947,,,-171.31232673626062,364.6246534725212,401.7016717819256
2026-06-07T22:36:07,60,4,600004,"ARX(1,1)",-172.03696198169212,366.07392396338423,403.15094227278854,True,0,0.948821761574531,0.037706069243015,0.5980315551880793,0.2686607494495273,0.1389795819816105,0.7083271635974019,0.2352173927576747,0.5586959733380714,0.1115076121556948,0.2666288060077937,0.691807785466954,,,-172.03696189423297,366.073923788466,403.1509420978703
2026-06-07T22:38:48,60,5,600005,"ARX(1,1)",-172.045489024549,366.090978049098,403.1679963585023,True,0,0.8938988310722391,0.0395893394061265,0.617362787527458,0.2679331326501573,0.1297770692166747,0.7072962962590965,0.2369879892805355,0.5711029844636533,0.1089898327342072,0.2676725015805002,0.6945956611312821,,,-172.04548902427365,366.0909780485473,403.1679963579516
2026-06-07T22:40:58,60,6,600006,"ARX(1,1)",-171.3234139039883,364.6468278079766,401.7238461173809,True,0,0.0576834955979307,0.0114864802609876,0.9452859703359364,0.2601779479458016,0.0234236960020016,0.7343867067694343,0.3145684188271668,0.4393542546675872,0.1198758276974373,0.2287833113041001,0.7516113682516937,,,-171.323413907673,364.646827815346,401.7238461247503
2026-06-07T22:42:35,60,7,600007,"ARX(1,1)",-172.03715635088372,366.07431270176744,403.15133101117175,True,0,0.955037742493673,0.0379500267222304,0.5943798617751289,0.2674968230657922,0.1404438191332581,0.7091110654303797,0.2357703181768028,0.5590717837658419,0.1099661793128208,0.265599510486656,0.6945827453258682,,,-172.0371563466556,366.0743126933112,403.1513310027155
2026-06-07T22:44:30,60,8,600008,"ARX(1,1)",-172.03647682900342,366.07295365800684,403.14997196741115,True,0,0.9399436108878798,0.0377350321515273,0.6003881963406086,0.2691428945613269,0.1379749469287118,0.7079309998125596,0.2355136455171917,0.5559404181717765,0.1100999254660248,0.2656721562609961,0.6942733287753362,,,-172.03647682903423,366.07295365806846,403.1499719674728
2026-06-07T22:46:12,60,9,600009,"ARX(1,1)",-172.03740803671963,366.07481607343925,403.15183438284356,True,0,0.9642093006026872,0.0385940144019919,0.5936119184675559,0.2693455830078217,0.1399769388102848,0.7071961024932552,0.2345721485951953,0.5551727818368477,0.1105892051148607,0.2654338871692431,0.6936572376444186,,,-172.03740803671892,366.0748160734378,403.1518343828421
2026-06-07T22:49:07,60,10,600010,"ARX(1,1)",-172.03660248816158,366.07320497632315,403.15022328572746,True,0,0.9415183830115572,0.0376616834949419,0.600174478679956,0.2680189032937,0.1383870455820579,0.7091632866225489,0.2352781786239593,0.5550702499739277,0.1106895447895667,0.2661705729714699,0.6930324741925309,,,-172.03660248871188,366.07320497742376,403.15022328682807
2026-06-07T22:51:30,60,11,600011,"ARX(1,1)",-172.0378041005385,366.075608201077,403.1526265104813,True,0,0.9659875938965824,0.0374289337426537,0.5938957455233578,0.2662493098101673,0.1405104366719726,0.7111174616886056,0.2337718830961318,0.554099074775887,0.1111315803147492,0.2649527569976385,0.6935940888518752,,,-172.03780410053298,366.075608201066,403.1526265104703
2026-06-07T22:53:07,60,12,600012,"ARX(1,1)",-171.84227574736525,365.6845514947305,402.7615698041348,True,0,0.0647855580705266,0.0834158106981741,0.9502333323792768,0.2447982005779199,0.0193643785490766,0.7113878523459376,0.2884916767401855,0.4920775126331045,0.1144330424751383,0.2584567283936561,0.7255354248983582,,,-171.84227574840685,365.6845514968137,402.761569806218
2026-06-07T22:54:29,60,13,600013,"ARX(1,1)",-172.03680318560149,366.07360637120297,403.1506246806073,True,0,0.9341111282392746,0.0373002699404244,0.6003841076259548,0.2691976459860924,0.1385642176851544,0.7081519697139464,0.2363886991330045,0.5557098665032385,0.1099950339246424,0.2658241944149478,0.694225232596974,,,-172.03680318553376,366.0736063710675,403.1506246804718
2026-06-07T22:55:58,60,14,600014,"ARX(1,1)",-172.03769565054807,366.07539130109615,403.15240961050046,True,0,0.9178246514035308,0.0375033038587772,0.6064908209730621,0.2682412902104288,0.1353099439550422,0.7088387318624082,0.2368021980713062,0.5581544449632376,0.1099710165181666,0.2661920707506121,0.6942126185796867,,,-172.0376956545633,366.0753913091265,403.1524096185309
2026-06-07T22:57:26,60,15,600015,"ARX(1,1)",-171.31235238547288,364.62470477094575,401.70172308035006,True,0,0.0574708762800206,0.0015892318321954,0.9449102071518584,0.2570052696422412,0.0236353523852675,0.742261645593632,0.3136748006455093,0.4232492628274975,0.1231055187779491,0.2273475859880964,0.7481702220446308,,,-171.3123523855727,364.6247047711454,401.7017230805497
2026-06-07T22:58:50,60,16,600016,"ARX(1,1)",-172.0368909040746,366.0737818081492,403.1508001175535,True,0,0.95847718551674,0.0381795975923025,0.5944885510678632,0.2681903787005205,0.1409354528577903,0.7086425150682759,0.2349083746798483,0.5558383695815798,0.1104520824093392,0.2648076525977359,0.694603661238432,,,-172.03689090436305,366.0737818087261,403.1508001181304
2026-06-07T23:00:16,60,17,600017,"ARX(1,1)",-171.4525369474735,364.905073894947,401.9820922043513,True,0,0.0801292356902493,0.0270678172030948,0.9318099987808696,0.2533882925039863,0.0290989223100268,0.7322062545739524,0.3016831781272002,0.4993542414251745,0.1125971757704807,0.2257822142004332,0.7620681744693564,,,-171.45253694918512,364.90507389837023,401.98209220777454
2026-06-07T23:02:04,60,18,600018,"ARX(1,1)",-171.3272857316911,364.6545714633822,401.7315897727865,True,0,0.0605214077269347,0.0099625526473392,0.9440889040376236,0.2551070350548471,0.0235441195406385,0.7401696551083873,0.3104564309746537,0.4340239343077914,0.123641098044475,0.2392798866937069,0.7352522094654763,,,-171.32728572626627,364.6545714525325,401.7315897619369
2026-06-07T23:04:39,60,19,600019,"ARX(1,1)",-172.04658497611874,366.0931699522375,403.1701882616418,True,0,0.914209780453342,0.0404049721299881,0.6155821035083808,0.2661399744726409,0.1290723859795545,0.7095710866033836,0.2345486835642792,0.5472106673456619,0.1117658361022886,0.2707379751589754,0.6884831195096845,,,-172.04658497692935,366.0931699538587,403.170188263263
2026-06-07T23:06:41,60,20,600020,"ARX(1,1)",-172.03709411635583,366.07418823271166,403.151206542116,True,0,0.9496288238765516,0.0377388150847826,0.5969665223126779,0.2699846272291316,0.1400165535671078,0.7071966466876044,0.2350298601776049,0.5515869034487197,0.1101732974311907,0.2657581250949615,0.6934356022003355,,,-172.03709411869096,366.0741882373819,403.1512065467862
2026-06-07T23:09:12,60,21,600021,"ARX(1,1)",-171.3123276256225,364.624655251245,401.7016735606493,True,0,0.0574864300820864,0.0014114302901432,0.9448975716662252,0.2567269458585292,0.0236342666246149,0.7426222581356071,0.3135799809818854,0.4229934771071941,0.1231269976777898,0.227083242737535,0.7483909441137252,,,-171.31232762452396,364.6246552490479,401.7016735584522
2026-06-07T23:10:59,60,22,600022,"ARX(1,1)",-171.4228332136965,364.845666427393,401.9226847367973,True,0,0.0737216047713029,0.0123594177859398,0.9377878243001866,0.2434371159447784,0.0247735495143831,0.7509545386665681,0.2979916470478891,0.4125321555083788,0.1244278578334911,0.2560297368531918,0.7131811419109838,,,-171.42283321259353,364.8456664251871,401.92268473459137
2026-06-07T23:12:59,60,23,600023,"ARX(1,1)",-171.31234820065674,364.6246964013135,401.7017147107178,True,0,0.0574052128136679,0.0012485428254047,0.9449025499640198,0.2568336265966365,0.0236435854733068,0.74259040934638,0.3138568716966811,0.4232314315518348,0.1230965795625381,0.2268508379857088,0.7487455477158652,,,-171.31234820021416,364.6246964004283,401.70171470983263
2026-06-07T23:14:49,60,24,600024,"ARX(1,1)",-171.45335847305194,364.90671694610387,401.9837352555082,True,0,0.0797874875747594,0.0298339676992749,0.932888779758666,0.2502332028584217,0.0283619960345079,0.7336268277542426,0.3008797038126826,0.5036465566252581,0.1152426977285268,0.2325582237369381,0.7520820351757714,,,-171.45335848135102,364.906716962702,401.9837352721064
2026-06-07T23:16:43,60,25,600025,"ARX(1,1)",-172.0371103358932,366.0742206717864,403.1512389811907,True,0,0.9417629025170352,0.0373419890456097,0.6002193772473071,0.272392946768517,0.137764051479599,0.7050853525995043,0.2351973452597001,0.5521439527256278,0.1095756688945579,0.2650373813384332,0.6954514481812535,,,-172.03711033680293,366.07422067360585,403.15123898301016
2026-06-07T23:17:53,60,26,600026,"ARX(1,1)",-172.03718568266294,366.0743713653259,403.1513896747302,True,0,0.9470839210675558,0.0378326488404469,0.5973506434387625,0.2681479822610415,0.139789628464894,0.708684272921735,0.2355878368373585,0.561039182959621,0.109205764821873,0.2665220551801873,0.6943119502917037,,,-172.0371856954192,366.0743713908384,403.1513897002427
2026-06-07T23:20:31,60,27,600027,"ARX(1,1)",-172.0364617528171,366.0729235056342,403.1499418150385,True,0,0.9427986093328734,0.0377680161665326,0.5994898757249099,0.2690485878758057,0.1384970450365122,0.7080000267993085,0.2353894809334113,0.55600356334972,0.1100947557318704,0.2656837157145483,0.6942455009005428,,,-172.03646175254414,366.0729235050883,403.1499418144926
2026-06-07T23:22:33,60,28,600028,"ARX(1,1)",-172.03647329995678,366.07294659991356,403.1499649093179,True,0,0.9405554324640744,0.0377641778412548,0.6001273423857948,0.2689241584396571,0.1381992626247959,0.7081270666128978,0.2354938894394647,0.5559746309556319,0.1100735623446656,0.2657895962588255,0.6941732254458034,,,-172.03647329982965,366.0729465996593,403.1499649090636
2026-06-07T23:24:45,60,29,600029,"ARX(1,1)",-172.03705245583777,366.07410491167553,403.15112322107984,True,0,0.9589629994048152,0.0384348294291552,0.5951714696811573,0.2683133551746926,0.1404985499781113,0.7081774990750931,0.2345566907864482,0.5592849838742545,0.1104271391163527,0.2648552844139104,0.6945794817974206,,,-172.03705245574724,366.0741049114945,403.1511232208988
2026-06-07T23:26:32,60,30,600030,"ARX(1,1)",-171.4727338028813,364.9454676057626,402.0224859151669,True,0,0.0808277293023916,0.0101675371420948,0.928782833748963,0.2542448770379137,0.0305403292702106,0.7405842957870337,0.3043612292276692,0.4713489494680801,0.1052684093566149,0.2210456069950631,0.7743371132025599,,,-171.47273379319336,364.9454675863867,402.022485895791
2026-06-07T23:28:33,60,31,600031,"ARX(1,1)",-172.03705204185206,366.0741040837041,403.15112239310844,True,0,0.958660841162008,0.0388789189139828,0.5957869323655767,0.2678962398659247,0.1396499323551424,0.708359739340187,0.2345224417564355,0.5577118741650673,0.1102858421024127,0.2651029608614974,0.6946681022499162,,,-172.03705204175674,366.0741040835135,403.1511223929178
2026-06-07T23:30:21,60,32,600032,"ARX(1,1)",-172.03708610118866,366.0741722023773,403.15119051178164,True,0,0.9533102938011588,0.0372481306629127,0.5961962918019256,0.2700706726271834,0.1391228139694156,0.7071941080068789,0.2350431462628093,0.5551088575541591,0.1101358690505577,0.2639532397262328,0.6960950670683379,,,-172.03708609434435,366.0741721886887,403.151190498093
2026-06-07T23:34:32,60,34,600034,"ARX(1,1)",-171.4655822577029,364.9311645154058,402.0081828248101,True,0,0.0866585789683493,0.0299648921912881,0.9295554542878628,0.2685823192003552,0.0288846978444357,0.7162537402898338,0.2926577564690069,0.4753276481732362,0.1041804818711282,0.2324973588045335,0.7596767763987317,,,-171.46558225805313,364.9311645161063,402.0081828255106
2026-06-07T23:35:52,60,35,600035,"ARX(1,1)",-171.31233539405156,364.6246707881031,401.7016890975074,True,0,0.0573984661225007,0.0014287279101414,0.944952094270188,0.2566452954467317,0.023619715936576,0.7426953764831469,0.3136560600789503,0.423191745033416,0.1232668500399184,0.2270074657368036,0.7483428568826976,,,-171.31233539395396,364.6246707879079,401.7016890973122
2026-06-07T23:37:22,60,36,600036,"ARX(1,1)",-172.03704723764656,366.0740944752931,403.15111278469743,True,0,0.9602198714477218,0.038100063153546,0.5941588631817402,0.267185980416546,0.141119101780679,0.7097759710851205,0.2347554546531551,0.55679499300943,0.1110961997802611,0.2654224949253657,0.693169064088714,,,-172.0370472377698,366.0740944755396,403.1511127849439
2026-06-07T23:39:09,60,37,600037,"ARX(1,1)",-172.03647333146986,366.0729466629397,403.14996497234404,True,0,0.9417629630034796,0.0378166687759178,0.5996802217653806,0.269137747551753,0.1385351282324561,0.7078820613492809,0.2354565158462193,0.5564264374687705,0.1100053247207256,0.2655090765392203,0.6945183600585476,,,-172.03647333146728,366.07294666293456,403.14996497233886
2026-06-07T23:41:06,60,38,600038,"ARX(1,1)",-172.04499183146112,366.08998366292224,403.16700197232655,True,0,1.0102293634401267,0.039876014966349,0.5790313657035094,0.2624015991054954,0.1488189775204838,0.7130344036185141,0.2329534984944016,0.5649082515109797,0.1112875382152103,0.2642224995009911,0.6938900669833553,,,-172.0449918314024,366.0899836628048,403.1670019722091
2026-06-07T23:43:08,60,39,600039,"ARX(1,1)",-172.0370639387728,366.0741278775456,403.1511461869499,True,0,0.9597860586473168,0.0384174319895871,0.5938823466115177,0.2677856756767028,0.1416839282853112,0.7087917948707516,0.2347474268297266,0.5581114524135281,0.1101985814535444,0.2648695795154059,0.6944432189046166,,,-172.03706393915846,366.0741278783169,403.1511461877212
2026-06-07T23:44:49,60,40,600040,"ARX(1,1)",-171.31369216688404,364.6273843337681,401.7044026431724,True,0,0.057899935047185,0.0053183286154414,0.9450943056290456,0.2578012517300756,0.0234715029037868,0.7397281657804677,0.3120599464215477,0.4277747933970107,0.1231143615696366,0.2281996331563791,0.7475279583671282,,,-171.31369216088797,364.62738432177593,401.7044026311802
2026-06-07T22:33:04,61,1,610001,"ARX(1,1)",-171.31233745986935,364.6246749197387,401.701693229143,True,0,0.0576176587045695,0.001189947118495,0.9447985191556408,0.2569695253797849,0.023677541207248,0.7424821802999434,0.3135361769214381,0.4226863131364218,0.1232147170103846,0.2272844892031952,0.7480785258612525,,,-171.31233745935137,364.62467491870274,401.7016932281071
2026-06-07T22:34:33,61,2,610002,"ARX(1,1)",-172.0377612668228,366.0755225336456,403.1525408430499,True,0,0.9595724718534552,0.0380903005822187,0.593080566225402,0.2678833458956629,0.1425844518907535,0.708723066536936,0.2352369427873879,0.5627452730213008,0.1108396841746535,0.2655296838799857,0.6933730898099713,,,-172.037761267443,366.075522534886,403.1525408442903
2026-06-07T22:36:26,61,3,610003,"ARX(1,1)",-172.03656388189006,366.0731277637801,403.15014607318443,True,0,0.9385720951200996,0.037794983444808,0.6008422333537912,0.2679595413511162,0.137930967103987,0.7090843588797493,0.2355281702765533,0.5562645219261596,0.1102579997526866,0.2660864266705507,0.6936409724978029,,,-172.03656388153948,366.07312776307896,403.15014607248327
2026-06-07T22:38:39,61,4,610004,"ARX(1,1)",-171.33040214454476,364.6608042890895,401.73782259849384,True,0,0.0586585569847815,0.0179545697261365,0.9459523499932933,0.2562788116898724,0.0228563007873377,0.7351986483583329,0.3089472204230332,0.4404133729311896,0.1224768914083118,0.2318459896537013,0.7447046186918428,,,-171.3304021493782,364.6608042987564,401.7378226081607
2026-06-07T22:40:14,61,5,610005,"ARX(1,1)",-171.31242366509264,364.6248473301853,401.7018656395896,True,0,0.0577819534116119,0.0009642053570545,0.94463121431916,0.2578327989660303,0.0237366359121637,0.7417233889305958,0.3136641412362406,0.4223730247671279,0.122786247151173,0.2271674449928038,0.7485712774319636,,,-171.3124236654914,364.6248473309828,401.7018656403871
2026-06-07T22:42:12,61,6,610006,"ARX(1,1)",-171.43626131161136,364.8725226232227,401.94954093262703,True,0,0.0622278500582219,0.043059561912567,0.9464524449378452,0.2600377368406598,0.0221055139014545,0.7175985367300294,0.3011424504960764,0.4771353427598445,0.1184295307874377,0.2313454325928372,0.7506554119534555,,,-171.43626129827965,364.8725225965593,401.9495409059636
2026-06-07T22:44:10,61,7,610007,"ARX(1,1)",-172.03648273170836,366.0729654634167,403.14998377282103,True,0,0.9418582975099572,0.0376540553524646,0.5998229591223561,0.2693642852481788,0.1383130616755554,0.7077649320755395,0.2353577762345021,0.5551398556947315,0.1100056466544028,0.265749819126689,0.6942351431952166,,,-172.03648273099827,366.07296546199655,403.14998377140085
2026-06-07T22:46:01,61,8,610008,"ARX(1,1)",-172.03683230226176,366.0736646045235,403.1506829139278,True,0,0.956391238866317,0.0378118462894805,0.5945015166521476,0.2693649481726137,0.1407678245874558,0.7075844764507588,0.235194008747427,0.5567850864066732,0.1102442449304476,0.2653123288027269,0.6942427119397393,,,-172.03683229957392,366.07366459914783,403.15068290855214
2026-06-07T22:48:28,61,9,610009,"ARX(1,1)",-172.03666783109747,366.07333566219495,403.15035397159926,True,0,0.93787808380625,0.0383165710483129,0.6005186174834211,0.2682193828815739,0.1376791836742469,0.7084361747620908,0.2360158923511968,0.5579203944624425,0.1099164015001721,0.2662243112015676,0.6939432227357716,,,-172.036667830263,366.073335660526,403.1503539699304
2026-06-07T22:50:15,61,10,610010,"ARX(1,1)",-172.03713209906113,366.07426419812225,403.15128250752656,True,0,0.9323951604249048,0.0374364932271752,0.6038723832075168,0.2703956585464135,0.1361965930594548,0.7068091173913131,0.2355021808362697,0.5582651927375123,0.1103702075123138,0.2671806428707571,0.6926457288022618,,,-172.03713208722385,366.0742641744477,403.151282483852
2026-06-07T22:51:33,61,11,610011,"ARX(1,1)",-172.03650649832056,366.0730129966411,403.15003130604543,True,0,0.9425737189573804,0.0377339837299796,0.5996251549863805,0.2692143933789765,0.1390336979132133,0.7078426695368064,0.2351921572064491,0.5564740944453669,0.1099193140092113,0.2657773763487869,0.694183344882548,,,-172.03650649813295,366.0730129962659,403.1500313056702
2026-06-07T22:53:26,61,12,610012,"ARX(1,1)",-171.3123257403997,364.6246514807994,401.7016697902037,True,0,0.0575047456614116,0.001256351505902,0.944880761917626,0.2566136634287536,0.0236418522982893,0.7428072091031482,0.3135623693612869,0.4227153811303286,0.1232130889576854,0.2271308521464635,0.7482416355397179,,,-171.3123257399778,364.6246514799556,401.7016697893599
2026-06-07T22:55:01,61,13,610013,"ARX(1,1)",-172.04398892792335,366.0879778558467,403.164996165251,True,0,0.9015715219707894,0.0364808923812255,0.6135502051673286,0.2685793109564642,0.1296402790759295,0.7097645708728102,0.236296597205315,0.5412475396577252,0.1072779178399984,0.2662635552433842,0.6968673584105366,,,-172.04398892782646,366.0879778556529,403.1649961650572
2026-06-07T22:57:20,61,14,610014,"ARX(1,1)",-171.31233090158838,364.62466180317676,401.7016801125811,True,0,0.0574739887051111,0.0013394442655796,0.944893550044518,0.2566363188310169,0.0236399665649609,0.7427451449469075,0.3136552287925938,0.4230721153865976,0.1231555262122291,0.2270564081521922,0.7484361989679772,,,-171.3123309023564,364.6246618047128,401.7016801141171
2026-06-07T22:59:16,61,15,610015,"ARX(1,1)",-172.0367381776353,366.0734763552706,403.1504946646749,True,0,0.9460409437276354,0.0384248428672775,0.5990131639422152,0.2695848541441942,0.1395139334826478,0.7069971050360178,0.2348519451817179,0.557876478623188,0.1096662348282897,0.2658260439208737,0.6946504904719292,,,-172.036738165286,366.073476330572,403.15049463997633
2026-06-07T23:00:55,61,16,610016,"ARX(1,1)",-172.0364644675657,366.0729289351314,403.1499472445357,True,0,0.9429030581514076,0.0377371180379705,0.5993888887401813,0.269114680438531,0.1385238763195339,0.7079443824588515,0.2354310000634599,0.5563808202396843,0.1101268446487587,0.2656358668814281,0.6942847173450531,,,-172.03646446782778,366.0729289356556,403.1499472450599
2026-06-07T23:03:24,61,17,610017,"ARX(1,1)",-172.03675175613733,366.07350351227467,403.150521821679,True,0,0.9407265940080196,0.038319404928411,0.6006062538605993,0.2684938710525983,0.1369406232034433,0.7081322103260753,0.2357180678266963,0.5585501493821221,0.110451744577668,0.2662289752910697,0.6936729399924378,,,-172.03675175654257,366.07350351308514,403.1505218224895
2026-06-07T23:05:34,61,18,610018,"ARX(1,1)",-172.03660822397103,366.07321644794206,403.15023475734637,True,0,0.9509242855469632,0.0379671209634023,0.5975452283682083,0.2692684455493864,0.1388150955394175,0.707708382711562,0.2349837958978866,0.5558155158880652,0.1105221717853315,0.2654206684990418,0.6940326226160385,,,-172.0366082493569,366.0732164987138,403.1502348081181
2026-06-07T23:07:03,61,19,610019,"ARX(1,1)",-172.0367616034605,366.073523206921,403.1505415163253,True,0,0.9546527502381318,0.0381647996477003,0.5964785678837887,0.2684785309292885,0.1393592533265092,0.7082957796616309,0.2348172537698627,0.5565140646024783,0.1109006685153525,0.2651440256867954,0.693646048767785,,,-172.036761588346,366.073523176692,403.1505414860963
2026-06-07T23:09:38,61,20,610020,"ARX(1,1)",-172.0369334726779,366.0738669453558,403.1508852547601,True,0,0.9586463663454148,0.0383700380802352,0.5947603692862894,0.2680705279421806,0.1404309971166935,0.7085849420918289,0.23490110820576,0.5579067021236286,0.1107994541229823,0.2652139038207421,0.6939395718702975,,,-172.036933473344,366.073866946688,403.1508852560923
2026-06-07T23:11:36,61,21,610021,"ARX(1,1)",-172.03647222191728,366.07294444383456,403.14996275323887,True,0,0.9421731472436392,0.0378452350493389,0.5994525121003027,0.2690587326999564,0.1384787244745466,0.7079645929424617,0.2355249682347359,0.5561412332412171,0.1101587833348557,0.265477205889347,0.6943735142931133,,,-172.03647222175877,366.0729444435176,403.14996275292185
2026-06-07T23:13:07,61,22,610022,"ARX(1,1)",-172.0368774692045,366.073754938409,403.15077324781333,True,0,0.9505122151097336,0.0379373291822847,0.5985860944043723,0.2700431610736336,0.138447337085318,0.7069000368357174,0.2345981518824488,0.5574520945553726,0.1103370646475826,0.2646040241714012,0.695338817052269,,,-172.0368775027526,366.0737550055052,403.1507733149095
2026-06-07T23:15:16,61,23,610023,"ARX(1,1)",-172.03668150021963,366.07336300043926,403.15038130984357,True,0,0.9518590661521026,0.0382577220073978,0.597244212867455,0.2692841521790031,0.1399493399105696,0.7073441075886923,0.2346682051652844,0.5567715029530793,0.1099551979476393,0.2656937049801842,0.694124354612952,,,-172.03668150021963,366.07336300043926,403.1503813098436
2026-06-07T23:16:32,61,24,610024,"ARX(1,1)",-172.036726384543,366.073452769086,403.1504710784903,True,0,0.9475611420819856,0.0380772816560433,0.5994517336613501,0.2690620178168545,0.1382974974619699,0.7077648035930889,0.2345194790319016,0.5552397784214769,0.1102819529084876,0.2650200280665444,0.6948606614159638,,,-172.03672638456013,366.07345276912025,403.15047107852456
2026-06-07T23:19:07,61,25,610025,"ARX(1,1)",-171.43416314693536,364.8683262938707,401.94534460327503,True,0,0.0837716480078146,7.087841091309688e-05,0.929970747479151,0.237411558800764,0.0285620660401257,0.7625554767655042,0.293162496456924,0.4178687843567985,0.1184601789399405,0.2386474899306131,0.7372444900452236,,,-171.43416314123772,364.8683262824754,401.94534459187975
2026-06-07T23:22:02,61,26,610026,"ARX(1,1)",-172.0365441416379,366.0730882832758,403.1501065926801,True,0,0.9365041337845,0.0376838915105135,0.6013518482809154,0.2693366376688283,0.1373771389843213,0.7077513280591236,0.235764646728908,0.5554137581005107,0.110146411587482,0.2658531498726266,0.6941711117110508,,,-172.03654414159055,366.0730882831811,403.1501065925854
2026-06-07T23:23:48,61,27,610027,"ARX(1,1)",-172.03646246320284,366.0729249264057,403.14994323581,True,0,0.9424932532172569,0.0377768016023149,0.599620431192502,0.2690795653702035,0.1383690762886302,0.70796064604414,0.2354062246089792,0.5560251835278314,0.1101196840923929,0.2656982060783711,0.6942462614749152,,,-172.0364624632303,366.0729249264606,403.1499432358649
2026-06-07T23:26:00,61,28,610028,"ARX(1,1)",-172.03646555062602,366.07293110125204,403.14994941065635,True,0,0.9440345907830148,0.037786978426635,0.5992475754861977,0.2689626157062863,0.1385926151705656,0.7080854765034845,0.2352804748127981,0.5561395258333464,0.1101358539534154,0.2655795937228541,0.6943230442651132,,,-172.03646555076293,366.07293110152585,403.14994941093016
2026-06-07T23:27:52,61,29,610029,"ARX(1,1)",-172.03664704478388,366.07329408956775,403.15031239897206,True,0,0.9508475545878216,0.0376892544367713,0.5965318476368741,0.2680736902176809,0.1399897929394514,0.708981379056565,0.2352520724312551,0.5569519637098553,0.1102172508055085,0.2660747720025423,0.6935662018455901,,,-172.0366470409934,366.0732940819868,403.1503123913911
2026-06-07T23:29:32,61,30,610030,"ARX(1,1)",-172.03646367519093,366.07292735038186,403.14994565978617,True,0,0.9417838633207418,0.0377594780485322,0.5998037068077618,0.2690445597280376,0.1383192413444594,0.7080108875679045,0.2354339782056046,0.556061581812453,0.1100964426777401,0.2656879121332239,0.6942427664075826,,,-172.03646367518073,366.0729273503615,403.14994565976576
2026-06-07T23:31:19,61,31,610031,"ARX(1,1)",-171.35570521762804,364.7114104352561,401.7884287446604,True,0,0.056236391546116,0.0200036867752422,0.9472506607421688,0.2574609462705336,0.0226340040728286,0.7324122264214343,0.3136460940335677,0.4640337606194333,0.1230018533623648,0.2367256093809853,0.7409441064070856,,,-171.35570521783916,364.7114104356783,401.7884287450826
2026-06-07T23:32:51,61,32,610032,"ARX(1,1)",-172.03767813717067,366.07535627434135,403.15237458374565,True,0,0.941022583627336,0.0391012817963836,0.5987785400947548,0.2693069458777259,0.1388651484113816,0.7066449660009497,0.2365548726564813,0.561852186223818,0.1106594552437775,0.2668608507867985,0.6926124173261305,,,-172.03767813777432,366.07535627554864,403.15237458495295
2026-06-07T23:34:20,61,33,610033,"ARX(1,1)",-172.03647675472598,366.07295350945196,403.1499718188563,True,0,0.9446687743912658,0.0377907881201695,0.5988207040379379,0.2688421757045445,0.1388179053881674,0.7081572510938852,0.2353779603518648,0.556602112027255,0.1103344731824641,0.2657547174227172,0.6938686418456931,,,-172.03647675468346,366.0729535093669,403.1499718187712
2026-06-07T23:35:48,61,34,610034,"ARX(1,1)",-172.0401588191475,366.080317638295,403.1573359476993,True,0,0.9899748453024094,0.0390651399009809,0.5850961875492433,0.2669712244712743,0.1458224133261374,0.7091613210576332,0.2335772188306868,0.5598054886536212,0.1104557988463275,0.2641933404045602,0.6950638490621005,,,-172.0401588195233,366.0803176390466,403.1573359484509
2026-06-07T23:38:31,61,35,610035,"ARX(1,1)",-172.0377300221198,366.0754600442396,403.1524783536439,True,0,0.9670924599893092,0.0387304188347733,0.5917651723050998,0.2672442041075934,0.1420702641290255,0.7091678215767419,0.2347000199460973,0.5598096867068613,0.1108443515770696,0.2660211334757829,0.6927466365591562,,,-172.0377300001539,366.0754600003078,403.15247830971214
2026-06-07T23:40:17,61,36,610036,"ARX(1,1)",-171.43867635762075,364.8773527152415,401.9543710246458,True,0,0.0672282747910815,4.46754356740344e-05,0.941091401539008,0.232669734065439,0.0238694626297009,0.7673104754236474,0.2990526722104318,0.3957365282850901,0.1302704908834498,0.2474668411310887,0.7141389862624496,,,-171.4386763597052,364.8773527194104,401.9543710288147
2026-06-07T23:43:00,61,37,610037,"ARX(1,1)",-172.03646671638003,366.07293343276007,403.1499517421644,True,0,0.9422233968021188,0.0378169701339091,0.5996772011751066,0.269198741402339,0.1383120664456642,0.7078102908688806,0.2354176179312478,0.556237895777352,0.1099495058752394,0.2656466401727519,0.694462583491096,,,-172.03646671649827,366.0729334329965,403.1499517424008
2026-06-07T23:46:11,61,38,610038,"ARX(1,1)",-172.03763246167404,366.0752649233481,403.1522832327524,True,0,0.9188097048827928,0.0373843213250265,0.6070812327016968,0.2690512542271607,0.1347106269785634,0.7081673333133537,0.2362746558599207,0.5556465681734911,0.1098481012913693,0.2674560779134555,0.6926730071028242,,,-172.03763245921368,366.07526491842737,403.1522832278317
2026-06-07T23:47:47,61,39,610039,"ARX(1,1)",-172.0364616592526,366.0729233185052,403.1499416279095,True,0,0.9428106942545078,0.0378073343618457,0.5995263852828975,0.2690363574379086,0.1384395160213491,0.707979221005624,0.2353837751382694,0.5561508331010928,0.1101069048408979,0.2656364935316637,0.6942812992645703,,,-172.03646165924636,366.0729233184927,403.149941627897
2026-06-07T23:50:01,61,40,610040,"ARX(1,1)",-172.0365098739514,366.0730197479028,403.1500380573071,True,0,0.9400902179254872,0.0377594588485666,0.6001126656359217,0.2691320612497924,0.1383162759509549,0.7078725348792775,0.2356115369780504,0.5573337332067265,0.1101949304281404,0.2657754814419606,0.6940571914345725,,,-172.03650987388676,366.0730197477735,403.1500380571778
2026-06-07T22:30:25,62,1,620001,"ARX(1,1)",-171.31238374233834,364.6247674846767,401.701785794081,True,0,0.0573239126077112,0.0015754726391146,0.9450289808222666,0.2563495302702512,0.0235906878196014,0.7429234379981852,0.3135342924836444,0.423108468628765,0.1228475822985626,0.2269198840044806,0.7489708766063242,,,-171.31238374286795,364.6247674857359,401.7017857951402
2026-06-07T22:31:48,62,2,620002,"ARX(1,1)",-171.31236769646176,364.6247353929235,401.70175370232784,True,0,0.0576572373729449,0.0011362015091066,0.9447895399285656,0.2570343843423721,0.0236664001013706,0.742442050601351,0.3132397783389626,0.4225692096486756,0.1233021621385274,0.2269405485613083,0.7481506198518868,,,-171.3123676965388,364.6247353930776,401.7017537024819
2026-06-07T22:33:28,62,3,620003,"ARX(1,1)",-172.03648271153918,366.07296542307836,403.14998373248267,True,0,0.943157605957062,0.0374537512039324,0.5991416647152213,0.2691123242536674,0.1386178988400382,0.7081529366655958,0.2354577402503667,0.5555695092999282,0.110185381522911,0.2658076023285403,0.6940000949861939,,,-172.03648271136478,366.0729654227296,403.1499837321339
2026-06-07T22:35:36,62,4,620004,"ARX(1,1)",-171.3128314903587,364.6256629807174,401.7026812901217,True,0,0.0580606461893422,0.0016866804696534,0.944532568873772,0.2590862183552195,0.0237491840546102,0.7401329841158506,0.3132902336788167,0.4244451689734855,0.1224907852891355,0.2280859501909996,0.7480523598736671,,,-171.31283148958403,364.62566297916806,401.7026812885724
2026-06-07T22:37:33,62,5,620005,"ARX(1,1)",-172.03646989780793,366.07293979561587,403.1499581050202,True,0,0.945168345407688,0.0378257239246265,0.5987941486218238,0.2689410139790117,0.1388502203584958,0.7080674589913868,0.2352841202692208,0.5562598004684085,0.1101759626450009,0.2655401460479384,0.6942791848227752,,,-172.03646989791838,366.0729397958368,403.149958105241
2026-06-07T22:41:24,62,6,620006,"ARX(1,1)",-172.03694141460116,366.0738828292023,403.1509011386066,True,0,0.9463400961426004,0.0376809618426791,0.5974376803713342,0.2686100368829911,0.1409503932371388,0.7082370393845027,0.2352155889638273,0.5580368959569547,0.1093301566159461,0.2663079207512763,0.6939739208134166,,,-172.0369414175184,366.0738828350368,403.1509011444411
2026-06-07T22:44:10,62,7,620007,"ARX(1,1)",-172.03889624556734,366.0777924911347,403.154810800539,True,0,0.9055405646475158,0.0376523388623191,0.6102239512423786,0.2702726408723866,0.1328867268317403,0.706998518912945,0.2375732607747986,0.5554777336149457,0.1092004488862742,0.2669869415336128,0.6944059677329465,,,-172.03889624756602,366.077792495132,403.15481080453634
2026-06-07T22:46:35,62,8,620008,"ARX(1,1)",-172.03669330657297,366.07338661314594,403.15040492255025,True,0,0.949824723008004,0.0379187463453086,0.5961943497274187,0.267551640427408,0.1398930678702967,0.7094758666609811,0.2355691501020335,0.5560094872709871,0.110300515371861,0.2653173841433009,0.6941160011380851,,,-172.0366933126008,366.0733866252016,403.1504049346059
2026-06-07T22:47:47,62,9,620009,"ARX(1,1)",-171.31585994906052,364.63171989812105,401.70873820752536,True,0,0.0569215347510701,0.00517588194844,0.9454581652379508,0.2598982932957939,0.0234605528494672,0.7376643405171711,0.3142399692101593,0.4328760847082918,0.1230622476787406,0.2284717902630251,0.7476446951027497,,,-171.31585994336945,364.6317198867389,401.7087381961432
2026-06-07T22:51:37,62,10,620010,"ARX(1,1)",14.83095871683133,-7.6619174336626585,29.41510087574163,True,0,3.591347405875436,8.596080095426908,0.8358141637439408,0.5007946013023516,0.0748495014480324,0.1850554946174093,0.3546290212275765,0.0309704920144117,0.211502000660363,0.3231040527454045,0.9417668139066157,,,14.830958716817904,-7.661917433635807,29.41510087576848
2026-06-07T22:53:36,62,11,620011,"ARX(1,1)",-172.03721878594519,366.07443757189037,403.1514558812947,True,0,0.9508344562983168,0.0381970047896408,0.5962201737905657,0.2701195720998261,0.1412321652091484,0.706611586966049,0.2351325646815121,0.5610930567225044,0.1097523369457031,0.2647352952963598,0.6951824069647695,,,-172.03721884743106,366.0744376948621,403.1514560042664
2026-06-07T22:55:38,62,12,620012,"ARX(1,1)",-172.0364997938873,366.0729995877746,403.1500178971789,True,0,0.9447467993042444,0.0377924643970027,0.598677870846306,0.2692081899331656,0.139120742983659,0.7078257084123143,0.2353651969715039,0.5566743806446109,0.1099897397878993,0.2653343765581036,0.6947868160475023,,,-172.0364997885647,366.0729995771294,403.1500178865337
2026-06-07T22:57:24,62,13,620013,"ARX(1,1)",-171.39212274437864,364.7842454887573,401.8612637981616,True,0,0.0572219688116111,0.0247510549215672,0.9459747010004236,0.2733225448504006,0.0235523247742044,0.713290248751816,0.3166869556934575,0.5019345452235292,0.1207555838369214,0.2202334190961737,0.7621620354192526,,,-171.39212274374142,364.7842454874829,401.8612637968872
2026-06-07T22:58:48,62,14,620014,"ARX(1,1)",-171.3922319837462,364.7844639674924,401.8614822768967,True,0,0.0571927682231647,0.0245847882593504,0.9459355893501156,0.2744291952364255,0.0235818771782671,0.7123009452028293,0.3168978384034476,0.50122254580422,0.1204569871693928,0.2198526255004876,0.7628328427872972,,,-171.3922319807741,364.7844639615482,401.8614822709525
2026-06-07T23:00:34,62,15,620015,"ARX(1,1)",-172.03670604457722,366.07341208915443,403.15043039855874,True,0,0.9466832119742332,0.0379535918673439,0.5984215086707884,0.2696622279532712,0.1392445571851275,0.707324526211144,0.235112174446193,0.5567108758876574,0.1110735651278883,0.2649400506844437,0.6936262471638246,,,-172.03670604538195,366.0734120907639,403.1504304001682
2026-06-07T23:03:26,62,16,620016,"ARX(1,1)",-172.03709171433212,366.07418342866424,403.15120173806855,True,0,0.9515899590688848,0.0378081035266522,0.5972197669219569,0.2655712060399697,0.1391535051148118,0.7114352135821561,0.2351900670072459,0.5551531026620655,0.1112792610405215,0.2658689243584038,0.6931529614202748,,,-172.03709171310282,366.0741834262057,403.15120173561
2026-06-07T23:05:21,62,17,620017,"ARX(1,1)",-172.0364702069666,366.0729404139332,403.14995872333753,True,0,0.9407600331204774,0.037778274766607,0.6001514064073556,0.2690116446826361,0.1380352393309658,0.7080333517436553,0.2354857594454352,0.5559451822432292,0.1101052992431983,0.2656992010460294,0.6942388881021482,,,-172.0364702071355,366.0729404142709,403.1499587236752
2026-06-07T23:08:50,62,18,620018,"ARX(1,1)",-172.03675494839842,366.07350989679685,403.15052820620116,True,0,0.9514365271105673,0.0377887098460567,0.5974695671514043,0.2676005831820717,0.1392385684643277,0.709402843983529,0.2347264027775754,0.5559346626928996,0.1099899184476005,0.2662362349061397,0.693624458537438,,,-172.03675494100844,366.0735098820169,403.1505281914212
2026-06-07T23:10:49,62,19,620019,"ARX(1,1)",-172.03987359581583,366.07974719163167,403.156765501036,True,0,0.8992603605982419,0.038006730287337,0.612978838770106,0.2693019239092523,0.1307482353567042,0.70762937661011,0.2375902162520284,0.5561675496437416,0.1089355906007485,0.2663163948084362,0.6952152451551857,,,-172.03987359560364,366.0797471912073,403.1567655006116
2026-06-07T23:12:18,62,20,620020,"ARX(1,1)",-171.31232557613288,364.62465115226576,401.70166946167006,True,0,0.0575079452913951,0.001148938340451,0.944874542882955,0.2567711179934201,0.0236417031356107,0.7426993702375706,0.3135332332458228,0.4225758488593523,0.123168012163048,0.2270414745890367,0.7483662299515871,,,-171.3123255758587,364.6246511517173,401.7016694611216
2026-06-07T23:14:14,62,21,620021,"ARX(1,1)",-172.0367457911885,366.073491582377,403.1505098917813,True,0,0.9402411831038048,0.0378050161994822,0.6005297917897023,0.2692607645781526,0.1370117947590214,0.7077572925126668,0.2356977305609437,0.5573625235390604,0.1110813326311435,0.2654691258034143,0.6937299039021488,,,-172.03674579122338,366.0734915824468,403.1505098918511
2026-06-07T23:16:13,62,22,620022,"ARX(1,1)",-172.03691803831464,366.0738360766293,403.1508543860336,True,0,0.9272917444835878,0.037749778959443,0.6044113110104316,0.2684743780374125,0.1361596202582674,0.7085237246814344,0.236038534189,0.555946912177885,0.1101238922110889,0.2659017033049757,0.6942441637269555,,,-172.03691807724556,366.0738361544911,403.1508544638954
2026-06-07T23:19:23,62,23,620023,"ARX(1,1)",-171.32852210666655,364.6570442133331,401.7340625227374,True,0,0.0619141231529392,0.0110483693491299,0.94285858888835,0.2644447747527967,0.024002706501784,0.730340323387374,0.3108434259058362,0.435753888180912,0.1193637964270488,0.2358956722987754,0.7427459747589866,,,-171.3285222092082,364.6570444184164,401.7340627278207
2026-06-07T23:27:10,62,24,620024,"ARX(1,1)",-172.0364731890607,366.0729463781214,403.1499646875257,True,0,0.9455946147148204,0.0378397756160223,0.5986309938610075,0.2689031848366635,0.1389117926933309,0.7080883315413895,0.235280406620834,0.5563503884911131,0.1101686247070246,0.2656060994332263,0.6941997385850541,,,-172.03647318896188,366.07294637792376,403.14996468732807
2026-06-07T23:29:13,62,25,620025,"ARX(1,1)",-172.04595919801187,366.09191839602374,403.16893670542805,True,0,1.0169833886486874,0.0378045539534077,0.5778528744428139,0.269266616639459,0.1508312522228297,0.7078752015285102,0.2317312663016686,0.5532369157253498,0.1118652784349354,0.2663994143868736,0.6905096379976925,,,-172.04595919666676,366.0919183933335,403.1689367027378
2026-06-07T23:31:36,62,26,620026,"ARX(1,1)",-172.03729905341987,366.07459810683974,403.15161641624405,True,0,0.9631978035039792,0.0377334402707576,0.5926666573405949,0.2693033860135536,0.1417969082892239,0.7078605013753156,0.2347713041014158,0.5544077084429587,0.111068077430707,0.2657406061141368,0.6928133511285338,,,-172.03729905080027,366.0745981016005,403.15161641100485
2026-06-07T23:33:05,62,27,620027,"ARX(1,1)",-172.03661970389322,366.07323940778645,403.15025771719075,True,0,0.9445555957817426,0.0377640967747958,0.6001595547449291,0.2695961155139921,0.1379076986023751,0.7074250778024808,0.2347200103799214,0.5549934399581073,0.1102210056630141,0.2653598298885353,0.6943439106633422,,,-172.03661971664312,366.07323943328623,403.15025774269054
2026-06-07T23:35:02,62,28,620028,"ARX(1,1)",-172.0366819910057,366.0733639820114,403.1503822914157,True,0,0.9524569174445464,0.0377372706212098,0.5973295870531996,0.2683676239658854,0.1393040275011276,0.7087053260382269,0.2346915722314818,0.5550851023751535,0.1106515101045906,0.2650853681533484,0.694145067995925,,,-172.0366819864335,366.073363972867,403.1503822822713
2026-06-07T23:36:49,62,29,620029,"ARX(1,1)",-172.0369821600368,366.0739643200736,403.15098262947794,True,0,0.9525521622322488,0.038078634239255,0.596484216419443,0.2663724736134725,0.1395364968291921,0.710375292920765,0.2351257323360881,0.5572795442081623,0.1107410607433089,0.2667005259550074,0.6926361853257258,,,-172.0369821710085,366.073964342017,403.1509826514213
2026-06-07T23:39:04,62,30,620030,"ARX(1,1)",-172.03854130833906,366.0770826166781,403.15410092608244,True,0,0.9134724043635752,0.0378097523483065,0.6070638782403627,0.269103209510205,0.1354345170307782,0.7080047325833188,0.237220713042327,0.5561892637361607,0.1079210326377675,0.2667724757630594,0.6963051425201066,,,-172.0385413083465,366.077082616693,403.1541009260973
2026-06-07T23:41:25,62,31,620031,"ARX(1,1)",-171.52790578028345,365.0558115605669,402.1328298699712,True,0,0.0646621988093383,0.05644794485402,0.947022074323806,0.2536005263083086,0.0213760298209133,0.717860028979293,0.2950266113818088,0.4767985030381815,0.1220466051247531,0.2406161311820297,0.7355170126899605,,,-171.52790578616992,365.0558115723399,402.13282988174416
2026-06-07T23:43:03,62,32,620032,"ARX(1,1)",-171.4931449306659,364.9862898613318,402.0633081707361,True,0,0.0618585011235806,0.0139667309386519,0.9456512239251146,0.2253008658347893,0.0224379116309611,0.7686076265901981,0.2990806659752218,0.4057340219949171,0.1459103700064143,0.2384535672252392,0.7065366974612046,,,-171.49314496889457,364.98628993778914,402.0633082471935
2026-06-07T23:45:10,62,33,620033,"ARX(1,1)",-171.40295144073417,364.80590288146834,401.88292119087265,True,0,0.0530837716721111,0.023123896461836,0.9476960856579396,0.2748276047309822,0.0233362325978002,0.7126002358642467,0.3236306603087475,0.5073758252403557,0.1170566961908365,0.2177114036618305,0.7699886755193375,,,-171.40295144073394,364.8059028814679,401.8829211908722
2026-06-07T23:46:40,62,34,620034,"ARX(1,1)",-171.72284611735222,365.44569223470444,402.52271054410875,True,0,0.0629585365873084,0.0760389703134633,0.9492179259507764,0.2606883635017753,0.0204748275783612,0.6994038044051905,0.2950855816732035,0.5025469755823234,0.1133712334323554,0.227707627160672,0.7579231003406058,,,-171.72284611550668,365.44569223101337,402.5227105404177
2026-06-07T23:48:19,62,35,620035,"ARX(1,1)",-171.60467188932066,365.2093437786413,402.2863620880456,True,0,0.0595573361025476,0.0646653681023,0.950407821275198,0.2546964555579142,0.0203064596941012,0.7127700204981176,0.2993797489914185,0.480078229077329,0.1259567521353567,0.2429035410638782,0.7287451079193756,,,-171.60467189129014,365.2093437825803,402.2863620919846
2026-06-07T23:50:21,62,36,620036,"ARX(1,1)",-172.03674540866942,366.07349081733884,403.15050912674315,True,0,0.9527152036650938,0.0371898127397146,0.596118993372262,0.2696154355889388,0.1399429846892523,0.7077320995016244,0.2351115482951247,0.5559191954802853,0.1109063743169045,0.2655718574055379,0.6934438896753071,,,-172.03674540770157,366.0734908154032,403.15050912480746
2026-06-07T23:52:05,62,37,620037,"ARX(1,1)",-171.3126708551206,364.6253417102412,401.7023600196455,True,0,0.0571376828995011,0.0007242226842737,0.9451528798567832,0.2548709744482018,0.023548595116538,0.744794422248526,0.3132900020952079,0.4225361499922015,0.1238909779674367,0.22685815756857,0.7477361992483887,,,-171.31267085532497,364.62534171064993,401.70236002005424
2026-06-07T23:53:34,62,38,620038,"ARX(1,1)",-172.03650472644742,366.07300945289484,403.15002776229915,True,0,0.9392071122954704,0.0376522039032962,0.6006592091187747,0.268844808713177,0.1376589340350524,0.7083176986252555,0.2355514903871909,0.5551337416283354,0.1101911127003713,0.2657266620367743,0.6941614299865864,,,-172.03650472622633,366.0730094524527,403.15002776185696
2026-06-07T23:54:57,62,39,620039,"ARX(1,1)",-171.39467509962827,364.78935019925655,401.86636850866086,True,0,0.0572533841213035,0.0246773260604607,0.9459948511453806,0.2696049386005847,0.0235484174535159,0.7168831334356492,0.3168189114406693,0.5050414566243718,0.1201100477025017,0.221988622544196,0.7622799711799769,,,-171.3946750995916,364.7893501991832,401.8663685085875
2026-06-07T23:56:52,62,40,620040,"ARX(1,1)",-172.0506520466082,366.1013040932164,403.1783224026207,True,0,0.8734339714383988,0.041675680961722,0.6264777576352575,0.2654343686322811,0.1264213161546225,0.709163308006329,0.2366883076935124,0.5613610769012505,0.1075866104995776,0.26613559430361,0.6982431554529084,,,-172.05065204663612,366.1013040932722,403.1783224026765
2026-06-07T22:32:51,63,1,630001,"ARX(1,1)",-172.04221176239872,366.08442352479744,403.16144183420175,True,0,0.8847303009019689,0.0369748904638471,0.61709384273703,0.2724196131180096,0.130572109524157,0.705062571250967,0.2379415129626699,0.5551560770884366,0.1087567298888191,0.2672396827913721,0.6944822153171215,,,-172.04221176587006,366.0844235317401,403.1614418411445
2026-06-07T22:35:08,63,2,630002,"ARX(1,1)",-172.03967996923956,366.0793599384791,403.1563782478834,True,0,0.9483428292238684,0.039878760448106,0.5992748030584508,0.2701656513277938,0.1377864124550226,0.7051413825119079,0.2348225203169268,0.5654806850025568,0.1074450797428166,0.2634223389788548,0.6996341829597761,,,-172.039679971617,366.079359943234,403.1563782526383
2026-06-07T22:36:29,63,3,630003,"ARX(1,1)",-171.45972141386682,364.91944282773363,401.99646113713794,True,0,0.0509358780875155,0.0240818190848144,0.9482906759555508,0.2846384935232257,0.0234153806454543,0.7025406212985029,0.3306732704847425,0.5032066732341173,0.109554430329838,0.2110308434778654,0.7863894292344983,,,-171.45972141385252,364.919442827705,401.99646113710935
2026-06-07T22:38:22,63,4,630004,"ARX(1,1)",-172.03787225549803,366.07574451099606,403.15276282040037,True,0,0.9714124293636588,0.038476217077383,0.5916273637401991,0.2692284072080677,0.142329876200474,0.7073249594933337,0.2339167030230804,0.5585184102701714,0.1103292726521232,0.264591276354952,0.6948265807027301,,,-172.03787225542524,366.0757445108505,403.1527628202548
2026-06-07T22:40:19,63,5,630005,"ARX(1,1)",-172.03698664700752,366.07397329401505,403.15099160341936,True,0,0.9576439817176762,0.0375100463473552,0.5944887086830061,0.2699778448277339,0.1404871544280898,0.7073350587467713,0.2349074184812515,0.5546123972080589,0.1100032753345338,0.264808408039095,0.6949812638001766,,,-172.03698664905852,366.073973298117,403.15099160752135
2026-06-07T22:42:04,63,6,630006,"ARX(1,1)",-172.0367046396426,366.0734092792852,403.1504275886895,True,0,0.9495004671393794,0.0377264638698617,0.5970250585274559,0.2696194750270775,0.1397661686413228,0.707344780175275,0.2352295039656152,0.5570796159534067,0.1107763879136406,0.2661887036254737,0.6926459805084069,,,-172.0367046451862,366.0734092903724,403.1504275997767
2026-06-07T22:43:57,63,7,630007,"ARX(1,1)",-172.0368115961902,366.0736231923804,403.1506415017847,True,0,0.955775032594988,0.0379182956151237,0.5953655879875988,0.2680226403083227,0.1398346004683036,0.7089796838081845,0.2350574321274013,0.5543864734362446,0.1103870127227089,0.2652719931633195,0.6942826387757182,,,-172.03681159051678,366.0736231810336,403.15064149043786
2026-06-07T22:45:45,63,8,630008,"ARX(1,1)",-172.03720764651405,366.0744152930281,403.1514336024324,True,0,0.9617746127936374,0.0383186228247896,0.5934154476722381,0.267415955830239,0.1413715820593299,0.709325305995164,0.2348929833335812,0.5570014677704849,0.1108308914932877,0.2663109336777912,0.6926355873909251,,,-172.03720763907367,366.07441527814734,403.1514335875517
2026-06-07T22:49:13,63,9,630009,"ARX(1,1)",-172.036462012401,366.072924024802,403.1499423342063,True,0,0.9430031640671184,0.0377619654883998,0.5994756164112008,0.2691424619979282,0.1384320583372843,0.7079173669919681,0.2353649044149411,0.5558771236661898,0.1100981536648224,0.2656281045191638,0.6942949105685696,,,-172.03646201252883,366.07292402505766,403.149942334462
2026-06-07T22:50:40,63,10,630010,"ARX(1,1)",-172.03671192082487,366.07342384164974,403.15044215105405,True,0,0.951465062604708,0.0373453415221064,0.5962840639085808,0.2703564741269122,0.1400873692736816,0.7069738901905476,0.2351957462225873,0.555565882548608,0.1101781423840881,0.2658013891793011,0.6938849835156963,,,-172.0367119210258,366.0734238420516,403.15044215145593
2026-06-07T22:52:09,63,11,630011,"ARX(1,1)",-171.3221688578259,364.6443377156518,401.7213560250561,True,0,0.0612765773267906,0.0064727567516032,0.9436862266862114,0.2580521133443572,0.023573353548045,0.7389808406844532,0.30686302104011,0.4207922792256772,0.1235545556934928,0.2338393830049815,0.7389330549306097,,,-171.32216885719745,364.6443377143949,401.7213560237992
2026-06-07T22:54:31,63,12,630012,"ARX(1,1)",-172.0366464136318,366.0732928272636,403.1503111366679,True,0,0.934695732223759,0.0374876696050363,0.601723189150442,0.2687869544051545,0.1372478324123248,0.7084809240500104,0.2358108457633818,0.5542753353543192,0.110200851924651,0.2659594322229965,0.6938124686713327,,,-172.03664641368232,366.07329282736464,403.15031113676895
2026-06-07T22:56:29,63,13,630013,"ARX(1,1)",-172.0369346553217,366.0738693106434,403.1508876200477,True,0,0.9592625199568856,0.0378330616154907,0.5939289392674671,0.2680336427687134,0.1406855226178122,0.7090012899366295,0.2350824668712268,0.5557342813135941,0.1108625262438174,0.2652981133671461,0.6937153800896466,,,-172.03693465534425,366.0738693106885,403.1508876200928
2026-06-07T22:58:13,63,14,630014,"ARX(1,1)",-171.3123257958597,364.6246515917194,401.7016699011237,True,0,0.0575260197721016,0.0012826495973821,0.9448616679443108,0.2568016565820362,0.023648157529016,0.7426066596025952,0.3135498022405605,0.4228762200783306,0.1231117130523244,0.2270659124542917,0.7484042895368755,,,-171.31232579601527,364.62465159203055,401.70166990143485
2026-06-07T23:00:42,63,15,630015,"ARX(1,1)",-171.31675129612645,364.6335025922529,401.7105209016572,True,0,0.0558335269885202,0.004700029335762,0.9460765033873508,0.2516537065964454,0.0232995538803829,0.7461771464046886,0.3162244468625158,0.4251060920416635,0.1250691623733726,0.2287092610594916,0.7450806157265696,,,-171.3167542342984,364.6335084685968,401.7105267780011
2026-06-07T23:03:01,63,16,630016,"ARX(1,1)",-172.0397533775224,366.0795067550448,403.1565250644491,True,0,0.988623166060784,0.0384806973838305,0.5863324135337701,0.2680305669762534,0.1450100224439907,0.7085783477645273,0.2333764953337773,0.5584845262079619,0.1116375541420072,0.2646515958553011,0.6931479979138147,,,-172.03975337756583,366.07950675513166,403.156525064536
2026-06-07T23:04:45,63,17,630017,"ARX(1,1)",-172.0366107530965,366.073221506193,403.15023981559733,True,0,0.938978306759698,0.0377165930462464,0.5997404010635015,0.269406067832162,0.1378210467061645,0.7076293276397808,0.2361581032746542,0.5564292310778532,0.1102618870754768,0.2653935964152509,0.6945140382094779,,,-172.03661074910275,366.0732214982055,403.1502398076098
2026-06-07T23:06:29,63,18,630018,"ARX(1,1)",-172.03671677409085,366.0734335481817,403.150451857586,True,0,0.9312006386270162,0.0377357948628507,0.6031308129903257,0.2701702888937796,0.1365525379239581,0.7069040331342293,0.2359040376398823,0.5559244380601056,0.1097748732536141,0.2657308700740755,0.6947594180452775,,,-172.0367167753339,366.0734335506678,403.1504518600721
2026-06-07T23:08:12,63,19,630019,"ARX(1,1)",-171.31237121680414,364.6247424336083,401.7017607430126,True,0,0.0574765314330983,0.0019671579194979,0.9449655160574112,0.2565048395455951,0.0235985567086965,0.7425889038454973,0.3134553704678889,0.4232194848216027,0.1231844227862899,0.2270061542544711,0.7484324091531177,,,-171.31237121630102,364.624742432602,401.7017607420064
2026-06-07T23:10:00,63,20,630020,"ARX(1,1)",-171.32029631100738,364.64059262201476,401.7176109314191,True,0,0.0571468656837538,0.0079737936488943,0.9458617228631722,0.2614507311822081,0.0231959991426595,0.7347483571943131,0.3119081975593093,0.4369499728941433,0.1227294618238911,0.2307711704398755,0.7460313190662986,,,-171.32029611092577,364.64059222185153,401.71761053125584
2026-06-07T23:11:33,63,21,630021,"ARX(1,1)",-172.03646524001238,366.07293048002475,403.14994878942906,True,0,0.9438496789751364,0.0377999258003892,0.5991103172941421,0.2690806969627685,0.138729858456808,0.7079525870518242,0.2353738715811456,0.5563433496922889,0.1101334767542243,0.2655933950175076,0.6942875287981702,,,-172.03646523987976,366.0729304797595,403.14994878916383
2026-06-07T23:13:26,63,22,630022,"ARX(1,1)",-172.0367871017748,366.0735742035496,403.1505925129539,True,0,0.933700901167966,0.0375725040728842,0.6010338977586107,0.2680925542415369,0.1379061512310876,0.7090246570597953,0.2363176464463112,0.5567649236105119,0.1105312222983039,0.2660931882601827,0.6933587777753732,,,-172.03678710106317,366.0735742021264,403.15059251153065
2026-06-07T23:15:19,63,23,630023,"ARX(1,1)",-172.03769435791227,366.07538871582454,403.15240702522885,True,0,0.930313047202791,0.0379703538986546,0.6022708098170445,0.2720099311607612,0.13879382519478,0.7047897104527434,0.2361474484149074,0.5567259544285651,0.1102383884128794,0.2676065157477481,0.6917920558120982,,,-172.0376943416255,366.075388683251,403.1524069926553
2026-06-07T23:16:31,63,24,630024,"ARX(1,1)",-172.03668845096794,366.0733769019359,403.1503952113402,True,0,0.9526512886867804,0.0380146239639453,0.5965375656384427,0.2680861817595368,0.1404966988514547,0.7088060018569825,0.2348583746373279,0.557411477541933,0.1101745526293997,0.2652098405471484,0.6945179810828169,,,-172.0366884473754,366.0733768947508,403.15039520415513
2026-06-07T23:18:36,63,25,630025,"ARX(1,1)",-172.03968826829885,366.0793765365977,403.156394846002,True,0,0.9848516895341743,0.0378752276711228,0.5875704437841942,0.2706704606119745,0.143374503120749,0.706363834412716,0.2335329143623745,0.5544567476864756,0.1100618728901474,0.2646824328104267,0.6951662420131169,,,-172.03968826848865,366.0793765369773,403.1563948463816
2026-06-07T23:20:41,63,26,630026,"ARX(1,1)",-172.0364809938328,366.0729619876656,403.14998029706993,True,0,0.9398590864286532,0.0377698867701135,0.6003877123097079,0.2689853362396885,0.1378921763322667,0.7080630210894153,0.2355799920146,0.5561210104934816,0.1101504065269232,0.2658287648041145,0.6940968496743134,,,-172.03648099388437,366.0729619877688,403.149980297173
2026-06-07T23:22:55,63,27,630027,"ARX(1,1)",-172.046264387122,366.092528774244,403.1695470836483,True,0,1.013007117841018,0.0388591226219897,0.5796876046755888,0.2600292589394536,0.1473641586027633,0.7166836333474353,0.2322520146309044,0.5501515458763991,0.1131036675091958,0.2643572740008451,0.6916979968367051,,,-172.0462643871318,366.0925287742636,403.1695470836679
2026-06-07T23:24:14,63,28,630028,"ARX(1,1)",-172.04199540782304,366.0839908156461,403.1610091250504,True,0,0.9853988103664274,0.0367045151316344,0.5844789373544514,0.2646948247446627,0.1453870331815818,0.7124943236371198,0.2345724806294411,0.5638369331154433,0.1121643891421728,0.264343508616677,0.6921793838502373,,,-172.04199540848433,366.0839908169687,403.16100912637296
2026-06-07T23:26:56,63,29,630029,"ARX(1,1)",-172.0371169728082,366.0742339456164,403.1512522550207,True,0,0.9536495167896606,0.0383709467721369,0.5958047630333496,0.2650757709715145,0.1400635345625239,0.7115933408075588,0.2352257739330938,0.5565456772677644,0.1108455885032233,0.2647799303630442,0.6942464625888242,,,-172.03711696527094,366.0742339305419,403.1512522399462
2026-06-07T23:29:20,63,30,630030,"ARX(1,1)",-171.3205089516649,364.6410179033298,401.7180362127341,True,0,0.0609492112251584,0.0029425726231874,0.9426863298117086,0.2639844635952131,0.024376931364895,0.7346537307629011,0.3134406138583561,0.4251862868764834,0.1243248997339261,0.2319235561281992,0.7422751307185189,,,-171.32050895176718,364.6410179035344,401.7180362129386
2026-06-07T23:31:34,63,31,630031,"ARX(1,1)",-172.03707899305573,366.07415798611146,403.15117629551577,True,0,0.9605841893930364,0.037985076859921,0.5949757888536255,0.2676705184426832,0.1412191360569677,0.7092990162000887,0.2341899944767822,0.5557930992989597,0.1107272778187959,0.264643751827075,0.6944202082974397,,,-172.0370789908144,366.0741579816288,403.1511762910331
2026-06-07T23:34:26,63,32,630032,"ARX(1,1)",-172.03648134704895,366.0729626940979,403.1499810035022,True,0,0.9396279537523116,0.03771764813793,0.6004012927959694,0.2691396126671639,0.1379008189976246,0.7079353423077803,0.2355830746676461,0.5560169969759594,0.110092515428565,0.2656607592545916,0.6943337715974702,,,-172.03648134701103,366.07296269402207,403.1499810034264
2026-06-07T23:36:24,63,33,630033,"ARX(1,1)",-171.3123374633831,364.6246749267662,401.7016932361705,True,0,0.0575814129696298,0.0013972662420244,0.9448530281866616,0.2568647163991657,0.0236461558682495,0.7424910026384249,0.313472802977334,0.4228608330083063,0.1231213360072512,0.2274161549799561,0.7480640191962453,,,-171.31233746208864,364.62467492417727,401.7016932335816
2026-06-07T23:37:57,63,34,630034,"ARX(1,1)",-171.3942010025644,364.7884020051288,401.8654203145331,True,0,0.0558541482137467,0.0235926632020174,0.9463497350707388,0.2749647246482906,0.0235770846545507,0.712296681201545,0.3197626980476099,0.5023251628487929,0.1185732654793789,0.2187609499543107,0.7665104061886113,,,-171.39420103227712,364.7884020645543,401.86542037395856
2026-06-07T23:39:35,63,35,630035,"ARX(1,1)",-172.03678414078922,366.07356828157845,403.15058659098275,True,0,0.9460851460330688,0.0384382614728795,0.5990533457069978,0.2692559213780543,0.1397946895981675,0.7072765583334459,0.2350098327826133,0.5586512335992974,0.1102136963611278,0.2657061793976596,0.6942592011132456,,,-172.03678414172725,366.0735682834545,403.1505865928588
2026-06-07T23:41:37,63,36,630036,"ARX(1,1)",-172.04320806938023,366.08641613876046,403.16343444816476,True,0,1.0068694221163934,0.039097082773283,0.5803169752074486,0.2666101853996425,0.1486674419340842,0.7095711162841691,0.2328492364751456,0.562052475637317,0.1113558621713278,0.2641237366760214,0.6940990605126497,,,-172.0432080693792,366.0864161387584,403.1634344481627
2026-06-07T23:44:46,63,37,630037,"ARX(1,1)",-172.0367535163664,366.0735070327328,403.1505253421371,True,0,0.9355963115831925,0.0379069607971707,0.6017482526928628,0.2709979343582853,0.1372426868952312,0.7057762444725767,0.2356919277688251,0.5574966813778122,0.1093524411412554,0.2661402647638602,0.6945997386509348,,,-172.0367535168616,366.0735070337232,403.1505253431275
2026-06-07T23:46:26,63,38,630038,"ARX(1,1)",-172.0372074388187,366.0744148776374,403.15143318704173,True,0,0.946157294695422,0.0377824907989342,0.5986910068421073,0.2681620003228006,0.1387262087572185,0.7091250678345269,0.2352241444685104,0.5499127631388289,0.1106992165837092,0.2653239319856853,0.6938914390972547,,,-172.0372074529587,366.0744149059174,403.1514332153217
2026-06-07T23:48:34,63,39,630039,"ARX(1,1)",-172.03665050805952,366.07330101611905,403.15031932552336,True,0,0.950676541656827,0.0375703646267456,0.5971852787547409,0.2687942057398791,0.1391636568168782,0.708468515005227,0.2350733024899025,0.5540468298092548,0.1102218398012072,0.2654258049055664,0.6942386810296689,,,-172.0366504994421,366.0733009988842,403.1503193082885
2026-06-07T23:50:08,63,40,630040,"ARX(1,1)",-172.03692865516277,366.07385731032554,403.15087561972985,True,0,0.9368388521185552,0.0383213453523801,0.6000280093027737,0.2691579834216496,0.1386924482612909,0.707278246654365,0.2362661001712777,0.5593883632785269,0.1096367600102527,0.2661535906831122,0.69446717083264,,,-172.03692865458302,366.0738573091661,403.1508756185704
2026-06-07T22:41:41,64,1,640001,"ARX(1,1)",-171.3447346974849,364.6894693949698,401.76648770437413,True,0,0.0583464907914635,0.0159457832736024,0.944953176076312,0.2674839074961915,0.0236363743695031,0.7246441319191087,0.3148947809199248,0.4584989151484442,0.1210699485427343,0.2273929863195324,0.7520578038730649,,,-171.34473469956686,364.6894693991337,401.766487708538
2026-06-07T22:43:00,64,2,640002,"ARX(1,1)",-171.3124106749374,364.6248213498748,401.70183965927913,True,0,0.0574962511145496,0.0017591599518737,0.9449585458105592,0.2565161204244033,0.0236005863525022,0.7426701646936288,0.3134692607952631,0.4236758690332278,0.1234573719870102,0.227819881630209,0.7473133402052893,,,-171.3124106745069,364.6248213490138,401.7018396584181
2026-06-07T22:45:45,64,3,640003,"ARX(1,1)",-94.96717892787515,211.9343578557503,249.0113761651546,True,0,0.4942869292165353,2.493873159138063,0.3237382618456174,0.9004954113908841,0.4430959195242415,0.0569508869864405,0.1985391506235354,0.0660740087557177,0.0472657777316685,0.3896767027457211,0.597056608239768,,,-94.96717892712978,211.9343578542596,249.01137616366384
2026-06-07T22:47:32,64,4,640004,"ARX(1,1)",-171.31233633199594,364.6246726639919,401.7016909733962,True,0,0.0575312350352514,0.0013426792336206,0.9448705813273134,0.2565909625054496,0.023641780964998,0.7427906052780515,0.3134576831494924,0.4228961098083508,0.1230049749462214,0.2270313920840299,0.7485444486248422,,,-171.31233633235962,364.6246726647192,401.7016909741236
2026-06-07T22:48:47,64,5,640005,"ARX(1,1)",-172.03673918677976,366.0734783735595,403.1504966829638,True,0,0.9550904895690072,0.0380744683418068,0.5957018299609471,0.2686954627100604,0.1405741064316884,0.7083423165408479,0.234892086948398,0.5557815392155058,0.1105157389062577,0.2654344542827018,0.6938557337559154,,,-172.03673918400472,366.07347836800943,403.15049667741374
2026-06-07T22:50:51,64,6,640006,"ARX(1,1)",-171.31240910873242,364.62481821746485,401.70183652686916,True,0,0.0573358404228122,0.0013314243207416,0.9449308785095768,0.2564968112500606,0.0236514405609056,0.7428881389569806,0.3139454117200722,0.4237730312946742,0.122937711896385,0.2266935354428372,0.7492070072488003,,,-171.31240910845327,364.6248182169065,401.7018365263109
2026-06-07T22:53:11,64,7,640007,"ARX(1,1)",-171.31232643911508,364.62465287823017,401.7016711876345,True,0,0.0574849696239714,0.0012937450117896,0.9448858041408196,0.2566976478195782,0.023643957650302,0.7427055215234272,0.3136236680757098,0.4229522752954372,0.1231958861622447,0.2270627955333599,0.7483657849304468,,,-171.31232643850933,364.62465287701866,401.70167118642297
2026-06-07T22:54:39,64,8,640008,"ARX(1,1)",-171.3124107805022,364.6248215610044,401.7018398704087,True,0,0.0573498335235436,0.0015308521722459,0.9449495444462748,0.2566746957290005,0.0236441654208889,0.7426236002545576,0.3139645734630672,0.4230512740816983,0.1232297842695375,0.2267303025116556,0.7487335434083519,,,-171.31241078213992,364.62482156427984,401.70183987368415
2026-06-07T22:56:36,64,9,640009,"ARX(1,1)",-172.0371131831513,366.0742263663026,403.1512446757069,True,0,0.9574495278171148,0.0380693468125263,0.5955626821827733,0.2662999660505028,0.1399441652516734,0.7105767503410926,0.2347018569825478,0.5571448881332781,0.1103381444436796,0.2644189023363557,0.6953205245823101,,,-172.0371134068647,366.0742268137294,403.1512451231337
2026-06-07T22:58:19,64,10,640010,"ARX(1,1)",-171.3123405725446,364.6246811450892,401.7016994544935,True,0,0.0575705153799728,0.0016455437940039,0.9448704438247484,0.2568444565470753,0.0236395005848478,0.7423963273029179,0.3134337649233851,0.4233012591586782,0.1230981175595179,0.2271556896422029,0.7483514803591923,,,-171.31234057219788,364.62468114439577,401.7016994538001
2026-06-07T23:00:13,64,11,640011,"ARX(1,1)",-172.0374448830259,366.0748897660518,403.1519080754561,True,0,0.9637382002229872,0.0385490224273613,0.5937874202854136,0.2690459708972278,0.1405448066173182,0.7074363165960388,0.2344119632247496,0.5582646343657796,0.1111695753958415,0.265835656146356,0.6923964036068727,,,-172.0374448828607,366.0748897657214,403.1519080751257
2026-06-07T23:01:52,64,12,640012,"ARX(1,1)",-172.04909722529356,366.09819445058713,403.17521275999144,True,0,1.0178819099070384,0.0381153622320179,0.5749399680741348,0.2683444969166285,0.1477735421908272,0.7078628191007402,0.233697633915164,0.5695691913096415,0.1120959035393569,0.2626937803790329,0.6945285269147641,,,-172.0490972254084,366.0981944508168,403.1752127602211
2026-06-07T23:03:59,64,13,640013,"ARX(1,1)",-172.03767250846437,366.07534501692874,403.15236332633305,True,0,0.9172603416777624,0.0370445179895372,0.6075386978629114,0.2698941589916631,0.1345554883743835,0.7076962817875477,0.2362892055109265,0.5530458517586467,0.1096578997808584,0.2661717812144387,0.6945162143876534,,,-172.03767250850802,366.0753450170161,403.1523633264204
2026-06-07T23:06:13,64,14,640014,"ARX(1,1)",-172.0433545747641,366.0867091495282,403.1637274589325,True,0,0.969640212812534,0.0397325388676542,0.595701134717305,0.2575946201309618,0.1370426357648375,0.7178664710263086,0.2331491411464905,0.5593029029709217,0.1116455847902697,0.263534389587872,0.6946516075083344,,,-172.04335456995608,366.08670913991216,403.16372744931647
2026-06-07T23:08:32,64,15,640015,"ARX(1,1)",-171.33421768410665,364.6684353682133,401.7454536776176,True,0,0.0592483993193389,0.0185637957357405,0.9456338123886744,0.2605226392665127,0.0230095485537721,0.7305950331652532,0.3086315282267176,0.4442298919881109,0.1227026799472195,0.2323767869701384,0.7442578226407713,,,-171.33421770265625,364.6684354053125,401.7454537147168
2026-06-07T23:10:10,64,16,640016,"ARX(1,1)",-172.03646227437045,366.0729245487409,403.1499428581452,True,0,0.942812981503904,0.0378120967932763,0.5994743021916477,0.2690928888802486,0.1383505466703848,0.7079263027857329,0.2354345322510026,0.5561444184825938,0.1101171796988147,0.2656398295015451,0.6942816555356354,,,-172.03646227443377,366.0729245488675,403.1499428582718
2026-06-07T23:11:57,64,17,640017,"ARX(1,1)",-172.0364766282887,366.0729532565774,403.14997156598173,True,0,0.9399774203759432,0.0377418937050865,0.6003331624783114,0.2691641317514954,0.1379776238894152,0.7079108174490732,0.2355401312450068,0.5558782152351178,0.1101015006961571,0.2657519976986663,0.6941851870395569,,,-172.03647662849323,366.07295325698647,403.1499715663908
2026-06-07T23:15:11,64,18,640018,"ARX(1,1)",-172.03737050816295,366.0747410163259,403.1517593257302,True,0,0.9652734597268756,0.0383407449474317,0.5921940646652553,0.2680630445654936,0.1422970572258045,0.7086581761246789,0.2346943794407104,0.5555709961313631,0.1108547382086202,0.2655190086025224,0.6930860379197294,,,-172.03737050842142,366.0747410168429,403.1517593262472
2026-06-07T23:17:05,64,19,640019,"ARX(1,1)",-172.03666445375734,366.0733289075147,403.150347216919,True,0,0.9324676106319436,0.0377132005689493,0.602819616119982,0.2700137198041895,0.136793586932877,0.7070750418259429,0.2357659648337896,0.5554751830459672,0.1099604671322579,0.2659877434445004,0.6941752820570518,,,-172.03666438350982,366.0733287670196,403.150347076424
2026-06-07T23:19:26,64,20,640020,"ARX(1,1)",-172.03666043856327,366.07332087712655,403.15033918653086,True,0,0.951776600706557,0.0379408374204035,0.5968397935995088,0.2695705962297134,0.1392305113743359,0.7073085452482364,0.2350810839686186,0.5571515504936807,0.1100316992992011,0.2654923777274641,0.6945804137055239,,,-172.03666040983106,366.0733208196621,403.1503391290664
2026-06-07T23:20:42,64,21,640021,"ARX(1,1)",-172.0374012102887,366.0748024205774,403.1518207299817,True,0,0.9511214570459888,0.0361291236654879,0.5955901947779264,0.2674222485861,0.1405443789651386,0.7104932944650824,0.2354579416453992,0.5527784842745539,0.1113358591174588,0.2657520980269985,0.692740139824208,,,-172.0374012096701,366.0748024193401,403.1518207287445
2026-06-07T23:22:18,64,22,640022,"ARX(1,1)",-171.3123388211155,364.624677642231,401.7016959516353,True,0,0.0574489555079838,0.0014155908821482,0.9449045189835936,0.2566844427710787,0.023641780590422,0.7426629431531404,0.3136625468759928,0.4231640864970339,0.1232126516403243,0.2267972231159347,0.748603422503678,,,-171.31233882073724,364.6246776414745,401.7016959508788
2026-06-07T23:23:45,64,23,640023,"ARX(1,1)",-172.03704407531166,366.0740881506233,403.1511064600276,True,0,0.9448014843483752,0.0383518253764148,0.5993746389254515,0.2694755658559837,0.1385084516690163,0.7070388642107728,0.2353799939973601,0.5606292551968153,0.1105480401572699,0.2644920863470258,0.6951126812859999,,,-172.0370440746922,366.0740881493844,403.1511064587887
2026-06-07T23:25:54,64,24,640024,"ARX(1,1)",-127.44879151814456,276.8975830362891,313.97460134569343,True,0,2.9656820378588797,4.199522393817124,0.260585679296655,0.7896036418576768,0.5325601168645838,0.1553949125438624,0.0223592118166328,0.1240715081035722,0.2114921524762283,0.1224746196881582,0.9811832104578152,,,-127.44879151814489,276.89758303628975,313.97460134569405
2026-06-07T23:27:28,64,25,640025,"ARX(1,1)",-172.0364633628363,366.0729267256726,403.1499450350769,True,0,0.9422919152341808,0.0377664693329752,0.5996340335906303,0.2692484049056867,0.1383464633523959,0.7077989190001737,0.2354297010867256,0.5561004080188748,0.1101070608334429,0.265718952051958,0.6941850588561368,,,-172.036463362746,366.072926725492,403.1499450348963
2026-06-07T23:29:12,64,26,640026,"ARX(1,1)",-172.0365541720575,366.073108344115,403.1501266535193,True,0,0.9458822325197002,0.0374364502175503,0.5980403733870476,0.2684068117155018,0.1395637044882203,0.7088002448169111,0.2353591667167793,0.5551559881938077,0.110270356772123,0.2657153833880589,0.6940326195862853,,,-172.03655415966148,366.07310831932296,403.15012662872726
2026-06-07T23:35:07,64,27,640027,"ARX(1,1)",-171.35650944115818,364.71301888231636,401.79003719172067,True,0,0.0610385885957123,0.0012864690727996,0.9440680351842018,0.2642114528302661,0.02339365103744,0.7352178265307939,0.3035415945099244,0.4002093917499805,0.1253127590845339,0.2336251061000593,0.7344586341503906,,,-171.35650942839527,364.71301885679054,401.7900371661949
2026-06-07T23:37:12,64,28,640028,"ARX(1,1)",-172.0378117603754,366.0756235207508,403.1526418301551,True,0,0.92060663926575,0.0368811517515287,0.605755427876691,0.2718734943850194,0.1362342487089468,0.705707762966203,0.2361677654129735,0.5565655213927322,0.1079532381522762,0.2658589035921087,0.6964326627754404,,,-172.0378117539491,366.0756235078982,403.1526418173025
2026-06-07T23:39:25,64,29,640029,"ARX(1,1)",-172.03647643441718,366.07295286883436,403.1499711782387,True,0,0.9432699533615768,0.0377159142159603,0.5996662053310543,0.2693711048388674,0.1385312522477021,0.7076979628198481,0.2351844897891571,0.5558735674387468,0.1101317094475946,0.2655403183219364,0.6943211621592887,,,-172.03647643441366,366.0729528688273,403.1499711782316
2026-06-07T23:40:47,64,30,640030,"ARX(1,1)",-171.85516990495788,365.71033980991575,402.78735811932006,True,0,0.0633439525991582,0.0853606056032295,0.9507057868917184,0.2597842973264119,0.0195214486160637,0.6971159895549809,0.2867013574274398,0.4865360666734544,0.1068154377464791,0.2432962721162562,0.7474029976296489,,,-171.85516990482108,365.71033980964216,402.7873581190465
2026-06-07T23:42:24,64,31,640031,"ARX(1,1)",-172.0365101762028,366.0730203524056,403.1500386618099,True,0,0.9463512801717756,0.0378351352082634,0.5984276116911273,0.2692553326005593,0.1389284580832809,0.7078095015504562,0.2351772771089308,0.5553878480652399,0.1098720057462022,0.2652683796451363,0.6948185786220695,,,-172.03651014587996,366.0730202917599,403.1500386011642
2026-06-07T23:44:06,64,32,640032,"ARX(1,1)",-172.0367724156206,366.0735448312412,403.1505631406455,True,0,0.9348680488221986,0.0383501521409558,0.6022785824125464,0.2686691208915073,0.1374793649108125,0.7079764446018783,0.235609748851347,0.5580416145595054,0.1094314182973776,0.265245808230491,0.6954935735168877,,,-172.03677240839914,366.0735448167983,403.1505631262026
2026-06-07T23:47:41,64,33,640033,"ARX(1,1)",-172.03663763464547,366.07327526929095,403.15029357869525,True,0,0.9387891112228084,0.0381658784854774,0.6012432986811909,0.2692853259853625,0.1374586437396729,0.7073661254108009,0.2354409025890872,0.5581726855612092,0.1095502872638268,0.2656512702430691,0.6950815124643402,,,-172.03663763435844,366.0732752687169,403.1502935781212
2026-06-07T23:49:43,64,34,640034,"ARX(1,1)",-171.3204045054755,364.640809010951,401.7178273203553,True,0,0.0592892874498997,0.0027451097466605,0.9440329851390544,0.2623114011194902,0.0237980753564821,0.7364644838060381,0.3103298291629776,0.4173143906606084,0.1212190062607665,0.2230625452187407,0.7537946799592138,,,-171.3204045059336,364.6408090118672,401.7178273212715
2026-06-07T23:51:38,64,35,640035,"ARX(1,1)",-172.0369284925295,366.073856985059,403.15087529446333,True,0,0.9327271843049938,0.0384978570549957,0.6027720955133342,0.270089239452444,0.13755141223448,0.7064721151204064,0.2358484446402012,0.5584215218227414,0.1096318207679125,0.2661017765829433,0.6946088558080763,,,-172.03692848585126,366.0738569717025,403.1508752811068
2026-06-07T23:53:34,64,36,640036,"ARX(1,1)",-172.0369665333143,366.0739330666286,403.15095137603294,True,0,0.9589847787528072,0.0381415079597599,0.5946011135643613,0.2689370299395484,0.1406053534042722,0.7077663530481794,0.2347744936800289,0.5583161973126556,0.1100964813058817,0.2650567996617851,0.6948025350671944,,,-172.03696656877463,366.07393313754926,403.1509514469536
2026-06-07T23:59:59,64,37,640037,"ARX(1,1)",-171.44935444097257,364.89870888194514,401.97572719134945,True,0,0.0818735598676423,0.0382142430791975,0.9337110767015548,0.2510232040221253,0.0270044755925653,0.7301235948874264,0.2944032341275576,0.4693527698240853,0.1123948173036211,0.2380198969825818,0.7464268495658789,,,-171.44935444174268,364.89870888348537,401.9757271928897
2026-06-08T00:01:56,64,38,640038,"ARX(1,1)",-172.03683171122344,366.0736634224469,403.1506817318512,True,0,0.954988584558988,0.0375799808945058,0.5954149269013876,0.2684549822645389,0.1398709723533203,0.7087090450159218,0.2352179684586241,0.555586468920382,0.1102019507057253,0.2661410693812736,0.693611548893832,,,-172.0368317115074,366.0736634230148,403.1506817324191
2026-06-08T00:03:48,64,39,640039,"ARX(1,1)",-172.03672180843535,366.0734436168707,403.150461926275,True,0,0.9317331260525588,0.0373753923676251,0.6023788038396973,0.2692825827210458,0.1369070326487747,0.7079708357667913,0.2361009089227791,0.5555167471729994,0.1102068948189713,0.2663118135893112,0.6934813582691876,,,-172.03672180851703,366.07344361703406,403.1504619264384
2026-06-08T00:07:40,64,40,640040,"ARX(1,1)",-172.03718003987655,366.0743600797531,403.1513783891574,True,0,0.938777726115233,0.0381731773884699,0.5998741427941371,0.2682799232879731,0.1393387608050901,0.7083326065112782,0.2358017748974679,0.5616699490754414,0.109405805814372,0.2653739892001179,0.6953351626457257,,,-172.03718003448608,366.07436006897217,403.1513783783765
2026-06-07T22:38:02,65,1,650001,"ARX(1,1)",-171.31232811511546,364.6246562302309,401.70167453963523,True,0,0.0574860818478637,0.0013762225550889,0.944908802787734,0.2565986045319954,0.0236302746335814,0.7427667345274406,0.3135230666621557,0.4229022936339136,0.1232127185180648,0.2271749171405003,0.7482133000929468,,,-171.31232811494604,364.6246562298921,401.7016745392964
2026-06-07T22:39:33,65,2,650002,"ARX(1,1)",-172.0365283914773,366.0730567829546,403.1500750923589,True,0,0.9369218635050552,0.0377891487611555,0.6011917823490991,0.2691746074924613,0.1376181253070517,0.7078603761993423,0.2356666945540453,0.5558318670843243,0.1097679053274306,0.2657821227748879,0.6945368649978935,,,-172.03652839144246,366.0730567828849,403.1500750922892
2026-06-07T22:42:10,65,3,650003,"ARX(1,1)",-172.03702003486603,366.07404006973206,403.1510583791364,True,0,0.9342251424663603,0.0379669755601145,0.6007996458538005,0.2693944007905506,0.1381563721091868,0.7074678787515642,0.2364053728676827,0.5602145665424259,0.1100609934033167,0.2661083767232711,0.6940877677888011,,,-172.03702003840584,366.0740400768117,403.151058386216
2026-06-07T22:44:48,65,4,650004,"ARX(1,1)",-171.31270061873676,364.6254012374735,401.7024195468778,True,0,0.0578543641387536,0.0014128873053195,0.9447072659224032,0.2583844158472598,0.023673746933072,0.7409615958106155,0.3129660855012575,0.4240435412065255,0.1230260379978465,0.2280734547650993,0.7471906152713326,,,-171.31270061862284,364.6254012372457,401.70241954665
2026-06-07T22:46:52,65,5,650005,"ARX(1,1)",-171.43768339962307,364.87536679924614,401.95238510865045,True,0,0.0522471514562431,0.0085304277392514,0.9481675556393568,0.3059587287569412,0.0227095816321819,0.6899573910167014,0.3196314647722491,0.4472070400930141,0.1195662106335637,0.2259890963949694,0.7521982638079137,,,-171.43768340118993,364.8753668023799,401.95238511178417
2026-06-07T22:48:49,65,6,650006,"ARX(1,1)",-171.31372082156577,364.62744164313153,401.70445995253584,True,0,0.0576333403539828,0.0040740511850426,0.9448832665553552,0.2572482582061398,0.0236273544324611,0.7408585391746798,0.3137835637094102,0.4279695036070677,0.1215759688659674,0.2264877472388881,0.7513415047709179,,,-171.3137208246744,364.6274416493488,401.7044599587531
2026-06-07T22:49:54,65,7,650007,"ARX(1,1)",-171.55136064653522,365.10272129307043,402.17973960247474,True,0,0.0559336426049089,0.0582127111617617,0.9510405859421578,0.2637167632581962,0.0207969441803695,0.7056511883065653,0.3042376496942557,0.5046217317175888,0.1186026693393613,0.2214619540231116,0.7602663443132412,,,-171.55136065004268,365.10272130008536,402.1797396094897
2026-06-07T22:51:29,65,8,650008,"ARX(1,1)",-172.03648658734244,366.0729731746849,403.1499914840892,True,0,0.939222221757797,0.0377745838799517,0.6007352600968722,0.2691243287584099,0.1377956037380274,0.7079309421059741,0.2355044716962555,0.5559698630508119,0.1100994495891923,0.2657603143016487,0.6942084927562129,,,-172.03648658749518,366.0729731749904,403.14999148439466
2026-06-07T22:54:23,65,9,650009,"ARX(1,1)",-172.0368385138705,366.073677027741,403.1506953371453,True,0,0.9291858039530598,0.0374198421439472,0.6037602968276173,0.269359851887206,0.1362585845441578,0.707954180671184,0.2358386395011769,0.5543576288330898,0.1100853615504435,0.2659157822000946,0.6940375338495652,,,-172.0368385139068,366.0736770278136,403.1506953372179
2026-06-07T22:56:24,65,10,650010,"ARX(1,1)",-172.03694887301418,366.07389774602836,403.1509160554327,True,0,0.9288182671398068,0.0374540573433043,0.6035393280430565,0.2681123035599156,0.1361389707384104,0.7091619074834077,0.2360544265715633,0.5537511781893518,0.109852299547383,0.2658309351303554,0.6944377031853689,,,-172.03694887305485,366.0738977461097,403.150916055514
2026-06-07T22:58:06,65,11,650011,"ARX(1,1)",-171.31232650751522,364.62465301503045,401.70167132443476,True,0,0.0574467889956267,0.0011677054506887,0.9449047099028032,0.2566914990480955,0.0236403007173884,0.7427706638636712,0.3136070799792283,0.4227074911438141,0.1231979371709927,0.2269551832637086,0.7484298477829485,,,-171.31232650743672,364.6246530148735,401.70167132427775
2026-06-07T22:59:59,65,12,650012,"ARX(1,1)",-172.0369060439565,366.073812087913,403.1508303973173,True,0,0.9358645903440324,0.0381558538323387,0.6012907006680271,0.2698549231274855,0.1369569887746684,0.7068118681087124,0.2359688964006664,0.5592672516577571,0.1094813657604825,0.264920997475104,0.6956424315428792,,,-172.036906039104,366.073812078208,403.1508303876123
2026-06-07T23:01:25,65,13,650013,"ARX(1,1)",-172.036863316886,366.073726633772,403.15074494317633,True,0,0.9429346835600344,0.0385680477138739,0.5999456897804196,0.269372019615926,0.1382503666796422,0.7070130158148702,0.2354007482516819,0.560134757704005,0.1103328797043346,0.2652194219265038,0.6946932590975066,,,-172.03686331872376,366.0737266374475,403.15074494685183
2026-06-07T23:02:59,65,14,650014,"ARX(1,1)",-171.54996036789828,365.09992073579656,402.17693904520087,True,0,0.0805005488687533,0.0402523121615028,0.9323121932200432,0.2526919747825439,0.0284582780109146,0.7257551788942013,0.3029265704731335,0.5137012624973603,0.0979414109597266,0.2259596873405401,0.7781237841656035,,,-171.54996037004975,365.0999207400995,402.1769390495038
2026-06-07T23:04:39,65,15,650015,"ARX(1,1)",-172.04859584956915,366.0971916991383,403.1742100085426,True,0,0.9893715518694228,0.0369907509155328,0.5871767051132648,0.2709829823533772,0.1488873611912591,0.7074189045858233,0.2315936012876911,0.5521248600187805,0.1085321327110124,0.2569475325183389,0.7050988856131185,,,-172.0485958495761,366.0971916991522,403.1742100085565
2026-06-07T23:06:19,65,16,650016,"ARX(1,1)",-172.03647590111495,366.0729518022299,403.1499701116342,True,0,0.945878383623162,0.0377893488106954,0.5985052347271645,0.2689608333448069,0.1390051771508957,0.7080858872681032,0.2352639064001898,0.5560598302140937,0.1101421432690721,0.2654986236798413,0.6943387128438957,,,-172.03647590103185,366.0729518020637,403.149970111468
2026-06-07T23:08:24,65,17,650017,"ARX(1,1)",-171.34197978974612,364.68395957949224,401.76097788889655,True,0,0.0603553066729438,0.0134022117682258,0.9434210952802968,0.2729967511884952,0.02414656060537,0.7206072613494126,0.3134234576735252,0.4458803820464742,0.1217821012790214,0.2250550630414096,0.7513776296143359,,,-171.34197978965074,364.6839595793015,401.7609778887058
2026-06-07T23:10:05,65,18,650018,"ARX(1,1)",-172.0376927873807,366.0753855747614,403.1524038841657,True,0,0.9259073834637273,0.0378573662717392,0.6048551619049373,0.2725614825524878,0.1357139534644897,0.7045966339350401,0.2362006295671641,0.5545613556418394,0.1099328072757241,0.2678052530706326,0.6922192915808792,,,-172.03769279659272,366.07538559318544,403.15240390258975
2026-06-07T23:12:47,65,19,650019,"ARX(1,1)",-171.3123465656804,364.6246931313608,401.7017114407651,True,0,0.0575359714718076,0.0015390859015059,0.9448997162863524,0.2565937036612006,0.0236188029752095,0.7426962818982256,0.3133075122841244,0.4230168747166761,0.1230758477892755,0.226983327691566,0.7484481065254915,,,-171.31234656598912,364.62469313197823,401.70171144138254
2026-06-07T23:14:33,65,20,650020,"ARX(1,1)",-171.36338980981407,364.72677961962813,401.80379792903244,True,0,0.0613682227730649,0.025719748924846,0.9452778421025853,0.2599898078965832,0.0229525874093837,0.7272792541770161,0.3037366719156905,0.4597282563308633,0.123318542871823,0.2298638789655568,0.7463277612879543,,,-171.36338980936162,364.7267796187232,401.8037979281276
2026-06-07T23:16:16,65,21,650021,"ARX(1,1)",-171.31232996479773,364.62465992959545,401.70167823899976,True,0,0.0575655776785244,0.0014389973831893,0.9448535522057768,0.2567790237935768,0.0236460621487179,0.7425575339587217,0.3134925613560875,0.4229315224740945,0.1231022312102607,0.2270505535646998,0.7484603443495224,,,-171.31232996446397,364.624659928928,401.70167823833225
2026-06-07T23:17:55,65,22,650022,"ARX(1,1)",-172.03688865277968,366.07377730555936,403.15079561496367,True,0,0.9503288349679242,0.0387896488785964,0.5981011183332436,0.2687901810407557,0.1388079132037558,0.70749415936268,0.2347364414204416,0.5586821116134342,0.1100249288472152,0.2653487508430667,0.6940311606074036,,,-172.03688864642572,366.07377729285145,403.15079560225576
2026-06-07T23:19:42,65,23,650023,"ARX(1,1)",-172.03647110775893,366.07294221551786,403.14996052492216,True,0,0.9432285712739976,0.0379235411833256,0.599480581275817,0.2692771577768848,0.1385561432999931,0.707660340440682,0.2353239171007656,0.5565111945258466,0.110064224407153,0.265590662997191,0.6943612049859959,,,-172.036471107939,366.072942215878,403.1499605252823
2026-06-07T23:21:23,65,24,650024,"ARX(1,1)",-171.51337623873746,365.02675247747493,402.10377078687924,True,0,0.0690443420383652,0.0015654627444308,0.9406097932454446,0.2464961752082939,0.0240320266316593,0.752817630747627,0.2959094543527634,0.3951727823837109,0.1419973581151095,0.253270512814621,0.6910780528774312,,,-171.51337624032453,365.02675248064907,402.1037707900534
2026-06-07T23:23:18,65,25,650025,"ARX(1,1)",-172.03661404251102,366.07322808502204,403.15024639442635,True,0,0.9506253132833564,0.0379290442412581,0.5969085114985099,0.2690285726903241,0.1397310643828186,0.7079917546371653,0.2350670081183262,0.5568755979426593,0.110446983914381,0.2650468760835975,0.6942781779059378,,,-172.0366140420648,366.0732280841296,403.1502463935339
2026-06-07T23:24:37,65,26,650026,"ARX(1,1)",-172.0364629310621,366.0729258621242,403.1499441715285,True,0,0.9430203748336912,0.037781826378912,0.5993660645058095,0.2689595645912678,0.1384120521859621,0.7080816528343611,0.2354386707488183,0.5562232532495692,0.1101343384690398,0.2655925423399325,0.6942916848406883,,,-172.03646293101949,366.07292586203897,403.1499441714433
2026-06-07T23:26:02,65,27,650027,"ARX(1,1)",-171.32614964263195,364.6522992852639,401.7293175946682,True,0,0.061863060650929,0.0025302264981216,0.942752674524799,0.2667023939442302,0.0240348026585071,0.7321597049197806,0.3076592839908589,0.4164850567488523,0.1221203914099635,0.232308606682673,0.7412825888827357,,,-171.32614962826318,364.6522992565264,401.7293175659306
2026-06-07T23:29:06,65,28,650028,"ARX(1,1)",-172.03657913574102,366.07315827148204,403.15017658088635,True,0,0.941568252728652,0.0378041688099643,0.5999847965343585,0.2688747524058774,0.1377633850130257,0.7080962341190796,0.2355821128857146,0.5566985736895074,0.1104683729391235,0.2666225783684442,0.6930067766548514,,,-172.03657913566667,366.0731582713333,403.1501765807377
2026-06-07T23:31:35,65,29,650029,"ARX(1,1)",-172.03702158317057,366.07404316634114,403.15106147574545,True,0,0.9357383626080954,0.0377288009493708,0.6004380930638776,0.2692398364082448,0.1377555692314071,0.7079867918881896,0.2364271632338186,0.5558746785695265,0.110902897337985,0.2663737923624452,0.6933399838695266,,,-172.03702158316491,366.0740431663298,403.1510614757341
2026-06-07T23:33:11,65,30,650030,"ARX(1,1)",-171.31232707633455,364.6246541526691,401.7016724620734,True,0,0.0575045454915022,0.0010256756566969,0.9448557859863448,0.2567112409417673,0.0236546284629481,0.7428162337557366,0.3135893236157124,0.4224230706645188,0.1231146008675189,0.2269896524645474,0.7484748912708474,,,-171.31232707591772,364.6246541518354,401.70167246123975
2026-06-07T23:34:48,65,31,650031,"ARX(1,1)",-171.39407674681888,364.78815349363776,401.8651718030421,True,0,0.0654964791800578,7.11970332839212e-05,0.9415730425541502,0.2789181428361885,0.0237465735493968,0.7210499220921447,0.298692325200933,0.4064986245883705,0.1241781507629309,0.2398610857362119,0.7255083314077494,,,-171.3940765873631,364.7881531747262,401.8651714841305
2026-06-07T23:36:52,65,32,650032,"ARX(1,1)",-172.0364754673157,366.0729509346314,403.14996924403573,True,0,0.94375250531594,0.0378905721563073,0.5993395264072021,0.2691049040167163,0.1384206402557363,0.7078686001291129,0.2352789008443805,0.5559640638694088,0.1098775706176531,0.2657493911768162,0.6943572233703889,,,-172.03647546722135,366.0729509344427,403.149969243847
2026-06-07T23:39:02,65,33,650033,"ARX(1,1)",-171.5313977913747,365.0627955827494,402.1398138921537,True,0,0.0548393120615086,0.0550983827145508,0.951574199418523,0.2634338750648611,0.0207572419213047,0.7066178716687225,0.3060523970222348,0.509955819192319,0.1230475951659489,0.2283963949421445,0.7491476806241598,,,-171.53139779082858,365.0627955816572,402.1398138910615
2026-06-07T23:40:49,65,34,650034,"ARX(1,1)",-172.03652261977626,366.0730452395525,403.15006354895684,True,0,0.9402498811091072,0.0376521351472848,0.6002411244399076,0.2701114652984454,0.1381127805834375,0.7070494490959048,0.2354711766076525,0.5553943596068802,0.1097560470197434,0.2654852907702342,0.6948511040029163,,,-172.03652261978195,366.0730452395639,403.1500635489682
2026-06-07T23:42:22,65,35,650035,"ARX(1,1)",-172.03729975146007,366.07459950292014,403.15161781232445,True,0,0.9644965366281406,0.0379554883397416,0.5932102799689654,0.2677736289859613,0.1406232613658951,0.709249970268335,0.2346648643383516,0.5562967157157555,0.1113097147307594,0.2649915538057177,0.6936268510464481,,,-172.03729973789467,366.0745994757893,403.1516177851937
2026-06-07T23:44:13,65,36,650036,"ARX(1,1)",-171.4007183660575,364.801436732115,401.8784550415193,True,0,0.0583881083181423,0.0297102495682379,0.9463805024486588,0.2670460389611505,0.0230620863684968,0.7169761303460013,0.3105479093386586,0.5033264473714575,0.1202136054275206,0.2202734773264373,0.7621560602550519,,,-171.4007182663119,364.8014365326238,401.8784548420281
2026-06-07T23:45:52,65,37,650037,"ARX(1,1)",-172.0371694927083,366.0743389854166,403.1513572948209,True,0,0.96393059762508,0.0379821113782572,0.593069441768154,0.2685698940591431,0.1418453188441603,0.7083372500886034,0.234501056931938,0.5567868993000648,0.1107358118030666,0.2654829659407158,0.6935097531542308,,,-172.03716949339298,366.074338986786,403.1513572961903
2026-06-07T23:47:45,65,38,650038,"ARX(1,1)",-172.03739414565615,366.0747882913123,403.1518066007166,True,0,0.9202908876685372,0.0376796367969318,0.6071252650378914,0.2709464641913334,0.1346346949255006,0.7061713623474322,0.2360067124229909,0.5552278737812466,0.1093555779639127,0.2661326302236455,0.6947360810389616,,,-172.03739415423416,366.0747883084683,403.15180661787264
2026-06-07T23:49:22,65,39,650039,"ARX(1,1)",-172.03646395554682,366.07292791109364,403.14994622049795,True,0,0.9424909654982888,0.0377876047329797,0.5995123582186667,0.2690955938278675,0.138459202186674,0.7079071744302613,0.2354306138756888,0.5562848614084492,0.1101008815304725,0.2656419513426505,0.6942541402337614,,,-172.03646395575345,366.0729279115069,403.1499462209112
2026-06-07T23:52:51,65,40,650040,"ARX(1,1)",-172.03801046979697,366.07602093959395,403.15303924899825,True,0,0.9534710949783238,0.0393741542030559,0.5975670693938655,0.2694707524161062,0.1402061533041285,0.7063558104966426,0.2344607849341893,0.5639962683856744,0.1093598346339852,0.2650913949627074,0.6955990690191775,,,-172.03801046989213,366.07602093978426,403.15303924918857
2026-06-07T22:33:29,66,1,660001,"ARX(1,1)",-171.52426137994712,365.04852275989424,402.12554106929855,True,0,0.0565761746616619,0.0534468945228396,0.9507544904449682,0.2684539934754311,0.0208968051010335,0.7026746844010487,0.3020277382992055,0.5030533041922849,0.121391127775877,0.2251741725438193,0.753906021739638,,,-171.52426135727796,365.04852271455593,402.1255410239602
2026-06-07T22:35:26,66,2,660002,"ARX(1,1)",-172.04025530487917,366.08051060975833,403.15752891916264,True,0,0.9862429903383654,0.0368083856697991,0.5849451158758938,0.2700138352426788,0.1461479308155642,0.7078201226202485,0.2338747500070796,0.5516157447323595,0.1108916928900458,0.2644446408234193,0.6941292514123911,,,-172.04025530484438,366.0805106096888,403.15752891909307
2026-06-07T22:37:20,66,3,660003,"ARX(1,1)",-172.05342806323404,366.1068561264681,403.1838744358724,True,0,1.0430622386120028,0.0404224672177779,0.5719380836930475,0.2642982331777214,0.1537724657715576,0.710753174596315,0.230681785667082,0.5680127778284604,0.1128223041058206,0.264176711280317,0.6919730357228894,,,-172.05342806949193,366.1068561389839,403.18387444838817
2026-06-07T22:39:07,66,4,660004,"ARX(1,1)",-172.03676228867533,366.07352457735067,403.150542886755,True,0,0.9487056484490212,0.0380632861530745,0.5976708549575539,0.2700720711947643,0.1401215339087186,0.7066910698135235,0.2350899318356978,0.5584117736896521,0.1095637640688472,0.2653187825151387,0.6953006743650642,,,-172.03676228745024,366.0735245749005,403.1505428843048
2026-06-07T22:41:15,66,5,660005,"ARX(1,1)",-171.31240847143602,364.62481694287203,401.70183525227634,True,0,0.0575373270352434,0.0016384328741965,0.9448812489311412,0.256981760156574,0.0236378438191539,0.7422587707517749,0.3134743150123171,0.4241053311969016,0.1228828795757034,0.2272240506111233,0.7486481641189432,,,-171.31240847092442,364.6248169418489,401.7018352512532
2026-06-07T22:43:16,66,6,660006,"ARX(1,1)",-172.03750504955394,366.0750100991079,403.1520284085122,True,0,0.9571022085485184,0.0373265734479145,0.5949941863254297,0.2663460790965005,0.1412243723861727,0.7111750534302786,0.2345046564152368,0.5512136866468691,0.1105614033645001,0.2649542742169364,0.6940009214889972,,,-172.0375050496047,366.0750100992094,403.1520284086137
2026-06-07T22:44:51,66,7,660007,"ARX(1,1)",-171.31235344934095,364.6247068986819,401.7017252080862,True,0,0.0575183284989078,0.0017753670631634,0.9449019967939766,0.2567844172998118,0.0236321767886136,0.7423960110600041,0.313514992071684,0.4236098357020447,0.1231869449030291,0.2271379919946334,0.7482810290486829,,,-171.31235344961993,364.6247068992399,401.7017252086442
2026-06-07T22:46:46,66,8,660008,"ARX(1,1)",-171.3123856460984,364.6247712921968,401.7017896016011,True,0,0.0574406106162862,0.0019112092112306,0.944969459582422,0.2565503736415861,0.0236167912413148,0.7425677826395392,0.3136686606788474,0.423518387243152,0.1234728300903817,0.2273985131979073,0.7477795713545035,,,-171.3123856458277,364.6247712916554,401.7017896010597
2026-06-07T22:49:24,66,9,660009,"ARX(1,1)",-172.0369180695455,366.073836139091,403.1508544484953,True,0,0.9577765154354536,0.0382544666589159,0.5947364629091857,0.2673742889323438,0.14118479206559,0.7093661634498027,0.234862838354444,0.557060026183677,0.1103801170238069,0.2648362205982199,0.6946094489129517,,,-172.03691807092275,366.0738361418455,403.1508544512498
2026-06-07T22:50:53,66,10,660010,"ARX(1,1)",-172.03723460731226,366.0744692146245,403.1514875240288,True,0,0.9571115945776396,0.0383910770598876,0.5963234711632183,0.2684981371575307,0.1383897780660425,0.7084218301706332,0.2345540015940198,0.5540394845266272,0.1096799416595723,0.265308215482747,0.69469292504928,,,-172.03723466274113,366.0744693254823,403.15148763488656
2026-06-07T22:52:41,66,11,660011,"ARX(1,1)",-171.33108795373278,364.66217590746555,401.73919421686986,True,0,0.0555858435301066,0.0016646282984424,0.9458730877904178,0.2636098587481998,0.0235651632331164,0.7356001740308843,0.3141987870091131,0.4360789713759161,0.1265120484220213,0.220204704064196,0.7515032364485619,,,-171.33108790863247,364.66217581726494,401.7391941266693
2026-06-07T22:54:24,66,12,660012,"ARX(1,1)",-171.31587832983183,364.63175665966367,401.708774969068,True,0,0.055710081296705,0.0008219206794642,0.9459352353854732,0.2509694910952651,0.0233499810198333,0.7486489172732717,0.3145461747283818,0.4246376355229141,0.1226872055579891,0.2240793522722393,0.7526262010515073,,,-171.31587833002112,364.63175666004224,401.70877496944655
2026-06-07T22:55:56,66,13,660013,"ARX(1,1)",-171.39547903557727,364.79095807115453,401.86797638055884,True,0,0.0606489451796837,0.0359827194770055,0.94642327647503,0.2608027596141326,0.0224047978768316,0.7211308776520283,0.3050516244132385,0.4707429409195764,0.1210652932482482,0.2327473668419873,0.7459164145873814,,,-171.39547919842147,364.7909583968429,401.8679767062473
2026-06-07T22:57:26,66,14,660014,"ARX(1,1)",-171.31244971937605,364.6248994387521,401.7019177481564,True,0,0.0573459280636599,3.84410850604792e-06,0.9448859499202754,0.2562607968824972,0.0236663296348364,0.743737428746375,0.3137366055320107,0.4216715253031681,0.1234862843387446,0.2269640068051344,0.7480741454335293,,,-171.31244971798174,364.6248994359634,401.7019177453678
2026-06-07T22:58:59,66,15,660015,"ARX(1,1)",-171.72403401481384,365.4480680296277,402.525086339032,True,0,0.0858544866676983,0.0744186868366612,0.936449151209448,0.2144341258573661,0.0244230916119039,0.7510267928824252,0.2845244950927685,0.4673553690704915,0.1202596124726482,0.241487428584768,0.7296085476831783,,,-171.7240340147804,365.4480680295608,402.5250863389651
2026-06-07T23:00:33,66,16,660016,"ARX(1,1)",-172.03649452176393,366.07298904352785,403.15000735293216,True,0,0.938616880304861,0.0377178037059762,0.6008049277501013,0.2691171335062733,0.1378202888351169,0.7079899414465078,0.2355583371027798,0.5556625283795726,0.1100761340254842,0.2657606581859369,0.6942383527710301,,,-172.03649452170265,366.0729890434053,403.1500073528096
2026-06-07T23:03:18,66,17,660017,"ARX(1,1)",-172.03718701091162,366.07437402182325,403.15139233122756,True,0,0.9591394802598384,0.0372026902584611,0.5941255237537097,0.2691628709973306,0.1408300281904773,0.708441793722703,0.2347412594112488,0.552523961793709,0.1107514571043983,0.2648356006342287,0.6939975176335547,,,-172.037187012956,366.074374025912,403.1513923353163
2026-06-07T23:06:18,66,18,660018,"ARX(1,1)",-171.509232005329,365.018464010658,402.09548232006233,True,0,0.089529834478571,7.337511637386692e-05,0.9242273885164376,0.2379028326533524,0.0306338255197596,0.7620646755691917,0.3006811467301384,0.4065607369901481,0.1070947780047904,0.2461659489965428,0.7385403335372888,,,-171.50923200657132,365.01846401314265,402.09548232254696
2026-06-07T23:08:22,66,19,660019,"ARX(1,1)",-172.03647109483492,366.07294218966985,403.14996049907415,True,0,0.9439149768314096,0.0377114091063373,0.5989969423161448,0.2693927895096634,0.1388175667561825,0.7077026830987092,0.2353946244132718,0.5562052744517935,0.1100915292142558,0.2656034285276825,0.694321877050278,,,-172.0364710946834,366.0729421893668,403.1499604987711
2026-06-07T23:10:10,66,20,660020,"ARX(1,1)",-171.39476173754045,364.7895234750809,401.8665417844852,True,0,0.0565125002530221,0.0256604791575484,0.9463289076127288,0.2726067986840791,0.0234593995504824,0.7135791551603895,0.317980079617129,0.4992517461088299,0.1189178607703559,0.2213952639440778,0.7628165594529791,,,-171.39476169354083,364.78952338708166,401.866541696486
2026-06-07T23:12:11,66,21,660021,"ARX(1,1)",-172.0365448554088,366.0730897108176,403.1501080202219,True,0,0.946464455360454,0.0378125861614265,0.5977928725193747,0.2697185532199407,0.1396524404083874,0.7073369305823777,0.2354634058872707,0.5565120282493675,0.1101346209994153,0.2655471947173241,0.6942463735413359,,,-172.03654487008532,366.0730897401706,403.15010804957495
2026-06-07T23:14:18,66,22,660022,"ARX(1,1)",-172.20775269103856,366.41550538207713,403.49252369148144,True,0,0.6575297599792994,0.0305575448411532,0.699694774133351,0.2939357583497507,0.0918858909434324,0.6880671706245947,0.2448611341240769,0.5295709555353754,0.1002333038604356,0.2786814219811298,0.6945531047325606,,,-172.2077526909428,366.4155053818856,403.49252369128993
2026-06-07T23:15:48,66,23,660023,"ARX(1,1)",-171.40227220279374,364.8045444055875,401.8815627149918,True,0,0.0802650735722748,0.0181994179959775,0.9321342932436016,0.2536331696586626,0.0283346289171264,0.737525235606709,0.2979190222933671,0.4557400119464508,0.1169093969861233,0.2361437139240747,0.7431812526180066,,,-171.4022722116955,364.804544423391,401.8815627327953
2026-06-07T23:17:35,66,24,660024,"ARX(1,1)",-172.03661512309836,366.0732302461967,403.150248555601,True,0,0.9402865063672304,0.0376834796229749,0.6010166319123884,0.2687046956258507,0.1372903187201174,0.7085070515486475,0.2352971225531179,0.5541987792104507,0.1105561315839459,0.2660038020799832,0.6934202064377175,,,-172.03661512315904,366.0732302463181,403.1502485557224
2026-06-07T23:18:43,66,25,660025,"ARX(1,1)",-171.34456122123788,364.68912244247576,401.7661407518801,True,0,0.0635887305925862,0.0005762891009364,0.9418938433108084,0.262783503882739,0.0240806583151903,0.7369653772187681,0.3044933647729884,0.4021745937946602,0.1192299616050385,0.2305664672432293,0.7449794239422587,,,-171.3445610700458,364.6891221400916,401.766140449496
2026-06-07T23:20:23,66,26,660026,"ARX(1,1)",-171.61221128199716,365.2244225639943,402.30144087339863,True,0,0.0566953493812819,0.0651283452995442,0.9517526394075426,0.2554686582800896,0.0201759875911518,0.7100756186275321,0.2987456337151268,0.5026102535187142,0.1163394614875946,0.2258927296237892,0.7578475381699633,,,-171.61221128198923,365.22442256397846,402.3014408733828
2026-06-07T23:22:14,66,27,660027,"ARX(1,1)",-171.32025734214304,364.6405146842861,401.7175329936904,True,0,0.0584299536411856,0.0074375543895823,0.9449689709298048,0.2533158851983121,0.0234631921146962,0.7432072775289946,0.3132855808618733,0.4288298825750369,0.1257833737477036,0.2349078051266835,0.7377669634556792,,,-171.3202573355992,364.6405146711984,401.7175329806027
2026-06-07T23:23:39,66,28,660028,"ARX(1,1)",-171.88757570198698,365.77515140397395,402.85216971337826,True,0,0.0603904106649197,0.0845550351705343,0.9527658103446592,0.2562643465948531,0.0192887365109058,0.6985002492059756,0.2881807403775583,0.5101176098788973,0.1271404035147621,0.2378074342666532,0.7338004436033989,,,-171.88757574014022,365.7751514802805,402.8521697896848
2026-06-07T23:25:09,66,29,660029,"ARX(1,1)",-172.03709010587642,366.07418021175283,403.15119852115714,True,0,0.9563982954778012,0.0385764215726798,0.597320269635527,0.269151013282662,0.1394696461828564,0.7073683837674454,0.2339089711731171,0.555793404618359,0.1103674771765945,0.2646740894264568,0.6944288907146066,,,-172.03709010392487,366.07418020784974,403.1511985172541
2026-06-07T23:26:50,66,30,660030,"ARX(1,1)",-172.037094759461,366.074189518922,403.15120782832633,True,0,0.9245879832482437,0.0373819300633325,0.605065725223742,0.2694236581448989,0.1351075553679554,0.7078938870457463,0.2362481235885178,0.554212017044918,0.1095826905754036,0.2663424769484027,0.6943705873061303,,,-172.03709475952206,366.0741895190441,403.1512078284484
2026-06-07T23:29:29,66,31,660031,"ARX(1,1)",-172.03665369400377,366.07330738800755,403.15032569741186,True,0,0.9463101563091096,0.0383511031012107,0.5986567261189297,0.2686091493635957,0.1396484222745355,0.707998113375283,0.2350509075697424,0.5578673842449698,0.1097629990256243,0.265837483112569,0.6945264424891352,,,-172.03665370440203,366.07330740880406,403.1503257182084
2026-06-07T23:31:22,66,32,660032,"ARX(1,1)",-171.32326837096969,364.64653674193937,401.7235550513437,True,0,0.0570477174124541,0.0117978991262311,0.946027232403106,0.2514009504265423,0.0230977870284764,0.742976635341439,0.313035925612331,0.4408087446816364,0.1232983057117985,0.2282127632015634,0.7483396370991172,,,-171.32326835779054,364.6465367155811,401.7235550249854
2026-06-07T23:33:05,66,33,660033,"ARX(1,1)",-171.31233027930335,364.6246605586067,401.701678868011,True,0,0.0575549209451253,0.0011671672192029,0.9448385989530818,0.2569467787769078,0.0236553166775969,0.7425149795230926,0.3135001402299748,0.4226482419954584,0.1231457697120902,0.227108948988089,0.7482507763316423,,,-171.31233027862453,364.62466055724906,401.70167886665337
2026-06-07T23:34:46,66,34,660034,"ARX(1,1)",-172.04097977745127,366.08195955490254,403.15897786430685,True,0,0.936432705960395,0.0381309018059944,0.600258767408491,0.2791984146084671,0.1395415768990238,0.6974270379533369,0.2360929457387723,0.5597249648321957,0.109223388606633,0.2679176648266702,0.6924459405937406,,,-172.0409797785388,366.0819595570776,403.1589778664819
2026-06-07T23:37:14,66,35,660035,"ARX(1,1)",-172.03694797653372,366.07389595306745,403.15091426247176,True,0,0.9579509284174956,0.0382111750914531,0.5951619157256192,0.2689226749010903,0.1416370456607571,0.7079248393451828,0.2345281621976238,0.5561307738432162,0.1105585491918273,0.2650371843960481,0.6942352185121488,,,-172.0369479755082,366.0738959510164,403.15091426042073
2026-06-07T23:41:53,66,36,660036,"ARX(1,1)",-171.39215619054173,364.78431238108345,401.86133069048776,True,0,0.0572631781074168,0.0248783662990659,0.9460018089434707,0.2731790859612019,0.0235246830056962,0.7133698645496865,0.3163519853985967,0.5017594210308013,0.1207837728024329,0.2200986821268886,0.7621762801018276,,,-171.3921561877722,364.7843123755444,401.8613306849487
2026-06-07T23:43:57,66,37,660037,"ARX(1,1)",-171.3454148698459,364.6908297396918,401.76784804909613,True,0,0.0561366087115477,0.0068469595104574,0.9449442548361446,0.2533717799363763,0.0240340197192281,0.7433452022748708,0.3208207249853476,0.444557314775745,0.1199406159912091,0.2171788705322255,0.7660910325478671,,,-171.34541489513072,364.69082979026143,401.76784809966574
2026-06-07T23:45:42,66,38,660038,"ARX(1,1)",-171.39337637072467,364.78675274144933,401.86377105085364,True,0,0.0569580271147562,0.0266046397084151,0.9463474015161082,0.2694468194703891,0.0233712836562554,0.7160811016357252,0.3169985620997133,0.5042184654273018,0.121292553086387,0.2211544001337375,0.7610204439616367,,,-171.39337639740864,364.7867527948173,401.8637711042216
2026-06-07T23:48:25,66,39,660039,"ARX(1,1)",-172.03727963318784,366.0745592663757,403.15157757578,True,0,0.929784484110337,0.0377073354220029,0.6035671152804256,0.2708235736720797,0.1374996052945738,0.7062549942402152,0.2355880612519201,0.5590006596863112,0.1082318655231665,0.2658255484860287,0.696046435721576,,,-172.0372796426936,366.0745592853872,403.1515775947915
2026-06-07T23:50:19,66,40,660040,"ARX(1,1)",-171.31251878461103,364.62503756922206,401.70205587862637,True,0,0.0576598963528329,0.0009800209441615,0.9447645714103404,0.2566204253498767,0.0236593030659687,0.742929477175428,0.3132468267937752,0.4213209174256541,0.122564297471936,0.2263697772056185,0.7495202600501328,,,-171.3125187836909,364.6250375673818,401.7020558767861
2026-06-07T22:42:28,67,1,670001,"ARX(1,1)",-79.50588851431321,181.01177702862643,218.0887953380307,True,0,9.561341409871885,0.5765584941022064,0.8565597195745741,0.3725546163467647,0.0432928458817244,0.5808333420257603,0.0370203791135488,0.1563049898044901,0.0451582955400081,0.3459467467313215,0.6680926306284046,,,-79.5058885143159,181.0117770286318,218.08879533803608
2026-06-07T22:44:17,67,2,670002,"ARX(1,1)",-171.3921337167948,364.7842674335896,401.8612857429939,True,0,0.0572001987992345,0.0246162270788136,0.9459599846034976,0.273272514431972,0.0235670553677585,0.7134067478397311,0.3168228720140825,0.5020728889130258,0.1206571910871495,0.2203022754637791,0.7622858365968006,,,-171.39213372041655,364.7842674408331,401.8612857502374
2026-06-07T22:46:46,67,3,670003,"ARX(1,1)",-172.03646788697597,366.07293577395194,403.14995408335625,True,0,0.9436450392443826,0.0377669330496715,0.5992013006951727,0.2691062858532028,0.1387292564843912,0.7079441978171719,0.2353533585704803,0.5563417971899567,0.1102205510755214,0.2656947826771052,0.6940158424088104,,,-172.03646788700092,366.07293577400185,403.14995408340616
2026-06-07T22:48:30,67,4,670004,"ARX(1,1)",-171.31259274219593,364.62518548439186,401.7022037937962,True,0,0.0579112314829488,0.0003156580879067,0.9446314015768396,0.2571998884904808,0.0236933480457576,0.7426552200513958,0.3129026555670632,0.420205483381654,0.1230558993700585,0.2272598700101215,0.7480609868031151,,,-171.31259273410484,364.6251854682097,401.702203777614
2026-06-07T22:51:24,67,5,670005,"ARX(1,1)",-172.03742455852273,366.07484911704546,403.15186742644977,True,0,0.9417712784602283,0.0378814097019875,0.5975213287160578,0.2693636253841691,0.1392870052624415,0.7076596128083805,0.2361748376492825,0.5523366726555267,0.1091101571556529,0.2660699642983817,0.6943024959863536,,,-172.0374245606331,366.0748491212662,403.1518674306705
2026-06-07T22:54:13,67,6,670006,"ARX(1,1)",-171.72006811273587,365.44013622547175,402.51715453487606,True,0,0.0630193650008884,0.0738737325554894,0.9481570495174838,0.2288018831803225,0.0210291831138467,0.7410103380862563,0.2984934926974426,0.4762301335143379,0.1214691706594911,0.218640478839678,0.7584590302263179,,,-171.7200683514134,365.4401367028268,402.5171550122311
2026-06-07T22:55:54,67,7,670007,"ARX(1,1)",-172.03680624828735,366.0736124965747,403.150630805979,True,0,0.9304755397644204,0.0373158635856662,0.6030857978248381,0.2692359717731972,0.1364130551126856,0.7080720864458916,0.2360871206117904,0.5560535054924796,0.1104808574411817,0.266441500095961,0.6931457857412038,,,-172.03680624820777,366.07361249641554,403.15063080581984
2026-06-07T22:57:39,67,8,670008,"ARX(1,1)",-171.31986815317208,364.63973630634416,401.71675461574847,True,0,0.0595151899269944,0.0075655149652019,0.9444265045869598,0.2576255616211393,0.0235540612859244,0.7387852019941048,0.3098023065513509,0.4347223208020598,0.1242569034136809,0.2319384548250104,0.7413435888236848,,,-171.31986815250082,364.6397363050016,401.71675461440594
2026-06-07T22:59:06,67,9,670009,"ARX(1,1)",-172.0365007232652,366.0730014465304,403.1500197559347,True,0,0.943956634318846,0.037639290543024,0.5991584403616099,0.2695782312032534,0.1382874623216562,0.7075947193696918,0.2353437941256879,0.5549497649624161,0.1101380970247143,0.2655354708413546,0.6943078248935248,,,-172.03650072316918,366.0730014463384,403.1500197557427
2026-06-07T23:01:24,67,10,670010,"ARX(1,1)",-172.0384831535598,366.0769663071196,403.1539846165239,True,0,0.9191210065350685,0.0372326479653214,0.6075619009163211,0.2748773433923315,0.133592568606124,0.7025845620356851,0.2361662742205255,0.553083572626504,0.1095014135484089,0.2661825579304615,0.6945536299479415,,,-172.03848315397792,366.07696630795584,403.15398461736015
2026-06-07T23:03:40,67,11,670011,"ARX(1,1)",-171.34233231776315,364.6846646355263,401.7616829449306,True,0,0.06041503952829,0.0096679408091603,0.9432255429086028,0.2766067033812168,0.0242658898482363,0.7187999132435772,0.3135649673276692,0.4421294484865444,0.1213429545130755,0.2279661894708448,0.7500127948301293,,,-171.3423323120606,364.6846646241212,401.7616829335255
2026-06-07T23:05:08,67,12,670012,"ARX(1,1)",-171.3133775273597,364.6267550547194,401.7037733641237,True,0,0.0579075323483497,0.0004716007940134,0.9446991614305502,0.2563605733496543,0.0236697484199362,0.7434242936181424,0.3125921521001544,0.4188236721172962,0.1244795370652371,0.2273324147448453,0.7458608268863539,,,-171.3133775502017,364.6267551004034,401.7037734098077
2026-06-07T23:06:59,67,13,670013,"ARX(1,1)",-172.03837432482538,366.07674864965077,403.1537669590551,True,0,0.9480889892940408,0.0391390667229419,0.5976180289909809,0.269744678787544,0.1408816481853958,0.7060100202656198,0.2353602668946005,0.5659415182453371,0.1098537850765928,0.2661699825849695,0.6939876960123155,,,-172.03837432805105,366.0767486561021,403.1537669655064
2026-06-07T23:09:21,67,14,670014,"ARX(1,1)",-171.32980642360798,364.65961284721595,401.73663115662026,True,0,0.0587772854484969,0.0001511679849833,0.9437261411392226,0.2646209221426464,0.024175668495315,0.7353112050147965,0.3148562463819208,0.4153334749679691,0.1285962375671407,0.2268237140295952,0.7400398572102994,,,-171.3298064199191,364.6596128398382,401.7366311492425
2026-06-07T23:11:15,67,15,670015,"ARX(1,1)",-172.03684087135406,366.0736817427081,403.1507000521124,True,0,0.9476175831737946,0.0380235629201086,0.59829390082958,0.2700544074138424,0.1386830892023711,0.7068193025433247,0.2349520829441433,0.5550967158716219,0.1087438950646175,0.2654022797306746,0.6959410340448979,,,-172.03684087089113,366.0736817417823,403.15070005118656
2026-06-07T23:14:12,67,16,670016,"ARX(1,1)",-171.31234426434406,364.6246885286881,401.70170683809243,True,0,0.0575345552782337,0.0015800236068482,0.9448989057604638,0.2566502452903361,0.0236218591741911,0.7426209368109605,0.3135159393750886,0.4229764414186396,0.1232445229689499,0.227425477871933,0.7478792835141218,,,-171.31234426439914,364.6246885287983,401.7017068382026
2026-06-07T23:16:04,67,17,670017,"ARX(1,1)",-172.03646209236956,366.0729241847391,403.14994249414343,True,0,0.9426833320510262,0.0377808851145524,0.5994798586553834,0.2690069379818806,0.1384142182663124,0.7080286482772897,0.2354370982026645,0.5562219208090032,0.1101016459575402,0.2656672868078071,0.6942585456870377,,,-172.0364620924459,366.0729241848918,403.1499424942961
2026-06-07T23:17:51,67,18,670018,"ARX(1,1)",-172.0367094551321,366.0734189102642,403.1504372196685,True,0,0.9510154567893028,0.0374482168469916,0.5958999849021342,0.2683522653449129,0.1400153317390568,0.708825137388527,0.2355000643253095,0.555737836545445,0.1105873619256655,0.2649767929310478,0.6944008537045545,,,-172.03670943662817,366.07341887325634,403.1504371826607
2026-06-07T23:19:47,67,19,670019,"ARX(1,1)",-171.36326754483113,364.72653508966226,401.8035533990666,True,0,0.060024481202152,0.022392630788785,0.944477069764882,0.2714114222702916,0.0236696656073363,0.7178552249034401,0.3146140298723903,0.4559281339457051,0.1182167284154925,0.2305776736765632,0.7531242205509086,,,-171.36326744437451,364.726534888749,401.8035531981533
2026-06-07T23:21:29,67,20,670020,"ARX(1,1)",-171.52753348349182,365.05506696698365,402.13208527638795,True,0,0.0553677242333882,0.0375267035129493,0.9488531030432282,0.247912814217126,0.0223667345950486,0.7303488609917048,0.3187293802409732,0.5350193539823688,0.1322441730292667,0.2408709904628067,0.7305081650587535,,,-171.52753348434192,365.05506696868383,402.13208527808814
2026-06-07T23:24:19,67,21,670021,"ARX(1,1)",-171.43944217426304,364.87888434852607,401.9559026579304,True,0,0.0805469640403891,0.0172727287073044,0.9340257298974224,0.2442126150067101,0.0266559720215191,0.747187562404791,0.2893087554571384,0.4444098384377827,0.1175163285969612,0.2533628150118021,0.7204438644760084,,,-171.43944217638438,364.8788843527688,401.95590266217306
2026-06-07T23:26:29,67,22,670022,"ARX(1,1)",-171.31233208919852,364.62466417839704,401.70168248780135,True,0,0.0575283826742747,0.0010162342112672,0.9448505987303226,0.2565512292628046,0.0236508987394623,0.7429805534381393,0.3135500966885329,0.4223471874850215,0.123192608046089,0.2271591410970952,0.7481937986335204,,,-171.3123320887979,364.6246641775958,401.7016824870001
2026-06-07T23:28:24,67,23,670023,"ARX(1,1)",-171.96065474169524,365.9213094833905,402.9983277927948,True,0,0.1208588898139472,0.0215947251849871,0.9128547263794689,0.308061473737928,0.0336825012499551,0.6833410435597088,0.2718321114683826,0.3984281985318033,0.0794731063559187,0.2357080218987206,0.779280936944624,,,-171.960655105803,365.921310211606,402.9983285210103
2026-06-07T23:29:52,67,24,670024,"ARX(1,1)",-172.03646720940583,366.07293441881166,403.14995272821596,True,0,0.9444551917618974,0.0378544037089455,0.5989220376425495,0.2689152842682116,0.1386403299794371,0.7080919224765126,0.2353620409748273,0.5561865543967988,0.1101919247858496,0.2656739787038964,0.6940889507408228,,,-172.0364672089599,366.0729344179198,403.1499527273241
2026-06-07T23:31:34,67,25,670025,"ARX(1,1)",-171.4853094057381,364.9706188114762,402.0476371208805,True,0,0.0828115111875267,0.0312025913796588,0.9328974296822,0.2690955473646866,0.0279167545054815,0.7137579465171209,0.2915196933893147,0.5039322840272931,0.1196112994498144,0.2402008159603823,0.7350250126648823,,,-171.48530942485567,364.97061884971134,402.04763715911565
2026-06-07T23:33:28,67,26,670026,"ARX(1,1)",-171.79979997027527,365.59959994055055,402.67661824995486,True,0,0.067578181461595,0.0813976323897987,0.9486181290478296,0.2426322648258634,0.0200863929813027,0.7157804122481934,0.2823286331553372,0.4883880120430623,0.1250352887546278,0.2362337503324226,0.7308938478952801,,,-171.79979996611877,365.5995999322376,402.67661824164185
2026-06-07T23:34:58,67,27,670027,"ARX(1,1)",-171.40070392105775,364.8014078421155,401.8784261515198,True,0,0.0575070676155487,0.0230887146682052,0.9457015384977892,0.2802524437368439,0.023580750271875,0.7073179369934894,0.3144730081526688,0.4980868851253421,0.1151691931971322,0.2181651248086424,0.7694394336240716,,,-171.4007039160696,364.8014078321392,401.8784261415435
2026-06-07T23:36:54,67,28,670028,"ARX(1,1)",-172.03663361963464,366.0732672392693,403.1502855486736,True,0,0.9493328080174362,0.0377015562870816,0.597503866939061,0.26967434388044,0.1396062173557653,0.7072055219542025,0.235022751689632,0.5576522056149303,0.1102839237382435,0.2653819031500158,0.694156310571069,,,-172.036633621034,366.073267242068,403.1502855514723
2026-06-07T23:38:41,67,29,670029,"ARX(1,1)",-172.03647390538316,366.0729478107663,403.14996612017063,True,0,0.943979839787178,0.0379587424710993,0.5993720656161644,0.2690984798438147,0.1383905813912597,0.7078028992908597,0.2352761357221567,0.5565433790187115,0.1101107634637582,0.2656742257755459,0.6942255698902944,,,-172.0364739054778,366.0729478109556,403.1499661203599
2026-06-07T23:40:52,67,30,670030,"ARX(1,1)",-172.0364801949661,366.0729603899322,403.1499786993365,True,0,0.9415612327138392,0.0378997228119084,0.5999232822915772,0.2690191450357067,0.1383041219076494,0.707938382183478,0.2354362337081351,0.5568293468702268,0.1099887530085485,0.2655565488201287,0.694530610250396,,,-172.0364801949775,366.072960389955,403.14997869935934
2026-06-07T23:42:36,67,31,670031,"ARX(1,1)",-172.03676957191567,366.07353914383134,403.15055745323565,True,0,0.953331216560506,0.0381410935155932,0.5964156773621757,0.2680415663142624,0.1407297288412329,0.7088451517254463,0.2347080592589256,0.5547822288892775,0.1102360436195609,0.2655459915497445,0.6940417123914233,,,-172.03676957003302,366.073539140066,403.1505574494704
2026-06-07T23:45:09,67,32,670032,"ARX(1,1)",-171.3123424718538,364.6246849437076,401.70170325311193,True,0,0.0574764394289484,0.0016529913764786,0.9449254458886384,0.2567274486935656,0.0236247000776842,0.7425095517255981,0.3135726955857315,0.4234497179990419,0.1231652348903022,0.2271900226731205,0.7482999440535557,,,-171.3123424718808,364.6246849437616,401.70170325316593
2026-06-07T23:48:12,67,33,670033,"ARX(1,1)",-171.32036310693417,364.64072621386833,401.71774452327264,True,0,0.0582993672633202,0.0099899107970613,0.9451702476351151,0.2533066332294721,0.023390462988149,0.7419892576385587,0.3132671320429276,0.4344157121935122,0.1254386788745687,0.2325073326605174,0.741216920945833,,,-171.3203631076276,364.6407262152552,401.7177445246595
2026-06-07T23:49:57,67,34,670034,"ARX(1,1)",-172.0366510819394,366.0733021638788,403.1503204732831,True,0,0.9515774640257108,0.0378183033999247,0.5965323089153746,0.267497591762212,0.1396337592756403,0.709506473001498,0.2352209963426136,0.5566236592578435,0.1103479469904299,0.2656977851986523,0.6939131819044859,,,-172.0366510815815,366.073302163163,403.1503204725673
2026-06-07T23:51:34,67,35,670035,"ARX(1,1)",-172.0366941189153,366.0733882378306,403.1504065472349,True,0,0.9336827834946364,0.0375853386696005,0.6016933002641661,0.269519935411519,0.1370221486162246,0.7075513948152325,0.2362530303178305,0.555961508797964,0.1102936560993368,0.2660914475328056,0.693735163006296,,,-172.0366941113524,366.0733882227048,403.1504065321091
2026-06-07T23:54:11,67,36,670036,"ARX(1,1)",-172.0387163927674,366.0774327855348,403.15445109493913,True,0,0.9707550775141464,0.0378076648434077,0.5917434353125454,0.2697271428423357,0.1411041341501188,0.7073169294242585,0.2341165272761979,0.5523999021335413,0.1118407291404248,0.2670942357638033,0.690313046454228,,,-172.03871638656022,366.0774327731205,403.1544510825248
2026-06-07T23:55:28,67,37,670037,"ARX(1,1)",-172.036794817143,366.073589634286,403.1506079436903,True,0,0.9522219496448288,0.0374866835382812,0.5970488115666328,0.2691041621980549,0.1387401973225174,0.7083005751473166,0.2350378957183279,0.555467642152969,0.1102873256037703,0.2660520340078517,0.6939070800779114,,,-172.03679483004615,366.0735896600923,403.1506079694966
2026-06-07T23:57:12,67,38,670038,"ARX(1,1)",-171.36861358124384,364.73722716248767,401.814245471892,True,0,0.0533829313036539,0.0106869572880643,0.9489692686341332,0.2736629053447248,0.0219170840994232,0.7216523823163912,0.3088994544282167,0.4135130540141832,0.1200815012935295,0.2208026048453499,0.7563614286176892,,,-171.36861359163828,364.73722718327656,401.81424549268087
2026-06-08T00:00:14,67,39,670039,"ARX(1,1)",-171.69224604584434,365.3844920916887,402.461510401093,True,0,0.0958486270498539,0.0292811155510426,0.9269206281755334,0.239229260020642,0.0304033975556497,0.7436784653342406,0.2861078594335896,0.5274530994563258,0.1298868505602556,0.2353469806686943,0.7404515101092959,,,-171.69224604572685,365.3844920914537,402.461510400858
2026-06-08T00:01:48,67,40,670040,"ARX(1,1)",-172.04901650126266,366.0980330025253,403.1750513119296,True,0,0.9059599249647576,0.0388783726893566,0.6114724582913681,0.2826847634183526,0.1337081891098731,0.693226987167588,0.2363502378290576,0.5685865602427266,0.103951278917187,0.2648948264436414,0.7021856440036659,,,-172.0490165016277,366.0980330032554,403.1750513126597
2026-06-07T22:33:48,68,1,680001,"ARX(1,1)",-172.0371863906517,366.0743727813034,403.1513910907077,True,0,0.9229900239087692,0.0375962037209482,0.6056950984807556,0.271004022719627,0.135194210106106,0.7061154900442431,0.2362530956503695,0.5565044401162259,0.1095878345370313,0.2662594881367957,0.694427731871931,,,-172.0371863858474,366.0743727716948,403.1513910810991
2026-06-07T22:35:57,68,2,680002,"ARX(1,1)",-171.31232974845716,364.6246594969143,401.7016778063186,True,0,0.0574209356714417,0.0012277029920606,0.9449379185013672,0.2564583386668834,0.0236217350973895,0.7429755378184502,0.313565253996711,0.4227919349943472,0.1232027400881442,0.2270467500735567,0.7483668438931064,,,-171.31232974792027,364.62465949584055,401.70167780524486
2026-06-07T22:39:24,68,3,680003,"ARX(1,1)",-172.0453555380581,366.0907110761162,403.1677293855205,True,0,1.0014763935026896,0.0377578883983121,0.5859091814554775,0.268671266929035,0.1446359411625808,0.7089507058771417,0.2310867543929839,0.54303883552864,0.1118821381761412,0.2642736239770176,0.6928775828054143,,,-172.0453555375807,366.0907110751614,403.1677293845657
2026-06-07T22:41:23,68,4,680004,"ARX(1,1)",-171.31234187104246,364.6246837420849,401.70170205148924,True,0,0.0576262235755494,0.0013001896544626,0.9448240182821036,0.2567884459826842,0.0236413209577245,0.7426128835009415,0.3134391999646163,0.4226602249821323,0.1232531330894841,0.2273295823903422,0.747946863710201,,,-171.31234187151043,364.6246837430209,401.7017020524252
2026-06-07T22:43:47,68,5,680005,"ARX(1,1)",-171.3425366891978,364.6850733783956,401.7620916877999,True,0,0.0575064458077926,0.0187519055516823,0.9463052379494472,0.2599825635779365,0.022979725031771,0.7308973694224807,0.311148131920748,0.4542081434190855,0.125050774076216,0.2246653075819468,0.7495227217480593,,,-171.34253668874155,364.6850733774831,401.7620916868874
2026-06-07T22:45:55,68,6,680006,"ARX(1,1)",-172.03680307855547,366.07360615711093,403.15062446651524,True,0,0.9494047532560276,0.037477441508001,0.5987386926315545,0.2679400221499488,0.1388228843956648,0.7094184116114896,0.2345654530486095,0.5541877499600469,0.1110051798745252,0.2654930289965611,0.6934163615562263,,,-172.03680307945226,366.0736061589045,403.1506244683088
2026-06-07T22:48:16,68,7,680007,"ARX(1,1)",-171.5760524740948,365.1521049481896,402.2291232575939,True,0,0.0584643964960431,0.0624375276215031,0.9508081347240612,0.2543011732761928,0.0202337377578099,0.7148190161496433,0.2991462421140777,0.4783273694017769,0.1216923523023936,0.2404187829794629,0.7359323464813241,,,-171.57605264852407,365.15210529704814,402.2291236064525
2026-06-07T22:50:30,68,8,680008,"ARX(1,1)",-171.3123308283868,364.6246616567736,401.7016799661779,True,0,0.0575429187121677,0.0011365875517107,0.944838889921924,0.2568056935300951,0.0236590981835463,0.7426703503260504,0.3136078835405904,0.422493113180367,0.1232668133730772,0.2271078123478465,0.7481649167278323,,,-171.31233082865575,364.6246616573116,401.7016799667159
2026-06-07T22:53:05,68,9,680009,"ARX(1,1)",-116.20373168183554,254.40746336367107,291.4844816730754,True,0,7.308493609581628,2.680609614406316,0.8687234793593611,0.3267149592589545,0.0221324304698592,0.5349789917779394,0.0451031907047082,0.1347639145156887,0.2034708839966755,0.3621665255237918,0.8515044456102511,,,-116.20373168183812,254.40746336367624,291.4844816730805
2026-06-07T22:55:16,68,10,680010,"ARX(1,1)",-172.03712118959817,366.07424237919633,403.15126068860064,True,0,0.9601156231581276,0.0375769321483835,0.5931719238710922,0.2690544247710176,0.1417586006027555,0.7080662283388661,0.2351001779969522,0.5583439323732794,0.1103165453086839,0.2651913787804694,0.6943820740582516,,,-172.03712118498544,366.0742423699709,403.1512606793752
2026-06-07T22:57:34,68,11,680011,"ARX(1,1)",-172.03677895867708,366.07355791735415,403.15057622675846,True,0,0.9436907995838162,0.0380238560169167,0.5999450137437672,0.2678077215199672,0.1377483178917038,0.7090914937528473,0.2350053242713838,0.5532302500042957,0.110165340330742,0.2647847809723793,0.6949402958573885,,,-172.03677897537307,366.0735579507461,403.1505762601504
2026-06-07T22:59:43,68,12,680012,"ARX(1,1)",-172.0369225410119,366.0738450820238,403.1508633914281,True,0,0.9323569758837532,0.0375510701997826,0.6014386953119768,0.2684012977299356,0.1375436909927462,0.708653940010953,0.2365047484043403,0.5581256935504957,0.1106008661995344,0.2666299039402032,0.6928243712302847,,,-172.03692254181436,366.0738450836287,403.150863393033
2026-06-07T23:01:03,68,13,680013,"ARX(1,1)",-171.39424328722492,364.78848657444985,401.86550488385416,True,0,0.0554597018417558,0.0264848333881321,0.947221106905687,0.2685125771534261,0.023127157623324,0.717051769690589,0.3176497993850332,0.5058869976190857,0.1202676408025947,0.2197344242497474,0.7637257270494577,,,-171.39424328728842,364.7884865745768,401.8655048839812
2026-06-07T23:02:50,68,14,680014,"ARX(1,1)",-171.35993479070405,364.7198695814081,401.7968878908124,True,0,0.0585103749225682,0.0125721739151414,0.9446023078287392,0.2736707645078354,0.0239140563516472,0.720003494798773,0.3133390083631112,0.4645451569128261,0.1217368394608224,0.2264180712324687,0.7517425927405776,,,-171.35993478861272,364.71986957722544,401.79688788662975
2026-06-07T23:05:02,68,15,680015,"ARX(1,1)",-172.03703689735414,366.0740737947083,403.1510921041126,True,0,0.9247221501466776,0.0373363128274949,0.6049201503241154,0.2695973628129194,0.1357687566146376,0.7077760596212722,0.2361934117647109,0.5543943815806804,0.1098089992067212,0.266185916660103,0.6942375547528347,,,-172.03703689645727,366.0740737929145,403.1510921023189
2026-06-07T23:06:57,68,16,680016,"ARX(1,1)",-172.0369408229912,366.0738816459824,403.1508999553867,True,0,0.9263190582228245,0.0373179724359656,0.6042216179902655,0.2697781692544452,0.1363230040761585,0.7075921689521452,0.2361365409743381,0.5547806428978935,0.1097174259334037,0.2658978887144651,0.6945883473081809,,,-172.03694082147962,366.0738816429592,403.1508999523636
2026-06-07T23:09:27,68,17,680017,"ARX(1,1)",-172.04145114119876,366.0829022823975,403.15992059180184,True,0,0.946286832287446,0.0367312289042951,0.5985880636413233,0.2685520552684238,0.1376264659523978,0.7097895854037096,0.235006468433353,0.5394204791778707,0.1113174692353719,0.264634413614594,0.6936228416676217,,,-172.0414511413797,366.0829022827594,403.1599205921637
2026-06-07T23:11:38,68,18,680018,"ARX(1,1)",-172.03649157531657,366.07298315063315,403.15000146003746,True,0,0.9459639239682774,0.0378059094283145,0.5987507194570144,0.2689076587261783,0.1388227893286174,0.7081073612262175,0.2351406124961751,0.556648985807067,0.1102142175414443,0.2654154738567124,0.6942627541823377,,,-172.03649157545823,366.07298315091646,403.1500014603208
2026-06-07T23:13:21,68,19,680019,"ARX(1,1)",-172.03681084826246,366.0736216965249,403.15064000592923,True,0,0.9574823193382463,0.0380092196930512,0.5952260680245017,0.2692160017102274,0.1404365240995715,0.7076909901693816,0.2347481349365417,0.5565406351037862,0.1105363380357364,0.2655183496026639,0.6937632189375347,,,-172.0368108490871,366.0736216981742,403.1506400075785
2026-06-07T23:15:34,68,20,680020,"ARX(1,1)",-171.4233876766725,364.846775353345,401.9237936627493,True,0,0.0806858641895874,0.0277322072373288,0.932533584122866,0.2442872519727263,0.0280863502462422,0.741789476747164,0.2987076925187806,0.4720099809820851,0.1140389269836295,0.233953710472445,0.7501803798134024,,,-171.42338768350203,364.84677536700406,401.9237936764084
2026-06-07T23:16:50,68,21,680021,"ARX(1,1)",-172.0373029343957,366.0746058687914,403.15162417819573,True,0,0.9487635032965192,0.0383179329889111,0.5988809787429387,0.2676637125820709,0.1383985736229468,0.7090565373625158,0.23465404220531,0.5504555574658069,0.1103679030886116,0.2656767206340581,0.6938085541346494,,,-172.0373029288976,366.0746058577952,403.1516241671995
2026-06-07T23:18:24,68,22,680022,"ARX(1,1)",-172.03726008844598,366.07452017689195,403.15153848629626,True,0,0.9609753335430908,0.0379672183820912,0.5943656891425015,0.2706678221983434,0.1417510025114621,0.7062133428571079,0.2343675565273338,0.5576471537055855,0.1103467247342719,0.2655666732936488,0.6941492692990944,,,-172.03726008640177,366.0745201728036,403.1515384822079
2026-06-07T23:20:11,68,23,680023,"ARX(1,1)",-172.0365081614694,366.0730163229388,403.15003463234314,True,0,0.93838411513934,0.0377467509713644,0.6007684644621976,0.2695866430690627,0.1379704221327899,0.7074485865188426,0.2356005624494778,0.556531242669884,0.1099924582059616,0.2656548964686103,0.6944160395916155,,,-172.03650816158165,366.0730163231633,403.1500346325676
2026-06-07T23:21:30,68,24,680024,"ARX(1,1)",-172.0369379855573,366.0738759711146,403.1508942805189,True,0,0.9536429027788628,0.0380336273406122,0.5964055700383001,0.2667040004274046,0.139151242808945,0.7100476779149408,0.2351905815214618,0.555697225178391,0.1108130978032039,0.266489424479103,0.6927753762063726,,,-172.03693797906345,366.0738759581269,403.1508942675312
2026-06-07T23:23:14,68,25,680025,"ARX(1,1)",-171.31234369004454,364.6246873800891,401.7017056894934,True,0,0.0573521991075158,0.0014476064100358,0.9449756307549791,0.2568619198893991,0.0236185798801364,0.7424701321624841,0.3136876923318695,0.4231891167703305,0.123065391328946,0.226884300167488,0.7487520281318751,,,-171.3123436894023,364.6246873788046,401.7017056882089
2026-06-07T23:24:51,68,26,680026,"ARX(1,1)",-172.03646190087323,366.07292380174647,403.1499421111508,True,0,0.94341086301475,0.037802809828708,0.5993755749594912,0.2690567701713014,0.1385037183764992,0.707968118822604,0.2353483300003815,0.5561346056404413,0.1101686396053726,0.2656402020931276,0.6941989638577689,,,-172.03646190088534,366.0729238017707,403.149942111175
2026-06-07T23:26:20,68,27,680027,"ARX(1,1)",-172.03767396099857,366.07534792199715,403.15236623140146,True,0,0.9216189735126472,0.0374904234903676,0.6062415907956342,0.2725789324279616,0.1356247327959812,0.7046541067076935,0.2359944332881481,0.5583329422435996,0.1086055554184132,0.2657347219558849,0.695989749071565,,,-172.03767396098584,366.0753479219717,403.152366231376
2026-06-07T23:28:17,68,28,680028,"ARX(1,1)",-172.0371615633773,366.0743231267546,403.15134143615893,True,0,0.9632292356500808,0.0376924412572076,0.5933567424731997,0.2685867537813274,0.1416372000242444,0.708575343098462,0.2344495816079665,0.5546127421636485,0.1108248786186074,0.2652406961494239,0.6936190028851364,,,-172.03716156285168,366.07432312570336,403.15134143510767
2026-06-07T23:30:21,68,29,680029,"ARX(1,1)",-172.03688552950615,366.0737710590123,403.1507893684166,True,0,0.9326174204898992,0.038070395535357,0.6017949494447332,0.2681294019471804,0.1373286111865538,0.7085861739200933,0.2362079409919754,0.5587314723530906,0.1098735382964774,0.2665420397532238,0.6935193169400974,,,-172.03688552941236,366.0737710588247,403.150789368229
2026-06-07T23:32:19,68,30,680030,"ARX(1,1)",-172.03721670312433,366.07443340624866,403.15145171565297,True,0,0.9252116118781242,0.0373269185332435,0.604852604410554,0.2692703369958149,0.1352442335792468,0.7081977715246193,0.2362928574422424,0.553601764626156,0.1097884683467853,0.2651867613949835,0.6956679783557076,,,-172.03721670312223,366.07443340624445,403.1514517156488
2026-06-07T23:34:09,68,31,680031,"ARX(1,1)",-172.05680891772442,366.11361783544885,403.19063614485316,True,0,1.0578857464142637,0.0388949861833002,0.5678051594279666,0.2690761306406429,0.1533162560199079,0.7071717136590757,0.2300258666966451,0.5590975479295273,0.1119493315775687,0.2600739111052085,0.6973143905318016,,,-172.05680891604163,366.11361783208326,403.1906361414876
2026-06-07T23:36:08,68,32,680032,"ARX(1,1)",-171.3127799193128,364.6255598386256,401.7025781480299,True,0,0.0575683566749671,0.0038266497129543,0.945102772265143,0.2568385131626449,0.0235054727437443,0.7413896397625207,0.3129144404923338,0.4255322542222396,0.1229679040583187,0.2274266566784825,0.7483381470244194,,,-171.3127799186577,364.6255598373154,401.7025781467197
2026-06-07T23:37:41,68,33,680033,"ARX(1,1)",-172.03677503240516,366.0735500648103,403.15056837421463,True,0,0.9494443656977032,0.0382162097116928,0.5982765927459802,0.2685013072335265,0.1397549415991628,0.7082342592995444,0.2347732105588566,0.5577817355299908,0.110856696043357,0.2660867387950956,0.6927417925512267,,,-172.03677502664297,366.07355005328594,403.1505683626903
2026-06-07T23:39:55,68,34,680034,"ARX(1,1)",-172.0372965221907,366.0745930443814,403.1516113537857,True,0,0.9650992684270924,0.0382805801903371,0.5922507779874249,0.2678720736792093,0.1421465420234045,0.7087988788765016,0.2346386773409296,0.5575934711468236,0.110285043931021,0.2651681642919552,0.694270263980552,,,-172.037296523759,366.074593047518,403.15161135692233
2026-06-07T23:41:15,68,35,680035,"ARX(1,1)",-171.31235381915172,364.62470763830345,401.70172594770776,True,0,0.0575647799698181,0.001746270774421,0.944875627024084,0.256856639058616,0.0236365529596679,0.7423381402269839,0.3135540670988407,0.4233995578920421,0.1232176227793764,0.2273814055627116,0.7479980361924845,,,-171.31235381991948,364.62470763983896,401.70172594924327
2026-06-07T23:42:43,68,36,680036,"ARX(1,1)",-171.31443832816828,364.62887665633656,401.70589496574087,True,0,0.0580643702057358,0.0003103297930298,0.944488088760012,0.2544064785237523,0.0237267364448838,0.7454520832326076,0.3133714092036432,0.4167789359972859,0.1222750338825321,0.2268354823661541,0.7494217253203901,,,-171.31443831870104,364.6288766374021,401.7058949468064
2026-06-07T23:44:07,68,37,680037,"ARX(1,1)",-171.31245126398633,364.62490252797267,401.701920837377,True,0,0.0574818846085718,0.0005252460011617,0.9448375931018824,0.2574162611884015,0.0236662352770219,0.742342428474864,0.3136495962522649,0.4212768153888779,0.1233133348236368,0.227251972073078,0.747768401742035,,,-171.31245126065647,364.62490252131295,401.70192083071726
2026-06-07T23:46:30,68,38,680038,"ARX(1,1)",-171.35714374142736,364.71428748285473,401.79130579225904,True,0,0.0577515744503788,0.0256227722750714,0.9464518079940186,0.2570803390760179,0.0227725810308599,0.7308352814376796,0.3135795054091085,0.4457378557422969,0.1198698242973123,0.2274062467725384,0.7536773785365647,,,-171.3571437422369,364.7142874844738,401.7913057938781
2026-06-07T23:49:00,68,39,680039,"ARX(1,1)",-172.26537850360407,366.53075700720814,403.60777531661245,True,0,0.9204804553486003,0.0002471805367776,0.5931990659397806,0.2823298751807827,0.1452137488475658,0.7175254835919541,0.2369621763541107,0.5021226550364525,0.1132570583684398,0.2700156575118559,0.687004965157366,,,-172.2653785034782,366.5307570069564,403.6077753163607
2026-06-07T23:51:46,68,40,680040,"ARX(1,1)",-172.03721107749186,366.0744221549837,403.15144046438803,True,0,0.9493946751435288,0.0393283909643007,0.5978824379678561,0.2683485003632768,0.1392137836808098,0.707453630687424,0.2349046143081833,0.5583561370529266,0.1090901781696009,0.2659255079714391,0.6952223006564838,,,-172.03721106533456,366.0744221306691,403.15144044007343
2026-06-07T22:40:55,69,1,690001,"ARX(1,1)",-172.03776776348764,366.0755355269753,403.1525538363796,True,0,0.9618286841326406,0.037112344070662,0.593390146736424,0.2685321707908662,0.1403658223445864,0.7091755751914565,0.2347988036196349,0.5500597431510008,0.1105812839327969,0.2655620232401606,0.6937983686914677,,,-172.0377677660797,366.0755355321594,403.1525538415637
2026-06-07T22:42:30,69,2,690002,"ARX(1,1)",-172.0364947559543,366.0729895119086,403.1500078213129,True,0,0.9385386502066678,0.0377151953709072,0.6007860739020595,0.2692241796008529,0.1377176944090214,0.7078638699190151,0.235594382608971,0.5558365465333892,0.1100246064125724,0.265683783082186,0.6943645648354019,,,-172.03649475594773,366.07298951189546,403.15000782129977
2026-06-07T22:45:13,69,3,690003,"ARX(1,1)",-171.3123516022368,364.6247032044736,401.7017215138779,True,0,0.0573590181736798,0.0016114805435632,0.9449828289766604,0.2566290120596438,0.02361529035005,0.7426270554201609,0.3137259271302206,0.4235085808864778,0.1232488603813018,0.2269429496891622,0.7485110863360823,,,-171.31235160140102,364.6247032028021,401.7017215122064
2026-06-07T22:46:38,69,4,690004,"ARX(1,1)",-171.40289062265,364.8057812453,401.8827995547043,True,0,0.0554612191009347,0.0300576142369714,0.94750440274412,0.2707530679925861,0.0229074022713126,0.7127086577011345,0.3179146613565394,0.498868530962447,0.1212794092394335,0.2198919198680868,0.7608088010587395,,,-171.40289055067257,364.80578110134513,401.88279941074944
2026-06-07T22:48:56,69,5,690005,"ARX(1,1)",-171.3132561660247,364.6265123320494,401.7035306414537,True,0,0.057671926605955,0.0048816839684729,0.9451581353966892,0.2572026912412084,0.0234675692560892,0.7405326075007216,0.312524246741404,0.4268198749688729,0.1231786976057263,0.227786064257751,0.7477643784083834,,,-171.31325616613526,364.6265123322705,401.7035306416748
2026-06-07T22:50:35,69,6,690006,"ARX(1,1)",-172.03649069165084,366.0729813833017,403.149999692706,True,0,0.9391563007189476,0.037673907424541,0.6005361567843959,0.2692446275483885,0.1378379950182166,0.7078828616980842,0.235582049380981,0.5556009194419533,0.1101208397809458,0.2656534668637051,0.6942473817704424,,,-172.03649069025258,366.0729813805052,403.1499996899095
2026-06-07T22:52:38,69,7,690007,"ARX(1,1)",-172.03690971027902,366.07381942055804,403.15083772996235,True,0,0.9278273780133957,0.0377138043251739,0.6041893262129482,0.270634046968718,0.1367532072094554,0.7064643173399414,0.2357978812752781,0.5560410089595988,0.1093480010961697,0.2658282859896,0.6949072827068526,,,-172.0369097102015,366.073819420403,403.15083772980734
2026-06-07T22:53:52,69,8,690008,"ARX(1,1)",-171.31233965070385,364.6246793014077,401.701697610812,True,0,0.057402506311398,0.0014933523372225,0.944948527046048,0.2564577674833694,0.0236223939117486,0.7428540209945236,0.3136969203382442,0.4229913527979223,0.1232590707810286,0.2269891978640499,0.7483443528531333,,,-171.31233964989343,364.62467929978686,401.7016976091912
2026-06-07T22:55:48,69,9,690009,"ARX(1,1)",-172.03653402669406,366.0730680533881,403.1500863627924,True,0,0.9367528686287664,0.0376929728058839,0.6014567657610189,0.2693997600343963,0.1374095848119497,0.7077220927020215,0.2356032344638991,0.5552970168181753,0.1099454234103213,0.2658825546273156,0.6942703027679485,,,-172.03653402670517,366.0730680534104,403.15008636281465
2026-06-07T22:57:11,69,10,690010,"ARX(1,1)",-172.03651028773118,366.07302057546235,403.15003888486666,True,0,0.9376916329565907,0.0377269790567199,0.600927506447602,0.2689979999261863,0.1377313558501034,0.7080904456818103,0.235675829834003,0.5561124782561772,0.110086045682801,0.2658798368138017,0.6941017363314644,,,-172.03651028778728,366.07302057557456,403.15003888497887
2026-06-07T22:58:56,69,11,690011,"ARX(1,1)",-171.392225754205,364.78445150841,401.8614698178143,True,0,0.057530210034707,0.0245276427502308,0.9457845320487918,0.274160463162121,0.0236048026408286,0.7125902692994039,0.3161974612207848,0.5010543446602599,0.1206732350430978,0.2199574375494231,0.7622639871139291,,,-171.392225759826,364.784451519652,401.8614698290563
2026-06-07T23:01:05,69,12,690012,"ARX(1,1)",-171.3123372226177,364.6246744452354,401.70169275463974,True,0,0.0574602852966897,0.0012233874953686,0.9449112692973448,0.2564036873184244,0.0236309332939361,0.743032378440033,0.3135613132508115,0.4224213306072138,0.1232250009462567,0.2269450142010479,0.7484126262347174,,,-171.31233722255075,364.6246744451015,401.7016927545058
2026-06-07T23:03:14,69,13,690013,"ARX(1,1)",-171.87559846569633,365.75119693139266,402.82821524079696,True,0,0.0656747680583331,0.0916574321305896,0.9493795451544752,0.2550294938642443,0.019613997560667,0.699139009267284,0.2893591287576992,0.4776408328974549,0.1153822927316857,0.2351486861486146,0.7428947182915073,,,-171.8755984674424,365.7511969348848,402.8282152442891
2026-06-07T23:05:43,69,14,690014,"ARX(1,1)",-172.03661258649615,366.0732251729923,403.1502434823966,True,0,0.935281023734392,0.0379066196792919,0.6016895761941892,0.2685770169404298,0.1373774302345017,0.708325902999236,0.2358297321418276,0.5573883277705858,0.1101721786042295,0.265976547209434,0.6939289164221848,,,-172.0366125865338,366.0732251730676,403.1502434824719
2026-06-07T23:07:31,69,15,690015,"ARX(1,1)",-171.3126188630678,364.6252377261356,401.7022560355399,True,0,0.0576008027633244,0.0032789736047362,0.9450332794271554,0.256859525833968,0.0235461403842851,0.741624019269401,0.3130068889284423,0.4249923645702682,0.1232910198193279,0.2275333835280317,0.7478295646995046,,,-171.31261886336492,364.6252377267298,401.7022560361341
2026-06-07T23:09:07,69,16,690016,"ARX(1,1)",-172.03701185999006,366.0740237199801,403.1510420293844,True,0,0.946002661571178,0.0381844189612973,0.5999845732475957,0.2677771768959121,0.1375327078026773,0.7090190118006127,0.2347850894341127,0.5522239668856156,0.1098680142163262,0.2649781921018908,0.695327600283447,,,-172.03701183548662,366.0740236709733,403.1510419803776
2026-06-07T23:11:03,69,17,690017,"ARX(1,1)",-171.3123668801931,364.6247337603862,401.70175206979053,True,0,0.0575665874287257,0.0018660809612748,0.944881629627165,0.2567321752088977,0.0236420410406556,0.7424061799714159,0.3135502198569277,0.4237079170566345,0.1232763928951271,0.2272607372555794,0.748143571661564,,,-171.3123668806354,364.6247337612708,401.7017520706751
2026-06-07T23:12:45,69,18,690018,"ARX(1,1)",-172.03699524805018,366.07399049610035,403.15100880550466,True,0,0.9259710638109604,0.0376360859076519,0.604822444755538,0.2707225353723987,0.1359716714894391,0.706366870116458,0.2360118463577538,0.5561722165043818,0.1098125864301472,0.2659465906460228,0.694302938079669,,,-172.0369952480673,366.0739904961346,403.1510088055389
2026-06-07T23:14:46,69,19,690019,"ARX(1,1)",-172.03646357367265,366.0729271473453,403.1499454567496,True,0,0.944084005421016,0.0378333865341006,0.5990395012945218,0.2690005575090388,0.1386479355550219,0.7080067058007143,0.2353684381905458,0.5561401212863176,0.1101270339947791,0.265621679187036,0.6942430627529963,,,-172.0364635740897,366.0729271481794,403.1499454575837
2026-06-07T23:17:23,69,20,690020,"ARX(1,1)",-171.31233737596924,364.62467475193847,401.7016930613428,True,0,0.0575364615135634,0.0014865462495349,0.9448690762782386,0.2569989583105957,0.0236435908914968,0.7423152518547369,0.31357119731419,0.4231915223815745,0.1231171463644986,0.2272282154747008,0.74825603560262,,,-171.31233737574294,364.6246747514859,401.7016930608902
2026-06-07T23:19:08,69,21,690021,"ARX(1,1)",-172.0366481799594,366.0732963599188,403.1503146693231,True,0,0.944104551704238,0.0377385794636966,0.59879220669929,0.2706908857389558,0.1386919817474278,0.7062805227350266,0.2355921253372304,0.557759972196648,0.1103458471423036,0.2658318105388795,0.693984648982501,,,-172.03664816478693,366.07329632957385,403.15031463897816
2026-06-07T23:20:44,69,22,690022,"ARX(1,1)",-172.0367435771229,366.0734871542458,403.1505054636501,True,0,0.9353461097751696,0.037188737417773,0.6014402323523765,0.2688230740662659,0.1368232203518194,0.7086901069454713,0.2358874170493617,0.5533004437552114,0.1102251601815472,0.265684523242314,0.6941397076778589,,,-172.03674357761776,366.0734871552355,403.1505054646398
2026-06-07T23:22:21,69,23,690023,"ARX(1,1)",-172.03657391646072,366.07314783292145,403.15016614232576,True,0,0.9480216689813534,0.0381644687154139,0.5981551040963484,0.2684031429185389,0.1392465420587036,0.7083199119343744,0.235139826137128,0.5577658057432651,0.1104615547632987,0.2653931724127591,0.6941397709377934,,,-172.03657395674352,366.0731479134871,403.15016622289136
2026-06-07T23:25:00,69,24,690024,"ARX(1,1)",-171.85041054289962,365.70082108579925,402.77783939520356,True,0,0.0566380950652679,0.0866818886475116,0.954316898470432,0.234311182210766,0.0183018261734141,0.7225325866353138,0.2959234186174546,0.4736586199294462,0.1296408593231389,0.2554767936540434,0.7092200596553199,,,-171.8504105356804,365.7008210713608,402.7778393807651
2026-06-07T23:26:22,69,25,690025,"ARX(1,1)",-171.32182013768136,364.6436402753627,401.720658584767,True,0,0.0570963542982758,0.001695806696574,0.944978922475228,0.2615597168038746,0.0238154939135715,0.7376763485629939,0.3147779439204694,0.4319040948314727,0.1255759349964709,0.2285300604738303,0.7446530711376043,,,-171.321819823483,364.643639646966,401.7206579563703
2026-06-07T23:28:25,69,26,690026,"ARX(1,1)",-172.03646286831167,366.07292573662335,403.14994404602766,True,0,0.9421332400041852,0.0377779163904735,0.5996632453268171,0.2690620585767589,0.1383043713654741,0.7079877762712393,0.2354564370280973,0.5559723874885263,0.1100776281157414,0.2656859660063249,0.6942713589534975,,,-172.03646286830724,366.0729257366145,403.1499440460188
2026-06-07T23:30:26,69,27,690027,"ARX(1,1)",-172.03691089640998,366.07382179281996,403.15084010222427,True,0,0.9539069319185882,0.0378544876528997,0.5958007790272679,0.2687869261330374,0.1406822504366039,0.7080205039803634,0.2349634734012374,0.5574034578266376,0.1103033793049738,0.2668531652752333,0.6927568719458195,,,-172.03691089788438,366.0738217957688,403.1508401051731
2026-06-07T23:31:47,69,28,690028,"ARX(1,1)",-172.03920366644346,366.0784073328869,403.1554256422912,True,0,0.9068283541956004,0.037342806516549,0.6117887099623259,0.2729207390145696,0.1321360210473421,0.7044959413460015,0.2365398045037615,0.5533710810164502,0.1100299659035457,0.267299178752988,0.6930367947033562,,,-172.03920366700427,366.07840733400855,403.15542564341285
2026-06-07T23:33:27,69,29,690029,"ARX(1,1)",-172.03694095845714,366.0738819169143,403.1509002263186,True,0,0.9272556781671748,0.0372935004401225,0.6043648364719563,0.2699936708610086,0.1358103871776714,0.7074231260641486,0.236024272704842,0.5541687448231937,0.1099683280504322,0.2663872739890853,0.6938081991790997,,,-172.0369409584377,366.0738819168754,403.1509002262797
2026-06-07T23:35:16,69,30,690030,"ARX(1,1)",-172.04931056877086,366.0986211375417,403.17563944694604,True,0,1.0349686882289555,0.0385609586011245,0.5731381416444595,0.2665605562856988,0.1523317252800158,0.7102081734283777,0.2312133282305056,0.5537110101730514,0.1120426578221112,0.2629178490238801,0.6943593596829256,,,-172.0493105679215,366.098621135843,403.1756394452473
2026-06-07T23:41:00,69,31,690031,"ARX(1,1)",-172.03647446398855,366.0729489279771,403.1499672373814,True,0,0.9449580027335526,0.0378653662680082,0.5988677108125764,0.2690644575386323,0.1388390267581556,0.7079067241565897,0.2352954455842649,0.556678268206306,0.1101608574105699,0.2656259020614658,0.6942118333324263,,,-172.03647446370346,366.0729489274069,403.1499672368112
2026-06-07T23:43:13,69,32,690032,"ARX(1,1)",-171.32127480335583,364.64254960671167,401.719567916116,True,0,0.0587224427259538,0.009222171956519,0.9446382061674904,0.2634784612072817,0.0236076425922082,0.7321340265288896,0.3129228682588499,0.4380710725345365,0.1229526121388191,0.2290520251245572,0.7469782431293721,,,-171.32127451264165,364.6425490252833,401.7195673346876
2026-06-07T23:44:50,69,33,690033,"ARX(1,1)",-171.52584242833262,365.05168485666525,402.12870316606956,True,0,0.0582396511413256,0.0364391412027526,0.947039292777397,0.2283784125067535,0.0221070891518238,0.7514362904697358,0.3088963690894318,0.506320126101883,0.1151371596177959,0.2333696805819751,0.7471338283301002,,,-171.525842203536,365.051684407072,402.1287027164763
2026-06-07T23:47:14,69,34,690034,"ARX(1,1)",-172.03653631649263,366.07307263298526,403.15009094238957,True,0,0.9412898269491512,0.0373006054297719,0.5992440731321312,0.2688091867290504,0.1387065899439589,0.7085453776683116,0.2357105686615804,0.5560233978869666,0.1102433854271139,0.2660785898364233,0.6936629363998313,,,-172.03653631634245,366.0730726326849,403.1500909420892
2026-06-07T23:49:00,69,35,690035,"ARX(1,1)",-171.38494354315262,364.76988708630523,401.84690539570954,True,0,0.0569370286226442,0.0232033238609904,0.945895838881398,0.2681596727148624,0.0235072714830228,0.7196587915203064,0.3171422480835184,0.48854713307995,0.1176964670285386,0.2230580647724349,0.7615263966272667,,,-171.38494354320738,364.7698870864148,401.8469053958191
2026-06-07T23:50:55,69,36,690036,"ARX(1,1)",-172.03657102944996,366.0731420588999,403.1501603683042,True,0,0.9404001321360198,0.0377486890919079,0.6000614989209473,0.2684328325032473,0.1383440211884891,0.7087212191971877,0.2354754275573232,0.5543585307379405,0.1099304785990789,0.265201336069141,0.6948794967936196,,,-172.03657102953602,366.073142059072,403.1501603684764
2026-06-07T23:52:02,69,37,690037,"ARX(1,1)",-172.0367255760661,366.0734511521322,403.1504694615365,True,0,0.9482433403233896,0.0370761173270908,0.5972538974777978,0.2682709909805217,0.1388441218867388,0.709233180554916,0.2355030520976819,0.554326445706413,0.1109935871176332,0.2657444975742687,0.6931943553228644,,,-172.03672557599566,366.0734511519913,403.1504694613956
2026-06-07T23:53:37,69,38,690038,"ARX(1,1)",-172.0368529172237,366.0737058344474,403.15072414385173,True,0,0.9542888519890406,0.0375328432973749,0.5946813101934985,0.2693160343066198,0.1412159221872292,0.7078645298513796,0.2354278983652196,0.5572434417934939,0.1103022553153471,0.2657520690058335,0.6939445608771867,,,-172.03685291397832,366.07370582795664,403.15072413736095
2026-06-07T23:55:12,69,39,690039,"ARX(1,1)",-172.03690584591894,366.0738116918379,403.1508300012422,True,0,0.9540316320334,0.0381302558097223,0.5958440863710228,0.2680492011047807,0.1401932405129679,0.7085723047621169,0.2350868008197887,0.5586298150767937,0.1108838876842055,0.2655209224657299,0.6929622413705536,,,-172.0369058458673,366.0738116917346,403.1508300011389
2026-06-07T23:56:37,69,40,690040,"ARX(1,1)",-172.03657621998343,366.07315243996686,403.15017074937117,True,0,0.9476323758775592,0.0376035563919064,0.5983045584435143,0.2694276219343363,0.139441090514414,0.7077888865168949,0.2348852180773719,0.5558102099056115,0.1098347244969283,0.2659103458814034,0.6940614620810646,,,-172.03657620625933,366.07315241251865,403.15017072192296
2026-06-07T22:38:45,70,1,700001,"ARX(1,1)",-172.03686535539262,366.07373071078524,403.15074902018955,True,0,0.942945872089875,0.0376218297638795,0.5989650007440566,0.2707834867239794,0.1385441762861318,0.7061177979861969,0.2355813768476891,0.5591166191486078,0.110272751120792,0.2662932694959735,0.6930824759434007,,,-172.03686535537076,366.07373071074153,403.1507490201458
2026-06-07T22:40:58,70,2,700002,"ARX(1,1)",-171.31295512513566,364.6259102502713,401.7029285596756,True,0,0.0577924104557938,0.00055509867236,0.9447164986161648,0.2575426420267835,0.0236607544602154,0.7422045969753206,0.3132632633391908,0.4194056683925471,0.1237339995943974,0.2276483199606815,0.7466643540584721,,,-171.31295512168327,364.62591024336655,401.70292855277086
2026-06-07T22:44:16,70,3,700003,"ARX(1,1)",-171.42858645623178,364.85717291246357,401.9341912218679,True,0,0.0582720865962029,0.0424906710904963,0.9486677861679031,0.2567020176559152,0.0214977896556886,0.7221604754405279,0.3042117914898654,0.466478395478801,0.1196275059355073,0.2334524950544161,0.7477321674878605,,,-171.42858645322917,364.8571729064584,401.93419121586265
2026-06-07T22:45:35,70,4,700004,"ARX(1,1)",-172.03718442529222,366.07436885058445,403.15138715998876,True,0,0.9514361343599276,0.0383810387647606,0.5968787772112489,0.2651729143435949,0.1404869874047484,0.7114452504627102,0.2351662634048905,0.5576534278178974,0.1109341058171291,0.2657756416932996,0.6931667005508686,,,-172.03718442531675,366.0743688506335,403.1513871600378
2026-06-07T22:47:39,70,5,700005,"ARX(1,1)",-171.43572998193974,364.8714599638795,401.9484782732838,True,0,0.0801375054404434,0.0254080933676107,0.93220044985108,0.2421160390917991,0.0285453065369064,0.7447458197094198,0.3025340574950474,0.4834798153008546,0.1189291338404066,0.239460139214446,0.7401460944225728,,,-171.43572995153414,364.8714599030683,401.9484782124726
2026-06-07T22:49:09,70,6,700006,"ARX(1,1)",-172.04001410077692,366.08002820155383,403.15704651095814,True,0,0.988981413663912,0.0388192941929232,0.5868363070177471,0.2667798479068117,0.1455511660662963,0.7095991139252921,0.2329609737652669,0.5591459116419828,0.1108717983602972,0.265064061439889,0.6936811740043696,,,-172.0400141033188,366.0800282066376,403.15704651604193
2026-06-07T22:51:16,70,7,700007,"ARX(1,1)",-171.32689222620118,364.65378445240236,401.7308027618067,True,0,0.0589150442882612,0.0099782812311794,0.944831543915816,0.2497927939232195,0.0234628044389821,0.7454997843095695,0.3102008034627688,0.436842281294697,0.1247183518432555,0.2233249455307107,0.7508203694825112,,,-171.3268922337407,364.6537844674814,401.7308027768857
2026-06-07T22:53:01,70,8,700008,"ARX(1,1)",-171.3963600138099,364.7927200276198,401.8697383370241,True,0,0.0562754067161233,0.028530992830743,0.9473338734347744,0.2727105746226749,0.0229605437658723,0.7118168288418296,0.3143822170356613,0.5033281616315689,0.1226744066690036,0.221782858129901,0.7582179175220699,,,-171.39636016216588,364.79272032433175,401.86973863373606
2026-06-07T22:55:00,70,9,700009,"ARX(1,1)",-172.03673331513463,366.07346663026925,403.15048493967356,True,0,0.9480133682754088,0.0375786921157296,0.596552202265608,0.2686089545108431,0.1400591285792256,0.7086796214736558,0.2356356813224653,0.5547306084110147,0.1099299237906085,0.2648328457045117,0.6951529393790482,,,-172.03673332751345,366.0734666550269,403.1504849644312
2026-06-07T22:57:46,70,10,700010,"ARX(1,1)",-171.4206188579527,364.8412377159054,401.9182560253097,True,0,0.0648312925839992,0.0270382649579334,0.942245653500036,0.2681164482916695,0.0241720788131653,0.7181336144217549,0.3119445169881993,0.4715035306277501,0.1286316956877525,0.2477385256552447,0.7197895070505393,,,-171.42061892653606,364.8412378530721,401.9182561624765
2026-06-07T22:59:17,70,11,700011,"ARX(1,1)",-171.31392607549938,364.62785215099876,401.7048704604031,True,0,0.0572292085935276,0.0056251825410355,0.9455067137460472,0.2570119100997959,0.0233716297197123,0.7403669215804248,0.3126045386124882,0.4289383097486134,0.1235460109625795,0.2277049460338488,0.7476678567760101,,,-171.3139260747769,364.6278521495538,401.7048704589581
2026-06-07T23:01:23,70,12,700012,"ARX(1,1)",-172.03646188227827,366.07292376455655,403.14994207396086,True,0,0.9431137055842366,0.0378108992359787,0.5994766591617788,0.2690778251724652,0.1384208568073224,0.7079578766269177,0.2353599525325092,0.5559446796812288,0.1101221701548961,0.265679135655082,0.6942108418618752,,,-172.0364618824754,366.0729237649508,403.1499420743551
2026-06-07T23:02:29,70,13,700013,"ARX(1,1)",-172.0370091426082,366.0740182852164,403.15103659462073,True,0,0.9355877460664112,0.037409531498419,0.6019172057208411,0.2686403335839989,0.1381182244080764,0.7083254718229086,0.2355131189540679,0.5589512638859603,0.1110309966334922,0.2664452336379228,0.6926101865532983,,,-172.03700914228068,366.07401828456136,403.15103659396567
2026-06-07T23:04:36,70,14,700014,"ARX(1,1)",-172.0379309916459,366.0758619832918,403.1528802926961,True,0,0.9726098346834048,0.0383397823236796,0.590098185098083,0.2665927919087565,0.1429991147547091,0.7100814536471485,0.2343618827019171,0.5565478154532344,0.1107727561136254,0.26539551592695,0.6934876682117099,,,-172.03793099208846,366.0758619841769,403.1528802935812
2026-06-07T23:07:16,70,15,700015,"ARX(1,1)",-171.44046235111637,364.88092470223273,401.95794301163704,True,0,0.0763078719232143,0.0353173270291032,0.938181820839866,0.2666969329180419,0.0247873553514243,0.7161487476500705,0.2907726541108734,0.4594228676586472,0.121380715377471,0.235737338783035,0.7377304546386154,,,-171.44046235140252,364.880924702805,401.9579430122093
2026-06-07T23:09:20,70,16,700016,"ARX(1,1)",-172.03675779308966,366.0735155861793,403.15053389558364,True,0,0.95034963168635,0.0375869164475277,0.5967025577537465,0.26793335062744,0.139568580377158,0.7091515796001456,0.2352146667354207,0.5547262871128047,0.1103442686269384,0.2663393870924282,0.6928976473339751,,,-172.03675779215894,366.0735155843179,403.1505338937222
2026-06-07T23:11:38,70,17,700017,"ARX(1,1)",-172.0424331619629,366.0848663239258,403.1618846333301,True,0,0.9216881924932387,0.0362420877957994,0.6057797402913114,0.264776051649465,0.1330362839482861,0.7136665641764249,0.2364188062235948,0.541199126538484,0.1111555153978599,0.2667062499568213,0.6916594848519706,,,-172.0424331621506,366.0848663243012,403.1618846337055
2026-06-07T23:13:00,70,18,700018,"ARX(1,1)",-172.03647124695632,366.07294249391265,403.14996080331696,True,0,0.9440044021062156,0.0376674128913294,0.5990195096101745,0.2692493371606118,0.1385716810179756,0.7079053232708564,0.2353753619281437,0.5556643692779211,0.1101511000428184,0.2655138955527705,0.6943393521721867,,,-172.03647124732151,366.07294249464303,403.14996080404734
2026-06-07T23:14:41,70,19,700019,"ARX(1,1)",-172.03722924172504,366.0744584834501,403.1514767928544,True,0,0.961647655801284,0.038058515542613,0.5932246250354017,0.2683035740517148,0.1417192947270586,0.7084674408546416,0.2349182436042948,0.559563684497366,0.110747820437936,0.265492491160148,0.6934400275721856,,,-172.03722924176398,366.074458483528,403.1514767929322
2026-06-07T23:17:57,70,20,700020,"ARX(1,1)",-172.03652518075688,366.07305036151376,403.1500686709181,True,0,0.9402395116936896,0.0376310114352434,0.6002068268430218,0.2683991184267748,0.1379500719977336,0.7088021331185814,0.2355208871077256,0.5546548360945233,0.1101290739922623,0.265702114138974,0.6942012939259463,,,-172.03652518083538,366.0730503616708,403.1500686710751
2026-06-07T23:20:49,70,21,700021,"ARX(1,1)",-171.3496317414644,364.6992634829288,401.7762817923331,True,0,0.0595518965403058,0.0143372122686184,0.9453440354221956,0.250445778121348,0.023002754357725,0.7425429790450329,0.3102172077088986,0.4438496688495115,0.1261939703435355,0.2452044660017026,0.7271630970249061,,,-171.34963181374485,364.6992636274897,401.776281936894
2026-06-07T23:22:30,70,22,700022,"ARX(1,1)",-171.3123395464317,364.6246790928634,401.7016974022677,True,0,0.057504694078646,0.0015892457655244,0.9449019385238044,0.2567210687445527,0.02363070324038,0.74254542994951,0.3135776206774263,0.4233858396960078,0.1231647240499406,0.2272152708003547,0.7482725678274885,,,-171.31233954608442,364.6246790921688,401.70169740157314
2026-06-07T23:24:24,70,23,700023,"ARX(1,1)",-171.3123341996037,364.6246683992074,401.7016867086117,True,0,0.0574522749815143,0.0014216623795732,0.9449207462971014,0.2566573313379006,0.0236337839829695,0.7426868700628926,0.3135778511116243,0.4231920975393266,0.1231306827883244,0.2269849276159989,0.7485474689759285,,,-171.31233419892712,364.62466839785424,401.70168670725855
2026-06-07T23:26:14,70,24,700024,"ARX(1,1)",-172.0364721887011,366.0729443774022,403.14996268680653,True,0,0.9453732595328702,0.037819322722448,0.5985370283909974,0.2689429938699549,0.1388735366891069,0.7080719093057225,0.2353681267758524,0.5561637331196524,0.1101895945342325,0.2655999226534666,0.6941645676684277,,,-172.03647218863614,366.0729443772723,403.1499626866766
2026-06-07T23:28:16,70,25,700025,"ARX(1,1)",-172.04217411241947,366.08434822483895,403.16136653424326,True,0,1.0007876910060904,0.0390297246911282,0.5849395506781874,0.2679746574523357,0.1464016734172931,0.7084312019414939,0.2317865935754553,0.5571770846705062,0.1117688446896575,0.2624822135437454,0.695070834440062,,,-172.04217411245986,366.0843482249197,403.161366534324
2026-06-07T23:30:18,70,26,700026,"ARX(1,1)",-172.03655900684677,366.07311801369354,403.15013632309785,True,0,0.9470822927483804,0.0378218817521191,0.5979489902893603,0.2684953244052622,0.1398220087453359,0.7086078340947289,0.2352141395342207,0.5557231924826134,0.1101740212859437,0.265460905281473,0.6941191559920581,,,-172.03655900930465,366.0731180186093,403.1501363280136
2026-06-07T23:32:03,70,27,700027,"ARX(1,1)",-171.37193374174197,364.74386748348394,401.82088579288825,True,0,0.056707451188881,0.0258419863903577,0.9473690827739936,0.2512896410908849,0.0225963891281717,0.7354925199551822,0.3126484723770631,0.4735438775947788,0.1268233165861264,0.2307839624566842,0.7427584560732043,,,-171.3719337400454,364.7438674800908,401.8208857894951
2026-06-07T23:33:57,70,28,700028,"ARX(1,1)",-172.03646487991574,366.0729297598315,403.1499480692358,True,0,0.9432565519912992,0.0377757994203242,0.5994987230857098,0.2689813713127542,0.1383715380557164,0.7080479123619828,0.2353210817086418,0.5558747750102637,0.1101667034786964,0.2657462776771357,0.6940952169627541,,,-172.0364648799531,366.0729297599062,403.1499480693105
2026-06-07T23:36:10,70,29,700029,"ARX(1,1)",-172.03684822418109,366.07369644836217,403.1507147577665,True,0,0.9531453720562278,0.0382641873862041,0.5966056571453371,0.2704172028991513,0.1399854591239427,0.7065375895394623,0.234881019850402,0.5551586504919638,0.110329618219968,0.2646337284925047,0.694940306445582,,,-172.03684822228786,366.0736964445757,403.15071475398
2026-06-07T23:38:01,70,30,700030,"ARX(1,1)",-172.03707849705478,366.07415699410956,403.15117530351387,True,0,0.9601693930709791,0.0380163160318094,0.5945138172237552,0.2666489182985597,0.1406229108349616,0.7102380258109104,0.2345286697237187,0.5564053845212326,0.1102002685186527,0.2652542839843583,0.6944071242577368,,,-172.0370784999956,366.0741569999912,403.1511753093955
2026-06-07T23:40:04,70,31,700031,"ARX(1,1)",-172.03669936744592,366.07339873489184,403.15041704429615,True,0,0.9533963258139736,0.0376416114510026,0.5962241163493552,0.2686728516120101,0.139282463984,0.7084464422070027,0.2351705153204184,0.5553971246326518,0.1106780520325066,0.265553071712402,0.6936822699541336,,,-172.03669936732604,366.0733987346521,403.1504170440564
2026-06-07T23:41:23,70,32,700032,"ARX(1,1)",-171.41966961916114,364.8393392383223,401.9163575477266,True,0,0.0794592205953873,0.0227618165288058,0.932325347834429,0.2542279386984223,0.0286083677390112,0.7342109057249016,0.3004698619533248,0.4761647507112666,0.1146633470559943,0.2329471347859486,0.7501047943445441,,,-171.41966936793875,364.8393387358775,401.9163570452818
2026-06-07T23:43:42,70,33,700033,"ARX(1,1)",-171.44131760042706,364.8826352008541,401.9596535102584,True,0,0.0783890653271108,0.0302205500842768,0.9338686643626072,0.2470618426641579,0.0277632111757414,0.7373793595602031,0.3031942259521242,0.4835698501387797,0.1207997873442058,0.2405205781275919,0.7364683515596313,,,-171.4413176019655,364.8826352039309,401.9596535133352
2026-06-07T23:45:23,70,34,700034,"ARX(1,1)",-172.0370321520826,366.0740643041652,403.1510826135695,True,0,0.9575831659393516,0.0372807281796616,0.5945185733390204,0.2696566533435836,0.1407158167830044,0.7076120106421918,0.234769712424762,0.5553633130173716,0.1096933440779089,0.2651367288746006,0.6951324731599022,,,-172.03703215219898,366.074064304398,403.1510826138023
2026-06-07T23:48:00,70,35,700035,"ARX(1,1)",-171.32271988844843,364.64543977689686,401.7224580863012,True,0,0.0582947762690912,0.0001098249477339,0.9447049039743772,0.2651978070735102,0.023563137307272,0.7347524308766454,0.3089898926140678,0.4163204180483141,0.1217993769423174,0.2286027625147192,0.7453710302413574,,,-171.32271988786133,364.64543977572265,401.72245808512696
2026-06-07T23:50:16,70,36,700036,"ARX(1,1)",-172.03773753841335,366.0754750768267,403.152493386231,True,0,0.9712827245200818,0.0380830727064875,0.5913803486532466,0.2682050682326392,0.1426096616092675,0.7086354711629778,0.233964202171094,0.5572826300028424,0.1105312605130785,0.2649163802580154,0.6943053111914677,,,-172.03773753849038,366.0754750769808,403.15249338638506
2026-06-07T23:53:58,70,38,700038,"ARX(1,1)",-172.03646244642164,366.0729248928433,403.1499432022476,True,0,0.9427764875933432,0.0377939673127223,0.5994932593638211,0.2691040929416671,0.138378199809149,0.7079197573855939,0.2354287249858987,0.556219734537676,0.1101602645976014,0.2656353979148459,0.6942212876456839,,,-172.0364624465523,366.0729248931046,403.1499432025089
2026-06-07T23:55:25,70,39,700039,"ARX(1,1)",-171.3581207777838,364.7162415555676,401.7932598649719,True,0,0.0585342471706517,0.0233954244441526,0.946226877243436,0.2608996477041821,0.0228766744997019,0.7272861144729438,0.3104894551907659,0.4662107976288808,0.1227933610672902,0.2349034358437084,0.7425059379941064,,,-171.35812070252854,364.7162414050571,401.7932597144614
2026-06-07T23:58:04,70,40,700040,"ARX(1,1)",-171.32590234636746,364.6518046927349,401.7288230021392,True,0,0.0541490747885545,0.0084948291792451,0.9476782008739656,0.2471257028799311,0.0227266270340653,0.7488908954768803,0.316329051468351,0.4317276314458891,0.1284460828483425,0.2295847661362391,0.741585329261035,,,-171.32590234663417,364.65180469326833,401.72882300267264
2026-06-07T22:36:40,71,1,710001,"ARX(1,1)",-171.3248296588315,364.649659317663,401.7266776270673,True,0,0.0575768289222029,0.0001659341843854,0.9453485461574768,0.2482742724705906,0.023211441944379,0.7516509861560158,0.3093423653952479,0.4121047168526377,0.121826847088139,0.2260070168943633,0.7493361252553136,,,-171.32482865765053,364.64965731530106,401.72667562470536
2026-06-07T22:38:50,71,2,710002,"ARX(1,1)",-172.0632427842807,366.1264855685614,403.2035038779657,True,0,1.0640560046775749,0.0400981221088796,0.5619592363293453,0.2610257306631138,0.1620029250292383,0.7142278070718252,0.2310025550118347,0.5703010724551851,0.1119751132394967,0.26388964476179,0.693408308689206,,,-172.0632427795818,366.1264855591636,403.2035038685679
2026-06-07T22:40:50,71,3,710003,"ARX(1,1)",-171.3148294658346,364.6296589316692,401.7066772410735,True,0,0.0587923120167747,0.0016324824505701,0.94423872757269,0.2612139984998016,0.0237701702606556,0.7380413778120571,0.3118624500963556,0.4188367835770622,0.1227778923593244,0.2283341301087816,0.7466758361181679,,,-171.3148294515521,364.6296589031042,401.7066772125085
2026-06-07T22:43:53,71,4,710004,"ARX(1,1)",-172.03650820189765,366.0730164037953,403.1500347131996,True,0,0.9462215441640508,0.0378665569524773,0.5985318714563304,0.2690268588541561,0.1384540978139761,0.7080363627698814,0.2352637801122084,0.5558219533836309,0.1100211239430397,0.2652975821885166,0.6947209193307665,,,-172.03650820598958,366.0730164119792,403.15003472138346
2026-06-07T22:47:14,71,5,710005,"ARX(1,1)",-172.0374419315993,366.0748838631986,403.1519021726029,True,0,0.9329278882520582,0.0390020660589945,0.6023555710752804,0.2709757566472244,0.1357266884484214,0.7053018391774311,0.236404541647242,0.557640381238667,0.1106559218649897,0.2656004849281507,0.6938493107987356,,,-172.0374419334936,366.0748838669872,403.1519021763915
2026-06-07T22:49:26,71,6,710006,"ARX(1,1)",-171.31633337887413,364.63266675774827,401.7096850671526,True,0,0.0567930960436115,0.0060501768927692,0.9455727282582304,0.2544092006862311,0.0233910172808321,0.7427398514778011,0.3143930774368721,0.4331342933356268,0.1217669042947379,0.2271498590039526,0.7510560105273507,,,-171.31633337910102,364.6326667582021,401.7096850676064
2026-06-07T22:51:29,71,7,710007,"ARX(1,1)",-172.03660980298616,366.0732196059723,403.15023791537664,True,0,0.9512505380556444,0.037646969643062,0.5969868633975567,0.2690383564408386,0.1393408993264738,0.7080226014580294,0.2350048678015065,0.5557928016937463,0.1102528352276193,0.2656188059879312,0.6938886348971072,,,-172.03660979305226,366.0732195861045,403.1502378955088
2026-06-07T22:52:40,71,8,710008,"ARX(1,1)",-172.0371227634962,366.0742455269924,403.1512638363967,True,0,0.9594951782109082,0.0381098054076684,0.5932332423007268,0.2667570938617528,0.1413840125792504,0.7100194533024694,0.2351216705736596,0.5564296488283518,0.1104579092853129,0.2649446410633742,0.6941458627225895,,,-172.03712276729385,366.0742455345877,403.151263843992
2026-06-07T22:55:10,71,9,710009,"ARX(1,1)",-172.03925222926472,366.07850445852944,403.15552276793375,True,0,0.9031754306543232,0.0372369827140859,0.6111515272557348,0.2706058243480119,0.1330356888862611,0.7066103124320687,0.237324804204638,0.557725324434228,0.1095060118527392,0.2677058177197959,0.6931981637520873,,,-172.0392522237522,366.0785044475044,403.1555227569088
2026-06-07T22:56:36,71,10,710010,"ARX(1,1)",-172.03788966912867,366.07577933825735,403.15279764766166,True,0,0.9681354646176048,0.0390349934458076,0.5912380130629291,0.2689433636128431,0.1415639540161163,0.707286972704446,0.2349161937542835,0.5593636872173584,0.1104133911360052,0.2655568987894227,0.6939387161792283,,,-172.0378896693789,366.0757793387578,403.1527976481621
2026-06-07T22:59:11,71,11,710011,"ARX(1,1)",-167.3621197146811,356.7242394293622,393.80125773876654,True,0,6.60904559349992,2.917417800862043,0.8839556621948383,0.4894862238079424,0.0092571369487792,0.1062504749101231,0.0558922260533985,0.0109538237279663,0.3063427827483851,0.3121622325602504,0.947328042772678,,,-167.36211971461205,356.7242394292241,393.8012577386284
2026-06-07T23:00:59,71,12,710012,"ARX(1,1)",-171.3123337784749,364.6246675569498,401.7016858663541,True,0,0.0574854632421638,0.0013112275594787,0.9448963244703176,0.2564085645174004,0.0236338425894109,0.742986465030459,0.3135422863475725,0.4229185237380781,0.1231378376831795,0.22699621584359,0.74848728999695,,,-171.3123337773913,364.6246675547826,401.7016858641869
2026-06-07T23:02:35,71,13,710013,"ARX(1,1)",-172.03659604674078,366.07319209348157,403.1502104028859,True,0,0.949249878660314,0.0380841136122798,0.5978605722968765,0.2678622817906686,0.1396267718328617,0.7090261320308004,0.2349819616602045,0.5564665116056047,0.110293500486978,0.2652792736661941,0.6943111703427879,,,-172.03659604780538,366.0731920956108,403.1502104050151
2026-06-07T23:05:04,71,14,710014,"ARX(1,1)",-172.0367877040022,366.0735754080044,403.1505937174087,True,0,0.9444416067143656,0.0370887497691253,0.5987403237443707,0.2699764904434047,0.1387305566977896,0.7077503852305599,0.235306289583951,0.5533662602604793,0.1101210341497056,0.2646164457226327,0.6955046492285256,,,-172.03678770269534,366.0735754053906,403.150593714795
2026-06-07T23:06:57,71,15,710015,"ARX(1,1)",-172.06722428440378,366.13444856880756,403.21146687821187,True,0,1.0665645306692884,0.0390024800490803,0.5583835950698074,0.2666841736083408,0.1625188942823548,0.7100483389978492,0.2309028975233865,0.5538348579304913,0.1089330371752989,0.2563615760273074,0.7030995548387363,,,-172.06722426216052,366.134448524321,403.21146683372535
2026-06-07T23:08:36,71,16,710016,"ARX(1,1)",-171.53686243800075,365.0737248760015,402.1507431854058,True,0,0.0553900586959961,0.0258277520445908,0.9485569739692769,0.2201716835206987,0.0216279182236768,0.7669019471697353,0.3092803727528022,0.4336922696522708,0.1411389924765181,0.2296951936369685,0.7141484277142006,,,-171.53686243706125,365.0737248741225,402.1507431835268
2026-06-07T23:10:12,71,17,710017,"ARX(1,1)",-171.312661663008,364.625323326016,401.7023416354203,True,0,0.057863832247759,0.0019804744287488,0.9447384765703336,0.2588153008719766,0.0236546394129388,0.7402723191182575,0.3129620256531539,0.423262606029456,0.1225945259556293,0.2274110959435017,0.7485047479084921,,,-171.31266166305255,364.6253233261051,401.7023416355094
2026-06-07T23:12:22,71,18,710018,"ARX(1,1)",-172.03722952440236,366.0744590488047,403.15147735820904,True,0,0.9628951501160192,0.0374513248245856,0.5928751193360362,0.269759072733767,0.1414333677508804,0.7074715112370539,0.2347842893139455,0.5563592340914181,0.1109547953973104,0.2655686188574904,0.6932457465077805,,,-172.0372295234905,366.074459046981,403.1514773563853
2026-06-07T23:14:43,71,19,710019,"ARX(1,1)",-172.03733490351635,366.0746698070327,403.151688116437,True,0,0.9602203911652764,0.037222484784969,0.5948582217504056,0.2697587416836765,0.140089902241305,0.7077072962879499,0.2342851104968621,0.5528719794737261,0.1097532300332755,0.2652890922602907,0.694865581151074,,,-172.03733490576803,366.07466981153607,403.1516881209404
2026-06-07T23:17:29,71,20,710020,"ARX(1,1)",-172.03689402492898,366.07378804985797,403.1508063592623,True,0,0.93140519715356,0.0374114049216968,0.6021867986466648,0.2687247773836612,0.1377513608254077,0.7085510486326801,0.2359978998869843,0.5547672239072667,0.1092736728642639,0.266761392085239,0.6940421860842051,,,-172.03689402493188,366.07378804986377,403.1508063592681
2026-06-07T23:19:20,71,21,710021,"ARX(1,1)",-171.4505740195528,364.9011480391056,401.9781663485099,True,0,0.0810056759934838,0.0250654610642682,0.9315815060824224,0.2696839568450497,0.029140084945836,0.7173565776459246,0.2998218460239189,0.4858900992602409,0.1145835540957707,0.2245587770141077,0.7605845332701375,,,-171.45057401764345,364.9011480352869,401.9781663446912
2026-06-07T23:21:48,71,22,710022,"ARX(1,1)",-171.44933063781446,364.8986612756289,401.9756795850332,True,0,0.0835979706628512,0.0188147847109453,0.9305152510000428,0.2295126193071285,0.028714091085785,0.7608440277723154,0.2965708962431951,0.4691253923527935,0.1147522393115952,0.2417343457782217,0.7426245041107558,,,-171.44933063785788,364.89866127571577,401.9756795851201
2026-06-07T23:24:08,71,23,710023,"ARX(1,1)",-172.03880698251072,366.07761396502144,403.15463227442575,True,0,0.965998293592029,0.0387732677649402,0.5941996519304064,0.269027158419205,0.1387425231755884,0.7074438315753784,0.2340359609691833,0.5571441596382175,0.1096042991072343,0.2620138002793851,0.698530994373648,,,-172.03880698261895,366.0776139652379,403.1546322746422
2026-06-07T23:26:01,71,24,710024,"ARX(1,1)",-171.4236155009881,364.8472310019762,401.9242493113805,True,0,0.082844408698174,0.0211707709007466,0.9305220816514146,0.2390847757880869,0.0287643515322007,0.7502462628203551,0.2971836794949613,0.4652213492437186,0.1117231679206333,0.2341294626192833,0.7504066790415324,,,-171.4236155016834,364.8472310033668,401.9242493127711
2026-06-07T23:28:27,71,25,710025,"ARX(1,1)",-172.0364639190152,366.0729278380304,403.1499461474347,True,0,0.9421767457079984,0.0377754237635013,0.5997004171075918,0.2689248501012001,0.1383429678080149,0.7081139847923025,0.2354197124449701,0.5561580731425464,0.1101775342959799,0.2656227185203902,0.6942095915895661,,,-172.0364639189526,366.0729278379052,403.1499461473095
2026-06-07T23:29:44,71,26,710026,"ARX(1,1)",-172.03646804425586,366.0729360885117,403.149954397916,True,0,0.9448291918654416,0.037857076764877,0.5988387670670495,0.2690189453515108,0.1387710942039154,0.7079576408750602,0.2353332022694756,0.5563007431803503,0.1101559325213967,0.2656579504319329,0.6941791838204969,,,-172.03646804401683,366.07293608803366,403.149954397438
2026-06-07T23:31:44,71,27,710027,"ARX(1,1)",-172.03655645474365,366.0731129094873,403.1501312188916,True,0,0.9412978684717332,0.037440123929625,0.599906977093077,0.2694307293801353,0.1379534838802197,0.7079163615288552,0.2354434808931577,0.5538541937522947,0.1100960256571492,0.2655898897274146,0.6943381427592497,,,-172.0365564526079,366.0731129052158,403.1501312146201
2026-06-07T23:33:10,71,28,710028,"ARX(1,1)",-171.50872608377819,365.01745216755637,402.0944704769607,True,0,0.0846467895126417,0.0275307289773031,0.930356485225554,0.2658361557657145,0.0292600893672563,0.718980902372073,0.2999361029697805,0.5055580863894011,0.125313034726753,0.2503961075314939,0.7203326003897652,,,-171.5087260778575,365.017452155715,402.0944704651193
2026-06-07T23:35:16,71,29,710029,"ARX(1,1)",-172.06946806339084,366.1389361267817,403.215954436186,True,0,1.09365228637708,0.0421978045192483,0.5591631545386129,0.2652886751824928,0.156285303104798,0.7086824647822707,0.228673560494368,0.5629281237311599,0.1118504911549966,0.2612401019917044,0.6954000001797686,,,-172.0694680633908,366.1389361267816,403.2159544361859
2026-06-07T23:37:25,71,30,710030,"ARX(1,1)",-171.31233085910424,364.6246617182085,401.7016800276128,True,0,0.057519637930748,0.0013618518881248,0.9448661383590452,0.2566487232927851,0.0236475777444698,0.742722944202414,0.3136377036469347,0.4229656679157909,0.1230901176973761,0.2271652148669235,0.7483942901924907,,,-171.31233085901405,364.6246617180281,401.7016800274324
2026-06-07T23:39:06,71,31,710031,"ARX(1,1)",-172.03653848545298,366.07307697090596,403.15009528031027,True,0,0.9421841418388988,0.0379761665596989,0.5998320585700495,0.2692970315612357,0.1382551920491465,0.7075906614963041,0.2354126209832749,0.5580311751188238,0.1101516806021464,0.2656946502663914,0.6941591035551969,,,-172.03653848200355,366.0730769640071,403.1500952734114
2026-06-07T23:40:40,71,32,710032,"ARX(1,1)",-172.03716113428396,366.0743222685679,403.15134057797223,True,0,0.926610302147416,0.0373607557626612,0.6032823280702212,0.2696021394137144,0.1376575463968469,0.707695764892058,0.2364922407222767,0.5571219627328304,0.1104556717275646,0.2664043836340307,0.6930757838795719,,,-172.0371611281611,366.0743222563222,403.1513405657265
2026-06-07T23:42:36,71,33,710033,"ARX(1,1)",-171.31249818014135,364.6249963602827,401.702014669687,True,0,0.0575580470530602,0.0010910762876755,0.9449120901187557,0.2562051071423603,0.0236128281768212,0.7432932150572009,0.3129260361442114,0.4216509457010258,0.1235761398325717,0.2266712658587105,0.7480860094780019,,,-171.31249817977897,364.62499635955794,401.7020146689623
2026-06-07T23:44:42,71,34,710034,"ARX(1,1)",-172.03663669044386,366.0732733808877,403.150291690292,True,0,0.9333247358571684,0.0377554096285569,0.6022588414693304,0.2692865471651856,0.1368348737770134,0.7078050069926681,0.235921096228915,0.5550811540914046,0.1099605868616848,0.2660126560511628,0.6941411808939834,,,-172.03663669042004,366.0732733808401,403.1502916902444
2026-06-07T23:46:36,71,35,710035,"ARX(1,1)",-171.31282507487512,364.62565014975024,401.70266845915455,True,0,0.058413545006802,0.0015540925255169,0.9444231501124544,0.2579694304643749,0.0237161587780873,0.741309996975708,0.3124282239552317,0.4226004557567816,0.1231222327431986,0.2286155585809255,0.74641444120579,,,-171.31282508035378,364.6256501607076,401.7026684701119
2026-06-07T23:48:38,71,36,710036,"ARX(1,1)",-172.0364999707682,366.0729999415364,403.1500182509407,True,0,0.9386490004151016,0.0377166314584519,0.600831800094538,0.2692166326651684,0.1377986038404162,0.7078912425948625,0.235521111250046,0.5553502703211888,0.1100136030317303,0.2658323339763679,0.6941867486494541,,,-172.03649997102093,366.07299994204186,403.15001825144617
2026-06-07T23:50:11,71,37,710037,"ARX(1,1)",-172.036762942859,366.073525885718,403.15054419512234,True,0,0.9315462726930416,0.0377278817429251,0.6026324476464239,0.2687065618107427,0.1367607973811987,0.7084016992255054,0.236077962964427,0.5575345664569098,0.1097045044761792,0.2656766718086998,0.6948604298730812,,,-172.0367629367695,366.073525873539,403.1505441829433
2026-06-07T23:52:40,71,38,710038,"ARX(1,1)",-171.32240180535683,364.64480361071367,401.721821920118,True,0,0.0588234416387007,0.0072569474738316,0.944584137581566,0.2657801015506604,0.023574529426021,0.7307774660857274,0.3105787074239775,0.4354597012144735,0.1191321910845675,0.2284969338068948,0.7510591305161365,,,-171.3224018072408,364.6448036144816,401.7218219238859
2026-06-07T23:54:32,71,39,710039,"ARX(1,1)",-172.07942905813994,366.1588581162799,403.2358764256842,True,0,1.074617151643991,0.0390551133257075,0.5658789453038435,0.2771274923354586,0.1550286116298435,0.6985424138175134,0.227968029222681,0.5728691891083139,0.108051605814116,0.2544461576864512,0.7080936760909544,,,-172.0794290569914,366.1588581139828,403.2358764233871
2026-06-07T23:57:01,71,40,710040,"ARX(1,1)",-171.467146673766,364.934293347532,402.0113116569363,True,0,0.0583794778727424,0.0310212321344361,0.9460291666445818,0.2998025911778975,0.0233778363991278,0.6840888238145191,0.3128354403137113,0.4921335662122268,0.1134977404397348,0.2209200065664896,0.7682346047807893,,,-171.46714666338318,364.9342933267664,402.01131163617066
2026-06-07T22:38:52,72,1,720001,"ARX(1,1)",-171.31754266407722,364.63508532815445,401.71210363755876,True,0,0.057108735627604,0.0047070141356045,0.9456542044048172,0.2495196395541546,0.0232526457016855,0.7482731393178963,0.3128094980975076,0.4280453359077846,0.1243498866432944,0.2313994928350851,0.74286687089625,,,-171.31754267179852,364.635085343597,401.71210365300135
2026-06-07T22:40:44,72,2,720002,"ARX(1,1)",-172.0371833965467,366.0743667930934,403.1513851024977,True,0,0.9621238009100106,0.037873808318514,0.5938454646040128,0.2703832688932869,0.141616257101593,0.7065624491932142,0.2344253658333837,0.5571520175347405,0.1105375957628054,0.2649638200119693,0.6942709247629936,,,-172.03718339594428,366.07436679188856,403.1513851012929
2026-06-07T22:43:18,72,3,720003,"ARX(1,1)",-172.0365151370549,366.0730302741098,403.1500485835141,True,0,0.9377567092866352,0.0376720947139349,0.6011388087068414,0.2689481191861748,0.1375322252420874,0.7081707422984899,0.23558062738475,0.5554808252618174,0.1101050290524674,0.2657332172576299,0.6942173894138391,,,-172.03651513701567,366.07303027403134,403.1500485834357
2026-06-07T22:45:39,72,4,720004,"ARX(1,1)",-172.03646850773777,366.07293701547553,403.14995532487984,True,0,0.945088319453064,0.0378134566046664,0.5988178592984634,0.2689690740054135,0.1388281186153802,0.7080487388014696,0.2352738304282295,0.556175680183442,0.1101644969383762,0.2655783411016078,0.694239864240138,,,-172.0364685077967,366.0729370155934,403.1499553249977
2026-06-07T22:47:40,72,5,720005,"ARX(1,1)",-172.0364642219066,366.0729284438132,403.14994675321753,True,0,0.9437560212485154,0.037780748712026,0.5991477964949284,0.2689691152607457,0.1386964451058738,0.7080631710227125,0.2353481300910473,0.5561337290756991,0.1100938898130817,0.2655520780927254,0.6943280363798121,,,-172.03646422181168,366.07292844362337,403.1499467530277
2026-06-07T22:49:31,72,6,720006,"ARX(1,1)",-171.3132037253023,364.6264074506046,401.7034257600089,True,0,0.0580206541957954,0.0038338375043362,0.9448534999848308,0.2556390398149298,0.0235790147726946,0.7425793567105905,0.3127284368694702,0.4264171946495656,0.1241551231091269,0.2285828171472222,0.7458277936324151,,,-171.31320372526216,364.6264074505243,401.7034257599286
2026-06-07T22:50:46,72,7,720007,"ARX(1,1)",-172.03666460410517,366.07332920821034,403.15034751761465,True,0,0.947645329865415,0.0379642152211235,0.5984659590305648,0.268020205152306,0.1395778782426915,0.7088621646641403,0.2350490299024726,0.5569817397378088,0.1110344231710513,0.265301069397297,0.6935460251441782,,,-172.0366559836985,366.073311967397,403.1503302768013
2026-06-07T22:53:01,72,8,720008,"ARX(1,1)",-172.0373491830727,366.0746983661454,403.1517166755497,True,0,0.9446091176042168,0.0372445942596891,0.5991670736141691,0.2695823862129023,0.1395745567279207,0.7076830317469539,0.2353046701073821,0.560580713877772,0.111424681317484,0.2666979689498476,0.6920854247384591,,,-172.03734916017274,366.0746983203455,403.1517166297498
2026-06-07T22:55:26,72,9,720009,"ARX(1,1)",-172.03680102273796,366.0736020454759,403.15062035488023,True,0,0.9373810373555768,0.0371849969202184,0.5995536395629358,0.2706413348607228,0.1380860770047552,0.7067511317885287,0.2362676520128985,0.5561265310759421,0.1100491193004279,0.2654828592845418,0.6943567904229503,,,-172.03680103145803,366.0736020629161,403.1506203723204
2026-06-07T22:57:55,72,10,720010,"ARX(1,1)",-172.0476834872237,366.0953669744474,403.1723852838517,True,0,0.8652903247305177,0.0359053122852874,0.6234482047400975,0.2740163688432331,0.1280399609231231,0.7042406423484577,0.2384444007989701,0.5525590702698296,0.1068458218704558,0.2701409876972933,0.6941245580179775,,,-172.04768348118466,366.0953669623693,403.1723852717736
2026-06-07T22:59:31,72,11,720011,"ARX(1,1)",-171.31233658275397,364.62467316550794,401.70169147491225,True,0,0.0574655341455105,0.0014544094609919,0.9449058123855344,0.2565586188852239,0.0236361805549088,0.7427705097676378,0.3136563193519696,0.4230803194240065,0.123058497426003,0.2270393695839233,0.7485922771773142,,,-171.31233658267416,364.6246731653483,401.70169147475264
2026-06-07T23:01:59,72,12,720012,"ARX(1,1)",-171.3245327063109,364.6490654126218,401.7260837220261,True,0,0.0594500208708998,0.00896082005708,0.9448914084576948,0.248657970839415,0.023132828324668,0.7472078891302839,0.3088998997627984,0.4235784756807407,0.1234346467979164,0.2341018646365871,0.7391120337401721,,,-171.324532705021,364.649065410042,401.7260837194463
2026-06-07T23:03:50,72,13,720013,"ARX(1,1)",-171.31368511885796,364.6273702377159,401.70438854712023,True,0,0.057761048848111,0.0004978295269042,0.9448270026762938,0.2542041398626357,0.023584951231541,0.7455668287364571,0.3127975782077108,0.418175859457025,0.1235774238288212,0.2281427351368915,0.746282419319312,,,-171.31368511101266,364.6273702220253,401.7043885314296
2026-06-07T23:05:14,72,14,720014,"ARX(1,1)",-172.03676120244228,366.07352240488456,403.15054071428887,True,0,0.9460270261072524,0.0379131043839554,0.5979151092142915,0.2701993435281495,0.1392872607238536,0.7066048299279075,0.2356837732432539,0.5591193958743067,0.1101936403268397,0.2655911097901628,0.6945168696119566,,,-172.0367611888188,366.0735223776376,403.1505406870419
2026-06-07T23:08:00,72,15,720015,"ARX(1,1)",-172.03669145983378,366.07338291966755,403.15040122907186,True,0,0.953518465600518,0.0380793012212436,0.5965365735834696,0.268524292922336,0.1396422314755692,0.7083288220717282,0.2349608771395332,0.556216333768898,0.1109017679520029,0.2657394998707063,0.6931822389046881,,,-172.0366914646266,366.0733829292532,403.1504012386576
2026-06-07T23:10:50,72,16,720016,"ARX(1,1)",-172.14410596141852,366.28821192283704,403.36523023224134,True,0,1.1436208092519935,0.0463653295570589,0.546337688188243,0.2518689282891226,0.1852425183901661,0.7180527071743842,0.2242897582006399,0.607347986223531,0.1122192124859526,0.2630673948505613,0.6917177119849042,,,-172.1441059794722,366.2882119589444,403.3652302683487
2026-06-07T23:13:13,72,17,720017,"ARX(1,1)",-171.31901740813856,364.6380348162771,401.71505312568144,True,0,0.0568621910335536,0.0085790936831428,0.945533942722198,0.2599956057288881,0.0234674201186651,0.735982713984108,0.3153619040472841,0.4346222179358719,0.1220396433734674,0.2257044287379981,0.7523194090648888,,,-171.31901740723106,364.6380348144621,401.7150531238664
2026-06-07T23:14:51,72,18,720018,"ARX(1,1)",-172.0367967770154,366.0735935540308,403.15061186343513,True,0,0.9491509425434868,0.0379316003083446,0.5964455347419073,0.2690912259146779,0.1404969467124486,0.7077334091783085,0.235527078172234,0.5588149558499813,0.1102924602381547,0.2663167250408953,0.6931006937009928,,,-172.03679677710863,366.07359355421727,403.1506118636216
2026-06-07T23:16:57,72,19,720019,"ARX(1,1)",-172.03943364514868,366.07886729029735,403.15588559970166,True,0,0.9506200587826236,0.037051358720366,0.5984582378168795,0.2743083501206819,0.1402105437067317,0.703001446079011,0.2341440274324867,0.5549731389343081,0.1108005862093925,0.2692951879849623,0.6891103350986718,,,-172.03943364333003,366.07886728666006,403.1558855960644
2026-06-07T23:18:21,72,20,720020,"ARX(1,1)",-172.0367150278493,366.0734300556986,403.15044836510293,True,0,0.9332320291386634,0.0373411478615078,0.601940291814424,0.2683909031506019,0.1371642933239899,0.7089161437578636,0.2359732504942666,0.5555351624964364,0.1098668655385721,0.2653889350653104,0.6950205222882462,,,-172.03671502782902,366.0734300556581,403.1504483650624
2026-06-07T23:19:53,72,21,720021,"ARX(1,1)",-172.00613649746293,366.01227299492587,403.0892913043302,True,0,0.1736804379552768,0.0335992354831558,0.8958808889741703,0.260367827234414,0.0370452929826008,0.7239120836797233,0.255711301449971,0.4459577782295317,0.1073235372464503,0.2486837602698254,0.7332999596690841,,,-172.0061364986077,366.0122729972154,403.0892913066197
2026-06-07T23:21:35,72,22,720022,"ARX(1,1)",-171.31233301159216,364.6246660231843,401.7016843325886,True,0,0.057512980668054,0.0014298683163805,0.9448830617962246,0.2567608262282704,0.0236389063845757,0.742580229451464,0.3135265618665108,0.4230715040295975,0.1230934570242868,0.2269414346627511,0.7486019544133214,,,-171.31233301191403,364.62466602382807,401.7016843332324
2026-06-07T23:23:19,72,23,720023,"ARX(1,1)",-172.03694152421537,366.07388304843073,403.15090135783504,True,0,0.9397392826703096,0.0370672422454081,0.6006295330646507,0.2698339866091501,0.138057869675209,0.7078917153103413,0.2351763443998517,0.5515189991273995,0.1093160859471631,0.2658955351373854,0.6948050514383841,,,-172.03694152440008,366.07388304880016,403.15090135820446
2026-06-07T23:25:08,72,24,720024,"ARX(1,1)",-171.39643310722545,364.7928662144509,401.8698845238552,True,0,0.0591205417586585,0.0196464238033688,0.944952185389248,0.2775898835624758,0.0237760381811145,0.7122320339043839,0.3109072176177817,0.4821903045231475,0.1238425126533732,0.2182536094034037,0.7586505955535462,,,-171.3964331067627,364.7928662135254,401.8698845229297
2026-06-07T23:27:18,72,25,720025,"ARX(1,1)",-172.0368906602352,366.0737813204704,403.1507996298747,True,0,0.9299904424656972,0.0374586275035524,0.6024174188008963,0.2691224416997419,0.137012105860735,0.7079371157681116,0.2363723878261127,0.5578353002532673,0.11004508636302,0.265805081691743,0.6941268120560445,,,-172.03689066004375,366.0737813200875,403.1507996294918
2026-06-07T23:28:50,72,26,720026,"ARX(1,1)",-171.48084626324524,364.9616925264905,402.0387108358948,True,0,0.0709625176024622,0.0498546342936339,0.941367574883021,0.2495297867515095,0.0235709408266623,0.725831812907464,0.3020948618494508,0.4714193387597684,0.1189011071778346,0.236478942567474,0.7449938502702321,,,-171.48084569963896,364.9616913992779,402.03870970868223
2026-06-07T23:30:08,72,27,720027,"ARX(1,1)",-171.40045433946156,364.8009086789231,401.87792698832743,True,0,0.0544820030903036,0.023841432814514,0.9481998592492216,0.2589283377882369,0.0227271480825296,0.7283197695174701,0.3151171115970682,0.4960677616665319,0.1229604302444528,0.2211871113720696,0.7607880054340541,,,-171.4004543406644,364.8009086813288,401.8779269907331
2026-06-07T23:35:35,72,28,720028,"ARX(1,1)",-172.04378250519176,366.0875650103835,403.1645833197878,True,0,0.9326052276575928,0.034483881655413,0.5997555852590114,0.2719990585021613,0.1412111970349697,0.7075806317470631,0.2356557278457828,0.5398805142077183,0.1079404168141454,0.266233020439666,0.6948879484728477,,,-172.04378250334594,366.0875650066919,403.1645833160962
2026-06-07T23:37:10,72,29,720029,"ARX(1,1)",-172.03673929139273,366.07347858278547,403.1504968921898,True,0,0.935216974336492,0.0380866860014285,0.6011978611994019,0.26779883894329,0.1370390588414378,0.7090083069646813,0.2362355301884365,0.5574392670878551,0.1099869018723023,0.2663083567225996,0.6938305219675605,,,-172.03673929163378,366.0734785832676,403.1504968926719
2026-06-07T23:39:21,72,30,720030,"ARX(1,1)",-171.51350219475245,365.0270043895049,402.1040226989092,True,0,0.0790623430942593,2.05883643281032e-06,0.928019899613719,0.2573586111469597,0.0312544213875345,0.7426403098890922,0.3100807537631826,0.474871315033826,0.1113950754335233,0.2274459301155096,0.7587882269162399,,,-171.51350222378846,365.0270044475769,402.1040227569813
2026-06-07T23:40:59,72,31,720031,"ARX(1,1)",-172.03648118354386,366.0729623670877,403.149980676492,True,0,0.9396001422260212,0.0377528214295854,0.6005137715121495,0.2692808654711656,0.1378838149771363,0.7077780407390287,0.2355169877247989,0.5559102994527652,0.1100266543215943,0.2657636117670032,0.6942503089491529,,,-172.0364811837394,366.0729623674788,403.1499806768831
2026-06-07T23:43:40,72,32,720032,"ARX(1,1)",-172.03649842733512,366.07299685467024,403.15001516407455,True,0,0.9385707973856128,0.0377218940049034,0.6009081438096422,0.2691304708241437,0.1376424227172895,0.7079544545290655,0.2355258002995476,0.5555850211613098,0.1100155970197772,0.2658157974381104,0.6942117035046413,,,-172.036498427317,366.072996854634,403.1500151640383
2026-06-07T23:45:05,72,33,720033,"ARX(1,1)",-171.40236468471863,364.80472936943727,401.8817476788416,True,0,0.0600691487069282,0.0379982401424581,0.9471660624626894,0.2581715059130353,0.0220259250628356,0.723095221138679,0.3034305813677075,0.4636400573441916,0.1219470318598772,0.2323762099850924,0.7443312951077276,,,-171.40236468485236,364.8047293697047,401.881747679109
2026-06-07T23:46:40,72,34,720034,"ARX(1,1)",-172.0370866438666,366.0741732877332,403.1511915971375,True,0,0.956674122175766,0.0372201254465645,0.5952318470788381,0.2694236816589019,0.1411021286370038,0.7080206947823986,0.234703288550082,0.5546482904293366,0.1112035142840455,0.2664167122913807,0.6919327347195922,,,-172.03708664622874,366.0741732924575,403.1511916018618
2026-06-07T23:48:17,72,35,720035,"ARX(1,1)",-172.0366538328219,366.0733076656438,403.15032597504813,True,0,0.9465832969105412,0.0378424347158893,0.5990304112433781,0.2697796652933441,0.1387785799782852,0.707234066983782,0.2349227000203123,0.5541985255108773,0.109880036174156,0.2661874412190184,0.6938636778114058,,,-172.03665371321677,366.07330742643353,403.1503257358378
2026-06-07T23:49:58,72,36,720036,"ARX(1,1)",-172.03646174348285,366.0729234869657,403.14994179637,True,0,0.943153170087074,0.0377917087957026,0.5994329466547217,0.2690777804204606,0.1384869929667365,0.7079671354171923,0.2353498735720773,0.5559238526907571,0.1101085609426806,0.2656048062353621,0.6942897448048184,,,-172.03646174377468,366.07292348754936,403.14994179695367
2026-06-07T23:51:23,72,37,720037,"ARX(1,1)",-171.33891668797855,364.6778333759571,401.7548516853614,True,0,0.056759070704823,0.0171760306110843,0.9467687568806638,0.2566091705099158,0.0228159191862545,0.7349252040854808,0.3116049619753717,0.4551783844244052,0.1247639844885853,0.2305936130784604,0.743816587247594,,,-171.33891668715734,364.6778333743147,401.754851683719
2026-06-07T23:53:49,72,38,720038,"ARX(1,1)",-172.03718245249823,366.07436490499646,403.15138321440077,True,0,0.952106375086323,0.0372404617196009,0.5946125209494662,0.2661411833055354,0.1410187249570709,0.7113229245014584,0.2357167234547871,0.5551893012350101,0.1108389355885591,0.2651003106643623,0.6936721388323692,,,-172.03718244759284,366.0743648951857,403.15138320459
2026-06-07T23:55:26,72,39,720039,"ARX(1,1)",-171.46078176636854,364.9215635327371,401.9985818421414,True,0,0.0616621584412483,0.0479981217721609,0.947154612181046,0.2601481261905074,0.0217127349270793,0.7162785681897994,0.3002543369458142,0.4658858167328793,0.1184077765316212,0.2302265354377047,0.7492489068959257,,,-171.4607817661745,364.921563532349,401.9985818417533
2026-06-07T23:57:02,72,40,720040,"ARX(1,1)",-172.03760043777083,366.07520087554167,403.152219184946,True,0,0.9217138713536028,0.0376854561506702,0.6048330356464983,0.2695048531366675,0.1357089385468769,0.7075148343355435,0.2370315503196054,0.5593856599639296,0.1097846397473432,0.2671345738312246,0.6937510929751998,,,-172.03760044454447,366.0752008890889,403.1522191984933
2026-06-07T22:40:57,73,1,730001,"ARX(1,1)",-171.32161453543142,364.64322907086284,401.72024738026715,True,0,0.0596264142249101,0.0050976931214324,0.94402616481333,0.2647948065854481,0.0237711821951754,0.7328647958719517,0.3107526734866899,0.4239615416659232,0.1250470314348069,0.2307078708118852,0.7402917904177851,,,-171.32161453584942,364.6432290716989,401.7202473811032
2026-06-07T22:42:29,73,2,730002,"ARX(1,1)",-171.31441491395975,364.6288298279195,401.7058481373238,True,0,0.0574258838023607,0.0063696500173589,0.9454759199930148,0.2571708422266655,0.0233529179586477,0.7398520465650089,0.312284006763427,0.4299249765107673,0.1233222559646303,0.2283040738514713,0.7473664031488086,,,-171.31441490196693,364.62882980393385,401.70584811333816
2026-06-07T22:44:33,73,3,730003,"ARX(1,1)",-171.3123394146644,364.6246788293288,401.7016971387331,True,0,0.0575072723152794,0.0009793280648637,0.944866406638144,0.2570691556507894,0.0236447013293328,0.7424794279516969,0.3134860510477902,0.422312105867611,0.1231227990161858,0.2270738739029367,0.748327408646157,,,-171.3123394156922,364.6246788313844,401.7016971407887
2026-06-07T22:46:05,73,4,730004,"ARX(1,1)",-171.5609231560466,365.1218463120932,402.19886462149753,True,0,0.0772077411989231,0.0380066007374568,0.9352524651659452,0.2378929908228372,0.0276032351587211,0.740412361443981,0.3012681285932022,0.5410808895737522,0.1176062317254439,0.2365699983788648,0.7452565829164202,,,-171.5609231519859,365.1218463039718,402.1988646133761
2026-06-07T22:47:43,73,5,730005,"ARX(1,1)",-172.03686640040422,366.07373280080844,403.15075111021275,True,0,0.9393313077236752,0.0379213803971468,0.6022459928414684,0.2710420855331201,0.1366822076138371,0.7058191491342888,0.2350749709064694,0.5563060470303015,0.1101707212003737,0.2662668990015461,0.6939442804802711,,,-172.0368663880077,366.0737327760154,403.1507510854197
2026-06-07T22:49:26,73,6,730006,"ARX(1,1)",-172.03680286100655,366.0736057220131,403.1506240314174,True,0,0.9314570463809204,0.0375511255663347,0.6021643963925527,0.2692880845740938,0.1373516775038538,0.7079797220474887,0.2363436105073594,0.5572485573345348,0.1101485149125854,0.2658600836814306,0.6943142850179544,,,-172.03680285555876,366.0736057111175,403.1506240205218
2026-06-07T22:51:49,73,7,730007,"ARX(1,1)",-172.03704682470166,366.0740936494033,403.15111195880763,True,0,0.960710116535016,0.0380297550020157,0.5938862524335571,0.2673510180303432,0.1417960021949286,0.7095762261831267,0.2346274332110378,0.5563304943360042,0.1105161886443891,0.2653945324973129,0.6939143218364432,,,-172.0370468246219,366.0740936492438,403.1511119586481
2026-06-07T22:53:10,73,8,730008,"ARX(1,1)",-172.0366659084089,366.0733318168178,403.1503501262221,True,0,0.9511319987592626,0.0377804915790386,0.5963128195759761,0.2696117325249001,0.1400878042271295,0.7075451151951963,0.2352246571705259,0.554945266830499,0.1100217014493804,0.2656447618997292,0.6941755339856195,,,-172.03666590930777,366.07333181861554,403.1503501280199
2026-06-07T22:54:48,73,9,730009,"ARX(1,1)",-172.0366546063027,366.0733092126054,403.1503275220097,True,0,0.9324788580258594,0.0376495898000593,0.6025276651659967,0.2696226148238745,0.1370688776391649,0.7074833444683771,0.2358894243985594,0.5562214545461542,0.109883832972178,0.2662974800892505,0.6939560921549177,,,-172.0366546063039,366.0733092126078,403.1503275220121
2026-06-07T22:57:15,73,10,730010,"ARX(1,1)",-172.09132456766167,366.18264913532335,403.25966744472765,True,0,0.9378183294075232,0.0404523515546799,0.5968245345691086,0.2560934579924757,0.1489410983387639,0.7174532375610265,0.2368949348756572,0.6110230955745845,0.1115502377552781,0.2645269926649722,0.6934356984737822,,,-172.09132456808476,366.1826491361695,403.2596674455738
2026-06-07T22:59:11,73,11,730011,"ARX(1,1)",-172.03874879921398,366.07749759842795,403.15451590783226,True,0,0.9245769877679648,0.0373978376134846,0.6066911586110058,0.2716214284862827,0.1376928666519313,0.705590591139333,0.2346419323184292,0.5600257852548874,0.1101185177128576,0.2673317755843472,0.6920141993488995,,,-172.0387487872447,366.0774975744894,403.15451588389374
2026-06-07T23:01:06,73,12,730012,"ARX(1,1)",-171.34358948612237,364.68717897224474,401.76419728164905,True,0,0.0582394285146683,0.0203649538485323,0.9455923586946192,0.2578279512410664,0.0232244676410049,0.732310187230713,0.3129066949917148,0.4537648681982976,0.1201289091861184,0.2241778746364835,0.756333964984159,,,-171.3435894287143,364.6871788574286,401.7641971668329
2026-06-07T23:02:53,73,13,730013,"ARX(1,1)",-172.0370463953027,366.0740927906054,403.1511111000097,True,0,0.9513886547404404,0.0369672326306825,0.5949085413318199,0.2697497753341747,0.1410366246740204,0.7076316847257637,0.2357399988490355,0.5570996704996666,0.110257560537592,0.2665906248492693,0.6929795583469495,,,-172.03704639532145,366.0740927906429,403.1511111000472
2026-06-07T23:04:09,73,14,730014,"ARX(1,1)",-172.03695764776887,366.07391529553774,403.15093360494205,True,0,0.9570941546208196,0.0380385752639329,0.5957563129799888,0.2707501242280848,0.1404924119244628,0.7061589226772056,0.2345015579678793,0.5558571307878467,0.1103619774308722,0.2653978170372952,0.6941677096096497,,,-172.0369576499174,366.0739152998348,403.15093360923913
2026-06-07T23:07:44,73,15,730015,"ARX(1,1)",-172.03696924804885,366.0739384960977,403.150956805502,True,0,0.9429543340708144,0.0385865480176358,0.6005980962758611,0.2667893113806934,0.1384313998968735,0.7098085717394774,0.2345994177575512,0.5569284090300949,0.1099648833795187,0.2648251163686099,0.6948337488997433,,,-172.03696925346355,366.0739385069271,403.1509568163314
2026-06-07T23:09:27,73,16,730016,"ARX(1,1)",-172.03676990971013,366.07353981942026,403.15055812882457,True,0,0.9545867080973616,0.0382717678219647,0.5958350053280966,0.2680386004464498,0.1402690299162762,0.7087576968637452,0.2349353200829109,0.5562716920875269,0.1109401870103203,0.2650638103720419,0.6935961645329072,,,-172.0367699083539,366.0735398167078,403.1505581261121
2026-06-07T23:11:12,73,17,730017,"ARX(1,1)",-171.3123420051523,364.6246840103046,401.7017023197089,True,0,0.0575413962423783,0.001519066964937,0.9448710516867056,0.2569095867430667,0.0236389453042941,0.7423893268683827,0.3135131902259453,0.423243902742019,0.1229409342688622,0.2270969245741898,0.7486278793536914,,,-171.3123420058323,364.6246840116646,401.7017023210689
2026-06-07T23:12:39,73,18,730018,"ARX(1,1)",-172.03725884458277,366.07451768916553,403.15153599856984,True,0,0.9616246425989624,0.038157145585945,0.5927661952348426,0.267008473290509,0.1417881841950372,0.7098164098742231,0.235124838127155,0.5570289949755955,0.1114535211374553,0.2653855623837973,0.6926726143053403,,,-172.03725884386307,366.0745176877261,403.15153599713045
2026-06-07T23:14:27,73,19,730019,"ARX(1,1)",-172.0400551389218,366.0801102778436,403.1571285872479,True,0,0.9785169383201466,0.039946553894585,0.590541186422721,0.2650934878483147,0.1439361743786803,0.7103287813906586,0.2333680822781145,0.5638549299287374,0.1112207571761163,0.2656920687852596,0.692673229066407,,,-172.0400551316831,366.0801102633662,403.1571285727705
2026-06-07T23:16:19,73,20,730020,"ARX(1,1)",-171.41502343148017,364.83004686296033,401.90706517236464,True,0,0.0806125633698037,0.020205902803114,0.9333331773049434,0.2429104337190455,0.027348488810057,0.7471505347879094,0.2947786559410323,0.4495194105219912,0.1186590859648206,0.2496240420168976,0.7275724701580399,,,-171.41502343145203,364.83004686290406,401.9070651723084
2026-06-07T23:18:21,73,21,730021,"ARX(1,1)",-171.31233544069073,364.62467088138146,401.70168919078577,True,0,0.0575785346662841,0.0012547772488893,0.9448386075986634,0.2570632280731105,0.0236512152203782,0.742358927446358,0.3134651253488749,0.4225916654328039,0.1231298101879858,0.2272015962127438,0.7482088236779838,,,-171.3123354412657,364.6246708825314,401.7016891919357
2026-06-07T23:20:32,73,22,730022,"ARX(1,1)",-172.03712585767573,366.07425171535147,403.1512700247558,True,0,0.9559574521655202,0.0374807359703062,0.5943031350249155,0.2710921963040406,0.1418701196132478,0.7061585975446368,0.2350683511205788,0.5563515973650051,0.1097735000633301,0.2649040192191881,0.6951957676314968,,,-172.0371258580205,366.074251716041,403.1512700254453
2026-06-07T23:22:16,73,23,730023,"ARX(1,1)",-171.31233558480446,364.6246711696089,401.7016894790132,True,0,0.0575575109016039,0.0011898693331952,0.9448456834294142,0.2567699898535203,0.0236574152918761,0.742681971993048,0.3134691119790158,0.4223230735995409,0.1230917282072837,0.2270913767614797,0.7483977157635298,,,-171.31233558486764,364.6246711697353,401.7016894791396
2026-06-07T23:25:09,73,24,730024,"ARX(1,1)",-171.8244045920104,365.6488091840208,402.72582749342513,True,0,0.0885345044676049,0.0714545768931125,0.9354653936446344,0.1923043343559276,0.0242564591928741,0.776327105464842,0.2805104443886475,0.4307639734591437,0.114564990586177,0.2457457016251426,0.7344884983445339,,,-171.82440459755395,365.6488091951079,402.7258275045122
2026-06-07T23:28:41,73,25,730025,"ARX(1,1)",-171.31233559530244,364.6246711906049,401.7016895000092,True,0,0.0574559688016251,0.0015286004779308,0.9449344971423612,0.2566528713295216,0.0236216461547508,0.7426416178152629,0.3135750997266282,0.4232335085372254,0.123251837437064,0.2271289623801156,0.7482414000360526,,,-171.31233559462743,364.62467118925485,401.7016894986592
2026-06-07T23:30:35,73,26,730026,"ARX(1,1)",-172.0367100960135,366.073420192027,403.1504385014313,True,0,0.9426162851757308,0.0373377736589911,0.5996706766446477,0.2696255453426672,0.1380069075247129,0.7078070980617134,0.2352778855309587,0.5523507516333818,0.1101375709618738,0.2654813673698507,0.694367411326734,,,-172.0367100960837,366.0734201921674,403.1504385015717
2026-06-07T23:31:57,73,27,730027,"ARX(1,1)",-172.03655051031527,366.07310102063053,403.15011933003484,True,0,0.9357259445819688,0.0376457964368787,0.6015825451401667,0.2691742278771149,0.1373565002224621,0.7079511436152554,0.2357372944961952,0.5555746498233859,0.110046520886901,0.2657904238273694,0.6942505127193467,,,-172.03655051036424,366.0731010207285,403.1501193301328
2026-06-07T23:33:50,73,28,730028,"ARX(1,1)",-172.03647111780543,366.07294223561087,403.1499605450152,True,0,0.9447452786696896,0.0379015267956993,0.5989439262916381,0.2689250852558194,0.1387616047875987,0.7080028445554127,0.2352990331266247,0.5562019258553551,0.1100946186391794,0.2655350599302866,0.6943998474997666,,,-172.03647111767833,366.0729422353567,403.149960544761
2026-06-07T23:35:21,73,29,730029,"ARX(1,1)",-171.31234251496687,364.62468502993374,401.70170333933805,True,0,0.0574956423087525,0.0015330958434148,0.9449139065897564,0.2569016040799942,0.0236270869150296,0.7423908741572818,0.3135139879105394,0.4233054231186151,0.1231764939562408,0.2273414927169121,0.7481019522587106,,,-171.3123425136881,364.6246850273761,401.7017033367805
2026-06-07T23:37:51,73,30,730030,"ARX(1,1)",-171.35961900722464,364.7192380144493,401.7962563238536,True,0,0.0682026865151236,0.0018753887469773,0.93909065222625,0.2506546508614499,0.0252431352530396,0.7484999798077417,0.3023896995677851,0.4133443352949411,0.127305804307879,0.2355943973996198,0.7329793880587179,,,-171.35961933188406,364.7192386637681,401.7962569731724
2026-06-07T23:39:40,73,31,730031,"ARX(1,1)",-171.3921377736012,364.7842755472024,401.8612938566067,True,0,0.0573625078235403,0.0246999348752304,0.9458740951966544,0.2733848594652957,0.0235849389954686,0.7132449861750348,0.3166228339650344,0.5017231306269824,0.1206447296626584,0.2201195012051545,0.7623389834415555,,,-171.39213777103967,364.78427554207934,401.8612938514837
2026-06-07T23:41:08,73,32,730032,"ARX(1,1)",-172.0381245896187,366.0762491792374,403.1532674886417,True,0,0.9678819955831548,0.0377909656877139,0.5915117796296981,0.2658094752614753,0.1416686209486019,0.7112647744506336,0.2347228334015456,0.5550574752706527,0.11111073121215,0.2672144499905827,0.691336505627808,,,-172.03812458647553,366.0762491729511,403.1532674823554
2026-06-07T23:42:33,73,33,730033,"ARX(1,1)",-172.0384812512796,366.0769625025592,403.1539808119635,True,0,0.908599584859001,0.0372275529235732,0.6095965120732078,0.2691354342120594,0.1330792071721277,0.7082584341746656,0.2371649019992022,0.5549777798237329,0.109811671970401,0.2666553360925477,0.6940321069392922,,,-172.03848125091542,366.0769625018309,403.1539808112352
2026-06-07T23:44:18,73,34,730034,"ARX(1,1)",-172.03687475693715,366.0737495138743,403.1507678232786,True,0,0.9582640180035434,0.0381373336941057,0.595065980771178,0.2680973446117792,0.1401109796654894,0.7088110067515383,0.23483237008691,0.5556599047287772,0.1104602061857236,0.2652459769882547,0.6941605992426491,,,-172.03687475564791,366.07374951129583,403.15076782070014
2026-06-07T23:46:11,73,35,730035,"ARX(1,1)",-172.0368485849606,366.0736971699212,403.1507154793255,True,0,0.9450947857416054,0.0380626013586066,0.5985488230448536,0.2670170128104162,0.1392752279690802,0.7099913558306293,0.2354414144810354,0.5538804498407606,0.1110637305135719,0.266023912376903,0.6926310676545674,,,-172.03684857524803,366.07369715049606,403.1507154599004
2026-06-07T23:47:51,73,36,730036,"ARX(1,1)",-171.75997780053513,365.51995560107025,402.59697391047456,True,0,0.029386221922164,0.0320711940147019,0.9627567609303151,0.2397722506944397,0.0218184058051031,0.7411607523527003,0.3569911029017735,0.5684398881452001,0.1357021969789851,0.217133618350399,0.7609793238994752,,,-171.75997780047902,365.5199556009581,402.5969739103624
2026-06-07T23:51:25,73,37,730037,"ARX(1,1)",-172.03905199732358,366.07810399464717,403.1551223040515,True,0,0.9079123864764224,0.0368290000842777,0.6105875665590434,0.2676540680965872,0.1320867712360739,0.7099061222417126,0.2367601612607049,0.5559004088768132,0.1096568545700955,0.2672589408624136,0.6932674471426382,,,-172.03905199799416,366.07810399598833,403.15512230539264
2026-06-07T23:53:06,73,38,730038,"ARX(1,1)",-172.03648040833502,366.07296081667005,403.14997912607436,True,0,0.9451241501037504,0.0379672738318129,0.5990289681877767,0.2689062764510266,0.1388494148871774,0.7080391634244563,0.2351883089572101,0.5564030962680726,0.1101800828581617,0.2655784087495622,0.694191254192279,,,-172.0364804084509,366.0729608169018,403.1499791263061
2026-06-07T23:55:31,73,39,730039,"ARX(1,1)",-172.03677517134167,366.07355034268335,403.15056865208766,True,0,0.9517270492775984,0.0379463395890642,0.5964818337866267,0.2669977465556705,0.1393684074974679,0.7099840727481604,0.2353813317372972,0.5552245707097235,0.1108437195726065,0.265923690850529,0.6930547190524938,,,-172.03677516275548,366.07355032551095,403.15056863491526
2026-06-07T23:57:17,73,40,730040,"ARX(1,1)",-172.0369144036099,366.0738288072198,403.1508471166241,True,0,0.9561920529963716,0.03838967946152,0.5957109401856978,0.2695539604453102,0.1400581293363692,0.7071555830379501,0.234757663589729,0.5572641753590025,0.109544303357732,0.2656251976922164,0.6949038466775971,,,-172.0369144124333,366.0738288248666,403.1508471342709
2026-06-07T22:34:03,74,1,740001,"ARX(1,1)",-98.06971834045115,218.1394366809023,255.21645499030657,True,0,1.7846326934740984,1.9018917376934332,1.000886598122455e-05,0.6844491254223366,0.7341408253348596,0.0809471912072057,0.3397523588109681,0.0657362163684635,0.3797557046303443,0.3561224627339754,0.1776527296754086,,,-98.06971834670011,218.13943669340023,255.2164550028045
2026-06-07T22:36:34,74,2,740002,"ARX(1,1)",-171.31232950616817,364.62465901233634,401.70167732174065,True,0,0.0574691350321109,0.0013977135741474,0.9449190339225884,0.256814876523635,0.0236228512006637,0.7425407977350731,0.3135192892038711,0.4229792686216029,0.1231577250101783,0.2270588800138474,0.748384847789967,,,-171.3123295060788,364.6246590121576,401.70167732156193
2026-06-07T22:39:03,74,3,740003,"ARX(1,1)",-171.3405996804736,364.6811993609472,401.7582176703515,True,0,0.0547425375493598,0.017199581568353,0.9479486127516472,0.247008980619771,0.0224794316565025,0.7446601008463839,0.3124055183214544,0.4489517472503099,0.123507630120609,0.2237987314795642,0.7530403849792395,,,-171.34059968051417,364.6811993610284,401.7582176704327
2026-06-07T22:40:16,74,4,740004,"ARX(1,1)",-172.03646184549646,366.0729236909929,403.14994200039723,True,0,0.9424900865153444,0.037749506948526,0.59958609323264,0.2690834571692138,0.1383698215007019,0.7079783990337286,0.2354111018137254,0.5559186560025476,0.1101061179611727,0.2656782123590153,0.6942330993074021,,,-172.03646184562965,366.0729236912593,403.1499420006636
2026-06-07T22:41:55,74,5,740005,"ARX(1,1)",-171.31235414359327,364.62470828718654,401.70172659659085,True,0,0.0574092446080297,0.0016273784807538,0.944958385291282,0.2564479717643267,0.023619313728016,0.7428008968429645,0.3137087963865476,0.4235413581858271,0.1232774837238361,0.2271448709727484,0.7482832847426341,,,-171.3123541437733,364.6247082875466,401.7017265969509
2026-06-07T22:43:50,74,6,740006,"ARX(1,1)",-172.03646573519404,366.0729314703881,403.1499497797924,True,0,0.9423591791082108,0.0378224411459611,0.5996257423685201,0.2692409242227727,0.1382951264288139,0.7077607758070567,0.235434838628265,0.5563225293460968,0.1101179671474574,0.2656207084290221,0.6942948519172781,,,-172.0364657350656,366.0729314701312,403.1499497795355
2026-06-07T22:45:29,74,7,740007,"ARX(1,1)",-171.4062777557417,364.8125555114834,401.88957382088773,True,0,0.0610874147626669,0.0182206057610845,0.942193035805875,0.2843350569116552,0.0250383807368352,0.7062361376252344,0.3192519872687512,0.4850934107847529,0.1178812661188055,0.2200288914877421,0.764413468601827,,,-171.406277756856,364.812555513712,401.88957382311634
2026-06-07T22:47:14,74,8,740008,"ARX(1,1)",-172.03669100842643,366.07338201685286,403.15040032625717,True,0,0.9444797323632046,0.038327498307556,0.5993250281165611,0.2694124473852195,0.1379088214835378,0.7071811969697327,0.2352310785106023,0.5585482573919902,0.1095569452464148,0.2653756832354966,0.6951160193686398,,,-172.0366910323478,366.0733820646956,403.1504003740999
2026-06-07T22:49:19,74,9,740009,"ARX(1,1)",-171.31357360796522,364.62714721593045,401.70416552533476,True,0,0.0588243067589777,0.0001636812636925,0.9439062365064294,0.2598121634453866,0.023952592970401,0.7401128360786794,0.3131673019295423,0.4202509959796076,0.1230213720740597,0.2283128625376544,0.7463930607279385,,,-171.31357360960268,364.62714721920537,401.7041655286097
2026-06-07T22:51:02,74,10,740010,"ARX(1,1)",-172.03707850034115,366.0741570006823,403.1511753100866,True,0,0.9253193478563536,0.0374170269192178,0.6046306298970056,0.2696686028486023,0.1366948858873425,0.7075480217965019,0.2360096434440849,0.5571149938048974,0.1098384495127441,0.2662923781091948,0.6937243411398523,,,-172.03707849594755,366.0741569918951,403.1511753012994
2026-06-07T22:53:29,74,11,740011,"ARX(1,1)",-172.03647252555825,366.0729450511165,403.1499633605208,True,0,0.9408860325872992,0.037693240530372,0.5999730453882073,0.2691761124095982,0.1382633055167234,0.707925788688551,0.2355074114773603,0.5560256397461397,0.1099752096766227,0.265630304315775,0.6944242630546189,,,-172.03647252580149,366.07294505160297,403.1499633610073
2026-06-07T22:55:18,74,12,740012,"ARX(1,1)",-172.03651129292288,366.07302258584576,403.1500408952501,True,0,0.9378037204701428,0.0376514298738951,0.6008052272143596,0.2689974851119898,0.1376702240129894,0.7081302975902988,0.235717884182348,0.5557741434231731,0.1100714374158721,0.265882160096761,0.694110943244804,,,-172.03651129288673,366.0730225857735,403.15004089517777
2026-06-07T22:57:26,74,13,740013,"ARX(1,1)",-172.03687607425093,366.07375214850185,403.15077045790616,True,0,0.9509041466634052,0.0373148942827053,0.5970156759767026,0.2678994107203645,0.139406068610383,0.7096071461312208,0.2349269163358768,0.5525394527376968,0.1101070357653451,0.2649687464049632,0.6948764687550096,,,-172.03687601432955,366.0737520286591,403.1507703380634
2026-06-07T22:59:03,74,14,740014,"ARX(1,1)",-171.32189186821273,364.64378373642546,401.72080204582977,True,0,0.0586411542875901,0.0088983594535902,0.9445640727781148,0.2616151475210456,0.023666100099247,0.7341659434067473,0.3146661939545271,0.436969003405867,0.122726786340083,0.2324853482785427,0.7443633368534721,,,-171.32189186947485,364.6437837389497,401.720802048354
2026-06-07T23:00:50,74,15,740015,"ARX(1,1)",-171.31233460945006,364.6246692189001,401.70168752830443,True,0,0.0574937118504825,0.0011400070723619,0.9448623904214188,0.2569701587477258,0.0236546163677471,0.7425048433617722,0.3135962082758657,0.4225342883852826,0.122977361129705,0.2269097013559716,0.7486912922105224,,,-171.31233460942576,364.6246692188515,401.70168752825583
2026-06-07T23:03:22,74,16,740016,"ARX(1,1)",-171.4048772551315,364.809754510263,401.8867728196673,True,0,0.0535999126340371,0.0256580699098238,0.9478050018900214,0.2620748143859515,0.0231983813442776,0.7238636669089109,0.3231814492701738,0.5107845600719063,0.1212715907042943,0.2190170253630477,0.764981109048375,,,-171.40487725508945,364.8097545101789,401.8867728195832
2026-06-07T23:06:45,74,17,740017,"ARX(1,1)",-171.43567390978552,364.87134781957104,401.94836612897535,True,0,0.0806406409992097,0.0270656008866759,0.932018069450002,0.2544676099709029,0.0287476971698322,0.7314275815824285,0.2993446364931192,0.4852119681829632,0.114206162188102,0.2276192942807136,0.756404982410144,,,-171.43567391649418,364.8713478329884,401.9483661423927
2026-06-07T23:08:43,74,18,740018,"ARX(1,1)",-171.312670802126,364.625341604252,401.7023599136563,True,0,0.0581060436001689,0.0022980065348554,0.9446876290537036,0.2565716838439886,0.0236092979298598,0.7423642039154555,0.3123511632067857,0.4239306934211371,0.122936854882237,0.2280944596808772,0.7473414256155265,,,-171.31267080257084,364.62534160514167,401.702359914546
2026-06-07T23:10:33,74,19,740019,"ARX(1,1)",-171.41821052410126,364.8364210482025,401.9134393576068,True,0,0.0799682076592003,0.0201458955015939,0.9318828720544782,0.2421369984416712,0.0285718543744512,0.7476327589925259,0.3024180322177834,0.4689044999064266,0.1184091819797643,0.241434146653904,0.7374921475116424,,,-171.4182105234122,364.8364210468244,401.9134393562287
2026-06-07T23:11:48,74,20,740020,"ARX(1,1)",-171.31233639178214,364.6246727835643,401.7016910929686,True,0,0.0574937938470779,0.0014997522927813,0.944893506523987,0.2565122878939713,0.0236385159922355,0.7427957232449107,0.3136318245801747,0.423210250743969,0.1232074919376642,0.2270871863755686,0.7483495533680834,,,-171.3123363911251,364.6246727822502,401.7016910916545
2026-06-07T23:14:00,74,21,740021,"ARX(1,1)",-171.31238740120983,364.62477480241967,401.701793111824,True,0,0.0574593662954489,0.0007590952915074,0.944878916569016,0.256562750318824,0.0236441640675035,0.743088058609697,0.3134704113411476,0.421677374358838,0.1230132198575318,0.2265195389890793,0.7490358073283051,,,-171.3123874014898,364.6247748029796,401.7017931123839
2026-06-07T23:15:13,74,22,740022,"ARX(1,1)",-172.0365187067152,366.0730374134304,403.15005572283474,True,0,0.937763229877554,0.0377850769003377,0.6011486193163359,0.2696289245550479,0.1374673126701751,0.707424612055072,0.235582769471816,0.555703543544051,0.1098632210187815,0.2657338228028522,0.6945227372194496,,,-172.0365187066369,366.0730374132738,403.1500557226781
2026-06-07T23:17:50,74,23,740023,"ARX(1,1)",-171.33433345654907,364.66866691309815,401.74568522250246,True,0,0.0557735998706764,0.0038292978336116,0.9471282770955446,0.2450303025426781,0.0226160925000157,0.7532451193437347,0.3106486760893688,0.4115908843122627,0.1281983532627355,0.2327185832647886,0.7365233881280728,,,-171.3343334602652,364.6686669205304,401.7456852299347
2026-06-07T23:19:16,74,24,740024,"ARX(1,1)",-172.0364730276745,366.072946055349,403.1499643647533,True,0,0.9451597721914636,0.0377866686689397,0.5986638174771982,0.2687112589886387,0.1387850238513815,0.7083357730046074,0.2353491457942548,0.555791697774028,0.1102303918980191,0.2655861949003037,0.6941362349468533,,,-172.03647302754413,366.07294605508827,403.1499643644926
2026-06-07T23:21:07,74,25,740025,"ARX(1,1)",-171.41662648265378,364.83325296530757,401.9102712747119,True,0,0.0783563031762973,0.0131165950733,0.9325118136087436,0.2312844110216166,0.0282887544513001,0.7624219049089072,0.3007350947704001,0.4430882966546115,0.1182219110755347,0.2338368113139343,0.7443611799391102,,,-171.41662647664376,364.8332529532875,401.9102712626918
2026-06-07T23:24:21,74,26,740026,"ARX(1,1)",-172.03764119179786,366.0752823835957,403.15230069300003,True,0,0.950016759900444,0.0383909258392218,0.5953908342169675,0.2672624529185237,0.1407783643263897,0.7092473728810629,0.2360334156707887,0.5627454191837853,0.1110048848545486,0.2658618667915713,0.6926464626803189,,,-172.03764118300072,366.07528236600143,403.15230067540574
2026-06-07T23:27:11,74,27,740027,"ARX(1,1)",-172.0369241485528,366.0738482971056,403.1508666065099,True,0,0.9510898948358116,0.0377202579829855,0.595895249025732,0.2705677106932541,0.1412412938735693,0.7065834546913776,0.2351627233155316,0.5551336301002926,0.1101879923830333,0.2658963268479011,0.693364177750547,,,-172.0369241474371,366.0738482948742,403.1508666042785
2026-06-07T23:31:01,74,28,740028,"ARX(1,1)",-171.3540535981231,364.7081071962462,401.7851255056505,True,0,0.0575257840258134,0.0188051452811819,0.9462597460904308,0.2532003798370371,0.0229833493951027,0.737340198573299,0.3134446614732543,0.4641398295838499,0.1235563808768008,0.2356644428346835,0.7417549746451483,,,-171.35405359823034,364.7081071964607,401.785125505865
2026-06-07T23:33:13,74,29,740029,"ARX(1,1)",-172.0366929027918,366.0733858055836,403.1504041149879,True,0,0.952204474408624,0.0376027461553684,0.5970345200554482,0.269874128058389,0.1398429898410176,0.7073937830954382,0.2346984007384481,0.5546060979062136,0.1101453791941872,0.265542731312175,0.6940977068025241,,,-172.03669290446368,366.07338580892736,403.15040411833166
2026-06-07T23:35:02,74,30,740030,"ARX(1,1)",-172.03690830650623,366.07381661301247,403.1508349224168,True,0,0.9575307637256104,0.0381267782315251,0.5948459280499703,0.2681448730629445,0.1404842405227611,0.7087950828008323,0.2347764120674108,0.5552867525063183,0.1097664468279941,0.264865866936526,0.6951321203904918,,,-172.0369083068928,366.0738166137856,403.1508349231899
2026-06-07T23:37:25,74,31,740031,"ARX(1,1)",-172.04250312818544,366.0850062563709,403.1620245657752,True,0,0.9103269879522852,0.0382475293453565,0.6091662717795878,0.259699124779951,0.1325461543690582,0.7168762546593009,0.2368142155472523,0.5560578858912872,0.108050131917566,0.266231067806546,0.6963018236728769,,,-172.042503128936,366.085006257872,403.1620245672763
2026-06-07T23:39:25,74,32,740032,"ARX(1,1)",-171.52650857672978,365.05301715345956,402.1300354628639,True,0,0.082290441005293,0.0418905779232554,0.9340160179614044,0.2405902614538726,0.0265356947379673,0.7387115937961641,0.2944758758310756,0.4705643380522756,0.1003112810874944,0.2432004848111812,0.759845546922191,,,-171.52650858915052,365.05301717830105,402.13003548770536
2026-06-07T23:41:32,74,33,740033,"ARX(1,1)",-171.3123371866791,364.6246743733582,401.7016926827625,True,0,0.0575144360136082,0.0012735563368194,0.9448817839494958,0.2568395088987469,0.0236382479940744,0.7425735772328497,0.3135766984376731,0.4226646642948196,0.1231972280867537,0.2273884425741459,0.748020254944196,,,-171.31233718691203,364.62467437382406,401.7016926832284
2026-06-07T23:44:03,74,34,740034,"ARX(1,1)",-171.31237150221114,364.62474300442227,401.7017613138266,True,0,0.0576088158901035,0.0005587469741718,0.944752955361286,0.2566321887993433,0.0236900138176983,0.7431104629705905,0.3136212553110462,0.4218457375067577,0.1231389393264315,0.2273076688116417,0.7480579019618332,,,-171.3123715021921,364.6247430043842,401.7017613137885
2026-06-07T23:45:50,74,35,740035,"ARX(1,1)",-172.03688983363077,366.07377966726153,403.15079797666584,True,0,0.9568774712655892,0.0378270202043991,0.5957147684518223,0.2698103904749197,0.1402498593016132,0.7072128587721908,0.2344905702801162,0.5560682702612842,0.1096640548118447,0.2650609911439422,0.6951902594922899,,,-172.03688983119574,366.0737796623915,403.1507979717958
2026-06-07T23:47:05,74,36,740036,"ARX(1,1)",-172.03663997817796,366.0732799563559,403.1502982657602,True,0,0.9463884216596646,0.0379777322127622,0.5985446347268657,0.270425458150158,0.1397313897669536,0.7064474363426168,0.2349457015514472,0.5563991492933894,0.1096732836405248,0.2657041218419219,0.6945590902613459,,,-172.03663998098452,366.073279961969,403.1502982713733
2026-06-07T23:48:47,74,37,740037,"ARX(1,1)",-172.03755612304437,366.07511224608874,403.15213055549304,True,0,0.9363900730339338,0.0387390706697353,0.6029725494181388,0.26976796784907,0.1386988125381304,0.7063928247712224,0.2344228089982431,0.5581684317063053,0.1081504647988766,0.2652704238026837,0.696491480878795,,,-172.0375561226598,366.0751122453196,403.1521305547239
2026-06-07T23:50:22,74,38,740038,"ARX(1,1)",-172.03699044942178,366.07398089884356,403.15099920824787,True,0,0.9323905206843168,0.0370210101675494,0.6022234877830916,0.268327453935609,0.1369994062198466,0.7093046961886226,0.2358448696682247,0.552355210551321,0.1098663834821443,0.2653391644755188,0.6947916896952777,,,-172.03699044941743,366.07398089883486,403.1509992082392
2026-06-07T23:51:53,74,39,740039,"ARX(1,1)",-172.03680231515455,366.0736046303091,403.1506229397134,True,0,0.9473984063553816,0.0373298766520301,0.5980982270536502,0.2715131925686795,0.1390292946369113,0.7058786572830703,0.2351665575644076,0.5546134027075053,0.1098098684935471,0.2649636883834195,0.6953085110540653,,,-172.0368023134699,366.0736046269398,403.1506229363441
2026-06-07T23:53:54,74,40,740040,"ARX(1,1)",-171.31232848999497,364.62465697998994,401.70167528939425,True,0,0.0575199156578614,0.0013708445070337,0.9448742197889624,0.2569040801544678,0.0236421115088162,0.7424638682596035,0.3135325836517713,0.4229351186672888,0.1230984710429098,0.227032424163585,0.7484637852297225,,,-171.3123284892363,364.6246569784726,401.7016752878769
2026-06-07T22:41:38,75,1,750001,"ARX(1,1)",-172.03675190439935,366.0735038087987,403.150522118203,True,0,0.9302580362709209,0.0374322783350112,0.603057016460716,0.2698354191326292,0.1365558102769348,0.7074096504984279,0.2360622044164529,0.5550800371097361,0.1099128750042508,0.2659822965863067,0.694218622194406,,,-172.03675189236463,366.07350378472927,403.1505220941336
2026-06-07T22:43:12,75,2,750002,"ARX(1,1)",-172.03671692525793,366.07343385051587,403.1504521599202,True,0,0.949347015831278,0.0384200098483497,0.5975901013631354,0.2681966442561581,0.139375879791092,0.7087326219070758,0.2352064933479993,0.556094896610495,0.1105076325330132,0.265425869851783,0.6942302708267255,,,-172.0367169257592,366.0734338515184,403.1504521609227
2026-06-07T22:44:48,75,3,750003,"ARX(1,1)",-171.4439287756432,364.8878575512864,401.9648758606907,True,0,0.0821506700814771,0.0257429238508511,0.9327863659646172,0.2515668750451095,0.0276966164123681,0.7350315284120127,0.2901116270737784,0.4781380398368541,0.1192584070357579,0.2358209020055105,0.7365227778501358,,,-171.44392877478992,364.8878575495799,401.96487585898416
2026-06-07T22:47:17,75,4,750004,"ARX(1,1)",-172.03646643012516,366.0729328602503,403.1499511696546,True,0,0.9416410729486724,0.037808805836837,0.5998593278038319,0.2689940845379399,0.138253912949604,0.7080390429938228,0.2354255645957241,0.5558040568952812,0.1101017200391278,0.2656931014716391,0.6942104295902176,,,-172.03646643001937,366.0729328600387,403.149951169443
2026-06-07T22:49:00,75,5,750005,"ARX(1,1)",-171.31233486887635,364.6246697377527,401.701688047157,True,0,0.0574678579735042,0.0014987722772878,0.944907872926735,0.2568271296009728,0.0236352233869824,0.7424818257644658,0.3136740514534243,0.4231157295823211,0.1231356278555226,0.2271200520987454,0.7483904494753649,,,-171.31233486774806,364.6246697354961,401.7016880449005
2026-06-07T22:50:25,75,6,750006,"ARX(1,1)",-172.0364671138283,366.0729342276566,403.1499525370609,True,0,0.9437940854541595,0.0378104890989164,0.5990386015954835,0.2689385885758867,0.1387721584275135,0.7080766132364403,0.2354194235795219,0.5564317470247359,0.1101512210131093,0.265639137194599,0.6942030408213496,,,-172.036467113887,366.072934227774,403.1499525371783
2026-06-07T22:53:35,75,7,750007,"ARX(1,1)",-172.03670621375034,366.07341242750067,403.150430736905,True,0,0.9530039712509356,0.0378214295712807,0.5966743249660929,0.2684205850215819,0.1392009705954692,0.708496584516884,0.235091843038653,0.5568717058022812,0.1107188801336823,0.2659414017042941,0.6933843772911003,,,-172.0367062137455,366.073412427491,403.1504307368953
2026-06-07T22:55:07,75,8,750008,"ARX(1,1)",-172.03675239118695,366.0735047823739,403.1505230917782,True,0,0.9477401551955104,0.0384739349026337,0.5983115360000103,0.2696415517400382,0.1387522275616762,0.7068691453750978,0.2352739593796739,0.5593935261031293,0.1100336365324553,0.2655829568586696,0.6944250810391513,,,-172.03675241009304,366.0735048201861,403.1505231295904
2026-06-07T22:57:34,75,9,750009,"ARX(1,1)",-172.03709381993698,366.07418763987397,403.1512059492783,True,0,0.961072664806532,0.0382801507398779,0.5947101221410566,0.2695047990409819,0.1411581614965778,0.7073523256519086,0.234198724267486,0.5552748261813109,0.110075102814604,0.264832185138661,0.6948477909277015,,,-172.0370938202123,366.0741876404246,403.1512059498289
2026-06-07T23:00:22,75,10,750010,"ARX(1,1)",-172.03740251311308,366.07480502622616,403.15182333563047,True,0,0.9296981489173992,0.0376990245155682,0.6015552842871047,0.2713072669313213,0.1379566204141045,0.7058797667435907,0.2367407548894781,0.5588831037914752,0.1095879558955128,0.2669950104367029,0.6936277236831933,,,-172.0374025140188,366.0748050280376,403.1518233374419
2026-06-07T23:05:35,75,11,750011,"ARX(1,1)",-102.88598633732764,227.77197267465527,264.8489909840596,True,0,9.957191390049973,1.361207736129726,0.7876691928518235,0.3132318428323022,0.0331852757029804,0.6483223247549966,0.0490542223647255,0.1356779017336824,0.1327438472480533,0.2972724633375544,0.6483070163716305,,,-102.88598633732744,227.7719726746549,264.8489909840592
2026-06-07T23:07:31,75,12,750012,"ARX(1,1)",-171.31712096056077,364.63424192112154,401.71126023052585,True,0,0.0583513475344647,0.0011392825218488,0.9448445540947,0.2513024569385969,0.0234285437908245,0.7481748766957659,0.3106987472833015,0.4185701256921196,0.1237929978923406,0.2316355535418251,0.7422849197808077,,,-171.3171209227961,364.6342418455922,401.7112601549965
2026-06-07T23:09:23,75,13,750013,"ARX(1,1)",-172.0367616700192,366.0735233400384,403.1505416494427,True,0,0.952896389862058,0.0373425180249851,0.5966395721049618,0.2692416994595986,0.1400193844144741,0.7081875135710057,0.234738501207173,0.5535320280387671,0.1104093619263679,0.2652560809521641,0.6941780785666483,,,-172.03676167626332,366.07352335252665,403.15054166193096
2026-06-07T23:11:49,75,14,750014,"ARX(1,1)",-172.03699863645792,366.07399727291585,403.15101558232016,True,0,0.924906349729527,0.0374559002058062,0.6051394510812417,0.2697317875451016,0.1356197024008714,0.7075130384251791,0.2360795979442852,0.5558954592424946,0.1097145766767177,0.2662457255295185,0.6942894622987383,,,-172.03699863735883,366.07399727471767,403.151015584122
2026-06-07T23:14:42,75,15,750015,"ARX(1,1)",-171.31474914000944,364.6294982800189,401.7065165894232,True,0,0.0568461717838382,0.0067316640890226,0.945822925602943,0.2570221774018344,0.0232623521662852,0.7398396430172689,0.3131380380164086,0.4296326017697247,0.1238527286703488,0.2281986021833039,0.7469957090598535,,,-171.31474913985,364.6294982797,401.7065165891043
2026-06-07T23:16:48,75,16,750016,"ARX(1,1)",-172.03806814580534,366.0761362916107,403.153154601015,True,0,0.9727756121491974,0.038756513016279,0.5904253421222156,0.2682695160477727,0.1430053431083742,0.7080852643056583,0.2342272425421271,0.5595724929670649,0.1104996605320603,0.2643273609485774,0.6949142749258234,,,-172.03806814532794,366.0761362906559,403.1531546000602
2026-06-07T23:18:21,75,17,750017,"ARX(1,1)",-171.392123496679,364.784246993358,401.8612653027623,True,0,0.0572352334904642,0.0247673401877949,0.9459648404917098,0.2733564612370061,0.0235567977747879,0.7132484752765667,0.3166999712980032,0.501860585309503,0.1207413502075225,0.2201907065030906,0.7622112896040536,,,-171.39212349606214,364.7842469921243,401.8612653015286
2026-06-07T23:20:21,75,18,750018,"ARX(1,1)",-172.03714896186278,366.07429792372557,403.1513162331299,True,0,0.9637450281228042,0.0379219250054803,0.5931858553657927,0.2680881420250638,0.1415278427662064,0.70886804388401,0.2344342296645159,0.5556602153248966,0.1105118071252985,0.2651487211412831,0.6939675726220046,,,-172.03714897390677,366.07429794781353,403.1513162572178
2026-06-07T23:22:03,75,19,750019,"ARX(1,1)",-171.330009484706,364.660018969412,401.73703727881633,True,0,0.0585753823198589,0.0168524753412914,0.946118923612998,0.2577220107805643,0.0227748244151912,0.7342916309457445,0.3081812174763798,0.43851469048318,0.1233603165569542,0.2331474128233986,0.7424531186324357,,,-171.33000949531993,364.6600189906399,401.73703730004416
2026-06-07T23:24:02,75,20,750020,"ARX(1,1)",-171.31389744807106,364.6277948961421,401.70481320554643,True,0,0.0589749645769999,0.0040866263868301,0.9441814146024652,0.2600998345855645,0.0237863228450981,0.7380050149338304,0.3122861089391237,0.4266711201582085,0.1220556267563937,0.2287634719559389,0.7477118489921513,,,-171.31389744835482,364.6277948967096,401.704813206114
2026-06-07T23:26:04,75,21,750021,"ARX(1,1)",-171.31233369750035,364.6246673950007,401.701685704405,True,0,0.0574781420972682,0.0009804107055519,0.9448816497520752,0.2564611601922763,0.0236424001992675,0.7430872101418217,0.3135501592492086,0.4223110828041538,0.1232070648277769,0.2270135832851051,0.7483378780189771,,,-171.31233369706587,364.6246673941317,401.701685703536
2026-06-07T23:29:17,75,22,750022,"ARX(1,1)",-172.0368218286779,366.0736436573558,403.1506619667601,True,0,0.9391357828467874,0.03780819570608,0.5993453123767216,0.2695517902338405,0.1381942201187473,0.7072894035195465,0.2364178605812939,0.5586926090982361,0.110310385016447,0.2664876225613324,0.6934893289070259,,,-172.0368218233526,366.0736436467052,403.1506619561095
2026-06-07T23:30:38,75,23,750023,"ARX(1,1)",-172.0458286372433,366.0916572744866,403.1686755838909,True,0,1.003324520907166,0.0401335331451074,0.5845591153349453,0.2641123044779303,0.1466805076031381,0.7108764962306401,0.2320815376972529,0.5691402338434017,0.1127521880827508,0.2660498465830199,0.690783815205306,,,-172.04582863762317,366.0916572752464,403.16867558465066
2026-06-07T23:31:57,75,24,750024,"ARX(1,1)",-171.31232951984583,364.62465903969166,401.701677349096,True,0,0.0575048680150635,0.0013772439809811,0.9448767755147834,0.256663967384451,0.023643853598099,0.7427003352172157,0.313588975044282,0.4229864216257993,0.1231072229913586,0.227017251358735,0.7484681942296499,,,-171.31232952009543,364.62465904019086,401.7016773495952
2026-06-07T23:33:35,75,25,750025,"ARX(1,1)",-172.03647077133303,366.07294154266606,403.14995985207037,True,0,0.94120260886336,0.0377667049138221,0.6000231434386623,0.2689393458189968,0.138088457304464,0.7081268966133165,0.2354733571537278,0.5556657261671505,0.1101891869196541,0.2656870726072568,0.694148238134052,,,-172.03647077118984,366.0729415423797,403.149959851784
2026-06-07T23:35:34,75,26,750026,"ARX(1,1)",-172.04292966794247,366.08585933588495,403.16287764528926,True,0,0.999984225649257,0.0399462779286067,0.5847370274825248,0.2654361386306063,0.145737228049887,0.7105074009921148,0.2321301116581825,0.5589736598532024,0.1098704162814814,0.2615005383536588,0.698454215184332,,,-172.04292966885413,366.08585933770826,403.16287764711257
2026-06-07T23:37:54,75,27,750027,"ARX(1,1)",-172.03671466846347,366.07342933692695,403.15044764633126,True,0,0.9352132591553612,0.0377869772460346,0.6014392806049639,0.2693025338425806,0.1380009543237035,0.7076021427164558,0.2358714072553614,0.5582503706836586,0.1099656881274524,0.2666467305657062,0.6934730620224572,,,-172.03671466876105,366.0734293375221,403.1504476469264
2026-06-07T23:39:36,75,28,750028,"ARX(1,1)",-172.03647343466758,366.07294686933517,403.1499651787395,True,0,0.9429252525573985,0.0378263963553805,0.5993536070854273,0.2691611346477163,0.1381740821211472,0.7078345582127729,0.2354949519401681,0.5560294234271135,0.1101921654950696,0.2657270844593651,0.6940845643978698,,,-172.03647343478775,366.0729468695755,403.1499651789798
2026-06-07T23:41:12,75,29,750029,"ARX(1,1)",-171.40524649621102,364.81049299242204,401.88751130182635,True,0,0.0600683635518716,0.0242983355877074,0.9449875024427704,0.2868091650340211,0.0234630600122256,0.7006386267404575,0.3082310669910179,0.4798395038884099,0.1172062712540498,0.2222765389576836,0.7603541802705406,,,-171.40524649330555,364.8104929866111,401.8875112960154
2026-06-07T23:43:42,75,30,750030,"ARX(1,1)",-172.03700719314568,366.07401438629137,403.1510326956957,True,0,0.957423798208038,0.0386386497140391,0.5955073019596787,0.2688055043509681,0.1404387153778434,0.7076517899769686,0.2344180781871206,0.5559790967930123,0.1096454788777545,0.2650795407145188,0.6951495672991471,,,-172.03700719340492,366.0740143868098,403.1510326962141
2026-06-07T23:45:28,75,31,750031,"ARX(1,1)",-171.36355450917688,364.72710901835376,401.80412732775807,True,0,0.0722364640857011,0.013056102568606,0.9374405340374108,0.2634425644359583,0.0254909556678814,0.7306599113429053,0.3001974510703079,0.422838687154491,0.1208211428640338,0.2367091379236836,0.7359762456639134,,,-171.36355450920829,364.72710901841657,401.8041273278209
2026-06-07T23:47:11,75,32,750032,"ARX(1,1)",-172.0369488234296,366.0738976468592,403.15091595626353,True,0,0.9589827102602652,0.0382729448443054,0.5943978941410825,0.2679495166446389,0.1412280102631806,0.7086694639646964,0.2347242840919987,0.5575300804601053,0.110633136242947,0.2648842316472874,0.6940811571172071,,,-172.03694882170726,366.0738976434145,403.1509159528188
2026-06-07T23:48:17,75,33,750033,"ARX(1,1)",-171.6291457684025,365.258291536805,402.3353098462093,True,0,0.0662640549300727,0.0611353079538323,0.9461684209864492,0.2877739756595882,0.0216761209594826,0.6815534432862875,0.2942761930151853,0.4874217151846404,0.1168516349213864,0.2293372671883566,0.7486941854813749,,,-171.62914576767676,365.2582915353535,402.3353098447578
2026-06-07T23:49:54,75,34,750034,"ARX(1,1)",-172.0369483377249,366.0738966754498,403.1509149848541,True,0,0.9591388390539892,0.0382762023169268,0.5948154823838231,0.269107829360787,0.1412402788582768,0.7075847474298463,0.2344703417994836,0.5566406625717808,0.1101722474518456,0.2656388823072426,0.6939201798065429,,,-172.03694833784766,366.0738966756953,403.1509149850996
2026-06-07T23:51:22,75,35,750035,"ARX(1,1)",-172.0367874652701,366.0735749305402,403.1505932399445,True,0,0.9539174328723592,0.0374209867625731,0.5954019776243031,0.269805850277315,0.1409918652694562,0.7075511429659407,0.2351233434676391,0.5560421045678661,0.1103461271255515,0.2654001001013711,0.6943037038301515,,,-172.03678744900498,366.07357489801,403.1505932074143
2026-06-07T23:52:43,75,36,750036,"ARX(1,1)",-171.34792455123153,364.69584910246306,401.77286741186737,True,0,0.0573893097466056,0.0184064666026881,0.9458614290129228,0.259212762951648,0.0233258998862992,0.7316447804231846,0.3164962026482197,0.4598071086265721,0.1242238995043264,0.2325402789837507,0.7441674565897253,,,-171.3479244508681,364.6958489017362,401.7728672111405
2026-06-07T23:54:32,75,37,750037,"ARX(1,1)",-172.03704215253424,366.0740843050685,403.1511026144728,True,0,0.955133249614083,0.0379848737079107,0.5947870361153978,0.2670129196721883,0.1406806984133773,0.7100354943389285,0.2354793044049886,0.5583925335814559,0.1112122678575495,0.2652662821021921,0.6934074062307923,,,-172.03704214582456,366.0740842916491,403.1511026010534
2026-06-07T23:56:28,75,38,750038,"ARX(1,1)",-171.3123371146124,364.6246742292248,401.7016925386291,True,0,0.0574808744767928,0.0015122546770826,0.9449063837058412,0.2566627920002615,0.0236333227736757,0.7426392913144141,0.3136173282884181,0.4233023548990265,0.1231831244608161,0.227231676419139,0.7482059737648686,,,-171.31233711480917,364.6246742296184,401.7016925390226
2026-06-07T23:58:35,75,39,750039,"ARX(1,1)",-172.03685283621894,366.0737056724379,403.1507239818422,True,0,0.9531343884364466,0.0383840786708945,0.5972151310638122,0.2666429010652295,0.1393415773075757,0.7099501883249181,0.2347690252537139,0.5563135799695815,0.1109082713632314,0.26548399627286,0.6936974665443876,,,-172.0368528339191,366.0737056678382,403.15072397724254
2026-06-08T00:00:05,75,40,750040,"ARX(1,1)",-172.03689392271747,366.07378784543494,403.15080615483924,True,0,0.9563139539616838,0.0375338923184048,0.5952133121453509,0.2680142961962336,0.1403041982208464,0.7092535473945508,0.2349851072942411,0.5567719431351058,0.1110524270730898,0.2651025614084324,0.6939972332655382,,,-172.03689391958062,366.0737878391613,403.1508061485656
2026-06-07T22:34:47,76,1,760001,"ARX(1,1)",-171.34737467740376,364.6947493548075,401.77176766421184,True,0,0.0584226335112173,0.0118728043370921,0.944970953103202,0.2696065546977185,0.0235931448796987,0.7245244713306341,0.3110369762681168,0.454433582931522,0.1165153065535213,0.2252991469249186,0.7588719615391235,,,-171.34737474145754,364.6947494829151,401.7717677923194
2026-06-07T22:36:04,76,2,760002,"ARX(1,1)",-172.0373754740953,366.0747509481906,403.15176925759494,True,0,0.95753128876524,0.038876602422664,0.5947867607990817,0.2650973950127737,0.1395389337014516,0.7110609200560833,0.2352500027341183,0.5564878211922109,0.1110245639783702,0.2649066547500378,0.693835168270233,,,-172.03737547225262,366.0747509445053,403.1517692539096
2026-06-07T22:38:26,76,3,760003,"ARX(1,1)",-172.03700425936606,366.0740085187321,403.1510268281364,True,0,0.9319126937976092,0.0375701453527647,0.6015015591113869,0.2716913155448396,0.1374142321685961,0.7054372510562519,0.2365204315282734,0.5571147584058852,0.1096551116023229,0.2662875609626442,0.6942486525575847,,,-172.03700426029295,366.074008520586,403.1510268299903
2026-06-07T22:41:11,76,4,760004,"ARX(1,1)",-172.03674842155323,366.07349684310645,403.15051515251076,True,0,0.9535985147870768,0.0379284755302103,0.595767967493915,0.2679987149970499,0.1402654091253176,0.7089693202858743,0.2350354034164116,0.5545804232390542,0.1105501749362339,0.265552809352947,0.6935373928094171,,,-172.03674842142516,366.0734968428503,403.1505151522546
2026-06-07T22:42:51,76,5,760005,"ARX(1,1)",-172.03679625508744,366.0735925101749,403.1506108195792,True,0,0.948149147837565,0.0383048867320625,0.5971578465854743,0.2667620695541463,0.1397789276037971,0.7099547006355389,0.2354193249459372,0.5563140509647198,0.1099257594912273,0.2647086063451374,0.6951502541895981,,,-172.03679626780934,366.0735925356187,403.150610845023
2026-06-07T22:44:49,76,6,760006,"ARX(1,1)",-172.0366121499343,366.0732242998686,403.15024260927294,True,0,0.9410053429895682,0.0376170087304292,0.6004669254755882,0.2677613946330153,0.1376011114891186,0.7094117060416385,0.2352964215471829,0.5543388405824479,0.110205206774651,0.2654059066100542,0.6943935021595452,,,-172.03661216148268,366.07322432296536,403.15024263236967
2026-06-07T22:47:01,76,7,760007,"ARX(1,1)",-171.31552159024454,364.6310431804891,401.7080614898934,True,0,0.0573357183968894,0.0069278301140384,0.9454760680572568,0.2566398702164794,0.0233859456250211,0.7401064299533242,0.3133063917460695,0.4324292296082369,0.1243360406521484,0.2289806698612609,0.745761303012884,,,-171.31552159245035,364.6310431849007,401.708061494305
2026-06-07T22:48:58,76,8,760008,"ARX(1,1)",-171.31233143700678,364.62466287401355,401.70168118341786,True,0,0.0574735642349219,0.0012370766203755,0.9448811033072536,0.2568972847547101,0.0236503417520426,0.7425319362030552,0.3136766015439441,0.4229727022309106,0.1231713649564114,0.2269473767318003,0.7485075735065853,,,-171.31233143723944,364.6246628744789,401.7016811838832
2026-06-07T22:50:25,76,9,760009,"ARX(1,1)",-172.03691759348052,366.07383518696105,403.15085349636536,True,0,0.9474423284985464,0.0382315370157809,0.5986529306309912,0.2683941006047207,0.1393884579726208,0.7082875955496033,0.2348677814996364,0.558860622819258,0.1093733751690843,0.2644140183066906,0.6965193562822896,,,-172.0369175933939,366.0738351867878,403.1508534961921
2026-06-07T22:52:04,76,10,760010,"ARX(1,1)",-172.03681547644698,366.07363095289395,403.15064926229826,True,0,0.9304549041824932,0.0374366863803849,0.6031683309885282,0.2705175550492801,0.1364683022970682,0.7067369510870353,0.2359381116316149,0.5545680248318346,0.1099530452748027,0.2658618405986745,0.694134393269155,,,-172.03681547646949,366.07363095293897,403.1506492623433
2026-06-07T22:54:16,76,11,760011,"ARX(1,1)",-172.03657200988573,366.07314401977146,403.15016232917577,True,0,0.9440073082128172,0.0373789323212147,0.5988602257402409,0.2687641106164835,0.1383907589138346,0.7085788002488811,0.2355182863026281,0.5539029784943735,0.1102939575876585,0.2658120000003495,0.6939995104374025,,,-172.03657200978208,366.07314401956415,403.15016232896846
2026-06-07T22:56:15,76,12,760012,"ARX(1,1)",-171.3125189172563,364.6250378345126,401.70205614391693,True,0,0.0573549872978494,0.0017250626896334,0.9450291090767392,0.2576266265217206,0.0236005032213024,0.7415776668734108,0.3132857584154179,0.4234163489794798,0.1234495003777432,0.2264310317262897,0.7486098662371307,,,-171.31251891662663,364.62503783325326,401.7020561426576
2026-06-07T22:58:55,76,13,760013,"ARX(1,1)",-171.3123336633222,364.6246673266444,401.7016856360487,True,0,0.0575214389394064,0.0013615830378609,0.9448734811202624,0.2568104943622772,0.02364370953168,0.7425622825553937,0.3135331736105058,0.4226172892566003,0.1230964011091788,0.2271792039890666,0.7482798592907627,,,-171.31233366355832,364.62466732711664,401.70168563652095
2026-06-07T23:01:04,76,14,760014,"ARX(1,1)",-172.03691270706213,366.07382541412426,403.15084372352857,True,0,0.9533546962772916,0.0380724124390463,0.5965384454083621,0.2669531977354081,0.1396065953922549,0.7097622132419982,0.2349894083107867,0.5579192285639594,0.1107438947161344,0.2665119124248749,0.692811304035251,,,-172.03691269767177,366.07382539534353,403.15084370474784
2026-06-07T23:02:26,76,15,760015,"ARX(1,1)",-172.03647475304413,366.07294950608826,403.1499678154926,True,0,0.940211782832196,0.0377614169562176,0.6002912536228402,0.2692347979339611,0.138021540009656,0.7078191745934301,0.2355085444535836,0.5560776280890932,0.1100688975467552,0.2657958349230725,0.6941735161888437,,,-172.0364747531129,366.0729495062258,403.1499678156301
2026-06-07T23:03:37,76,16,760016,"ARX(1,1)",-172.03666787647754,366.0733357529551,403.1503540623594,True,0,0.948497711346876,0.0374314679454264,0.597578792537473,0.2694588264281041,0.1389943557924292,0.7078684989833975,0.2352375736050757,0.5538411190910595,0.1104484376989983,0.2661609226980771,0.693217438862051,,,-172.03666790496246,366.0733358099249,403.1503541193292
2026-06-07T23:05:38,76,17,760017,"ARX(1,1)",-171.32057969421209,364.64115938842417,401.7181776978285,True,0,0.0574491911821213,0.0020914579169728,0.944361799839672,0.264572498220074,0.0240700929686553,0.7344558108916404,0.31699093326902,0.4320379326382144,0.1208590036483064,0.2267634153505107,0.7525299223980182,,,-171.32057969638424,364.6411593927685,401.7181777021728
2026-06-07T23:07:24,76,18,760018,"ARX(1,1)",-171.3188431226704,364.6376862453408,401.7147045547451,True,0,0.0563746485415964,0.009052122206094,0.946098172965602,0.2561447455064239,0.0231802310481984,0.7395647876385497,0.3144697299787474,0.4370588098113213,0.1219971103164019,0.2285425837853877,0.7493797321334311,,,-171.3188431225323,364.6376862450646,401.7147045544689
2026-06-07T23:09:29,76,19,760019,"ARX(1,1)",-171.3131226267227,364.6262452534454,401.7032635628497,True,0,0.0568721772567924,0.0012393011243162,0.9451308381988726,0.2573778589183848,0.0236345997504569,0.742047572899391,0.3148029996460381,0.4252241781429597,0.1222013700747043,0.2261635967415928,0.7511915006934056,,,-171.31312262667635,364.6262452533528,401.70326356275706
2026-06-07T23:11:58,76,20,760020,"ARX(1,1)",-172.0368080255579,366.0736160511158,403.1506343605201,True,0,0.9493896112321508,0.0379689245715238,0.5972808443261421,0.2676138194540545,0.1399692093432849,0.7090547037121744,0.2351622986604288,0.559368868728827,0.1098796102210874,0.2658667413541778,0.6942276088063097,,,-172.03680802593655,366.0736160518731,403.1506343612774
2026-06-07T23:13:57,76,21,760021,"ARX(1,1)",-172.03824837913766,366.0764967582753,403.1535150676796,True,0,0.948429790854616,0.0388480804464933,0.597572152895913,0.2672890660338271,0.1395659980790552,0.7087902421275124,0.2355308073978839,0.5655242514878389,0.1101313275661514,0.2643801440872536,0.69589619844131,,,-172.03824837443463,366.07649674886926,403.1535150582736
2026-06-07T23:15:49,76,22,760022,"ARX(1,1)",-171.5213658634028,365.0427317268056,402.1197500362099,True,0,0.0541240859061337,0.0415759122622096,0.9525789159296648,0.2707880082565274,0.0198409431365067,0.7098145110075184,0.2975733297771866,0.4347434093730174,0.1299948649778516,0.2480706086459856,0.7156024966147624,,,-171.5213658634931,365.0427317269862,402.1197500363905
2026-06-07T23:18:12,76,23,760023,"ARX(1,1)",-172.03708097480552,366.07416194961104,403.15118025901535,True,0,0.9369119261445092,0.0374150424294352,0.6011239934683483,0.2721173029086053,0.1377359254622269,0.7051715605984702,0.2356233199795103,0.553887771973532,0.1105495115350199,0.2666598518299198,0.6924477545804026,,,-172.0370809747912,366.0741619495824,403.1511802589867
2026-06-07T23:20:06,76,24,760024,"ARX(1,1)",-171.49833351958802,364.99666703917603,402.07368534858034,True,0,0.0603363689444762,0.0441958847223842,0.9488472625984354,0.2702336761166234,0.0213264474913057,0.7077218864761479,0.2968160753108784,0.4761094527408812,0.1277809067721831,0.2434860003955856,0.728437595036207,,,-171.49833354866124,364.9966670973225,402.0736854067268
2026-06-07T23:21:50,76,25,760025,"ARX(1,1)",-171.31236997442733,364.62473994885465,401.70175825825896,True,0,0.0572864602439974,0.0011865752622979,0.9449952064283744,0.2561583561522886,0.0236118525873536,0.7432950670513484,0.3137440821419435,0.4226266300714898,0.123061154077525,0.2266062968000751,0.7489974004473692,,,-171.31236997455193,364.6247399491039,401.70175825850816
2026-06-07T23:23:22,76,26,760026,"ARX(1,1)",-172.03674571109315,366.0734914221863,403.1505097315906,True,0,0.9469853181176614,0.0377046526887366,0.5988384156978904,0.268846515278214,0.1393918617715482,0.7081291520172392,0.2346662321513093,0.5575744397456052,0.1106929375698341,0.2658542837428063,0.6931488715341027,,,-172.03674571205926,366.0734914241185,403.1505097335228
2026-06-07T23:25:20,76,27,760027,"ARX(1,1)",-171.31232966913092,364.62465933826184,401.70167764766614,True,0,0.0574782036329878,0.0014222173504565,0.9449133214556366,0.2567658256551979,0.0236267473127828,0.7425786753648866,0.313497222636716,0.422956187126282,0.1231428401297028,0.2270051994258515,0.7484279576373729,,,-171.31232966911017,364.62465933822034,401.7016776476247
2026-06-07T23:26:38,76,28,760028,"ARX(1,1)",-172.03663574289664,366.07327148579327,403.1502897951976,True,0,0.9371809879724844,0.03816927440639,0.6011471913620196,0.269528041110365,0.1374230294783885,0.7071929850879043,0.2358466538995479,0.5581869897067147,0.1100209057575946,0.2660053709264647,0.6941520296470846,,,-172.03663574954055,366.0732714990811,403.1502898084854
2026-06-07T23:28:49,76,29,760029,"ARX(1,1)",-171.40779525143068,364.81559050286137,401.8926088122657,True,0,0.0561455042699668,0.0310959580243859,0.9487516390570674,0.2531434949050475,0.0218286192979925,0.7310690509585805,0.3101004588156321,0.4729071281947343,0.1314531821948643,0.241228096963032,0.723997280921774,,,-171.40779525068916,364.8155905013783,401.8926088107826
2026-06-07T23:30:23,76,30,760030,"ARX(1,1)",-172.03647317181122,366.07294634362245,403.14996465302676,True,0,0.9452476025321818,0.0377998297337963,0.5986353817544824,0.2688923983660647,0.1386902103981399,0.708138782425506,0.2353779484456231,0.556170139891047,0.1102473914442172,0.2654907488626903,0.6942363872227025,,,-172.03647317192298,366.072946343846,403.1499646532503
2026-06-07T23:31:58,76,31,760031,"ARX(1,1)",-172.03666716037785,366.0733343207557,403.15035263016,True,0,0.946210151782402,0.0377526813818673,0.5975773718329634,0.2689374990751075,0.13945809367129,0.7079540401200954,0.2356041514813476,0.5588772462078276,0.1100416779047018,0.2653913326857071,0.6944295626111198,,,-172.03666715586365,366.0733343117273,403.1503526211316
2026-06-07T23:33:52,76,32,760032,"ARX(1,1)",-171.4497062297986,364.8994124595972,401.9764307690015,True,0,0.0881646728225025,0.0001047024559475,0.9271742799484576,0.2484706404188836,0.0298164813383597,0.7514799681386908,0.2889001397059414,0.4230235386352019,0.1176965863106572,0.2431675407343044,0.7292765833202691,,,-171.4497062297497,364.8994124594993,401.9764307689037
2026-06-07T23:35:29,76,33,760033,"ARX(1,1)",-171.3150937991195,364.630187598239,401.7072059076433,True,0,0.0588603476601853,0.0002655048191631,0.9442225517900412,0.2575656254795183,0.0237588298548594,0.742312982219553,0.3121311208363146,0.4180917180707697,0.1246234620391155,0.231082795499371,0.7421583759110778,,,-171.31509379993793,364.6301875998759,401.70720590928016
2026-06-07T23:36:58,76,34,760034,"ARX(1,1)",-172.03707750019487,366.07415500038974,403.15117330979405,True,0,0.9485750129695468,0.038048791349096,0.597514908555075,0.2665775834658349,0.1403227098065045,0.7100890706056371,0.2351733217819334,0.5596899857681485,0.110370194036667,0.2667565820677336,0.6927436144799105,,,-172.03707750062603,366.07415500125205,403.1511733106564
2026-06-07T23:38:58,76,35,760035,"ARX(1,1)",-172.03710149481492,366.07420298962984,403.15122129903415,True,0,0.9607766460086123,0.0385487921051716,0.5947251385598034,0.2674769318336745,0.1406799291500826,0.708928142763778,0.2343808077258841,0.5581528178721648,0.1102050967847287,0.2650200737316882,0.6945565085571997,,,-172.03710149762992,366.07420299525984,403.15122130466415
2026-06-07T23:40:26,76,36,760036,"ARX(1,1)",-172.03691447994674,366.0738289598935,403.1508472692978,True,0,0.9451214975029762,0.0384654520188284,0.5991953770115257,0.2697493815047489,0.1384423762673877,0.7065802484532387,0.2353411735154965,0.5607642359325274,0.1101147257494328,0.2656740084091859,0.6943509748901552,,,-172.03691447992725,366.0738289598545,403.1508472692588
2026-06-07T23:42:43,76,37,760037,"ARX(1,1)",-172.03689137241798,366.07378274483597,403.1508010542403,True,0,0.9450836941476168,0.0382014446558294,0.600398547769987,0.2683755250971759,0.1385542566205673,0.7085225739643869,0.2345008138633527,0.5531963540498881,0.1097461917277125,0.2654962090011898,0.694543872185438,,,-172.03689136044014,366.0737827208803,403.1508010302846
2026-06-07T23:45:15,76,38,760038,"ARX(1,1)",-171.31234042168333,364.62468084336666,401.70169915277097,True,0,0.0576069192295957,0.0015708409898962,0.9448502594799564,0.256946567436781,0.0236419192389565,0.7423288240546725,0.3133976598728389,0.4231815835860997,0.1231326446177496,0.2272779032451686,0.7481763096275351,,,-171.31234042215198,364.624680844304,401.70169915370826
2026-06-07T23:46:37,76,39,760039,"ARX(1,1)",-171.31418436985638,364.62836873971276,401.70538704911706,True,0,0.0565368671969426,0.0014099740643257,0.9452471550739294,0.2563987438550727,0.023670118886369,0.742946042857235,0.3155782592802889,0.4278415579744054,0.1238973187483081,0.2248638042356175,0.7507280086779122,,,-171.31418436946973,364.62836873893946,401.70538704834377
2026-06-07T23:49:11,76,40,760040,"ARX(1,1)",-172.0546887904132,366.1093775808264,403.1863958902307,True,0,0.9944874001214694,0.0425214383516578,0.5899898881501717,0.2637306866281448,0.1423901189332384,0.7099631411731896,0.2321335818377664,0.5776764511554321,0.1079420732807586,0.2636996609072928,0.7005771798706913,,,-172.05468880544285,366.1093776108857,403.18639592029
2026-06-07T22:35:02,77,1,770001,"ARX(1,1)",-171.314585467362,364.629170934724,401.7061892441283,True,0,0.0592567834683481,0.001185206455073,0.944119688514124,0.2564726515231764,0.0237088839230022,0.7429800168388602,0.3102088899964848,0.4196301833847625,0.1230994134767326,0.2289702471244363,0.7452010254959625,,,-171.31458550219702,364.6291710043941,401.7061893137984
2026-06-07T22:36:25,77,2,770002,"ARX(1,1)",-172.03757164486177,366.07514328972354,403.15216159912785,True,0,0.966244767332256,0.0385887714250897,0.5932446388228743,0.2701273788608663,0.1406427978513038,0.7064499454182384,0.2342110677461522,0.5553762861561987,0.1101067847832963,0.2645781529823572,0.6950858636468997,,,-172.03757164505566,366.0751432901113,403.1521615995157
2026-06-07T22:37:48,77,3,770003,"ARX(1,1)",-172.0366457158931,366.0732914317862,403.1503097411905,True,0,0.9383244763258964,0.0375304333626966,0.6005748686462123,0.270301267834747,0.1391329431134227,0.7068868029895696,0.2354770366542314,0.5564154677703145,0.1098103714490585,0.2657724111755443,0.6945339164070247,,,-172.0366457158888,366.0732914317776,403.1503097411819
2026-06-07T22:39:33,77,4,770004,"ARX(1,1)",-172.03795760010962,366.07591520021924,403.15293350962355,True,0,0.945795466836509,0.036396146981392,0.5992693057956637,0.2735625558825979,0.1381582369515364,0.7042967055044722,0.2350870683496053,0.5506202065948976,0.1100205370182485,0.2661415427025098,0.694256780388163,,,-172.03795760018647,366.07591520037295,403.15293350977726
2026-06-07T22:42:05,77,5,770005,"ARX(1,1)",-172.03695465405957,366.07390930811914,403.15092761752345,True,0,0.9430725863058548,0.0376271387842274,0.5992516782263227,0.2715585562514936,0.1396149669896201,0.7059533746936907,0.2353120992662755,0.5545176604803314,0.1097052226295656,0.2652734766082168,0.6947609144008562,,,-172.03695465526872,366.07390931053743,403.15092761994174
2026-06-07T22:43:35,77,6,770006,"ARX(1,1)",-172.036736836203,366.073473672406,403.1504919818103,True,0,0.948032957740578,0.037983468440913,0.5979936374547354,0.2674407641056728,0.1395458347792481,0.7092606831952865,0.235018094445426,0.5579436158018307,0.1095824728826313,0.2652750227235695,0.6951563204973303,,,-172.03673683579677,366.0734736715935,403.1504919809978
2026-06-07T22:45:53,77,7,770007,"ARX(1,1)",-172.03655539237337,366.07311078474675,403.15012909415105,True,0,0.9479823581194016,0.0380850790428066,0.5980403019971384,0.2689577132205697,0.139324295872313,0.7078213694537637,0.2351746452950699,0.5577230778999707,0.1102106954879408,0.2653962011283817,0.6944177977061171,,,-172.03655544441932,366.0731108888386,403.15012919824295
2026-06-07T22:48:41,77,8,770008,"ARX(1,1)",-172.03677149734264,366.0735429946853,403.1505613040896,True,0,0.9418995566384798,0.0375242988095811,0.5989977532816747,0.26914558456864,0.1387120512533962,0.7078741158615188,0.2358011864253978,0.5581894505568686,0.1097077767265689,0.2670933727391908,0.6933895006380826,,,-172.03677149731828,366.07354299463657,403.1505613040409
2026-06-07T22:50:09,77,9,770009,"ARX(1,1)",-172.05415359296742,366.10830718593485,403.18532549533916,True,0,1.051029341921582,0.0387680940565726,0.5716851923566,0.2667460933973175,0.1517047420453825,0.7096018319429082,0.2295258459051007,0.5550518772114237,0.1128694710508813,0.2646656895155633,0.6914367724809855,,,-172.05415359100738,366.1083071820148,403.1853254914191
2026-06-07T22:54:17,77,10,770010,"ARX(1,1)",-172.03646986841522,366.07293973683045,403.14995804623476,True,0,0.9408075934826692,0.0377402479116229,0.6000706802757992,0.2691319269461878,0.1381171402678066,0.7079307886156179,0.2354941303695985,0.5561256677772214,0.1100507553713648,0.2657726765934896,0.69422935972688,,,-172.03646986846985,366.0729397369397,403.149958046344
2026-06-07T22:55:57,77,11,770011,"ARX(1,1)",-172.0368170797471,366.0736341594942,403.1506524688985,True,0,0.9520558131974008,0.0378547220222844,0.5983488731530919,0.2691388191189257,0.139409445116048,0.7079410307824167,0.2341098374618644,0.5555623310582001,0.110024754181295,0.2652120270473502,0.694606606398887,,,-172.03681708295062,366.0736341659013,403.1506524753056
2026-06-07T22:58:32,77,12,770012,"ARX(1,1)",-171.3123546873764,364.6247093747528,401.7017276841571,True,0,0.057679235891487,0.0013302071860306,0.9447915979085556,0.2571122603128288,0.0236601541299502,0.7422754566676105,0.313377598467648,0.4224639405570887,0.1232429882867379,0.2273443354103179,0.7479046865820118,,,-171.31235468739942,364.6247093747989,401.7017276842032
2026-06-07T23:00:08,77,13,770013,"ARX(1,1)",-172.03646945987163,366.07293891974325,403.14995722914756,True,0,0.9436848214073986,0.0378355191826249,0.5994599536106772,0.2691753396070507,0.138398609855626,0.7078269474246637,0.2352739954433693,0.555905756090273,0.1102325271355265,0.2657307385583439,0.6940488416565472,,,-172.03646945972866,366.0729389194573,403.1499572288616
2026-06-07T23:02:13,77,14,770014,"ARX(1,1)",-171.3124147532747,364.6248295065494,401.7018478159537,True,0,0.0575739951636818,0.0017568829257991,0.9448878895782238,0.2567950608685583,0.0236128159466138,0.7423948664224731,0.3133547324460972,0.4239396382436127,0.1228239662414242,0.2270952037442849,0.74884474638061,,,-171.31241475260498,364.62482950521,401.7018478146143
2026-06-07T23:04:30,77,15,770015,"ARX(1,1)",-171.32580447287796,364.6516089457559,401.72862725516023,True,0,0.0570208488302407,0.0108332046898673,0.9454808419610136,0.2604586326027284,0.0234653634888689,0.7343873909186357,0.3151722101796241,0.4418368187532526,0.120209626245328,0.2236524749331464,0.7568578296528122,,,-171.3258044728213,364.6516089456426,401.7286272550469
2026-06-07T23:06:23,77,16,770016,"ARX(1,1)",-173.46113056848833,368.92226113697666,405.99927944638097,True,0,0.0717538741976796,0.1374197568320534,0.910948076464837,0.238260341964539,0.0495994327366229,0.6840414355445955,0.3299078371639423,0.5421094323009,0.0716059581616258,0.215260634485925,0.8107620742715488,,,-173.46113056843902,368.922261136878,405.9992794462824
2026-06-07T23:08:14,77,17,770017,"ARX(1,1)",-171.39213269320715,364.7842653864143,401.8612836958186,True,0,0.057173317098801,0.0248030853879524,0.9460031641085892,0.2730516919340181,0.0235475748745702,0.7135325524770526,0.3168212888007778,0.5020819427773933,0.1208879698708723,0.2202450453147324,0.7620637257602301,,,-171.39213269392758,364.7842653878552,401.86128369725947
2026-06-07T23:10:41,77,18,770018,"ARX(1,1)",-172.03734005814636,366.0746801162927,403.151698425697,True,0,0.9621741224150652,0.0377077915038964,0.5940788449085861,0.2670975523071383,0.1404782834605923,0.7098167979108831,0.2344336316940992,0.5538670099449827,0.111247699273598,0.2651920329642949,0.6930988850483987,,,-172.03734005765617,366.07468011531233,403.15169842471664
2026-06-07T23:12:41,77,19,770019,"ARX(1,1)",-171.31232800139918,364.62465600279836,401.70167431220267,True,0,0.0575148101522848,0.0011011171571874,0.9448598173451344,0.2567764750378742,0.023648137623546,0.7427165573167477,0.3135463539550929,0.422418061782906,0.1231066607244732,0.2270507772497529,0.7483880570119549,,,-171.3123280014422,364.6246560028844,401.70167431228873
2026-06-07T23:14:26,77,20,770020,"ARX(1,1)",-172.0372001774566,366.0744003549132,403.15141866431753,True,0,0.96145471630565,0.0378332525252296,0.594256644546699,0.2705944676049529,0.1408934683804829,0.706599262462069,0.2343255970377696,0.5557879637773191,0.1102794154834334,0.264548704959686,0.694927129161563,,,-172.0372001816744,366.0744003633488,403.1514186727531
2026-06-07T23:16:03,77,21,770021,"ARX(1,1)",-172.0377612097457,366.0755224194914,403.1525407288957,True,0,0.9707035494862656,0.0384051809014528,0.5915047025140214,0.2666151574470328,0.1416845463445476,0.7100124677739207,0.2342121481665917,0.5572245752422641,0.1106664610864711,0.2649813921735558,0.6941548620481676,,,-172.03776120948515,366.0755224189703,403.1525407283746
2026-06-07T23:18:10,77,22,770022,"ARX(1,1)",-171.4049294926478,364.8098589852956,401.8868772946999,True,0,0.0556594916272413,0.0315546736590003,0.9481153773859242,0.2695402140838503,0.0225013028534533,0.7134294910050815,0.3144723691553863,0.4985065471315322,0.1224408531691672,0.2285413689741912,0.750327854114531,,,-171.40492949351471,364.80985898702943,401.88687729643374
2026-06-07T23:19:34,77,23,770023,"ARX(1,1)",-172.03788226499447,366.07576452998893,403.15278283939324,True,0,0.932901148007978,0.0374620218887572,0.6025268239334735,0.2728361837981942,0.1378366813313876,0.7046362774283454,0.2354929550479182,0.5497339352024038,0.1102978807456093,0.265696336296352,0.6936282381953458,,,-172.03788228513503,366.0757645702701,403.1527828796744
2026-06-07T23:21:28,77,24,770024,"ARX(1,1)",-172.0378214099122,366.0756428198244,403.1526611292287,True,0,0.9391053569229296,0.0372814802714672,0.5992131720059406,0.26679617362752,0.1382513934650047,0.710341453164134,0.2363909687220001,0.5579801124742777,0.1109810725876979,0.2690174312345953,0.6900882580649919,,,-172.0378214182206,366.0756428364412,403.1526611458455
2026-06-07T23:23:06,77,25,770025,"ARX(1,1)",-171.338747110135,364.67749422027,401.7545125296743,True,0,0.0571642182127272,0.0186642173012957,0.9467218613328392,0.2530068890272079,0.0228082497560688,0.7379407338901495,0.3126224860808236,0.4499068689989828,0.1254889937456029,0.2334445902657892,0.7421431935263006,,,-171.33874711064547,364.6774942212909,401.7545125306953
2026-06-07T23:24:56,77,26,770026,"ARX(1,1)",-172.0366044955968,366.0732089911936,403.1502273005979,True,0,0.9415932320014248,0.0372204515316743,0.5993766525946238,0.2700422725286968,0.138550530786605,0.7073284445166805,0.23557973433972,0.5546666645450922,0.1101755113619073,0.2664080170672633,0.6934294268084176,,,-172.03660448966934,366.0732089793387,403.150227288743
2026-06-07T23:28:32,77,27,770027,"ARX(1,1)",-172.0366400665926,366.0732801331852,403.15029844258953,True,0,0.9486322786449422,0.0377448482010585,0.5968066614900915,0.2699581194440362,0.1398079677588337,0.7071139894388919,0.235437264758913,0.5567935546150021,0.1102173156784969,0.26525662235811,0.6942844578532321,,,-172.03664004204603,366.07328008409206,403.1502983934964
2026-06-07T23:30:11,77,28,770028,"ARX(1,1)",-172.03679915922518,366.07359831845037,403.1506166278547,True,0,0.9566135749958476,0.038094459190049,0.5955014789059753,0.2687095182651623,0.1405534598801326,0.7082376914193595,0.2347896637598117,0.5556654762831128,0.1106372544464307,0.2649512787728407,0.6943725024378071,,,-172.0367991621249,366.0735983242498,403.1506166336541
2026-06-07T23:31:33,77,29,770029,"ARX(1,1)",-171.42417009567112,364.84834019134223,401.92535850074654,True,0,0.0822331480046267,0.0190718802471668,0.931831531405448,0.2629291754079184,0.0280119010298745,0.7274035614752481,0.2924803300830647,0.4623922544094311,0.1132124772039493,0.2411630211415595,0.7389917488334905,,,-171.42417009428635,364.8483401885727,401.925358497977
2026-06-07T23:33:03,77,30,770030,"ARX(1,1)",-171.45682973784383,364.91365947568767,401.990677785092,True,0,0.0608034462607003,0.0462408246746318,0.9467980603284708,0.2511260262795877,0.0220443886390469,0.7259065923995236,0.3077275634317758,0.4748124280035433,0.1139575002678458,0.2342360469885476,0.7545598716304476,,,-171.45682973803062,364.9136594760613,401.9906777854656
2026-06-07T23:34:42,77,31,770031,"ARX(1,1)",-171.31238025809472,364.62476051618944,401.70177882559375,True,0,0.0574820982314666,0.0006771847500723,0.9448540635405092,0.2568030139252274,0.0236550595769788,0.7428858661605059,0.3135473283297004,0.4213981051120389,0.1231044509197748,0.2268010050289826,0.7485910272812852,,,-171.3123802592798,364.6247605185596,401.7017788279639
2026-06-07T23:36:32,77,32,770032,"ARX(1,1)",-171.31255395897495,364.6251079179499,401.7021262273542,True,0,0.05778126156384,0.000808659656808,0.944681540040715,0.2566018481917207,0.0237118705661277,0.7430253466025133,0.3136701368168206,0.4222734972392685,0.1238452173648277,0.2281425655255579,0.7464792688114805,,,-171.31255395910253,364.62510791820506,401.70212622760937
2026-06-07T23:37:56,77,33,770033,"ARX(1,1)",-171.45216134301404,364.9043226860281,401.9813409954324,True,0,0.0634746236736375,0.0174530502514834,0.944766538044558,0.233804798052821,0.022455935160021,0.7580134337000968,0.3023626088889048,0.4249827280272382,0.1231546349625757,0.2650507780585502,0.7105310225737667,,,-171.4521613405613,364.9043226811226,401.9813409905269
2026-06-07T23:39:53,77,34,770034,"ARX(1,1)",-172.03674549898108,366.07349099796215,403.15050930736646,True,0,0.944416475328001,0.037480413975104,0.6001848534366739,0.270074636689022,0.1385230383532365,0.7071311478629954,0.2346282620330754,0.5577225892780322,0.1100301324861989,0.2658011823891102,0.6940321976049971,,,-172.03674542777767,366.07349085555535,403.15050916495966
2026-06-07T23:41:07,77,35,770035,"ARX(1,1)",-171.37092354932958,364.74184709865915,401.81886540806346,True,0,0.0547020993409442,0.0175137367305259,0.9467365578933292,0.2621554921060691,0.0234428969954701,0.728968075075783,0.3217435815945637,0.4735069609679558,0.1232900666883808,0.2218473735102201,0.7581233939904413,,,-171.3709235517346,364.7418471034692,401.8188654128735
2026-06-07T23:42:59,77,36,770036,"ARX(1,1)",-171.4902055179168,364.9804110358336,402.0574293452379,True,0,0.0528587062173453,0.0487173242688983,0.9518036022440864,0.2664504485490293,0.0210388498179308,0.7071252686272291,0.3112860032680496,0.5110269520969705,0.1241343442647779,0.2265830611978708,0.7513297311645316,,,-171.49020551820053,364.98041103640105,402.05742934580536
2026-06-07T23:44:42,77,37,770037,"ARX(1,1)",-172.0369462395629,366.0738924791258,403.1509107885301,True,0,0.9271151676993826,0.0374289959058567,0.60431121656757,0.2693526330040268,0.1359723860543513,0.7078494139702682,0.2360311734296419,0.5560735624398684,0.1096834481935675,0.2656323208733442,0.6952091767680829,,,-172.0369462348054,366.0738924696108,403.15091077901513
2026-06-07T23:46:37,77,38,770038,"ARX(1,1)",-171.40678868088563,364.81357736177125,401.89059567117556,True,0,0.052334931762017,0.0267643516552815,0.9500739049831944,0.2326146513796695,0.0217415934337848,0.7540885682001129,0.3136200054427315,0.4643735122642847,0.1202197067272945,0.2195866210226493,0.7639518525130411,,,-171.4067886804729,364.8135773609458,401.8905956703501
2026-06-07T23:52:10,77,40,770040,"ARX(1,1)",-172.04206037788595,366.0841207557719,403.1611390651762,True,0,0.9648216676736716,0.0391956022216129,0.5938047650423589,0.2745523414568647,0.13785913566032,0.7010560526542504,0.2353066205784708,0.56606648617852,0.1121356974494211,0.2654690576938918,0.6921518187091239,,,-172.0420603844077,366.0841207688154,403.1611390782197
2026-06-07T22:35:16,78,1,780001,"ARX(1,1)",-172.0366232658589,366.0732465317178,403.1502648411221,True,0,0.948445060380225,0.0381755423766919,0.5984508876972853,0.2688785693363634,0.1394871238668416,0.707959068156613,0.2348010148688584,0.5567496984791018,0.1104741452053172,0.2655476238769741,0.6940427208940522,,,-172.03662326168595,366.0732465233719,403.1502648327762
2026-06-07T22:37:34,78,2,780002,"ARX(1,1)",-172.0380392595327,366.0760785190654,403.1530968284697,True,0,0.9466677921767236,0.0371821848646492,0.5994158329050174,0.2667963734481112,0.1384216549133165,0.7110674402149663,0.2344278683909723,0.5476880700694416,0.1103933390959028,0.2646358389231547,0.6946416854904006,,,-172.0380392595063,366.0760785190126,403.1530968284169
2026-06-07T22:39:22,78,3,780003,"ARX(1,1)",-172.0372515563059,366.0745031126118,403.1515214220161,True,0,0.9640998585091264,0.0383925459961709,0.5931012563376539,0.2690819126185064,0.1417189198682828,0.7075722377567382,0.2344204304997262,0.5575790072616954,0.1104388713771375,0.2645892916795087,0.69470350556102,,,-172.03725155615092,366.0745031123018,403.15152142170615
2026-06-07T22:40:52,78,4,780004,"ARX(1,1)",-171.31234707627223,364.62469415254446,401.7017124619488,True,0,0.0576227500021462,0.0015855279574104,0.94482075827497,0.2569004948840383,0.023655590525712,0.7423676732278089,0.3134817957439191,0.4233951108587302,0.123141885265245,0.2272717072668948,0.7481479797274968,,,-171.31234707586125,364.6246941517225,401.7017124611268
2026-06-07T22:42:21,78,5,780005,"ARX(1,1)",-171.363745750749,364.727491501498,401.8045098109023,True,0,0.0619554033049734,0.0194813281366517,0.9439240131302932,0.2480024961887756,0.0235066772892181,0.7420803989807373,0.3068048635631664,0.4642427138956106,0.1199739692381913,0.2325720039612938,0.7478894593077681,,,-171.3637457512358,364.7274915024716,401.8045098118759
2026-06-07T22:43:48,78,6,780006,"ARX(1,1)",-171.31234366226394,364.6246873245279,401.7017056339322,True,0,0.0574149070768396,0.001391914189185,0.9449506740536288,0.2562160812643695,0.0236153280478695,0.7431415316261594,0.3136107061492537,0.4230059122861858,0.1232918417254569,0.2270685629199756,0.7482558050988247,,,-171.3123436618631,364.6246873237262,401.7017056331305
2026-06-07T22:45:23,78,7,780007,"ARX(1,1)",-172.07162782568173,366.14325565136346,403.22027396076777,True,0,1.092237992424767,0.0404702837986318,0.5584288214955969,0.2567451567962867,0.1617525062708038,0.7181996925995392,0.2281314936916708,0.5667937568334823,0.1127241402526868,0.2632870900189118,0.692118502616863,,,-172.07162781090233,366.1432556218047,403.22027393120896
2026-06-07T22:47:50,78,8,780008,"ARX(1,1)",-171.66922012550475,365.3384402510095,402.4154585604138,True,0,0.0816254752663303,0.0224794161414729,0.9300558264446752,0.1901112294123404,0.0295690837034424,0.7983036787008481,0.3078069557496058,0.4831402198730676,0.1246046957132542,0.2344666364784313,0.7408976172315936,,,-171.66922012553945,365.3384402510789,402.4154585604832
2026-06-07T22:49:39,78,9,780009,"ARX(1,1)",-171.3249683374161,364.6499366748322,401.7269549842365,True,0,0.0558810191141294,0.0047821060845111,0.945475347413096,0.2620949038446266,0.0237529790198166,0.7356406223387123,0.3178491039181721,0.4376499698266708,0.1221333545968598,0.2210771143032359,0.7578193491882792,,,-171.3249683528898,364.6499367057796,401.72695501518393
2026-06-07T22:51:31,78,10,780010,"ARX(1,1)",-172.03646323181442,366.07292646362885,403.14994477303316,True,0,0.9422003647302764,0.0377784220891807,0.5995999201898048,0.2690352660780549,0.1383668297837713,0.708011986046079,0.2354700355120156,0.5561534368198615,0.1101621846114941,0.2656899983421748,0.6941848066206101,,,-172.03646323180757,366.0729264636152,403.14994477301946
2026-06-07T22:53:19,78,11,780011,"ARX(1,1)",-171.39752321345514,364.7950464269103,401.8720647363146,True,0,0.0793470428563955,0.015043319903042,0.932421989052546,0.2506854726584143,0.028224878393582,0.7420347977400391,0.2987517996356787,0.4475072491125633,0.1173423520829615,0.2376896829834884,0.7407003157169,,,-171.3975232123596,364.7950464247192,401.8720647341235
2026-06-07T22:54:28,78,12,780012,"ARX(1,1)",-172.0369498130662,366.0738996261324,403.1509179355367,True,0,0.9553549800881672,0.0370812179147367,0.5958461731892104,0.2693858552200098,0.1400530098191862,0.7081149044720251,0.2345133034629704,0.5540755108242744,0.110424880952969,0.2653625892173143,0.6938513854896498,,,-172.03694981229438,366.0738996245888,403.150917933993
2026-06-07T22:57:12,78,13,780013,"ARX(1,1)",-171.31395787899584,364.6279157579917,401.704934067396,True,0,0.0580892610082411,0.0001629386377302,0.9445456107879336,0.2584534860095377,0.0236986294297435,0.7414722672970404,0.3129987313158506,0.4175327722076848,0.1238566227506931,0.228526364073472,0.7453773044250805,,,-171.31395787845474,364.6279157569095,401.7049340663138
2026-06-07T22:58:38,78,14,780014,"ARX(1,1)",-171.3328261692638,364.6656523385276,401.7426706479319,True,0,0.0589351433543918,0.0145895408989513,0.945138953414702,0.26196118563435,0.023393534928166,0.731030276028006,0.312091259026089,0.4454611257795777,0.1241546751223418,0.2354847687747051,0.7390429254369503,,,-171.33282611071186,364.6656522214237,401.742670530828
2026-06-07T23:00:14,78,15,780015,"ARX(1,1)",-171.3597746675988,364.7195493351976,401.7965676446019,True,0,0.0568949325807014,0.0164988751627767,0.945905664619696,0.2565893651217539,0.0234416750187665,0.7350516370275118,0.3150381816589562,0.4691798289852862,0.1218635582042067,0.2228088663095872,0.7579090232508253,,,-171.35977469868368,364.71954939736736,401.79656770677167
2026-06-07T23:03:57,78,16,780016,"ARX(1,1)",-133.3307547064348,288.6615094128696,325.7385277222739,True,0,8.484068741232171,0.4225404490631486,0.7958122866099622,0.3930431138751876,0.0379832353519945,0.565363863531765,0.0565253703388467,0.3126610131993174,0.0439918068400781,0.3543113539983038,0.6244308136097573,,,-133.33075470645406,288.6615094129081,325.7385277223124
2026-06-07T23:05:45,78,17,780017,"ARX(1,1)",-171.6040509328093,365.2081018656186,402.2851201750229,True,0,0.0632710914571983,0.0629428825238021,0.9484371155506042,0.2635464629908862,0.0209680993549565,0.7026692649512583,0.2945466255893076,0.5029419583874803,0.1194196299837058,0.2323836072798345,0.7477863692559815,,,-171.6040509356006,365.2081018712012,402.28512018060553
2026-06-07T23:09:39,78,18,780018,"ARX(1,1)",-172.03807111465503,366.07614222931005,403.15316053871436,True,0,0.9707133290264376,0.0383100243488664,0.592999978333212,0.268882405322855,0.1411812590374311,0.707756767303748,0.2335952757790416,0.5559476211522558,0.111505435055788,0.2661034779103357,0.691949693662144,,,-172.0380711147505,366.076142229501,403.1531605389053
2026-06-07T23:11:02,78,19,780019,"ARX(1,1)",-172.03714590950082,366.07429181900164,403.15131012840595,True,0,0.923459274778484,0.037340162249295,0.6056232062174529,0.2701187953447428,0.1352798230907816,0.7072711401259748,0.2360859646287549,0.5540289839979887,0.1096055857021057,0.2660135562521187,0.6945979997384665,,,-172.03714590950744,366.0742918190149,403.1513101284192
2026-06-07T23:13:00,78,20,780020,"ARX(1,1)",-172.03647248890115,366.0729449778023,403.1499632872066,True,0,0.940561812174616,0.0377403191494277,0.6001129244941323,0.269163426281664,0.1380717494516146,0.7079175839840359,0.2355421487095021,0.5561852334306734,0.1100808201968912,0.2657315446979083,0.6942630500577852,,,-172.036472488933,366.072944977866,403.1499632872703
2026-06-07T23:14:48,78,21,780021,"ARX(1,1)",-171.31232964762518,364.62465929525035,401.70167760465466,True,0,0.0575177312153419,0.0011532669026972,0.9448523247944854,0.2566686902756797,0.023653958466938,0.74279993035274,0.3135844139906815,0.4225322007790142,0.1230419635788035,0.2269350341110918,0.7486227926894707,,,-171.31232964770527,364.62465929541054,401.7016776048149
2026-06-07T23:17:20,78,22,780022,"ARX(1,1)",-172.0370584894562,366.0741169789124,403.1511352883167,True,0,0.951882426854884,0.0381042912414031,0.5968463114454708,0.2710769227435937,0.1396930826979808,0.7057194825095953,0.2349211767439787,0.5545876989187192,0.1103674788930216,0.2665978599799466,0.6925569005481998,,,-172.03705843627515,366.0741168725504,403.15113518195466
2026-06-07T23:19:47,78,23,780023,"ARX(1,1)",-172.03710413796028,366.07420827592057,403.1512265853249,True,0,0.9273352975749208,0.0374466401979369,0.6031074682154871,0.2690173397261395,0.1363605093696024,0.7083072322646466,0.2364442435899545,0.5536024017456238,0.1093407466705891,0.2656675176668832,0.6950602485167073,,,-172.0371041380494,366.0742082760988,403.1512265855032
2026-06-07T23:21:19,78,24,780024,"ARX(1,1)",-171.33322642567268,364.66645285134535,401.74347116074966,True,0,0.0541576645485949,0.0132334612525146,0.9477400511136156,0.2556692684633236,0.0227822999966161,0.7379025716609462,0.3160458075388679,0.4499250561777612,0.124822358402579,0.2265961957069527,0.7495354099136557,,,-171.3332263684888,364.6664527369776,401.7434710463819
2026-06-07T23:23:03,78,25,780025,"ARX(1,1)",-172.03646681934134,366.0729336386827,403.149951948087,True,0,0.9412906042989206,0.0377612289028102,0.5999615293037988,0.2691544197261058,0.1382489496108785,0.7078974937655319,0.235444254376461,0.5561654421140162,0.1100277824176226,0.2656634737335288,0.6943462810377554,,,-172.03646681942644,366.0729336388529,403.1499519482572
2026-06-07T23:25:04,78,26,780026,"ARX(1,1)",-171.33558607224188,364.67117214448376,401.74819045388807,True,0,0.0539737521926871,2.2645883840256627e-06,0.9470118622227696,0.2417858321166181,0.0230012094635075,0.7582131086415423,0.3156252536621631,0.4244274011356995,0.1200275868668507,0.2226165582720563,0.7585898413160151,,,-171.33558607218274,364.6711721443655,401.7481904537698
2026-06-07T23:27:07,78,27,780027,"ARX(1,1)",-172.03774354575376,366.0754870915075,403.1525054009118,True,0,0.9276752683906592,0.0378657086683843,0.6042141881090813,0.268574678152617,0.1376242696026243,0.7083010919594099,0.2358009724392131,0.5583419035632788,0.1117278944192425,0.2659304597293002,0.6918931524258282,,,-172.0377435483639,366.0754870967278,403.1525054061321
2026-06-07T23:28:52,78,28,780028,"ARX(1,1)",-171.3123594747887,364.6247189495774,401.7017372589817,True,0,0.0575114976674592,0.0008298493039931,0.9448487703218278,0.2568210324043447,0.023654980357673,0.7427975130820742,0.313526046742717,0.4216917661950358,0.1230482181547052,0.2269443482170368,0.7485426194075993,,,-171.31235947486846,364.6247189497369,401.7017372591412
2026-06-07T23:30:30,78,29,780029,"ARX(1,1)",-171.39699413109815,364.7939882621963,401.8710065716006,True,0,0.0794227426595516,0.0124832331684115,0.9322108123857276,0.2473376057468097,0.0282864158686914,0.7467118666095632,0.2988676465877852,0.4401159002107343,0.1172113131612943,0.2376688558233848,0.7411626955411684,,,-171.39699406537284,364.7939881307457,401.87100644015
2026-06-07T23:33:06,78,30,780030,"ARX(1,1)",-171.39692029131112,364.79384058262224,401.87085889202655,True,0,0.0586726215894364,0.0191877457234558,0.9452401014622772,0.2859813007777695,0.02321463130581,0.7054206842204012,0.3135672263905824,0.4293986405705258,0.115551004933455,0.2248442487826178,0.7589702348206215,,,-171.39692029052992,364.79384058105984,401.87085889046415
2026-06-07T23:35:08,78,31,780031,"ARX(1,1)",-172.03647814616966,366.0729562923393,403.1499746017436,True,0,0.9448440547249722,0.037931113114811,0.5990688497401002,0.2692310913369544,0.1386300590913627,0.7077095183613188,0.2352363209701481,0.5565193233689744,0.110172920283694,0.2654521628730556,0.6943725946569627,,,-172.03647815334267,366.0729563066853,403.1499746160897
2026-06-07T23:37:08,78,32,780032,"ARX(1,1)",-172.036961091936,366.073922183872,403.1509404932763,True,0,0.9547252177401327,0.0373131665010009,0.5946447100100027,0.26829282934628,0.1410853194748613,0.7091643886002632,0.235313808080623,0.5537599392168344,0.1108813497144758,0.2651057515074258,0.6936009660536238,,,-172.03696109173006,366.0739221834601,403.1509404928645
2026-06-07T23:42:20,78,33,780033,"ARX(1,1)",-172.03717797625012,366.07435595250024,403.15137426190455,True,0,0.948467354367045,0.0373961224192377,0.596410445897229,0.2682004279639094,0.1396664624312957,0.7092388075793447,0.2356111768691756,0.5509131747081952,0.1100653705220521,0.2658970135200565,0.69379255157339,,,-172.03717797635062,366.0743559527013,403.1513742621056
2026-06-07T23:44:02,78,34,780034,"ARX(1,1)",-171.33379827943543,364.66759655887086,401.74461486827516,True,0,0.0551451213121756,0.0145419971188286,0.9470890301844076,0.2559019590217138,0.0229741013528007,0.7370777588677476,0.317072321215132,0.4484665856695857,0.1230829702912237,0.2279375607342269,0.7510787886389151,,,-171.33379827947007,364.66759655894015,401.74461486834446
2026-06-07T23:45:53,78,35,780035,"ARX(1,1)",-172.038679838512,366.077359677024,403.1543779864283,True,0,0.9530477477268792,0.0386033264556344,0.5973437645976828,0.2742897447328782,0.1420237320788985,0.7023179791480835,0.2341214387994167,0.5569964457342741,0.1086872145477625,0.2638245659101532,0.6977756668860026,,,-172.03867983859843,366.0773596771969,403.1543779866012
2026-06-07T23:47:56,78,36,780036,"ARX(1,1)",-172.03649224004943,366.07298448009885,403.15000278950316,True,0,0.9453011943558852,0.0379882262215397,0.5988384820444922,0.2687789312074482,0.1388652170490576,0.7080546103589533,0.2352684665604792,0.5570262402703804,0.1102133357745067,0.26558815159696,0.6942376476049155,,,-172.03649224002385,366.0729844800477,403.150002789452
2026-06-07T23:50:00,78,37,780037,"ARX(1,1)",-171.79250570883755,365.5850114176751,402.6620297270794,True,0,0.093591241719021,0.0361531108574229,0.92778324630303,0.3196419152143819,0.0299276994511684,0.6600747043897158,0.2837907561668527,0.5328172899190754,0.1093060057753294,0.232387987304057,0.7507946719392301,,,-171.7925056968682,365.5850113937364,402.6620297031407
2026-06-07T23:51:52,78,38,780038,"ARX(1,1)",-171.4075395768807,364.8150791537614,401.8920974631657,True,0,0.0531671955747629,0.0283081701794264,0.9485482852810896,0.2623978727937455,0.0228580623066416,0.721965629949563,0.3225691149842314,0.5136856122379269,0.1232352180983726,0.2229595090843606,0.7585598830089751,,,-171.40753957650605,364.8150791530121,401.8920974624164
2026-06-07T23:53:13,78,39,780039,"ARX(1,1)",-171.70024604046486,365.4004920809297,402.47751039033403,True,0,0.0763652144986997,0.0213746983146529,0.9402172418562852,0.2876140306586001,0.0227246880768357,0.7030107971397206,0.2800012508696851,0.4011189489260754,0.1216132672118592,0.2767223534644134,0.6857694622152471,,,-171.70024603958268,365.40049207916536,402.47751038856967
2026-06-07T23:56:29,78,40,780040,"ARX(1,1)",-171.40085830283,364.80171660566,401.8787349150643,True,0,0.0539552274277763,0.0280497669052969,0.9483474217230756,0.26425940631963,0.0227991058098312,0.7202831327499941,0.3192455176717207,0.51106398837516,0.1232321143625686,0.2222254112767588,0.7585969711490541,,,-171.40085830277917,364.8017166055584,401.87873491496265
2026-06-07T22:33:20,79,1,790001,"ARX(1,1)",-171.31448077311558,364.62896154623115,401.70597985563546,True,0,0.0578158747683884,0.0012768613564659,0.9450014697978588,0.2546692555206907,0.0234899862600594,0.7447457252375633,0.3120237110505001,0.4184946693447874,0.1247855983277946,0.2296680167059231,0.7431765767772303,,,-171.3144807710458,364.6289615420916,401.7059798514959
2026-06-07T22:34:54,79,2,790002,"ARX(1,1)",-172.03646954666357,366.07293909332714,403.14995740273145,True,0,0.9426094687994344,0.0377972632912387,0.5995137052469074,0.2688422631532896,0.1386554145377043,0.708197839458654,0.2353688483943168,0.5562090770086212,0.1100399723510544,0.2657343734282811,0.6942420616483309,,,-172.036469546692,366.072939093384,403.1499574027883
2026-06-07T22:40:54,79,3,790003,"ARX(1,1)",-172.03683632555465,366.0736726511093,403.1506909605136,True,0,0.955696978204504,0.0372136913952083,0.5951215984189565,0.2697231958153573,0.1404798718227515,0.7076861647580265,0.2349537475036005,0.5557366597312348,0.1102882492449256,0.2651382548889215,0.6944089063446389,,,-172.03683623775228,366.07367247550457,403.1506907849089
2026-06-07T22:42:30,79,4,790004,"ARX(1,1)",-171.64262160050663,365.28524320101326,402.36226151041757,True,0,0.0620348121997176,0.0703289802285762,0.9499304680793356,0.2478242998153138,0.0200330169866696,0.718157052284839,0.2918251888966725,0.4666379606371073,0.1215316530843755,0.2392816022689933,0.735035179029487,,,-171.64262160191402,365.285243203828,402.36226151323234
2026-06-07T22:43:58,79,5,790005,"ARX(1,1)",-171.3427486152072,364.6854972304144,401.7625155398187,True,0,0.0640167240043134,0.0013636134190981,0.9414087972899272,0.2442976940021697,0.0242628105053442,0.7550794076622631,0.3071887255360715,0.415581002869467,0.1252163901799807,0.2348579030452713,0.7342167223348529,,,-171.3427486154214,364.6854972308428,401.7625155402471
2026-06-07T22:46:18,79,6,790006,"ARX(1,1)",-171.59352651166654,365.1870530233331,402.2640713327374,True,0,0.0610928418359223,0.0588176785771664,0.9499645551070796,0.2551271276266663,0.0204574162363856,0.7151353677986132,0.2942261731502278,0.5015742830564252,0.1272663347551254,0.2326496088599182,0.7408852968855995,,,-171.59352657801733,365.18705315603466,402.264071465439
2026-06-07T22:48:18,79,7,790007,"ARX(1,1)",-171.3666125134822,364.7332250269644,401.8102433363687,True,0,0.0604191044889018,0.0201686829831636,0.9454134892805264,0.2385300711723953,0.022834869892233,0.751677841039216,0.3090625963715537,0.4460500024155858,0.1274760519335757,0.2444870899195588,0.7273584705481503,,,-171.36661251791816,364.7332250358363,401.8102433452406
2026-06-07T22:50:15,79,8,790008,"ARX(1,1)",-172.03655517760222,366.07311035520445,403.15012866460876,True,0,0.9438398778914864,0.0375616738277919,0.5987779462321091,0.2700255011821183,0.1385955772881721,0.7072543006115035,0.2354708431860795,0.5546297144360253,0.1098332173662482,0.2655836728537568,0.6945928986008221,,,-172.03655517746273,366.0731103549255,403.15012866432977
2026-06-07T22:52:13,79,9,790009,"ARX(1,1)",-172.03658183076794,366.0731636615359,403.1501819709402,True,0,0.9456219004738088,0.037532226446113,0.5983429245317099,0.2691515167608395,0.1393548349949391,0.7080698863392977,0.2353122926963258,0.556686719899106,0.1102656537112117,0.26647978248793,0.6931831530285893,,,-172.03658186125054,366.0731637225011,403.1501820319054
2026-06-07T22:54:37,79,10,790010,"ARX(1,1)",-172.03727346288605,366.0745469257721,403.1515652351764,True,0,0.9649638218383912,0.0380436017972301,0.5928812209954858,0.2683002891327131,0.1416959830855156,0.7086377504726586,0.2344461048828302,0.5551247885652383,0.1102442257951816,0.2649823545280846,0.6946906254787496,,,-172.03727346188893,366.07454692377786,403.15156523318217
2026-06-07T22:57:28,79,11,790011,"ARX(1,1)",-171.3123436327261,364.6246872654522,401.70170557485653,True,0,0.0575591192703399,0.0015721898503798,0.9448618698122386,0.2567715007080107,0.0236445093863605,0.7425024110268451,0.313563784781271,0.4234540634150334,0.1231270833287954,0.2272598541219905,0.7482504439943561,,,-171.31234363127328,364.62468726254656,401.70170557195087
2026-06-07T22:59:40,79,12,790012,"ARX(1,1)",-171.33439023223414,364.6687804644683,401.7457987738726,True,0,0.0595797463220157,0.0102909492672645,0.944233099569085,0.2632253571953804,0.023659693229389,0.7317377374602964,0.3115837535984795,0.4480725114989802,0.1185198675537556,0.2340663693191956,0.7470778326473844,,,-171.33439023168728,364.66878046337456,401.74579877277887
2026-06-07T23:03:55,79,13,790013,"ARX(1,1)",-148.56180067600104,319.1236013520021,356.2006196614064,True,0,9.69944745902784,3.123687385533528,0.3077136776627101,0.8585669182732897,0.6407616398211639,0.0598851095914116,0.0198474051864961,0.0846824359824744,0.0889949699561868,0.428306144303416,0.5413032900755758,,,-148.56180067599777,319.12360135199555,356.20061966139986
2026-06-07T23:05:25,79,14,790014,"ARX(1,1)",-172.03701664567564,366.07403329135127,403.1510516007556,True,0,0.9515874191996904,0.0373324575612806,0.5978031983339503,0.2705554366699728,0.1385252605627219,0.7069606325773945,0.2346202044411261,0.552226069821039,0.1102987199307685,0.2657776476634869,0.6938549319773295,,,-172.0370166417729,366.0740332835458,403.1510515929501
2026-06-07T23:07:27,79,15,790015,"ARX(1,1)",-171.31233711094774,364.6246742218955,401.7016925312998,True,0,0.0575454780160437,0.0015356602536092,0.9448822029640624,0.2566072237840464,0.0236325517346869,0.7426849738117782,0.3134434846674822,0.4228540292740332,0.1230786847696598,0.2270115810501671,0.7485128802021368,,,-171.31233711065067,364.62467422130135,401.70169253070566
2026-06-07T23:08:58,79,16,790016,"ARX(1,1)",-172.03675254908563,366.07350509817127,403.1505234075756,True,0,0.9350784723017518,0.0382178340405228,0.601916564487502,0.2692786287916551,0.1362186161400002,0.7073810889069719,0.2359447045960348,0.5578158901818185,0.109811891204868,0.266023559644551,0.6941569568339706,,,-172.0367525491328,366.0735050982656,403.1505234076699
2026-06-07T23:10:29,79,17,790017,"ARX(1,1)",-172.03661593298875,366.0732318659775,403.1502501753818,True,0,0.9347930775543548,0.0375669450900812,0.601925761882889,0.2684701807899101,0.1371079215636417,0.7087457106588916,0.2357298213840253,0.5549161336037647,0.109955963488779,0.2657788901887444,0.6944047183245262,,,-172.03661593301393,366.0732318660279,403.1502501754322
2026-06-07T23:12:02,79,18,790018,"ARX(1,1)",-172.0365156167066,366.0730312334132,403.1500495428175,True,0,0.9422989078145094,0.0378978484536544,0.5998119266635421,0.268298570157931,0.1380909151643797,0.7086212754783554,0.2353926122846332,0.5570894260898924,0.1103094476081254,0.2654265345093354,0.6942322133234897,,,-172.03651561663708,366.07303123327415,403.15004954267846
2026-06-07T23:14:24,79,19,790019,"ARX(1,1)",-172.0372987264481,366.0745974528962,403.15161576230054,True,0,0.9632108727100698,0.0377534397167723,0.5929206693881482,0.2675409230168877,0.1423780447280792,0.7095224372369789,0.234552611758387,0.5555406781393388,0.1114486266879645,0.2654219841791468,0.6926817089044818,,,-172.03729872740882,366.0745974548177,403.151615764222
2026-06-07T23:16:20,79,20,790020,"ARX(1,1)",-172.0367512291997,366.0735024583994,403.1505207678037,True,0,0.94929621916182,0.0376606243909258,0.5983590652148347,0.2698795264124258,0.1391931765174117,0.707269311277112,0.2344642318367481,0.5552238351452317,0.1096514494376615,0.2646822630051811,0.6954988445687733,,,-172.03675121968996,366.0735024393799,403.1505207487842
2026-06-07T23:17:53,79,21,790021,"ARX(1,1)",-171.32311741748336,364.6462348349667,401.72325314437103,True,0,0.0577967676788086,0.0055884600879136,0.944663174261559,0.263571717079149,0.0237638582614891,0.7337591131222734,0.3138752219013573,0.4392431128456652,0.1192527653361244,0.2261928025424014,0.7543403539376139,,,-171.32311741790377,364.6462348358075,401.7232531452118
2026-06-07T23:19:25,79,22,790022,"ARX(1,1)",-171.3123391476369,364.6246782952738,401.7016966046781,True,0,0.0575662370501642,0.0015508756730595,0.9448638468808536,0.2569758923502267,0.0236407704706777,0.7423087797806638,0.3134934873192405,0.4231410259537836,0.1230715780503889,0.2272935521503596,0.7482239530775285,,,-171.3123391485538,364.6246782971076,401.7016966065119
2026-06-07T23:20:56,79,23,790023,"ARX(1,1)",-172.04034684375188,366.08069368750375,403.15771199690806,True,0,0.8975115846965189,0.0373899351730107,0.6138753903730828,0.2711039485717927,0.13113309621113,0.7059958641088578,0.2372332298356401,0.5600937104702576,0.1090731103846522,0.2661895429398654,0.6953622769007208,,,-172.04034684384646,366.0806936876929,403.1577119970973
2026-06-07T23:22:49,79,24,790024,"ARX(1,1)",-172.0370448748533,366.0740897497066,403.1511080591109,True,0,0.9539212682654472,0.0369808890708856,0.5966937783525414,0.2687927283397406,0.1396740549025985,0.7086340128962002,0.234419482555543,0.5545233138024268,0.1104009952184321,0.2661574168413414,0.6929228974466499,,,-172.0370448748776,366.0740897497552,403.1511080591595
2026-06-07T23:24:25,79,25,790025,"ARX(1,1)",-172.03668646167532,366.07337292335063,403.15039123275494,True,0,0.9362275477550432,0.0374604445026673,0.6003385799852249,0.2696707553466707,0.1381786233715821,0.7075885212913374,0.2362226390904951,0.5560335931366648,0.1096878543102602,0.2664239069773801,0.6940646135776616,,,-172.03668646283228,366.07337292566456,403.15039123506887
2026-06-07T23:26:23,79,26,790026,"ARX(1,1)",-171.31868140650727,364.63736281301453,401.71438112241884,True,0,0.0574335663889406,0.0089301258616565,0.9457153414575264,0.2611783248694402,0.0232475913367854,0.7346189590146928,0.3114864433707043,0.4343380896258668,0.1226207428715245,0.2280899049330009,0.7486616823287116,,,-171.31868140737686,364.6373628147537,401.714381124158
2026-06-07T23:28:43,79,27,790027,"ARX(1,1)",-172.03649354605102,366.07298709210204,403.15000540150635,True,0,0.9388306770635764,0.0376764236530904,0.6007437667181521,0.2692268843092646,0.1377155061965873,0.7079051685530457,0.2355477311329545,0.5555870792406092,0.109991455879708,0.2657418976892749,0.6943328302730083,,,-172.03649354585264,366.0729870917053,403.1500054011096
2026-06-07T23:30:47,79,28,790028,"ARX(1,1)",-172.0390083911268,366.0780167822536,403.1550350916579,True,0,0.973726132620669,0.0377265732885697,0.5905015055788332,0.2735367143718194,0.1436785052788524,0.7034126660633299,0.2338728772825621,0.558191109551762,0.1105308099904696,0.2652199573721918,0.6940098210672855,,,-172.03900839074262,366.0780167814853,403.1550350908896
2026-06-07T23:32:57,79,29,790029,"ARX(1,1)",-172.03650134950584,366.0730026990117,403.150021008416,True,0,0.9477886239376738,0.0378506310231287,0.5979837404367029,0.2686723329200305,0.1390731295870167,0.7083486910769146,0.2352208651467652,0.5562849327678203,0.1102466796797447,0.265466696712101,0.6942380428182059,,,-172.0365013479687,366.0730026959374,403.1500210053417
2026-06-07T23:35:26,79,30,790030,"ARX(1,1)",-172.03647426277305,366.0729485255461,403.1499668349504,True,0,0.944812393858588,0.0379330861818772,0.598892803734407,0.2689241195927162,0.1386865785498811,0.7080333291165589,0.2353165828741174,0.5563044029215057,0.1099750501954518,0.2655592678408123,0.6944260433425935,,,-172.03647426278016,366.0729485255603,403.14996683496463
2026-06-07T23:37:11,79,31,790031,"ARX(1,1)",-172.03686965633148,366.07373931266295,403.15075762206726,True,0,0.9532590932120018,0.0380668016393407,0.5969001227266694,0.267275803183641,0.1398164460988005,0.7095754993873403,0.2347713945634632,0.5579385362403732,0.1109083099427125,0.2660689334931161,0.6927129081550829,,,-172.03686965252393,366.0737393050479,403.1507576144522
2026-06-07T23:39:17,79,32,790032,"ARX(1,1)",-171.35377842566288,364.70755685132576,401.78457516073007,True,0,0.0623665944472224,0.0003126688847878,0.9429642974744736,0.2472780979781616,0.0236855126861059,0.7525853773987142,0.3051203632860449,0.3998180769807004,0.1262451840065236,0.2335453554351747,0.7342389383425747,,,-171.3537784159319,364.7075568318638,401.78457514126814
2026-06-07T23:41:26,79,33,790033,"ARX(1,1)",-172.04204135092752,366.08408270185504,403.16110101125935,True,0,0.8930539359760363,0.0379426754173403,0.6143532278647017,0.2723484667225668,0.131065702024505,0.7044733772402195,0.238295523205613,0.5579793648044471,0.1092425347285293,0.2701713449951679,0.6918219960040305,,,-172.0420413509783,366.0840827019566,403.1611010113609
2026-06-07T23:43:32,79,34,790034,"ARX(1,1)",-172.0536615087401,366.1073230174802,403.1843413268845,True,0,0.8470276945528421,0.037513448885521,0.6303301562414794,0.277193179458002,0.1252266927134391,0.6997640670576041,0.2390911631315575,0.5609726928779624,0.1068831629660112,0.2682644203756001,0.696187405236305,,,-172.0536615018837,366.1073230037674,403.1843413131717
2026-06-07T23:45:35,79,35,790035,"ARX(1,1)",-171.31234584602336,364.6246916920467,401.70171000145103,True,0,0.0574309302131001,0.001465677373409,0.944926356916774,0.2568511600505594,0.0236340618526354,0.7424727232791993,0.3136835293488059,0.4232940231523451,0.1233558212028061,0.2269955564023443,0.7482428640635448,,,-171.3123458457009,364.6246916914018,401.7017100008061
2026-06-07T23:47:28,79,36,790036,"ARX(1,1)",-171.31236108933848,364.62472217867696,401.70174048808127,True,0,0.05756124575162,0.0013356702138039,0.9448263530591487,0.2571006071373308,0.0236658951111947,0.74228477074029,0.3135156168192399,0.422899774212808,0.1229236961660995,0.2266421151758486,0.7490568151218473,,,-171.31236109007972,364.6247221801594,401.70174048956375
2026-06-07T23:49:28,79,37,790037,"ARX(1,1)",-172.03690463473666,366.0738092694733,403.1508275788776,True,0,0.9428945627177548,0.0388407521533401,0.6009667285618325,0.2683225461262707,0.138246035412837,0.7078890775184409,0.234731642468037,0.5588223069328089,0.1099105107000071,0.2658153331559727,0.6939520480716348,,,-172.03690464343953,366.0738092868791,403.15082759628336
2026-06-07T23:51:23,79,38,790038,"ARX(1,1)",-171.40468260351503,364.80936520703005,401.88638351643436,True,0,0.0559343159142452,0.0278638546749985,0.9468148768594944,0.2605350363202589,0.0232247062220196,0.7243652048240314,0.3196896050771622,0.5037037623443784,0.119767771949544,0.2213622840106857,0.7632206308131808,,,-171.40468132702458,364.8093626540492,401.8863809634535
2026-06-07T23:53:57,79,39,790039,"ARX(1,1)",-171.31237828131802,364.62475656263604,401.70177487204035,True,0,0.0576237381964077,0.0007301154823876,0.9447635195286612,0.2569891168593445,0.0236827197643316,0.7426750039363527,0.3135678308928609,0.4217192356432123,0.1229497503418143,0.2273661941944006,0.7482542104827703,,,-171.31237828123471,364.62475656246943,401.70177487187374
2026-06-07T23:55:36,79,40,790040,"ARX(1,1)",-172.03675393802243,366.07350787604486,403.15052618544917,True,0,0.9299587779549204,0.0377809840325219,0.603310532239896,0.2691976798554695,0.1365086044395639,0.7078922679504454,0.2360351413766207,0.5563726487417461,0.1099509650637872,0.2661591266066835,0.6940477882290227,,,-172.0367539413414,366.0735078826828,403.1505261920871
2026-06-07T22:35:22,80,1,800001,"ARX(1,1)",-171.44703071838396,364.8940614367679,401.9710797461722,True,0,0.0804637676551066,0.0266933577613737,0.9322989425575416,0.259868017396425,0.0288057920683674,0.7259183859615854,0.3002436605136642,0.498606260399031,0.1175854132974947,0.2334104969278952,0.7488426671586258,,,-171.44703072277434,364.8940614455487,401.971079754953
2026-06-07T22:36:39,80,2,800002,"ARX(1,1)",-172.0368691199037,366.0737382398074,403.15075654921174,True,0,0.9506637922048734,0.0379961605835321,0.5979012182326471,0.2710742737994139,0.138805847657026,0.7058523450594623,0.2349654534653475,0.5563859888662102,0.1109293841074282,0.2656710662574605,0.6933602688461832,,,-172.03686903610316,366.0737380722063,403.1507563816106
2026-06-07T22:38:34,80,3,800003,"ARX(1,1)",-171.3745864531922,364.7491729063844,401.8261912157887,True,0,0.0594749352503367,0.0221991568998665,0.9450688631034684,0.2567617235360895,0.0234518178137682,0.7321806887240465,0.3162177240430932,0.4620884778516771,0.129595803517603,0.2406069348307951,0.7294209412072178,,,-171.37458644866928,364.74917289733855,401.82619120674286
2026-06-07T22:41:26,80,4,800004,"ARX(1,1)",-171.3933242823805,364.786648564761,401.8636668741653,True,0,0.0583517617735959,0.0241699855797632,0.9453238397866957,0.2723969635290093,0.0237208636782715,0.7145144676621253,0.3150205425461816,0.5003578970384676,0.1206865123013735,0.219203402431268,0.7626905279660461,,,-171.3933242981886,364.7866485963772,401.8636669057815
2026-06-07T22:43:45,80,5,800005,"ARX(1,1)",-172.03709517122434,366.0741903424487,403.151208651853,True,0,0.952528006222891,0.0376210652258539,0.5967540338722268,0.2672669870057254,0.1387185511263472,0.7100524356335077,0.2348216095323674,0.5523344609636701,0.1103135036126748,0.264576743890591,0.694851048682103,,,-172.03709517045138,366.0741903409028,403.1512086503071
2026-06-07T22:45:36,80,6,800006,"ARX(1,1)",-172.03653036593602,366.07306073187203,403.15007904127634,True,0,0.9481480972360232,0.0375335861008414,0.597656526964541,0.2688486897559293,0.1392899081151613,0.7083850023139733,0.2351775422206783,0.5560342542333724,0.110183495660092,0.2654721905743941,0.6941981735907561,,,-172.036530365691,366.073060731382,403.1500790407863
2026-06-07T22:47:20,80,7,800007,"ARX(1,1)",-171.31517893477064,364.6303578695413,401.7073761789456,True,0,0.0562288768348791,0.0006633476735897,0.9452538547525104,0.2550347020192076,0.0237108369595342,0.7446571154875422,0.3167242593931043,0.426736743105139,0.1233392154184094,0.2235602467951653,0.7529979470568523,,,-171.31517894133327,364.63035788266654,401.70737619207085
2026-06-07T22:48:49,80,8,800008,"ARX(1,1)",-172.0364860249375,366.072972049875,403.1499903592793,True,0,0.9391835287640282,0.0377170410474502,0.6006128174430696,0.2692868100371915,0.1378822532007496,0.7077845233147482,0.2355343491728531,0.5560301873113751,0.109976889389121,0.2656888476891677,0.6944049414365404,,,-172.03648602478194,366.0729720495639,403.1499903589682
2026-06-07T22:51:51,80,9,800009,"ARX(1,1)",5.9567602183650195,10.086479563269961,47.16349787267425,True,0,1.12593937193892,6.395783826027923,0.3281182251758598,0.5443840377839194,0.038787986600168,0.3034168902630929,0.04749847548778,0.2898814406084793,-0.1195335194606299,0.2031634958632006,-0.542686057807234,,,5.956760218369197,10.086479563261603,47.16349787266589
2026-06-07T22:55:05,80,10,800010,"ARX(1,1)",-172.03723130267224,366.0744626053445,403.1514809147488,True,0,0.9488277475790332,0.0381755642554789,0.5977055034919482,0.2692494884234101,0.1385587172216684,0.7073193532027451,0.2354435448085333,0.5607688956499098,0.1098959765742815,0.2671123788774648,0.6927836964416269,,,-172.0372313003075,366.074462600615,403.1514809100193
2026-06-07T22:57:15,80,11,800011,"ARX(1,1)",-172.05133050449507,366.10266100899014,403.17967931839445,True,0,0.8570920312896575,0.0373774024413031,0.6285521768465122,0.274359962533369,0.1261577815538652,0.7024060266338555,0.2375634728009683,0.5636299054794347,0.1056468369653851,0.2679630876274101,0.6976928780549505,,,-172.05133051097783,366.10266102195567,403.17967933136
2026-06-07T22:59:15,80,12,800012,"ARX(1,1)",-172.03655336412976,366.0731067282595,403.1501250376638,True,0,0.9501710545136556,0.0379723063717564,0.5975948007843412,0.2687675705701385,0.139508666939838,0.7081394855489492,0.2349056272090771,0.5563305453891205,0.110325486794135,0.2653990127814695,0.6941907253654308,,,-172.0365533587291,366.0731067174581,403.1501250268624
2026-06-07T23:06:45,80,13,800013,"ARX(1,1)",-160.74202381933327,343.48404763866654,380.56106594807085,True,0,2.0300791368694275,1.7946364482246715,0.2249864141103951,0.857940286769918,0.4287494988309847,0.0962484439951615,0.1704197983679742,0.0826833500854363,0.0717775134120019,0.3792575950670987,0.6490115901548021,,,-160.74202383196575,343.4840476639315,380.5610659733358
2026-06-07T23:09:46,80,14,800014,"ARX(1,1)",-172.03646558219822,366.07293116439644,403.14994947380075,True,0,0.942810134038362,0.0378263353770214,0.5995641038106423,0.2689734266646022,0.1383987516214243,0.7080710403458326,0.2353634700609398,0.555645763002383,0.1100793664109738,0.2656343148752542,0.6942762396906355,,,-172.0364655818898,366.0729311637796,403.149949473184
2026-06-07T23:11:37,80,15,800015,"ARX(1,1)",-172.03701209828108,366.07402419656216,403.1510425059665,True,0,0.9597239844177784,0.0380862119910625,0.5942498843785176,0.2679870156665944,0.1408440919538099,0.7088445518796709,0.2348563844661602,0.5573000846004865,0.111120299029167,0.2658647433976019,0.6926511907420576,,,-172.0370120996194,366.0740241992388,403.1510425086431
2026-06-07T23:13:24,80,16,800016,"ARX(1,1)",-172.03685755243015,366.0737151048603,403.1507334142646,True,0,0.9439962667066752,0.0372168854318882,0.5993035895891394,0.2682932019940832,0.1392760604175501,0.7090683615952077,0.2352845494444464,0.5563978625919944,0.1112858774692296,0.2663644123745791,0.6920411227949083,,,-172.0368575275649,366.0737150551298,403.1507333645341
2026-06-07T23:15:14,80,17,800017,"ARX(1,1)",-171.3140884156254,364.6281768312508,401.7051951406551,True,0,0.0584401262760402,0.0014748277619531,0.9442300050507196,0.2556127297464514,0.0238713900343496,0.7437043891804928,0.3133130462766818,0.4255797602650171,0.1248560862126528,0.227440058730684,0.7456013639488503,,,-171.3140884155302,364.6281768310604,401.7051951404647
2026-06-07T23:17:17,80,18,800018,"ARX(1,1)",-172.03716008433605,366.0743201686721,403.1513384780764,True,0,0.959010546933966,0.0386776659903855,0.5956324819706839,0.269212982239504,0.1392190282039666,0.7072965944908262,0.2346698718379739,0.5580596148228845,0.1107608083172009,0.2648488917552506,0.6944537304387194,,,-172.03716008433747,366.0743201686749,403.15133847807925
2026-06-07T23:18:44,80,19,800019,"ARX(1,1)",-172.03646242522743,366.07292485045485,403.14994315985916,True,0,0.9429410484947084,0.0377657176886454,0.59942797013653,0.2689998034815552,0.1385320389556513,0.7080623611555537,0.235387580027559,0.5560964429893775,0.1101227732904659,0.2655798356431192,0.6943276604706713,,,-172.0364624251857,366.0729248503714,403.1499431597757
2026-06-07T23:20:38,80,20,800020,"ARX(1,1)",-171.31233375241936,364.6246675048387,401.70168581424304,True,0,0.0575075236462478,0.001056588089547,0.9448709440206948,0.2568305464904733,0.0236451706889703,0.7426827778175121,0.3134863963091595,0.4223109814039602,0.1231367061845281,0.2268969607659577,0.7485456715591607,,,-171.31233375333682,364.6246675066736,401.70168581607794
2026-06-07T23:22:00,80,21,800021,"ARX(1,1)",-171.31246256547303,364.62492513094605,401.70194344035036,True,0,0.0571763706909744,0.0007454839470178,0.9450081044748678,0.256734867144907,0.0236094525753479,0.7429233655061701,0.3139625646775061,0.4217094887917705,0.1227642146767188,0.226468853813032,0.7493920181988286,,,-171.31246256514302,364.6249251302861,401.7019434396904
2026-06-07T23:23:37,80,22,800022,"ARX(1,1)",-172.03668206140134,366.0733641228027,403.150382432207,True,0,0.9526754873928704,0.0377933760037624,0.5965717566754877,0.2695400214171463,0.1397573988920348,0.7075342649295526,0.2349515021597448,0.5555491388623113,0.109771466781086,0.2653629405158106,0.6948083613175721,,,-172.03668289723134,366.0733657944627,403.150384103867
2026-06-07T23:24:55,80,23,800023,"ARX(1,1)",-171.34461932815054,364.6892386563011,401.7662569657054,True,0,0.0596592056708566,0.0162441447959234,0.9449742835043814,0.2608787764517933,0.023195309192826,0.7313403980301694,0.3118988568101918,0.4423549779409613,0.1231709799099961,0.2424533805387831,0.7318595032946594,,,-171.34461932830644,364.6892386566129,401.7662569660172
2026-06-07T23:26:16,80,24,800024,"ARX(1,1)",-172.03663142328764,366.0732628465753,403.1502811559796,True,0,0.9511475250479484,0.0381648071895089,0.597202730271197,0.2694185900186321,0.1394584547534546,0.7073599705673055,0.2350017264189468,0.5572452399242447,0.1098802964503889,0.2653716168369169,0.6947978167783114,,,-172.0366314401625,366.073262880325,403.1502811897293
2026-06-07T23:28:42,80,25,800025,"ARX(1,1)",-171.31327337612018,364.62654675224036,401.70356506164467,True,0,0.0581958649700757,0.0005050087196218,0.9444944393300576,0.2550678667561546,0.0237058465387821,0.7447014109757079,0.3123944840961056,0.4192054347832559,0.1224083870676645,0.2274654370948679,0.7483231479203186,,,-171.3132733769061,364.6265467538122,401.7035650632165
2026-06-07T23:30:26,80,26,800026,"ARX(1,1)",-172.03667586503082,366.07335173006163,403.15037003946594,True,0,0.9476722260078584,0.0382517324704174,0.5983983657068633,0.2691039666928222,0.1396385046665497,0.707728544525678,0.234867709601592,0.5553011517381007,0.1094192147246731,0.2652574482596954,0.6954361393292043,,,-172.03667585797575,366.0733517159515,403.1503700253558
2026-06-07T23:32:22,80,27,800027,"ARX(1,1)",-171.3123573876772,364.6247147753544,401.7017330847587,True,0,0.0575690749641702,0.001155236731192,0.9448217596590204,0.2569648989713883,0.0236619526425322,0.7425037472911921,0.3135676747155081,0.4220057341223556,0.1230491566102653,0.2268999330259294,0.7486046620723398,,,-171.31235738758397,364.624714775168,401.70173308457225
2026-06-07T23:33:39,80,28,800028,"ARX(1,1)",-172.03646246381027,366.07292492762053,403.14994323702484,True,0,0.942355637184015,0.0377676593838378,0.5995875227822914,0.2690410804435518,0.1383609854416324,0.7080016462274601,0.2354476783819765,0.5562084131732282,0.1101341407836345,0.2656980003108112,0.6941968287835434,,,-172.03646246395053,366.07292492790106,403.14994323730537
2026-06-07T23:35:16,80,29,800029,"ARX(1,1)",-172.03674698914458,366.07349397828915,403.15051228769346,True,0,0.9355320215533396,0.0375703280743181,0.6014252212076243,0.2693588603904134,0.1370137451179142,0.7077905453177933,0.2360203890397021,0.5582299866203615,0.1102247760785656,0.2666436875333987,0.6933681940128534,,,-172.03674698704037,366.0734939740808,403.15051228348506
2026-06-07T23:37:54,80,30,800030,"ARX(1,1)",-171.3123326695797,364.6246653391594,401.7016836485637,True,0,0.0574402337029168,0.0012891111215759,0.9448949879919056,0.2566896321330939,0.0236507613069784,0.7427159109921692,0.313718529278776,0.4230586603192338,0.1231503859923503,0.2269036988465161,0.748599365492093,,,-171.31233266988545,364.6246653397709,401.7016836491752
2026-06-07T23:40:40,80,31,800031,"ARX(1,1)",-172.03693353224844,366.0738670644969,403.1508853739012,True,0,0.959530826502098,0.0381673776057419,0.5944929020706967,0.2685119165618081,0.1408927628930013,0.7083087553041724,0.2347244695872026,0.5574645922053192,0.1104958040000764,0.2649156598155924,0.6945249606581673,,,-172.03693353215624,366.0738670643125,403.1508853737168
2026-06-07T23:42:38,80,32,800032,"ARX(1,1)",-171.31252497951624,364.6250499590325,401.7020682684368,True,0,0.0575778977395552,0.0025454190073925,0.9448770580371756,0.2564037891320111,0.0236398442292066,0.7424201573977398,0.3138226484421674,0.4244419080495613,0.1230431902336366,0.2268858213099288,0.748961913552922,,,-171.31252497854092,364.6250499570818,401.70206826648615
2026-06-07T23:45:33,80,33,800033,"ARX(1,1)",-172.03715444569355,366.0743088913871,403.1513272007914,True,0,0.9615027284375336,0.0381315976787991,0.5938046120703944,0.26661941290488,0.1407785451182409,0.7100587240086383,0.234750214376417,0.5571284943634189,0.1110505190419569,0.2648429990947907,0.693845950849101,,,-172.03715440613115,366.0743088122623,403.1513271216666
2026-06-07T23:47:48,80,34,800034,"ARX(1,1)",-172.03646446616358,366.07292893232716,403.14994724173147,True,0,0.9419372316115378,0.0378460739804078,0.599822808695615,0.2690415806786296,0.1383155308888994,0.7079687817612854,0.2354120930285798,0.5560156225492722,0.1101145642831711,0.2656730096210026,0.6942330719625621,,,-172.0364644660991,366.0729289321982,403.1499472416025
2026-06-07T23:49:45,80,35,800035,"ARX(1,1)",-171.3849348500187,364.7698697000374,401.8468880094417,True,0,0.0621914788499899,0.0209198258730725,0.9431034906487892,0.2854630801370094,0.0240741770984088,0.7042293645021049,0.3099300552761119,0.4629597897619383,0.1197262938710409,0.2266149335046593,0.7510605737861002,,,-171.38493484663377,364.76986969326754,401.8468880026719
2026-06-07T23:52:00,80,36,800036,"ARX(1,1)",-172.0365191359534,366.0730382719068,403.1500565813111,True,0,0.9477620500200634,0.0380730339883278,0.597916724334663,0.2683067962018576,0.1392062408796368,0.7085145106181167,0.2352577189861701,0.5560244724777077,0.1102439697043604,0.2655546386041023,0.6941431929857822,,,-172.03651911717907,366.0730382343581,403.1500565437625
2026-06-07T23:54:38,80,37,800037,"ARX(1,1)",-172.03646266433628,366.07292532867257,403.1499436380769,True,0,0.9427255149625182,0.0378232863918022,0.5995174108588782,0.2690988802383061,0.1384300013454583,0.7079334190760153,0.2353989365455973,0.556199796212262,0.1100546302779234,0.265625083642851,0.694332447236919,,,-172.03646266432844,366.0729253286569,403.1499436380612
2026-06-07T23:56:19,80,38,800038,"ARX(1,1)",-171.3417010865416,364.6834021730832,401.7604204824875,True,0,0.0604012049753668,0.0132066915014684,0.9439026528153838,0.2707590535380489,0.0238739241256877,0.7228011045816567,0.3111262811437444,0.4512939501841507,0.1232391411881748,0.2310367780249563,0.7443892604266366,,,-171.34169996083,364.68339992166,401.7604182310643
2026-06-07T23:58:02,80,39,800039,"ARX(1,1)",-172.03662973359872,366.07325946719743,403.15027777660174,True,0,0.9338611545374496,0.0377587048026062,0.6021768376760201,0.2690582211447074,0.1372811434580842,0.7080478417390393,0.2357752778871203,0.5549198443187678,0.110131737706087,0.26590485680869,0.6940083727828584,,,-172.03662973343086,366.0732594668617,403.150277776266
2026-06-08T00:00:13,80,40,800040,"ARX(1,1)",-171.35621919597284,364.7124383919457,401.78945670135,True,0,0.0601019602935875,0.0255737150734298,0.9457982929597596,0.2582572257976109,0.0228256090985633,0.7291408508324912,0.3064965404711546,0.4584844735153425,0.1232434605600132,0.2307781165885725,0.7456432917374414,,,-171.3562192329252,364.7124384658504,401.78945677525473
2026-06-07T22:31:52,81,1,810001,"ARX(1,1)",-172.03661895224505,366.0732379044901,403.1502562138944,True,0,0.944472664203198,0.0381224032349496,0.6001365357436352,0.2696685428299197,0.1385719251476892,0.7071019827907792,0.2347190676939179,0.5562705963112988,0.1096101607972063,0.2653977918358077,0.6950470927785107,,,-172.03661895226855,366.0732379045371,403.1502562139414
2026-06-07T22:34:46,81,2,810002,"ARX(1,1)",-172.0364906409966,366.0729812819932,403.1499995913975,True,0,0.9427164951398616,0.0378999544741155,0.5995577025339865,0.2691954251215178,0.1385154106909442,0.7077575727889355,0.2353740644085997,0.5571688457532052,0.1101541456927555,0.2654538202697264,0.6943407764827869,,,-172.03649064098553,366.0729812819711,403.1499995913754
2026-06-07T22:37:06,81,3,810003,"ARX(1,1)",-171.6146476926636,365.2292953853272,402.3063136947315,True,0,0.07073834474867,0.0192599396006676,0.9401893738331468,0.2695461900848246,0.0244778758858923,0.7215032040262243,0.2993575981276835,0.4297612444122773,0.1517844549777152,0.259795473695781,0.6731556861983291,,,-171.61464769872197,365.22929539744393,402.3063137068482
2026-06-07T22:39:38,81,4,810004,"ARX(1,1)",-172.03646461886396,366.0729292377279,403.14994754713223,True,0,0.941953960378494,0.0377354364094775,0.5997726070763587,0.2692440466473699,0.1382615317438654,0.7078169181253878,0.2354227492629093,0.5560642858142609,0.1100852086618555,0.265624771462888,0.694328275392874,,,-172.03646461891478,366.0729292378296,403.14994754723386
2026-06-07T22:41:32,81,5,810005,"ARX(1,1)",-171.3407414401848,364.6814828803696,401.7585011897739,True,0,0.0577344736657602,0.0168707233533718,0.9458505166084188,0.2598551284679256,0.0231511726307153,0.7317984075364494,0.3130329505086548,0.4570319523027039,0.1227788696790156,0.2327780157130495,0.7435972269820182,,,-171.34074147377794,364.6814829475559,401.7585012569602
2026-06-07T22:43:05,81,6,810006,"ARX(1,1)",-171.31567446032489,364.63134892064977,401.7083672300541,True,0,0.0576594630840017,0.0034043336692439,0.9447969541411988,0.2613717804621392,0.0237190902106386,0.7370265587131939,0.3137873752737322,0.4314596374813328,0.1224620245867226,0.2273275314085558,0.7494530610000133,,,-171.3156744609853,364.6313489219706,401.7083672313749
2026-06-07T22:46:21,81,7,810007,"ARX(1,1)",-172.03668398522512,366.07336797045025,403.15038627985456,True,0,0.9378062227825252,0.0379286408898607,0.6001996492339656,0.2686933926046007,0.1380002343198927,0.7082586143936078,0.2361186134734541,0.5585469201350842,0.1101147313707329,0.2656150693086687,0.694362712517863,,,-172.03668397381148,366.07336794762296,403.15038625702726
2026-06-07T22:48:05,81,8,810008,"ARX(1,1)",-172.0370577097764,366.0741154195528,403.1511337289571,True,0,0.9473810134616236,0.0384482264194984,0.5993298817373804,0.2655043925326947,0.1390717357217106,0.7110822195101325,0.2346205093846661,0.556445936937638,0.1101196432026297,0.2656481004917436,0.694337799335053,,,-172.0370577118403,366.0741154236806,403.1511337330849
2026-06-07T22:49:54,81,9,810009,"ARX(1,1)",-171.31233042254013,364.62466084508026,401.70167915448457,True,0,0.0574538431595353,0.0014279256539631,0.9449192085013172,0.2566385105701381,0.0236302891092536,0.7427027456415972,0.3136072157016574,0.4231092038505543,0.1231419465421196,0.2270351858215152,0.7484756026955006,,,-171.31233042322503,364.62466084645007,401.7016791558544
2026-06-07T22:51:39,81,10,810010,"ARX(1,1)",-172.03731384627895,366.0746276925579,403.1516460019622,True,0,0.961935227446728,0.0384789417004627,0.5939375259897711,0.2689209158310032,0.1415133900369381,0.7075072183750739,0.234352072140196,0.5596990724516333,0.1106065052755364,0.2652051013540568,0.6936552304471651,,,-172.03731384684227,366.0746276936845,403.1516460030888
2026-06-07T22:53:32,81,11,810011,"ARX(1,1)",-172.04228175323664,366.0845635064733,403.1615818158776,True,0,0.8847345779396592,0.0377068525542556,0.6188122258846532,0.270363619106707,0.1293648866465043,0.7067852884696938,0.2373175001143775,0.5551275945565576,0.1085464572216585,0.2663387028232355,0.6958636870765901,,,-172.04228174951004,366.0845634990201,403.1615818084244
2026-06-07T22:55:29,81,12,810012,"ARX(1,1)",-171.3123571722507,364.6247143445014,401.7017326539057,True,0,0.0574578561743794,0.0018133145966165,0.9449344848425852,0.2566604163169559,0.0236227117366419,0.7425028105240021,0.3136738523683078,0.423600019823397,0.1231925644172932,0.2270870442092298,0.7483908246668906,,,-171.31235717191282,364.6247143438256,401.70173265323
2026-06-07T22:57:03,81,13,810013,"ARX(1,1)",-171.48702698703704,364.9740539740741,402.0510722834784,True,0,0.0603985663193844,0.0517755408537002,0.948239239437471,0.2607587442392615,0.0213922988563841,0.7130185446512087,0.3021448954289717,0.4805827482927157,0.1203857609666498,0.2354019320266267,0.7426652330447809,,,-171.48702697390598,364.974053947812,402.0510722572163
2026-06-07T22:59:29,81,14,810014,"ARX(1,1)",-171.45154936841186,364.9030987368237,401.98011704622803,True,0,0.0686812112843907,0.0315381421555918,0.9404530065929184,0.2818258412480878,0.0245884129545667,0.7012000314142606,0.3043493532443236,0.4949195847186577,0.1151134608550094,0.2379691127632564,0.7437727170673918,,,-171.45154936868283,364.90309873736567,401.98011704677
2026-06-07T23:01:35,81,15,810015,"ARX(1,1)",-172.0367935825454,366.0735871650908,403.15060547449514,True,0,0.951212021202035,0.0379727507658154,0.5961473729882847,0.2664171360516795,0.1400217031315734,0.7105211065188769,0.2354263546589218,0.5567296537635297,0.1106097705149209,0.2652970798292695,0.6939933818874788,,,-172.03679358254593,366.0735871650919,403.15060547449616
2026-06-07T23:04:03,81,16,810016,"ARX(1,1)",-171.3140969170436,364.6281938340872,401.7052121434915,True,0,0.058531418237311,0.0027177573758951,0.9444811389670532,0.2598341439719505,0.0236577564339679,0.7389215757805617,0.311438104389089,0.4209308543995316,0.1221021338026731,0.2266355411549143,0.7490966067622796,,,-171.31409691659672,364.6281938331935,401.70521214259776
2026-06-07T23:06:32,81,17,810017,"ARX(1,1)",-171.9825465812964,365.9650931625928,403.0421114719971,True,0,0.0379363378417761,0.0444906263077357,0.9624208335659836,0.2945681587106247,0.0186529398755391,0.6782306481407375,0.2916149551302927,0.5628410760171162,0.1158804224652773,0.2161405228241908,0.7784122268267245,,,-171.9825465825768,365.9650931651536,403.0421114745579
2026-06-07T23:08:12,81,18,810018,"ARX(1,1)",-171.31233363313265,364.6246672662653,401.7016855756696,True,0,0.0574920956826946,0.0013662344376909,0.9448999116707918,0.2566531884595061,0.0236337245413171,0.7427164590074948,0.3135552775233734,0.4230967052459798,0.1232418533103632,0.227267519810283,0.7480687954362758,,,-171.31233363352362,364.6246672670472,401.7016855764516
2026-06-07T23:09:54,81,19,810019,"ARX(1,1)",-172.03650226972206,366.0730045394441,403.15002284884844,True,0,0.9434368604443067,0.037835123700999,0.5997442418222411,0.2694550131910553,0.1385055308090905,0.7075644308320855,0.2351119460367849,0.5565315792658139,0.1100112284756104,0.2653799791207574,0.6947088645556657,,,-172.03650226965618,366.0730045393124,403.1500228487167
2026-06-07T23:11:44,81,20,810020,"ARX(1,1)",-172.0367063524726,366.0734127049452,403.1504310143495,True,0,0.9506430822482028,0.0378145306580548,0.5975866824779363,0.269416455957464,0.1403295684838296,0.7075054568710837,0.2347210242034985,0.5576385485166866,0.1105715325150352,0.2655431281111677,0.6936801328344923,,,-172.0367063559329,366.0734127118658,403.1504310212701
2026-06-07T23:13:43,81,21,810021,"ARX(1,1)",-172.03716029460645,366.0743205892129,403.1513388986172,True,0,0.9238428069434538,0.037729448100262,0.6053150263115883,0.2687151902776824,0.1355515677713753,0.7082288221820826,0.2363088503844006,0.557879499912621,0.1098898074645753,0.266309207552056,0.6942188385638853,,,-172.0371602900447,366.0743205800894,403.1513388894937
2026-06-07T23:15:16,81,22,810022,"ARX(1,1)",-172.0370771409053,366.0741542818106,403.1511725912149,True,0,0.9479560137709088,0.0382387303107802,0.5982400990180001,0.2696013878553799,0.1392027955169623,0.7069290895939588,0.2351112524453227,0.5616386056011609,0.1104649143473927,0.2651917842298644,0.6942407156311922,,,-172.03707715290028,366.07415430580056,403.15117261520487
2026-06-07T23:18:08,81,23,810023,"ARX(1,1)",-172.036960560108,366.073921120216,403.15093942962034,True,0,0.9574981673859831,0.0378119014253195,0.5948041596395045,0.2675117207586062,0.1401328245475601,0.709606874307722,0.235010477750121,0.5558355278209889,0.1109573430155281,0.2661320731575978,0.692565171859771,,,-172.03696055979043,366.07392111958086,403.1509394289852
2026-06-07T23:19:37,81,24,810024,"ARX(1,1)",-171.59532265745713,365.19064531491426,402.2676636243186,True,0,0.0420561404149662,0.0519687775383908,0.9589242726536642,0.2646913497730145,0.0194466751332642,0.7054732453126413,0.3114228268078101,0.536005038305544,0.1215082773006907,0.2282647107587047,0.7553046218683482,,,-171.59532265718786,365.1906453143757,402.26766362378
2026-06-07T23:21:50,81,25,810025,"ARX(1,1)",-172.03717667374616,366.0743533474923,403.15137165689663,True,0,0.9606702072096291,0.0379787805610487,0.5932465361843057,0.2685825643556597,0.1423248495733949,0.7081866024653249,0.2349067209910242,0.5568545291932685,0.1111871350730916,0.2657442741689956,0.6926855040723244,,,-172.03717667520942,366.0743533504189,403.1513716598232
2026-06-07T23:23:47,81,26,810026,"ARX(1,1)",-171.31247162947568,364.62494325895136,401.70196156835567,True,0,0.0575775424988881,0.0017389373513985,0.9448533006333648,0.2559158960755968,0.0236507951127652,0.7432791942071619,0.3136549413502123,0.4242965872594709,0.1232165262440778,0.2272451952754686,0.7483734316951722,,,-171.3124716293765,364.624943258753,401.7019615681573
2026-06-07T23:25:42,81,27,810027,"ARX(1,1)",-172.03646381794556,366.0729276358911,403.1499459452954,True,0,0.9418371285518244,0.0377474449435499,0.5998000157726141,0.2691859828724246,0.1382576575387844,0.70788226574965,0.2354377075904711,0.5560513340765972,0.1100832501585162,0.265690162721505,0.6942581441051019,,,-172.03646381830487,366.0729276366097,403.1499459460141
2026-06-07T23:27:08,81,28,810028,"ARX(1,1)",-171.33591608628956,364.6718321725791,401.7488504819834,True,0,0.0553612542849804,0.0128689041663287,0.9468771600769116,0.2521382447396928,0.023015066495549,0.7415485212952508,0.3163361833032089,0.452270647134857,0.1233687765499781,0.2291229342401123,0.7490320336648816,,,-171.33591608648447,364.67183217296895,401.74885048237326
2026-06-07T23:28:32,81,29,810029,"ARX(1,1)",-172.0364780122557,366.0729560245114,403.14997433391574,True,0,0.9399981677721814,0.0377492425685568,0.6003496542726688,0.2691311390088107,0.1379928569310134,0.7079382777059297,0.2355158835207799,0.5558156588073141,0.1101170553923635,0.2656126017107608,0.6942974098756448,,,-172.0364780122752,366.0729560245504,403.14997433395473
2026-06-07T23:30:43,81,30,810030,"ARX(1,1)",-172.03661804687044,366.0732360937409,403.1502544031452,True,0,0.9392870076312648,0.0377758274382615,0.6012000848799266,0.2702534615133644,0.1377174216499205,0.7068379536446479,0.2352481325557774,0.5542103693691853,0.1096792030807739,0.265834506726639,0.6945659181665012,,,-172.03661804222696,366.0732360844539,403.15025439385823
2026-06-07T23:32:32,81,31,810031,"ARX(1,1)",-172.03647890889766,366.0729578177953,403.14997612719964,True,0,0.9398631246368198,0.0377131074732725,0.6003371185602202,0.2690687525091128,0.13796329882548,0.7080235166907576,0.2355559879881526,0.5558170005010227,0.1101165670381458,0.2658025673860392,0.6941162051233669,,,-172.03647890882436,366.0729578176487,403.149976127053
2026-06-07T23:35:05,81,32,810032,"ARX(1,1)",-171.31233746332583,364.62467492665166,401.701693236056,True,0,0.0574331653587305,0.0009818809380236,0.9448889629113072,0.2566393578302816,0.0236500258795338,0.7429083954249553,0.3136673700748816,0.4221967820283446,0.1231622062296943,0.2268238319501068,0.7485591717988068,,,-171.31233746327183,364.62467492654366,401.701693235948
2026-06-07T23:37:01,81,33,810033,"ARX(1,1)",-172.03701053748534,366.0740210749707,403.151039384375,True,0,0.9333618819471488,0.0378813840089152,0.6023693876723377,0.2684908830205909,0.1371173493975782,0.7081989163481257,0.2360235420238089,0.5596662817520148,0.1103644672023961,0.2670306586891913,0.6927669080189548,,,-172.03701053375016,366.0740210675003,403.15103937690463
2026-06-07T23:38:34,81,34,810034,"ARX(1,1)",-172.04006346785198,366.08012693570396,403.15714524510827,True,0,0.9865364289665182,0.0369819729775581,0.58570074211701,0.2669763982577728,0.1447976407871788,0.7107777091479667,0.2335712168573137,0.5518369408542078,0.1109591601169562,0.2638817334040069,0.6945630284512241,,,-172.04006346737862,366.0801269347572,403.1571452441616
2026-06-07T23:40:47,81,35,810035,"ARX(1,1)",-172.03647505918792,366.07295011837584,403.14996842778015,True,0,0.9427598456069022,0.0377646664072437,0.5996689461373703,0.2687909771986388,0.1382898158513467,0.7082655113560898,0.2353262783631064,0.5557388910400324,0.1103012630584761,0.2658298072880301,0.6938703545600972,,,-172.03647505928868,366.07295011857735,403.14996842798166
2026-06-07T23:43:10,81,36,810036,"ARX(1,1)",-171.31233674011764,364.6246734802353,401.7016917896396,True,0,0.0574691134895911,0.001534786815398,0.9449121943750944,0.2568039167816249,0.023633333228658,0.7424879196791752,0.3136012704398537,0.4233079649726631,0.1230944698027511,0.2270304716173912,0.7485305349372995,,,-171.31233674074525,364.6246734814905,401.7016917908948
2026-06-07T23:45:19,81,37,810037,"ARX(1,1)",-172.03669756579689,366.07339513159377,403.1504134409981,True,0,0.9520048925480044,0.0374948893021875,0.5966725495809898,0.2691845847985381,0.1402350637036716,0.7080203304066188,0.2348891466744582,0.5553873589013892,0.1107107442972136,0.266078432436046,0.6929260908564566,,,-172.036697571645,366.07339514329,403.1504134526943
2026-06-07T23:47:25,81,38,810038,"ARX(1,1)",-171.33069358206276,364.66138716412553,401.73840547352984,True,0,0.0599052657216224,0.0096793122117597,0.9436672512512888,0.2710934508607333,0.0239212096508328,0.7243442803420703,0.311976690831354,0.4375997573680928,0.1187291326494466,0.2272820733459331,0.7513743439242678,,,-171.3306935874424,364.6613871748848,401.7384054842891
2026-06-07T23:49:08,81,39,810039,"ARX(1,1)",-172.0364632231192,366.0729264462384,403.1499447556427,True,0,0.9429746987056028,0.0377164669819092,0.5993635262237176,0.2691005607185643,0.1386296276753355,0.7079873295815101,0.2353860840219911,0.5560826437001041,0.1101259533341885,0.2656743903475255,0.6941966623097495,,,-172.0364632231746,366.0729264463492,403.1499447557535
2026-06-07T23:50:26,81,40,810040,"ARX(1,1)",-172.03716111355402,366.07432222710804,403.15134053651235,True,0,0.9630731406262064,0.0381263771789499,0.5936811903472092,0.2676136119119558,0.1416054636178396,0.7093122264191734,0.2344042490392334,0.5569776898832836,0.1107445902762312,0.2648669299469338,0.6941874916996108,,,-172.03716111198526,366.0743222239705,403.1513405333748
2026-06-07T22:44:10,82,1,820001,"ARX(1,1)",-171.31233311897734,364.62466623795467,401.701684547359,True,0,0.0574398326079207,0.0013544690998681,0.9449229929662,0.2565599289726623,0.0236281298303904,0.7428155909163906,0.3135758626715947,0.4229331775944485,0.1231020816014917,0.2268625347848531,0.7486722210206778,,,-171.3123331192345,364.624666238469,401.7016845478733
2026-06-07T22:48:52,82,2,820002,"ARX(1,1)",-171.3123480944878,364.6246961889756,401.7017144983799,True,0,0.0575179483677977,0.0010749369442134,0.94486422098248,0.2563796429186591,0.0236451533601665,0.7431254743466885,0.3135111455548059,0.4220561992585012,0.1232330642486773,0.2270023967685382,0.748277656105341,,,-171.31234809408772,364.62469618817545,401.70171449757976
2026-06-07T22:50:33,82,3,820003,"ARX(1,1)",-172.03780477799563,366.07560955599126,403.1526278653956,True,0,0.96590639902313,0.0391096728078836,0.5925167723483182,0.2656259728168717,0.1405385906091466,0.7103148322818286,0.234812729033768,0.5563043046859752,0.1106051362143131,0.2646107150341296,0.694511664139338,,,-172.03780477819964,366.0756095563993,403.1526278658036
2026-06-07T22:53:16,82,4,820004,"ARX(1,1)",-171.4917593123734,364.9835186247468,402.0605369341511,True,0,0.0857680240372688,0.0345788608404735,0.9318734712932596,0.2520310108517086,0.0276855451316798,0.7291789118173394,0.2902462745467392,0.4938950751279239,0.1232291880358894,0.2466787589200212,0.7210034203597313,,,-171.49175931100604,364.98351862201207,402.0605369314164
2026-06-07T22:54:47,82,5,820005,"ARX(1,1)",-171.31233308478875,364.6246661695775,401.7016844789818,True,0,0.0574772794838449,0.0012774241128963,0.9449166691389772,0.2565678384529258,0.0236232837263537,0.7428436924927363,0.3134953156197577,0.4224976186860597,0.1232479957473383,0.2271993445623685,0.7480959198095133,,,-171.31233308500543,364.62466617001087,401.7016844794152
2026-06-07T22:56:20,82,6,820006,"ARX(1,1)",-171.31234067327327,364.62468134654654,401.70169965595085,True,0,0.0574378727942526,0.0010522633843112,0.9448744110814103,0.256743750500959,0.0236676203129464,0.7427712924850821,0.3136977535903859,0.422623217457279,0.1230641461661554,0.2267320082503027,0.7487844232059085,,,-171.31234067353228,364.62468134706455,401.70169965646886
2026-06-07T22:58:12,82,7,820007,"ARX(1,1)",-172.03672185591134,366.0734437118227,403.150462021227,True,0,0.9504408747598512,0.037569922212952,0.5973756606792248,0.2685339023386792,0.1397600345915271,0.7086017206306473,0.2348828862963237,0.5574265368879313,0.1101867022028482,0.2645441753006109,0.6953341199951338,,,-172.0367219036817,366.0734438073634,403.1504621167677
2026-06-07T23:00:21,82,8,820008,"ARX(1,1)",-172.03646749366195,366.0729349873239,403.1499532967282,True,0,0.943839638992346,0.037682812719051,0.5990065929103455,0.2692157159565727,0.1387856707328721,0.707872430129184,0.2354053251699342,0.556126608077639,0.110153074616318,0.2656522068024803,0.6942172883015502,,,-172.03646749367334,366.0729349873467,403.149953296751
2026-06-07T23:01:47,82,9,820009,"ARX(1,1)",-171.36206777685368,364.72413555370736,401.80115386311167,True,0,0.0618245559817919,0.0168622443380982,0.9439215054130068,0.2422757648838807,0.0235756284100706,0.7495243626435533,0.3062846299563864,0.4500204979087094,0.1295751238623596,0.2267906087817597,0.7409673474096107,,,-171.36206777812004,364.72413555624007,401.8011538656444
2026-06-07T23:04:10,82,10,820010,"ARX(1,1)",-172.03676969964533,366.07353939929067,403.150557708695,True,0,0.949944611451521,0.0381094241445469,0.5973233121689007,0.2680584323157235,0.1394733863280875,0.7086881683159166,0.2353230141212333,0.5591987685168079,0.1105009379083334,0.2657582147571993,0.6940084384997397,,,-172.0367697000786,366.0735394001572,403.1505577095615
2026-06-07T23:06:00,82,11,820011,"ARX(1,1)",-172.03677976505702,366.07355953011404,403.15057783951835,True,0,0.9340837201951222,0.037202610536107,0.6013897714717191,0.2687714991542118,0.1376216810446645,0.7088213620025399,0.2360179867510946,0.5550631595715054,0.110529330124796,0.2651713821954669,0.6942352908729349,,,-172.03677975753538,366.0735595150708,403.1505778244751
2026-06-07T23:07:26,82,12,820012,"ARX(1,1)",-172.0366904295929,366.0733808591858,403.1503991685901,True,0,0.9469510028172188,0.0381135273561745,0.5989745665682762,0.2679217283176471,0.1392417182643255,0.7090658182018608,0.2349180930786175,0.5550353653966251,0.1108500221049373,0.2657441797846353,0.6934003426955058,,,-172.03669043401953,366.0733808680391,403.1503991774434
2026-06-07T23:09:16,82,13,820013,"ARX(1,1)",-172.0367846154036,366.0735692308072,403.1505875402115,True,0,0.9398792820750104,0.0378491239022675,0.6013796966787345,0.2710151254738797,0.1384126132733562,0.706003427549086,0.2349048856079817,0.5552151543350701,0.1102246290945638,0.2662929311819051,0.6933441449299615,,,-172.03678462063664,366.0735692412733,403.1505875506776
2026-06-07T23:11:13,82,14,820014,"ARX(1,1)",-172.03662310511623,366.07324621023247,403.1502645196368,True,0,0.9451925131722484,0.0382188745745559,0.5987895788336423,0.267919055762273,0.1393120274036387,0.7087684013161771,0.2351975839663515,0.5583631693588215,0.1100638499143294,0.2657346701646809,0.694037732611872,,,-172.03662296554265,366.0732459310853,403.1502642404896
2026-06-07T23:13:18,82,15,820015,"ARX(1,1)",-171.61676875795627,365.23353751591253,402.31055582531684,True,0,0.0773787933863402,0.0419214375622984,0.935183109942242,0.24566579883627,0.0278052581800749,0.7297042633872773,0.3027690904942075,0.5563186752354422,0.1128884842513118,0.2340348321805744,0.754617353057109,,,-171.61676875836326,365.2335375167265,402.3105558261309
2026-06-07T23:14:35,82,16,820016,"ARX(1,1)",-172.03646933133658,366.07293866267315,403.14995697207746,True,0,0.9445091858228016,0.0377901824052203,0.5989578878055074,0.2689457815449286,0.1387962225697145,0.7081106546738974,0.2353141376244878,0.5557282639312336,0.1101626491573746,0.265498951064636,0.6943043954534656,,,-172.03646933154943,366.0729386630989,403.1499569725032
2026-06-07T23:16:00,82,17,820017,"ARX(1,1)",-172.03727996511358,366.07455993022717,403.1515782396315,True,0,0.9549177605516032,0.0370783324720109,0.5970516937948084,0.2710273515919946,0.1387376922608578,0.7062019604285511,0.2344454784113551,0.5560074845702816,0.1110952878909394,0.2655433587539021,0.6932600324730064,,,-172.03727998316623,366.07455996633246,403.1515782757368
2026-06-07T23:17:34,82,18,820018,"ARX(1,1)",-172.0365332472518,366.0730664945036,403.15008480390793,True,0,0.9455567966006232,0.0381626214787565,0.5990749493062699,0.2688712244048527,0.1391459429138624,0.7079739049247992,0.2350272906652457,0.5567904128275569,0.1101605889002394,0.2653737982125094,0.6944487017081477,,,-172.03653322010865,366.0730664402173,403.1500847496216
2026-06-07T23:19:31,82,19,820019,"ARX(1,1)",-171.38368043515118,364.76736087030235,401.84437917970666,True,0,0.0623224158699633,0.0262091137615889,0.943769350497815,0.2640875992475447,0.0235509700754793,0.7226306423125901,0.3053583907822682,0.4744151408165964,0.1133950984077278,0.2267303373190886,0.7571223163703596,,,-171.38368043354998,364.7673608671,401.8443791765043
2026-06-07T23:21:02,82,20,820020,"ARX(1,1)",-172.03684488453467,366.07368976906935,403.15070807847366,True,0,0.9532627560844376,0.0376870808592467,0.595745057973109,0.2702546708665596,0.1407758235641676,0.7068339899428104,0.235081473015315,0.5579271055598097,0.1102020778307223,0.265134640455206,0.6947662083868077,,,-172.03684488346474,366.0736897669295,403.1507080763338
2026-06-07T23:23:38,82,21,820021,"ARX(1,1)",-171.3816917443317,364.7633834886634,401.8404017980677,True,0,0.062164462633152,0.0300350517602838,0.94478183505301,0.2597737080398968,0.0234685905243834,0.7256839000231347,0.3059339886564412,0.4609418564607048,0.1271985894245079,0.233046454814353,0.7395353663650744,,,-171.38169174344966,364.7633834868993,401.8404017963037
2026-06-07T23:25:23,82,22,820022,"ARX(1,1)",-171.4113607676432,364.8227215352864,401.8997398446907,True,0,0.0574340897797388,0.0299076713975308,0.9465080553230628,0.2599981036998552,0.0231019384851966,0.7237412837662963,0.3177328772724899,0.5021646037250874,0.1245798783230462,0.2314319806117591,0.7462863577815485,,,-171.4113607759399,364.8227215518798,401.8997398612841
2026-06-07T23:34:18,82,23,820023,"ARX(1,1)",-171.3433314519435,364.686662903887,401.7636812132913,True,0,0.0583581804850859,0.0167725171688827,0.9458608720778228,0.2617065444942633,0.0230858829378254,0.7300020729733856,0.3095082328207602,0.4574989562449866,0.122512225143036,0.2279831233529546,0.750373439487967,,,-171.3433303707816,364.6866607415632,401.7636790509675
2026-06-07T23:36:11,82,24,820024,"ARX(1,1)",-172.036502670673,366.073005341346,403.1500236507503,True,0,0.938684169371326,0.037611634037922,0.600727914119065,0.2691039141713965,0.1378980587497219,0.708054331104038,0.2355280978350325,0.5553130705307587,0.1100853188057768,0.2656506609435353,0.6942881367654407,,,-172.03650267069008,366.07300534138017,403.1500236507845
2026-06-07T23:37:55,82,25,820025,"ARX(1,1)",-172.03646190139375,366.0729238027875,403.1499421121918,True,0,0.9424429509648248,0.0377794178732964,0.5995573680000518,0.2690544774404971,0.1384044313115932,0.7079956013121433,0.2354326869732087,0.5559953621894996,0.1101184105294902,0.2657031464329902,0.6942009336557453,,,-172.03646190136976,366.0729238027395,403.14994211214383
2026-06-07T23:40:55,82,26,820026,"ARX(1,1)",-171.31233395434288,364.62466790868575,401.70168621809006,True,0,0.0574613369206455,0.0009351682666225,0.9448670014926775,0.2567937966615946,0.0236565866456491,0.7427760931252196,0.3136866770397407,0.4222658234563212,0.1231619611768028,0.2268926682207156,0.7485129673056953,,,-171.31233395500027,364.6246679100005,401.7016862194049
2026-06-07T23:42:29,82,27,820027,"ARX(1,1)",-171.32513031617896,364.6502606323579,401.7272789417622,True,0,0.0577801570959451,0.0134516083760834,0.9459742359895756,0.2542567172840357,0.0230716670684681,0.7394084692969918,0.3106903733177837,0.4366687207360736,0.1264740757021025,0.2269331346843617,0.745511996565965,,,-171.32513031556866,364.6502606311373,401.7272789405416
2026-06-07T23:46:28,82,28,820028,"ARX(1,1)",-172.03652828597436,366.0730565719487,403.150074881353,True,0,0.9374344738520856,0.0375570222490933,0.6011869213636303,0.269108843018046,0.1375215350684961,0.7080891711841235,0.2356086275621322,0.5556081959754868,0.1100085368839967,0.2661077943729061,0.6940273531610386,,,-172.0365282860881,366.0730565721762,403.1500748815805
2026-06-07T23:49:32,82,29,820029,"ARX(1,1)",-172.03696205100715,366.0739241020143,403.1509424114186,True,0,0.9271229702637354,0.0376293033876375,0.6046244543453635,0.2690167589730609,0.136243212865143,0.7080355026980619,0.2359270840509136,0.5566189124777526,0.1103180289456215,0.2658753978384904,0.6938314270775309,,,-172.03696205100658,366.0739241020132,403.1509424114175
2026-06-07T23:51:43,82,30,820030,"ARX(1,1)",-172.03668002459892,366.07336004919785,403.15037835860215,True,0,0.9320519663435718,0.0375651338839221,0.6032237657529049,0.2694824725207937,0.1366004671836091,0.7076889797481692,0.235641554720485,0.5555846421458424,0.1097348184498218,0.2658113219123047,0.6946152347594857,,,-172.03668002464218,366.0733600492844,403.1503783586887
2026-06-07T23:53:55,82,31,820031,"ARX(1,1)",-171.31252919645812,364.62505839291623,401.70207670232054,True,0,0.0580126787950098,0.0011453916311985,0.944638359337978,0.2573400600306789,0.0236692632900955,0.7421337621566865,0.3126221736897046,0.4214424294472303,0.1228403987502293,0.2274967787483747,0.7479490315065308,,,-171.31252919949708,364.62505839899416,401.70207670839847
2026-06-07T23:55:21,82,32,820032,"ARX(1,1)",-171.31458845978943,364.62917691957887,401.7061952289832,True,0,0.0584679406862829,0.0034370331638064,0.9443860508617102,0.2599080442312286,0.0237535330990918,0.7385075604069858,0.3124133470828876,0.424816795019384,0.1206474394882713,0.2254235707448109,0.7530069781546952,,,-171.3145884547825,364.629176909565,401.7061952189693
2026-06-07T23:56:52,82,33,820033,"ARX(1,1)",-171.31241253353573,364.62482506707147,401.7018433764758,True,0,0.0574222351461375,7.506297748560725e-05,0.9448328992904742,0.2564936651304055,0.0236827347943887,0.7434717556712309,0.3137528534348423,0.4217198674643797,0.1233042527964468,0.227025486038417,0.7482297722196416,,,-171.31241253309403,364.62482506618807,401.7018433755924
2026-06-07T23:58:36,82,34,820034,"ARX(1,1)",-172.04080924205135,366.0816184841027,403.158636793507,True,0,0.97704261799134,0.0380186981784011,0.588816592543414,0.2622074314301241,0.1441176132285072,0.7143100431904037,0.2342779402427777,0.561673411343218,0.1139115770514056,0.265907191225718,0.6894449520929045,,,-172.04080924164612,366.0816184832922,403.1586367926965
2026-06-08T00:00:05,82,35,820035,"ARX(1,1)",-171.32153887448447,364.64307774896895,401.72009605837326,True,0,0.0595484334464797,0.0046763204013328,0.9438861459269026,0.2642794261222724,0.023820988719716,0.73351127901684,0.3119562005489186,0.4322428091842847,0.1206131763893366,0.2337572078971431,0.7438347025567932,,,-171.32153887446202,364.643077748924,401.7200960583284
2026-06-08T00:01:50,82,36,820036,"ARX(1,1)",-172.03702658903967,366.07405317807934,403.15107148748365,True,0,0.9499269896167416,0.0377728847518331,0.5967942424405435,0.270978778496126,0.1405457522342589,0.7058906386792743,0.2350092694477878,0.558853375269048,0.1093092749660101,0.2663344746341455,0.6940366028773065,,,-172.03702659843017,366.0740531968603,403.1510715062646
2026-06-08T00:03:36,82,37,820037,"ARX(1,1)",-171.35823806189626,364.7164761237925,401.7934944331968,True,0,0.059539557714101,0.0201778592606186,0.9448051324602816,0.2684734537908584,0.0234969715877038,0.7214019917665776,0.3108055118499757,0.4678186944869431,0.1191482006863069,0.2270415691838217,0.7528225882661023,,,-171.35823806213946,364.7164761242789,401.7934944336832
2026-06-08T00:05:41,82,38,820038,"ARX(1,1)",-171.40745020903148,364.81490041806296,401.89191872746727,True,0,0.057672762214746,0.0342284665102924,0.9483630920785424,0.2581124027698801,0.0215136944236942,0.7234060750304324,0.3044499131794976,0.4730351755382217,0.1200560214176009,0.2387382719531736,0.7369562926988775,,,-171.40745007959487,364.8149001591897,401.8919184685941
2026-06-08T00:07:10,82,39,820039,"ARX(1,1)",-171.31233356831552,364.62466713663105,401.70168544603536,True,0,0.0575096743973993,0.0010687121065591,0.9448705656738784,0.2568240605912253,0.0236422031846109,0.7426836171596419,0.3135022374890305,0.4222431777405065,0.1231657077795167,0.2269957812623134,0.7483759359693715,,,-171.31233356850453,364.62466713700906,401.70168544641336
2026-06-08T00:09:19,82,40,820040,"ARX(1,1)",-171.6328878106101,365.2657756212202,402.3427939306245,True,0,0.0619996183301584,0.0658188150494386,0.9492737985185636,0.2610805820076667,0.0205615760615673,0.7060299108430442,0.2930964676902818,0.4743655256356353,0.1093800901709012,0.234586625164352,0.7569764523469164,,,-171.6328877982593,365.2657755965186,402.3427939059229
2026-06-07T22:32:52,83,1,830001,"ARX(1,1)",-172.03705332399844,366.07410664799687,403.1511249574012,True,0,0.9467151811061972,0.038549191467703,0.5992891240027145,0.2673135907981494,0.1380237274239478,0.7091738154780143,0.2349777967590155,0.5565245114230867,0.111088074648026,0.2637630801676831,0.6949138714174042,,,-172.037053321306,366.074106642612,403.1511249520163
2026-06-07T22:34:23,83,2,830002,"ARX(1,1)",-172.03746092894082,366.07492185788163,403.15194016728594,True,0,0.964439371808566,0.0382696564251892,0.593075021862637,0.2682922261261239,0.142075872386655,0.7083577904287219,0.2344003248693458,0.5601280043325664,0.1106540323409126,0.2647228771567215,0.6942136514007303,,,-172.03746092953668,366.07492185907336,403.15194016847767
2026-06-07T22:35:56,83,3,830003,"ARX(1,1)",-171.40353269633027,364.80706539266055,401.88408370206486,True,0,0.0578513460193475,0.0240825494531129,0.9455270262784669,0.2808385633648328,0.0237299262927372,0.7060456371697674,0.3183167362524552,0.5010539161704428,0.1231556351680967,0.2260432486362134,0.753649809449735,,,-171.40353269092537,364.8070653818508,401.8840836912551
2026-06-07T22:37:14,83,4,830004,"ARX(1,1)",-172.0366163150064,366.0732326300128,403.1502509394171,True,0,0.9408720644444334,0.0379373253574091,0.5999161355656037,0.2676043399231201,0.1384187177842014,0.7094475609925637,0.2354937147788422,0.5549121813871116,0.109759489612781,0.2653645797847022,0.6949600294946379,,,-172.03661631523778,366.0732326304756,403.1502509398799
2026-06-07T22:39:56,83,5,830005,"ARX(1,1)",-172.03692489716792,366.07384979433584,403.15086810374015,True,0,0.9273700955733996,0.0373948492737426,0.6041623747945657,0.2698698938777519,0.1369750641056455,0.7074421256178712,0.2359531149662623,0.5560915884669383,0.1098631953440744,0.2656619622811745,0.6947501998825757,,,-172.03692487349065,366.0738497469813,403.1508680563856
2026-06-07T22:42:49,83,7,830007,"ARX(1,1)",-172.03646331563763,366.07292663127527,403.1499449406796,True,0,0.9420381457827368,0.0377721107102603,0.5997605385729678,0.269166683469365,0.1382609825466833,0.7078867226330712,0.2354293516548899,0.5560434953857039,0.1100857897731914,0.2656448081878698,0.6943130172275432,,,-172.03646331592574,366.0729266318515,403.1499449412558
2026-06-07T22:44:26,83,8,830008,"ARX(1,1)",-172.03701049193887,366.07402098387774,403.15103929328205,True,0,0.955450855740857,0.0377408034488252,0.5966254996781569,0.2692417797222404,0.1394497574644013,0.7077484785589185,0.23443564502905,0.5548724970622572,0.1108152820451695,0.2665834053439777,0.6923324256561254,,,-172.03701049648413,366.07402099296826,403.15103930237257
2026-06-07T22:46:04,83,9,830009,"ARX(1,1)",-172.03870614009793,366.07741228019586,403.15443058960017,True,0,0.9528281166759076,0.0379651967225863,0.5976148213513556,0.2740896408039993,0.1393234339065719,0.702783125142929,0.2341124516339651,0.5591185046740867,0.1078516787486176,0.2633989399118563,0.698490732863577,,,-172.03870616387803,366.07741232775606,403.1544306371604
2026-06-07T22:47:50,83,10,830010,"ARX(1,1)",-172.03646138478803,366.07292276957605,403.14994107898036,True,0,0.9432231467166152,0.0377646453015064,0.5993607046472277,0.2690641045840439,0.1384579065151333,0.7079977458165901,0.2353839744900759,0.5559498445381414,0.1101223213407291,0.2656339851754222,0.6942481598490677,,,-172.03646138504268,366.07292277008537,403.1499410794897
2026-06-07T22:50:06,83,11,830011,"ARX(1,1)",-172.03679759045394,366.0735951809079,403.1506134903122,True,0,0.9543266155479608,0.0375270783888621,0.5957997951454628,0.2686375043407189,0.1410738637252122,0.7086769531688204,0.2348487921171293,0.5554497856189765,0.1102976851835788,0.265908361919748,0.6936876595823824,,,-172.0367975883053,366.0735951766106,403.1506134860149
2026-06-07T22:52:54,83,12,830012,"ARX(1,1)",-172.03691439889604,366.0738287977921,403.1508471071964,True,0,0.9522752274391192,0.0377072737308674,0.5967651735481488,0.2693159990643039,0.1401409622334949,0.7078860970610236,0.2346220919764103,0.5549428347349825,0.1095652109644975,0.2639397891776627,0.6963513831931276,,,-172.03691439571423,366.07382879142847,403.1508471008328
2026-06-07T22:54:23,83,13,830013,"ARX(1,1)",-172.03655328340668,366.07310656681335,403.15012487621766,True,0,0.9357690722858713,0.0376031259652423,0.6016780739735752,0.2693100090346599,0.1372878913089128,0.7078562492442181,0.235678754549888,0.5553772310269941,0.1100162774711213,0.2659363382245145,0.694133829906483,,,-172.0365532834927,366.0731065669854,403.1501248763897
2026-06-07T22:57:09,83,14,830014,"ARX(1,1)",-172.03671646762024,366.0734329352405,403.1504512446448,True,0,0.9536540221687824,0.0379307201942016,0.5962389574113656,0.2692297333260942,0.140151612131346,0.7076907087782128,0.2349031875325906,0.5563762896997063,0.1100071246187189,0.2659738574722623,0.6941233719338207,,,-172.036716345204,366.073432690408,403.15045099981234
2026-06-07T22:58:37,83,15,830015,"ARX(1,1)",-171.3690664339799,364.7381328679598,401.8151511773641,True,0,0.0612179940874209,0.0096328326826175,0.942827729702784,0.278352712257947,0.0241483817873357,0.7171343685417304,0.3083419320235778,0.4355287779621493,0.1104741755339811,0.2174215116256209,0.7713013841744688,,,-171.3690664057782,364.7381328115564,401.8151511209607
2026-06-07T23:00:05,83,16,830016,"ARX(1,1)",-172.03707890215603,366.07415780431205,403.15117611371636,True,0,0.9409805981426196,0.0370076931288026,0.5978502040030427,0.2709498586042361,0.1395931479319749,0.70652872887187,0.236391451435079,0.5548297393615216,0.1108337001806957,0.2662915146717519,0.6927947341602926,,,-172.0370789017948,366.0741578035896,403.1511761129939
2026-06-07T23:01:41,83,17,830017,"ARX(1,1)",-172.03646223512317,366.07292447024633,403.14994277965064,True,0,0.9434698795773752,0.0377896768022435,0.5992370609729317,0.2689523185548999,0.1385624896914679,0.7080876602293429,0.2353956617118377,0.5560741928786015,0.1101337532549316,0.2655752359055017,0.6943138600916139,,,-172.03646223539164,366.0729244707833,403.1499427801876
2026-06-07T23:03:46,83,18,830018,"ARX(1,1)",-172.03671309832006,366.0734261966401,403.15044450604444,True,0,0.95353045294072,0.0379758082483747,0.595844594635479,0.2684231813847421,0.1408430428571161,0.7084666458802048,0.2349395599300127,0.5559501044491109,0.1100534951870054,0.2654241506381857,0.6944456982284363,,,-172.03671309753722,366.0734261950744,403.15044450447874
2026-06-07T23:05:26,83,19,830019,"ARX(1,1)",-171.31999684383885,364.6399936876777,401.717011997082,True,0,0.0571147154007796,0.0095720880765923,0.9456785575408104,0.2603645153347592,0.0233018025575358,0.7350843671067334,0.3132664295290296,0.4389189418853316,0.1221746075865617,0.2275483965722099,0.7494446861932973,,,-171.31999684432066,364.6399936886413,401.7170119980456
2026-06-07T23:07:07,83,20,830020,"ARX(1,1)",-171.31233879337736,364.62467758675473,401.70169589615904,True,0,0.0575322853192273,0.0010668036453872,0.9448548802024168,0.2564511011335909,0.023656940321287,0.7430578229247525,0.3134851868777649,0.4225232710906293,0.1232079371664115,0.2271595127132801,0.7481932853025313,,,-171.31233879343023,364.62467758686046,401.7016958962648
2026-06-07T23:08:37,83,21,830021,"ARX(1,1)",-172.03655273480115,366.0731054696023,403.1501237790066,True,0,0.9375592002656208,0.0378649933026597,0.6013094677807236,0.2688099300194661,0.1377897360923997,0.7081229211904796,0.2355086626185694,0.5572615960715771,0.1099666802825114,0.265637420270327,0.694523077478,,,-172.0365527347634,366.0731054695268,403.1501237789311
2026-06-07T23:11:14,83,22,830022,"ARX(1,1)",-171.31235845596126,364.6247169119225,401.7017352213268,True,0,0.057574309466193,0.0018168969922716,0.9448824614224832,0.2569304385858341,0.02363101105868,0.7422308751893917,0.3134843490909267,0.4233792475816962,0.1231739361465019,0.2274095940165756,0.7479802494865383,,,-171.3123584570167,364.6247169140334,401.7017352234377
2026-06-07T23:13:00,83,23,830023,"ARX(1,1)",-172.03688870306746,366.0737774061349,403.15079571553923,True,0,0.9479813421581108,0.0377729671027308,0.5971488713744746,0.2681283876370204,0.1394414035220351,0.7087752200611631,0.2356381995941448,0.5593496983566658,0.1110617073243862,0.2665076566849837,0.6921918686392768,,,-172.03688870521216,366.0737774104243,403.15079571982864
2026-06-07T23:14:32,83,24,830024,"ARX(1,1)",-172.03676154467647,366.07352308935293,403.15054139875724,True,0,0.95272985817572,0.038052132906701,0.5965297841697189,0.2684376036539378,0.140258353016613,0.7083401071395032,0.2349659387188445,0.5582344351513288,0.1098241042361012,0.2652210415304091,0.6951107892999897,,,-172.03676154249746,366.0735230849949,403.1505413943992
2026-06-07T23:16:04,83,25,830025,"ARX(1,1)",-172.03692973329248,366.07385946658496,403.1508777759893,True,0,0.9512050377308906,0.0383568928072982,0.5972888670465493,0.2679164764957709,0.139899458230095,0.7087069660000642,0.2347153089360293,0.5552337839733454,0.1093610803759874,0.2666033247559769,0.6938609672951185,,,-172.03692973426877,366.07385946853753,403.1508777779418
2026-06-07T23:17:58,83,26,830026,"ARX(1,1)",-172.0367533000555,366.073506600111,403.1505249095153,True,0,0.9535951155185496,0.037981557833031,0.5967401948819805,0.2689783509605994,0.1397200872732595,0.7078189068291966,0.2348986898850197,0.5575175830434019,0.1104175520531176,0.2649763278713193,0.6946290177403553,,,-172.03675332355607,366.07350664711214,403.1505249565165
2026-06-07T23:19:36,83,27,830027,"ARX(1,1)",-171.31488341819886,364.6297668363977,401.70678514580203,True,0,0.0572017409896709,0.0002850653487855,0.9452920578232324,0.2524368718705588,0.0234235539568219,0.7474328011529868,0.3122695515916637,0.4175186255489111,0.1249466378828588,0.2270117212013868,0.7458861830267279,,,-171.3148834499455,364.629766899891,401.7067852092953
2026-06-07T23:21:50,83,28,830028,"ARX(1,1)",-172.03687661499697,366.07375322999394,403.15077153939825,True,0,0.9582611624071676,0.0379204244252823,0.5948490740905472,0.2680324431089127,0.1409402696209171,0.7090213196783457,0.2347224333580261,0.5550175874471153,0.1106821021218521,0.2652033200412749,0.6939496128693611,,,-172.0368766144489,366.0737532288978,403.1507715383021
2026-06-07T23:23:44,83,29,830029,"ARX(1,1)",-172.03691429301983,366.07382858603967,403.150846895444,True,0,0.9448184313580094,0.0384788743843307,0.5985561875505158,0.2686055140476978,0.1395213857908475,0.7080099993811778,0.2354629523573603,0.5600120585464563,0.1097830939674534,0.2645960990716694,0.6957157820052943,,,-172.0369142729282,366.0738285458564,403.1508468552608
2026-06-07T23:25:37,83,30,830030,"ARX(1,1)",-171.31237349675308,364.62474699350616,401.7017653029105,True,0,0.0575955525217481,0.0019780708196221,0.9448715711343688,0.2569946960539108,0.0236320834745027,0.7420918670201071,0.3134930019548557,0.4237589829282607,0.1231305418719953,0.2272052403288945,0.74827236805137,,,-171.31237349546842,364.6247469909368,401.7017653003412
2026-06-07T23:27:20,83,31,830031,"ARX(1,1)",-172.03740220166014,366.0748044033203,403.1518227127246,True,0,0.9287556219711508,0.037249155395907,0.6057252763716899,0.2695302052155284,0.1363272329553716,0.7077450559431352,0.2349098484017569,0.557886725156534,0.110216475428184,0.2664527192459738,0.6936108959980675,,,-172.0374022039764,366.0748044079528,403.1518227173571
2026-06-07T23:29:49,83,32,830032,"ARX(1,1)",-172.03746042637306,366.0749208527461,403.1519391621504,True,0,0.9255536239986716,0.0367228277526874,0.6026220611705826,0.2697703854436768,0.137182846624621,0.7079970984492454,0.2368094309802655,0.5529641513735897,0.1094275849421152,0.2664117037501421,0.6941307289134557,,,-172.03746042637687,366.0749208527537,403.1519391621581
2026-06-07T23:33:43,83,33,830033,"ARX(1,1)",-172.03938741247177,366.07877482494354,403.15579313434785,True,0,0.9027516073105644,0.0368908156942698,0.6119986947577721,0.2724095582543735,0.1327001435452981,0.7050619804725368,0.23690515599572,0.5578608652386472,0.1087595061074386,0.2666973761253188,0.6952069053050076,,,-172.03938741266353,366.0787748253271,403.15579313473137
2026-06-07T23:35:22,83,34,830034,"ARX(1,1)",-171.39735064961292,364.79470129922584,401.87171960863014,True,0,0.0788546357465988,0.0143061809943745,0.9325947223027816,0.2508939401302422,0.0281744659585782,0.7421952999519735,0.2995169226626709,0.4465941921975663,0.1176232740574538,0.2382653567046436,0.7400320777093996,,,-171.39735064806752,364.79470129613503,401.87171960553934
2026-06-07T23:37:03,83,35,830035,"ARX(1,1)",-171.4066187219745,364.813237443949,401.8902557533533,True,0,0.0791905169628058,0.0155291988663814,0.931629713384942,0.249672210486845,0.0289746394536967,0.7427200634514514,0.3035657869884893,0.4563652155979283,0.1176550095726566,0.2358972475952377,0.7445552706445874,,,-171.4066187206438,364.8132374412876,401.8902557506919
2026-06-07T23:38:41,83,36,830036,"ARX(1,1)",-172.03726571862717,366.07453143725434,403.15154974665865,True,0,0.9219439138000668,0.0381324398743924,0.6058256458185759,0.2692009460798061,0.1351982745328593,0.7075443828850585,0.2363690522683766,0.5567941146751321,0.1095462087550727,0.2663260914283252,0.6941964077557122,,,-172.03726571353138,366.0745314270628,403.1515497364671
2026-06-07T23:40:44,83,37,830037,"ARX(1,1)",-172.03646191434893,366.07292382869787,403.1499421381022,True,0,0.9435239392975634,0.0377853421996087,0.5992721765452952,0.2690790461751307,0.1384855491984949,0.7079656207125454,0.2353770321386226,0.5559634657266136,0.1101563610806914,0.2656620231130105,0.6941728225855557,,,-172.0364619143511,366.0729238287022,403.1499421381065
2026-06-07T23:42:16,83,38,830038,"ARX(1,1)",-172.03704942700466,366.0740988540093,403.15111716341363,True,0,0.9460504571685432,0.037685554140256,0.5996410564250924,0.272253751139115,0.1391916487758016,0.7048307933444947,0.2345117763767296,0.555810284703458,0.110217989571274,0.2663301728961768,0.6933549104720227,,,-172.03704942098778,366.0740988419756,403.1511171513799
2026-06-07T23:43:53,83,39,830039,"ARX(1,1)",-171.32343532546247,364.64687065092494,401.72388896032925,True,0,0.0557194205990169,0.0045106514727295,0.9456419350079114,0.2607874363079007,0.0236126573992515,0.7371063155928919,0.3170153497984938,0.4329220030594764,0.1196420541411038,0.2201643810064356,0.7611022887975,,,-171.3234353245399,364.6468706490798,401.7238889584841
2026-06-07T23:45:58,83,40,830040,"ARX(1,1)",-172.03646498170892,366.07292996341783,403.14994827282214,True,0,0.9417623980841916,0.0377878709095035,0.5998819099374509,0.2692244199752728,0.138234313640919,0.707822930113974,0.2354105662254849,0.5560053742426423,0.1100648051367903,0.265623134424355,0.6943464929564542,,,-172.0364649816254,366.0729299632508,403.1499482726552
2026-06-07T22:34:04,84,1,840001,"ARX(1,1)",-171.3123294889952,364.6246589779904,401.7016772873947,True,0,0.0575227446691222,0.0010262573480978,0.9448479074944304,0.2567254802401513,0.0236570141588666,0.7428015453674852,0.313594015815472,0.42252664761469,0.1232165617023097,0.2271825644168002,0.7481465551933506,,,-171.31232948912924,364.6246589782585,401.7016772876628
2026-06-07T22:35:16,84,2,840002,"ARX(1,1)",-172.03646217010385,366.0729243402077,403.149942649612,True,0,0.9424277250886643,0.037801541581891,0.5996233348934051,0.2690497979203991,0.1383351689363864,0.7079797459611308,0.2354171769177991,0.5559771926154378,0.1101476991749935,0.2656878188527427,0.6941660710565001,,,-172.0364621703447,366.0729243406894,403.1499426500937
2026-06-07T22:37:06,84,3,840003,"ARX(1,1)",-172.03649362624193,366.07298725248387,403.1500055618882,True,0,0.939166480705224,0.0376733170498864,0.6003522001982572,0.2688275212213575,0.1379797424601998,0.7082624821841261,0.2356545394731664,0.5559954621410929,0.1100973429971563,0.2658630834112389,0.6940603557068135,,,-172.03649362631583,366.07298725263166,403.150005562036
2026-06-07T22:39:06,84,4,840004,"ARX(1,1)",-109.6374155152138,241.2748310304276,278.3518493398319,True,0,3.961364452585563,0.4514446040186428,0.8445306896532346,0.2837864245506754,0.0542869281666092,0.6133309431258755,0.0648218356070512,0.2866667119229694,0.0868173037637602,0.2854387479213931,0.6861970537054911,,,-109.6374155152611,241.2748310305222,278.3518493399265
2026-06-07T22:41:05,84,5,840005,"ARX(1,1)",-171.33471846607716,364.6694369321543,401.74645524155864,True,0,0.059992419182969,0.0130059428381265,0.945076316242569,0.2587014196093541,0.0230542788059785,0.7350965436365547,0.3082021299180987,0.4353686051214698,0.1233180414469679,0.2416602766655922,0.732998520520147,,,-171.33471846604849,364.66943693209697,401.7464552415013
2026-06-07T22:43:28,84,6,840006,"ARX(1,1)",-171.5544603684344,365.1089207368688,402.1859390462731,True,0,0.0298760366144501,0.0133651647191874,0.966122966723554,0.2588608740596702,0.0146536777426322,0.7352034921739913,0.341114588518934,0.4095558645702474,0.1304634438006391,0.2397672497685469,0.7295431218556367,,,-171.55446036933134,365.1089207386627,402.185939048067
2026-06-07T22:46:18,84,7,840007,"ARX(1,1)",-172.03723147031866,366.0744629406373,403.1514812500416,True,0,0.9585796462680364,0.0381844911477859,0.5952453022823379,0.268297455839411,0.1415751130712582,0.7087559665890839,0.2344850794745835,0.5576408335431597,0.1099129121202382,0.265710184528263,0.6944137662692847,,,-172.0372314704279,366.0744629408558,403.1514812502601
2026-06-07T22:48:11,84,8,840008,"ARX(1,1)",-171.3822571958508,364.7645143917016,401.8415327011059,True,0,0.0576018462225949,0.0307414629590654,0.9472058826591008,0.2648568052076441,0.0224753396585729,0.7194786726103998,0.3102700649445419,0.4772002849987177,0.1186648805624153,0.230009449575162,0.7514744778494371,,,-171.38225716560345,364.7645143312069,401.8415326406112
2026-06-07T22:52:07,84,9,840009,"ARX(1,1)",-172.03673053843397,366.07346107686794,403.15047938627225,True,0,0.9317501981191016,0.0379479578981818,0.6030338507138034,0.2698005773608845,0.1370611560324114,0.7071465129397182,0.2357501690199634,0.5572431810614367,0.1094658681660469,0.2660691701300536,0.6946524648384922,,,-172.03673052149102,366.0734610429821,403.1504793523864
2026-06-07T22:53:59,84,10,840010,"ARX(1,1)",-172.0364636999285,366.072927399857,403.1499457092613,True,0,0.9423210998536576,0.0377602672758091,0.5996094541963215,0.2692607192180378,0.1384431362069898,0.7077980390280676,0.2354087344748043,0.5559292393273971,0.1100745888496474,0.2656632071710554,0.6942671772062983,,,-172.03646369976485,366.0729273995297,403.149945708934
2026-06-07T22:55:36,84,11,840011,"ARX(1,1)",-171.5718885936983,365.1437771873966,402.2207954968009,True,0,0.0638162169982599,0.0595040652421798,0.947816089932992,0.2568458763301201,0.0212322681621653,0.7123076081131032,0.2961908685601533,0.4897248075620629,0.1271593568186698,0.239425275099768,0.7322883527322549,,,-171.57188859688205,365.1437771937641,402.2207955031684
2026-06-07T22:57:28,84,12,840012,"ARX(1,1)",-160.37299683198216,342.7459936639643,379.82301197336864,True,0,4.037511972250934,0.3437638209097884,0.7464004084406323,0.2340948680936765,0.0890341974891268,0.7657707846194,0.0823923998135776,0.3367544862225806,0.1320386061168871,0.2763695566783712,0.6232174054881713,,,-160.3729968312744,342.7459936625488,379.8230119719531
2026-06-07T22:59:04,84,13,840013,"ARX(1,1)",-172.0371553551372,366.0743107102744,403.1513290196787,True,0,0.9243288448023086,0.0375881463499196,0.6049137599625005,0.2695003342193093,0.1357805640618631,0.7075428487906267,0.2364482135245541,0.5581323665489205,0.1101979226829029,0.2662010630835686,0.6938703532861109,,,-172.03715535491392,366.07431070982784,403.15132901923215
2026-06-07T23:00:46,84,14,840014,"ARX(1,1)",-172.03703256078484,366.0740651215697,403.151083430974,True,0,0.955302789104503,0.0382737516731987,0.597263230474587,0.267564674914907,0.1395918565594418,0.7091006991142905,0.2341279826482814,0.55428303406206,0.1105832435035204,0.2658525773382758,0.6931658600531898,,,-172.03703256323203,366.07406512646406,403.1510834358684
2026-06-07T23:02:45,84,15,840015,"ARX(1,1)",-171.4199884290426,364.8399768580852,401.9169951674895,True,0,0.0805396307019014,0.0294892001391248,0.933876365750107,0.2508368413300606,0.0272063238717988,0.7345722084128129,0.294294912760226,0.4625830416156658,0.1167667467569894,0.239481857247834,0.7400642301497902,,,-171.41998842827456,364.83997685654913,401.91699516595344
2026-06-07T23:04:51,84,16,840016,"ARX(1,1)",-172.03679040005176,366.0735808001035,403.1505991095078,True,0,0.9376315076800624,0.0375665212213748,0.6018721771426095,0.2683564099089572,0.1383552229307205,0.7087539139733409,0.2351646893013248,0.5556533856801673,0.1103570891668245,0.2664860537373585,0.6930865422870535,,,-172.03679043520327,366.07358087040654,403.15059917981085
2026-06-07T23:06:07,84,17,840017,"ARX(1,1)",-171.35000544141107,364.70001088282214,401.77702919222645,True,0,0.0591074629193895,0.018715804483541,0.9448658610595084,0.2584421140334539,0.0235504358682762,0.732228487802932,0.3140563378363293,0.4632298506198228,0.1201233028002997,0.2316177707150339,0.7498082584146105,,,-171.35000543649002,364.70001087298,401.7770291823844
2026-06-07T23:08:14,84,18,840018,"ARX(1,1)",-171.32884986937722,364.65769973875445,401.73471804815875,True,0,0.0578300542858532,0.0098166482335484,0.9447894144339944,0.2569844224389089,0.0238057900750881,0.7382802390462487,0.3171304798335226,0.4452582594083643,0.1251820418491702,0.2298134974651588,0.745166921277043,,,-171.32884986801346,364.6576997360269,401.7347180454312
2026-06-07T23:10:01,84,19,840019,"ARX(1,1)",-172.03711678259486,366.07423356518973,403.15125187459404,True,0,0.955688897013046,0.0384832214819185,0.5963622777927003,0.2674858756777168,0.1403768952917323,0.7092024894822543,0.2342130909791348,0.5570192940808015,0.1107100950681263,0.2652014679118176,0.6937585303156357,,,-172.03711678129872,366.07423356259744,403.15125187200175
2026-06-07T23:11:34,84,20,840020,"ARX(1,1)",-171.31232743804873,364.62465487609745,401.70167318550176,True,0,0.0574939662799367,0.0012546888226504,0.9448838196267249,0.2566815710184217,0.0236420006805912,0.7427395901899215,0.3135799100284014,0.4226312655417912,0.1231955118623453,0.2270632758671486,0.7483168248527685,,,-171.31232743785498,364.62465487571,401.7016731851143
2026-06-07T23:13:31,84,21,840021,"ARX(1,1)",-172.03682689924125,366.0736537984825,403.1506721078868,True,0,0.9502089504532903,0.0376147091547366,0.5967858824489747,0.2696451097909916,0.1391769754195805,0.7077823486368099,0.2351615261188515,0.5531824285853355,0.1101074060668661,0.2652439102838865,0.6942116931227991,,,-172.03682689563556,366.0736537912711,403.1506721006754
2026-06-07T23:15:20,84,22,840022,"ARX(1,1)",-172.03650897812,366.07301795624,403.1500362656443,True,0,0.9439419323114566,0.0378342199970319,0.5992734205573542,0.2691976517813871,0.1385852611500082,0.7078736003015882,0.2351993035853753,0.5547853951641774,0.1100067752771121,0.2652825900292262,0.694644649749469,,,-172.0365089782402,366.0730179564804,403.1500362658847
2026-06-07T23:17:09,84,23,840023,"ARX(1,1)",-172.0368180469431,366.0736360938862,403.1506544032905,True,0,0.9551712761629794,0.0378278280286499,0.5954182429467557,0.2689910618109009,0.1409954447773757,0.7080610595913446,0.2347675519617202,0.5551582048139027,0.1096823094663725,0.2651868053979127,0.6948863428462444,,,-172.0368180466636,366.0736360933272,403.1506544027315
2026-06-07T23:18:54,84,24,840024,"ARX(1,1)",-172.0364905692934,366.0729811385868,403.1499994479911,True,0,0.9396103196120706,0.0377951083422141,0.6005408744889432,0.2695350016461672,0.1379500501161739,0.7075410265438331,0.2354832068319113,0.5557477534625318,0.110030491158586,0.2657615456466387,0.6941684864260154,,,-172.03649056920082,366.0729811384016,403.149999447806
2026-06-07T23:20:55,84,25,840025,"ARX(1,1)",-172.03670149565028,366.07340299130055,403.15042130070486,True,0,0.9512241594086628,0.0379481794680512,0.5980405967147708,0.2684932401261329,0.1393774013371144,0.7084303100812931,0.2343971112109011,0.5562554954435052,0.1099698897772567,0.2652067728840671,0.6945704210742616,,,-172.03670149578278,366.0734029915656,403.15042130096987
2026-06-07T23:22:48,84,26,840026,"ARX(1,1)",-172.06297057887258,366.12594115774516,403.20295946714947,True,0,1.073750213632089,0.0405477959672923,0.5633487878723931,0.2625612719501919,0.1578470481093641,0.7127153042674472,0.2291455839037603,0.5675633392806748,0.1125848744228974,0.2609736286428099,0.6947610846562039,,,-172.06297053313443,366.12594106626887,403.2029593756732
2026-06-07T23:25:02,84,27,840027,"ARX(1,1)",-172.03647362197833,366.07294724395666,403.14996555336097,True,0,0.9456017730336748,0.0378022527987616,0.5987019946418347,0.2688263399581159,0.1388123374225152,0.7082348763543047,0.2352564660503182,0.5559770779996356,0.1102358821526501,0.2655445706209147,0.6942089955292832,,,-172.0364736220352,366.0729472440704,403.1499655534747
2026-06-07T23:26:35,84,28,840028,"ARX(1,1)",-171.39485093342532,364.78970186685063,401.86672017625494,True,0,0.0578503622729235,0.0247986365559947,0.9457563541226964,0.2749009035436929,0.0235190022871453,0.711752333891456,0.3139607610999969,0.4993109546602164,0.1180894470016936,0.2178482129509203,0.7668312463572927,,,-171.39485092090413,364.78970184180827,401.8667201512126
2026-06-07T23:28:38,84,29,840029,"ARX(1,1)",-172.0369349461417,366.0738698922834,403.15088820168774,True,0,0.9565317603385788,0.037712573831643,0.595196117421289,0.2671829439549724,0.1394134151541027,0.7098348185462359,0.2350740976647802,0.5557406794907085,0.1103765780623054,0.2657508380964197,0.6939000879730621,,,-172.03693493533052,366.073869870661,403.15088818006535
2026-06-07T23:30:18,84,30,840030,"ARX(1,1)",-172.03652832065444,366.0730566413089,403.1500749507132,True,0,0.9445012440318068,0.0379237902714428,0.5989006285704559,0.2689433842692561,0.1392698397471518,0.7079743492011189,0.2352980446210642,0.5575207605690409,0.1100168873291648,0.2654545485020071,0.694594116646342,,,-172.03652832072524,366.0730566414505,403.1500749508548
2026-06-07T23:31:43,84,31,840031,"ARX(1,1)",-172.03685833677943,366.07371667355886,403.1507349829632,True,0,0.9579249966844772,0.0378536820177818,0.5948289852362157,0.2690421203946518,0.1408691784490612,0.7080111301854917,0.2347748251760621,0.5564965811582945,0.1104858945943597,0.2658415059830216,0.6935287210476577,,,-172.03685833745496,366.0737166749099,403.1507349843142
2026-06-07T23:34:16,84,32,840032,"ARX(1,1)",-172.03721655177753,366.07443310355507,403.1514514129594,True,0,0.9575725238871304,0.038773102737873,0.5948085093842195,0.2657380101847533,0.1396760766831321,0.7107597427286,0.2350798144195897,0.5572046343283814,0.1103896352643069,0.2655633440109234,0.6939905537112039,,,-172.0372165404442,366.0744330808884,403.1514513902927
2026-06-07T23:36:31,84,33,840033,"ARX(1,1)",-172.03758981410198,366.07517962820395,403.15219793760826,True,0,0.9572609715506404,0.0384957645083306,0.5966446690712641,0.2700671992243334,0.1384001800942122,0.7064797857980106,0.2345895827074579,0.558113559733736,0.1090130661398688,0.2656368414388431,0.6959882486182466,,,-172.0375897523615,366.075179504723,403.1521978141273
2026-06-07T23:38:40,84,34,840034,"ARX(1,1)",-171.55127557858714,365.1025511571743,402.1795694665786,True,0,0.0896504039032938,0.0465714374651347,0.932754520308118,0.2458746847970664,0.0261819919287559,0.7318225880761433,0.2796298449598015,0.4696358128319206,0.1042328070113505,0.248459440826399,0.7435877657004419,,,-171.55127557440824,365.1025511488165,402.1795694582208
2026-06-07T23:40:29,84,35,840035,"ARX(1,1)",-171.31317952594785,364.6263590518957,401.7033773613,True,0,0.0582949099400555,0.0011899741667657,0.9445200926103768,0.2547871979901782,0.0236846728777187,0.7446669111304317,0.3126688418351654,0.4207129734789906,0.1239934342287291,0.2289086835723544,0.7452630538745532,,,-171.3131795271238,364.6263590542476,401.7033773636519
2026-06-07T23:43:06,84,36,840036,"ARX(1,1)",-171.32363639152115,364.6472727830423,401.7242910924466,True,0,0.0599412220440087,0.0106585933163541,0.944115603967871,0.2617746999824252,0.0237248026023133,0.7332513727420905,0.3130607672313784,0.4325873947205348,0.1233717680534335,0.2337316428582934,0.7425828675078964,,,-171.32363639145404,364.6472727829081,401.7242910923124
2026-06-07T23:44:37,84,37,840037,"ARX(1,1)",-171.31236542276787,364.62473084553574,401.70174915494005,True,0,0.057507138175032,0.0018866143319591,0.9449269544052162,0.2566977723845405,0.0236182064238067,0.7424303938968376,0.3135320986724874,0.4238017869723752,0.1232138320356931,0.2273061578694547,0.7481297585934079,,,-171.31236542297,364.62473084594,401.7017491553443
2026-06-07T23:45:55,84,38,840038,"ARX(1,1)",-172.03684768070121,366.07369536140243,403.15071367080674,True,0,0.9294956471519614,0.03763860986206,0.6028504829451278,0.2698779949676611,0.1373243080787122,0.7072071095882126,0.2362235994013686,0.5571352408933551,0.1099353374472401,0.266443348283008,0.6936760758045809,,,-172.0368476930483,366.0736953860966,403.1507136955009
2026-06-07T23:50:27,84,39,840039,"ARX(1,1)",-86.0536086320369,194.1072172640738,231.18423557347808,True,0,5.4410585131308045,9.225284578553914,0.6228309882212497,0.7971279583576145,0.2693358081974252,0.0290691015166876,0.1648167472177333,0.0327656452157768,-0.70694818148839,0.3128624967846846,1.3730904289569597,,,-86.0536086320424,194.1072172640848,231.18423557348908
2026-06-07T23:52:25,84,40,840040,"ARX(1,1)",-172.0365641132989,366.0731282265978,403.1501465360021,True,0,0.9485277036622904,0.0378678114184569,0.5972652973342253,0.2688874422504267,0.1395254086781126,0.708174193888442,0.2354423996711434,0.5558306787466087,0.1104196515515961,0.2651576355205113,0.6944933593059099,,,-172.0365641047486,366.0731282094972,403.1501465189015
2026-06-07T22:37:28,85,1,850001,"ARX(1,1)",-172.03755688721395,366.0751137744279,403.1521320838322,True,0,0.9203578448716274,0.0375263754384144,0.6060381824023727,0.2686196975306087,0.1347467747026313,0.7082690049377565,0.2367272891088884,0.5587902243408799,0.110042660489069,0.2664942635630305,0.693864082974359,,,-172.03755688757644,366.0751137751529,403.1521320845572
2026-06-07T22:39:42,85,2,850002,"ARX(1,1)",-171.36599639137614,364.7319927827523,401.8090110921566,True,0,0.0570946966356919,0.0175804460684903,0.94630828673393,0.2536446812744782,0.0231282237081588,0.7375778125605914,0.3154494585770604,0.4601901400680708,0.1328547585042807,0.2348482321673157,0.7304716975913801,,,-171.3659964036271,364.7319928072541,401.8090111166584
2026-06-07T22:41:05,85,3,850003,"ARX(1,1)",-172.03692792190833,366.07385584381666,403.15087415322097,True,0,0.943294834989856,0.0381358961863649,0.598804733629677,0.2681365295526994,0.1380277485705542,0.708532471081635,0.235786830345549,0.5596403513847072,0.1097197865650723,0.2669980029262317,0.6933352168043246,,,-172.0369279212883,366.0738558425766,403.1508741519809
2026-06-07T22:43:06,85,4,850004,"ARX(1,1)",-171.4190698905422,364.8381397810844,401.9151580904887,True,0,0.0794990923358179,0.0230454200953478,0.932101524351062,0.2506146380258485,0.0286394643351849,0.7377598678565421,0.3019717526527177,0.4713427241304818,0.11308207180625,0.2324067673134685,0.7529874942588097,,,-171.41906988012602,364.838139760252,401.91515806965634
2026-06-07T22:47:01,85,5,850005,"ARX(1,1)",-172.03666817480524,366.0733363496105,403.1503546590148,True,0,0.948502586083356,0.0378545203761591,0.5980368899969795,0.2674558565192747,0.1395992686047056,0.7096452709853406,0.2349252410931386,0.5550615903000548,0.1100480436340861,0.2651263680958545,0.6949158407572005,,,-172.03666817495446,366.0733363499089,403.1503546593132
2026-06-07T22:48:27,85,6,850006,"ARX(1,1)",-171.31233705971562,364.62467411943123,401.70169242883554,True,0,0.0574267488820319,0.0014444275934851,0.9449217772808454,0.2566169167067098,0.0236339613667911,0.7427167204552159,0.3137357867776003,0.4232297896983394,0.1231343725402648,0.2270329380250708,0.7485073144874185,,,-171.31233706031392,364.62467412062784,401.70169243003215
2026-06-07T22:50:50,85,7,850007,"ARX(1,1)",-171.405347853517,364.810695707034,401.8877140164383,True,0,0.0542941471510094,0.0271691758612448,0.947915792304287,0.2669539690364013,0.0229293690884098,0.7184186171838094,0.3173735734918212,0.5017611250835005,0.118715264665044,0.2119932060381825,0.7731159260685082,,,-171.40534785531463,364.81069571062926,401.8877140200336
2026-06-07T22:52:30,85,8,850008,"ARX(1,1)",-172.03736540484343,366.07473080968686,403.15174911909116,True,0,0.9578628506667032,0.0363676494021653,0.5944726910716149,0.2688763347076309,0.1408858587190203,0.7089830957101849,0.2347089352763994,0.5525326342034936,0.1105604038182816,0.2655241556959478,0.6937872460326239,,,-172.03736540745814,366.0747308149163,403.1517491243206
2026-06-07T22:54:24,85,9,850009,"ARX(1,1)",-171.31298793984854,364.6259758796971,401.7029941891014,True,0,0.0572512037167861,0.0016250898599275,0.9449965037346936,0.2596615986444777,0.0236281859999909,0.7395887171814886,0.3137242173175132,0.4238287155768376,0.1226841302449791,0.2263871069136978,0.7493307414995084,,,-171.31298793923756,364.6259758784751,401.7029941878794
2026-06-07T22:56:30,85,10,850010,"ARX(1,1)",-172.03671558776924,366.0734311755385,403.1504494849428,True,0,0.9462269455797792,0.0383654481576551,0.5999182007866557,0.2678181741828975,0.1382849909736208,0.708720935701851,0.2346680319955555,0.5556056588725119,0.1102482304381895,0.2653159185838676,0.6943114191470718,,,-172.0367156003429,366.0734312006858,403.1504495100901
2026-06-07T22:59:12,85,11,850011,"ARX(1,1)",-172.0368786353024,366.0737572706048,403.1507755800091,True,0,0.9286761485432024,0.0379224415838207,0.6038094666591306,0.268222545170943,0.1364521337298791,0.7087918455073037,0.2360179648741641,0.5561726302929643,0.1095150738632688,0.2658911094848437,0.6947613995510044,,,-172.03687863560504,366.07375727121007,403.1507755806144
2026-06-07T23:00:30,85,12,850012,"ARX(1,1)",-171.36134401599503,364.72268803199006,401.79970634139437,True,0,0.0536712584009288,0.0100541600225446,0.9472282282272744,0.2423622744884433,0.023181825734828,0.7527613519836226,0.3183101874147725,0.4506171245924796,0.1224218198424865,0.2153545480298926,0.7649755734677176,,,-171.36134402634377,364.72268805268754,401.7997063620919
2026-06-07T23:04:05,85,13,850013,"ARX(1,1)",-172.037010961386,366.074021922772,403.1510402321763,True,0,0.9478939819434896,0.0370591899247622,0.5963750675379886,0.2703746301489895,0.139732396151022,0.7072385994698719,0.2356162159179333,0.5530052870398897,0.1105165877608079,0.2653773939660085,0.6936913232387479,,,-172.0370109735894,366.0740219471788,403.1510402565831
2026-06-07T23:05:34,85,14,850014,"ARX(1,1)",-171.76696166443662,365.53392332887324,402.61094163827755,True,0,0.0512856933764816,0.0668816736670002,0.954789506008022,0.273527783169557,0.0195660167483229,0.691489818548421,0.2950027870879689,0.5003630022359628,0.1102217907122447,0.2002702334358357,0.7868276553061613,,,-171.76696165689228,365.53392331378456,402.61094162318886
2026-06-07T23:09:10,85,15,850015,"ARX(1,1)",-172.03742818290516,366.0748563658103,403.15187467521463,True,0,0.9202169699805348,0.0381361898667195,0.6065568447357033,0.2701654143345036,0.1349287222650511,0.7066274982244715,0.2363975482902835,0.5578347458843557,0.1092900001132119,0.2661795931079873,0.6947464520367268,,,-172.03742818304144,366.0748563660829,403.1518746754872
2026-06-07T23:10:44,85,16,850016,"ARX(1,1)",-172.03723088823267,366.07446177646534,403.15148008586965,True,0,0.954651892507957,0.0380960560925469,0.5970732211720038,0.2674018622747169,0.1392344609719208,0.7095252908588356,0.2346282804574715,0.5554198672337921,0.1121986382022535,0.2650784431702491,0.692216436864803,,,-172.03723088959123,366.07446177918246,403.1514800885868
2026-06-07T23:12:34,85,17,850017,"ARX(1,1)",-171.4744554427075,364.948910885415,402.0259291948193,True,0,0.0812783770177416,0.0296821404994121,0.9318239332151568,0.2288179441687586,0.0285093318784193,0.7558924120584823,0.300295266650689,0.4871104114989893,0.112019039441148,0.2293319192427237,0.7588837895541284,,,-171.47445548816705,364.9489109763341,402.0259292857384
2026-06-07T23:14:36,85,18,850018,"ARX(1,1)",-171.3251298693412,364.6502597386824,401.7272780480867,True,0,0.0579292135763313,0.0147801815707049,0.9460549429809556,0.2566342030259157,0.0229794060868664,0.736356917999224,0.3103780250613974,0.439033452690673,0.1241335420498774,0.2312175058487499,0.7438734780525602,,,-171.325129888633,364.650259777266,401.7272780866703
2026-06-07T23:16:13,85,19,850019,"ARX(1,1)",-171.31232979691242,364.62465959382484,401.70167790322915,True,0,0.0574997282536639,0.0011184682705516,0.9448724327767872,0.2567435526368911,0.0236476994793614,0.7427415949192492,0.3135420658426396,0.4223607751233957,0.1232019668366194,0.2269760634647509,0.7483684750005221,,,-171.31232979602353,364.6246595920471,401.7016779014514
2026-06-07T23:18:12,85,20,850020,"ARX(1,1)",-172.03666167741073,366.07332335482147,403.1503416642258,True,0,0.950458413156248,0.0376717145311252,0.5973757276383607,0.2690852298426719,0.1397329241560614,0.7080551640368123,0.2347259677932707,0.5553731384196644,0.1096264785137141,0.2656439328970222,0.6944565542460597,,,-172.03666167481668,366.07332334963337,403.1503416590377
2026-06-07T23:19:58,85,21,850021,"ARX(1,1)",-171.3125237215175,364.625047443035,401.7020657524393,True,0,0.0576718135212653,0.0019032140257519,0.94487946124745,0.2576019438392841,0.0236015140107988,0.7415186379355264,0.3127485434488438,0.423878329564086,0.1228577753198694,0.2271439283540511,0.7483333153482749,,,-171.31252372173094,364.6250474434619,401.7020657528662
2026-06-07T23:21:39,85,22,850022,"ARX(1,1)",-172.03665147636315,366.0733029527263,403.1503212621306,True,0,0.9489734106446096,0.0376810475298805,0.598174265836296,0.2682036205270666,0.1387980739248666,0.708848368518098,0.2349017704179478,0.5558934895396966,0.1110224207541746,0.2655686513587998,0.6931689083838534,,,-172.03665150513228,366.07330301026457,403.1503213196689
2026-06-07T23:23:30,85,23,850023,"ARX(1,1)",-172.03699820645113,366.07399641290226,403.15101472230657,True,0,0.9596557244917188,0.0376162690016747,0.5937823137434958,0.2682680065771868,0.1411068787611936,0.7088228013879699,0.2349477025297385,0.5575754608101656,0.1103817202263218,0.2651781751944173,0.6944296819190086,,,-172.0369982085498,366.0739964170996,403.1510147265039
2026-06-07T23:25:25,85,24,850024,"ARX(1,1)",-172.0425562166467,366.0851124332934,403.1621307426977,True,0,0.9572665316784716,0.0372547145294605,0.5895342957890901,0.2642227018453535,0.1418167756177271,0.7137835046770145,0.2373885056355981,0.5451712077236655,0.1095964757614099,0.2648658627438777,0.6959681508217982,,,-172.04255621314522,366.0851124262904,403.1621307356948
2026-06-07T23:28:04,85,25,850025,"ARX(1,1)",-171.36662857674247,364.73325715348494,401.81027546288925,True,0,0.0571166468981783,0.0160914067815754,0.946407522716383,0.2535264696798744,0.0231117418494375,0.7383800012170219,0.3141980299069788,0.4630126656048848,0.1314196450327037,0.2372340765554535,0.7308038729771202,,,-171.36662856238692,364.7332571247738,401.81027543417815
2026-06-07T23:30:09,85,26,850026,"ARX(1,1)",-172.03663651881698,366.07327303763395,403.15029134703826,True,0,0.948732939693634,0.037976028769511,0.5969022119602112,0.2673796669349538,0.139612385684624,0.7094605509470162,0.2355254022226495,0.5571264448881396,0.1103099714218987,0.265441812398632,0.6941107112422554,,,-172.03663651212827,366.0732730242565,403.1502913336609
2026-06-07T23:31:44,85,27,850027,"ARX(1,1)",-172.03662312389503,366.07324624779005,403.15026455719436,True,0,0.9363966203831858,0.0379933210007865,0.6014626190864933,0.269481492392066,0.137473025350373,0.7073924966654653,0.2357236906521274,0.557960414567537,0.1099929352124899,0.2662248689298267,0.6938348618292042,,,-172.0366231254671,366.0732462509342,403.1502645603385
2026-06-07T23:33:15,85,28,850028,"ARX(1,1)",-171.39276878351222,364.78553756702445,401.86255587642876,True,0,0.0568008132428681,0.0249307272632094,0.9462190625218796,0.2720639381821789,0.0235089790803257,0.7143984174759964,0.3177529989979705,0.503638338546778,0.1219713344170012,0.2215317617613941,0.7598303564570565,,,-171.39276878293725,364.7855375658745,401.8625558752788
2026-06-07T23:35:04,85,29,850029,"ARX(1,1)",-171.3123356812988,364.6246713625976,401.7016896720019,True,0,0.0574975104743569,0.001536934419757,0.9449028261132116,0.2567533092381759,0.023632848982267,0.7425382497964128,0.3135526757879326,0.4232518196630444,0.1231825467917706,0.2270638158733317,0.7483832920841976,,,-171.31233568095206,364.6246713619041,401.7016896713084
2026-06-07T23:36:42,85,30,850030,"ARX(1,1)",-172.0366876263888,366.0733752527776,403.15039356218193,True,0,0.9523299163613108,0.0380347005475782,0.5964700225126804,0.2685469315025482,0.1398552383218209,0.7083181859000198,0.2352590598016574,0.557667835858042,0.1106455568544862,0.26572551252001,0.6936271756485898,,,-172.03668763910588,366.07337527821176,403.15039358761607
2026-06-07T23:38:32,85,31,850031,"ARX(1,1)",-172.0367938955312,366.0735877910624,403.1506061004667,True,0,0.9346074558599032,0.0372942725500245,0.6025366693365347,0.2693877849287677,0.1368706032693226,0.7080465945815128,0.2354529053156114,0.5528454375061556,0.1104663257530875,0.2658943469998538,0.6936067839837405,,,-172.0367938955091,366.0735877910182,403.1506061004225
2026-06-07T23:40:14,85,32,850032,"ARX(1,1)",-171.45979257358766,364.9195851471753,401.99660345657963,True,0,0.0512266717851525,0.0434936442346738,0.9522932453648292,0.2577898830198189,0.0211194878672726,0.7182084955590688,0.3114816479933627,0.514550452117633,0.1218711676160458,0.2219067667541572,0.7608978773379421,,,-171.45979257377553,364.9195851475511,401.99660345695537
2026-06-07T23:42:27,85,33,850033,"ARX(1,1)",-171.31235149962447,364.62470299924894,401.70172130865325,True,0,0.0574706802244301,0.001597151849481,0.9448978643634436,0.2568408329269616,0.0236439100822407,0.7424221054545479,0.3136916548360399,0.4235889942086455,0.1231524202251522,0.226975816734063,0.7485429289408367,,,-171.31235149992978,364.6247029998596,401.7017213092639
2026-06-07T23:43:59,85,34,850034,"ARX(1,1)",-172.03646367287257,366.07292734574514,403.14994565514945,True,0,0.9421296596982804,0.0377259753690111,0.5997284784606733,0.2690250895654167,0.1383817582812841,0.7080503800542235,0.2354085944690764,0.556036963978253,0.1101198012474282,0.2657114376136341,0.6942022587470069,,,-172.0364636728667,366.0729273457334,403.1499456551377
2026-06-07T23:45:45,85,35,850035,"ARX(1,1)",-172.03648302832408,366.07296605664817,403.1499843660525,True,0,0.9457100024153297,0.0378709352544214,0.5986350223127807,0.2692220245485413,0.1388870800744889,0.7077530639576639,0.235275222773653,0.5564261516202285,0.1101614914910386,0.2653828622620525,0.6944980368187836,,,-172.03648302814224,366.0729660562845,403.1499843656888
2026-06-07T23:47:38,85,36,850036,"ARX(1,1)",-172.03772569756043,366.07545139512087,403.1524697045252,True,0,0.9529388175124996,0.0364581014970305,0.5962897318294905,0.2686331240000218,0.1386711956839932,0.7094089863590914,0.2350341248396256,0.5491972363232561,0.110769851442346,0.2647431276941399,0.69451086870733,,,-172.03772568753604,366.0754513750721,403.1524696844764
2026-06-07T23:49:34,85,37,850037,"ARX(1,1)",-171.31446417474953,364.62892834949906,401.7059466589034,True,0,0.0557753710709806,0.0016887594119807,0.9457611837563344,0.2576392840887254,0.0234771475900933,0.741574131717353,0.3165532368951051,0.4273303033234209,0.1232440173484044,0.2264929943192113,0.7498457856503825,,,-171.31446415659434,364.6289283131887,401.705946622593
2026-06-07T23:51:09,85,38,850038,"ARX(1,1)",-171.39685197774764,364.7937039554953,401.8707222648996,True,0,0.0788846427642036,0.0139906177237881,0.9326261138731166,0.2501182089516892,0.0281480165622103,0.7431516764654853,0.2989937851868114,0.4447378624232076,0.1173632307542436,0.2376102612083289,0.7408958568410627,,,-171.396851956329,364.793703912658,401.8707222220623
2026-06-07T23:52:52,85,39,850039,"ARX(1,1)",-171.31233440744677,364.62466881489354,401.70168712429785,True,0,0.0574547881428137,0.0014083821465819,0.9449039171642236,0.2568136141189445,0.0236411088695221,0.742536613609244,0.3137027126087211,0.4231117851230126,0.1231384767292534,0.2269943464559795,0.7485589453092849,,,-171.31233440695223,364.62466881390446,401.7016871233088
2026-06-07T23:54:40,85,40,850040,"ARX(1,1)",-172.03691345444236,366.0738269088847,403.150845218289,True,0,0.9360385921298028,0.037472403926102,0.6013814198154915,0.270246216681774,0.1374398589459726,0.7071912065946562,0.2356633790181202,0.5520620501345392,0.1100552547299943,0.2648291527289096,0.6951355596997496,,,-172.03691345422072,366.0738269084415,403.15084521784576
2026-06-07T22:38:02,86,1,860001,"ARX(1,1)",-171.3123283231186,364.6246566462372,401.7016749556415,True,0,0.0574576809431401,0.0013664700304264,0.94491549844711,0.256624335961855,0.0236314941279055,0.742745955887203,0.3135792666420687,0.4229894017481417,0.1231730801781904,0.2270385370020582,0.7484065267756946,,,-171.3123283231704,364.6246566463408,401.7016749557451
2026-06-07T22:39:49,86,2,860002,"ARX(1,1)",-172.0382700340901,366.0765400681802,403.1535583775845,True,0,0.9389914071006992,0.0389855067134966,0.5996819399401254,0.2684470475740247,0.1402961652796434,0.707486819049575,0.2358706883099509,0.5651915810315097,0.1101136952121044,0.2660450575829067,0.6939427848263703,,,-172.03827003048218,366.0765400609644,403.1535583703687
2026-06-07T22:41:48,86,3,860003,"ARX(1,1)",-171.35610400724724,364.7122080144945,401.7892263238988,True,0,0.0591461572378563,0.023615439019222,0.9456562021246204,0.2535865918517723,0.0230105075444843,0.734653039940263,0.3098701111939393,0.4642484237070877,0.1202954926814004,0.2270703249557728,0.7531118990340926,,,-171.35610399929163,364.71220799858327,401.7892263079876
2026-06-07T22:44:05,86,4,860004,"ARX(1,1)",-171.46556259616182,364.93112519232363,402.00814350172794,True,0,0.0847448502052088,0.0328745414752023,0.9313885316771288,0.2513630318119155,0.0283983358913718,0.7306358860416724,0.2952519941284207,0.5027907057800798,0.1187439846525396,0.2403082062845875,0.7380697992791171,,,-171.46556259645553,364.9311251929111,402.00814350231536
2026-06-07T22:45:23,86,5,860005,"ARX(1,1)",-172.03647310401783,366.07294620803566,403.14996451743997,True,0,0.9427321900892168,0.0378402238676582,0.5993552866259055,0.2688036560691119,0.1386110418249594,0.70820869917832,0.2354624723976663,0.5560549157998625,0.109946562717314,0.2657253504345807,0.6943366443449271,,,-172.036473103912,366.072946207824,403.1499645172283
2026-06-07T22:46:55,86,6,860006,"ARX(1,1)",-171.50948389456346,365.0189677891269,402.0959860985312,True,0,0.0549407810460333,0.0150889460365443,0.946264013246964,0.314406627005415,0.0232691226112032,0.67848475968843,0.3184197530976372,0.4516240983252756,0.1037287579380686,0.2170851688157487,0.7797493736543158,,,-171.50948389275817,365.01896778551634,402.0959860949207
2026-06-07T22:48:36,86,7,860007,"ARX(1,1)",-171.31234770377102,364.62469540754205,401.70171371694636,True,0,0.0575116668298365,0.001320997956521,0.9448899763237676,0.2567674226204867,0.0236337847426466,0.7426243289159336,0.3135080900248542,0.4222670841063522,0.1231581021008368,0.2272581519597897,0.7480883130557343,,,-171.31234770395153,364.6246954079031,401.70171371730737
2026-06-07T22:51:41,86,8,860008,"ARX(1,1)",-172.03648349772683,366.07296699545367,403.149985304858,True,0,0.9425956800944758,0.0375935843749794,0.5991528335967221,0.2690027401200867,0.13872328594309,0.7081916927604316,0.2355272139884285,0.555372128767713,0.1101755952707888,0.2655554159297565,0.6942549635819786,,,-172.03648349773516,366.0729669954703,403.1499853048746
2026-06-07T22:53:29,86,9,860009,"ARX(1,1)",-172.0365982332475,366.073196466495,403.1502147758993,True,0,0.9465194266668358,0.0375613985420414,0.5978061732185724,0.2680841572993537,0.1399845241083473,0.7090812076025028,0.2353860155244599,0.5568663981361528,0.1105094286477375,0.2654578128234682,0.6940476765373522,,,-172.03659821237153,366.0731964247431,403.15021473414737
2026-06-07T22:58:41,86,10,860010,"ARX(1,1)",-172.03771953822044,366.0754390764409,403.1524573858452,True,0,0.942755686458198,0.0378856451746796,0.5998418299510078,0.2722935707652388,0.1387401746971978,0.7049254740375913,0.2348241500551639,0.5530512184861103,0.1076818211515399,0.2644045506334967,0.6981406210658417,,,-172.03771953849343,366.07543907698687,403.1524573863912
2026-06-07T23:00:26,86,11,860011,"ARX(1,1)",-172.03648890177007,366.07297780354014,403.14999611294445,True,0,0.9402514757890814,0.0378867333438038,0.6004462571082549,0.2687635702729724,0.1377520196921342,0.7081791606239691,0.2354831467555552,0.5564523046382484,0.110116634335808,0.2658229547061283,0.6940921351602268,,,-172.0364889017526,366.0729778035052,403.1499961129095
2026-06-07T23:02:23,86,12,860012,"ARX(1,1)",-172.03723085939288,366.07446171878576,403.15148002819006,True,0,0.9646085443712004,0.0383088554594227,0.5934505561036303,0.2687572474721436,0.1413166501391443,0.7080163186222488,0.2343151741372955,0.5558387527277121,0.1102910273967019,0.2649442669563674,0.6946029317900239,,,-172.03723085753734,366.0744617150747,403.151480024479
2026-06-07T23:04:06,86,13,860013,"ARX(1,1)",-172.09532805622442,366.19065611244883,403.26767442185314,True,0,0.7833127816775298,0.0399164121649339,0.6621713152728004,0.2719527095611393,0.1081809371428423,0.7048119366520463,0.237145955513522,0.5370656629960987,0.1062551538508266,0.2724519535642171,0.6935862312145802,,,-172.09532805620876,366.1906561124175,403.2676744218218
2026-06-07T23:06:46,86,14,860014,"ARX(1,1)",-172.03646483550818,366.07292967101637,403.1499479804207,True,0,0.9428420523748516,0.0377782887857824,0.5995655712707112,0.2692678074497902,0.1384179370319611,0.7077880609693813,0.2353579919741081,0.5558552244208926,0.1101207435134742,0.2655457149007978,0.6943726320516018,,,-172.0364648355395,366.072929671079,403.1499479804833
2026-06-07T23:08:41,86,15,860015,"ARX(1,1)",-171.31748500460253,364.63497000920506,401.7119883186094,True,0,0.0584172389232799,0.0069207488669214,0.944822731362448,0.2547167436999292,0.0235219919660195,0.7420281642511717,0.3130036477386331,0.4311512190921126,0.1235386407571575,0.2332033571348943,0.7417533451640561,,,-171.31748500389455,364.6349700077891,401.7119883171934
2026-06-07T23:10:27,86,16,860016,"ARX(1,1)",-172.0402666559978,366.0805333119956,403.15755162139993,True,0,0.99011889405963,0.0384885330248253,0.5857683130457566,0.2663922453994726,0.1452559704182832,0.7100748072406193,0.2332956168743632,0.5611742057575133,0.1113680508519772,0.2642505591530803,0.6938763143425852,,,-172.0402666560432,366.0805333120864,403.1575516214907
2026-06-07T23:12:04,86,17,860017,"ARX(1,1)",-172.03689064638144,366.0737812927629,403.1507996021672,True,0,0.9514278410654268,0.0376026520439542,0.5975240867933627,0.2679301097924734,0.1385745364001258,0.7093001653987864,0.2350518759081356,0.5532453959761542,0.1111771086245956,0.2658453326387636,0.6931995040277162,,,-172.03689064109142,366.0737812821829,403.1507995915872
2026-06-07T23:13:37,86,18,860018,"ARX(1,1)",-172.03713457079,366.07426914158,403.1512874509843,True,0,0.9437802086030622,0.0386659048465808,0.599198506351176,0.2684170129737541,0.1394925618402696,0.7079931905637628,0.2353808813665167,0.5530623037319955,0.1107257992228982,0.2658056881597264,0.6935628839121533,,,-172.03713456278825,366.0742691255765,403.1512874349808
2026-06-07T23:15:40,86,19,860019,"ARX(1,1)",-172.03686156067192,366.07372312134385,403.15074143074816,True,0,0.9519885550689008,0.0375318921775428,0.597641841323241,0.2687684148813643,0.1390074919021077,0.7082510551390453,0.234456295494651,0.557612706842318,0.1101165137590124,0.265354102654313,0.6942689939630239,,,-172.03686154805945,366.0737230961189,403.1507414055232
2026-06-07T23:18:33,86,20,860020,"ARX(1,1)",-172.03689901527423,366.07379803054846,403.15081633995277,True,0,0.9592259876674,0.0381281566966797,0.5947672631079113,0.2686746882678194,0.1407866035725531,0.7081024273849004,0.2346863799897154,0.5564086116926191,0.1105358437624698,0.2650099162562791,0.6944184629062863,,,-172.03689901437488,366.07379802874976,403.1508163381541
2026-06-07T23:19:48,86,21,860021,"ARX(1,1)",-171.32727809593626,364.65455619187253,401.73157450127684,True,0,0.0605029936951551,0.010010609427183,0.9442150948047446,0.2575640708452055,0.0234658297614315,0.7376211819385597,0.3085728630539089,0.4387802871079926,0.1230557252737271,0.2369323746581436,0.7378597671932672,,,-171.32727800245107,364.6545560049021,401.7315743143064
2026-06-07T23:22:29,86,22,860022,"ARX(1,1)",-171.41244719628062,364.82489439256125,401.90191270196556,True,0,0.0606252496094102,0.020559496554129,0.9430338635308052,0.2866901146811118,0.0245272164104964,0.7030626528314688,0.3150603427191651,0.472454908458174,0.1167093182451989,0.2125516218700166,0.7707202203777258,,,-171.41244621561987,364.8248924312397,401.901910740644
2026-06-07T23:24:00,86,23,860023,"ARX(1,1)",-171.3123440417707,364.6246880835414,401.7017063929457,True,0,0.0575535372169962,0.0014842569198535,0.944886899622048,0.2566275105555348,0.0236307481074045,0.7426885280715212,0.3134375419789262,0.4228734229292322,0.1233697427609591,0.2273444766675651,0.7478083874327011,,,-171.31234404173068,364.62468808346136,401.7017063928657
2026-06-07T23:26:02,86,24,860024,"ARX(1,1)",-172.03651839496112,366.07303678992224,403.15005509932655,True,0,0.9446615168986046,0.0376071018410944,0.5986562542835523,0.2698924973810471,0.1390924110961331,0.7073209235259342,0.2353858820792623,0.555250014367988,0.1102110350337172,0.2658018237997974,0.6939582817107411,,,-172.036518394599,366.073036789198,403.1500550986023
2026-06-07T23:28:01,86,25,860025,"ARX(1,1)",-171.31234923224764,364.6246984644953,401.7017167738996,True,0,0.057637560941605,0.0010467975018574,0.9447918863597008,0.2566788066311046,0.0236624741417126,0.7428386074197307,0.3133938452945634,0.4225570033137136,0.1232480001125451,0.2273435706414883,0.7478720761992232,,,-171.31234923168293,364.62469846336586,401.70171677277017
2026-06-07T23:30:06,86,26,860026,"ARX(1,1)",-171.38642239968547,364.77284479937094,401.84986310877525,True,0,0.0592053520483709,0.0350001256303358,0.9473106339822328,0.2557326109250585,0.0220618930971613,0.7271569714498047,0.305159749677434,0.459425879496299,0.1223694423275241,0.2327182450051707,0.743745639137251,,,-171.3864223997311,364.7728447994622,401.8498631088665
2026-06-07T23:31:58,86,27,860027,"ARX(1,1)",-172.0374214827595,366.074842965519,403.1518612749233,True,0,0.9663680490289442,0.037754084243763,0.5926112065165625,0.2691545762293472,0.14182179755363,0.7079269976708018,0.2343158150384731,0.5556395845125152,0.1104284111541445,0.2658938186022918,0.6935652576782543,,,-172.03742148378797,366.07484296757593,403.1518612769802
2026-06-07T23:34:19,86,28,860028,"ARX(1,1)",-172.03661472120945,366.0732294424189,403.1502477518232,True,0,0.9523646108166482,0.0379354869356434,0.5962614462668911,0.2686139570736882,0.1399866402370972,0.7083111423633806,0.2351384036506539,0.5565357236192113,0.1104199060519889,0.2656004762749598,0.6938607214873678,,,-172.0366147196071,366.0732294392142,403.1502477486185
2026-06-07T23:35:57,86,29,860029,"ARX(1,1)",-171.36325697916882,364.72651395833765,401.80353226774196,True,0,0.0594181071854713,0.0289202781196349,0.9464223871900008,0.2596511380804615,0.0225318357256661,0.7262800503181579,0.3071345133415244,0.4558507876776029,0.1227431013706537,0.2319921060907911,0.7438227536824085,,,-171.3632569794262,364.7265139588524,401.80353226825673
2026-06-07T23:37:22,86,30,860030,"ARX(1,1)",-172.03648350361078,366.07296700722156,403.1499853166259,True,0,0.9438900292867928,0.0378064518545762,0.5993086498715531,0.2687103201397429,0.1383170551167122,0.7083863704233673,0.2353163976152407,0.5554604760852018,0.1102271222619009,0.2653442002408284,0.6943904094562738,,,-172.03648350361078,366.0729670072216,403.1499853166259
2026-06-07T23:39:11,86,31,860031,"ARX(1,1)",-98.25901086626047,218.51802173252094,255.59504004192522,True,0,2.2160173921683084,2.9889915317528817,0.9859522388747451,0.3127484554811439,0.0011352044659642,0.6074005378912726,0.0308570026069908,0.0859596821929581,0.0924646291662881,0.3836361745300563,0.5923982782393294,,,-98.2590108662978,218.51802173259563,255.5950400419999
2026-06-07T23:46:22,86,33,860033,"ARX(1,1)",-172.03664453190652,366.07328906381304,403.15030737321734,True,0,0.9408722670592652,0.0377393554646355,0.599792990213564,0.2686612026738295,0.1374503119574744,0.7083138532657097,0.2358098393652162,0.5575004721647707,0.1102529569705965,0.264974009820638,0.6950233044981615,,,-172.03664453194784,366.0732890638957,403.1503073733
2026-06-07T23:47:54,86,34,860034,"ARX(1,1)",-172.03680013679963,366.07360027359925,403.15061858300356,True,0,0.9483220190979668,0.0376965535418166,0.5980151158665546,0.2694226574970245,0.1388933512226752,0.7077596327263488,0.2350621619048826,0.5525917002411627,0.1107802029833799,0.2649749437180153,0.6939524999248461,,,-172.03680013536183,366.07360027072366,403.150618580128
2026-06-07T23:50:12,86,35,860035,"ARX(1,1)",-172.36246774851443,366.72493549702887,403.8019538064332,True,0,0.727241573725952,0.0424103882519421,0.6971405830654498,0.3416369281728783,0.1040269900907123,0.6356943175047727,0.2276405277617464,0.530250281653863,0.0880116176294695,0.2614815599102834,0.731063483326901,,,-172.36246775040627,366.7249355008125,403.8019538102168
2026-06-07T23:52:26,86,36,860036,"ARX(1,1)",-172.0364806573344,366.0729613146688,403.1499796240731,True,0,0.9398195776862108,0.037668805768682,0.6003706366346763,0.2693534991007605,0.1379302027459875,0.707752015014071,0.2355409089344372,0.5558995674380428,0.1100500296124292,0.2658125545154811,0.6941887529241718,,,-172.03648065735922,366.0729613147184,403.1499796241228
2026-06-07T23:54:27,86,37,860037,"ARX(1,1)",-172.03649830135248,366.07299660270496,403.15001491210927,True,0,0.941346796107808,0.0376958962242117,0.6003519152291953,0.2691223080144675,0.138063828847242,0.7080104682246916,0.2352744968310797,0.5552807952138403,0.1102276811326608,0.2659910247605218,0.6938054913437643,,,-172.03649830153253,366.07299660306506,403.1500149124694
2026-06-07T23:57:43,86,38,860038,"ARX(1,1)",-172.03762935089503,366.07525870179006,403.15227701119437,True,0,0.9674197700813814,0.0385952169625054,0.5924644768862319,0.268466172897794,0.1422118352304234,0.7079853928099481,0.2343490241416076,0.5595943644906727,0.1108561319759445,0.2653721478467084,0.6935215636712078,,,-172.0376293497688,366.0752586995376,403.1522770089419
2026-06-07T23:59:51,86,39,860039,"ARX(1,1)",-171.6617581790867,365.3235163581734,402.4005346675777,True,0,0.0604209315558328,0.06433448364537,0.9505911543741744,0.2681038052365125,0.0205226155325277,0.696869575083747,0.292136481657637,0.5113841694186032,0.1193109366816356,0.2343790145316541,0.7480114195544505,,,-171.6617581812314,365.3235163624628,402.4005346718671
2026-06-08T00:02:28,86,40,860040,"ARX(1,1)",-171.31556734098731,364.63113468197463,401.70815299137894,True,0,0.058587980699845,0.0055213966833178,0.9446003496411568,0.2575381813614524,0.023568581409927,0.7398875201420712,0.3112721797879352,0.4286206990632252,0.1199518882873169,0.2271093606353214,0.7518611180345882,,,-171.31556729110653,364.63113458221306,401.7081528916174
2026-06-07T22:43:31,87,1,870001,"ARX(1,1)",-172.03659428552578,366.07318857105156,403.15020688045587,True,0,0.9461522657866616,0.0378839219039191,0.5980359510709391,0.2675440267853747,0.1388941517675858,0.7093978558900401,0.2355249056898553,0.5569152789931857,0.1103153524166977,0.2662026918618068,0.6934264872484451,,,-172.0365942853204,366.0731885706408,403.1502068800451
2026-06-07T22:45:42,87,2,870002,"ARX(1,1)",-171.53640885973385,365.0728177194677,402.149836028872,True,0,0.0792020583278741,0.0214322082696101,0.9317555528713684,0.2559925453832636,0.0299290499748496,0.7325004685260199,0.2982605707642554,0.5114734672375166,0.1158679132147073,0.2119593006253533,0.7729009018409785,,,-171.53640885964398,365.072817719288,402.1498360286923
2026-06-07T22:47:14,87,3,870003,"ARX(1,1)",-172.03658029328585,366.0731605865717,403.150178895976,True,0,0.936674702091156,0.0375385500303444,0.601035527140113,0.2684391645615275,0.1376521520208865,0.7088140530518768,0.2357410253690078,0.5548513410037944,0.1099513071643434,0.265807390681913,0.694311095746209,,,-172.03658029327966,366.0731605865593,403.1501788959636
2026-06-07T22:49:38,87,4,870004,"ARX(1,1)",-172.03697635456962,366.07395270913923,403.15097101854354,True,0,0.9574187011873578,0.0382319929099367,0.5942070949447759,0.2674036124893363,0.1412027010612418,0.7093957547926516,0.2351702914055239,0.5553432642282817,0.1108134166039469,0.2647909812978389,0.6940990020797623,,,-172.0369763802653,366.0739527605306,403.1509710699349
2026-06-07T22:51:41,87,5,870005,"ARX(1,1)",-171.39267761458825,364.7853552291765,401.8623735385808,True,0,0.0573837847143409,0.0241470970615295,0.9456685550743994,0.2741837671664907,0.0236976938927656,0.7127792134665408,0.3174464004383202,0.5007014893847069,0.1195603474925376,0.2192456821211663,0.764744705722567,,,-171.39267761102363,364.78535522204726,401.8623735314516
2026-06-07T22:53:51,87,6,870006,"ARX(1,1)",-171.34291061990476,364.6858212398095,401.7628395492138,True,0,0.0618942339013984,0.0079999041008537,0.9423259362365064,0.2601340904254941,0.0244910634855762,0.7359074990095017,0.3122121218367902,0.4512946655215484,0.1216482341618985,0.233966208725025,0.7440898500892706,,,-171.34291194602667,364.68582389205335,401.76284220145766
2026-06-07T22:55:41,87,7,870007,"ARX(1,1)",-172.0364793208222,366.0729586416444,403.1499769510487,True,0,0.9448012312677184,0.0377160257348638,0.5986609705008117,0.2691513995883833,0.1388466279964747,0.7079149918959939,0.2354396660613552,0.5566244352909073,0.1102468129358092,0.2657469806787391,0.6940243600253695,,,-172.03647932069316,366.0729586413863,403.1499769507906
2026-06-07T22:57:45,87,8,870008,"ARX(1,1)",-171.3838592183816,364.7677184367632,401.8447367461675,True,0,0.0594256415478849,0.0300245434708286,0.9466687801184884,0.2683000494828702,0.0225284315433696,0.7166639466363159,0.3054998988075779,0.4706128351632307,0.1206273417523578,0.230923184670194,0.749004444967597,,,-171.38385919581742,364.7677183916349,401.8447367010392
2026-06-07T22:59:06,87,9,870009,"ARX(1,1)",-172.0369135135178,366.0738270270356,403.1508453364399,True,0,0.956364308507086,0.0382324159379774,0.5952273642754422,0.2668670524056322,0.1399770814935241,0.7100873848890807,0.2349784871033871,0.556264670816117,0.1104077624117731,0.2650121633084608,0.694500733028457,,,-172.0369135132364,366.0738270264728,403.15084533587714
2026-06-07T23:01:18,87,10,870010,"ARX(1,1)",-171.46379394652558,364.92758789305117,402.0046062024555,True,0,0.0537801609334325,0.0289271987091629,0.950384460270398,0.2766822647755778,0.021269881924745,0.7081763138635014,0.3070292837459567,0.4730734274731764,0.113954101991636,0.249856630576495,0.7349259072019572,,,-171.4637939464181,364.9275878928362,402.0046062022405
2026-06-07T23:03:13,87,11,870011,"ARX(1,1)",-172.03670850668175,366.0734170133635,403.1504353227678,True,0,0.9332058002297356,0.0373370435245753,0.6016209554868978,0.2689514657887474,0.1372788923878644,0.7084363864100222,0.2360843261879161,0.5560288841173234,0.1100393580910724,0.2655118245013154,0.694624353655464,,,-172.03670850911016,366.0734170182203,403.1504353276246
2026-06-07T23:04:43,87,12,870012,"ARX(1,1)",-171.31234318345298,364.62468636690596,401.70170467631027,True,0,0.0575718487665785,0.001594649162313,0.9448758477853494,0.2567628571272567,0.0236318837751726,0.7425009453555073,0.3134164266286339,0.423310969796147,0.1231529399850628,0.227372277410338,0.7480584449014759,,,-171.31234318261676,364.6246863652335,401.7017046746378
2026-06-07T23:10:01,87,13,870013,"ARX(1,1)",-172.0366926422683,366.0733852845366,403.1504035939409,True,0,0.94900494034655,0.0374043259475926,0.5979867849431475,0.269441245102926,0.1398538680022444,0.7078559745093579,0.2347113608816539,0.553909052792672,0.1104082536303949,0.2651479229174886,0.6941875202284749,,,-172.0366926417778,366.0733852835556,403.1504035929599
2026-06-07T23:11:47,87,14,870014,"ARX(1,1)",-171.31255887508615,364.6251177501723,401.7021360595766,True,0,0.057407702374579,0.0012768620879781,0.9448615182296924,0.2583888372732615,0.0236813092000166,0.7410211577419081,0.3139964777365941,0.4238808575955624,0.1228227274798098,0.2271045684733859,0.7487148434349825,,,-171.31255887503585,364.6251177500717,401.702136059476
2026-06-07T23:14:23,87,15,870015,"ARX(1,1)",-171.3123426851309,364.6246853702618,401.7017036796661,True,0,0.0574993978935532,0.0013382982949913,0.9449047351806644,0.2564182529954746,0.0236269986183453,0.7429658411089837,0.3135323842571867,0.4228460454967697,0.1232861969705893,0.2273102554562446,0.7480091207764159,,,-171.31234268617888,364.62468537235776,401.70170368176207
2026-06-07T23:15:52,87,16,870016,"ARX(1,1)",-171.31232668913185,364.6246533782637,401.701671687668,True,0,0.0575011392023462,0.0013421729135464,0.9448906413132856,0.2567343232492819,0.0236370380384593,0.7426464385280723,0.3135456658934719,0.4229185486452217,0.123201391855894,0.2271490144958239,0.7482419849807093,,,-171.31232668882632,364.62465337765263,401.70167168705694
2026-06-07T23:18:01,87,17,870017,"ARX(1,1)",-172.03661027939492,366.07322055878984,403.15023886819415,True,0,0.9462399605862936,0.037624254680523,0.5981949461107384,0.2686312768566591,0.1389270461202333,0.7086507447917821,0.2351875671513369,0.5538365670868037,0.1100893385545805,0.2654598338336226,0.6942519296804286,,,-172.03661027956855,366.0732205591371,403.1502388685414
2026-06-07T23:19:58,87,18,870018,"ARX(1,1)",-171.32330066386368,364.64660132772735,401.72361963713166,True,0,0.0561348371064515,0.0076496139949711,0.945792735985252,0.2595918272001423,0.0234278642466206,0.7367762467885128,0.315120924024651,0.4392239245660081,0.119957213118579,0.2222911580012748,0.7578885568098982,,,-171.32330062130853,364.64660124261707,401.7236195520214
2026-06-07T23:22:12,87,19,870019,"ARX(1,1)",-172.0388584641802,366.0777169283604,403.1547352377647,True,0,0.9693158211457448,0.0387646424182081,0.5911140863486213,0.2652438296563557,0.142905023466578,0.7111414280974254,0.2347303384752037,0.5634452419952055,0.1118063096565616,0.265367495120974,0.6924209411050255,,,-172.0388584691762,366.0777169383524,403.1547352477567
2026-06-07T23:23:09,87,20,870020,"ARX(1,1)",-171.32081591108283,364.64163182216566,401.71865013157,True,0,0.0578812296713319,0.0002451837454237,0.9450382389353909,0.2475481597111792,0.0233728243612018,0.7523402942835187,0.3110802617061753,0.4151139482726128,0.1241316822814171,0.2295769822863345,0.7435782356463183,,,-171.32081590849486,364.6416318169897,401.7186501263941
2026-06-07T23:24:57,87,21,870021,"ARX(1,1)",-172.03668836021558,366.07337672043116,403.15039502983547,True,0,0.9318145476870692,0.0377246753733758,0.6026869861884196,0.2688427061668357,0.1370619648695643,0.7082181092427348,0.2359238152178289,0.5553138803549648,0.1099433918554521,0.2660086669267916,0.6941543021279869,,,-172.03668835877403,366.07337671754806,403.1503950269524
2026-06-07T23:27:17,87,22,870022,"ARX(1,1)",-171.38821763081654,364.7764352616331,401.8534535710374,True,0,0.066185027125479,0.0090076668592181,0.9407523156984584,0.23351796920582,0.0241827149355692,0.7622373365198911,0.3060139607662789,0.4256068953641135,0.1188482563635702,0.2459156776687612,0.7303744401959023,,,-171.38821763028758,364.7764352605752,401.8534535699795
2026-06-07T23:29:00,87,23,870023,"ARX(1,1)",-171.31235420720384,364.6247084144077,401.701726723812,True,0,0.0573930800411976,0.0008138121014108,0.944893299145342,0.2567109050351576,0.0236553971080856,0.7429148639623976,0.3137048337527156,0.4220883233383543,0.1231058685285214,0.226555813237419,0.7489320623048331,,,-171.31235420730331,364.6247084146066,401.7017267240109
2026-06-07T23:30:30,87,24,870024,"ARX(1,1)",-171.3281607691066,364.6563215382132,401.7333398476175,True,0,0.0614533749047555,0.0005032578370189,0.9422614178442004,0.2611158531291767,0.0244655817938856,0.738646580761778,0.3133678732582178,0.4285544694259631,0.1231162893321685,0.2374560124927291,0.7382849474064982,,,-171.32816076834905,364.6563215366981,401.7333398461024
2026-06-07T23:32:22,87,25,870025,"ARX(1,1)",-171.34869603089663,364.69739206179327,401.7744103711976,True,0,0.0578396770056185,0.0192481339364647,0.9463648442196528,0.2496224219409092,0.0228378518884186,0.7408154665695649,0.3117764485490955,0.4575895154448366,0.125052873249088,0.2363708302394909,0.7385780653410307,,,-171.3486960293768,364.6973920587536,401.77441036815793
2026-06-07T23:34:11,87,26,870026,"ARX(1,1)",-172.0365851968204,366.0731703936408,403.1501887030451,True,0,0.934510731543476,0.0375813130042352,0.6020678257856665,0.2694626056339282,0.1370339000440019,0.7077150720399865,0.2357464318362238,0.5554789487888362,0.1100093600884076,0.2659180110251316,0.6941724854962948,,,-172.03658519687616,366.0731703937523,403.15018870315663
2026-06-07T23:36:07,87,27,870027,"ARX(1,1)",-171.31233520550725,364.6246704110145,401.7016887204188,True,0,0.0573536010062611,0.0013653060305095,0.9449782293631114,0.2565092545305223,0.0236121713675062,0.742860836994168,0.313636273299366,0.4229692340132913,0.1231676513346324,0.2269732664484901,0.7484360093506115,,,-171.3123352061188,364.6246704122376,401.7016887216419
2026-06-07T23:38:34,87,28,870028,"ARX(1,1)",-172.0364640830577,366.0729281661154,403.1499464755197,True,0,0.9419959497559616,0.0377724104044049,0.5996934891874496,0.2691078450440069,0.1382826738593646,0.70793402728984,0.2354714445610637,0.5559164256097773,0.1101331180530126,0.265699487258449,0.6941741572832592,,,-172.03646408313162,366.0729281662632,403.1499464756676
2026-06-07T23:40:01,87,29,870029,"ARX(1,1)",-172.03690829567935,366.0738165913587,403.150834900763,True,0,0.9277279802597512,0.0372934798186344,0.6038640044563044,0.2695509910510406,0.1361063383271603,0.7078976405066748,0.2361423692775231,0.5540684231572323,0.1100304890085157,0.2661247820057726,0.6940252213918319,,,-172.0369082956821,366.0738165913642,403.1508349007685
2026-06-07T23:41:28,87,30,870030,"ARX(1,1)",-171.39213685028594,364.7842737005719,401.8612920099762,True,0,0.0570636216622324,0.0246059210305264,0.946033433061284,0.2733366294675283,0.0235478123398927,0.7133558883309695,0.3169704752690411,0.5020290764261979,0.1206196749934127,0.2201062021908463,0.7625192289098968,,,-171.39213684971674,364.7842736994335,401.8612920088378
2026-06-07T23:43:36,87,31,870031,"ARX(1,1)",-171.3711398679347,364.7422797358694,401.8192980452737,True,0,0.0568487190442328,0.0207182884551185,0.9468334287943224,0.273949784595517,0.0228747730103045,0.7155609020217155,0.3117605063097858,0.4679974627392471,0.123417878864268,0.232692707677682,0.7422709120027887,,,-171.37113986861124,364.7422797372225,401.8192980466268
2026-06-07T23:45:16,87,32,870032,"ARX(1,1)",-172.0366690978158,366.0733381956316,403.1503565050359,True,0,0.938930523500294,0.0378409383735317,0.5999169199751094,0.269843172926011,0.1387754369106454,0.707052555786395,0.235884835104232,0.5585551632355475,0.1098197375994562,0.2660158873140613,0.6942926994273032,,,-172.03666909679134,366.0733381935827,403.150356502987
2026-06-07T23:47:06,87,33,870033,"ARX(1,1)",-172.03890777638048,366.07781555276097,403.1548338621653,True,0,0.9821979889306136,0.0380460330231008,0.5874473657180685,0.2685137034208161,0.1444522673832743,0.7084310300204183,0.2338256887233407,0.5554669557042581,0.1110982814157439,0.2640201635787063,0.6944566941812476,,,-172.03890777660914,366.0778155532183,403.1548338626226
2026-06-07T23:48:43,87,34,870034,"ARX(1,1)",-171.39258430514127,364.78516861028254,401.86218691968685,True,0,0.0566626903183067,0.0251162752550377,0.9463126936683428,0.271918555839458,0.0234460259299703,0.7144771264260641,0.3170495863398602,0.502885861107513,0.1196501974299745,0.2195646358092438,0.7644161132760777,,,-171.39258430514147,364.7851686102829,401.8621869196873
2026-06-07T23:51:14,87,35,870035,"ARX(1,1)",-171.3689927178957,364.7379854357914,401.8150037451957,True,0,0.0480966386000423,0.020395167607751,0.9524810073195018,0.2534852792770977,0.0213754145874049,0.7365543797507436,0.3153542401504256,0.4540817691863132,0.1248537734341242,0.2232141018913518,0.7542491265466701,,,-171.36899266769242,364.7379853353849,401.8150036447892
2026-06-07T23:53:45,87,36,870036,"ARX(1,1)",-172.0367026623241,366.0734053246482,403.1504236340525,True,0,0.951452738978658,0.0376178276003279,0.5970063275564499,0.2681378115746466,0.1404038755325903,0.7091309075487914,0.2348684988094617,0.5552443063436414,0.1107299195492043,0.2653183430617287,0.6937160501889172,,,-172.03670266894926,366.0734053378985,403.1504236473028
2026-06-07T23:55:36,87,37,870037,"ARX(1,1)",-172.03699833189236,366.0739966637847,403.15101497318904,True,0,0.9256806400825198,0.037727596232716,0.6045226100280542,0.2701633292714143,0.1359558569755728,0.7069243908419482,0.2361779502090142,0.5553068035701844,0.1093506613240541,0.2657378664740021,0.6951768056069099,,,-172.03699832206962,366.0739966441392,403.1510149535436
2026-06-07T23:57:26,87,38,870038,"ARX(1,1)",-172.0367177119823,366.0734354239646,403.1504537333689,True,0,0.9466781751601854,0.0371603894782418,0.5968760326231417,0.2691825357567874,0.1402167092401683,0.7084129772927427,0.2356445190225972,0.5548218690108685,0.1099872977195311,0.2655758956565863,0.6944544124804257,,,-172.03671771195127,366.07343542390254,403.1504537333069
2026-06-07T23:59:03,87,39,870039,"ARX(1,1)",-172.03646526832222,366.07293053664444,403.14994884604874,True,0,0.9423545887688736,0.0378395513059164,0.5995388799478408,0.2688994158228585,0.1384062549253762,0.7080860392898004,0.2354610459062614,0.5563360573242685,0.1101555692468458,0.2656456085488874,0.6942033088100398,,,-172.0364652683362,366.0729305366724,403.1499488460767
2026-06-08T00:01:18,87,40,870040,"ARX(1,1)",-172.03688162091817,366.07376324183633,403.15078155124064,True,0,0.9336633989564512,0.0376906203356555,0.6020269187017241,0.2711618925680937,0.1381350424975596,0.7058681891573998,0.2358058363521515,0.5585146922293598,0.1098513422234441,0.2659890962506242,0.6944082654407823,,,-172.03688161681953,366.0737632336391,403.15078154304337
2026-06-07T22:38:12,88,1,880001,"ARX(1,1)",-171.3930065252934,364.7860130505868,401.8630313599911,True,0,0.0583082442884308,0.024207869720571,0.9453570603367228,0.2764653175866314,0.0237106712945792,0.7105129002700099,0.3154082108732772,0.4990941285802824,0.1204202387284502,0.2203613775196649,0.762060160401412,,,-171.39300652319798,364.786013046396,401.8630313558003
2026-06-07T22:39:49,88,2,880002,"ARX(1,1)",-172.03752627618832,366.07505255237663,403.15207086178094,True,0,0.9479342450337124,0.0383287283146926,0.5982661830942875,0.2687206398018782,0.1405765235036466,0.7078506875887651,0.234940085665493,0.5616647615654584,0.11165642572675,0.2653406047964358,0.6927287115255447,,,-172.03752627604473,366.0750525520895,403.15207086149377
2026-06-07T22:41:16,88,3,880003,"ARX(1,1)",-171.31234918320663,364.62469836641327,401.7017166758176,True,0,0.0574809056042637,0.0017229816057036,0.9449221284061584,0.2565530326624779,0.0236257516078003,0.7426533350742842,0.3136284533933581,0.4231844009404415,0.1231552898779135,0.2271070585033203,0.7483738336210309,,,-171.31234918281592,364.62469836563184,401.70171667503615
2026-06-07T22:43:00,88,4,880004,"ARX(1,1)",-172.03682369695622,366.07364739391244,403.15066570331675,True,0,0.956692370924068,0.0381029154914172,0.5962151971293609,0.2680581529994462,0.1397625546316941,0.7087622148946722,0.2345574572562996,0.5561844078243047,0.1106091718794743,0.2652046180423457,0.6940716010273985,,,-172.0368236934312,366.0736473868624,403.1506656962667
2026-06-07T22:44:33,88,5,880005,"ARX(1,1)",-171.3123639672351,364.6247279344702,401.7017462438745,True,0,0.0575303953582168,0.0012888678163882,0.9448315459262452,0.2572704025959398,0.0236678897693428,0.7421359908611643,0.3136720037926858,0.4226634414018529,0.1230624575600918,0.2266462653638677,0.7488986580288847,,,-171.31236396728633,364.6247279345727,401.70174624397697
2026-06-07T22:46:21,88,6,880006,"ARX(1,1)",-172.03655216818845,366.0731043363769,403.1501226457812,True,0,0.935535322856947,0.0376807278500107,0.601551662511113,0.2693037791403316,0.1375029855271141,0.7078025521939147,0.2357556431604968,0.5558780331367041,0.1099180924932404,0.2657856377184633,0.6944141291702631,,,-172.0365521678683,366.0731043357366,403.1501226451409
2026-06-07T22:50:29,88,7,880007,"ARX(1,1)",-172.03670330859995,366.0734066171999,403.1504249266042,True,0,0.9520965874543262,0.0382168611928104,0.5965355862241423,0.2686673394451789,0.1402943225167532,0.7081608985367814,0.2350176230948693,0.5572321924240493,0.1106053083011894,0.2648654996672956,0.6941227973008168,,,-172.0367031303283,366.0734062606566,403.1504245700609
2026-06-07T22:52:55,88,8,880008,"ARX(1,1)",-171.40084175387761,364.80168350775523,401.87870181715954,True,0,0.0526935411922095,0.0166407768368914,0.9498105984827142,0.2443242674779475,0.0218394913862061,0.7474031392012291,0.3165599426668003,0.4538370437089404,0.1312902671321903,0.2503125276877718,0.7191327590931772,,,-171.40084175354923,364.80168350709846,401.8787018165028
2026-06-07T22:55:33,88,9,880009,"ARX(1,1)",-171.40569958018565,364.8113991603713,401.8884174697756,True,0,0.0800307230066648,0.0187774429192247,0.932460065079133,0.2508311377380195,0.0282434461282369,0.7399150124445968,0.2965535872155459,0.4585278977959386,0.1164730314261191,0.2331750041741982,0.7465282827061754,,,-171.40569957956268,364.81139915912536,401.88841746852967
2026-06-07T22:57:03,88,10,880010,"ARX(1,1)",-172.03678616348867,366.07357232697734,403.15059063638165,True,0,0.9500208041330244,0.0376708249509699,0.5962446413217732,0.2685275682798189,0.1409169943989699,0.7085064529762208,0.2354367427097779,0.5584619743422324,0.1103716939315401,0.2657150266238318,0.6940306753473744,,,-172.03678616463176,366.0735723292635,403.15059063866784
2026-06-07T22:59:13,88,11,880011,"ARX(1,1)",-171.31523582224202,364.63047164448403,401.70748995388834,True,0,0.057423217074438,0.0038067262883818,0.9449480999552003,0.2595927061754885,0.0236764568566558,0.7386178638373423,0.3150869585191627,0.430267220699253,0.1235507457547405,0.229285229296776,0.7464942151805684,,,-171.31523582435426,364.6304716487085,401.7074899581128
2026-06-07T23:01:52,88,12,880012,"ARX(1,1)",-171.31232527382923,364.62465054765846,401.70166885706277,True,0,0.0575251236274299,0.0012409497816821,0.9448613733029572,0.2568146182658374,0.0236468947162734,0.7426134370925151,0.3135533582703805,0.4227535578468223,0.1230864733440374,0.2270717881534278,0.7484297693110715,,,-171.3123252736156,364.6246505472312,401.70166885663554
2026-06-07T23:03:27,88,13,880013,"ARX(1,1)",-171.3123248012572,364.6246496025144,401.7016679119187,True,0,0.0574694479576149,0.0012109293152748,0.9448950681265372,0.2567145553933154,0.0236404869865789,0.7427272001039714,0.3135934499844564,0.4227483414762655,0.123179297083259,0.2269856204732454,0.748454339315258,,,-171.31232480034654,364.6246496006931,401.7016679100974
2026-06-07T23:04:55,88,14,880014,"ARX(1,1)",-165.48833647122655,352.9766729424531,390.0536912518574,True,0,3.6267188112385074,3.0183665607599366,0.7572992455886609,0.0975559231556031,0.0671631280593987,0.4117589129576297,0.0757881534979212,0.2054514975383126,-0.0557493483926791,0.172521063349198,0.9862847565772668,,,-165.4883364650917,352.9766729301834,390.0536912395877
2026-06-07T23:07:28,88,15,880015,"ARX(1,1)",-172.03652938844715,366.0730587768943,403.1500770862986,True,0,0.938492511980255,0.037786115474906,0.6011606399862957,0.2690274864673426,0.1376446947975737,0.7080638255608197,0.2354201691051134,0.5548691028880108,0.1099251469507072,0.2656865678736659,0.6945471654341802,,,-172.03652938846864,366.0730587769373,403.1500770863416
2026-06-07T23:09:11,88,16,880016,"ARX(1,1)",-172.0378465694468,366.0756931388936,403.1527114482979,True,0,0.9488867751861022,0.0375734695511257,0.6007241830795174,0.2699808781023409,0.1376307885843021,0.707151778557932,0.2337688572580728,0.5505709468752461,0.1098581304383267,0.2667632020440364,0.6934809980820723,,,-172.03784657194012,366.0756931438802,403.15271145328455
2026-06-07T23:11:08,88,17,880017,"ARX(1,1)",-171.3607907276653,364.7215814553306,401.7985997647349,True,0,0.0573151270894685,0.0193222475304897,0.9458520567092076,0.2612558822268568,0.0234492454754329,0.7291005526412455,0.3154015648887184,0.4668575946713783,0.1268242347457988,0.2225396623554242,0.7511109305069641,,,-171.36079072049915,364.7215814409983,401.7985997504026
2026-06-07T23:13:16,88,18,880018,"ARX(1,1)",-171.51145859421342,365.02291718842685,402.09993549783115,True,0,0.086245756355323,0.0147789596380868,0.9286641257080662,0.2502998073820301,0.0289458492048022,0.7420735959878506,0.2980285109546154,0.4604575409542803,0.1140748084080974,0.268233495305424,0.7112978045947177,,,-171.51145859479828,365.02291718959657,402.0999354990009
2026-06-07T23:16:04,88,19,880019,"ARX(1,1)",-171.56429112712476,365.1285822542495,402.20560056365383,True,0,0.0390942245171704,0.0490916007820932,0.959951763761166,0.2564085167852168,0.0193518936551264,0.7156484781953016,0.3145892698037866,0.5302664424286182,0.1192771826851163,0.212396664428671,0.7719872446178603,,,-171.5642911320013,365.1285822640026,402.2056005734069
2026-06-07T23:17:44,88,20,880020,"ARX(1,1)",-171.46196937166502,364.92393874333004,402.00095705273435,True,0,0.0834515873803958,0.0048316960106984,0.93099103604995,0.2293663824127389,0.0280443312211686,0.768402903655167,0.291284513091162,0.4141208563453871,0.1238026970120506,0.2481109867474085,0.718980639336198,,,-171.46196899399132,364.9239379879826,402.00095629738695
2026-06-07T23:18:58,88,21,880021,"ARX(1,1)",-172.03693980128068,366.07387960256136,403.15089791196567,True,0,0.9570636726435412,0.0378807620076916,0.5957572836711788,0.2704071477882346,0.1401253220490907,0.7065669722377228,0.234553821917637,0.5563303710603017,0.1108145865222966,0.2649054902445846,0.6940131076722758,,,-172.03693980213114,366.0738796042623,403.1508979136666
2026-06-07T23:20:54,88,22,880022,"ARX(1,1)",-172.03713787306071,366.07427574612143,403.15129405552574,True,0,0.9613798773350654,0.0378919737893072,0.5929427179625139,0.2668948496674374,0.1413721763396971,0.7100379261731736,0.2350366945720213,0.5563154997240335,0.1104774730590724,0.2650972303056245,0.6942168809475082,,,-172.0371378729331,366.0742757458662,403.1512940552705
2026-06-07T23:22:48,88,23,880023,"ARX(1,1)",-172.03740386313547,366.07480772627093,403.15182603567524,True,0,0.921504798824606,0.0378507817954617,0.6058380563732826,0.269176940564944,0.1354293204683319,0.7078202589767015,0.2364173506763384,0.558989143818885,0.1094286683253142,0.2661635227347113,0.6947493382105715,,,-172.0374038591121,366.0748077182242,403.1518260276285
2026-06-07T23:25:17,88,24,880024,"ARX(1,1)",-172.03679188257172,366.07358376514344,403.15060207454775,True,0,0.9572555074691292,0.0379579118995118,0.595277386673928,0.2684710048795761,0.1402776850009338,0.7084653521478823,0.2347426163050016,0.5559076757590522,0.1102127215432265,0.2654310400532017,0.6942240796278761,,,-172.03679188243035,366.0735837648607,403.150602074265
2026-06-07T23:26:43,88,25,880025,"ARX(1,1)",-172.03695759867927,366.07391519735853,403.15093350676284,True,0,0.9503716766853048,0.0379081990492373,0.5985673125767801,0.2683969852314123,0.1389962210531348,0.7087257132659561,0.2342980956742417,0.5544902814224966,0.1091529627004265,0.2647293505041672,0.6962034501244964,,,-172.0369576030272,366.0739152060544,403.1509335154587
2026-06-07T23:28:41,88,26,880026,"ARX(1,1)",-172.03646333320282,366.07292666640564,403.14994497580994,True,0,0.9424770152904262,0.0378175234885239,0.5996096435403396,0.2691024411172601,0.1383432448549665,0.7079099156752638,0.2354152896621233,0.5563181224300909,0.1100987711890532,0.2656213939169552,0.6942907749648731,,,-172.0364633332547,366.0729266665094,403.1499449759137
2026-06-07T23:33:29,88,27,880027,"ARX(1,1)",-171.3123475929765,364.624695185953,401.7017134953573,True,0,0.0575146359585975,0.0017348782562608,0.9449103343757436,0.2566838118319838,0.0236220041094497,0.7425155052561824,0.3135085852016714,0.4234536254369606,0.1230331615077438,0.2271515571495755,0.7484683025054417,,,-171.31234759347234,364.6246951869447,401.701713496349
2026-06-07T23:35:56,88,28,880028,"ARX(1,1)",-171.31445535050872,364.62891070101745,401.70592901042176,True,0,0.0580202494031469,0.0064421757655211,0.9451827614686734,0.256852135225785,0.0233938107811645,0.7401467454760853,0.3113251135159858,0.4289715594617244,0.1228609576668772,0.2284074621696727,0.7475933885290655,,,-171.31445533670288,364.62891067340576,401.70592898281006
2026-06-07T23:39:14,88,29,880029,"ARX(1,1)",-171.3123548125898,364.6247096251796,401.7017279345839,True,0,0.0574480426402217,0.001533874629852,0.9449065849301392,0.2567498121092616,0.0236442513677863,0.742541913198803,0.3137775424516946,0.4236046461601119,0.1232397164009635,0.2270164192699413,0.7484474173749838,,,-171.31235481223536,364.6247096244707,401.701727933875
2026-06-07T23:40:40,88,30,880030,"ARX(1,1)",-172.03646956963976,366.0729391392795,403.14995744868384,True,0,0.941171048090388,0.0377984639383315,0.5999814879621392,0.2693022664265586,0.1382181444554457,0.7077272609272414,0.2354753403228104,0.5563154424595842,0.1100731193355598,0.2656843133995258,0.6942809125323878,,,-172.03646956954634,366.0729391390927,403.149957448497
2026-06-07T23:42:06,88,31,880031,"ARX(1,1)",-172.03647836011726,366.0729567202345,403.1499750296388,True,0,0.9443751309848304,0.0377645516185165,0.5988668895064444,0.2686764338336667,0.138742088368669,0.7083491459028863,0.2354226577505353,0.5560873455351524,0.1103971499687555,0.265555124424697,0.6941165319695068,,,-172.0364783600569,366.0729567201138,403.1499750295181
2026-06-07T23:44:00,88,32,880032,"ARX(1,1)",-172.03843492120717,366.07686984241434,403.15388815181865,True,0,0.9189192458227232,0.0386978664784389,0.6065166049299331,0.2700338185833293,0.1360580459398324,0.7062057947472844,0.2364021849817207,0.5617357458158315,0.1081703519463326,0.2674181433644216,0.6948879725865288,,,-172.03843492119452,366.076869842389,403.15388815179335
2026-06-07T23:47:07,88,33,880033,"ARX(1,1)",-171.31233720777152,364.62467441554304,401.70169272494735,True,0,0.0574471743982788,0.0015142502245291,0.9449406980848146,0.2568616833553422,0.0236211080394127,0.7424400911844042,0.3135352675041953,0.4231230189631217,0.1230963645164702,0.2270994369791094,0.7484847893946243,,,-171.31233720773656,364.6246744154731,401.70169272487743
2026-06-07T23:49:09,88,34,880034,"ARX(1,1)",-172.03763048997075,366.0752609799415,403.1522792893458,True,0,0.9374115429492133,0.0384094770362594,0.6009360780313309,0.2672398285889531,0.1375835657985239,0.7092435386392124,0.2359903077791603,0.5629647819080594,0.1105500489138583,0.2662235333447561,0.6938254067688587,,,-172.037630491806,366.075260983612,403.1522792930163
2026-06-07T23:51:11,88,35,880035,"ARX(1,1)",-172.03709140769928,366.07418281539856,403.15120112480287,True,0,0.9481226966509522,0.0388319448838894,0.5985419633656337,0.2705404935264126,0.1390440795406478,0.7057778772016785,0.2351152584758,0.5592759527389959,0.1094950608760129,0.2647542523140849,0.6961876368607579,,,-172.03709145746924,366.0741829149385,403.1512012243428
2026-06-07T23:54:15,88,36,880036,"ARX(1,1)",-171.3123324115686,364.6246648231372,401.7016831325415,True,0,0.0575183056787681,0.001444043660435,0.9448846531999628,0.2566084393041889,0.0236375274225745,0.7427255951759083,0.3135864892123164,0.4229439613848941,0.1231363492501697,0.227125100302886,0.748421992186906,,,-171.31233241186607,364.6246648237321,401.7016831331365
2026-06-07T23:57:49,88,37,880037,"ARX(1,1)",-172.03738846968233,366.07477693936465,403.15179524876896,True,0,0.9380739794247034,0.0384044603625881,0.6010033871574846,0.2696771782024286,0.1363529522781844,0.7065333885134367,0.2360895685521074,0.5615616974404365,0.1103654415210025,0.2669154867724045,0.69313712714947,,,-172.0373884698676,366.0747769397352,403.1517952491395
2026-06-08T00:00:09,88,38,880038,"ARX(1,1)",-172.0369195538427,366.0738391076854,403.1508574170897,True,0,0.9583305972097788,0.0379460167812469,0.594354074405437,0.2685961356657708,0.1409370870565919,0.7083654990205852,0.2348903532799407,0.5564175910212819,0.1100236355571791,0.2646630172578718,0.695010242939671,,,-172.03691955434937,366.07383910869873,403.15085741810304
2026-06-08T00:02:01,88,39,880039,"ARX(1,1)",-172.0364643177246,366.0729286354492,403.1499469448535,True,0,0.9442300752613576,0.0377763814713546,0.5990260839763247,0.2689353459374565,0.1387231326930687,0.7081064733662946,0.2353367233805969,0.5561203097390093,0.1101313445258285,0.2656603936793107,0.694201148256885,,,-172.0364643179077,366.0729286358154,403.1499469452197
2026-06-08T00:04:11,88,40,880040,"ARX(1,1)",-171.31233570981715,364.6246714196343,401.7016897290386,True,0,0.0575748539381811,0.0013621653892132,0.944860468734085,0.2569265329809911,0.0236387632139319,0.7424456297139955,0.3134316230786285,0.4227060267745241,0.1231682090721724,0.22732934298163,0.748047532542703,,,-171.31233570965531,364.6246714193106,401.7016897287149
2026-06-07T22:37:58,89,1,890001,"ARX(1,1)",-172.03700965161872,366.07401930323743,403.15103761264174,True,0,0.9600917164404518,0.0378458407051305,0.5940169107248405,0.2697541397769529,0.1412720755672704,0.7072423830436588,0.2347207250925177,0.5557539050304925,0.1108365442968747,0.2652625211786253,0.6935567198009911,,,-172.03700965165532,366.07401930331065,403.15103761271496
2026-06-07T22:39:52,89,2,890002,"ARX(1,1)",-171.3142026004255,364.628405200851,401.7054235102553,True,0,0.0586088556394298,0.0002483381760409,0.9441076674131488,0.260026871361623,0.0238668449110388,0.7398601285328795,0.3126658026083925,0.4175780551829406,0.1223796657110865,0.2264923940210253,0.749011995684654,,,-171.31420260122073,364.6284052024415,401.70542351184577
2026-06-07T22:41:38,89,3,890003,"ARX(1,1)",-171.46989607884416,364.9397921576883,402.0168104670926,True,0,0.0672501629394584,0.0125221416104547,0.9424201100711476,0.2645355983218889,0.0228253234229505,0.7298947879510883,0.297612679106675,0.4033335757016441,0.1211930801953383,0.2638576884773296,0.7060582217029461,,,-171.4698960701278,364.9397921402556,402.0168104496599
2026-06-07T22:43:27,89,4,890004,"ARX(1,1)",-172.0364909291712,366.0729818583424,403.1500001677467,True,0,0.9454745503486576,0.0377748968733307,0.5985376599038269,0.2690659035544454,0.1386538118228693,0.7079694268626169,0.235338292301553,0.5563025080261655,0.1099761683118681,0.2656924195698535,0.6943853253219292,,,-172.0364909290887,366.0729818581774,403.1500001675817
2026-06-07T22:45:39,89,5,890005,"ARX(1,1)",-172.03922532850476,366.0784506570095,403.1554689664138,True,0,0.903071475314298,0.0373410985412534,0.6111752522885665,0.270632208876024,0.1337611861423426,0.7065546681892898,0.236968610466059,0.5563602846643297,0.1090421484701291,0.2665510841651136,0.6945342809483168,,,-172.0392253315135,366.0784506630271,403.1554689724314
2026-06-07T22:47:10,89,6,890006,"ARX(1,1)",-172.0364706211356,366.0729412422712,403.1499595516755,True,0,0.9434995265944992,0.0377878226024157,0.5993716958697377,0.2686589800805252,0.1384227791083971,0.7084012214796185,0.2353591444911238,0.5556308801117603,0.1102515100463014,0.2656300787975461,0.6941178258136975,,,-172.03647062061273,366.0729412412255,403.1499595506298
2026-06-07T22:50:52,89,7,890007,"ARX(1,1)",-172.0365000929456,366.0730001858912,403.1500184952955,True,0,0.942719797698868,0.0376812202722374,0.5995063423345884,0.2695176155985615,0.1380694559183326,0.707631039478925,0.2354410339076313,0.554901110124495,0.1100063934147652,0.2655829365014526,0.6944549779257193,,,-172.0365000929503,366.0730001859006,403.1500184953049
2026-06-07T22:52:22,89,8,890008,"ARX(1,1)",-172.03711844186202,366.07423688372404,403.15125519312835,True,0,0.957385813414825,0.0378283081688619,0.5950081878262805,0.2687020108913103,0.1401224345569094,0.7083805701371988,0.2348224255805307,0.5530989452784523,0.1105290036601571,0.263998066223408,0.6954131999826388,,,-172.03711844172966,366.0742368834593,403.1512551928636
2026-06-07T22:54:22,89,9,890009,"ARX(1,1)",-172.03648182981698,366.07296365963396,403.14998196903827,True,0,0.940107650911854,0.0377101272979157,0.6002560682258098,0.2693275526940278,0.1381083818388852,0.7077667995582492,0.23553569466674,0.5556353030530194,0.1099529985698057,0.2656672679610642,0.6944500706464706,,,-172.0364818296806,366.0729636593612,403.14998196876553
2026-06-07T22:55:57,89,10,890010,"ARX(1,1)",-172.0368772975637,366.0737545951274,403.1507729045317,True,0,0.9541049362267976,0.0377402256477331,0.5961916616848109,0.2696950114382609,0.1403347187600117,0.7072853145369238,0.2349071586929616,0.5570322070655158,0.1109373008482122,0.2665191047811578,0.6924014051556759,,,-172.03687729678447,366.07375459356894,403.1507729029733
2026-06-07T22:57:44,89,11,890011,"ARX(1,1)",-172.0378198951852,366.0756397903704,403.1526580997747,True,0,0.9575074108041972,0.038606882942788,0.5930195643822656,0.2685080628129576,0.1431029695037304,0.7078943563891793,0.2352981453900038,0.561208760353716,0.109534407048209,0.2641753672424051,0.695854915369607,,,-172.0378198929355,366.075639785871,403.1526580952753
2026-06-07T23:00:19,89,12,890012,"ARX(1,1)",-172.0371581462311,366.0743162924622,403.1513346018665,True,0,0.9633151107618536,0.0381203720204623,0.5933777257459397,0.2685505131870709,0.1409470806542631,0.7083659490498886,0.2345368722664687,0.5549016613456388,0.1107338850340939,0.2649532293368697,0.6940722663836932,,,-172.03715814602407,366.07431629204814,403.1513346014525
2026-06-07T23:01:55,89,13,890013,"ARX(1,1)",-172.03679549062252,366.07359098124505,403.15060929064936,True,0,0.9527171379799232,0.038030709621889,0.5968698551414086,0.2690743212005759,0.1391128171597075,0.7080337280746735,0.2348636718005283,0.5535602845990765,0.1102209858453717,0.26522451838395,0.6941789691449595,,,-172.03679547948698,366.073590958974,403.1506092683783
2026-06-07T23:03:26,89,14,890014,"ARX(1,1)",-171.39281489991873,364.78562979983747,401.8626481092418,True,0,0.0588357441665891,0.0243643993568736,0.9450054466377584,0.2751051758011564,0.0238253386061467,0.7117888782584518,0.3152474436344389,0.4993633011701947,0.1208617083096985,0.2203270014243525,0.7615146503979902,,,-171.39281488389574,364.7856297677915,401.8626480771958
2026-06-07T23:05:31,89,15,890015,"ARX(1,1)",-172.03673125336542,366.07346250673083,403.15048081613514,True,0,0.9361454085072436,0.0378886590735533,0.601887317031528,0.2699379569154006,0.1365439424855968,0.7069395652468591,0.2357826676259974,0.5576301318616511,0.110116811419637,0.2666845563977787,0.6934676777462865,,,-172.03673126086522,366.0734625217305,403.1504808311348
2026-06-07T23:07:27,89,16,890016,"ARX(1,1)",-171.39473493345065,364.7894698669013,401.8664881763056,True,0,0.0573908112338686,0.0261098800570806,0.9461073536384206,0.2710236362180582,0.0234796395472207,0.7148039539638595,0.3171955269758479,0.5036388664851453,0.1238464620810318,0.2230778028611398,0.756401173260039,,,-171.3947349267245,364.789469853449,401.8664881628533
2026-06-07T23:09:11,89,17,890017,"ARX(1,1)",-172.03749211801198,366.07498423602397,403.1520025454283,True,0,0.9443736661957988,0.0372344580824602,0.6003180376978144,0.2713872799956133,0.1385219437847355,0.7060131924398767,0.2343859959032112,0.5498968833472844,0.1096497766680845,0.2659472287624729,0.6942325768268254,,,-172.03749212590418,366.0749842518084,403.1520025612127
2026-06-07T23:10:55,89,18,890018,"ARX(1,1)",-171.87868084058988,365.75736168117976,402.83437999058407,True,0,0.0360678104650284,0.0777725383802624,0.9645911982166202,0.2505240129006539,0.0174597242292051,0.7049985994582543,0.3040127359796817,0.5336111813983594,0.1230297030389509,0.2247424270457654,0.7530759641502394,,,-171.87868084186184,365.7573616837237,402.834379993128
2026-06-07T23:12:41,89,19,890019,"ARX(1,1)",-171.31664789003958,364.63329578007915,401.71031408948346,True,0,0.0595263971691616,0.0012457668742296,0.9441378882743808,0.2575642832611458,0.0236588469245484,0.7418664515504084,0.3097175141202368,0.4174751222606321,0.1232033346906032,0.2320275782687612,0.7424008498639872,,,-171.31664788595077,364.6332957719016,401.71031408130585
2026-06-07T23:14:02,89,20,890020,"ARX(1,1)",-172.0364649631157,366.0729299262314,403.1499482356357,True,0,0.941689274828276,0.0377334945659208,0.5997376556365195,0.2690702475029821,0.1383105991885151,0.7080090907332556,0.2354792192752375,0.5558933470052994,0.1101412174219731,0.2656628188931095,0.694209663645036,,,-172.03646496326712,366.07292992653424,403.14994823593855
2026-06-07T23:15:47,89,21,890021,"ARX(1,1)",-172.04171734704317,366.08343469408635,403.16045300349066,True,0,0.9957128205623068,0.0394698379875974,0.5834881566721412,0.2665542746886918,0.1466498185267245,0.7091922822927739,0.2333581446239913,0.5639235798226281,0.1104273085458647,0.2636681525385813,0.6954317064307164,,,-172.04171748847236,366.0834349769447,403.160453286349
2026-06-07T23:19:23,89,22,890022,"ARX(1,1)",-172.03695857692537,366.07391715385074,403.15093546325505,True,0,0.9556898984009136,0.0384195996562969,0.5960349137202966,0.2692299124926294,0.1404425531436819,0.7071827916387214,0.2347966685818046,0.559379027205023,0.1105348364171205,0.2653873336290006,0.6940514072565149,,,-172.03695856592347,366.0739171318469,403.1509354412513
2026-06-07T23:21:11,89,23,890023,"ARX(1,1)",-171.312527369602,364.625054739204,401.7020730486083,True,0,0.0573754540794603,0.0023113058328657,0.94498117661801,0.2573125689906255,0.023623699349634,0.741618734813985,0.3138903767642602,0.4247785100127902,0.1229468051518591,0.2267200685139312,0.7492408400450541,,,-171.3125273696474,364.6250547392948,401.7020730486991
2026-06-07T23:23:36,89,24,890024,"ARX(1,1)",-172.03744225303132,366.07488450606263,403.15190281546694,True,0,0.9512690893784936,0.0382518060195663,0.5970977556454526,0.2729611824379787,0.1403068443370365,0.703911341845865,0.2348506435284071,0.5555785096451168,0.1093082369569767,0.2646233698794655,0.6963724853393108,,,-172.03744225345667,366.07488450691335,403.15190281631766
2026-06-07T23:25:23,89,25,890025,"ARX(1,1)",-172.0367272331151,366.0734544662302,403.1504727756345,True,0,0.9374739199853244,0.0376491754393286,0.6004154359230518,0.2672008099937994,0.1380522296018635,0.7098401587283326,0.2358899856522908,0.5572727606478319,0.1098759717657639,0.2663289964051727,0.693837905003512,,,-172.03672723340765,366.0734544668153,403.1504727762196
2026-06-07T23:27:06,89,26,890026,"ARX(1,1)",-172.03874470279024,366.0774894055805,403.1545077149848,True,0,0.9697997215858774,0.0370571096256974,0.5892135299400325,0.2667812359871022,0.1431093944467091,0.7108418654483879,0.2349558739769442,0.5526249135527045,0.1107393590998615,0.2671444702969709,0.6914575827003433,,,-172.03874469652354,366.0774893930471,403.1545077024514
2026-06-07T23:29:09,89,27,890027,"ARX(1,1)",-172.03671853508416,366.0734370701683,403.15045537957263,True,0,0.9543118709453834,0.0376707487491351,0.5956249654968304,0.2687134387584927,0.1405249460174885,0.7083296338531975,0.2349227519398133,0.556642603535075,0.110223307490704,0.2649679168388661,0.6946305639523616,,,-172.03671852233413,366.07343704466825,403.15045535407256
2026-06-07T23:30:57,89,28,890028,"ARX(1,1)",-172.04103645931158,366.08207291862317,403.1590912280275,True,0,0.9925257982728268,0.0388527430629115,0.5838876877185606,0.2669685688299669,0.1472522957317446,0.7091737980749668,0.2335443243176166,0.563251112821723,0.1111161044801064,0.2645503242897643,0.6936550478540703,,,-172.04103645934174,366.0820729186835,403.1590912280878
2026-06-07T23:32:38,89,29,890029,"ARX(1,1)",-171.70594476071082,365.41188952142164,402.48890783082595,True,0,0.0793875317177052,0.0496932676687813,0.93758516786667,0.2750172143304902,0.0257529346300398,0.6969472614083126,0.2889329841816512,0.5277184870574539,0.0977071955353706,0.2407288493876336,0.7687406684975511,,,-171.70594476166394,365.4118895233279,402.4889078327322
2026-06-07T23:34:23,89,30,890030,"ARX(1,1)",-172.03784682213018,366.07569364426035,403.15271195366466,True,0,0.9588233048780138,0.0387791123765369,0.5958382819915125,0.269938077185634,0.140038417536014,0.7062816904879394,0.2344828309571626,0.5626327622845662,0.1098769686445656,0.2662544706849996,0.6939567228176782,,,-172.03784702260683,366.07569404521365,403.152712354618
2026-06-07T23:36:17,89,31,890031,"ARX(1,1)",-172.03658532526157,366.07317065052314,403.15018895992745,True,0,0.9450802577614934,0.0381466741685859,0.5977977299564259,0.2685179157407688,0.1393338305421577,0.70826063280415,0.2357443624227315,0.5567329651197837,0.1099473428736554,0.2655070572262271,0.6945344929961675,,,-172.03658532530017,366.07317065060033,403.15018896000464
2026-06-07T23:38:01,89,32,890032,"ARX(1,1)",-172.03889372888034,366.0777874577607,403.154805767165,True,0,0.9771363415252377,0.0376086799445185,0.5887937949255713,0.2699415477584744,0.1445124025711523,0.7073853423589591,0.2338170951540708,0.5518619224122495,0.1107516870166473,0.2638877768284619,0.6949492362899673,,,-172.03889372893403,366.07778745786806,403.1548057672724
2026-06-07T23:39:52,89,33,890033,"ARX(1,1)",-171.31444924842378,364.62889849684757,401.7059168062519,True,0,0.0576257718925676,0.0054640013364746,0.9452212092737552,0.2583092216950411,0.023440928473868,0.7391343718974869,0.3121278490795007,0.4302507037696071,0.1232720736539482,0.2278188901042221,0.7472281119899871,,,-171.31444923190395,364.6288984638079,401.7059167732122
2026-06-07T23:42:01,89,34,890034,"ARX(1,1)",-171.41302347570786,364.8260469514157,401.90306526082003,True,0,0.0871300849716603,0.0125972922230271,0.9282179561498508,0.2502533421055065,0.0292796407740747,0.7437733517167954,0.294029214012624,0.4367260334768511,0.1148319097790796,0.2413085478886128,0.7382069106733102,,,-171.41302347652282,364.8260469530457,401.90306526245
2026-06-07T23:44:26,89,35,890035,"ARX(1,1)",-171.45004986952551,364.90009973905103,401.97711804845534,True,0,0.0799188079861605,0.0181392994842164,0.9304300944803592,0.258938955888454,0.0298540692564915,0.7317467252183121,0.3026669308098056,0.4790578987419437,0.1084290127375657,0.2218616821367071,0.7682868455148616,,,-171.450049869562,364.900099739124,401.9771180485283
2026-06-07T23:45:46,89,36,890036,"ARX(1,1)",-172.03716305145744,366.0743261029149,403.1513444123192,True,0,0.9254460720774856,0.0376418530289132,0.6043898223822189,0.2697554035363891,0.1361905056326052,0.7072281746811412,0.236415247791631,0.5583303841867502,0.1102433301799677,0.2668971799880515,0.6929728435703449,,,-172.03716305137075,366.0743261027415,403.1513444121458
2026-06-07T23:48:03,89,37,890037,"ARX(1,1)",-172.03648198503424,366.0729639700685,403.1499822794728,True,0,0.9428491864629064,0.0377862824930231,0.5993390056294645,0.2687817415137369,0.1386002974011691,0.7082166193024088,0.2354647961526859,0.5562413718586314,0.1099033934423657,0.2655739021492352,0.6945580275150073,,,-172.03648198507636,366.0729639701527,403.149982279557
2026-06-07T23:51:00,89,38,890038,"ARX(1,1)",-172.03649674144134,366.0729934828827,403.150011792287,True,0,0.9471862544150932,0.0378594307961948,0.5981811559667828,0.2689178097912484,0.1391825339570185,0.7080850559946312,0.2351909045211309,0.5562833856433156,0.1104179670180871,0.2655847214157947,0.693903029774881,,,-172.03649677720233,366.0729935544047,403.15001186380897
2026-06-07T23:52:44,89,39,890039,"ARX(1,1)",-172.04453304211086,366.0890660842217,403.166084393626,True,0,0.9350791386594224,0.0379620847797375,0.6086052653747378,0.2623758618108733,0.1298096868599093,0.7145342439107517,0.2338715161511514,0.5480860099005963,0.1120845685969067,0.2693081294613579,0.6891520992704016,,,-172.04453304320117,366.0890660864024,403.16608439580665
2026-06-07T23:54:38,89,40,890040,"ARX(1,1)",-173.1758736109372,368.3517472218744,405.4287655312787,True,0,2.29775198775926,0.0528607907830196,0.3857543758239328,0.2497223617273297,0.2726751655660078,0.7148483649552998,0.1806607810258512,0.5874051998202602,0.1194606810771588,0.2539203554039033,0.6891038671465125,,,-173.17587360706767,368.35174721413534,405.42876552353965
2026-06-07T22:33:01,90,1,900001,"ARX(1,1)",-171.8130350091212,365.6260700182424,402.7030883276467,True,0,0.144477459709759,0.0299765864263397,0.9055812412350064,0.2604390215614191,0.0345004153415834,0.7256016719390145,0.2659321019544381,0.4431964755513343,0.1068170654069634,0.2448319286964854,0.738285849014667,,,-171.8130350512689,365.6260701025378,402.7030884119421
2026-06-07T22:35:21,90,2,900002,"ARX(1,1)",-172.03712236813712,366.07424473627424,403.15126304567855,True,0,0.9554942753682112,0.037680687563812,0.5954837200940195,0.271980450121513,0.1399533735607754,0.7051620831936094,0.2349986422168897,0.5551393425787928,0.1103708827353734,0.265171854613515,0.6942526023117808,,,-172.03712239030926,366.0742447806185,403.1512630900229
2026-06-07T22:36:37,90,3,900003,"ARX(1,1)",-172.1007653773785,366.201530754757,403.2785490641613,True,0,0.1924490271679166,0.0245730898234285,0.8942641551816407,0.265935158301336,0.0351886181765879,0.7211975583874992,0.2551238918654252,0.4885565441773605,0.1111432009716797,0.2202183744299466,0.7652752197487619,,,-172.1007653741022,366.2015307482044,403.2785490576087
2026-06-07T22:38:55,90,4,900004,"ARX(1,1)",-171.46299404350123,364.92598808700245,402.00300639640676,True,0,0.067895430559417,0.0397126300317532,0.94355569476705,0.2286738040301068,0.0224914621077992,0.7517009163520283,0.2968430305140254,0.4604743409558311,0.1223582736241561,0.2496780294453609,0.7243314195985769,,,-171.46299404264366,364.9259880852873,402.0030063946916
2026-06-07T22:41:03,90,5,900005,"ARX(1,1)",-172.03686212689118,366.07372425378236,403.15074256318667,True,0,0.93869203351554,0.0378712583198287,0.5997918550567967,0.2699284123557829,0.138611642403835,0.7069566415745931,0.2359053264124536,0.55766594452865,0.1088004705384221,0.2655221129699694,0.6961839513416506,,,-172.03686212230437,366.0737242446088,403.15074255401305
2026-06-07T22:42:29,90,6,900006,"ARX(1,1)",-171.4575411206544,364.9150822413088,401.99210055071313,True,0,0.0580169416703244,0.0318764817234203,0.9474954020166172,0.2789422444729026,0.0223695471669699,0.7044830032813691,0.3105165293093664,0.4805009218661655,0.1302400860225125,0.2448166007701689,0.7208259515478778,,,-171.45754112064512,364.91508224129024,401.99210055069454
2026-06-07T22:45:22,90,7,900007,"ARX(1,1)",-171.31251672708885,364.6250334541777,401.702051763582,True,0,0.0576313988896041,0.0005286969641088,0.9447920711063916,0.2565399570201965,0.0236590281214614,0.7432176644011773,0.3132856491511421,0.4203393950199168,0.1231371073748508,0.2271751437244397,0.7480705585354626,,,-171.31251672699997,364.625033454,401.70205176340426
2026-06-07T22:46:45,90,8,900008,"ARX(1,1)",-171.32004303315435,364.6400860663087,401.717104375713,True,0,0.0582275453566816,0.0118106463416233,0.9454523177344046,0.2563569025432493,0.0232340085390749,0.7380583614234295,0.3114007819410627,0.4366797893156758,0.123644630023271,0.230255703789222,0.7449592569023163,,,-171.32004298377186,364.6400859675437,401.717104276948
2026-06-07T22:49:17,90,9,900009,"ARX(1,1)",-171.3357557555309,364.6715115110618,401.7485298204661,True,0,0.0578593631922089,0.0004072980009293,0.9452909242519056,0.271733262417919,0.0232369497396024,0.7280833255545476,0.3102349916885918,0.4131914949268897,0.1254574803123568,0.2333244584924561,0.7371125150638154,,,-171.33575576577886,364.6715115315577,401.748529840962
2026-06-07T22:51:14,90,10,900010,"ARX(1,1)",-171.3346610423814,364.6693220847628,401.74634039416713,True,0,0.0570350176701703,0.0144202230542404,0.9459828674037704,0.261606873723718,0.0232702633494027,0.731445854722267,0.3137240464582212,0.4529326315561853,0.1217379111148961,0.2277688564186696,0.7511036688452415,,,-171.33466106888625,364.6693221377725,401.7463404471768
2026-06-07T22:53:03,90,11,900011,"ARX(1,1)",-171.31235944500025,364.6247188900005,401.7017371994048,True,0,0.0573725580385756,0.0015654458249268,0.9449660257551976,0.2564467011024465,0.023620706653973,0.7428301992860852,0.3137877556319171,0.4235824360914967,0.1231528546136861,0.2271496952944117,0.7484368221226319,,,-171.31235944609946,364.6247188921989,401.7017372016032
2026-06-07T22:54:53,90,12,900012,"ARX(1,1)",-172.0369601208087,366.0739202416174,403.1509385510217,True,0,0.9496397458825968,0.0374266553599666,0.5973382384627404,0.2675422685676796,0.1392475495274344,0.710045843455855,0.2351092027481069,0.552853757290202,0.1110366564086946,0.2658153780909878,0.692605310939062,,,-172.03696012080962,366.0739202416193,403.1509385510236
2026-06-07T22:56:32,90,13,900013,"ARX(1,1)",-172.03661095392067,366.07322190784134,403.15024021724565,True,0,0.94449739939929,0.0377959839717464,0.5990157670106092,0.269053409776369,0.1388498396504671,0.7081357344602143,0.2351995320297921,0.5557008980868265,0.1093149003415194,0.2650643412211038,0.6957777477284571,,,-172.03661095408347,366.0732219081669,403.15024021757125
2026-06-07T22:57:49,90,14,900014,"ARX(1,1)",-172.03717371388134,366.0743474277627,403.151365737167,True,0,0.9322188355546004,0.0373657980673244,0.6003081877824374,0.2693139120047609,0.1377224483907628,0.7079859788683194,0.2368097703029108,0.5557009300382425,0.1100235658582641,0.2658998192733631,0.6943959494217933,,,-172.03717371383334,366.0743474276667,403.151365737071
2026-06-07T22:59:12,90,15,900015,"ARX(1,1)",-172.03703283107686,366.0740656621537,403.151083971558,True,0,0.9417467176987332,0.0383421597933117,0.5992072811012306,0.2701085112652924,0.1387633177886015,0.7065407075410659,0.2359627561916035,0.5601571339444583,0.1104469106932723,0.2648131390114254,0.6950409897770913,,,-172.03703282134643,366.07406564269286,403.1510839520972
2026-06-07T23:00:36,90,16,900016,"ARX(1,1)",-172.0365141225967,366.0730282451934,403.15004655459774,True,0,0.944269507537728,0.0376513222052241,0.5993301036136057,0.2690649979744989,0.1385820485982073,0.7080338227604249,0.2351309224172277,0.5552216736348939,0.1097714951548089,0.2654526859715742,0.6948659584566284,,,-172.03651412163364,366.0730282432673,403.1500465526716
2026-06-07T23:02:59,90,17,900017,"ARX(1,1)",-172.0368314242885,366.073662848577,403.1506811579813,True,0,0.9452696907588628,0.0381107420757315,0.5981411242802787,0.2687214926708869,0.1381353493399685,0.7079692657082824,0.2359264719082243,0.5583957885447355,0.1104946352978063,0.2669715594287575,0.692685300748575,,,-172.0368314157358,366.0736628314716,403.1506811408759
2026-06-07T23:05:40,90,18,900018,"ARX(1,1)",-172.03685069878708,366.07370139757415,403.15071970697846,True,0,0.9325938618204356,0.0373564849375399,0.6030148036104327,0.2684447293286284,0.136567968202354,0.7089230883621992,0.2356325395120621,0.5539683241825882,0.1098670231258875,0.2649590659881453,0.6954497583581616,,,-172.0368506948446,366.0737013896892,403.1507196990935
2026-06-07T23:07:42,90,19,900019,"ARX(1,1)",-171.3123346396111,364.6246692792222,401.7016875886265,True,0,0.0574932810964986,0.0014283942088891,0.9448842115441192,0.2568027366526333,0.0236484118831488,0.7425383711447284,0.3136494149809646,0.4232378563593229,0.1231468908619028,0.2271413097931692,0.7483703965952263,,,-171.3123346378177,364.6246692756354,401.7016875850397
2026-06-07T23:10:10,90,20,900020,"ARX(1,1)",-171.37591920327054,364.7518384065411,401.8288567159454,True,0,0.0605587893694097,0.0191741485106566,0.943991104960634,0.2794529387715609,0.0238882519453177,0.7109247472782203,0.3100674100993368,0.4673185381405981,0.1213670440573531,0.2228511360426157,0.7538622732446439,,,-171.37591920503024,364.7518384100605,401.8288567194648
2026-06-07T23:12:19,90,21,900021,"ARX(1,1)",-171.31424082160174,364.6284816432035,401.7054999526078,True,0,0.0574400736393571,0.0001625157640883,0.944743947954646,0.2578112670616039,0.0237177551482515,0.7421150214870987,0.3139122923202849,0.4176386077457201,0.1228786382537439,0.224041683223151,0.7513215539647131,,,-171.3142408221672,364.6284816443344,401.7054999537387
2026-06-07T23:14:17,90,22,900022,"ARX(1,1)",-172.036645398448,366.073290796896,403.1503091063003,True,0,0.9489690640817512,0.037583892183347,0.5972459622903816,0.2692588239890376,0.1397291081134878,0.707856546933306,0.2352666708019117,0.5576019754293408,0.1107024786579354,0.2652978352816524,0.6936450777259001,,,-172.03664541273668,366.07329082547335,403.15030913487766
2026-06-07T23:15:47,90,23,900023,"ARX(1,1)",-172.03646473795823,366.07292947591645,403.14994778532076,True,0,0.9431198411591556,0.0378206953677981,0.5993905122241153,0.2690518274652343,0.138445504778932,0.7079615006836582,0.2354154001903742,0.5562699533660757,0.1100737336128001,0.2657415815108875,0.6941777282445406,,,-172.03646473770368,366.07292947540736,403.1499477848117
2026-06-07T23:17:32,90,24,900024,"ARX(1,1)",-171.31234455720138,364.62468911440277,401.7017074238071,True,0,0.0574641118555576,0.0015344157735968,0.9449329282828508,0.2566620211311773,0.0236192810895129,0.7426281982949338,0.3135129427823035,0.4232319609749482,0.1232572241035852,0.2270691038771997,0.7482617829562879,,,-171.31234455664134,364.6246891132826,401.701707422687
2026-06-07T23:19:14,90,25,900025,"ARX(1,1)",-172.03921980316855,366.0784396063371,403.1554579157414,True,0,0.9840396778945604,0.0385801923605377,0.587231884605881,0.2656226272779953,0.144003882153851,0.7109463542926183,0.2337907345914359,0.5553221784887143,0.1113975103484953,0.2646319621185463,0.6934568429428752,,,-172.03921980327118,366.0784396065424,403.1554579159466
2026-06-07T23:21:07,90,26,900026,"ARX(1,1)",-172.03718213244753,366.07436426489505,403.15138257429936,True,0,0.9499911141671048,0.0380329358348779,0.5961962263030058,0.2682326132434576,0.1410196930486652,0.7084701604554039,0.235533193010662,0.5615840906062615,0.110098585576285,0.2652919607611063,0.6947429433120346,,,-172.0371821322909,366.0743642645818,403.1513825739861
2026-06-07T23:27:51,90,27,900027,"ARX(1,1)",-171.32343027893234,364.64686055786467,401.723878867269,True,0,0.0573796055578039,0.0141206246105603,0.9462286977953368,0.2569493133185552,0.0229319540399474,0.7363835318773712,0.3108804580064839,0.4374776435153288,0.1226199583000242,0.2283782285851602,0.7483016033770388,,,-171.32343028177573,364.64686056355146,401.72387887295577
2026-06-07T23:30:13,90,28,900028,"ARX(1,1)",-172.03709397728034,366.07418795456067,403.151206263965,True,0,0.9570317139653554,0.0374140372873918,0.594042743950224,0.26756072636371,0.1407755253245815,0.7098407630454571,0.2352312232292062,0.5530409065856454,0.1105009929815262,0.2651078777920375,0.6942103239435456,,,-172.03709398279372,366.0741879655874,403.15120627499175
2026-06-07T23:31:56,90,29,900029,"ARX(1,1)",-172.0368870779825,366.073774155965,403.1507924653693,True,0,0.9498285099703612,0.0385476717193363,0.5973521355363501,0.2699001579317925,0.1392685228556147,0.7068133112923728,0.2349201286227223,0.5568795127447137,0.1100598141758583,0.2646011280935241,0.6949013523387342,,,-172.0368870569553,366.0737741139105,403.1507924233149
2026-06-07T23:33:28,90,30,900030,"ARX(1,1)",-172.0368895090224,366.0737790180448,403.1507973274491,True,0,0.9574309285828032,0.0381973807995782,0.5955189495696906,0.268421493423873,0.139767801764057,0.7084561232578314,0.2346292868701394,0.5553952020328504,0.1103592478229223,0.2658745291235731,0.6934366473980988,,,-172.03688950067004,366.0737790013401,403.1507973107444
2026-06-07T23:35:21,90,31,900031,"ARX(1,1)",-171.31234545488348,364.62469090976697,401.7017092191713,True,0,0.0575945600389159,0.0016338721278037,0.9448422929236864,0.2570151619527929,0.0236481745184055,0.7422316864209769,0.313502328948356,0.4232550391560883,0.1231399462589145,0.2271426385146423,0.7482576676775662,,,-171.3123454586006,364.6246909172012,401.7017092266055
2026-06-07T23:36:51,90,32,900032,"ARX(1,1)",-171.4642559963782,364.9285119927564,402.0055303021607,True,0,0.0588024297792004,0.0437612510894095,0.948565460726542,0.2662952321008147,0.0218345096642774,0.7099868472045927,0.3030960787185736,0.5058796562385924,0.1254938281329887,0.2280253749609609,0.747764546568092,,,-171.46425598592307,364.92851197184615,402.00553028125046
2026-06-07T23:38:35,90,33,900033,"ARX(1,1)",-171.3123325331446,364.6246650662892,401.7016833756935,True,0,0.0574978005929305,0.0014590890888261,0.944900227554748,0.2567594278489874,0.0236353292795499,0.7425683444175947,0.3134739793568589,0.4228620648409633,0.1231218514525639,0.226997341890069,0.7484481048845683,,,-171.31233253332425,364.6246650666485,401.7016833760528
2026-06-07T23:40:01,90,34,900034,"ARX(1,1)",-172.0373725213653,366.0747450427306,403.15176335213494,True,0,0.9254853401169304,0.0374907777600538,0.6048722640193056,0.2721295933071759,0.1373137220625795,0.7050374400462827,0.2356678844086255,0.5565776190372452,0.1090560973946874,0.2652974455050946,0.6957768684072713,,,-172.03737250405618,366.0747450081124,403.1517633175167
2026-06-07T23:41:17,90,35,900035,"ARX(1,1)",-172.03660723179377,366.07321446358753,403.15023277299184,True,0,0.9441843870592016,0.0383356073289908,0.5998293147991586,0.2691497583177638,0.1390174381983897,0.7076020314048501,0.2349491084117355,0.5563538659602818,0.1102477221006102,0.2651357709817754,0.6945714618989184,,,-172.03660722241307,366.0732144448261,403.1502327542304
2026-06-07T23:42:48,90,36,900036,"ARX(1,1)",-172.03664164007247,366.07328328014495,403.15030158954926,True,0,0.9497586132200148,0.037624000651696,0.5975849856415918,0.2687504430173017,0.139411259249487,0.7083342456152446,0.2350752356914679,0.557578911072977,0.1107026101728921,0.2660314413109392,0.6932435481384558,,,-172.03664163822313,366.0732832764463,403.15030158585057
2026-06-07T23:44:42,90,37,900037,"ARX(1,1)",-172.03688686905838,366.07377373811676,403.15079204752107,True,0,0.9553504352237938,0.0381679272254719,0.5954700039753914,0.2674397813215757,0.1404365692155248,0.7093583987316118,0.2350459312086771,0.5586691424346313,0.1101386418403836,0.2651837052100032,0.6946114798821346,,,-172.03688681582176,366.0737736316435,403.1507919410478
2026-06-07T23:46:54,90,38,900038,"ARX(1,1)",-171.33209388294873,364.66418776589745,401.74120607530176,True,0,0.0597382963147747,0.0127962242119416,0.9442674768651882,0.262269181464826,0.0236604153115149,0.7316327609496344,0.3138236164990893,0.4408996473469005,0.1238021329663718,0.2369427911540418,0.7376884057500359,,,-171.33209388136908,364.66418776273815,401.74120607214246
2026-06-07T23:48:57,90,39,900039,"ARX(1,1)",-171.31237091971727,364.62474183943453,401.70176014883884,True,0,0.0575715812433257,0.0013748062657344,0.944873651456945,0.2564100693008338,0.0236242058453824,0.742955650399841,0.313286808160486,0.4230958375629122,0.1228792585774571,0.2273403611808604,0.748375065055854,,,-171.31237091998491,364.6247418399698,401.7017601493741
2026-06-07T23:50:57,90,40,900040,"ARX(1,1)",-172.03774935833397,366.07549871666794,403.15251702607225,True,0,0.9696974382528644,0.0377482635186902,0.5903441240205776,0.2674408164591912,0.1428599173614745,0.70969293263965,0.2346179181565942,0.5550378032737104,0.1105880086870573,0.2644576334401021,0.6947012165863171,,,-172.03774939956355,366.0754987991271,403.1525171085314
2026-06-07T22:38:04,91,1,910001,"ARX(1,1)",-171.37046055287496,364.7409211057499,401.8179394151542,True,0,0.0616391396823217,0.0230673155271751,0.9438035403706062,0.2620201807927118,0.0238228596984836,0.7261592802272364,0.3116394699442145,0.4756535660476383,0.1218111299591788,0.2344809351193398,0.7445811423200664,,,-171.37046066861728,364.74092133723457,401.8179396466389
2026-06-07T22:40:07,91,2,910002,"ARX(1,1)",-172.0368999014218,366.0737998028436,403.1508181122479,True,0,0.9508710524716416,0.0384066885397005,0.5970116340106406,0.2687861648758892,0.1389787855267663,0.7076575648999452,0.2353224125250848,0.559589809615439,0.1105736640658461,0.2660044733569244,0.6930277549170962,,,-172.03689990141822,366.0737998028365,403.1508181122408
2026-06-07T22:41:59,91,3,910003,"ARX(1,1)",-172.03672549389702,366.07345098779405,403.15046929719836,True,0,0.940540252339796,0.0376528179508853,0.5993972240360339,0.2691031340602595,0.1387998014931188,0.7080074793051979,0.2359865106031149,0.5587850850848625,0.1106013066313953,0.2660933764098558,0.6934113681862146,,,-172.03672548454887,366.0734509690977,403.1504692785021
2026-06-07T22:43:41,91,4,910004,"ARX(1,1)",-172.0369644774525,366.073928954905,403.1509472643093,True,0,0.940132108990858,0.0371553443895764,0.6009079365301925,0.270396131879038,0.1391663139549043,0.70683073100682,0.2348197530464316,0.5585033635586599,0.1094280666574395,0.2662199483400811,0.6943614603581177,,,-172.0369644749668,366.0739289499336,403.1509472593379
2026-06-07T22:47:29,91,5,910005,"ARX(1,1)",-171.41711638213076,364.8342327642615,401.9112510736658,True,0,0.0792187425699727,0.0216322220923438,0.9328292113808327,0.2549587987188565,0.0280543878363867,0.7344450818329309,0.297499196470277,0.4585583889922001,0.1108154153941446,0.2291321340315819,0.7570112726815614,,,-171.4171163782675,364.834232756535,401.9112510659393
2026-06-07T22:49:37,91,6,910006,"ARX(1,1)",-172.0373355269545,366.074671053909,403.1516893633133,True,0,0.9459317728000374,0.03954964627713,0.5991923293670739,0.2697725955712106,0.1397856301998008,0.7061430202720118,0.2350418973965975,0.5603641934629172,0.109968578389408,0.2654790799242595,0.6943394237982967,,,-172.03733552696605,366.0746710539321,403.1516893633364
2026-06-07T22:51:14,91,7,910007,"ARX(1,1)",-171.3128439131055,364.625687826211,401.7027061356153,True,0,0.0574578579953042,0.0028060851845457,0.944945040662888,0.257341362380242,0.0236326979661695,0.7413539900523964,0.3139612644407117,0.4268078582239195,0.1228955476325822,0.2273432249316509,0.7487378303780666,,,-171.31284391239797,364.62568782479593,401.7027061342002
2026-06-07T22:53:14,91,8,910008,"ARX(1,1)",-171.4436250984577,364.8872501969154,401.9642685063197,True,0,0.0560552458999325,0.0414311195166997,0.9492592511475596,0.271098587012464,0.0219045811377516,0.7065642465059904,0.3089811909704154,0.5043299777145881,0.1241672496825473,0.2236777668257013,0.7532479237226553,,,-171.44362509821684,364.8872501964337,401.964268505838
2026-06-07T22:55:14,91,9,910009,"ARX(1,1)",-172.03649286278522,366.07298572557045,403.15000403497476,True,0,0.9390714283511236,0.0376707755964732,0.6007049421997033,0.2692556581180182,0.138084270559236,0.7078403558404385,0.2354765866748643,0.5561238485431491,0.1100958696888181,0.2657592167038831,0.6942277400709956,,,-172.03649286286188,366.07298572572375,403.15000403512806
2026-06-07T22:57:33,91,10,910010,"ARX(1,1)",-171.32858616596832,364.65717233193664,401.73419064134094,True,0,0.0593094896228947,0.0146333951891139,0.9447716923707916,0.2607882751647115,0.0234240079737037,0.7321765969744201,0.312323947507379,0.4441323897688445,0.1214793184877374,0.233408891838634,0.7443064335673557,,,-171.3285861665633,364.6571723331266,401.7341906425309
2026-06-07T22:59:26,91,11,910011,"ARX(1,1)",-171.42256665534262,364.84513331068524,401.92215162008955,True,0,0.0678904923787206,0.0306126098656017,0.9418283762404748,0.2745514167388315,0.0239986506265291,0.7099125693562207,0.3028595384156362,0.471483007467628,0.1278203512788618,0.2431807957586443,0.7260278697396021,,,-171.4225666625293,364.8451333250586,401.9221516344629
2026-06-07T23:01:15,91,12,910012,"ARX(1,1)",-171.39217915837963,364.78435831675927,401.8613766261636,True,0,0.0571492648299808,0.0248461981181483,0.9459964191096524,0.2726188365947241,0.0235571298909709,0.713929522822124,0.3170332376069701,0.5024236312314385,0.1209985662124942,0.2203551965318583,0.761862637638196,,,-171.3921791577227,364.7843583154453,401.8613766248496
2026-06-07T23:04:08,91,13,910013,"ARX(1,1)",-172.03687603697512,366.07375207395023,403.15077038335454,True,0,0.9490662298204192,0.0384718786851385,0.5982934926916891,0.2705545581488851,0.1396428375879979,0.706035909747498,0.234714620119767,0.5578875563674139,0.110421131161539,0.2649906044533862,0.6945535295052924,,,-172.03687603560053,366.07375207120106,403.15077038060537
2026-06-07T23:05:52,91,14,910014,"ARX(1,1)",-172.03700291062705,366.0740058212541,403.1510241306584,True,0,0.9431212815391103,0.0365037199217339,0.5994702189265894,0.2706737928971761,0.1400881558518673,0.7072757573896937,0.2348080786944256,0.5541663267853264,0.110538999958815,0.265237413646736,0.6939644716993137,,,-172.03700291462937,366.07400582925874,403.1510241386631
2026-06-07T23:07:21,91,15,910015,"ARX(1,1)",-171.42160070616245,364.8432014123249,401.9202197217292,True,0,0.0788239016703301,0.0168239031813791,0.9324257387225008,0.2419812502181315,0.0285606381657523,0.7493870124643124,0.3014394898937952,0.4709760549814772,0.1195209045441225,0.2393981549912623,0.7387063743610758,,,-171.4216007061179,364.8432014122358,401.92021972164014
2026-06-07T23:09:16,91,16,910016,"ARX(1,1)",-171.31233248112733,364.62466496225466,401.70168327165896,True,0,0.0575045186341126,0.0013933221894949,0.9448802139811904,0.2565125859504292,0.0236454870104436,0.7428447171957675,0.3135582366875295,0.4229819327610455,0.1231608433953657,0.2269790171320102,0.7484692875703814,,,-171.31233248153245,364.6246649630649,401.7016832724692
2026-06-07T23:10:51,91,17,910017,"ARX(1,1)",-172.0372561130921,366.0745122261842,403.1515305355885,True,0,0.9436382940652788,0.0385612134929483,0.6004351337071046,0.2708037566555537,0.1387659707578481,0.7057513216762763,0.2349199159421506,0.5590719445964272,0.1092336245465319,0.264762046019809,0.6967791246810385,,,-172.0372561018503,366.0745122037006,403.1515305131049
2026-06-07T23:12:25,91,18,910018,"ARX(1,1)",-171.3234344517134,364.6468689034268,401.72388721283113,True,0,0.0575737226623343,0.0107012244848113,0.9453172437170771,0.2608420253825765,0.023490694882005,0.7340253450195309,0.3141581518776979,0.4427922736612606,0.1221571782802385,0.2274906991271198,0.7504670130869359,,,-171.32343440008165,364.6468688001633,401.7238871095676
2026-06-07T23:14:07,91,19,910019,"ARX(1,1)",-172.03653682504878,366.07307365009757,403.1500919595019,True,0,0.9414149727115976,0.0376458590432842,0.6002672772715036,0.2692137520780708,0.1377705157218479,0.7079694997976811,0.2352660569273774,0.5542709134798214,0.109984005366657,0.2654507377909814,0.694577093167803,,,-172.03653681867308,366.07307363734617,403.1500919467505
2026-06-07T23:15:57,91,20,910020,"ARX(1,1)",-172.03673889702083,366.07347779404165,403.15049610344596,True,0,0.9317881534179088,0.0378280515829763,0.6022089463079913,0.2692879450906626,0.1372691973165838,0.7077460754938837,0.2361722605785229,0.5563631622207403,0.1096249361613688,0.2654619308021005,0.6951761962166533,,,-172.03673889354252,366.073477787085,403.15049609648935
2026-06-07T23:17:43,91,21,910021,"ARX(1,1)",-172.03677377322362,366.07354754644723,403.15056585585154,True,0,0.9506088094873862,0.0383385403530621,0.5973469015035913,0.2685261755869393,0.1392601577865268,0.708011894532631,0.2351002394838496,0.5596155114288262,0.1100456501118656,0.2655416364921633,0.6944452057423862,,,-172.0367737240058,366.0735474480116,403.1505657574159
2026-06-07T23:19:30,91,22,910022,"ARX(1,1)",-172.03693997798683,366.07387995597367,403.150898265378,True,0,0.9572859474781024,0.0383086666735545,0.5957984113749042,0.2690225250871118,0.1395544778005582,0.7076651532299761,0.2347185614352688,0.5555869792124555,0.1110448598978972,0.2646972360513865,0.6940946726138039,,,-172.036939978012,366.073879956024,403.15089826542834
2026-06-07T23:21:54,91,23,910023,"ARX(1,1)",-172.0367330000055,366.073466000011,403.15048430941533,True,0,0.9367596132507214,0.0377409825347005,0.6001374858503398,0.2694458076832214,0.1385913994299738,0.7075426484013567,0.2360450918249992,0.5580692685373783,0.1100847001635638,0.2660352502892613,0.6939901773882315,,,-172.03673300003297,366.07346600006593,403.15048430947024
2026-06-07T23:23:50,91,24,910024,"ARX(1,1)",-172.03706224619953,366.07412449239905,403.15114280180336,True,0,0.9599850729129786,0.0378707685730141,0.5943302582185123,0.2676581350548553,0.1401952305473891,0.7092414926939106,0.2349413586555977,0.5577930966992586,0.1110307532038432,0.2656377193920783,0.6933317717514581,,,-172.0370622493407,366.0741244986814,403.1511428080857
2026-06-07T23:25:17,91,25,910025,"ARX(1,1)",-171.41691817041647,364.83383634083293,401.91085465023724,True,0,0.0818951884347617,0.0242347016462971,0.9317128921382912,0.2523131234191419,0.0284177775277196,0.7354579174347381,0.2963887774534509,0.4703788420441811,0.1133705102408828,0.2332172835463741,0.7505472802270942,,,-171.41691816822953,364.8338363364591,401.91085464586337
2026-06-07T23:26:50,91,26,910026,"ARX(1,1)",-171.49435270911303,364.98870541822606,402.06572372763037,True,0,0.0749623407356386,0.0425045277394805,0.9380965812233548,0.241244735053704,0.0249600157379959,0.7340885393524434,0.3018547871770929,0.4866245125173883,0.1248245246609316,0.2403206954055297,0.7321829349549757,,,-171.49435270421628,364.98870540843257,402.0657237178369
2026-06-07T23:28:22,91,27,910027,"ARX(1,1)",-171.31326085633458,364.62652171266916,401.70354002207347,True,0,0.0580112146084646,0.0043737300677154,0.9448733920742975,0.2571818812605924,0.0235597521026201,0.740781816004324,0.3126786823113898,0.4275504882166977,0.1227816407311721,0.2288542039353784,0.7471556982622589,,,-171.3132608556814,364.6265217113628,401.7035400207671
2026-06-07T23:30:15,91,28,910028,"ARX(1,1)",-171.4253677354582,364.8507354709164,401.9277537803207,True,0,0.0773366736559068,0.0226352514163053,0.9337990856175618,0.2508060019906105,0.027972246007778,0.7374775593785049,0.3026143700050248,0.4772696823050802,0.1202981354241392,0.2410841961347061,0.7354580957878475,,,-171.4253677353792,364.8507354707584,401.92775378016273
2026-06-07T23:31:55,91,29,910029,"ARX(1,1)",-172.05075577097898,366.10151154195796,403.17852985136227,True,0,1.0018150455336483,0.0369935710237252,0.5821097294694846,0.2817202445277941,0.1483100739326036,0.6954223399797538,0.2320806745165045,0.5651202887826532,0.1090221158716866,0.2622429826452131,0.6974797726306832,,,-172.050755766414,366.101511532828,403.1785298422323
2026-06-07T23:34:01,91,30,910030,"ARX(1,1)",-171.3123398561317,364.6246797122634,401.7016980216677,True,0,0.0575764951579437,0.0014424104709205,0.9448535171050836,0.2567026793709445,0.0236457338100438,0.7426323431743749,0.3134827892787795,0.422772809640001,0.123146050220749,0.2273897675103005,0.7479813575332812,,,-171.31233985596873,364.6246797119375,401.70169802134177
2026-06-07T23:35:23,91,31,910031,"ARX(1,1)",-172.0364669631968,366.0729339263936,403.1499522357979,True,0,0.941221904102007,0.0377563018596439,0.5999740327363475,0.2690713374877486,0.138136217070989,0.7079781292730709,0.2354803765925164,0.5559825804799303,0.1101421289820041,0.2657214149981661,0.694174497768333,,,-172.036466963279,366.072933926558,403.1499522359623
2026-06-07T23:36:53,91,32,910032,"ARX(1,1)",-172.0367640722265,366.073528144453,403.1505464538573,True,0,0.9528207180093948,0.0385342186012917,0.5969919679200982,0.2689121593127032,0.1390297535818851,0.7077857174167123,0.234932376476308,0.5556862800481506,0.1105310029634439,0.2648269231056057,0.6943247059825476,,,-172.03676406663735,366.0735281332747,403.150546442679
2026-06-07T23:38:39,91,33,910033,"ARX(1,1)",-171.3414896356922,364.6829792713844,401.7599975807887,True,0,0.0585205551592889,0.0016261992809475,0.9451567455316776,0.268273023049532,0.0231583480322817,0.7310022945967777,0.3092672899718998,0.4090760978949709,0.1253412479275381,0.2373521742579446,0.7324415744866832,,,-171.34148963489446,364.6829792697889,401.7599975791932
2026-06-07T23:40:07,91,34,910034,"ARX(1,1)",-172.03654076231385,366.0730815246277,403.150099834032,True,0,0.9458986209972908,0.0377175737061527,0.5982645079360779,0.2690130444685633,0.1395558003240004,0.708016727445719,0.2352977840291973,0.5574518516347685,0.1103064041318527,0.2656723227296767,0.6938167781101159,,,-172.03654075285647,366.0730815057129,403.1500998151173
2026-06-07T23:41:49,91,35,910035,"ARX(1,1)",-172.0369360090371,366.0738720180742,403.1508903274785,True,0,0.9326923553024796,0.0375865497106973,0.6022198246318223,0.2703191901703985,0.1378956870750586,0.7066841417324182,0.2358186181157058,0.5580140483323295,0.1092131266921908,0.2650142888049364,0.6962099801895011,,,-172.03693600922432,366.07387201844864,403.15089032785295
2026-06-07T23:44:55,91,36,910036,"ARX(1,1)",-125.03007338561936,272.0601467712387,309.137165080643,True,0,3.2476174222285774,0.0916841982628911,0.9686419532076088,0.2748655287564626,0.0130603499257187,0.5626761354039713,0.035452791208634,0.173188585142337,0.1119676251663939,0.3662887179797927,0.5908780923526218,,,-125.0300733855932,272.0601467711864,309.1371650805907
2026-06-07T23:46:31,91,37,910037,"ARX(1,1)",-172.0383692579031,366.0767385158062,403.1537568252105,True,0,0.9524957828968198,0.0396818471717039,0.5978754070167327,0.2690986283910903,0.1387117508313703,0.7063879415352494,0.2346992950631987,0.5641669978172289,0.1083686671802162,0.2653533883682608,0.6965600638977385,,,-172.03836925777057,366.07673851554114,403.1537568249455
2026-06-07T23:48:12,91,38,910038,"ARX(1,1)",-172.03736834253323,366.07473668506645,403.15175499447076,True,0,0.9656091489822306,0.0382590458983143,0.5920900843980876,0.2682108794548796,0.1419168495590974,0.7084766240775646,0.234800283104218,0.5582611487423417,0.1109553668290706,0.2654312168930278,0.6933225735972554,,,-172.03736834158315,366.0747366831663,403.1517549925706
2026-06-07T23:50:20,91,39,910039,"ARX(1,1)",-171.3378183815119,364.6756367630238,401.7526550724281,True,0,0.0561932493807184,0.0156610097835061,0.9466447574286416,0.2630836968168061,0.0230283731686774,0.7292933644526142,0.3135962840886941,0.4519459692280756,0.1245254604827051,0.2249467755226723,0.7497915418297307,,,-171.3378174882372,364.6756349764744,401.7526532858787
2026-06-07T23:54:17,91,40,910040,"ARX(1,1)",-171.31233910436873,364.62467820873746,401.7016965181418,True,0,0.0574491434802537,0.0012756650681297,0.9449069876998348,0.256883065187271,0.0236442479345181,0.7425285404280495,0.3136549172615397,0.4231639466843435,0.1233076792667817,0.2271223453854642,0.7481890385313457,,,-171.3123391033186,364.6246782066372,401.7016965160415
2026-06-07T22:37:20,92,1,920001,"ARX(1,1)",-171.3123299509294,364.6246599018588,401.70167821126313,True,0,0.0574814310574366,0.0014242605943056,0.9449102014790476,0.2567040615618409,0.0236283503421495,0.7426392714570044,0.3135459104451321,0.4228631356161532,0.1230925196294778,0.2270805480720077,0.7484766402011493,,,-171.31232995097594,364.6246599019519,401.7016782113562
2026-06-07T22:39:30,92,2,920002,"ARX(1,1)",-172.03648148322858,366.07296296645717,403.1499812758615,True,0,0.9397300058166904,0.0377567066330669,0.6004317226255188,0.2692361049170932,0.1379314605301932,0.707832595198058,0.2355149614876569,0.5557637178704419,0.1099787664185609,0.2656298105210931,0.6944369512196789,,,-172.0364814832127,366.0729629664254,403.1499812758297
2026-06-07T22:41:24,92,3,920003,"ARX(1,1)",-171.3980498915207,364.7960997830414,401.87311809244574,True,0,0.0612626393575099,0.001597701480538,0.9444925843846876,0.2754060738279341,0.0227985180457163,0.7239508854593903,0.2987091934272669,0.3945877337002529,0.1227229237364491,0.2306566994490091,0.7367481024506979,,,-171.39804988335698,364.796099766714,401.8731180761183
2026-06-07T22:43:00,92,4,920004,"ARX(1,1)",-171.33201391842334,364.6640278368467,401.741046146251,True,0,0.0594698826084785,0.0162635462786603,0.945583237347121,0.2588722438376755,0.022885172106149,0.7333422382190947,0.3061511259365188,0.4422010100700577,0.1205275341622486,0.2317838120103224,0.7465217954259722,,,-171.33201390968748,364.66402781937495,401.74104612877926
2026-06-07T22:44:49,92,5,920005,"ARX(1,1)",-172.03670968650226,366.0734193730045,403.15043768240884,True,0,0.9426114564130986,0.0379379090120948,0.5991552606854522,0.2698801896422462,0.1386472778337654,0.7070082326483346,0.235568814057642,0.5585093403175175,0.1096224464469815,0.2646835483765057,0.6957527680486114,,,-172.0367096865019,366.0734193730037,403.150437682408
2026-06-07T22:46:20,92,6,920006,"ARX(1,1)",-172.03732007993176,366.0746401598635,403.15165846926783,True,0,0.9290513334151208,0.0384669341145565,0.6035335161580918,0.2683821762938507,0.1362503811043246,0.7080826877889485,0.2362769542672745,0.5561929943546137,0.1105911144020495,0.267606559591856,0.6916238812802797,,,-172.03732008388045,366.0746401677609,403.1516584771652
2026-06-07T22:48:19,92,7,920007,"ARX(1,1)",-172.03836894829578,366.07673789659157,403.1537562059959,True,0,0.9763535901003516,0.0384680663294176,0.5890320015604398,0.2674902823043489,0.1443349534665611,0.7090938973433132,0.2340122158238673,0.5581032434729305,0.1107519230789431,0.2639509289741304,0.6948487612580232,,,-172.03836894833574,366.0767378966715,403.1537562060758
2026-06-07T22:50:27,92,8,920008,"ARX(1,1)",-172.03947620440795,366.0789524088159,403.1559707182202,True,0,0.9844285775094076,0.0383224860021706,0.5888411791625231,0.2690217061500552,0.1440004662634397,0.7079098062665722,0.2329122678652252,0.5549091589076361,0.1109476024584366,0.2636159780270138,0.6953515853092057,,,-172.03947620453212,366.0789524090642,403.15597071846855
2026-06-07T22:51:52,92,9,920009,"ARX(1,1)",-172.03779156630225,366.0755831326045,403.1526014420088,True,0,0.9466376551722084,0.036647242760165,0.5986958583516198,0.2677361026706866,0.1398669900931233,0.7103156622207892,0.2342354439461905,0.5499551138115589,0.1100702647503454,0.2652002617523866,0.6939092324031337,,,-172.0377915688898,366.0755831377796,403.1526014471839
2026-06-07T22:53:42,92,10,920010,"ARX(1,1)",-171.312327342617,364.624654685234,401.70167299463833,True,0,0.0575134802093334,0.0012662941361017,0.944866555970874,0.256827945296481,0.0236479366150328,0.7425882275920723,0.3136122468118992,0.4228343477842837,0.1232354731202358,0.2270698689669281,0.7482793968140851,,,-171.3123273425959,364.6246546851918,401.7016729945961
2026-06-07T22:55:23,92,11,920011,"ARX(1,1)",-172.03663604417002,366.07327208834005,403.15029039774436,True,0,0.952825848655238,0.0379810980431515,0.5966625690915965,0.269011397477342,0.1396446338627664,0.7078855639877245,0.2349182218146938,0.5564524481495434,0.1106047694546939,0.2653491860529273,0.6939621491952707,,,-172.03663604434706,366.0732720886941,403.1502903980984
2026-06-07T22:57:02,92,12,920012,"ARX(1,1)",-172.03663376991392,366.07326753982784,403.15028584923215,True,0,0.9419624275983136,0.0374495684003139,0.6003662367319849,0.270373185675874,0.138892585542167,0.706824442583016,0.2348842512985917,0.5555174258233452,0.1097151886997076,0.26591195774902,0.6943185779015244,,,-172.03663378124492,366.0732675624898,403.1502858718941
2026-06-07T22:59:16,92,13,920013,"ARX(1,1)",-171.3123262667474,364.6246525334948,401.7016708428991,True,0,0.0575285932639159,0.0011470370942466,0.944847453693792,0.2568229793080326,0.0236520907677632,0.7426484532483236,0.3135902313367711,0.4225693723962252,0.1231094639210047,0.2270274316895517,0.7484380497465408,,,-171.31232626634664,364.6246525326933,401.7016708420976
2026-06-07T23:01:31,92,14,920014,"ARX(1,1)",-172.04506085950402,366.09012171900804,403.16714002841235,True,0,1.0155443018273411,0.0390616883703653,0.5773139454444348,0.2662097241162869,0.151096348854277,0.7098504177273776,0.2324359897029409,0.5619057095540637,0.1122315594565631,0.2641650197009688,0.6924564336110912,,,-172.04506086017037,366.09012172034073,403.167140029745
2026-06-07T23:03:32,92,15,920015,"ARX(1,1)",-172.03745593288323,366.07491186576647,403.1519301751708,True,0,0.9438962116658944,0.0386296747413864,0.5977136936813454,0.2666335363099251,0.1381477026727673,0.7097319772866663,0.2366122482415479,0.5586705445117086,0.1118988618217298,0.2655593041422705,0.6923218140505834,,,-172.03745592726946,366.0749118545389,403.1519301639432
2026-06-07T23:05:16,92,16,920016,"ARX(1,1)",-171.4771312681637,364.9542625363274,402.0312808457317,True,0,0.0571554328998152,0.0209251208407334,0.9475823911148132,0.300178872447313,0.0225655513987153,0.6890495033888713,0.3058539127001133,0.4718779711978833,0.1137511460543704,0.2335939046787597,0.7577044575555957,,,-171.47713125690387,364.95426251380775,402.03128082321206
2026-06-07T23:06:46,92,17,920017,"ARX(1,1)",-171.31234041673298,364.62468083346596,401.70169914287027,True,0,0.0574809731824297,0.0013866276798551,0.944874703264634,0.2566479492685439,0.023652683453351,0.7427117124790461,0.3137831750252097,0.4231789911005958,0.1232269382530826,0.2270264838412832,0.7484045746878626,,,-171.31234041725355,364.6246808345071,401.7016991439114
2026-06-07T23:09:02,92,18,920018,"ARX(1,1)",-172.03730406062354,366.0746081212471,403.1516264306514,True,0,0.9642570276144042,0.0381602267196545,0.5936579989803106,0.2699364459112307,0.1409620313931767,0.7070098387708995,0.2342507265803978,0.5566018779999587,0.1105831410707047,0.2652984758650402,0.6939203145349585,,,-172.0373040606343,366.0746081212686,403.1516264306729
2026-06-07T23:11:06,92,19,920019,"ARX(1,1)",-172.03676818776557,366.07353637553115,403.15055468493546,True,0,0.9384264908790126,0.0370058483314491,0.5995232776511383,0.2695949498489501,0.1386616905581611,0.7078146868324129,0.2361120504163551,0.5568470488256735,0.1105947393421534,0.2667106151827927,0.6926471908093098,,,-172.03676818774946,366.0735363754989,403.1505546849032
2026-06-07T23:12:35,92,20,920020,"ARX(1,1)",-172.03659879998202,366.07319759996403,403.15021590936834,True,0,0.9475139473314648,0.0379279039924104,0.5981250151361303,0.2675990070827496,0.1390870696120129,0.7094253015406048,0.2352191319157427,0.5549560509229334,0.110692037581968,0.2652786581277233,0.6938803937866453,,,-172.0365987973376,366.0731975946752,403.1502159040795
2026-06-07T23:14:46,92,21,920021,"ARX(1,1)",-171.3401020612155,364.680204122431,401.7572224318353,True,0,0.0589350217110697,0.0064240121940829,0.9436997347924064,0.2740281952362333,0.0242797852878496,0.7229310999640777,0.3173628907188642,0.4367588211633395,0.1241374124146988,0.2309749137658344,0.7441270362954228,,,-171.34010205968093,364.68020411936186,401.75722242876617
2026-06-07T23:17:10,92,22,920022,"ARX(1,1)",-171.3217551456264,364.6435102912528,401.72052860065713,True,0,0.0582560851224887,0.0002104420228219,0.9449530839300092,0.2515825448848054,0.0234044512427538,0.748322824703378,0.3107285206553029,0.4106745418948411,0.1249882213708986,0.2309020384512278,0.7417483190105595,,,-171.3217551461049,364.6435102922098,401.7205286016141
2026-06-07T23:19:11,92,23,920023,"ARX(1,1)",-171.31472517757965,364.6294503551593,401.7064686645636,True,0,0.0574942267487008,0.0046981790815004,0.9451863109755037,0.2576033371976308,0.023525884548984,0.7402079571531196,0.3135493039507042,0.4279711401437317,0.125422562719558,0.2291978986829415,0.7435797460931999,,,-171.31472518344097,364.62945036688194,401.7064686762863
2026-06-07T23:21:16,92,24,920024,"ARX(1,1)",-172.03651767923924,366.0730353584785,403.1500536678828,True,0,0.9449438962245909,0.0379447473480231,0.5989207346231092,0.2697675675730328,0.1392046597286318,0.7071692159583393,0.2351503937157602,0.5560619494568546,0.1100316374904791,0.2656498657976684,0.6942782589919733,,,-172.03651765174405,366.0730353034881,403.1500536128924
2026-06-07T23:22:44,92,25,920025,"ARX(1,1)",-172.03676982576707,366.07353965153413,403.15055796093844,True,0,0.9420054945740188,0.0382250007915223,0.5992963786413207,0.2705768137797178,0.1392398745637661,0.706133966616499,0.2355556670337428,0.5581367152017492,0.110051883628544,0.2663528013496508,0.6932988852549363,,,-172.03676982328554,366.0735396465711,403.1505579559754
2026-06-07T23:23:52,92,26,920026,"ARX(1,1)",-171.36266862123512,364.72533724247023,401.80235555187454,True,0,0.0616359034120893,0.0189127646073863,0.9442819307700012,0.2527422177437146,0.0235137907352346,0.7378038857333102,0.3073134529671322,0.4629636554031792,0.1284766291462855,0.2331354233809684,0.7380421068623011,,,-171.36266830384844,364.7253366076969,401.8023549171012
2026-06-07T23:25:40,92,27,920027,"ARX(1,1)",-171.31234007635396,364.6246801527079,401.70169846211223,True,0,0.0575137006756574,0.0014352249681388,0.9448856190286596,0.256626485139923,0.0236309586660483,0.7427126634682419,0.3135148679174281,0.4228893294961444,0.1229873980717869,0.2269236868076112,0.7487261615388986,,,-171.3123400766463,364.6246801532926,401.7016984626969
2026-06-07T23:27:24,92,28,920028,"ARX(1,1)",-172.03680121462966,366.0736024292593,403.15062073866363,True,0,0.9374248435923892,0.0380006234694411,0.600738998235323,0.2681617101197445,0.1381163933259103,0.7085848995118916,0.2359220694769503,0.5592560918577816,0.1105773244885169,0.2663996722476996,0.6929913722824286,,,-172.03680122196104,366.0736024439221,403.1506207533264
2026-06-07T23:31:59,92,29,920029,"ARX(1,1)",-171.39260697095372,364.78521394190744,401.86223225131175,True,0,0.0594502653547522,8.788177355654274e-05,0.944549842377647,0.2892526337522884,0.0230900484532927,0.7107100798282747,0.304534242990651,0.397800713166608,0.1159774649847366,0.2244613996755273,0.7529245404410733,,,-171.3926069710181,364.7852139420362,401.8622322514405
2026-06-07T23:33:44,92,30,920030,"ARX(1,1)",-172.0364641101513,366.0729282203026,403.1499465297069,True,0,0.9423496205419124,0.0378341153411471,0.5997184927683082,0.2691285157359065,0.138318358956251,0.7078835888883845,0.2353860194104173,0.5562838663598867,0.1100897704939539,0.2656989169893934,0.6942152341349505,,,-172.03646411024846,366.0729282204969,403.1499465299012
2026-06-07T23:35:06,92,31,920031,"ARX(1,1)",-171.31233621371592,364.62467242743185,401.70169073683616,True,0,0.057471131579818,0.001474478068612,0.94490378767018,0.2568253928529109,0.0236359191609637,0.7424947162144204,0.313638443262516,0.4232912380827718,0.1231034084854122,0.2270769395601264,0.7484598664535447,,,-171.31233621430462,364.6246724286093,401.7016907380136
2026-06-07T23:37:02,92,32,920032,"ARX(1,1)",-172.03696784668676,366.0739356933735,403.15095400277784,True,0,0.9480004730910236,0.0384936056412401,0.5989269064784495,0.2699970680895187,0.1386213656984975,0.7065010022960282,0.2348598066742126,0.5598741285478123,0.109336676250069,0.2655774270920865,0.6953909477426934,,,-172.03696784522168,366.07393569044336,403.1509539998477
2026-06-07T23:39:06,92,33,920033,"ARX(1,1)",-172.037616534134,366.075233068268,403.1522513776723,True,0,0.92136596380807,0.0375151222252142,0.6068735731926184,0.2713141387426248,0.1346005363725972,0.7060597076723755,0.235915765451647,0.5525538490493117,0.1088923261763281,0.2653675611599572,0.6961060229418169,,,-172.03761653414057,366.07523306828114,403.1522513776855
2026-06-07T23:40:42,92,34,920034,"ARX(1,1)",-171.3123876618433,364.6247753236866,401.7017936330909,True,0,0.057515367513883,0.0016574409526836,0.9448803001854696,0.2567242559828386,0.0236481544546874,0.7425121361459359,0.3138464909188683,0.4228552813376688,0.1233324482974331,0.2274523534886409,0.7478703410681679,,,-171.31238766268643,364.62477532537287,401.7017936347772
2026-06-07T23:42:27,92,35,920035,"ARX(1,1)",-171.32790818297582,364.65581636595164,401.73283467535595,True,0,0.0595704580542819,0.0088242964887053,0.944681224479704,0.2649847228129321,0.0234819790121407,0.7307746311750076,0.3077511878911562,0.4393208976367584,0.1229597788187648,0.2295080520551549,0.7465008614174539,,,-171.32790817666768,364.65581635333535,401.73283466273966
2026-06-07T23:44:31,92,36,920036,"ARX(1,1)",-172.03691867842133,366.07383735684266,403.15085566624697,True,0,0.9587851001359612,0.0376618149623812,0.5948382893175971,0.2696103426182097,0.1409480814511832,0.7076146544359003,0.2345752131734182,0.5553617146786566,0.1106785071660878,0.2651884242794797,0.693977905258078,,,-172.03691867855864,366.07383735711727,403.1508556665216
2026-06-07T23:46:31,92,37,920037,"ARX(1,1)",-171.36177362421424,364.7235472484285,401.8005655578328,True,0,0.060017402302062,0.0203653084325174,0.9447082301189276,0.266463810959851,0.0234760243093982,0.7231413303514673,0.3106172904215329,0.4704587632425123,0.1191901669077666,0.2333786536309567,0.747389834654931,,,-171.3617736238889,364.7235472477778,401.8005655571821
2026-06-07T23:48:27,92,38,920038,"ARX(1,1)",-172.03746198147368,366.07492396294737,403.1519422723517,True,0,0.9324890147463012,0.0377513955693551,0.6039275879953809,0.2681413145237881,0.13848231574738,0.708874566073469,0.2349768655484574,0.5591070104799064,0.1103357354489199,0.2662310619744221,0.6936887422226357,,,-172.03746198471583,366.07492396943167,403.151942278836
2026-06-07T23:50:24,92,39,920039,"ARX(1,1)",-172.03687251106766,366.0737450221353,403.1507633315396,True,0,0.9502359322962944,0.037592351700453,0.5966085241265252,0.2699834051256807,0.140539720839332,0.7071361292637123,0.2349087126342346,0.5562408053017832,0.1100438991606446,0.2663384643666591,0.6931899736752881,,,-172.0368725417895,366.0737450835791,403.1507633929834
2026-06-07T23:52:00,92,40,920040,"ARX(1,1)",-171.31233195775343,364.62466391550686,401.70168222491117,True,0,0.0574509113639522,0.0014329882668469,0.9449201298015332,0.2566132854396253,0.0236295608830307,0.7427256223555897,0.3136166995377642,0.4231436802302142,0.1232201150528378,0.2271081066654099,0.7482889390780091,,,-171.31233195846528,364.62466391693056,401.70168222633487
2026-06-07T22:44:43,93,1,930001,"ARX(1,1)",-171.3124052222731,364.6248104445462,401.7018287539505,True,0,0.0575238543731458,0.0015436809005303,0.9449627099342784,0.2567752818884923,0.0235828311773562,0.7425128149216329,0.3132264666244336,0.4221572620414378,0.1232016427481424,0.2274993097639515,0.7478849083285929,,,-171.31240522176847,364.62481044353694,401.70182875294125
2026-06-07T22:46:57,93,2,930002,"ARX(1,1)",-171.32228234638876,364.6445646927775,401.72158300218183,True,0,0.0585489877695567,0.0084350378807296,0.9448757707540296,0.2498454803076945,0.0234064973085206,0.7462179633169763,0.3132448983837878,0.4288735170835616,0.1207705784437766,0.2331122606804786,0.7459484696912971,,,-171.3222823457838,364.6445646915676,401.7215830009719
2026-06-07T22:48:58,93,3,930003,"ARX(1,1)",-171.61586704302402,365.23173408604805,402.30875239545236,True,0,0.0630215973865532,0.0686348119374741,0.9483012553277316,0.2532733919571496,0.020753436380783,0.7125220820481509,0.2975575319821153,0.4793441105335898,0.1181281617167336,0.233631724839511,0.74467996944235,,,-171.6158670257606,365.2317340515212,402.3087523609255
2026-06-07T22:50:57,93,4,930004,"ARX(1,1)",-171.31251997294393,364.62503994588786,401.7020582552922,True,0,0.0576291546882764,0.0004433271081732,0.9447622125837404,0.2571989713717574,0.0236819615496574,0.7425978039196234,0.313366928169984,0.4204249122773207,0.1232873933146823,0.2268667656370082,0.7481390242072943,,,-171.31251997450232,364.62503994900464,401.70205825840895
2026-06-07T22:53:11,93,5,930005,"ARX(1,1)",-172.03646143145193,366.07292286290385,403.14994117230816,True,0,0.9432207243886936,0.0377745744161863,0.5993598244125192,0.2690669958462217,0.1384754954008519,0.7079733574809086,0.2353797663021473,0.5560463245631554,0.1101488222497693,0.2656765206031095,0.6941706177677122,,,-172.03646143145363,366.07292286290726,403.1499411723116
2026-06-07T22:54:45,93,6,930006,"ARX(1,1)",-171.33501599661284,364.6700319932257,401.74705030263,True,0,0.0564965224419601,0.0115366354697529,0.9457109048381268,0.258389253910421,0.0234554532786506,0.736030327279072,0.3157116155021938,0.448980213620954,0.1187275886257283,0.221944092773907,0.7609028542779097,,,-171.3350165860614,364.6700331721228,401.7470514815271
2026-06-07T22:56:16,93,7,930007,"ARX(1,1)",-172.03670611600802,366.07341223201604,403.15043054142035,True,0,0.9529155533643086,0.0381067254503356,0.5961386481828854,0.2696625943956827,0.1402291343971327,0.7071149673333676,0.2351031615029283,0.5573919024106041,0.1101829379054399,0.2650329819244864,0.6946154945954588,,,-172.03670611664052,366.073412233281,403.1504305426853
2026-06-07T22:59:18,93,8,930008,"ARX(1,1)",-172.03747902292162,366.07495804584323,403.15197635524754,True,0,0.9646953428448124,0.0374697948215046,0.5924694180681461,0.2671564465253188,0.1417991718923271,0.7100804629105635,0.2344289599843186,0.5540632046212891,0.1102265357356114,0.2646003254166733,0.6947723077260372,,,-172.03747901892078,366.0749580378416,403.15197634724586
2026-06-07T23:00:59,93,9,930009,"ARX(1,1)",-172.03679514383904,366.0735902876781,403.1506085970824,True,0,0.9463997471250328,0.0382274730865052,0.5983945154513318,0.270805125560988,0.1397522645853347,0.7057910886119844,0.2352626971283409,0.5582773810638717,0.1102772462218761,0.2658170773802719,0.6937614458937184,,,-172.03679514156795,366.0735902831359,403.1506085925402
2026-06-07T23:02:34,93,10,930010,"ARX(1,1)",-172.03690899521567,366.07381799043134,403.15083629983565,True,0,0.9554451197316304,0.0378460628173141,0.5960220152650493,0.2682375492714117,0.1396833690751457,0.7088616597347062,0.2349334227497303,0.5556266211695537,0.1111681725638715,0.2664141071750735,0.6923355752949316,,,-172.03690899512827,366.0738179902565,403.15083629966085
2026-06-07T23:03:49,93,11,930011,"ARX(1,1)",-171.40325490248347,364.80650980496694,401.88352811437125,True,0,0.056286814758476,0.0278244315554569,0.9463842832897702,0.272117779681086,0.0235306791639812,0.7131499794754301,0.3191451133000306,0.5001442137690785,0.119149520896254,0.2141727727066434,0.7708666555955627,,,-171.40325490238354,364.8065098047671,401.8835281141714
2026-06-07T23:06:11,93,12,930012,"ARX(1,1)",-172.036887965385,366.07377593077,403.1507942401743,True,0,0.9331269581874524,0.0370915272189461,0.6019442124910674,0.2684038532460086,0.1373609215424864,0.7090022344305527,0.2358447692122936,0.5561386315209984,0.1097568805326462,0.2647537405314356,0.6955380991137929,,,-172.0368879656156,366.0737759312312,403.1507942406355
2026-06-07T23:07:56,93,13,930013,"ARX(1,1)",-172.03648131648953,366.07296263297906,403.14998094238337,True,0,0.9401054946812166,0.0377877474958519,0.6002103133251526,0.2691367505309588,0.1379655368758643,0.7079008144648447,0.2355809895315989,0.5560450228073357,0.1099424389934283,0.2655688412492942,0.6945794776486734,,,-172.0364813165475,366.072962633095,403.1499809424993
2026-06-07T23:10:05,93,14,930014,"ARX(1,1)",-172.03648138503888,366.07296277007777,403.1499810794821,True,0,0.946292695552195,0.037863946834893,0.5984358036334909,0.2690106972608355,0.1389451194828719,0.70796218339688,0.2352668913083327,0.556516177868698,0.110206344192888,0.2656095464312065,0.6941602362087449,,,-172.0364813850241,366.0729627700482,403.1499810794525
2026-06-07T23:11:34,93,15,930015,"ARX(1,1)",-171.41130742257673,364.82261484515345,401.89963315455776,True,0,0.0801064070766966,0.0241439952566328,0.9328916832898024,0.2539672840208739,0.0279000019308111,0.7340167006061968,0.2988545538872309,0.4632955168464623,0.1177260974013828,0.2420160785715017,0.7367107438135327,,,-171.41130742133407,364.82261484266814,401.89963315207245
2026-06-07T23:13:37,93,16,930016,"ARX(1,1)",-171.4325120811825,364.865024162365,401.9420424717693,True,0,0.0791429564503951,0.0253462770158025,0.9325081471820664,0.2585054370980715,0.0287475708732579,0.7285608615589698,0.3014750820725106,0.4809142713033654,0.1160834280584673,0.2276950068262613,0.7545367123470549,,,-171.432512083511,364.865024167022,401.9420424764263
2026-06-07T23:18:39,93,17,930017,"ARX(1,1)",-172.06077476137904,366.1215495227581,403.1985678321624,True,0,1.0365930463097015,0.0428991789667751,0.5795108156241111,0.26167615610412,0.1554248652422137,0.7110759570678018,0.2280089917198465,0.5582865919087389,0.114602108589238,0.2663965025471229,0.6868920824380381,,,-172.06077476084442,366.1215495216889,403.1985678310932
2026-06-07T23:20:33,93,18,930018,"ARX(1,1)",-171.3177118938787,364.6354237877574,401.7124420971617,True,0,0.0592946628715677,0.0071311635612055,0.9443936745722112,0.2600216658311933,0.0236322919192069,0.7366776303332738,0.3100543604059297,0.4288184597878516,0.1221715791611314,0.2254497165930263,0.7513638455599174,,,-171.3177118935833,364.6354237871666,401.7124420965709
2026-06-07T23:22:29,93,19,930019,"ARX(1,1)",-172.03665149132917,366.07330298265833,403.15032129206264,True,0,0.953207848724076,0.0380255262133686,0.5963330183637152,0.2693709053876646,0.1397810887283865,0.7075747190942365,0.235026514694827,0.5558840407045836,0.1103527900001251,0.2652271823401957,0.6942777487661134,,,-172.03665148643145,366.0733029728629,403.1503212822672
2026-06-07T23:24:07,93,20,930020,"ARX(1,1)",-171.64903622993037,365.29807245986075,402.37509076926506,True,0,0.0522339578626833,0.0389909419012111,0.9513714091475842,0.2887448950869454,0.0212280469833219,0.6886039209228768,0.3164105464165683,0.5124616450898348,0.1232929290997084,0.2567397344560185,0.716034571273709,,,-171.6490362302331,365.2980724604662,402.3750907698705
2026-06-07T23:25:35,93,21,930021,"ARX(1,1)",-171.31234662279095,364.6246932455819,401.7017115549862,True,0,0.0574533455967717,0.0009289527786061,0.9448760149684122,0.2567293805460576,0.0236473550429617,0.7428432918053954,0.3136361308000289,0.4220210714170325,0.1230024240989938,0.2269256164689476,0.7486042672936625,,,-171.31234662265308,364.62469324530616,401.70171155471047
2026-06-07T23:27:13,93,22,930022,"ARX(1,1)",-172.03646480484204,366.0729296096841,403.1499479190884,True,0,0.9417662109131466,0.037736397126714,0.599795538894266,0.2692090110645006,0.1382800111592765,0.7078713947438975,0.2354333981952971,0.5559097192176642,0.1100381517589866,0.2656497898335434,0.6943442191976585,,,-172.036464804896,366.072929609792,403.14994791919634
2026-06-07T23:30:03,93,23,930023,"ARX(1,1)",-172.03676571517366,366.0735314303473,403.1505497397516,True,0,0.9535993232269429,0.0375980048125809,0.5955939374653315,0.2676362812784056,0.1406055474377878,0.7095854435365044,0.2351500555781006,0.5549698375461486,0.1106625019421788,0.2657976385808056,0.6933521828712412,,,-172.03676571277828,366.07353142555655,403.15054973496086
2026-06-07T23:32:03,93,24,930024,"ARX(1,1)",-171.3123362173041,364.6246724346082,401.7016907440125,True,0,0.0574895463821529,0.0009288034946608,0.94484544979865,0.2570094158728986,0.0236656620957713,0.74256258741874,0.313636535191311,0.4224034156458616,0.1230341659182656,0.2268439881007108,0.7487259867497207,,,-171.31233621682918,364.6246724336584,401.7016907430626
2026-06-07T23:33:34,93,25,930025,"ARX(1,1)",-172.03655823444302,366.07311646888604,403.15013477829035,True,0,0.936093459311142,0.0375872522140513,0.6016943194417257,0.2694099859065791,0.1370874256627599,0.7077695646370507,0.2356387618608215,0.5552810105316703,0.1100850643340526,0.2657443348225337,0.6942359472246139,,,-172.0365582343846,366.0731164687692,403.1501347781735
2026-06-07T23:35:27,93,26,930026,"ARX(1,1)",-171.31707999549207,364.63415999098413,401.71117830038844,True,0,0.0559779855253484,0.003082147967033,0.945522053198381,0.2559079792257657,0.0235990961632844,0.7426635311196742,0.3166508948983993,0.427750433535148,0.1212853999742497,0.2221920633480278,0.7566461049549021,,,-171.31707999563574,364.6341599912715,401.7111783006758
2026-06-07T23:37:48,93,27,930027,"ARX(1,1)",-171.712182101553,365.424364203106,402.5013825125103,True,0,0.0625089255102347,0.0742256988656249,0.9500810802395512,0.2586988021734104,0.0201609748359938,0.7029656113436061,0.2904889195855206,0.492491444779179,0.1208660698597194,0.2327691829248991,0.7436908052007024,,,-171.71218210311534,365.4243642062307,402.501382515635
2026-06-07T23:39:14,93,28,930028,"ARX(1,1)",-172.037131022084,366.074262044168,403.1512803535723,True,0,0.9629381707347048,0.0380369808430669,0.5929463952400229,0.2687359629364936,0.1418957264830971,0.7081406085075753,0.2346820692560281,0.5569244841807062,0.1103182744015161,0.2648635732508948,0.6946083846186589,,,-172.03713102120946,366.0742620424189,403.1512803518232
2026-06-07T23:41:15,93,29,930029,"ARX(1,1)",-171.39212763520698,364.78425527041395,401.86127357981826,True,0,0.057258161070686,0.0248030420979715,0.945954145166546,0.2732683216259066,0.0235554253475289,0.7133202340495366,0.316651766987459,0.5018677581588297,0.1206344603593227,0.2201215163085431,0.7624308276601538,,,-171.3921276349954,364.7842552699908,401.8612735793951
2026-06-07T23:43:23,93,30,930030,"ARX(1,1)",-171.31235064134543,364.62470128269086,401.7017195920952,True,0,0.0576438012457699,0.0013893915039802,0.9448102439484158,0.2568453820173307,0.0236514299498466,0.7425128068835278,0.3133446442102318,0.4228862790978008,0.1228520381660602,0.2271617859011181,0.7485861359176191,,,-171.31235063975356,364.6247012795071,401.7017195889114
2026-06-07T23:46:05,93,31,930031,"ARX(1,1)",-171.89303558216358,365.78607116432715,402.86308947373146,True,0,0.0342230597906429,0.0784385123508804,0.9670718188346096,0.2618426050403988,0.0137586558528943,0.7085398479892161,0.3188939885175714,0.435322465626114,0.1262388402889983,0.2455190814072086,0.7258738232276305,,,-171.89303558306722,365.7860711661344,402.86308947553874
2026-06-07T23:47:28,93,32,930032,"ARX(1,1)",-171.31234229577996,364.6246845915599,401.7017029009642,True,0,0.0575792463557227,0.0014486250978422,0.9448389238671334,0.2571219457735784,0.0236502898979415,0.742210259911129,0.3134988774297686,0.4230817930457122,0.1229485286058223,0.2271590199043205,0.7484867621980671,,,-171.31234229548926,364.6246845909785,401.7017029003828
2026-06-07T23:49:02,93,33,930033,"ARX(1,1)",-171.56591635162118,365.13183270324237,402.2088510126467,True,0,0.0685090785025079,0.0184868930973813,0.94135656165027,0.278353081344878,0.0242523025672305,0.7125177578476356,0.3016717823215309,0.4585533596839946,0.140897640560502,0.2665655417304099,0.6844690719256498,,,-171.565916351937,365.131832703874,402.2088510132783
2026-06-07T23:51:01,93,34,930034,"ARX(1,1)",-172.0365549037117,366.0731098074234,403.1501281168277,True,0,0.938054670673805,0.0378199707735902,0.6007050424043768,0.2697782580058558,0.137918192769065,0.7072237884001009,0.2356413977379667,0.5569479468799151,0.1095829893433842,0.2656706629694285,0.6949063846680834,,,-172.03655492894052,366.073109857881,403.15012816728535
2026-06-07T23:53:02,93,35,930035,"ARX(1,1)",-172.03679177348144,366.0735835469629,403.1506018563672,True,0,0.9433779691821198,0.0380060037265817,0.5998319871711707,0.2672449697727093,0.1388597869151903,0.7097291512233289,0.2350513320996599,0.5557297983990148,0.1112151564334206,0.2656774317397133,0.6927701695297428,,,-172.0367917259822,366.0735834519644,403.1506017613687
2026-06-07T23:57:00,93,36,930036,"ARX(1,1)",-171.37812693618855,364.7562538723771,401.8332721817814,True,0,0.061132877549122,0.0002247650656952,0.9444080067876064,0.2386688967405618,0.0230707397498163,0.7612315028687592,0.3027079347915261,0.4018537628293162,0.1294629893652669,0.239513578708543,0.7247074649884259,,,-171.37812693606278,364.7562538721256,401.8332721815299
2026-06-07T23:59:16,93,37,930037,"ARX(1,1)",-171.45901594428057,364.91803188856113,401.99505019796544,True,0,0.0594250393161444,5.699212994116811e-05,0.9454453037583196,0.2826579123308739,0.0222794908238466,0.7173192308451513,0.2992245980836839,0.3802078501392049,0.1122230068675916,0.2265459362182889,0.7514149080509532,,,-171.45901646882436,364.9180329376487,401.995051247053
2026-06-08T00:03:14,93,38,930038,"ARX(1,1)",-172.03727377936093,366.07454755872186,403.15156586812617,True,0,0.954906439123358,0.0384628493594065,0.5959242459758857,0.2704826417703068,0.1407424269480278,0.7060287221035041,0.234890745160122,0.5609989726483232,0.1103834821470591,0.264871976744153,0.6947621132636982,,,-172.0372737825777,366.0745475651554,403.1515658745597
2026-06-08T00:05:10,93,39,930039,"ARX(1,1)",-172.0365693258388,366.0731386516776,403.1501569610819,True,0,0.9426182671428932,0.0374808923635215,0.5991307462840135,0.2679092968363335,0.1386545521281023,0.70938342360029,0.2355636311550564,0.5550553320764675,0.1105858148484205,0.2659790110181149,0.6933590327415343,,,-172.0365693258771,366.0731386517542,403.1501569611585
2026-06-08T00:07:14,93,40,930040,"ARX(1,1)",-172.03941595593432,366.07883191186863,403.15585022127294,True,0,0.9863637948495374,0.0382399535793105,0.587398510077481,0.2676661988780891,0.1437613909132731,0.7091189986612031,0.2331449787525792,0.5559549736298475,0.1108047993695549,0.2640917332983698,0.6945871413688278,,,-172.0394159557319,366.0788319114638,403.1558502208681
2026-06-07T22:37:28,94,1,940001,"ARX(1,1)",-172.03699372703295,366.0739874540659,403.1510057634702,True,0,0.9415304908603754,0.0379092640741539,0.6011575118086138,0.271635261567488,0.1379904532764355,0.7054432290021189,0.2347148232320195,0.5548580865554684,0.1091093701115916,0.2667287882601026,0.6941992868653701,,,-172.03699372702278,366.0739874540456,403.15100576344986
2026-06-07T22:39:37,94,2,940002,"ARX(1,1)",-172.03745980545676,366.0749196109135,403.15193792031783,True,0,0.9655625755004608,0.0380322838961667,0.5920622403021615,0.2702949973248919,0.1418965488654701,0.7066227317754968,0.2347602555463339,0.55624071537461,0.1107202395266453,0.2655246394729952,0.6935762815409484,,,-172.03745981759266,366.0749196351853,403.1519379445896
2026-06-07T22:40:52,94,3,940003,"ARX(1,1)",-171.32363200402284,364.6472640080457,401.72428231745,True,0,0.0583429158596274,0.0047214049788892,0.9453611925037596,0.2485975391968946,0.0232141431583303,0.7492610899829201,0.3094088846779191,0.4163594290306611,0.1273399206783666,0.2296777564653828,0.7407053030726247,,,-171.32363200630272,364.64726401260543,401.72428232200974
2026-06-07T22:42:40,94,4,940004,"ARX(1,1)",-172.03647455280299,366.07294910560597,403.1499674150103,True,0,0.9410677550771523,0.0378500189689966,0.6000071328560392,0.2687678692661553,0.1380675320801236,0.708213327080109,0.2355099275246737,0.5564363644349474,0.1100969140821331,0.2657238741043406,0.6942078235621376,,,-172.03647455292037,366.07294910584073,403.149967415245
2026-06-07T22:45:22,94,5,940005,"ARX(1,1)",-172.0367766115919,366.0735532231838,403.1505715325881,True,0,0.935214273992692,0.0373638424244722,0.6015425800733661,0.2684871158854112,0.1374384574022452,0.7087067276542891,0.2357821519100145,0.5583819066058031,0.1097209947829227,0.2654082547776561,0.6950819390631865,,,-172.03677661294694,366.0735532258939,403.1505715352982
2026-06-07T22:47:28,94,6,940006,"ARX(1,1)",-172.07632981976226,366.15265963952453,403.22967794892884,True,0,1.1066624924539628,0.0422275856717911,0.5565491673459407,0.2625877744521949,0.1565188596934852,0.7108582942396613,0.2282611228622025,0.5674027258459441,0.1138744816424933,0.2632876011223937,0.6921172717954456,,,-172.07632983973673,366.1526596794735,403.22967798887777
2026-06-07T22:49:55,94,7,940007,"ARX(1,1)",-171.3681916203804,364.7363832407608,401.8134015501651,True,0,0.053374483685873,0.0169343108241345,0.9476023236115396,0.2601275788700661,0.0232087050802562,0.7313843527065755,0.3216315629944795,0.469153660193075,0.12266432844154,0.2192277544496536,0.7618688120070765,,,-171.36819162079956,364.7363832415991,401.8134015510034
2026-06-07T22:51:38,94,8,940008,"ARX(1,1)",-172.03705762883783,366.07411525767566,403.15113356707997,True,0,0.9295283315201388,0.0378548616143006,0.6042706576966266,0.268942795061233,0.1356709913345521,0.7078868547767256,0.2357204546221324,0.5578572333671696,0.1095778611495687,0.267243973427949,0.6934894441856907,,,-172.03705763011538,366.0741152602308,403.1511335696351
2026-06-07T22:53:56,94,9,940009,"ARX(1,1)",-171.40783463964357,364.81566927928714,401.89268758869144,True,0,0.0798891801784306,0.0185814968152814,0.932259129609738,0.2414185938341349,0.0282796651765417,0.749365572007679,0.2999031976998076,0.4591318476811029,0.1167200219450134,0.2388314094432871,0.7421502127479815,,,-171.407834641916,364.815669283832,401.8926875932363
2026-06-07T22:55:51,94,10,940010,"ARX(1,1)",-172.036939223762,366.073878447524,403.1508967569283,True,0,0.953721106990268,0.0374455377325168,0.5949592467212124,0.26996671714995,0.140681146774371,0.7073696395102189,0.2355120563370613,0.5578597549825378,0.1101240052110006,0.2660080322451084,0.6938807375697525,,,-172.03693922382632,366.0738784476527,403.15089675705696
2026-06-07T22:57:36,94,11,940011,"ARX(1,1)",-171.3125243495727,364.6250486991454,401.7020670085497,True,0,0.0578683815144643,0.0012687273675946,0.9447259273132336,0.2558799828848483,0.0236509978275608,0.7435382309082442,0.3129519161742973,0.4214533808050682,0.1232445091258871,0.2277084475744222,0.7473647441108635,,,-171.3125243495079,364.6250486990158,401.7020670084201
2026-06-07T22:59:56,94,12,940012,"ARX(1,1)",-172.0367803834203,366.0735607668406,403.1505790762449,True,0,0.939239544968108,0.0385110204207723,0.6001109970841263,0.2682518094992129,0.1386428678735601,0.7083500401996405,0.2358635938121907,0.55889305841065,0.1102039117154379,0.2661304095993029,0.6936515372445629,,,-172.03678037344025,366.0735607468805,403.1505790562848
2026-06-07T23:02:25,94,13,940013,"ARX(1,1)",-172.03688412204474,366.0737682440895,403.1507865534938,True,0,0.9486250143306336,0.0375594629753892,0.598508217557305,0.2695366971456363,0.1383692556462928,0.7079002158765081,0.2348444153255524,0.5517763640474472,0.1099998505181521,0.2654880175155117,0.6945752208893632,,,-172.03688413947492,366.0737682789498,403.15078658835415
2026-06-07T23:04:12,94,14,940014,"ARX(1,1)",-172.03694091133718,366.07388182267437,403.1509001320787,True,0,0.9576851900635364,0.0379252462071367,0.5950356163270238,0.2689719951230561,0.140985045363319,0.707871972689422,0.2346840456570494,0.5568983684877538,0.1107297948879267,0.2663114178832461,0.6926708402107408,,,-172.03694091139147,366.0738818227829,403.1509001321873
2026-06-07T23:06:26,94,15,940015,"ARX(1,1)",-172.03681434846277,366.07362869692554,403.15064700632985,True,0,0.9426256644368568,0.0373831987914042,0.5997885220571136,0.2703900803353894,0.1386555534177823,0.7067871705576096,0.235003568005706,0.5539934650551369,0.1093814930907595,0.2648327137654322,0.6959996880232452,,,-172.03681439284162,366.0736287856832,403.1506470950876
2026-06-07T23:10:39,94,16,940016,"ARX(1,1)",-172.03654011826222,366.07308023652445,403.15009854592876,True,0,0.9425383710856456,0.0382500774155717,0.600030337340494,0.2686441341921435,0.1382027473163795,0.7081340381086625,0.2352996024440326,0.5567082067112846,0.1099839931645857,0.2652014973720972,0.6950022432012238,,,-172.0365401182663,366.0730802365326,403.1500985459369
2026-06-07T23:12:37,94,17,940017,"ARX(1,1)",-171.31236249652358,364.62472499304715,401.70174330245146,True,0,0.0576591966519253,0.0017574291496742,0.9448443370888894,0.2570984891453685,0.0236370928010278,0.7420903941760398,0.3132752800842359,0.4232769085739156,0.1231647188134982,0.2273643274763282,0.7480465464784544,,,-171.31236249660014,364.6247249932003,401.7017433026046
2026-06-07T23:14:45,94,18,940018,"ARX(1,1)",-172.83623847339197,367.67247694678395,404.74949525618825,True,0,0.3792287404667861,0.0907097279306666,0.7902177587483062,0.273626138838329,0.0570922471097669,0.6896328608357275,0.2650644387522562,0.4423142695286494,0.1051911076414069,0.254112633841569,0.7219094028949365,,,-172.83623847338518,367.6724769467704,404.7494952561746
2026-06-07T23:16:34,94,19,940019,"ARX(1,1)",-171.31308741228685,364.6261748245737,401.703193133978,True,0,0.057239820545783,0.001112670093492,0.9451314005813582,0.2535001254692154,0.0235297934747991,0.7459859998459258,0.3134203981871103,0.422222319391761,0.1235741378445944,0.2282146123494923,0.7467936425005776,,,-171.31308741217663,364.62617482435326,401.7031931337576
2026-06-07T23:18:49,94,20,940020,"ARX(1,1)",-171.39213552532883,364.78427105065765,401.86128936006196,True,0,0.0572446841372974,0.0247292407456432,0.9459480833222916,0.2734633332440835,0.0235706954918958,0.7131703296236113,0.3168090171622741,0.5018308192826135,0.1209386725631999,0.2203235659038265,0.7618768199237534,,,-171.3921355265293,364.7842710530586,401.8612893624629
2026-06-07T23:20:47,94,21,940021,"ARX(1,1)",-172.0367153696016,366.0734307392032,403.1504490486075,True,0,0.9448404056314346,0.037754638305959,0.5998256588717297,0.2694348164232701,0.1378741444168011,0.7076324798132305,0.2348324977547191,0.5532287766584412,0.1102615386702146,0.2658416303121454,0.6936582521238928,,,-172.0367153685414,366.0734307370828,403.1504490464871
2026-06-07T23:22:23,94,22,940022,"ARX(1,1)",-172.037534341637,366.075068683274,403.15208699267833,True,0,0.9344907212841822,0.0372767853089238,0.6033034192490997,0.2732924540944202,0.1376283209832619,0.7040483619814752,0.2348499164019882,0.5578081313000823,0.1086059907406631,0.2650287549437,0.6966874765462492,,,-172.03753435424508,366.07506870849016,403.1520870178945
2026-06-07T23:24:33,94,23,940023,"ARX(1,1)",-172.03667878592364,366.0733575718473,403.1503758812516,True,0,0.9460415635507596,0.0379239497264506,0.598825516049276,0.2706414010879546,0.1391338977395947,0.7064030600110879,0.2351868486840273,0.5563863907434184,0.1106511067862395,0.2659507825085794,0.6934600859116241,,,-172.03667878610833,366.0733575722167,403.15037588162096
2026-06-07T23:26:18,94,24,940024,"ARX(1,1)",-172.0364659791387,366.0729319582774,403.14995026768173,True,0,0.9413925425568208,0.0377408185301495,0.5999092142946628,0.2691645446304845,0.1381730116177619,0.7079007119894818,0.2354652079304523,0.5559485406608063,0.1100820915238102,0.2656777502401805,0.6942828822294301,,,-172.03646597918765,366.0729319583753,403.1499502677796
2026-06-07T23:28:26,94,25,940025,"ARX(1,1)",-172.03676265081845,366.0735253016369,403.1505436110412,True,0,0.9536168838499408,0.0377551739141987,0.5966492258705202,0.2676552850237986,0.1403494747719225,0.7094968349904974,0.2345644710565213,0.5550091196606219,0.1105141604390461,0.2654321205405072,0.6938620205587605,,,-172.03676264783513,366.0735252956703,403.1505436050746
2026-06-07T23:30:25,94,26,940026,"ARX(1,1)",-172.03646520821695,366.0729304164339,403.1499487258382,True,0,0.9424612710959468,0.037729144567449,0.599567534284059,0.2691328049247165,0.1384637826059367,0.707955651416571,0.2354015099728187,0.5557075258481439,0.110169904531086,0.2657378165375415,0.6940732694339858,,,-172.03646520833234,366.0729304166647,403.149948726069
2026-06-07T23:31:58,94,27,940027,"ARX(1,1)",-171.3144945633017,364.6289891266034,401.7060074360077,True,0,0.0570983237763258,0.0003059403254713,0.9451209065145704,0.2581051512503883,0.0235746770216972,0.7417527297149378,0.3131235333006913,0.4246950588441855,0.1249389740785377,0.2276498044782732,0.7448310543627532,,,-171.3144945630358,364.6289891260716,401.7060074354759
2026-06-07T23:34:06,94,28,940028,"ARX(1,1)",-171.3203477477311,364.6406954954622,401.7177138048665,True,0,0.0581436669729469,0.0028117218757089,0.9442641963936332,0.2668422276862182,0.0239133374015165,0.731860459617755,0.3135320996893284,0.4266217197994664,0.1203784229544346,0.2229731494956852,0.7551576505331207,,,-171.32034774773717,364.6406954954744,401.71771380487866
2026-06-07T23:36:58,94,29,940029,"ARX(1,1)",-172.03747127388866,366.0749425477773,403.1519608571816,True,0,0.9680643211773144,0.038250329818825,0.5921705268167123,0.2683915659668474,0.1422858243925567,0.7084064989525205,0.2341761238660339,0.5559678815798392,0.1104640728801114,0.2646360212888851,0.694664726353743,,,-172.0374712744689,366.0749425489378,403.1519608583421
2026-06-07T23:38:47,94,30,940030,"ARX(1,1)",-171.40470972705776,364.8094194541155,401.88643776351984,True,0,0.0603652362322213,0.0138645275625894,0.9435314486521252,0.2774204696588075,0.0241479977879716,0.7155429009520285,0.3174114086673501,0.4647548445240281,0.1244516089539848,0.245809141675868,0.7294140585423964,,,-171.4047097062929,364.8094194125858,401.8864377219901
2026-06-07T23:41:00,94,31,940031,"ARX(1,1)",-171.36870523362592,364.73741046725183,401.81442877665614,True,0,0.0630451943754025,0.027778400326799,0.9434929994532856,0.2595767876210872,0.0236341582419743,0.726435786186857,0.3082402636052945,0.4675301656888612,0.1220688334918924,0.23005229035213,0.745680355239775,,,-171.3687052019261,364.7374104038522,401.8144287132565
2026-06-07T23:43:09,94,32,940032,"ARX(1,1)",-172.03682060106155,366.0736412021231,403.1506595115274,True,0,0.9490406566299244,0.0377773348427041,0.5988389534361906,0.2691065020825632,0.1382858281200844,0.7081220815044486,0.2345473819932949,0.5536847136694496,0.1101222380820376,0.2643773748078015,0.6953948171849884,,,-172.03682061631258,366.0736412326252,403.1506595420295
2026-06-07T23:44:54,94,33,940033,"ARX(1,1)",-172.03677902965904,366.0735580593181,403.1505763687224,True,0,0.931738482754419,0.0378881516398821,0.6033757993281306,0.2682974296697972,0.1371160113954457,0.7087121159719733,0.2356318295264613,0.5556923317442448,0.1099325950161521,0.2657525327087074,0.6946318803494922,,,-172.03677902966348,366.07355805932696,403.15057636873127
2026-06-07T23:47:29,94,34,940034,"ARX(1,1)",-171.31232941611296,364.6246588322259,401.7016771416302,True,0,0.0575355312525311,0.0010449652987055,0.9448388117541702,0.2567976983254121,0.0236561496956703,0.7427211898923796,0.3135689694439516,0.4223586436967206,0.1231128543389502,0.2270830409181669,0.7483518553175923,,,-171.3123294158301,364.6246588316602,401.7016771410645
2026-06-07T23:49:09,94,35,940035,"ARX(1,1)",-172.0372476787731,366.0744953575462,403.1515136669505,True,0,0.921797971461736,0.0379737438821974,0.6062593499700439,0.2698802997448755,0.1348741128473134,0.7070486099236483,0.2362221285751183,0.5568417152564759,0.1094806294054392,0.2662093509770538,0.6945379635504804,,,-172.03724767863392,366.07449535726784,403.15151366667214
2026-06-07T23:50:37,94,36,940036,"ARX(1,1)",-171.312331981751,364.624663963502,401.7016822729063,True,0,0.0573729707852293,0.0012161040159939,0.944959725854912,0.2565033345077608,0.0236222505458055,0.7429357489577986,0.3136765043247493,0.4227767045138995,0.1233124733183652,0.2270164918061276,0.7483099899435589,,,-171.31233198125756,364.6246639625151,401.7016822719194
2026-06-07T23:52:11,94,37,940037,"ARX(1,1)",-172.03666372059791,366.07332744119583,403.15034575060014,True,0,0.9364428009192592,0.037474917694464,0.6010876934397232,0.2695790973052025,0.1370547970405468,0.7076401116399668,0.2359397742915619,0.5549667934330273,0.1104141285300209,0.2665558074778049,0.6930242411376524,,,-172.03666372047638,366.0733274409528,403.1503457503571
2026-06-07T23:53:48,94,38,940038,"ARX(1,1)",-172.03647895092845,366.0729579018569,403.1499762112612,True,0,0.94294408843795,0.0377331273475593,0.5993743369673944,0.268534890082357,0.1383314944308396,0.7085437368628777,0.235438868989747,0.555437450605836,0.1102574473504102,0.2656760485983079,0.6940401491611204,,,-172.03647895104564,366.0729579020913,403.1499762114956
2026-06-07T23:55:29,94,39,940039,"ARX(1,1)",-171.4092231621749,364.8184463243498,401.8954646337541,True,0,0.0818961518928133,0.0048932358079663,0.9301668719213428,0.2485966213561059,0.0288988295412626,0.7490772728318464,0.298308464725916,0.4320540802361289,0.1132800976436938,0.2433328193001259,0.7394861856101597,,,-171.40922316429277,364.8184463285856,401.89546463798985
2026-06-07T23:57:26,94,40,940040,"ARX(1,1)",-171.44403448600403,364.88806897200806,401.96508728141237,True,0,0.0741042121003486,0.0076182273784157,0.9368849502741452,0.2726419943070167,0.0258423674617494,0.7238473623372679,0.2941458450413169,0.4245398101493387,0.1337392109667765,0.2421822351190927,0.712078096693716,,,-171.44403448719413,364.88806897438826,401.96508728379257
2026-06-07T22:37:59,95,1,950001,"ARX(1,1)",-171.3337315053348,364.6674630106696,401.74448132007393,True,0,0.0581420330016051,0.0115819729671068,0.9447151775843952,0.2509668295665598,0.0237329796347021,0.7435185020020454,0.3183027372678205,0.4415854143230792,0.1231186023400334,0.2329353494383439,0.745219735290874,,,-171.3337315563154,364.6674631126308,401.7444814220351
2026-06-07T22:39:49,95,2,950002,"ARX(1,1)",-172.03646548692166,366.0729309738433,403.1499492832476,True,0,0.9414030714298832,0.0377423386880801,0.599937125174075,0.2690643010105863,0.1382091224554152,0.7080000614465666,0.2354467428385466,0.555996813257394,0.1100763660378225,0.2656959733040788,0.6942695253324441,,,-172.03646548699547,366.0729309739909,403.1499492833952
2026-06-07T22:41:18,95,3,950003,"ARX(1,1)",-172.03713406704964,366.07426813409927,403.1512864435036,True,0,0.9628087891829314,0.0380355047158724,0.59356790916701,0.2688640054791429,0.1418351806146575,0.7080305952482786,0.2343507529874203,0.5571555487008215,0.1106303718004061,0.2647931831714726,0.6942790781507618,,,-172.03713406549906,366.0742681309981,403.1512864404024
2026-06-07T22:43:52,95,4,950004,"ARX(1,1)",-172.03734497058068,366.07468994116135,403.15170825056566,True,0,0.9656916374097484,0.0382073523030437,0.5923995521448085,0.2691721345940077,0.1419982402821035,0.7076319090290689,0.2344943483321295,0.5563162089217479,0.1102520449118256,0.2645536588056844,0.6950426420021906,,,-172.03734496993212,366.0746899398642,403.15170824926855
2026-06-07T22:45:37,95,5,950005,"ARX(1,1)",-172.03674588830322,366.07349177660643,403.15051008601074,True,0,0.953011507193324,0.0384453082610504,0.5972170118938956,0.2687655346543234,0.138913812724741,0.7078425883900266,0.23475530873467,0.5568871778879279,0.1100980665575011,0.2648394669182146,0.6951035169130888,,,-172.03674589008529,366.07349178017057,403.1505100895749
2026-06-07T22:47:15,95,6,950006,"ARX(1,1)",-171.31375188819925,364.6275037763985,401.7045220858028,True,0,0.0578524531879738,0.0060036675411695,0.9450946748537334,0.2562737126590004,0.0234596460422759,0.740935857479444,0.3127297216858454,0.4276140659288011,0.122983546728029,0.2282915211042496,0.7474508425309,,,-171.3137518882762,364.6275037765524,401.7045220859567
2026-06-07T22:49:16,95,7,950007,"ARX(1,1)",-171.65229191853663,365.30458383707327,402.3816021464776,True,0,0.044256505045615,0.0474820672492965,0.958205752139804,0.2802329458844564,0.0186043002811211,0.6986362271767618,0.2990811048244419,0.4296483889125652,0.1225109708670277,0.2153414109292092,0.7571612947653178,,,-171.6522919500732,365.3045839001464,402.3816022095507
2026-06-07T22:51:03,95,8,950008,"ARX(1,1)",-172.0366533572946,366.0733067145892,403.1503250239935,True,0,0.9514630663090226,0.037908787838604,0.5973945162612042,0.2689673304091561,0.1387039891943045,0.7079887767334523,0.2349301285250788,0.555553379246211,0.1102189102121095,0.264953352247107,0.6948651095935796,,,-172.03665340847255,366.0733068169451,403.1503251263494
2026-06-07T22:53:41,95,9,950009,"ARX(1,1)",-171.31232942936902,364.62465885873803,401.70167716814234,True,0,0.0575294227216717,0.0014353315510774,0.9448830754287164,0.2568523911661597,0.0236366425309471,0.7424855250861054,0.3134940802486327,0.4229629384034166,0.1231506408295204,0.2271363989125464,0.7483172919781065,,,-171.312329429572,364.624658859144,401.7016771685483
2026-06-07T22:55:23,95,10,950010,"ARX(1,1)",-171.50742625773495,365.0148525154699,402.0918708248742,True,0,0.0685524680448686,0.0332961848180911,0.9408406430441966,0.2856632393861308,0.0244726647691665,0.6958251309261767,0.3028337302461915,0.5166713422877294,0.1113718495010395,0.238832106959246,0.7480967633825746,,,-171.50742625788575,365.0148525157715,402.0918708251758
2026-06-07T22:57:41,95,11,950011,"ARX(1,1)",-172.03647216529185,366.0729443305837,403.149962639988,True,0,0.9442247463164934,0.0378078581571405,0.5989212222591778,0.2688795503428677,0.1387163930291939,0.708122221954686,0.2354191456872034,0.5567048720111267,0.1101731943653018,0.2655971325585285,0.6942588119662343,,,-172.03647216522268,366.07294433044535,403.14996263984966
2026-06-07T22:59:19,95,12,950012,"ARX(1,1)",-172.03715544360776,366.0743108872155,403.1513291966198,True,0,0.9408471759836886,0.0367491739141459,0.5976653019415346,0.2684154353560227,0.1390645275758511,0.7091972316756968,0.2366071957787467,0.5587507420416811,0.1104438975194159,0.2665473462896777,0.693134319108381,,,-172.0371554438315,366.074310887663,403.1513291970673
2026-06-07T23:01:04,95,13,950013,"ARX(1,1)",-172.03666829218017,366.07333658436033,403.15035489376464,True,0,0.9324741482802702,0.0374532868026086,0.6023724963055243,0.2699011022303833,0.1369001293474681,0.7073743332058949,0.2359849667261514,0.5553533140909307,0.1101038356815958,0.2660032254021705,0.6940228766572573,,,-172.03666828559074,366.0733365711815,403.1503548805858
2026-06-07T23:02:39,95,14,950014,"ARX(1,1)",-171.49526583679508,364.99053167359017,402.0675499829945,True,0,0.1013708397326998,0.0214511166842472,0.9228442820601576,0.2442490055515678,0.03016583365084,0.74538262352442,0.2834413655249398,0.4473279581994994,0.1126270467467128,0.2425946223142669,0.7385814496133282,,,-171.49526579139825,364.9905315827965,402.0675498922008
2026-06-07T23:05:25,95,15,950015,"ARX(1,1)",-172.03937615795599,366.07875231591197,403.1557706253163,True,0,0.9013909457486112,0.0369524416199065,0.6127037230888799,0.2710913853144889,0.1322379091956544,0.7064650688749741,0.2368505980333641,0.5541932223321208,0.1089822571408057,0.2670354847129632,0.6946086311575557,,,-172.03937615413952,366.07875230827904,403.15577061768334
2026-06-07T23:08:21,95,16,950016,"ARX(1,1)",-171.3200322063044,364.6400644126088,401.7170827220131,True,0,0.0570076772014146,0.0116289357653312,0.9462649930239264,0.2559952523664244,0.0229778493577013,0.7385195147509496,0.3116268408594829,0.4358219943691472,0.1237019742480981,0.2294927981039571,0.746118930837824,,,-171.320032201478,364.640064402956,401.7170827123603
2026-06-07T23:10:35,95,17,950017,"ARX(1,1)",-172.04150365581833,366.08300731163666,403.160025621041,True,0,0.987475852678764,0.0393199877559993,0.5879970770017044,0.2664959129582284,0.1474513821406235,0.7104584467852572,0.2321995618530643,0.5545451116794918,0.1106638942315983,0.2642330003141244,0.6938524704765929,,,-172.04150365588583,366.08300731177167,403.160025621176
2026-06-07T23:12:18,95,18,950018,"ARX(1,1)",-172.03707234128,366.07414468256,403.1511629919643,True,0,0.9241686437261958,0.0376349316821985,0.6055467629007908,0.2702420825503324,0.1351888292330248,0.7069532109531219,0.2360793916831534,0.555428302418342,0.10944749057601,0.2660829022992462,0.6947799746651568,,,-172.0370723412774,366.0741446825548,403.1511629919591
2026-06-07T23:13:56,95,19,950019,"ARX(1,1)",-171.63256115917864,365.26512231835727,402.3421406277616,True,0,0.0293292421774439,0.0320457302431869,0.9671252217908072,0.2633521918703428,0.0145221927057168,0.7220820802094208,0.3377838728577322,0.4362345324024559,0.1247247230815503,0.2325923438690277,0.7446651036058214,,,-171.63256115925134,365.2651223185027,402.342140627907
2026-06-07T23:16:35,95,20,950020,"ARX(1,1)",-172.03715923846795,366.0743184769359,403.1513367863402,True,0,0.9445742419434698,0.0367748908288985,0.5984027598777911,0.2724245409033704,0.1396226916221651,0.7053817042530359,0.2353034263343044,0.5544786265472912,0.111113493566613,0.2654046973123702,0.6931947030468317,,,-172.03715921178292,366.0743184235658,403.15133673297015
2026-06-07T23:18:38,95,21,950021,"ARX(1,1)",-171.31233463430704,364.62466926861407,401.7016875780184,True,0,0.0574953464569593,0.0014149469975774,0.9449046743603092,0.2568044861906562,0.0236352374598681,0.7425422263390046,0.3135041782843298,0.423137144794181,0.1232385148598858,0.227120965151106,0.7482437828190972,,,-171.3123346338408,364.6246692676816,401.7016875770859
2026-06-07T23:21:06,95,22,950022,"ARX(1,1)",-172.03665988236236,366.0733197647247,403.150338074129,True,0,0.9342265911954832,0.0374933482338055,0.6014907695281758,0.2688977423478836,0.1370162234933762,0.7082248268932134,0.2361822656964514,0.5566937019748115,0.1102119357159922,0.2661426391953721,0.6937720218133681,,,-172.0366598823168,366.0733197646336,403.1503380740379
2026-06-07T23:23:09,95,23,950023,"ARX(1,1)",-172.03703483036486,366.0740696607297,403.15108797013403,True,0,0.9597152069988748,0.0376753319159035,0.5941012764490057,0.2690019760563604,0.1414537682070023,0.7081451254514598,0.2347588271252559,0.5580228165716967,0.1109360826041256,0.265162833165328,0.6936194065267903,,,-172.03703483099162,366.0740696619832,403.15108797138754
2026-06-07T23:25:04,95,24,950024,"ARX(1,1)",-172.03691502947993,366.07383005895986,403.15084836836417,True,0,0.9559671828707544,0.0385836717081753,0.5953480546846305,0.2688431519115726,0.139644503791975,0.7077474473180545,0.2351777724213182,0.5553614607306422,0.1103498750277723,0.2655739737369944,0.6937533363070503,,,-172.0369150469039,366.0738300938078,403.15084840321214
2026-06-07T23:28:48,95,25,950025,"ARX(1,1)",-172.03721128489008,366.07442256978015,403.15144087918446,True,0,0.9246325510684936,0.0380188767122075,0.6042708009020201,0.2698804644193603,0.1352622888617887,0.7068579447729815,0.2367272925868414,0.5567203340973205,0.1092582952324074,0.2663797708691263,0.6946595668872617,,,-172.03721128500888,366.07442257001776,403.15144087942207
2026-06-07T23:30:07,95,26,950026,"ARX(1,1)",-172.03674749759162,366.07349499518324,403.15051330458755,True,0,0.948479735085575,0.0388358161610732,0.5983207944158168,0.2689460634168827,0.139357190171242,0.7073095766200027,0.2349973578166053,0.5583430877913507,0.1103456946852605,0.2653324780182866,0.6941567379846145,,,-172.03674749753435,366.0734949950687,403.150513304473
2026-06-07T23:32:12,95,27,950027,"ARX(1,1)",-172.03688122292334,366.0737624458467,403.150780755251,True,0,0.9540037297874158,0.037918923879568,0.5956415312830213,0.2709401060425908,0.1405569910753358,0.7061725544560997,0.235050582413898,0.5565826468950459,0.1104028053002829,0.2652788736656467,0.6939959724549914,,,-172.03688122433027,366.07376244866055,403.15078075806485
2026-06-07T23:33:55,95,28,950028,"ARX(1,1)",-172.03663190235227,366.07326380470454,403.15028211410885,True,0,0.9504152654192796,0.0378945529344072,0.5972018335338427,0.2687905462194628,0.1399133843799498,0.708240420552533,0.2348680679143009,0.5564814981220391,0.1103607880748208,0.265594518328819,0.6935343242293359,,,-172.03663190236944,366.0732638047389,403.1502821141432
2026-06-07T23:35:37,95,29,950029,"ARX(1,1)",-172.0370475044299,366.0740950088598,403.1511133182641,True,0,0.952898443622792,0.0374523498116954,0.5963090092665425,0.2708528562686008,0.1393643045526202,0.7064459936491935,0.2349294443143399,0.5538139107341682,0.1094290259919307,0.2660816849538822,0.6942011527900465,,,-172.03704750713615,366.0740950142723,403.1511133236766
2026-06-07T23:38:01,95,30,950030,"ARX(1,1)",-171.31234348478029,364.62468696956057,401.7017052789649,True,0,0.0576199557840892,0.000939153064161,0.9447725602263582,0.2566710155595201,0.0236855445715117,0.7428960649539313,0.3135470228472037,0.4227103920928312,0.1232120373413243,0.2270253003147753,0.7483861451695553,,,-171.31234348547102,364.6246869709421,401.7017052803464
2026-06-07T23:40:05,95,31,950031,"ARX(1,1)",-171.31386932612787,364.62773865225574,401.70475696166005,True,0,0.0582009047838857,0.0052101538107476,0.9446778703451548,0.2583188718513849,0.0236366346060505,0.7392624016068344,0.313325077133393,0.4279143688413228,0.1217766812457654,0.228180427731077,0.7490665074261265,,,-171.31386932461766,364.6277386492353,401.7047569586396
2026-06-07T23:41:45,95,32,950032,"ARX(1,1)",-171.31233767428947,364.62467534857893,401.70169365798324,True,0,0.0574924465534872,0.0015831896100441,0.944904414917372,0.2569061846997315,0.0236336533294353,0.7423635435452314,0.3135902872068075,0.4232212994947852,0.1231240997170935,0.2271411347252411,0.7483576971081615,,,-171.31233767366854,364.6246753473371,401.7016936567414
2026-06-07T23:43:41,95,33,950033,"ARX(1,1)",-171.33700957646334,364.6740191529267,401.751037462331,True,0,0.0598691296245856,0.0004284542814605,0.9430468396003,0.2662291796484829,0.0243096364743347,0.7335695815605255,0.3093766838559221,0.4313838873125557,0.1175392394911898,0.2177836831866024,0.7630806567296623,,,-171.33700957735374,364.6740191547075,401.7510374641118
2026-06-07T23:47:02,95,34,950034,"ARX(1,1)",-171.39859690106522,364.79719380213044,401.87421211153475,True,0,0.0806577471322159,0.0167459341114429,0.9319651613167164,0.2493491695611744,0.0282729049753662,0.7425172453659425,0.2973965943765529,0.4489345616002735,0.1165632703518128,0.2384131489822879,0.7407558244650726,,,-171.3985969024274,364.7971938048548,401.8742121142591
2026-06-07T23:48:56,95,35,950035,"ARX(1,1)",-172.03649531017672,366.07299062035344,403.15000892975775,True,0,0.9435966036819964,0.0378515895003735,0.5990605308107232,0.2690157858151571,0.1387510862727321,0.7079672998377984,0.2354874427562315,0.5572321006247255,0.1101185666002507,0.2655194644132741,0.694474644504143,,,-172.03649531016322,366.0729906203264,403.1500089297308
2026-06-07T23:50:11,95,36,950036,"ARX(1,1)",-172.0369644681772,366.0739289363544,403.1509472457587,True,0,0.9295075093301816,0.0382454527545515,0.60347938949232,0.2689684707685455,0.1360764857070195,0.7076254081463967,0.2361954351942406,0.5580120912731386,0.1103950141104943,0.2658486479197299,0.6937334180445268,,,-172.0369644729975,366.073928945995,403.1509472553993
2026-06-07T23:55:51,95,38,950038,"ARX(1,1)",-171.35472782537204,364.7094556507441,401.7864739601484,True,0,0.0566857781270397,0.000154064989386,0.945199965118856,0.2864658255698036,0.0233929171672316,0.7134658022752938,0.3148808367000069,0.4137902293734762,0.1174850392355605,0.2308225213345459,0.7480002573595456,,,-171.35472783251902,364.7094556650381,401.7864739744424
2026-06-07T23:57:27,95,39,950039,"ARX(1,1)",-172.0378929595069,366.0757859190138,403.1528042284181,True,0,0.9556904382770228,0.0378631166150797,0.594510058910049,0.2710699662830083,0.1419935182628826,0.7056857464454963,0.2350565281675938,0.562867767552696,0.1096867847506918,0.2645163144670814,0.6957627550617181,,,-172.037892959082,366.075785918164,403.1528042275683
2026-06-07T23:59:36,95,40,950040,"ARX(1,1)",-171.31233942352452,364.62467884704904,401.70169715645335,True,0,0.057582467915407,0.0015933154041211,0.9448737163875244,0.2567113271917982,0.0236329708897109,0.7425539051482699,0.3133587058478861,0.4229630714811387,0.1230835389281889,0.2271994030488545,0.7483358690366776,,,-171.3123394233146,364.6246788466292,401.7016971560335
2026-06-07T22:41:56,96,1,960001,"ARX(1,1)",-171.31287738886323,364.62575477772646,401.70277308713077,True,0,0.0578454465888494,0.002464617816542,0.9448439276679624,0.2587946820997177,0.0235994841730002,0.7400681833264254,0.312403433952471,0.4237464334768656,0.1230615064131579,0.2272349731251664,0.7478132228743761,,,-171.31287738832967,364.6257547766593,401.7027730860637
2026-06-07T22:43:52,96,2,960002,"ARX(1,1)",-172.03689470297687,366.07378940595373,403.15080771535804,True,0,0.946769506162379,0.0381398842206661,0.5994464796807336,0.2672410373366163,0.1382028055965873,0.7097237085591259,0.2346973603541787,0.5540302744370654,0.1096781553087505,0.2646214272790863,0.6959622876203687,,,-172.03689470743973,366.07378941487946,403.15080772428377
2026-06-07T22:46:30,96,3,960003,"ARX(1,1)",-172.0366737940605,366.073347588121,403.1503658975253,True,0,0.9530355561141292,0.0377489957772585,0.5965016643711054,0.2678535970454363,0.1398080887867205,0.7090751992696397,0.2349279047305671,0.556055533414004,0.1104394281060558,0.2656744284741191,0.6937669824165758,,,-172.03667378850758,366.0733475770152,403.1503658864195
2026-06-07T22:48:22,96,4,960004,"ARX(1,1)",-172.0419911973383,366.0839823946766,403.1610007040809,True,0,0.9616901307993444,0.0372780210123927,0.5990300821558109,0.2720469991418934,0.1438955195460566,0.7056830984628307,0.2310808194402018,0.5561550360549332,0.1118291912510139,0.263972509579977,0.6929359114881449,,,-172.0419911972944,366.0839823945888,403.1610007039931
2026-06-07T22:50:12,96,5,960005,"ARX(1,1)",-172.03662115428494,366.0732423085699,403.1502606179742,True,0,0.9448093101832294,0.0377474106903323,0.5994958396522158,0.2696498946303558,0.1388008484758028,0.7072619643291685,0.2349433386085853,0.5575847185835857,0.1095387307907746,0.2654598078313426,0.6951185445141903,,,-172.0366211544951,366.0732423089902,403.1502606183945
2026-06-07T22:52:13,96,6,960006,"ARX(1,1)",-172.0364848166758,366.0729696333516,403.1499879427559,True,0,0.9399953507373204,0.0377554781534199,0.6002871141353323,0.2693522208371729,0.1381775151969018,0.7076939146230935,0.2355259206761036,0.556639368859557,0.1100557976275599,0.2657036853170666,0.6942934961300617,,,-172.03648481646982,366.0729696329397,403.149987942344
2026-06-07T22:54:20,96,7,960007,"ARX(1,1)",-171.3142220830373,364.6284441660746,401.7054624754789,True,0,0.0581208037462193,0.0002254870517581,0.9447505514174253,0.2558751354516614,0.023558180250232,0.7440219648038077,0.3114403912743277,0.4173981779263735,0.1229853666230506,0.2293118098914528,0.745650810795569,,,-171.31422208285304,364.62844416570607,401.7054624751104
2026-06-07T22:56:11,96,8,960008,"ARX(1,1)",-172.03737023565208,366.07474047130415,403.15175878070846,True,0,0.9641717575591296,0.0384490144953527,0.5941832555961759,0.2698551271188197,0.1410023790311425,0.7069042717050702,0.2341638573603154,0.5558558290205116,0.1107786049841991,0.2648032254549105,0.6944153927926929,,,-172.03737023642827,366.07474047285655,403.15175878226086
2026-06-07T22:58:41,96,9,960009,"ARX(1,1)",-172.03707555211838,366.07415110423676,403.15116941364107,True,0,0.9614376622663228,0.0382573739990227,0.59353449570476,0.2691271205925671,0.1411480695328535,0.7075553452391765,0.234787008860271,0.5576459372600584,0.1102923442911677,0.2654553799087387,0.6939060428819315,,,-172.03707555352804,366.0741511070561,403.1511694164604
2026-06-07T23:01:49,96,10,960010,"ARX(1,1)",-171.53273593387246,365.0654718677449,402.1424901771492,True,0,0.0916069561916361,0.0150662101770073,0.9275592689911356,0.2826551843512012,0.0288914567889701,0.7108785106288819,0.2845430941621349,0.4129670941481054,0.1113517668108544,0.2255923622173678,0.7572417986788876,,,-171.53273593477243,365.06547186954487,402.1424901789492
2026-06-07T23:03:34,96,11,960011,"ARX(1,1)",-171.33132875396288,364.66265750792576,401.73967581733007,True,0,0.0589459527249166,0.0181275341744099,0.9458206370928058,0.2579201487804377,0.0228972144265787,0.7335009514035071,0.308309652135857,0.4399159270788125,0.1232485440574932,0.2307682236113148,0.7445370272173902,,,-171.33132875254705,364.6626575050941,401.7396758144984
2026-06-07T23:05:16,96,12,960012,"ARX(1,1)",-172.0366143801644,366.0732287603288,403.1502470697331,True,0,0.9480076175053892,0.0380793441649922,0.5984607430319459,0.2690881372757436,0.138951813850803,0.7078334112663393,0.2348958437158178,0.5553473732261014,0.1098266223897753,0.2646791123830185,0.6955526410692278,,,-172.03661443438588,366.07322886877176,403.1502471781761
2026-06-07T23:07:34,96,13,960013,"ARX(1,1)",-172.03693717351018,366.07387434702036,403.1508926564247,True,0,0.9507306435990692,0.0382600478113322,0.5970196893153887,0.2680500080187309,0.1400053189000505,0.708779447968264,0.2350552832127896,0.5536665943346389,0.1101282627327807,0.2667599299536864,0.692953598816961,,,-172.0369371345413,366.0738742690826,403.1508925784869
2026-06-07T23:09:14,96,14,960014,"ARX(1,1)",-172.03706768595453,366.07413537190905,403.15115368131336,True,0,0.9353588060125032,0.0372627234234253,0.6012305278418498,0.2685143700309776,0.135934852568374,0.7087711138237832,0.2362559551958921,0.552944659664206,0.1096583342405853,0.2656712719563989,0.6952267650070333,,,-172.03706768588944,366.0741353717789,403.1511536811832
2026-06-07T23:11:09,96,15,960015,"ARX(1,1)",-172.03679246414035,366.0735849282807,403.150603237685,True,0,0.950322646630972,0.0375481467268926,0.5967031246185558,0.2668610878307291,0.1395647959223113,0.7103388960096901,0.2354377329681022,0.5563719020208984,0.1110427553542087,0.2659378901103041,0.6931954975057188,,,-172.036792430923,366.073584861846,403.1506031712503
2026-06-07T23:13:13,96,16,960016,"ARX(1,1)",-172.03699953174197,366.07399906348394,403.15101737288825,True,0,0.9610494911314214,0.0380741728336944,0.5939491667856628,0.2687310656455385,0.1411201888843441,0.7081253944858611,0.2347538499576316,0.5571025356681621,0.1106128046048619,0.2651237819955256,0.694174819720688,,,-172.03699952963183,366.07399905926366,403.151017368668
2026-06-07T23:15:58,96,17,960017,"ARX(1,1)",-171.32511530322074,364.6502306064415,401.7272489158458,True,0,0.0582896074735211,0.0121298561980591,0.945415611586526,0.2567580045848797,0.0233120033265953,0.7373622627184971,0.311359049058891,0.4429868649563168,0.1247071510098449,0.2320340511701336,0.7422224250160755,,,-171.32511531138593,364.6502306227719,401.72724893217617
2026-06-07T23:18:41,96,18,960018,"ARX(1,1)",-171.3135647716141,364.6271295432282,401.7041478526325,True,0,0.0572521012741463,0.0050210326560344,0.9453708865855922,0.2570743146763836,0.0234409154575995,0.740590389780593,0.3133833657541645,0.4281788209872907,0.1238137435738991,0.2278529544256754,0.7473357422178533,,,-171.31356484011584,364.6271296802317,401.704147989636
2026-06-07T23:20:14,96,19,960019,"ARX(1,1)",-171.3123335189327,364.6246670378654,401.7016853472697,True,0,0.0574413569285775,0.0014846031008733,0.9449319593064428,0.2565814816872718,0.0236284384330146,0.7427333950217189,0.3135821111397631,0.4231384674162089,0.1232208109775744,0.2270192432930526,0.748380310054696,,,-171.31233351981496,364.6246670396299,401.7016853490342
2026-06-07T23:23:12,96,20,960020,"ARX(1,1)",-172.03839505672,366.07679011344,403.1538084228443,True,0,0.9101289818978928,0.0374422035345515,0.6097852293134325,0.2693668397385813,0.1323475588011128,0.7079221054388106,0.2368280784668621,0.5546504397185329,0.1093327203821049,0.2661693097363801,0.6948314896977453,,,-172.03839505735235,366.0767901147047,403.153808424109
2026-06-07T23:24:59,96,21,960021,"ARX(1,1)",-171.91754759072847,365.83509518145695,402.91211349086126,True,0,0.058040761192538,0.0941537186780654,0.9535718445470968,0.2534853457029468,0.0186088471877757,0.7010096930292384,0.2924383985052265,0.4746774865774699,0.1129248005093279,0.2354701436425781,0.7471183435793852,,,-171.91754759968757,365.83509519937513,402.9121135087794
2026-06-07T23:26:45,96,22,960022,"ARX(1,1)",-171.35066201823165,364.7013240364633,401.7783423458676,True,0,0.0585588408938536,0.0138000407010536,0.9442914931278376,0.265083268793291,0.0239346758221353,0.7282239831203141,0.3149718625055116,0.4545265156521754,0.1174207064519916,0.2176722533206742,0.7661376368085071,,,-171.35066204254764,364.7013240850953,401.7783423944996
2026-06-07T23:28:27,96,23,960023,"ARX(1,1)",-171.41674443574254,364.8334888714851,401.9105071808894,True,0,0.0530592370689316,0.0292795541929506,0.9486766538630818,0.2633783111546111,0.0226959620461181,0.7208587657873504,0.3187711821859456,0.5036958402917473,0.1177722491276206,0.2095888780371246,0.7765953408035963,,,-171.4167444354224,364.8334888708448,401.9105071802491
2026-06-07T23:30:16,96,24,960024,"ARX(1,1)",-172.03689385585741,366.07378771171483,403.15080602111914,True,0,0.9493371271004434,0.0375495859317987,0.598351479374499,0.268537869084221,0.139667654783773,0.7084849483516088,0.2346828316628361,0.5586814996127436,0.1109924603951556,0.265532112082581,0.6936546838285891,,,-172.0368938558272,366.0737877116544,403.1508060210587
2026-06-07T23:32:17,96,25,960025,"ARX(1,1)",-172.0370211842517,366.0740423685034,403.1510606779077,True,0,0.9515925587219956,0.0381362415560939,0.5965437883481868,0.2673884685725939,0.1401173127450882,0.7097229885113447,0.2349430360265842,0.5534395276488464,0.1092239307157028,0.2652829871790436,0.6953284690628921,,,-172.037021181696,366.074042363392,403.1510606727963
2026-06-07T23:34:05,96,26,960026,"ARX(1,1)",-172.03710165195193,366.07420330390386,403.15122161330817,True,0,0.9267160967426096,0.0375357472883318,0.6045175628866809,0.2706404730918497,0.1373042270809888,0.7066051376398967,0.2357443467226918,0.554637236599002,0.1093611231939938,0.2655119950794429,0.6952641483901643,,,-172.03710165223558,366.0742033044712,403.15122161387546
2026-06-07T23:35:57,96,27,960027,"ARX(1,1)",-172.03646354880686,366.07292709761373,403.14994540701804,True,0,0.942564332786936,0.0377938287122122,0.5996229803310853,0.2692347112589341,0.1384178103885899,0.7077886496863097,0.235368665455493,0.5561926461390054,0.1100601248117975,0.2656751266813378,0.6942685353032969,,,-172.0364635487342,366.0729270974684,403.1499454068727
2026-06-07T23:38:13,96,28,960028,"ARX(1,1)",-171.31233093757442,364.62466187514883,401.70168018455314,True,0,0.0575158189876048,0.0009449041792181,0.9448469371933608,0.2568357880487051,0.023660935861523,0.7427291821140269,0.3135595956012392,0.4222844709097271,0.1231774615285654,0.2270045452610093,0.7483741007885707,,,-171.31233093736557,364.6246618747312,401.70168018413545
2026-06-07T23:39:58,96,29,960029,"ARX(1,1)",-172.037033463517,366.074066927034,403.1510852364383,True,0,0.9606361229846028,0.0379851367533151,0.5939364040990694,0.2697066207402446,0.1415786148762544,0.7071569185894119,0.2346299824924877,0.5570978362529814,0.1104163192049091,0.2649599343551196,0.694433416575487,,,-172.0370334628584,366.0740669257168,403.1510852351211
2026-06-07T23:42:29,96,30,960030,"ARX(1,1)",-171.49643106125905,364.9928621225181,402.0698804319224,True,0,0.0622160667427112,0.0335706801730204,0.9436568880477084,0.2835446724952905,0.0240958991167303,0.6977478884743142,0.3166151982677713,0.5187309926209694,0.1202774332323362,0.2416533413672557,0.7396765293066033,,,-171.49643106163057,364.9928621232612,402.0698804326655
2026-06-07T23:45:45,96,31,960031,"ARX(1,1)",-172.03745314674313,366.07490629348626,403.1519246028906,True,0,0.945254298795006,0.0383847090690783,0.5988266632460677,0.2709961595856828,0.1393967392323746,0.7059273514372625,0.2348693168318124,0.5569160755169432,0.111123438040303,0.2651155311320374,0.6932559541932388,,,-172.03745314670664,366.0749062934133,403.1519246028176
2026-06-07T23:47:23,96,32,960032,"ARX(1,1)",-171.32174367094586,364.6434873418917,401.72050565129604,True,0,0.0580468324105028,0.0102333331540132,0.9451127946007069,0.2625540126162535,0.0234894946855372,0.7326005674704811,0.3126032439033545,0.4391262733499859,0.1228034992563957,0.2266944981054212,0.7492974633837549,,,-171.32174361693546,364.6434872338709,401.7205055432752
2026-06-07T23:49:03,96,33,960033,"ARX(1,1)",-171.31233969842958,364.62467939685916,401.7016977062635,True,0,0.0575533169577701,0.0015101613873934,0.9448630931347178,0.256825496635349,0.0236442241943884,0.7424771545097456,0.3135547038841251,0.4232722672643138,0.1231872871841481,0.227311729128008,0.7480847938950509,,,-171.3123396978269,364.6246793956538,401.7016977050581
2026-06-07T23:51:34,96,34,960034,"ARX(1,1)",-171.31237148572762,364.62474297145525,401.70176128085956,True,0,0.0576297021290683,0.0008714007779291,0.9447624945573444,0.2574043266805647,0.0236842704683427,0.7421946478336293,0.3134561151100611,0.4219942154656097,0.1229398770217876,0.2268998322461941,0.7486603565992362,,,-171.31237148466732,364.62474296933465,401.70176127873896
2026-06-07T23:53:01,96,35,960035,"ARX(1,1)",-172.0369232007762,366.0738464015524,403.1508647109567,True,0,0.950103136196764,0.0384629698857181,0.5980037334620645,0.2691024416429306,0.1387765735622438,0.7073837746678096,0.2348845265718249,0.5594680795585384,0.1107426585863202,0.2649330318515215,0.6943538859823415,,,-172.03692315167763,366.07384630335525,403.1508646127596
2026-06-07T23:56:08,96,36,960036,"ARX(1,1)",-171.5524067128527,365.1048134257054,402.1818317351097,True,0,0.0553867166685928,0.060368820962642,0.9515356046101746,0.247952454189453,0.0203518177316,0.7211823398081167,0.3056442468854576,0.4847258957913491,0.1178668546356778,0.2303459122522111,0.7520172698943793,,,-171.55240671154496,365.1048134230899,402.18183173249423
2026-06-07T23:58:30,96,37,960037,"ARX(1,1)",-171.9212804801117,365.8425609602234,402.9195792696277,True,0,0.0588688483472563,0.0904780687231135,0.953207288210068,0.2657173468853494,0.0188904681422877,0.6875778302890548,0.2916654008981347,0.4945705840492029,0.1153227759824466,0.2366919220377732,0.7436129329422885,,,-171.92128048022258,365.8425609604452,402.9195792698495
2026-06-08T00:01:10,96,38,960038,"ARX(1,1)",-171.51530248148777,365.03060496297553,402.10762327237984,True,0,0.0582047750199066,0.052933634201499,0.9493090294607224,0.2634791480916291,0.0213790377477495,0.7081549178822135,0.3038729619270975,0.5052566755832193,0.1141156550635086,0.2244658597390958,0.7648363806685344,,,-171.51530238236774,365.0306047647355,402.1076230741398
2026-06-08T00:03:29,96,39,960039,"ARX(1,1)",-171.39224696268315,364.7844939253663,401.8615122347706,True,0,0.0575490422000253,0.0243839191637939,0.9457367318248098,0.2745008512915571,0.0236352270996062,0.7123387452201814,0.3164362397892576,0.5008166584804739,0.1205671643350197,0.2199556432115454,0.7625339705950256,,,-171.39224696474926,364.7844939294985,401.8615122389028
2026-06-08T00:05:37,96,40,960040,"ARX(1,1)",-172.03681616867817,366.07363233735634,403.15065064676065,True,0,0.931702323462579,0.0369611170463931,0.6026833243613754,0.2685977023588878,0.1369360565054966,0.7088609983015984,0.2359225428094181,0.5549916434042991,0.1104376262743819,0.2663432142415244,0.6933758718909977,,,-172.03681616862005,366.0736323372401,403.1506506466444
2026-06-07T22:35:56,97,1,970001,"ARX(1,1)",-171.3532636534061,364.7065273068122,401.7835456162165,True,0,0.0556579739629146,0.020661565625529,0.9481275212332976,0.2502874050636426,0.022170983074286,0.7401659449963129,0.308006993812187,0.4347459443218996,0.1235044395445181,0.219921886403934,0.7561625749276099,,,-171.35326365407423,364.7065273081485,401.7835456175528
2026-06-07T22:38:56,97,2,970002,"ARX(1,1)",-171.31234544283467,364.62469088566934,401.70170919507365,True,0,0.0574802563108392,0.0017271365939937,0.9449291398732196,0.2568374541613882,0.0236221163923149,0.7423653499409848,0.3135352660725503,0.4234010647701869,0.1231796493163965,0.2271325674476249,0.7482931924454415,,,-171.3123454426219,364.6246908852438,401.7017091946481
2026-06-07T22:43:26,97,3,970003,"ARX(1,1)",-172.0364688447486,366.0729376894972,403.14995599890153,True,0,0.9431851407348996,0.0377112507193726,0.5992031545161101,0.2689048439503111,0.1387819556714789,0.7081524054396388,0.2354261778407329,0.5561061048745556,0.1102167539254831,0.2656198482554963,0.6941623181026053,,,-172.03646884407925,366.0729376881585,403.1499559975628
2026-06-07T22:45:01,97,4,970004,"ARX(1,1)",-171.3921249141187,364.7842498282374,401.86126813764173,True,0,0.0571753148555332,0.0248164991955089,0.9460097663537252,0.2732075657729673,0.0235428680155692,0.7133718568434979,0.3167221216268823,0.5020407079278758,0.1208016751365579,0.2202445905663678,0.7621281413973798,,,-171.39212491485165,364.7842498297033,401.8612681391076
2026-06-07T22:47:16,97,5,970005,"ARX(1,1)",-172.03862899325122,366.07725798650245,403.15427629590675,True,0,0.9689661946196264,0.0378674946255513,0.5904503202207374,0.2709510115981059,0.1428593363885344,0.7058877678829707,0.2349434772005413,0.5611193805913156,0.112022960555059,0.2658697914218549,0.6916333134373844,,,-172.03862899030622,366.0772579806125,403.1542762900168
2026-06-07T22:49:22,97,6,970006,"ARX(1,1)",-172.10120772646098,366.20241545292197,403.2794337623263,True,0,0.1897455139473966,0.02516230296839,0.8953695531252509,0.2658270520048768,0.0347475543250668,0.7209823893942013,0.2561073045329111,0.4885715340355898,0.1116448383821902,0.2202322468815959,0.7645967560531576,,,-172.1012077264736,366.2024154529472,403.2794337623515
2026-06-07T22:51:18,97,7,970007,"ARX(1,1)",-172.03646195033215,366.0729239006643,403.1499422100686,True,0,0.9429817685633608,0.0377538126265101,0.5994775440908291,0.2691283412181772,0.1384262356298276,0.7079341938196323,0.2353691818139414,0.5558558475143331,0.1101258104358425,0.2656358150672522,0.6942495951914254,,,-172.03646195029597,366.072923900592,403.14994220999625
2026-06-07T22:52:43,97,8,970008,"ARX(1,1)",-172.03669226728556,366.0733845345711,403.1504028439754,True,0,0.9462341232532536,0.0377812123738257,0.5975670918499115,0.2677437705138495,0.1397132232911833,0.7093458747310496,0.2354765530777043,0.5546880496040879,0.11057767963202,0.265861402324957,0.6931071407103438,,,-172.036692254363,366.073384508726,403.1504028181303
2026-06-07T22:55:32,97,9,970009,"ARX(1,1)",-171.3124584526565,364.624916905313,401.7019352147173,True,0,0.0576471588714597,0.0012296726731126,0.9448178787123312,0.2568203546633367,0.0236377446849501,0.7426152856517613,0.3132786740022583,0.4212082277146349,0.1230632134420642,0.2270716205247362,0.7481998165456869,,,-171.31245845122027,364.6249169024405,401.7019352118448
2026-06-07T22:57:45,97,10,970010,"ARX(1,1)",-171.31236016615182,364.62472033230364,401.70173864170795,True,0,0.0574810508264692,0.001676809866352,0.944931917168981,0.2564106914049093,0.0236171355950046,0.7428152680156824,0.3135239032995437,0.4236496046438063,0.1232049364023152,0.2272634384842784,0.748149091151325,,,-171.31236016627255,364.6247203325451,401.7017386419494
2026-06-07T23:05:03,97,12,970012,"ARX(1,1)",-171.3123310580661,364.6246621161322,401.7016804255365,True,0,0.0575222799063907,0.0014326324498844,0.9448893999698366,0.2567691886297072,0.0236353240527518,0.7425700857694035,0.3134706689022608,0.4230720925299474,0.1231988817787815,0.2270791276776407,0.748311987438486,,,-171.3123310584144,364.6246621168288,401.7016804262331
2026-06-07T23:06:56,97,13,970013,"ARX(1,1)",-172.0372151156696,366.0744302313392,403.1514485407435,True,0,0.9479503739494358,0.038649649821242,0.5968083170817472,0.2688507540282245,0.1398940040090349,0.7080963925791891,0.2357038351913149,0.5541169386146546,0.1097822190435331,0.2639370464936607,0.6961510108970549,,,-172.03721510540566,366.0744302108113,403.1514485202157
2026-06-07T23:09:51,97,14,970014,"ARX(1,1)",-171.31232799836278,364.62465599672555,401.70167430612986,True,0,0.0574448891852867,0.0011445299619277,0.944891997613728,0.2566635752607519,0.023650431861746,0.7428084507966547,0.3136784611147123,0.4227628351209916,0.1231182318540529,0.2269665559014567,0.7485384123044393,,,-171.3123279977941,364.6246559955882,401.7016743049925
2026-06-07T23:12:01,97,15,970015,"ARX(1,1)",-171.31321894762988,364.62643789525976,401.70345620466406,True,0,0.0578384250856892,0.0039096432591179,0.9448006625921592,0.2566715585045793,0.0236655430742787,0.7415086159339953,0.3138617775042767,0.4276284888564516,0.1234512381021671,0.2280923557589919,0.747492480287501,,,-171.31321894743226,364.6264378948645,401.7034562042688
2026-06-07T23:13:45,97,16,970016,"ARX(1,1)",-172.03646193556543,366.07292387113085,403.14994218053516,True,0,0.943684235873254,0.0377752780094269,0.5992479352063851,0.2690225717202135,0.1385608236049357,0.7080177181064204,0.2353432853004576,0.556065274723836,0.1101411042520491,0.2656091781374848,0.6942478575772828,,,-172.03646193539475,366.0729238707895,403.1499421801938
2026-06-07T23:15:24,97,17,970017,"ARX(1,1)",-172.03646404014177,366.07292808028353,403.14994638968784,True,0,0.941736845989866,0.0377664554440233,0.5998292461682775,0.2690375499355079,0.1382688789089279,0.7080259351039075,0.23543205926636,0.5559269407542242,0.1101109975311341,0.2656708479302581,0.6942334944460826,,,-172.0364640401599,366.0729280803198,403.1499463897241
2026-06-07T23:17:30,97,18,970018,"ARX(1,1)",-171.31233159772694,364.6246631954539,401.7016815048582,True,0,0.0573888952757138,0.0012809623400424,0.94494068489233,0.2567160923365308,0.0236287364920702,0.7426929117398214,0.3136733604943184,0.423091763708188,0.1231720628642772,0.226929606904846,0.7485243317948895,,,-171.31233159767632,364.62466319535264,401.70168150475695
2026-06-07T23:19:16,97,19,970019,"ARX(1,1)",-172.03646685047173,366.07293370094345,403.14995201034776,True,0,0.9414527310906998,0.0378143542759964,0.5999913953165641,0.2692076313478049,0.1381960349665953,0.7078189382962728,0.2354105024383827,0.5561417506282093,0.1100283320069505,0.2656714291613921,0.6943210546742257,,,-172.0364668503172,366.0729337006344,403.1499520100387
2026-06-07T23:21:29,97,20,970020,"ARX(1,1)",-171.33314601940555,364.6662920388111,401.7433103482154,True,0,0.0621877808722828,0.0109559536444898,0.9434319732386396,0.2549449001885753,0.0235222969421186,0.7399138619798705,0.308301831019866,0.4291069316817086,0.1223477337597879,0.2420332206913816,0.7332539225161334,,,-171.33314536356215,364.6662907271243,401.7433090365286
2026-06-07T23:23:07,97,21,970021,"ARX(1,1)",-172.03679674997898,366.07359349995795,403.15061180936226,True,0,0.9372811294789144,0.03780265936579,0.6028222028384673,0.2696993110409588,0.1375457562194731,0.707424231446663,0.2348852588944264,0.5564737654847219,0.1102514369186884,0.265514878969663,0.6943437833203365,,,-172.03679675008698,366.073593500174,403.1506118095783
2026-06-07T23:24:41,97,22,970022,"ARX(1,1)",-172.03685025435175,366.0737005087035,403.1507188181078,True,0,0.9557480055768404,0.0380157937070131,0.5963866249609677,0.2689751053229814,0.1398445204427938,0.7077989627142703,0.2346670472221811,0.5576501140078652,0.1104157641669637,0.2658752090171936,0.6936240985600088,,,-172.03685025403246,366.0737005080649,403.1507188174692
2026-06-07T23:26:44,97,23,970023,"ARX(1,1)",-171.62934105410096,365.2586821082019,402.33570041760623,True,0,0.1106289381059255,0.0449271850990152,0.9205937862464676,0.2590001846350874,0.0314977291099093,0.7184123354093475,0.2783522773717427,0.4933019444032354,0.1113746397943842,0.2292914349115877,0.7543643747057581,,,-171.6293410785462,365.2586821570924,402.3357004664967
2026-06-07T23:28:58,97,24,970024,"ARX(1,1)",-171.33036730967237,364.66073461934474,401.73775292874905,True,0,0.0601045916727101,8.443908579090396e-05,0.9438082561524722,0.2590720222693676,0.0238226794604364,0.7408890987819751,0.3091357407266493,0.419074423414866,0.1289127233549571,0.2359735037370494,0.7303465589587592,,,-171.3303673085951,364.6607346171902,401.7377529265945
2026-06-07T23:30:47,97,25,970025,"ARX(1,1)",-171.3133777241008,364.6267554482016,401.7037737576059,True,0,0.0575377490366533,0.0030937156136765,0.945199652706014,0.255316699762897,0.0234409864150428,0.7432424254004861,0.3126431468307505,0.424930302372778,0.1240729659356416,0.2298838333787783,0.7446220512880942,,,-171.3133777235854,364.6267554471708,401.7037737565751
2026-06-07T23:32:42,97,26,970026,"ARX(1,1)",-172.03691386515789,366.07382773031577,403.1508460397201,True,0,0.930619684687358,0.0371096227816514,0.6027920208008349,0.2700618426867683,0.1372511454163001,0.7071288872011549,0.2359654488953428,0.5556701644226718,0.1102995157144041,0.2667414131503439,0.6929921413413437,,,-172.0369133533618,366.0738267067236,403.1508450161279
2026-06-07T23:34:28,97,27,970027,"ARX(1,1)",-172.03685286782672,366.07370573565345,403.15072404505776,True,0,0.9509946170838808,0.0378223068898663,0.5970338455771554,0.268748123374685,0.1387704455877343,0.7082063587084062,0.2351921197797476,0.5541937734422113,0.1108022879450136,0.2666901240105652,0.6924085451628831,,,-172.03685286688062,366.0737057337613,403.1507240431656
2026-06-07T23:35:53,97,28,970028,"ARX(1,1)",-172.03671530863943,366.07343061727886,403.15044892668317,True,0,0.944537091768224,0.0379660895486833,0.5984781537721415,0.2697732201551688,0.1390882673250942,0.7072771916073431,0.2356639983671802,0.5584351671825153,0.1106987249605885,0.2652742402133634,0.6939589755773008,,,-172.03671532589686,366.0734306517937,403.1504489611981
2026-06-07T23:37:37,97,29,970029,"ARX(1,1)",-172.03647892124565,366.0729578424913,403.1499761518956,True,0,0.9459064282273448,0.037801705817182,0.5983580227958898,0.2688769890661896,0.1389099444744314,0.7081781659436237,0.2353511120160395,0.556008173924402,0.1102644170743125,0.2655627053024473,0.6940916512191873,,,-172.0364789212571,366.0729578425142,403.1499761519185
2026-06-07T23:39:03,97,30,970030,"ARX(1,1)",-172.0366445387188,366.0732890774376,403.1503073868419,True,0,0.942536741615464,0.0370976956487785,0.5996230590072639,0.2709847742666423,0.138428689910153,0.7065463700518833,0.2352386692081513,0.5550851291003496,0.109783543489804,0.2656550406616058,0.6946288226178303,,,-172.03664454213168,366.07328908426337,403.1503073936677
2026-06-07T23:41:25,97,31,970031,"ARX(1,1)",-171.31355080704589,364.62710161409177,401.7041199234961,True,0,0.0585447894795533,0.0036101777218503,0.9447080647624272,0.2559846793898901,0.0235661137042265,0.7423508335037781,0.311171775904596,0.4232885972501402,0.1237531762705019,0.2285888982003653,0.7462959039000047,,,-171.31355080644505,364.6271016128901,401.7041199222944
2026-06-07T23:43:14,97,32,970032,"ARX(1,1)",-172.03705949945885,366.0741189989177,403.151137308322,True,0,0.948480792278812,0.0383953059919248,0.5989578425845233,0.2711605723684173,0.138699652136288,0.7053458329330561,0.2346050190454598,0.5547300167677977,0.1091436379249383,0.2662071636225131,0.694665345754507,,,-172.03705950474958,366.0741190094992,403.15113731890347
2026-06-07T23:46:10,97,33,970033,"ARX(1,1)",-172.036942644403,366.073885288806,403.15090359821033,True,0,0.9576033334132904,0.0379093496461098,0.5947785839309103,0.2678115979861692,0.1398556506470312,0.7091814273729801,0.2349831011973893,0.5562921647465842,0.1101871719900513,0.264531959233465,0.6951945903215436,,,-172.03694264524626,366.0738852904925,403.1509035998968
2026-06-07T23:47:52,97,34,970034,"ARX(1,1)",-171.57637378465154,365.1527475693031,402.2297658787074,True,0,0.0932408748415759,0.0246914827548649,0.9283396132097824,0.2102811021931193,0.0284480578280482,0.7773069646332083,0.2812794144372642,0.4554942119434458,0.1274488649092907,0.2458843901961327,0.7160043364543831,,,-171.57637378432162,365.1527475686432,402.22976587804754
2026-06-07T23:49:20,97,35,970035,"ARX(1,1)",-172.0364618966827,366.0729237933654,403.1499421027697,True,0,0.9425283921286208,0.0377564483280847,0.59955895344229,0.2690463653921425,0.1383589742294453,0.7080190391648098,0.2354276992030787,0.556075939544799,0.1101278818359773,0.2656327815759399,0.694275858668665,,,-172.0364618966173,366.0729237932346,403.1499421026389
2026-06-07T23:51:01,97,36,970036,"ARX(1,1)",-172.03646487069034,366.0729297413807,403.149948050785,True,0,0.9420827950053722,0.037793689760287,0.599801908981836,0.2690770444245031,0.1383564971264282,0.7079597199924006,0.2354040672781235,0.5560576817254828,0.1101414286769424,0.2657254486332946,0.6941711126505085,,,-172.03646487068477,366.07292974136953,403.1499480507738
2026-06-07T23:52:41,97,37,970037,"ARX(1,1)",-171.33212232796075,364.6642446559215,401.7412629653258,True,0,0.0614655857907423,0.0062851030216322,0.9429686137524556,0.2528380126263741,0.024157143921653,0.7442019890695932,0.311762590101982,0.4313861103436158,0.1302544571406982,0.2350787422706031,0.7320357547803397,,,-171.33212232729045,364.6642446545809,401.7412629639852
2026-06-07T23:54:32,97,38,970038,"ARX(1,1)",-172.03646738525947,366.07293477051894,403.14995307992325,True,0,0.941541757279722,0.0377037729334448,0.5998183835886692,0.2692406301114751,0.1382616341433998,0.7078608746939313,0.2354734605528225,0.5557045145331637,0.1101097438777994,0.2657207319711767,0.6941903083281035,,,-172.03646738527254,366.0729347705451,403.1499530799494
2026-06-07T23:56:33,97,39,970039,"ARX(1,1)",-171.6848796135571,365.3697592271142,402.4467775365185,True,0,0.0573973913876203,0.0319280565376117,0.951727934638515,0.2107673544754957,0.0193757266091394,0.7752488463480082,0.2901882978252628,0.3953048190419629,0.1320099662104377,0.2642924251654752,0.6986544525799063,,,-171.68487961367748,365.36975922735496,402.44677753675927
2026-06-07T23:58:05,97,40,970040,"ARX(1,1)",-172.03647459795582,366.07294919591163,403.14996750531594,True,0,0.9421170947981096,0.0377239162477582,0.5996435087661393,0.2689516449469533,0.1386891785476491,0.7081424753558334,0.235377150304516,0.5558991467736654,0.1102339949104297,0.2656328587034917,0.6940969349760667,,,-172.03647459710848,366.07294919421696,403.14996750362127
2026-06-07T22:47:11,98,1,980001,"ARX(1,1)",-171.37301497980064,364.7460299596013,401.8230482690056,True,0,0.0590023516003153,0.0237768266171604,0.9449353176861276,0.2664783408059333,0.0236052422590096,0.7213035824052317,0.3157649694987973,0.4789118100727652,0.1203033151880386,0.2273880776975,0.7536269695003384,,,-171.37301497434538,364.7460299486908,401.8230482580951
2026-06-07T22:48:53,98,2,980002,"ARX(1,1)",-172.0369918862164,366.0739837724328,403.15100208183713,True,0,0.9552314882719852,0.03857712932125,0.5975295946141457,0.2683040726940159,0.1392847207740086,0.7082977149947485,0.2341011402905276,0.5552835559074335,0.1103796478004815,0.264408611647728,0.6949820223515677,,,-172.03699188646902,366.0739837729381,403.1510020823424
2026-06-07T22:50:26,98,3,980003,"ARX(1,1)",-171.31233480236767,364.62466960473535,401.70168791413965,True,0,0.0575634012216476,0.0013083173215653,0.94486566249479,0.256942503412744,0.0236357132133569,0.7424544602335039,0.3133630114551074,0.4226734647872031,0.1231147682876796,0.2271385692908599,0.7482566435876928,,,-171.31233480293733,364.62466960587466,401.70168791527897
2026-06-07T22:51:59,98,4,980004,"ARX(1,1)",-172.03713174660535,366.0742634932107,403.151281802615,True,0,0.9438601372590066,0.0373832249347057,0.597585896021763,0.2689086350957893,0.1395296081880747,0.7085342433243206,0.2357209957479713,0.551769041877331,0.1091509473991283,0.2655336948550287,0.6951216380433326,,,-172.03713174661237,366.0742634932248,403.15128180262906
2026-06-07T22:54:12,98,5,980005,"ARX(1,1)",-93.16371823540783,208.32743647081566,245.40445478021994,True,0,2.6237675609176647,4.885497582038163,0.197462147377066,0.3904065407732731,0.6779576864808933,0.5819760234489524,0.1808922231690207,0.0148057003155205,0.0638977562746554,0.483236048612678,0.4424731497982896,,,-93.16371823541172,208.32743647082344,245.40445478022767
2026-06-07T22:55:41,98,6,980006,"ARX(1,1)",-172.03646996969192,366.07293993938384,403.14995824878815,True,0,0.9424856185277908,0.0378540551171833,0.5996527011307773,0.2688324750900007,0.1384622320549353,0.7081383090867709,0.2353857567476696,0.5565909249663408,0.1101683977778584,0.2656992504512128,0.6941409094680188,,,-172.03646997000143,366.07293994000287,403.1499582494072
2026-06-07T22:57:22,98,7,980007,"ARX(1,1)",-172.0371342842552,366.0742685685104,403.1512868779147,True,0,0.9628819910490072,0.0382756369307299,0.593573361436988,0.268075669088846,0.1415092501802111,0.7086419013191434,0.2345147616960681,0.5571039261110111,0.1106675237333273,0.2645340169228148,0.694564708305502,,,-172.03713428412135,366.0742685682427,403.151286877647
2026-06-07T22:59:11,98,8,980008,"ARX(1,1)",-171.31252681816085,364.6250536363217,401.702071945726,True,0,0.0578995666468309,0.0021488422893637,0.9446695482132296,0.2571420913571728,0.0236915892047109,0.7418642500050269,0.3131853387860159,0.4244244997427634,0.122580706832218,0.2268079619170064,0.7493028730352419,,,-171.31252681811816,364.6250536362363,401.7020719456406
2026-06-07T23:02:08,98,9,980009,"ARX(1,1)",-171.3653251738114,364.7306503476228,401.80766865702714,True,0,0.0598593891966597,0.0295172500483751,0.9464732096562296,0.2486721042119029,0.0223403302283799,0.7371378590886517,0.3055922433853754,0.4495227881448831,0.1210391876484022,0.233483600170676,0.7452029968155551,,,-171.3653251700173,364.7306503400346,401.8076686494389
2026-06-07T23:03:33,98,10,980010,"ARX(1,1)",-171.31272603870008,364.62545207740015,401.70247038680446,True,0,0.0576767017405911,0.0012139132388265,0.9446139597459507,0.2582753948253052,0.0237876464290343,0.7411635374703981,0.31450997263795,0.4241453013336321,0.1228763753504444,0.2271444310463055,0.7489628590978823,,,-171.31272603790083,364.62545207580166,401.702470385206
2026-06-07T23:05:08,98,11,980011,"ARX(1,1)",-172.0367354612166,366.0734709224332,403.1504892318375,True,0,0.9505837707152912,0.0385361839182496,0.5980285467170413,0.2687031554310529,0.1380528970197558,0.7078660281758987,0.2350009663851589,0.5567480877119,0.1101839026285467,0.265010360641981,0.6949160192050479,,,-172.0367354606248,366.0734709212496,403.15048923065393
2026-06-07T23:06:38,98,12,980012,"ARX(1,1)",-172.03668514105573,366.07337028211145,403.15038859151576,True,0,0.937009472762065,0.0382607756746777,0.6014666785488024,0.2681925029178318,0.137237850961923,0.7084951741810762,0.2356850650667588,0.5584639534708257,0.1100824730345063,0.2659763892931319,0.693933813567722,,,-172.0366851422948,366.0733702845896,403.1503885939939
2026-06-07T23:08:32,98,13,980013,"ARX(1,1)",-172.0368969137171,366.0737938274342,403.1508121368385,True,0,0.9305595143737452,0.0378200426506238,0.6034526341838431,0.2684023852952801,0.1359128460954813,0.7084538232663904,0.2359302475436753,0.5579139506138509,0.1099305263837366,0.2661325285554926,0.6938717541248617,,,-172.03689692205114,366.0737938441023,403.1508121535066
2026-06-07T23:10:14,98,14,980014,"ARX(1,1)",-172.03677344770338,366.07354689540676,403.1505652048111,True,0,0.9533996491692024,0.0379356475948473,0.5963138038082747,0.2685692394139882,0.1407801151297578,0.708453835694688,0.2347106290350701,0.5563541065390216,0.1097304414492865,0.2655167632028478,0.6948279689197355,,,-172.03677344995089,366.07354689990177,403.1505652093061
2026-06-07T23:12:27,98,15,980015,"ARX(1,1)",-171.3504975641245,364.700995128249,401.7780134376533,True,0,0.061416556006043,0.0152206055966256,0.9439664534509364,0.2742876483837076,0.0234433393804526,0.7185671497810822,0.3057628899135284,0.4399389676444111,0.1139048765854094,0.2304728264735735,0.7540120842607253,,,-171.35049756275046,364.7009951255009,401.7780134349052
2026-06-07T23:14:11,98,16,980016,"ARX(1,1)",-171.3123309371326,364.6246618742652,401.7016801836695,True,0,0.057513006163317,0.0014389847761777,0.944880635309443,0.2568248451610825,0.0236432695734192,0.7425117979264754,0.3135902035095832,0.4230970026201332,0.1231176555509137,0.2271408774800947,0.7483726635817494,,,-171.31233093750103,364.62466187500206,401.7016801844064
2026-06-07T23:16:32,98,17,980017,"ARX(1,1)",-171.61494978442147,365.22989956884294,402.30691787824725,True,0,0.0878054246230925,0.0334914340849503,0.9278215733895444,0.2085252128590606,0.0294885354657519,0.7756373725045546,0.3015047932417827,0.467819681640022,0.1053271545388015,0.2223243460144321,0.7755096617771593,,,-171.6149497845892,365.2298995691784,402.30691787858274
2026-06-07T23:18:06,98,18,980018,"ARX(1,1)",-172.03723560391646,366.0744712078329,403.1514895172372,True,0,0.9626006707124048,0.0378130001353163,0.5933847732247242,0.2689427313864582,0.1421084882620198,0.7080228069893721,0.2345106798339911,0.5586017651991705,0.1106808915491232,0.2646656967657137,0.6943992196374068,,,-172.03723560398382,366.0744712079676,403.151489517372
2026-06-07T23:19:19,98,19,980019,"ARX(1,1)",-172.03662587936174,366.0732517587235,403.1502700681278,True,0,0.9439759863656064,0.0378976353724532,0.600028398196869,0.2679246578450631,0.1386832983325539,0.709129137281401,0.2347970690591896,0.5555987468590469,0.1100927324888765,0.2650901997583337,0.694676804664187,,,-172.03662587935565,366.0732517587113,403.1502700681156
2026-06-07T23:21:41,98,20,980020,"ARX(1,1)",-171.31245636438922,364.62491272877844,401.70193103818275,True,0,0.0575030802025401,0.0018072691595153,0.9448748892474343,0.2563136641575042,0.0236555869637037,0.7428504780547213,0.3139766584661523,0.4242638208769738,0.1233115453368169,0.2274835582835569,0.7480080627686594,,,-171.31245636407516,364.6249127281503,401.7019310375546
2026-06-07T23:23:15,98,21,980021,"ARX(1,1)",-172.0364653493932,366.0729306987864,403.14994900819073,True,0,0.942142974433765,0.037847689889122,0.5997707899358984,0.2690108570776822,0.1381470515181146,0.7079939642028223,0.2354415661806085,0.5560835769081118,0.1101725505832657,0.2656806958483085,0.6941745997138351,,,-172.03646534941726,366.0729306988345,403.1499490082388
2026-06-07T23:25:09,98,22,980022,"ARX(1,1)",-172.03678713187864,366.0735742637573,403.1505925731616,True,0,0.9484040816256524,0.0376102749432139,0.5968532947442583,0.2671660845606733,0.139645757171878,0.7100460957124889,0.2354509995573863,0.5545744610002901,0.1106504546657849,0.2647165209294092,0.6944684564785921,,,-172.03678713187062,366.0735742637413,403.1505925731456
2026-06-07T23:27:15,98,23,980023,"ARX(1,1)",-172.0367205118947,366.0734410237894,403.15045933319374,True,0,0.9318984433764492,0.0378612233372797,0.6035270621050853,0.2688449690003509,0.1360828438861063,0.7081256118062099,0.2356745483974021,0.5561603802247871,0.1100193134396854,0.265929086188272,0.6942806437801374,,,-172.0367205109703,366.0734410219406,403.1504593313449
2026-06-07T23:28:56,98,24,980024,"ARX(1,1)",-172.0371606429665,366.074321285933,403.15133959533733,True,0,0.9528220741284408,0.0376183046976005,0.5962218841338758,0.2669301772948542,0.1400594323334732,0.710082698520744,0.2349582401041021,0.557449641483732,0.1116937837413643,0.2642789865876158,0.6935939020698627,,,-172.03716064835157,366.0743212967032,403.15133960610746
2026-06-07T23:30:37,98,25,980025,"ARX(1,1)",-171.3129243366174,364.6258486732348,401.70286698263914,True,0,0.0579218030283176,0.001599483567925,0.9448097560395272,0.2558823421059856,0.0235954624272753,0.7433825586508943,0.3126085903930926,0.4211809254564744,0.1240041517537238,0.228851073811665,0.7452412191902292,,,-171.31292433735842,364.6258486747169,401.7028669841212
2026-06-07T23:32:51,98,26,980026,"ARX(1,1)",-171.32263740060654,364.6452748012131,401.7222931106174,True,0,0.0570444548602109,0.010619802826292,0.9459550137230204,0.2529364764389796,0.0231942381469769,0.7419819284735126,0.3134650771161305,0.4407790160325542,0.125075640755604,0.2302779067387688,0.7443190162297717,,,-171.32263738797752,364.64527477595504,401.72229308535935
2026-06-07T23:34:39,98,27,980027,"ARX(1,1)",-171.44113118526445,364.8822623705289,401.9592806799332,True,0,0.0668999044151887,0.0024604312324161,0.9415829709905305,0.2517034194911859,0.0238754906569579,0.7472610725162742,0.2992361132414864,0.3861363200227936,0.1277862385440465,0.2497719829831474,0.7163675102297322,,,-171.4411311881313,364.8822623762626,401.9592806856669
2026-06-07T23:36:49,98,28,980028,"ARX(1,1)",-172.03646377739113,366.07292755478227,403.1499458641866,True,0,0.9423544219114426,0.0377452315141766,0.5995973526847552,0.2692163880760299,0.1382944633438905,0.7078515519697718,0.2354309199895306,0.5558914864398405,0.1100927836242776,0.2656842047204726,0.6942331095242794,,,-172.03646377725272,366.07292755450544,403.14994586390975
2026-06-07T23:38:38,98,29,980029,"ARX(1,1)",-171.38749847754806,364.7749969550961,401.85201526450044,True,0,0.0599515623847863,0.0204801621125891,0.9450391872585632,0.2523188343670087,0.023195489957641,0.7369680446040597,0.307576210734744,0.4765851245542045,0.1140618864197344,0.2306375992563874,0.7571682671614604,,,-171.38749848070873,364.7749969614175,401.85201527082177
2026-06-07T23:40:11,98,30,980030,"ARX(1,1)",-171.31233079487652,364.62466158975303,401.70167989915734,True,0,0.0575131370595061,0.0010590474398716,0.9448671223197548,0.2565567958914808,0.0236475809528795,0.7429554415701164,0.3135300810066544,0.4223243969006964,0.1232078592093853,0.2270965608990657,0.7482713851045091,,,-171.3123307945458,364.6246615890916,401.7016798984959
2026-06-07T23:42:12,98,31,980031,"ARX(1,1)",-171.39218538759363,364.78437077518726,401.86138908459156,True,0,0.057101399222657,0.0244678628771423,0.945987136194648,0.2741623599402542,0.0235727174638981,0.7126063106892073,0.3169661101797277,0.5015730043592991,0.1207557820920849,0.2200444193678762,0.7622873312437077,,,-171.3921853900766,364.7843707801532,401.8613890895575
2026-06-07T23:44:08,98,32,980032,"ARX(1,1)",-172.03650395823698,366.07300791647395,403.15002622587826,True,0,0.9384849908889844,0.0375762749883813,0.6006426957959703,0.2693233013065521,0.1379080254149745,0.7078824918422587,0.2356275890753584,0.5553504219958401,0.110075198685137,0.2657337560415289,0.694252933775547,,,-172.036503958228,366.073007916456,403.1500262258603
2026-06-07T23:45:37,98,33,980033,"ARX(1,1)",-172.03646199641807,366.07292399283614,403.14994230224045,True,0,0.9427416134829198,0.0377654067552362,0.5994785475300735,0.2691737385580218,0.1384194905430222,0.707882713972023,0.2354121561993164,0.5559286135199959,0.110126015960271,0.2656542199245745,0.6942241197568921,,,-172.0364619965581,366.0729239931162,403.1499423025205
2026-06-07T23:48:33,98,34,980034,"ARX(1,1)",-171.36623067585055,364.7324613517011,401.8094796611054,True,0,0.0544712100880493,0.0266936178653232,0.9494982980986796,0.2557730226790318,0.0217445730265794,0.7310039273362701,0.308860046386919,0.4591129420557844,0.1229727559929496,0.2347407039786479,0.7431392776928543,,,-171.36623067505542,364.7324613501109,401.8094796595152
2026-06-07T23:51:08,98,35,980035,"ARX(1,1)",-172.0410365541326,366.0820731082652,403.1590914176695,True,0,0.9930470234505836,0.0387878111889312,0.586704995780972,0.2684728161044282,0.1446573245182009,0.7081723060206769,0.2322006673116707,0.553526697978852,0.1105869899517193,0.2657626137103676,0.6924535007352095,,,-172.04103655418703,366.08207310837406,403.1590914177784
2026-06-07T23:52:20,98,36,980036,"ARX(1,1)",-171.33825480920856,364.67650961841713,401.75352792782144,True,0,0.062806116053235,0.0129975879928436,0.9429849601302456,0.2711048781886601,0.0237744721964285,0.7227466784077422,0.3054392515376927,0.4372133977055543,0.1175404068539779,0.2312389933005695,0.7488604507094371,,,-171.33825480793007,364.67650961586014,401.7535279252645
2026-06-07T23:53:48,98,37,980037,"ARX(1,1)",-172.03715656315256,366.0743131263051,403.15133143570944,True,0,0.9367425525197528,0.0386062171730183,0.601298841119114,0.2697289835409837,0.1389695750631878,0.7068775800276188,0.2355500859964164,0.5605377132187389,0.1099800890472988,0.2652765673083102,0.6946094572491402,,,-172.03715657360635,366.0743131472127,403.151331456617
2026-06-07T23:57:37,98,38,980038,"ARX(1,1)",-172.03748492453389,366.07496984906777,403.1519881584721,True,0,0.9665730837658116,0.0385786206342515,0.5931407225634459,0.2679075022130409,0.1411819081813591,0.7085659626772295,0.2342563049146613,0.5577849434276929,0.110221473604866,0.2646734993107918,0.6951815072195877,,,-172.03748492433292,366.0749698486658,403.1519881580701
2026-06-07T23:59:48,98,39,980039,"ARX(1,1)",-171.4012876303965,364.802575260793,401.8795935701973,True,0,0.0796531249337667,0.0177654329395584,0.9323037301584994,0.2511204723928935,0.0283352467660472,0.7401270757768262,0.2997664374488409,0.455682809565709,0.1172524476876578,0.2387685496450032,0.7406847252661558,,,-171.4012876317173,364.8025752634346,401.8795935728389
2026-06-08T00:02:13,98,40,980040,"ARX(1,1)",-171.4356247764391,364.8712495528782,401.94826786228253,True,0,0.0737249489416582,0.0278405349986423,0.9373899047674492,0.2739833972544647,0.0253232558553426,0.7128179853619055,0.3055609947168216,0.4467862263394552,0.1146714449993099,0.2520848898750097,0.7327779696485299,,,-171.43562480476618,364.8712496095324,401.9482679189367
2026-06-07T22:34:25,99,1,990001,"ARX(1,1)",-172.04172846144965,366.0834569228993,403.1604752323036,True,0,0.8961143311432429,0.0362447757341431,0.6140465192217375,0.277277348182077,0.1312558897901333,0.7007016120621941,0.237273137200963,0.5551954707635849,0.1091695106526882,0.266424467549046,0.6947150472040484,,,-172.04172846135077,366.0834569227016,403.16047523210585
2026-06-07T22:35:59,99,2,990002,"ARX(1,1)",-172.04136669327232,366.08273338654465,403.15975169594896,True,0,0.9449567414698768,0.0376616750877445,0.5934541922675156,0.2726203575936216,0.1427700400932279,0.7044721066339572,0.2381478297327545,0.5634374748850898,0.1124661886391364,0.2650403708990341,0.6928866727961375,,,-172.0413666932709,366.0827333865418,403.1597516959461
2026-06-07T22:37:38,99,3,990003,"ARX(1,1)",-171.56123284527854,365.1224656905571,402.1994839999614,True,0,0.0541370045629338,0.0412622132481915,0.9498596606874942,0.2876350415382936,0.0220632615008964,0.6885986468719,0.3126893083699711,0.5396885281226884,0.1139141756846667,0.2271435449479691,0.7620316535483095,,,-171.56123284427193,365.1224656885439,402.19948399794816
2026-06-07T22:39:22,99,4,990004,"ARX(1,1)",-172.03692892472122,366.07385784944245,403.15087615884676,True,0,0.9561177549696508,0.0380319853718886,0.5954142370176126,0.2701970788130682,0.1408181513457465,0.7066343332503991,0.2348532466116149,0.5583522854308102,0.1101264181240779,0.2652018866993897,0.6947517618677721,,,-172.03692892373084,366.0738578474617,403.150876156866
2026-06-07T22:41:26,99,5,990005,"ARX(1,1)",-172.0364636654694,366.0729273309388,403.1499456403431,True,0,0.9421892752895932,0.0377417242629929,0.5997078270914468,0.2690566400190164,0.1383934322760795,0.708014249626843,0.2353805233677508,0.55590567466351,0.1100539531455981,0.2656367378408371,0.6943173532545093,,,-172.03646366526132,366.07292733052265,403.14994563992695
2026-06-07T22:43:49,99,6,990006,"ARX(1,1)",-171.3768757837537,364.7537515675074,401.8307698769117,True,0,0.0570965308496584,0.0214750521573275,0.946103532557674,0.266171761388124,0.0233382945103977,0.7225685709231287,0.3149533809811912,0.4846276158680562,0.1203825019869478,0.2258487162854759,0.7556743820554952,,,-171.37687578371026,364.7537515674205,401.8307698768248
2026-06-07T22:45:08,99,7,990007,"ARX(1,1)",-171.31288222084177,364.62576444168354,401.70278275108785,True,0,0.05732289074668,0.0033390567469741,0.945070270250616,0.2567461114750701,0.0235795784691867,0.7417027406632104,0.3139795180925919,0.4267619830073138,0.1227443833207727,0.2269442637080067,0.7493417570157248,,,-171.31288222155905,364.6257644431181,401.7027827525224
2026-06-07T22:46:57,99,8,990008,"ARX(1,1)",-172.03691946760821,366.07383893521643,403.15085724462074,True,0,0.9582510640477436,0.038070386788212,0.5945955959310373,0.2690045443190603,0.1406347444328475,0.7077384534937816,0.2350110567084036,0.5572484399410242,0.1109785879679446,0.2656659433728138,0.6931745042030901,,,-172.03691946740545,366.0738389348109,403.1508572442152
2026-06-07T22:48:50,99,9,990009,"ARX(1,1)",-171.35761388065794,364.7152277613159,401.7922460707202,True,0,0.0628627377735268,0.0208117016895569,0.9441145253826329,0.2626791869568425,0.0231938408323069,0.7274587443976228,0.3053733688329786,0.4398586739761151,0.1266737258545898,0.2429229515172611,0.7266177376829749,,,-171.35761387515618,364.7152277503124,401.7922460597167
2026-06-07T22:50:36,99,10,990010,"ARX(1,1)",-171.31242663710378,364.62485327420757,401.7018715836119,True,0,0.0574908652992322,0.0013291089974677,0.9449241387361677,0.2565735692001226,0.0236163704999943,0.7428130312422399,0.3135276022490228,0.4229459709917201,0.1234547871522984,0.2279873941640465,0.7470069145862146,,,-171.3124266378886,364.6248532757772,401.7018715851815
2026-06-07T22:52:07,99,11,990011,"ARX(1,1)",-171.33502886107652,364.67005772215305,401.74707603155736,True,0,0.0598420167135448,0.0003683971195361,0.9432519217695026,0.271696751050004,0.0241069180535917,0.728139397751146,0.3106352340274196,0.4125280312213778,0.1182829754641231,0.2219946535260449,0.7567072594073406,,,-171.3350288560849,364.6700577121698,401.7470760215741
2026-06-07T22:53:36,99,12,990012,"ARX(1,1)",-172.03681660711686,366.0736332142337,403.15065152363803,True,0,0.9386973717005852,0.0381073181914309,0.6024509656209985,0.2690814675829889,0.1357567542525175,0.7077757027995486,0.2351102664651676,0.55522608921761,0.1099889319253358,0.2651806267839948,0.6951058561064039,,,-172.0368166071229,366.0736332142458,403.1506515236501
2026-06-07T22:56:02,99,13,990013,"ARX(1,1)",-171.54514856757663,365.09029713515326,402.1673154445576,True,0,0.0863153135558384,0.0057401223434055,0.9307579395098784,0.2195108517662759,0.0277988397409308,0.777972202066464,0.2867372600772131,0.4032915808836905,0.1315461415433047,0.2492682978530338,0.7097096995586201,,,-171.5451485689195,365.090297137839,402.1673154472433
2026-06-07T22:58:17,99,14,990014,"ARX(1,1)",-172.03647729684837,366.07295459369675,403.14997290310106,True,0,0.94230140081802,0.0375892942976555,0.5995597661144874,0.2688204078998736,0.1384676430241382,0.7083545488635051,0.235409002951698,0.555351709286131,0.1101659206445792,0.265749380387255,0.6941083132631061,,,-172.0364772965038,366.0729545930076,403.1499729024119
2026-06-07T22:59:55,99,15,990015,"ARX(1,1)",-171.4504320442056,364.9008640884112,401.9778823978155,True,0,0.0846913040721675,0.0199132762917961,0.9298812686959362,0.2312507754083555,0.0290581981312771,0.7589088560813366,0.2982040002772778,0.4603838789560914,0.1279487239738879,0.2445873210863067,0.7215581039990562,,,-171.4504321237025,364.900864247405,401.9778825568093
2026-06-07T23:01:30,99,16,990016,"ARX(1,1)",-171.34644146547095,364.6928829309419,401.7699012403462,True,0,0.0561213356156534,0.0177907224516219,0.9467158741760682,0.2576291608676452,0.0230513082771503,0.7335014132923365,0.3158668084499622,0.4612201902019082,0.1243453333922615,0.2297422885481501,0.7471103127214587,,,-171.34644143744413,364.69288287488826,401.76990118429256
2026-06-07T23:03:40,99,17,990017,"ARX(1,1)",-171.31737410841413,364.63474821682826,401.71176652623257,True,0,0.0586460031494087,0.0003808601867958,0.9440785379998636,0.2598406111913656,0.0238410324034246,0.7399872855214003,0.3115755845144229,0.4162106222693053,0.1208657532158678,0.2231151523712175,0.7532773540449809,,,-171.31737404852024,364.6347480970405,401.7117664064448
2026-06-07T23:05:31,99,18,990018,"ARX(1,1)",-171.4980231888749,364.9960463777498,402.0730646871541,True,0,0.0834036184648312,0.0394574601952199,0.9332908063696616,0.2522637426500685,0.0273925866821286,0.7269351484304215,0.2904824590601028,0.4937732385163459,0.1062290203990885,0.2269878219985035,0.7681971615125398,,,-171.49802318658996,364.9960463731799,402.0730646825842
2026-06-07T23:07:50,99,19,990019,"ARX(1,1)",-162.4959794327852,346.9919588655704,384.0689771749747,True,0,2.766050612894104,3.862015112360694,0.8056859764649303,0.4354189325368472,0.0834921715968194,0.3921255268594978,0.0791902896577557,0.1547853596262545,-0.0400728093470153,0.2215856236863408,1.032913335156434,,,-162.49597943780154,346.9919588756031,384.0689771850074
2026-06-07T23:09:43,99,20,990020,"ARX(1,1)",-171.31390735152993,364.62781470305987,401.7048330124642,True,0,0.0581955668605466,0.0008887427469195,0.9447339131938838,0.2572207836246118,0.0235564686287688,0.7423720357955452,0.3107343164974272,0.4195482892515828,0.1224929251543615,0.2267742507598314,0.7488495398988314,,,-171.31390833214974,364.6278166642995,401.7048349737038
2026-06-07T23:11:51,99,21,990021,"ARX(1,1)",-171.39735024179024,364.79470048358047,401.8717187929848,True,0,0.0797412190822666,0.0097199505573666,0.9317379432198654,0.2494002062932937,0.0284768703892814,0.7460058860767625,0.2989007537136104,0.4368269365931151,0.1175159620486782,0.2383617395532959,0.7391705980903945,,,-171.39735024339598,364.794700486792,401.87171879619626
2026-06-07T23:13:39,99,22,990022,"ARX(1,1)",-171.66769145269677,365.33538290539354,402.41240121479785,True,0,0.0576497666014607,0.040921479205303,0.9466817041044816,0.3258086917915153,0.0228347344587468,0.6541039665622272,0.3163785512368353,0.4823434998310738,0.1042494307563276,0.2205714869010286,0.7742449455480922,,,-171.66769144179412,365.3353828835882,402.41240119299255
2026-06-07T23:15:49,99,23,990023,"ARX(1,1)",-171.42270424438567,364.84540848877134,401.92242679817565,True,0,0.0526321570710043,0.0343291962325912,0.950650359303408,0.269788987468673,0.0218084733416086,0.7113140185655861,0.3121163779008578,0.5106240395722078,0.1236117981128994,0.2241742919518389,0.7559334801642249,,,-171.4227042442903,364.8454084885806,401.9224267979849
2026-06-07T23:18:15,99,24,990024,"ARX(1,1)",-172.03681050390244,366.0736210078049,403.1506393172092,True,0,0.9523129591386308,0.0384219216430392,0.5971456504293586,0.2701188796685189,0.1392995061288965,0.7065668465551005,0.2349855100793923,0.5577549212305625,0.1105345280192093,0.2649866838192282,0.694492006184887,,,-172.03681048618873,366.0736209723775,403.15063928178176
2026-06-07T23:20:47,99,25,990025,"ARX(1,1)",-171.31261911436226,364.6252382287245,401.70225653812884,True,0,0.0577199011927128,0.0002805917241503,0.9447452875841326,0.2571321596430417,0.023671670910824,0.7427391370391536,0.3131082399582983,0.4200039131152364,0.1233672300967659,0.2274577774904325,0.7474191015773477,,,-171.31261911466282,364.6252382293257,401.70225653873
2026-06-07T23:23:30,99,26,990026,"ARX(1,1)",-172.0365943828744,366.0731887657488,403.1502070751531,True,0,0.9382337646826728,0.0377986436401406,0.6004893358355468,0.2684477224224256,0.1380501903554861,0.7085490350537772,0.2358312138162633,0.5564730148855622,0.1105241197641053,0.2664163592262937,0.69302596121243,,,-172.0365943831472,366.0731887662944,403.1502070756987
2026-06-07T23:28:04,99,27,990027,"ARX(1,1)",-172.03696379833798,366.07392759667596,403.15094590608027,True,0,0.9576257324210896,0.0378844990484927,0.5945878310984115,0.26832478254588,0.1413216184060869,0.7086789636382668,0.2349450667420942,0.5581904508894118,0.1110833658249081,0.2655382568034699,0.6931608118341589,,,-172.0369637979113,366.0739275958226,403.1509459052269
2026-06-07T23:30:57,99,28,990028,"ARX(1,1)",-172.03646276421412,366.07292552842824,403.14994383783255,True,0,0.9427650448806436,0.0378012668577038,0.5995071039197891,0.2689014533835371,0.1384793656833473,0.7081180371533451,0.2353955629696342,0.5562319770322998,0.1101407584676896,0.2656826066913197,0.6941917636851672,,,-172.03646276427068,366.07292552854136,403.14994383794567
2026-06-07T23:32:19,99,29,990029,"ARX(1,1)",-171.51937009307676,365.0387401861535,402.1157584955578,True,0,0.0827653452702255,0.0281850299750668,0.9311141025973853,0.2185708530330949,0.0289911954397105,0.76637669173125,0.3009049320812056,0.4968213881369215,0.1239857847524826,0.2366580180362711,0.7390515166111234,,,-171.5193700883567,365.0387401767134,402.1157584861177
2026-06-07T23:34:22,99,30,990030,"ARX(1,1)",-172.03791064270547,366.07582128541094,403.15283959481525,True,0,0.940786511106227,0.0368823343188235,0.599824890492456,0.2684569472143228,0.1381321213514096,0.7094147661725139,0.2352037634910236,0.55006350430534,0.108565177188744,0.2636710759807641,0.6978977677295254,,,-172.0379106569123,366.0758213138246,403.1528396232289
2026-06-07T23:36:01,99,31,990031,"ARX(1,1)",-172.03662502540425,366.0732500508085,403.1502683602128,True,0,0.9396534986803898,0.0378292862412112,0.6011263084219102,0.2703796749521349,0.1380049407748727,0.7067643143052658,0.2351244095625585,0.555090373828474,0.1094032768158013,0.2654728639572416,0.6952905577710969,,,-172.0366250244591,366.0732500489182,403.1502683583225
2026-06-07T23:39:28,99,32,990032,"ARX(1,1)",-172.05354962470628,366.10709924941256,403.18411755881687,True,0,0.8573609262869493,0.0365988018962251,0.628606520149485,0.2710678905564649,0.1225807460179705,0.707221183372429,0.2379674171721674,0.5413653665987874,0.1075554321263124,0.2643786098205721,0.6992570248139047,,,-172.0535496248869,366.1070992497738,403.1841175591781
2026-06-07T23:40:49,99,33,990033,"ARX(1,1)",-171.5591197473685,365.118239494737,402.1952578041413,True,0,0.0607358160539886,0.0609374893628712,0.9491351174291486,0.257784666821899,0.0208464969231738,0.7111695555168496,0.2982256178189157,0.4848860986659448,0.1185754831369868,0.2336228242937563,0.7462789633927333,,,-171.55911974741582,365.1182394948317,402.195257804236
2026-06-07T23:43:26,99,34,990034,"ARX(1,1)",-171.31460594141788,364.62921188283576,401.70623019224007,True,0,0.0586176497680289,0.0025787242508491,0.9445609441435572,0.256840410347577,0.0235970592380483,0.7419799849928376,0.311748146497229,0.4198513293593215,0.1243019239411473,0.2307322205211042,0.742531376979147,,,-171.31460594149226,364.6292118829845,401.7062301923888
2026-06-07T23:47:45,99,35,990035,"ARX(1,1)",-172.03668231906977,366.07336463813954,403.15038294754385,True,0,0.939836920462984,0.0382768191805022,0.6004270904922279,0.2683049356494072,0.1381655732361103,0.7084093336675267,0.2355287410620067,0.5584908011947258,0.1094008484609083,0.2654528754120054,0.6953394577619163,,,-172.03668230734058,366.0733646146812,403.1503829240855
2026-06-07T23:49:21,99,36,990036,"ARX(1,1)",-171.31298358689688,364.62596717379375,401.70298548319806,True,0,0.0573929228745445,0.0035861481791361,0.9451241902509024,0.2560921264324982,0.0235195943301598,0.7422365349842001,0.3135037892257246,0.4271795426793021,0.1227238050076491,0.2277895341589398,0.7484118614479398,,,-171.31298358658137,364.62596717316273,401.70298548256704
2026-06-07T23:50:59,99,37,990037,"ARX(1,1)",-171.42256692255216,364.84513384510433,401.92215215450864,True,0,0.0799215743156089,0.0256748698707831,0.9327864754465254,0.2498968310485409,0.0281665238009099,0.7369113695665158,0.2985025587765725,0.4785782935566869,0.1162579879314599,0.2332489418072906,0.7479759791457008,,,-171.42256692250743,364.84513384501486,401.9221521544192
2026-06-07T23:52:55,99,38,990038,"ARX(1,1)",-172.03647218772977,366.07294437545954,403.14996268486385,True,0,0.9449672202397884,0.0379109164462155,0.5987289092101472,0.2688613813709515,0.1387661485812538,0.7080958653072006,0.2353751002801097,0.5564069520084828,0.1102290464973547,0.2655507081660887,0.6941864035538947,,,-172.0364721876814,366.0729443753628,403.1499626847671
2026-06-07T23:55:09,99,39,990039,"ARX(1,1)",-172.03741362680745,366.0748272536149,403.1518455630192,True,0,0.934541548196902,0.0378310956320084,0.6019520062624923,0.2722916400429538,0.1364919613297718,0.7047998106137238,0.2358161787597526,0.5556881527114677,0.1084042486459814,0.2644113083704545,0.6977758997914791,,,-172.03741362993657,366.07482725987313,403.15184556927744
2026-06-07T23:57:07,99,40,990040,"ARX(1,1)",-172.0368218632662,366.0736437265324,403.1506620359367,True,0,0.952514357891189,0.0375369390397284,0.5963712871333382,0.268940532010775,0.1407432414045589,0.7082237115596358,0.2350346234850523,0.5567264165941271,0.1114073279826003,0.2655070705246831,0.6929794789643222,,,-172.03682186121532,366.0736437224306,403.1506620318349
2026-06-07T22:35:10,100,1,1000001,"ARX(1,1)",-171.32427722466093,364.64855444932186,401.7255727587262,True,0,0.0583519249877071,0.0064224167121137,0.9440134058770412,0.2652810487236611,0.0240934346395146,0.7316808657034616,0.3165913028640952,0.4381683355472955,0.1202995286117325,0.2262482170553789,0.7533829762027838,,,-171.32427720215455,364.6485544043091,401.7255727137134
2026-06-07T22:37:20,100,2,1000002,"ARX(1,1)",-171.3123371610733,364.6246743221466,401.7016926315509,True,0,0.057512597722919,0.0015975726258675,0.9449014508200744,0.2568173128881612,0.023629040227042,0.7424457399506793,0.3135503012107092,0.4231499923748525,0.1232066864725812,0.227228163041769,0.7481618721133526,,,-171.3123371606256,364.6246743212512,401.7016926306555
2026-06-07T22:38:45,100,3,1000003,"ARX(1,1)",-171.3123429243114,364.6246858486228,401.7017041580271,True,0,0.0575471945047922,0.0016165514238749,0.9448770583623785,0.2567374622037165,0.0236372912331034,0.7425164721571478,0.3135530922962182,0.4234139520280993,0.1231076515976792,0.2272743514654046,0.7482766470382044,,,-171.3123429242871,364.6246858485741,401.7017041579784
2026-06-07T22:42:25,100,4,1000004,"ARX(1,1)",-171.34046870073453,364.68093740146907,401.7579557108734,True,0,0.0569123605612788,0.0139728782832305,0.945412577579578,0.2651890361187468,0.0236774573116558,0.7281926707521941,0.3179548230617836,0.4455424074880298,0.12128238057014,0.221375956447994,0.7591226110564872,,,-171.34046870362857,364.6809374072572,401.7579557166615
2026-06-07T22:45:52,100,5,1000005,"ARX(1,1)",-171.31238570530576,364.6247714106115,401.7017897200158,True,0,0.0572676630806741,0.0016726534787362,0.9450241819103826,0.2566975276441681,0.0236134565557521,0.7425294405670161,0.3139062188706545,0.4237922565987903,0.1230827757209824,0.2269008110058099,0.7488260999646517,,,-171.31238570527847,364.62477141055695,401.70178971996125
2026-06-07T22:47:26,100,6,1000006,"ARX(1,1)",-171.3278630101227,364.6557260202454,401.73274432964973,True,0,0.0582437977724962,0.0167301581213112,0.94612114679376,0.2543466494555397,0.0227841968844608,0.7378065838825542,0.3091127074166125,0.4354837919127097,0.122520191778023,0.2310226898879885,0.7448847975103202,,,-171.32786300995076,364.6557260199015,401.7327443293058
2026-06-07T22:49:12,100,7,1000007,"ARX(1,1)",-171.34154058591554,364.6830811718311,401.7600994812354,True,0,0.0555703575582228,0.0153688448173336,0.9466598182200738,0.2623964093806261,0.0231769972287466,0.7300619359939391,0.3172023153443016,0.4563581467728517,0.1216573172451539,0.227323682754526,0.752598431676767,,,-171.34154059084912,364.68308118169824,401.76009949110255
2026-06-07T22:51:37,100,8,1000008,"ARX(1,1)",-58.68951562633936,139.37903125267871,176.456049562083,True,0,1.5277553900036056,3.6415411915391367,0.3042053854383228,0.7888410573337798,0.4762275661001012,0.0658020731327761,0.2058325678039641,0.0631689977622325,0.2145177391184608,0.3290443814658115,0.6537865848713815,,,-58.689515621516605,139.3790312430332,176.4560495524375
2026-06-07T22:54:12,100,9,1000009,"ARX(1,1)",-171.77546123128403,365.55092246256805,402.62794077197236,True,0,0.0279464021748576,0.0361662415837712,0.9642469148214492,0.2260892741284413,0.0211820621670674,0.7519581923754227,0.3534404761880617,0.5737215684473983,0.1338476538435964,0.2173289963709323,0.7638954336839028,,,-171.77546123107186,365.5509224621437,402.627940771548
2026-06-07T22:56:00,100,10,1000010,"ARX(1,1)",-171.33188905640014,364.6637781128003,401.7407964222046,True,0,0.0567377746598913,0.0124637310050294,0.9460584046484576,0.2509750584342221,0.0232352135966848,0.7431247736965475,0.3131219525359562,0.4409814980191007,0.1216691188715946,0.2206352192670963,0.7589045533288029,,,-171.33188906604246,364.6637781320849,401.7407964414893
2026-06-07T22:58:51,100,11,1000011,"ARX(1,1)",-172.03807574535512,366.07615149071023,403.15316980011454,True,0,0.9477503135177886,0.036629012114734,0.6003297954060257,0.267035421754307,0.1377505092382933,0.7112284142382395,0.2340740078088621,0.5497341470577559,0.1108784549653112,0.2656166211840993,0.6933055056242536,,,-172.03807574151114,366.0761514830223,403.1531697924266
2026-06-07T23:00:15,100,12,1000012,"ARX(1,1)",-171.31233126964247,364.62466253928494,401.70168084868925,True,0,0.057522789876784,0.0014244686350647,0.9448723865825466,0.2566144389241845,0.0236476221001398,0.7427288880614485,0.313607962016254,0.4229916174754243,0.1232562018474487,0.2271290519700169,0.7482188877894356,,,-171.31233126865766,364.6246625373153,401.7016808467196
2026-06-07T23:01:45,100,13,1000013,"ARX(1,1)",-171.31436600302658,364.62873200605316,401.70575031545746,True,0,0.0579491469092253,0.0025681362106395,0.9447239537615424,0.257066023212979,0.0236516616079293,0.7417301957275457,0.313604090569037,0.4282584036908983,0.1238950417088447,0.2302887830159078,0.7445297800404573,,,-171.31436598685983,364.62873197371965,401.705750283124
2026-06-07T23:04:16,100,14,1000014,"ARX(1,1)",-172.04102150779636,366.0820430155927,403.159061324997,True,0,0.8931304496951359,0.0374555875389978,0.6139610104193427,0.2715677841540513,0.1329671016636218,0.7055192118078231,0.2376636833187214,0.5591572810176638,0.1079869715525155,0.2668140236162047,0.6960621856544643,,,-172.04102151109367,366.08204302218735,403.15906133159166
2026-06-07T23:06:31,100,15,1000015,"ARX(1,1)",-171.41791068957232,364.83582137914465,401.91283968854896,True,0,0.0582057546073481,0.0391944173602497,0.9487549974571124,0.2530405750078617,0.0213698503889472,0.7269554456884856,0.3021794385919995,0.4741567738708072,0.1221981867526087,0.2377005158379666,0.7381045752012534,,,-171.4179108817179,364.8358217634358,401.9128400728401
2026-06-07T23:09:02,100,16,1000016,"ARX(1,1)",-172.03646664471046,366.0729332894209,403.1499515988252,True,0,0.9422903822009754,0.0377332009147237,0.5995518989939365,0.2688639897489231,0.1384280715720638,0.7082300549310979,0.2354616939897069,0.5557771440639974,0.1102016914288101,0.2655777611350879,0.6942414097404513,,,-172.03646664471108,366.07293328942217,403.1499515988265
2026-06-07T23:11:04,100,17,1000017,"ARX(1,1)",-172.03893010400094,366.0778602080019,403.1548785174062,True,0,0.9645247104510648,0.0397013884622967,0.5945696885495743,0.2648194942237272,0.1387855372343796,0.7109903873764215,0.234638896143118,0.5577976719592469,0.1128445242716568,0.2662751972169476,0.6902526914841693,,,-172.03893010365283,366.07786020730566,403.15487851671
2026-06-07T23:12:27,100,18,1000018,"ARX(1,1)",-172.0387148592887,366.0774297185774,403.1544480279817,True,0,0.9196084980466548,0.0387160130914047,0.6054325595133229,0.2719569437716501,0.1358148316597523,0.7043443307768582,0.2372096594897453,0.559263192128288,0.1081031216845415,0.2653193440122541,0.6977616138072565,,,-172.03871485709226,366.0774297141845,403.1544480235888
2026-06-07T23:14:23,100,19,1000019,"ARX(1,1)",-171.61448271292602,365.22896542585204,402.30598373525635,True,0,0.0881285397616579,0.024856103680859,0.9336718510137224,0.2504636271219378,0.0254032043015928,0.7370750492720172,0.2721441496540546,0.441357551930965,0.1037520976707426,0.2661654311860742,0.7216155887409001,,,-171.6144827148384,365.2289654296768,402.3059837390811
2026-06-07T23:16:54,100,20,1000020,"ARX(1,1)",-171.31890700842342,364.63781401684685,401.71483232625116,True,0,0.0578647925372994,0.0097093128401318,0.9454224434546648,0.2550652826138418,0.0233179661871426,0.7403274916701951,0.3126206121872374,0.4369052228852159,0.1241112176580307,0.2305182940929636,0.7447082547358487,,,-171.3189070104011,364.6378140208022,401.7148323302065
2026-06-07T23:18:34,100,21,1000021,"ARX(1,1)",-171.3285990618403,364.6571981236806,401.7342164330849,True,0,0.0598658660254655,0.0135797443521589,0.9445187538902436,0.2656198847409801,0.0234677755432425,0.7279009561662344,0.3102346527044815,0.4416962663702682,0.1203824646442025,0.2319085218997559,0.7466758268262135,,,-171.3285990628834,364.6571981257668,401.7342164351711
2026-06-07T23:20:41,100,22,1000022,"ARX(1,1)",-172.03676583921504,366.0735316784301,403.1505499878344,True,0,0.9506488942534808,0.0377899638531577,0.5963796284558428,0.2698202605698024,0.1403946650271883,0.7071455341237646,0.2353783531105199,0.5573122134827695,0.1110254125798145,0.2657003582684423,0.6929479962282905,,,-172.0367658392262,366.0735316784524,403.1505499878567
2026-06-07T23:22:22,100,23,1000023,"ARX(1,1)",-171.31233292543135,364.6246658508627,401.701684160267,True,0,0.0576037811214092,0.0013400700108128,0.9448265340931512,0.2566038885810821,0.023651055155537,0.7427790027852933,0.3134502579017467,0.4226984973104826,0.1231551959452807,0.2271005192971073,0.7482621083100958,,,-171.3123329248226,364.6246658496452,401.70168415904953
2026-06-07T23:24:16,100,24,1000024,"ARX(1,1)",-172.04524180245846,366.0904836049169,403.16750191432124,True,0,0.8710247016936685,0.0372909610973687,0.6218406907876161,0.2710660099023134,0.1287389326622487,0.7063339371856733,0.2381583655945009,0.5547987629874651,0.1079730886931588,0.267393920324547,0.6953329302892409,,,-172.04524180260373,366.09048360520745,403.16750191461176
2026-06-07T23:26:06,100,25,1000025,"ARX(1,1)",-172.03682221273084,366.0736444254617,403.150662734866,True,0,0.9500043880009662,0.0373268351280877,0.5970282219804023,0.2681276279063282,0.1395653275283132,0.7091693502021635,0.2352940924214795,0.5539135512714273,0.1110957035199673,0.2658938958062471,0.6926301428387435,,,-172.03682222391274,366.0736444478255,403.1506627572298
2026-06-07T23:28:13,100,26,1000026,"ARX(1,1)",-171.31471792373594,364.6294358474719,401.7064541568762,True,0,0.0575025361278255,0.0020647808406852,0.9448721395013676,0.2608624785516101,0.0236302758391801,0.7381875468197746,0.3128424736911004,0.4238619855729119,0.1205588338533941,0.2246992864058691,0.7534248497516806,,,-171.31471792397275,364.6294358479455,401.7064541573498
2026-06-07T23:30:32,100,27,1000027,"ARX(1,1)",-172.03651089995822,366.07302179991643,403.15004010932074,True,0,0.9432968107662504,0.0375896547235339,0.59923723821751,0.269478405386256,0.1382762760366114,0.7076873565605792,0.2354255018664565,0.5547705267835885,0.1100382535620587,0.2658956629945846,0.6940922320848386,,,-172.03651089294897,366.07302178589794,403.15004009530224
2026-06-07T23:32:15,100,28,1000028,"ARX(1,1)",-172.05204750341812,366.10409500683625,403.18111331624056,True,0,1.0214855901471755,0.0410641978281836,0.572598157605715,0.2698181450877026,0.146357572256299,0.7051754115132389,0.2344334002059057,0.5647000227012681,0.1090337738035864,0.2615818438022796,0.6985413730701141,,,-172.05204733904665,366.1040946780933,403.1811129874976
2026-06-07T23:34:50,100,29,1000029,"ARX(1,1)",-172.03754918041233,366.07509836082465,403.15211667022896,True,0,0.9553278743926454,0.0385762039895766,0.5956888655091527,0.2666668460312168,0.1411415029521596,0.709666442739181,0.2348484146595874,0.5606918720812432,0.1096996271131506,0.263863073061793,0.6966594847009033,,,-172.037549182607,366.075098365214,403.1521166746183
2026-06-07T23:36:48,100,30,1000030,"ARX(1,1)",-171.3123569703547,364.6247139407094,401.7017322501137,True,0,0.0575048067756271,0.0010640593713263,0.9448796046663736,0.2566546200597884,0.023632838291839,0.7428555969235581,0.3135345713273455,0.4218952730912138,0.1232288521553525,0.2272175996830879,0.7480485347157843,,,-171.31235697003044,364.6247139400609,401.7017322494652
2026-06-07T23:38:42,100,31,1000031,"ARX(1,1)",-171.3940466210122,364.7880932420244,401.8651115514287,True,0,0.058678580216362,0.0248090943504052,0.9450848584626286,0.2730812060242937,0.0238240160314614,0.7136232191014851,0.3155998643726073,0.5006894521597323,0.1187078481865723,0.2203275368685186,0.7651981763076547,,,-171.39404670139086,364.7880934027817,401.8651117121861
2026-06-07T23:41:25,100,32,1000032,"ARX(1,1)",-172.03699702378833,366.07399404757666,403.15101235698097,True,0,0.936909806993585,0.0375762703442157,0.6018633872007103,0.2688548975765045,0.1367691438691463,0.7084824218021144,0.2354424422815875,0.551128738590152,0.1106744048215011,0.2658024757927439,0.6934423839606513,,,-172.03699702392515,366.0739940478503,403.1510123572546
2026-06-07T23:42:50,100,33,1000033,"ARX(1,1)",-172.06658762632162,366.13317525264324,403.21019356204755,True,0,0.8207703516572635,0.0361655214373316,0.6377121312938839,0.2765058611708709,0.1155046293713837,0.7011974990557791,0.2420722925295005,0.5586324232239746,0.1074689531005597,0.2708511601514789,0.6927531076874768,,,-172.06658762028076,366.1331752405615,403.2101935499658
2026-06-07T23:44:06,100,34,1000034,"ARX(1,1)",-171.31946645985627,364.63893291971254,401.71595122911685,True,0,0.0561432113511064,0.0076958399540339,0.9461597638543112,0.2506498146858066,0.023202884412708,0.7457066790786401,0.3145046234534557,0.4357936116973567,0.1242044629375388,0.2264947242315484,0.7490508899622011,,,-171.31946646022243,364.63893292044486,401.7159512298492
2026-06-07T23:46:03,100,35,1000035,"ARX(1,1)",-171.31257200006524,364.6251440001305,401.7021623095348,True,0,0.0572618385041546,0.0022127210197345,0.9450660859333548,0.2562831059202009,0.0235935475944164,0.7426909418159525,0.3139737975229718,0.4253813627736273,0.1233301087186135,0.2273852742340932,0.7481643776815589,,,-171.31257199932747,364.62514399865495,401.70216230805926
2026-06-07T23:47:28,100,36,1000036,"ARX(1,1)",-172.0369192685352,366.0738385370704,403.1508568464747,True,0,0.932225151758506,0.0375071056302087,0.6027130285452242,0.2696656175665085,0.1367791071509455,0.7073033768527848,0.2361094554395877,0.558927307414555,0.1104608802435232,0.2661987007487369,0.6937735447018222,,,-172.03691926859102,366.0738385371821,403.1508568465864
2026-06-07T23:49:43,100,37,1000037,"ARX(1,1)",-172.0368674043794,366.0737348087588,403.1507531181631,True,0,0.9485736429457547,0.0381490430760521,0.598581110542699,0.2695568490820503,0.1394166869893924,0.7073556036474797,0.2349728632399986,0.5576381353179404,0.1111317597852403,0.2656685928375746,0.6934696340945984,,,-172.03686740217483,366.07373480434967,403.150753113754
2026-06-07T23:51:31,100,38,1000038,"ARX(1,1)",-172.03646383222562,366.07292766445124,403.14994597385555,True,0,0.9433707349387866,0.0378456018348936,0.5992995465895813,0.2690472398755836,0.1385096431335611,0.7079400382714561,0.2354022171991975,0.5563969880798758,0.1101331361236614,0.2656082961346133,0.6942864982812695,,,-172.03646383262057,366.07292766524114,403.1499459746455
2026-06-07T23:53:09,100,39,1000039,"ARX(1,1)",-171.31264432650812,364.62528865301624,401.70230696242055,True,0,0.0574080236133563,0.0008531397285403,0.9449811165258782,0.2551695824299629,0.0235917311046537,0.7444385158930907,0.3135101438248013,0.4213784500752799,0.1237788801604183,0.2280274918810637,0.746597122515421,,,-171.31264432095315,364.6252886419063,401.7023069513106
2026-06-07T23:55:18,100,40,1000040,"ARX(1,1)",-171.31233662015222,364.62467324030445,401.70169154970876,True,0,0.0574943999194349,0.0015530646210246,0.9448976809615288,0.2568041320949429,0.0236350082948679,0.7424794462799882,0.313559741999307,0.4232337482599814,0.123133064155125,0.2269522055946383,0.7485204044752298,,,-171.31233662049056,364.6246732409811,401.7016915503854
