timestamp,seed,draw,random_state,mean_type,loglik,AIC,BIC,success,status,param_p0,param_n0,param_rho_p,param_rho_n,param_phi_p_plus,param_phi_p_minus,param_phi_n_plus,param_phi_n_minus,param_sigma_p,param_sigma_n,param_c,param_rho_1,param_phi_1,param_rho_2,param_phi_2,stored_loglik,stored_AIC,stored_BIC
2026-06-01T21:15:02,1,1,10001,"ARX(2,2)",-165.81098163152865,361.6219632630573,412.18153368497224,True,0,0.7118999165300492,0.0002738258946757,0.8023133636243539,0.2347610244983222,0.2216516893364245,3.4967666237832393e-16,0.9444996773958384,0.5853110517909265,0.1659076551301778,0.6048741394132973,0.1130867136712124,0.2061919692953588,0.4437671689375277,0.151860237611023,0.1544963492836972,-165.81098163070496,361.6219632614099,412.18153368332486
2026-06-01T21:17:30,1,2,10002,"ARX(2,2)",-165.8777840098904,361.7555680197808,412.31513844169575,True,0,0.2797532095761317,0.0302785732636923,0.8708043492017982,0.2632385923566589,0.1659840514124713,1.1352989710182964e-16,0.8569858528421646,0.5687388699344279,0.1913605376572617,0.5581837317371626,0.0882869993734217,0.2072263617345667,0.3801225168282478,0.1545309264509263,0.2428259991523578,-165.87778400938498,361.75556801877,412.3151384406849
2026-06-01T21:21:51,1,3,10003,"ARX(2,2)",-165.73502759504794,361.4700551900959,412.0296256120108,True,0,0.5561981707818047,3.7813165075599205e-05,0.8328624408311012,0.2826944397443045,0.1693087670483424,5.946304456440293e-10,0.9705658930411616,0.4639691280970762,0.1735980493073671,0.5580314983890405,0.1047494940280096,0.2035410780756069,0.4496584726367494,0.1436176579171495,0.1717851176073033,-165.73502759459245,361.4700551891849,412.0296256110999
2026-06-01T21:25:07,1,4,10004,"ARX(2,2)",-165.72218114505154,361.4443622901031,412.003932712018,True,0,0.5320909722844441,4.141854365305234e-05,0.8340732369832573,0.2691643328209563,0.1699104036917843,7.511849056232179e-18,0.983052562325328,0.4785342856589415,0.177521001653264,0.5560415672175697,0.1076119496336354,0.2087595495670555,0.4604236790564565,0.1433533551479906,0.1530444676323044,-165.7221811450749,361.4443622901498,412.0039327120648
2026-06-01T21:28:41,1,5,10005,"ARX(2,2)",-165.7251805458863,361.4503610917726,412.00993151368755,True,0,0.5947278213002232,7.16528930174552e-05,0.8221720901812599,0.2672989226065733,0.1866007464209735,3.079098545898452e-12,0.9626741072664928,0.5025703300144042,0.1733844450981611,0.5763700563063074,0.1077532943367542,0.2052752395533776,0.4766304886292464,0.146053358169511,0.1372759283209253,-165.72518052403052,361.450361048061,412.009931469976
2026-06-01T21:31:23,1,6,10006,"ARX(2,2)",-165.71930185111245,361.4386037022249,411.99817412413984,True,0,0.5476450700529971,2.884463190282473e-05,0.8325221559100315,0.2699779156992324,0.171428967285264,7.450940939062303e-19,0.9704599574253292,0.4895246977504659,0.1757272129921409,0.5635209368767935,0.1067550960194562,0.2054848756927634,0.4747050923394645,0.1438933153247543,0.1431443961337742,-165.71930185033176,361.4386037006635,411.99817412257846
2026-06-01T21:33:07,1,7,10007,"ARX(2,2)",-165.73782857333066,361.4756571466613,412.03522756857626,True,0,0.5761173476760897,0.000153696462433,0.8247695359984681,0.2573521892667867,0.1867850724348493,1.635759546118967e-12,0.9467408742399068,0.5382205723962475,0.1738110227430609,0.5802041461629928,0.1070743812093657,0.20909568958393,0.4826181825624344,0.1474436409062718,0.1247093442599719,-165.73782857954683,361.47565715909366,412.0352275810086
2026-06-01T21:34:49,1,8,10008,"ARX(2,2)",-165.7656726437333,361.5313452874666,412.09091570938153,True,0,0.5736194606001134,0.0016201092647073,0.8274823947177097,0.2620526616343939,0.1826787674003146,1.3330771384022425e-13,0.9703694257417188,0.4986590868985799,0.1737701236786736,0.575294898408307,0.1087047206473269,0.2092413206123634,0.4638975252092131,0.1459802792001771,0.145814705420768,-165.76567264346434,361.5313452869287,412.0909157088436
2026-06-01T21:37:42,1,9,10009,"ARX(2,2)",-165.80203012243797,361.60406024487594,412.1636306667909,True,0,0.5838092718702846,0.0119221462317532,0.8258023282020005,0.3048273249923028,0.1759548474742173,2.3662068242603656e-13,0.9305611518170294,0.4366985695914794,0.1738369059592017,0.5812978157366055,0.1033346767529093,0.2048595388960254,0.4783441238266268,0.1436049276074323,0.1424532474801551,-165.80203012306663,361.60406024613326,412.1636306680482
2026-06-01T21:42:07,1,10,10010,"ARX(2,2)",-165.77555465917342,361.55110931834685,412.1106797402618,True,0,0.4806643279225195,2.134574108054092e-05,0.8441054727263682,0.3027971176696121,0.1512341749601927,5.084074893507573e-10,0.97281775764688,0.421549756798396,0.1821750350185219,0.5339678674452347,0.0999422259610105,0.2054524727160214,0.5025453541785704,0.1343669192273864,0.1342528467696582,-165.7755546590936,361.5511093181872,412.1106797401021
2026-06-01T21:43:48,1,11,10011,"ARX(2,2)",-165.77673381064903,361.55346762129807,412.113038043213,True,0,0.4465867655722116,2.176805361700288e-05,0.8540670651517235,0.2741133872741225,0.1442518527936556,1.1267005572777827e-07,1.0125030039602363,0.4392280997291671,0.182162754183469,0.5464466968265967,0.1049240448745239,0.2075040619857524,0.4657695495102965,0.1356676693235654,0.1624600319021361,-165.77673375191557,361.5534675038312,412.1130379257461
2026-06-01T21:45:45,1,12,10012,"ARX(2,2)",-165.73941698287308,361.47883396574616,412.0384043876611,True,0,0.5820025222334441,0.0002487682106294,0.8250148981540638,0.2442336932846973,0.1849160380852114,1.4911776246529149e-12,0.9800473882700108,0.5309391899552814,0.1733462083861273,0.5674315270890904,0.1080884216933127,0.209187422638681,0.4710152399750206,0.1447256325992422,0.1393444358661704,-165.73941697847624,361.4788339569525,412.0384043788674
2026-06-01T21:49:39,1,13,10013,"ARX(2,2)",-165.8413492721872,361.6826985443744,412.2422689662893,True,0,0.1341443205654994,0.0623530073942547,0.9046088996119224,0.3131105126034982,0.1150649690302217,3.9695964953375865e-10,0.8280766595977535,0.4716453487837125,0.2299703238336617,0.5225185834066168,0.070075108051419,0.204185026214488,0.3081600931775289,0.1658543518683428,0.3191248013447424,-165.84134928080994,361.6826985616199,412.2422689835348
2026-06-01T21:55:09,1,14,10014,"ARX(2,2)",-165.84084346838193,361.68168693676387,412.2412573586788,True,0,0.1337092823844407,0.0621556193711961,0.9050263889284428,0.3120794390948312,0.1147967135967033,5.52352327936897e-18,0.8330264083220743,0.4684287712720109,0.229521363802984,0.5250467302321521,0.0699830014690955,0.2027620889997023,0.3112441392441381,0.1641474545339658,0.3196655959997769,-165.84084346841996,361.6816869368399,412.24125735875486
2026-06-01T21:58:58,1,15,10015,"ARX(2,2)",-165.6776133053403,361.3552266106806,411.9147970325955,True,0,0.0760171347073598,0.0441202322224065,0.934336404781891,0.5899567529625164,0.013174471846563,0.0326499876210373,0.7731317576751707,1.3143050706042889e-21,0.2948192658229243,0.5941568297795041,0.1496953961337121,0.1354639983678052,0.3195926369624522,0.1448518929678947,0.3100647375837985,-165.67761330863704,361.35522661727407,411.914797039189
2026-06-01T22:01:38,1,16,10016,"ARX(2,2)",-165.9100191877933,361.8200383755866,412.37960879750153,True,0,0.292940091848041,0.0320753030149924,0.8687236248789687,0.2747640601321879,0.1630716911612135,0.0,0.8632345878273872,0.5363969358566386,0.1908167035269306,0.5538394798587387,0.085030970534361,0.202523013464513,0.4389891992101395,0.1501601714417204,0.1982596138901536,-165.91001918769672,361.82003837539344,412.3796087973084
2026-06-01T22:04:23,1,17,10017,"ARX(2,2)",-165.72374189520576,361.4474837904115,412.00705421232647,True,0,0.540716461313678,0.0012929303407399,0.8330119697394252,0.2717130715782324,0.1720263436442458,7.511085509895325e-13,0.9648408435441496,0.4890919745697332,0.1762186717534477,0.5600917299762053,0.1056132152280696,0.2088347525028992,0.4638778827260923,0.1452539448392864,0.1495854422063864,-165.72374189666192,361.44748379332384,412.0070542152388
2026-06-01T22:07:24,1,18,10018,"ARX(2,2)",-165.74579177891343,361.49158355782686,412.0511539797418,True,0,0.6028235731456952,4.078689938434238e-05,0.8213042489189183,0.2458242936918209,0.1920064208398655,3.8791796243545225e-19,0.9836381142335971,0.5246182311044011,0.1724052064734023,0.5925222886152791,0.1100368148855903,0.2053592519765436,0.4493760286466605,0.1462716526475936,0.1612869357860749,-165.7457917951447,361.4915835902894,412.05115401220434
2026-06-01T22:10:19,1,19,10019,"ARX(2,2)",-165.9365700823803,361.8731401647606,412.43271058667557,True,0,0.1407880990662514,0.049573538497598,0.911255423761136,0.2946092438945554,0.114608286858267,5.813235930335559e-19,0.8469855500116351,0.4982122401853569,0.20712232011403,0.5348417386603067,0.0638727213080254,0.2108235519572402,0.3081255486793721,0.1672805170618939,0.3237002388098761,-165.93657007934772,361.8731401586954,412.4327105806104
2026-06-01T22:11:52,1,20,10020,"ARX(2,2)",-165.68705699764217,361.37411399528435,411.9336844171993,True,0,0.078213336001593,0.0431279290848051,0.9319791292478004,0.5903000719071543,0.0127410278657985,0.0344418511279756,0.7735395913363351,6.267610492391544e-18,0.2966035093320832,0.5937086071708275,0.1519476082720047,0.1364152747977225,0.2999164520028329,0.147399963183539,0.3211242790342207,-165.68705699585814,361.3741139917163,411.9336844136312
2026-06-01T22:14:40,1,21,10021,"ARX(2,2)",-165.72475077705974,361.4495015541195,412.0090719760344,True,0,0.5272934619413968,3.3964345823852724e-05,0.8351638077309992,0.2718842817957093,0.1675196380747526,4.232198112435968e-18,0.9785665262708456,0.4775953314997021,0.1779652727208714,0.5542081981655386,0.1053208530565915,0.2065804250892079,0.4975750946284986,0.1404261939679316,0.1251687442877936,-165.72475077707006,361.4495015541401,412.0090719760551
2026-06-01T22:16:53,1,22,10022,"ARX(2,2)",-165.72159834740762,361.44319669481524,412.0027671167302,True,0,0.5780073734503184,1.4297278638282798e-05,0.8248232504630715,0.2648100023508488,0.1839837052371813,4.86291709087146e-12,0.9734229294123904,0.4969259655865954,0.1747897869665995,0.5726993970952343,0.1082569776920639,0.2074734123963681,0.4632477483843343,0.1440480857697885,0.1500232163743117,-165.7215983466108,361.4431966932216,412.0027671151365
2026-06-01T22:19:22,1,23,10023,"ARX(2,2)",-166.27032340701402,362.54064681402804,413.100217235943,True,0,1.3425796314741938,0.005506239522235,0.726959484062004,0.1951043946324054,0.3406648461210748,2.119375721149841e-13,0.8437307342067513,0.746392750839678,0.1421226618409172,0.7153008444384842,0.1271389632372603,0.1997986440698275,0.3786382949760167,0.1630782807154917,0.1881117813811063,-166.2703234236704,362.5406468473408,413.1002172692557
2026-06-01T22:20:53,1,24,10024,"ARX(2,2)",-165.73259617702303,361.46519235404605,412.024762775961,True,0,0.6111227226258156,0.000152014631487,0.8207659737022073,0.2589329106942011,0.1893787070833281,1.0063401494089107e-13,0.9624758851815391,0.5193137627346465,0.1714878807151674,0.5837304770993472,0.1104201575721168,0.2063309694448263,0.4624552914778641,0.1471345516065432,0.1454420047605167,-165.7325961786554,361.4651923573108,412.02476277922574
2026-06-01T22:22:38,1,25,10025,"ARX(2,2)",-165.7397881295391,361.4795762590782,412.03914668099316,True,0,0.6082785572465362,5.883833519733356e-06,0.8216213974381594,0.2536422789883683,0.1859979765919369,1.1943251252767742e-07,0.9979999807197032,0.4947022833441787,0.1724504806043559,0.5831199642518453,0.1108289305384325,0.2035134332104968,0.4890489737308124,0.1432014578008379,0.1278887386502138,-165.73978812961855,361.4795762592372,412.0391466811521
2026-06-01T22:25:57,1,26,10026,"ARX(2,2)",-165.3892522719878,360.7785045439756,411.33807496589054,True,0,0.0472652706109012,0.0392065036150832,0.9512465848823752,0.5727542111681052,0.0081011485129176,0.0321652497532071,0.8143835328865973,5.0625766939403044e-18,0.3094171528372674,0.6137876758186138,0.1708648207207152,0.1102820910807263,0.349734858356409,0.1322231689396896,0.3006350238923111,-165.38925226049088,360.77850452098176,411.3380749428967
2026-06-01T22:28:59,1,27,10027,"ARX(2,2)",-165.72072423279792,361.44144846559584,412.0010188875108,True,0,0.5813916063225112,2.645860613533428e-05,0.8254343808620017,0.2644262585660004,0.1823656702045967,4.024630118814026e-15,0.9740446818631734,0.4970456470237157,0.1738774530773481,0.5701060873877709,0.1085696036585671,0.2059889954525785,0.4717272572844201,0.1452219854181476,0.14146014851169,-165.72072423262352,361.4414484652471,412.001018887162
2026-06-01T22:30:16,1,28,10028,"ARX(2,2)",-166.80391721112073,363.60783442224147,414.1674048441564,True,0,2.0955647772225063,0.0498758990569533,1.6517130247713917e-06,0.6077108080380456,2.910823005297486e-07,0.3206497958042067,0.7402934841044416,0.0062976124985274,0.2512314969514217,0.4310068520508125,0.0976727162162169,0.2213409136172322,0.509965938224523,0.0462670651908665,0.1928749802475287,-166.803917199351,363.607834398702,414.1674048206169
2026-06-01T22:32:23,1,29,10029,"ARX(2,2)",-165.84076478572237,361.68152957144474,412.2410999933597,True,0,0.1330553121078264,0.0622222850040928,0.9052334540357384,0.3131770271046455,0.1145185220064574,2.1936208118043963e-08,0.8331458989742679,0.4660998637208478,0.2296187330620515,0.5253719686669938,0.0695840760689238,0.2023302977537604,0.3088119727644445,0.1644571496624466,0.3224792294113751,-165.84076478427914,361.6815295685583,412.2410999904732
2026-06-01T22:34:37,1,30,10030,"ARX(2,2)",-165.72720192238268,361.45440384476535,412.0139742666803,True,0,0.5496626000415226,0.0004679799382078,0.8303628836301896,0.2808729019440739,0.1747666315227838,3.4561265293959506e-13,0.9662322507667784,0.4710476251079395,0.1765795447000968,0.5687542260675099,0.1069482346415435,0.2064167016471836,0.4573247222003844,0.1477996158699253,0.1540415596281875,-165.72720192267406,361.4544038453481,412.0139742672631
2026-06-01T22:37:18,1,31,10031,"ARX(2,2)",-165.72162629431762,361.44325258863523,412.0028230105502,True,0,0.5560696774151969,0.0014014998108703,0.8301093830351697,0.2675920662905094,0.1760135321690966,8.620114863482938e-17,0.9771028044639436,0.4848446174704994,0.1754716926446241,0.5689305593793389,0.1072437369388747,0.2062822785886901,0.4745326912641316,0.143132381903339,0.1424880842815124,-165.72162629452234,361.4432525890447,412.0028230109596
2026-06-01T22:40:30,1,32,10032,"ARX(2,2)",-165.78485470053107,361.56970940106214,412.1292798229771,True,0,0.7057140669288057,1.5773431296655094e-05,0.8031855285542762,0.2460215518962449,0.2124048601843261,4.461028133087589e-15,0.9554776393370956,0.5524417167992685,0.1672160436003429,0.5946680496760484,0.113091467817423,0.2032250322244874,0.4747196354480349,0.1499531665949746,0.1289774426682918,-165.78485470049728,361.56970940099455,412.1292798229095
2026-06-01T22:43:06,1,33,10033,"ARX(2,2)",-165.73230075120046,361.4646015024009,412.02417192431585,True,0,0.5442804351362971,0.0004776190273484,0.8315522025124019,0.2752361110213477,0.1759572133796507,1.6724941755969492e-12,0.9739848277332784,0.4745172054695392,0.1770260832979965,0.5808193792766438,0.1085226222195633,0.2065292949336314,0.446412353610906,0.1428448510208999,0.1695765091117621,-165.73230074914733,361.46460149829466,412.0241719202096
2026-06-01T22:44:33,1,34,10034,"ARX(2,2)",-165.73365031982468,361.46730063964935,412.0268710615643,True,0,0.5739202655935527,1.4964556185357543e-05,0.8247134074370184,0.2781726996641432,0.1855289833269976,9.80091074175799e-18,0.9657668935996828,0.4778552461560918,0.1756713911277054,0.584353380507136,0.1073656933258603,0.208235602087468,0.4907627794467462,0.1421194192729488,0.1258494270082831,-165.7336503198507,361.4673006397014,412.0268710616164
2026-06-01T22:49:00,1,35,10035,"ARX(2,2)",-165.72402391035754,361.4480478207151,412.00761824263003,True,0,0.5626508587662994,3.663963026228833e-05,0.8288703519716809,0.2703509834935524,0.1783715753524301,5.15258332435898e-13,0.9549742915888904,0.5042464244796341,0.1744060969030814,0.564433491896947,0.1071587348844358,0.2095509367380908,0.4492463917662982,0.1467564840435765,0.1589435678791778,-165.72402391006733,361.44804782013466,412.0076182420496
2026-06-01T22:50:34,1,36,10036,"ARX(2,2)",-165.47177603029192,360.94355206058384,411.5031224824988,True,0,0.0716288199612598,0.0495857651121591,0.9370390291900268,0.5719237154846476,1.0121378919844349e-18,0.0253491637051874,0.8116884943827243,6.300998709240991e-19,0.3375220849279212,0.5445712448104447,0.1530057924903873,0.1829678687407201,0.3217807162579841,0.0753892829870024,0.3302963810285604,-165.47177603029633,360.9435520605927,411.5031224825076
2026-06-01T22:53:07,1,37,10037,"ARX(2,2)",-165.84074832478785,361.6814966495757,412.24106707149065,True,0,0.1332898970024769,0.0621918581627633,0.9051354884227673,0.3128118794863017,0.114645181638592,3.4655129009772106e-15,0.8326966989105267,0.4673373372694247,0.2296201903837535,0.525372748444034,0.0696717212554153,0.2024015499941661,0.3099308203670031,0.1644749145786026,0.3212147853024185,-165.84074831846596,361.6814966369319,412.24106705884685
2026-06-01T22:56:21,1,38,10038,"ARX(2,2)",-165.7239675446732,361.4479350893464,412.00750551126134,True,0,0.5925589156608342,2.700131604899925e-05,0.8228377934190322,0.2671125175173497,0.1848134765322286,1.9451533922382453e-13,0.9707958426239895,0.494921070343821,0.1735083233591023,0.5713633805194427,0.1084546046877844,0.2069383177197747,0.4838252327708516,0.1442643569046608,0.1295537876114454,-165.7239675445549,361.4479350891098,412.0075055110248
2026-06-01T23:00:18,1,39,10039,"ARX(2,2)",-165.7195621053288,361.4391242106576,411.99869463257255,True,0,0.5657451892590765,0.0004612294954839,0.8281946019440409,0.2672281630778559,0.1787435090283856,1.3656457070760013e-12,0.9731882059532458,0.4913647722466684,0.1748431928486085,0.5705523676810705,0.1076946681706076,0.2071319710456517,0.4728704652749005,0.1440761285925918,0.1416925915750782,-165.7195621052773,361.4391242105546,411.9986946324696
2026-06-01T23:03:09,1,40,10040,"ARX(2,2)",-165.8607770919537,361.7215541839074,412.28112460582236,True,0,0.5711726735542357,0.0034809343377993,0.8279459472220726,0.3236973523605528,0.1752755934960191,3.4205276953445905e-17,0.9530676231888412,0.3928548648228783,0.1746334188982315,0.5596302335071662,0.1079980581594685,0.2045483526238275,0.4317220624651675,0.1424664812737906,0.1861360747499812,-165.8607771140965,361.721554228193,412.2811246501079
2026-06-01T21:17:16,2,1,20001,"ARX(2,2)",-165.72133531865381,361.44267063730763,412.00224105922257,True,0,0.5466971248752842,6.330410748581616e-05,0.8316831722182664,0.2758170412297758,0.1723737325012623,7.613511068387972e-13,0.9676881088919376,0.4805491368565795,0.1760374067641447,0.557865052104915,0.1057429775149277,0.2071463016640512,0.4861837490581449,0.1422460277417133,0.1323560809062704,-165.72133531822874,361.4426706364575,412.0022410583724
2026-06-01T21:18:55,2,2,20002,"ARX(2,2)",-165.73684854857248,361.47369709714496,412.0332675190599,True,0,0.5296437688623119,0.0006926920565672,0.8374225328955986,0.2815491005197548,0.1675911825802331,2.2778287682249662e-10,0.9544844188437376,0.4809733196751418,0.1750775797016714,0.5656230601860468,0.105955442252154,0.2072977658451579,0.4323724588787884,0.1488459709295167,0.1780436864191146,-165.7368485489314,361.4736970978628,412.0332675197777
2026-06-01T21:23:10,2,3,20003,"ARX(2,2)",-166.97633383160144,363.9526676632029,414.5122380851178,True,0,1.3963375022974602,0.0762089538955383,0.0257815586761815,0.6339973598413902,0.0519419464800195,0.2474163925636355,0.6581453088362119,7.3226034983925315e-19,0.2981053921737656,0.5020850361986138,0.1224840986132152,0.2075573346264832,0.0288391085834038,0.0911862309977282,0.6027734301072731,-166.97633383149872,363.95266766299744,414.5122380849124
2026-06-01T21:26:57,2,4,20004,"ARX(2,2)",-165.7292831695902,361.4585663391804,412.0181367610953,True,0,0.5258356086310164,0.0001389698749585,0.8373715978925353,0.2828719084117181,0.1635057008774665,2.0126610186670598e-13,0.97647870135701,0.457499551477076,0.1766227847030968,0.5498264059934546,0.1047460799790551,0.206135350326605,0.4723988615486161,0.1422346086540682,0.149072443097053,-165.72928317112968,361.45856634225936,412.0181367641743
2026-06-01T21:31:33,2,5,20005,"ARX(2,2)",-165.73600827497435,361.4720165499487,412.03158697186365,True,0,0.6001296454442604,1.3154468745812554e-05,0.8218980322327263,0.2559871316990469,0.1898649671517281,1.2267462821591571e-14,0.949607680275652,0.538388577751015,0.1718931307640084,0.5764951803834006,0.1086936544369957,0.2088841354392864,0.4522193537891218,0.1497541273391857,0.150959627183816,-165.73600827437053,361.47201654874107,412.031586970656
2026-06-01T21:34:17,2,6,20006,"ARX(2,2)",-165.72030554369357,361.44061108738714,412.0001815093021,True,0,0.5704001199731257,2.6329877246380557e-05,0.8274793531922279,0.2639333352030518,0.1800598230275134,3.6118878324079753e-12,0.9702451341391372,0.5018310099267095,0.1742537050433406,0.57086163512728,0.108468046624968,0.2073227765354884,0.4584872269011745,0.1464096953866072,0.1517977822995583,-165.7203055414026,361.4406110828052,412.00018150472016
2026-06-01T21:36:38,2,7,20007,"ARX(2,2)",-165.75277374185748,361.50554748371496,412.0651179056299,True,0,0.6503377867955161,0.0001994073948095,0.812658988916144,0.2536409800299379,0.2032819119658504,1.0500620756526338e-12,0.96168998522128,0.5305588506327287,0.169722373798956,0.5908699117246538,0.1118479364503858,0.2068657958364745,0.4677057145250592,0.1494007526297782,0.1360196695891151,-165.75277374127108,361.50554748254217,412.0651179044571
2026-06-01T21:38:49,2,8,20008,"ARX(2,2)",-165.76569793776633,361.53139587553267,412.0909662974476,True,0,0.4790994024499982,6.34050919769362e-05,0.8432364156697536,0.2942875303052443,0.1599643444829277,7.237519270994599e-10,0.9706149887117992,0.4406883887249278,0.1813723399569321,0.5409521152740023,0.1010588280918802,0.2175983589953985,0.4625930518061746,0.139855901911803,0.1527176304964884,-165.7656979243548,361.5313958487096,412.09096627062456
2026-06-01T21:41:04,2,9,20009,"ARX(2,2)",-165.7243333344946,361.4486666689892,412.0082370909041,True,0,0.5204170757266119,3.7357187065114695e-05,0.837204697272088,0.2712607845159303,0.1662569474828608,1.0558096260877996e-09,0.9922685633227298,0.4651333888308067,0.177887401663419,0.5615508314690184,0.1053237372289328,0.2069972958516298,0.4873968462343521,0.1391082234562578,0.1366733682529455,-165.7243333346118,361.4486666692236,412.00823709113854
2026-06-01T21:44:57,2,10,20010,"ARX(2,2)",-165.94354200496878,361.88708400993755,412.4466544318525,True,0,0.0927144435080014,0.0424190598462659,0.9247500958607446,0.3071311441098163,0.1015013052109521,0.0002335035483585,0.7934155534374722,0.5365788303174757,0.2258114414844219,0.5434806990583343,0.0433262302120456,0.2213141447486805,0.3040601013758041,0.1729746671311403,0.3361719078095068,-165.94354298750923,361.88708597501846,412.4466563969334
2026-06-01T21:46:49,2,11,20011,"ARX(2,2)",-165.72364482785753,361.44728965571505,412.00686007763,True,0,0.5843564582628737,2.43554839207416e-05,0.825697942125123,0.2619517829851379,0.1806035849282665,2.205914118918118e-12,0.988366966890559,0.4876768914143362,0.1734262348035167,0.571451989185404,0.1090243638380107,0.2059741410596801,0.469492115371067,0.143135913473583,0.1459637512132464,-165.7236448274152,361.4472896548304,412.0068600767453
2026-06-01T21:50:58,2,12,20012,"ARX(2,2)",-165.77245332675813,361.54490665351625,412.1044770754312,True,0,0.5417297887717973,0.0086287251722392,0.8330903862740696,0.3005607258063372,0.1692058480449514,8.968729301122354e-13,0.9398911354096996,0.4417168629577277,0.1767081405567726,0.574318295642985,0.1036487891834656,0.2066975013859368,0.4771455471367161,0.1433929519747682,0.1426448492389684,-165.77245318899924,361.5449063779985,412.1044767999134
2026-06-01T21:54:41,2,13,20013,"ARX(2,2)",-165.72960049280368,361.45920098560737,412.0187714075223,True,0,0.5807933161336544,1.3241121325289348e-05,0.8264055823959786,0.265983859609806,0.1828832746515816,1.6956372962773726e-09,0.9585875828323188,0.5094155669473276,0.1729363611800517,0.5780211981578802,0.1101391145994524,0.2058605855926129,0.4356833139402677,0.1496964089009786,0.1697204210111535,-165.72960049197033,361.4592009839407,412.0187714058556
2026-06-01T21:57:36,2,14,20014,"ARX(2,2)",-165.77164249215195,361.5432849843039,412.10285540621885,True,0,0.5572984104614098,1.1013835414616672e-05,0.8275157720073347,0.2692349839407594,0.1729464498569998,3.496685339484277e-09,1.0136201920871644,0.4478881969155598,0.1786660117724475,0.5525802430487109,0.1061466986770909,0.2010651112729213,0.5643074344320707,0.1337402434595968,0.0724964640741879,-165.7716424760742,361.5432849521484,412.1028553740633
2026-06-01T21:59:10,2,15,20015,"ARX(2,2)",-165.80876138763793,361.61752277527586,412.1770931971908,True,0,0.740394797694999,2.7605193865550123e-05,0.7989375255255166,0.2554373046347973,0.2142537310361876,6.6956203603394655e-21,0.9857620119223376,0.5032984296129543,0.1658146038032655,0.585818629349195,0.1151575305303582,0.2024248963244941,0.4576034295926164,0.1476166931752335,0.1485067080444821,-165.80876158771474,361.6175231754295,412.1770935973444
2026-06-01T22:04:13,2,16,20016,"ARX(2,2)",-165.72051968993333,361.44103937986665,412.0006098017816,True,0,0.5346000933877676,7.767678662655707e-05,0.834129549008903,0.2745940269426827,0.170041195565241,3.4642607327783503e-09,0.9729476111497188,0.4777065426836515,0.1768765849457455,0.5593031581902053,0.1064098269319254,0.207978719082964,0.465149270238276,0.143082674061196,0.1508821788744494,-165.72051968979665,361.4410393795933,412.0006098015082
2026-06-01T22:06:39,2,17,20017,"ARX(2,2)",-165.74486135051475,361.4897227010295,412.04929312294445,True,0,0.5409605440704293,0.0059657725124872,0.8341474936506239,0.2864495941421797,0.169959697817603,1.4951141641180933e-14,0.9469869241959098,0.4687473335732925,0.1754674873282241,0.5681205202299042,0.1061124435609303,0.2077559669205597,0.4594587833329576,0.1448616732533909,0.1545823351325626,-165.74486129793843,361.48972259587686,412.0492930177918
2026-06-01T22:09:07,2,18,20018,"ARX(2,2)",-165.8918558136367,361.7837116272734,412.34328204918836,True,0,0.2950143849894458,0.0302438075724609,0.8675165709277969,0.2488684741909876,0.169021566318723,2.2671809570925198e-07,0.8702339778526832,0.5856216908550421,0.1896562122815961,0.5518643312482762,0.0896732527281876,0.2097454099084799,0.3775014091307535,0.1504161195572038,0.2460081360340058,-165.8918557471502,361.7837114943004,412.34328191621535
2026-06-01T22:12:13,2,19,20019,"ARX(2,2)",-165.72145763112218,361.44291526224436,412.0024856841593,True,0,0.5490530027609118,0.0011450344596825,0.8318209381794334,0.2700903833849851,0.173825549201628,0.0,0.9696002140718816,0.487802091033417,0.1754911246087934,0.5692753108118878,0.1075731886997226,0.2070013080292196,0.4617767933778045,0.1452989151067833,0.1510976880454328,-165.72145763296598,361.442915265932,412.0024856878469
2026-06-01T22:16:15,2,20,20020,"ARX(2,2)",-165.85199820099234,361.7039964019847,412.2635668238996,True,0,0.1396186423651728,0.0647675033040115,0.9029480283214634,0.3071293341400898,0.1168619145265723,9.89188717066874e-09,0.8297025219382343,0.4765655366859763,0.2264377839788392,0.5204031496529968,0.0742542133150986,0.2039681503426017,0.27641135096061,0.167708638431793,0.3425060121277742,-165.85199818865306,361.7039963773061,412.26356679922105
2026-06-01T22:18:30,2,21,20021,"ARX(2,2)",-165.71855977098892,361.43711954197784,411.9966899638928,True,0,0.5656024400791406,3.2863174648070054e-05,0.8287191434564172,0.2673885402361058,0.1783084572305281,3.535185316341734e-11,0.9728096596643736,0.4923429746129326,0.1743948397008894,0.5685542275342275,0.1079058295766473,0.2069216719433693,0.4661150099578018,0.1447078284296035,0.147435684847145,-165.71855977175505,361.4371195435101,411.99668996542505
2026-06-01T22:19:50,2,22,20022,"ARX(2,2)",-165.67749036020484,361.3549807204097,411.9145511423246,True,0,0.0770510235615992,0.0440591966482654,0.9339527397481014,0.5930000770299647,0.0138134147243809,0.0324134197690175,0.7667670280197495,0.0,0.2928136305062098,0.5941612075810146,0.1482288061978373,0.1378118695892262,0.3148228297150812,0.1452347911757808,0.313480296643824,-165.67749035876096,361.3549807175219,411.91455113943687
2026-06-01T22:22:17,2,23,20023,"ARX(2,2)",-165.67728560718274,361.3545712143655,411.9141416362804,True,0,0.0770279733470833,0.0444393162752411,0.934048719514225,0.5900226460110036,0.0134585755444518,0.0325545222486394,0.7726315784926903,2.742043443718599e-19,0.2925999122718947,0.5944219518313051,0.1496756585587769,0.1361900995504773,0.3167365639964993,0.1445522218717531,0.3121497545619756,-165.67728560733417,361.35457121466834,411.9141416365833
2026-06-01T22:24:24,2,24,20024,"ARX(2,2)",-166.01624768951035,362.0324953790207,412.59206580093564,True,0,0.3629190470943855,0.0003734090136622,0.8696063148117404,0.339108192313593,0.1219296053288789,2.061221792580832e-18,0.959756226959301,0.3613940832966585,0.1924407169240812,0.5261031117843433,0.0858979796636309,0.2181738940755389,0.565162133187397,0.1272320751375103,0.0855831142828789,-166.01624768939917,362.03249537879833,412.59206580071327
2026-06-01T22:31:03,2,25,20025,"ARX(2,2)",-165.78545757809889,361.57091515619777,412.1304855781127,True,0,0.5549975065032701,0.0063103605779986,0.8316296232179565,0.3090261247917942,0.1684668633460107,1.2188692264051958e-10,0.9411019497941228,0.428404605780655,0.1753423667555235,0.564730543464898,0.104702083013409,0.2031544534848155,0.4663702931610488,0.1450149879077071,0.1537396461457964,-165.78545756277268,361.57091512554535,412.1304855474603
2026-06-01T22:33:53,2,26,20026,"ARX(2,2)",-165.72149491123298,361.44298982246596,412.0025602443809,True,0,0.5706357316029832,0.0002079843120068,0.8266999007260087,0.2629602696411097,0.1811883367681487,7.969378656440807e-08,0.9777584305016096,0.4958682587896788,0.1749512639042955,0.5676955349367586,0.1083007797347459,0.208700955131707,0.4588729213030003,0.1450383115913635,0.1524969446185804,-165.72149484251366,361.4429896850273,412.0025601069423
2026-06-01T22:35:48,2,27,20027,"ARX(2,2)",-165.71983419466278,361.43966838932556,411.9992388112405,True,0,0.5738141301405664,2.6043870966817542e-05,0.8267354168639032,0.2647419206545881,0.1804804825573779,4.257932345752409e-13,0.9703978522426676,0.5000618158985585,0.1742244125114026,0.5720625985239324,0.1077360932016977,0.2062654095259104,0.4704675940626279,0.1447723912789423,0.1436139760388395,-165.71983419439593,361.4396683887919,411.9992388107068
2026-06-01T22:38:58,2,28,20028,"ARX(2,2)",-165.79811361068556,361.5962272213711,412.15579764328606,True,0,0.6963712568409343,2.0639615157503733e-05,0.808369612961772,0.2423775744275209,0.2135060909310583,1.5026046726085477e-13,0.9487739730322609,0.5664183118774496,0.1643902687535803,0.6058639303605752,0.1136865370659549,0.2068089766215234,0.4257229631826845,0.1521988149899511,0.1704469327567374,-165.7981136106531,361.5962272213062,412.1557976432212
2026-06-01T22:41:11,2,29,20029,"ARX(2,2)",-165.8470828774049,361.6941657548098,412.2537361767247,True,0,0.1386597041654261,0.0632426281818802,0.9037294752314404,0.3086885314754776,0.1168562584880998,2.0812571787871373e-08,0.8271952506777203,0.4792871792163113,0.2265383539049117,0.5296372364089101,0.0730462136175434,0.2033075778521728,0.3130549682875628,0.1629404745349501,0.3151018051366215,-165.84708288373443,361.69416576746886,412.2537361893838
2026-06-01T22:43:32,2,30,20030,"ARX(2,2)",-165.71997666331546,361.4399533266309,411.99952374854587,True,0,0.5698936834252157,6.37028122307188e-05,0.8271133903510868,0.2648412417224136,0.1799563599296268,2.381704126126024e-05,0.9756706993534964,0.4945103322705736,0.1748187715817791,0.572362245233449,0.1077216017487558,0.2065675133047224,0.4756887286363705,0.144702504794859,0.1386402348830895,-165.7199767489435,361.439953497887,411.999523919802
2026-06-01T22:47:15,2,31,20031,"ARX(2,2)",-165.72440229675857,361.44880459351714,412.0083750154321,True,0,0.5538183758256531,1.833823223331808e-05,0.8312067005543102,0.2761497389954198,0.1751139942077432,1.1366442071501223e-08,0.9581719247191908,0.4894897095772004,0.1747926249698407,0.5669409936744907,0.107680993362026,0.209418885979338,0.4456553407701198,0.1465405230719137,0.1629499371005826,-165.72440229649374,361.4488045929874,412.0083750149024
2026-06-01T22:49:15,2,32,20032,"ARX(2,2)",-165.87809554076645,361.7561910815329,412.31576150344785,True,0,0.2843257368991487,0.0335144918662449,0.870762640097974,0.2607889257061297,0.1628409629702832,0.0,0.8757001752055396,0.5515934050312487,0.1910704292015265,0.5477618744941535,0.0888680540051583,0.2049340468214366,0.3796651305402106,0.1524256976091205,0.2476348705347149,-165.87809554183983,361.7561910836797,412.31576150559465
2026-06-01T22:52:39,2,33,20033,"ARX(2,2)",-165.87660534734425,361.7532106946885,412.31278111660345,True,0,0.1208900853945451,0.0584624933332121,0.9096422407543604,0.3449909287361913,0.103819517391369,0.0025825371104585,0.8285836172117629,0.4123642845689256,0.2369219400139202,0.5262960000391574,0.0645325343760813,0.2061356853891365,0.3176298678044674,0.1547738795077949,0.3267792426569811,-165.8766055157859,361.7532110315718,412.3127814534868
2026-06-01T22:54:48,2,34,20034,"ARX(2,2)",-165.72505876660773,361.45011753321546,412.0096879551304,True,0,0.5895085112052008,3.3168466909456775e-05,0.8237894621508939,0.2586192668869798,0.1857027307627846,7.273485780940316e-13,0.969142609820855,0.5135445009492396,0.1730900050247652,0.5733531066854508,0.10848811177548,0.2072254613987656,0.4753199464445186,0.1452853362146135,0.1364750553128112,-165.72505876749824,361.4501175349965,412.0096879569114
2026-06-01T23:00:07,2,35,20035,"ARX(2,2)",-165.78176946630117,361.56353893260234,412.1231093545173,True,0,0.5618316163586022,0.0002019053637191,0.824310139206992,0.2571964689044101,0.1870275695685331,4.533064731533778e-08,0.9503301114051436,0.5348373265058811,0.1768946272931493,0.569397802789616,0.1039846091623171,0.2114980692773667,0.5472154427267621,0.1421813316246366,0.0674682223423078,-165.78176946599115,361.5635389319823,412.1231093538972
2026-06-01T23:05:20,2,36,20036,"ARX(2,2)",-165.74194236576562,361.48388473153125,412.0434551534462,True,0,0.49381656451642,2.3457265300969387e-05,0.8419978327110004,0.2779620317353946,0.1585359520211581,1.1682092377288113e-07,0.9851950970662214,0.4588342182596474,0.1803157961886049,0.5614600774101871,0.10166390830111,0.2040431395343198,0.5133718482252052,0.1393823651522132,0.118153910920316,-165.7419423658365,361.483884731673,412.043455153588
2026-06-01T23:07:35,2,37,20037,"ARX(2,2)",-165.84085376597324,361.6817075319465,412.2412779538614,True,0,0.1331708869478861,0.0622434450550421,0.9052677092278688,0.3122836446250566,0.1143321569471639,1.1460143286654476e-15,0.8334975581302825,0.4677409600862786,0.2297034112371425,0.5242542064462551,0.0697323883049299,0.202364939386823,0.3123922701152914,0.1641857057536621,0.3191885762386227,-165.8408537659138,361.6817075318276,412.24127795374255
2026-06-01T23:10:15,2,38,20038,"ARX(2,2)",-165.72079368547713,361.44158737095427,412.0011577928692,True,0,0.5569127179538416,0.0011236774322093,0.8301284089337784,0.2691442650305892,0.1754548849804619,5.934691306647723e-07,0.9735098154096204,0.4858557555394734,0.1752259724393163,0.5677631489880821,0.1071312898094375,0.2072143497170459,0.4668399495691239,0.1436989035435568,0.148412481637797,-165.72079368686133,361.44158737372265,412.0011577956376
2026-06-01T23:12:40,2,39,20039,"ARX(2,2)",-165.71909766730968,361.43819533461937,411.9977657565343,True,0,0.5672358201447721,0.0001487717935436,0.827761135479618,0.2661274698589707,0.1795653672125231,1.0179691588692113e-12,0.9735580309418138,0.4938634690468053,0.1748657947145463,0.5707426400744644,0.1075020090525319,0.2073835914668971,0.4743415704193646,0.1439102197055393,0.1403594162957208,-165.7190976659781,361.4381953319562,411.9977657538712
2026-06-01T23:14:42,2,40,20040,"ARX(2,2)",-165.8415774530526,361.6831549061052,412.24272532802013,True,0,0.1344129450896472,0.0632252594655647,0.9049470337969668,0.313978005827987,0.1144683511345782,5.655992439721427e-19,0.8329834070573852,0.4631533563420175,0.229354713511548,0.5282830286226505,0.0693439140704981,0.2022407942854421,0.3150881118173878,0.1640709346882984,0.316931251342795,-165.84157745325075,361.6831549065015,412.2427253284165
2026-06-01T21:03:08,3,1,30001,"ARX(2,2)",-165.67727431738444,361.3545486347689,411.91411905668383,True,0,0.0767645931594042,0.0442815425869618,0.934161169281812,0.5903008632139692,0.0135830563692229,0.032379570465641,0.7722949935288312,5.570337501420326e-17,0.2929892154659809,0.5941402841959154,0.1487548604110231,0.1362613427447837,0.3196964140723625,0.1448243994738363,0.310105560931884,-165.67727431704918,361.3545486340984,411.9141190560133
2026-06-01T21:06:39,3,2,30002,"ARX(2,2)",-165.84073802364833,361.68147604729666,412.2410464692116,True,0,0.1330001923571117,0.0621540712689227,0.9052074116735688,0.312634544068597,0.1145858818860827,8.724096769659177e-19,0.8322310555774188,0.4682170741754971,0.2297228911644882,0.5252494025767088,0.0696141809135542,0.2025769857750695,0.3089736406325984,0.1645740662939713,0.3218973791450545,-165.840738023634,361.681476047268,412.24104646918295
2026-06-01T21:08:45,3,3,30003,"ARX(2,2)",-165.73817724191662,361.47635448383323,412.0359249057482,True,0,0.5731872059249615,0.0001040002915959,0.8258000154396442,0.2459741936365358,0.1849336864184472,1.1955584626652888e-10,0.9973728679708344,0.5104466916107104,0.1747017810596996,0.5770952248250494,0.1059917628649611,0.2065560269503624,0.4809894175215655,0.1428621010557779,0.1382788540135458,-165.73817724254246,361.4763544850849,412.0359249069999
2026-06-01T21:12:15,3,4,30004,"ARX(2,2)",-165.8899419476129,361.7798838952258,412.33945431714073,True,0,0.1491255728269839,0.0626980521389018,0.8985039784447185,0.3307626826780334,0.1240986880675143,3.517361596562908e-07,0.825864631864027,0.4355996713370648,0.2261342550678127,0.5430245966466314,0.0751400621177241,0.195192621585051,0.300386911901725,0.1640005306809857,0.3307181776214639,-165.88994199214585,361.7798839842917,412.3394544062066
2026-06-01T21:14:02,3,5,30005,"ARX(2,2)",-165.72050863518226,361.4410172703645,412.00058769227945,True,0,0.5645639236528767,2.112012815555034e-05,0.8282114147042188,0.2678605953923439,0.1780782694702551,3.831228211237963e-13,0.977886387248086,0.4863479683948374,0.1750464767357252,0.5635460722217173,0.1067908666733951,0.2049508222220517,0.4910091073426292,0.1430650418307658,0.1284466556331838,-165.7205086361885,361.441017272377,412.000587694292
2026-06-01T21:16:21,3,6,30006,"ARX(2,2)",-165.83018722990684,361.6603744598137,412.2199448817286,True,0,0.7377458498313952,2.439276848826801e-05,0.7968158769170076,0.2443916774701601,0.2232321724587765,5.145181304047531e-13,0.9606648802519688,0.5504919554602495,0.1663466131369946,0.6070973525726627,0.1112316186657449,0.1976049847000575,0.5260819840654443,0.1461537646166849,0.0913876429559677,-165.83018723007933,361.66037446015866,412.2199448820736
2026-06-01T21:18:40,3,7,30007,"ARX(2,2)",-165.7201724678768,361.4403449357536,411.99991535766856,True,0,0.5406182290988858,1.653222758541196e-05,0.8334619726178907,0.2743427242789489,0.1698959393534908,8.104534709207932e-08,0.978912286588866,0.4723686532648629,0.176361039591781,0.5590483723708863,0.106179656388205,0.2066584905660908,0.4707432081954297,0.1413734072211502,0.1488762900323304,-165.7201724670848,361.4403449341696,411.99991535608456
2026-06-01T21:21:19,3,8,30008,"ARX(2,2)",-165.8597766853201,361.7195533706402,412.27912379255514,True,0,0.6825037008461765,0.0055971483057417,0.8084278722895765,0.2288280276700233,0.2131829268370324,6.9089895950524415e-25,0.9226482021490136,0.5967038200292867,0.1661636333873736,0.589890749927197,0.1114666155915378,0.2136528666424999,0.4353586564471561,0.1514899746756329,0.155858643729402,-165.85977685042252,361.719553700845,412.27912412276
2026-06-01T21:25:48,3,9,30009,"ARX(2,2)",-166.09921243817658,362.19842487635316,412.7579952982681,True,0,0.1366215420721819,0.0675979651469299,0.9009789996586628,0.2801269502030956,0.1246920181716639,0.0,0.8390630746974558,0.5195005565887331,0.2255564919170524,0.513193522103892,0.0737136524873894,0.206429296551468,0.1298878284264027,0.1738618168203586,0.4759063847086714,-166.0992125244394,362.1984250488788,412.7579954707937
2026-06-01T21:28:25,3,10,30010,"ARX(2,2)",-165.73799443072227,361.47598886144453,412.0355592833595,True,0,0.5317517679154519,4.135969723711717e-05,0.8341279133396833,0.2817728458933142,0.1672458789938413,9.249827198316209e-22,0.9805418910929642,0.4558302268770027,0.1779228430733896,0.5617765919312676,0.1021419640693036,0.2043123049758729,0.5254246864459308,0.1391831017347057,0.1052606058737845,-165.73799443077553,361.4759888615511,412.035559283466
2026-06-01T21:31:22,3,11,30011,"ARX(2,2)",-165.84115043199293,361.68230086398586,412.2418712859008,True,0,0.1329258148944862,0.0619618814820241,0.9053781993035732,0.3135356995816532,0.1142472329497643,9.825067026314013e-20,0.8356323748821034,0.4632097672918997,0.2297869183919684,0.5271789965499951,0.0691937649110553,0.2021137138501134,0.3148597783857751,0.1637283253995018,0.3182184687265619,-165.84115043189632,361.6823008637927,412.2418712857076
2026-06-01T21:33:46,3,12,30012,"ARX(2,2)",-165.76106770659774,361.5221354131955,412.0817058351104,True,0,0.5709732987395382,9.192199888650724e-05,0.8282340340872626,0.2575984569509746,0.1868661251279599,1.5244944198501126e-07,0.934424679723374,0.5501648429884493,0.1719090413824988,0.5787135164796859,0.1099344821792926,0.2119741172731614,0.4009180144796817,0.1531980183715553,0.1928895633091508,-165.7610677067642,361.5221354135284,412.08170583544336
2026-06-01T21:35:58,3,13,30013,"ARX(2,2)",-166.03631644347078,362.07263288694156,412.6322033088565,True,0,0.1396501335636869,0.0667149801047862,0.90173466096055,0.2716550456012068,0.1207474382303065,3.727440648736209e-10,0.9293422735598532,0.4529720035080213,0.2303492878810625,0.5596277114444509,0.0729502624961448,0.2022846230759509,0.2363221443560951,0.149236037022929,0.4075692681783364,-166.03631642940513,362.0726328588103,412.6322032807252
2026-06-01T21:38:00,3,14,30014,"ARX(2,2)",-165.91810364141224,361.8362072828245,412.39577770473943,True,0,0.5801140256815065,0.000977950884597,0.8306868701004055,0.2525554092662013,0.1952651425704357,1.5464859653029775e-09,0.8717835032683168,0.6206633630318369,0.164617654561315,0.5819895326635945,0.1132971418158152,0.2243948214026531,0.3317720302459538,0.1692990314311806,0.2241614174161617,-165.91810317487153,361.8362063497431,412.395776771658
2026-06-01T21:40:58,3,15,30015,"ARX(2,2)",-165.7279522154293,361.4559044308586,412.01547485277354,True,0,0.5457943297971334,1.3628521208535669e-05,0.8331141115241331,0.2680077232648263,0.1732277768652741,1.22569874490368e-12,0.9555178556463618,0.5084377677963292,0.1742512831761069,0.5583452143166912,0.105697627898993,0.2120465821415228,0.4459834213016105,0.1470607523248827,0.1604178683601751,-165.72795221563325,361.4559044312665,412.01547485318144
2026-06-01T21:42:46,3,16,30016,"ARX(2,2)",-165.72039591146176,361.44079182292353,412.00036224483847,True,0,0.5342317781382209,4.581620205092415e-05,0.834323120007073,0.2733564519972007,0.1693338351222739,9.813419401358709e-06,0.9823374393221438,0.4708556565512659,0.1769423024144125,0.5596057686077961,0.1060677613560573,0.2066390101630373,0.4743767572843644,0.1420700820548353,0.1450239792338049,-165.72039591137587,361.44079182275175,412.0003622446667
2026-06-01T21:45:54,3,17,30017,"ARX(2,2)",-165.72691038362157,361.45382076724314,412.0133911891581,True,0,0.5820198835876316,1.410015291187443e-05,0.8262566010355532,0.2738684114731053,0.1764605454202309,1.872593140536703e-13,0.9860663167788036,0.466167588387363,0.1739917007314974,0.5645646395509294,0.1084543909313162,0.2021479454565196,0.4721398672716033,0.1435200228332888,0.147505792589031,-165.7269103841369,361.4538207682738,412.0133911901887
2026-06-01T21:49:11,3,18,30018,"ARX(2,2)",-165.73176951967918,361.46353903935835,412.0231094612733,True,0,0.5034491512666077,9.088556690504708e-05,0.8401740028009325,0.2737336100579579,0.1606748229455508,8.58781798934836e-18,0.994435469109708,0.4579158276708036,0.1799005983710859,0.5599022063723266,0.1042128000146938,0.2043982422351034,0.4831582839241508,0.1375181840854522,0.1469975658173977,-165.73176951950057,361.4635390390012,412.0231094609161
2026-06-01T21:53:55,3,19,30019,"ARX(2,2)",-165.84450646850144,361.6890129370029,412.2485833589178,True,0,0.1308808600697774,0.0616079931371796,0.906006104028354,0.3169131503502453,0.1113705388299353,0.0011393059485931,0.8335108628526009,0.4592285930051657,0.2313002955657705,0.5255537162493179,0.0692540494965158,0.2019179056834311,0.3121254398526878,0.1635788592237951,0.3215869344758587,-165.84450646851104,361.6890129370221,412.248583358937
2026-06-01T21:56:19,3,20,30020,"ARX(2,2)",-165.7186230431359,361.4372460862718,411.9968165081867,True,0,0.5623570858069027,0.0001488637125917,0.8288922391290364,0.2675738440325511,0.1773181339329261,1.1960039923972768e-10,0.9755358330599592,0.4889986613610275,0.1750242555567552,0.5666172808365392,0.1077132003471265,0.2078896191517461,0.4758301240737309,0.1437462812765786,0.138259189147672,-165.71862292475595,361.4372458495119,411.9968162714269
2026-06-01T21:59:05,3,21,30021,"ARX(2,2)",-165.82951972887383,361.65903945774767,412.2186098796626,True,0,0.687205413612216,2.954892556241312e-05,0.8078549398722846,0.243487232521342,0.1978139429260378,1.3294401866350292e-18,1.030440990400576,0.4825220604986632,0.1691832353659301,0.5500787916312614,0.1158472883794996,0.1981964112361495,0.4450657344799566,0.1378918263547091,0.1767865143518394,-165.82951972889617,361.6590394577924,412.2186098797073
2026-06-01T22:00:36,3,22,30022,"ARX(2,2)",-165.7463203259527,361.4926406519054,412.05221107382033,True,0,0.5018709047631329,3.623230035203549e-05,0.8424043149965452,0.2740548753318524,0.1616125934725201,2.1562168920527656e-14,0.9709431776430242,0.4808713841147601,0.1772173397198292,0.5658310943588799,0.106401235113667,0.2084204600695747,0.4175019721224973,0.149301567613884,0.1904667970740796,-165.7463203261609,361.4926406523218,412.0522110742368
2026-06-01T22:05:07,3,23,30023,"ARX(2,2)",-165.71944049437434,361.4388809887487,411.9984514106636,True,0,0.5393008634691026,1.9570542361145297e-05,0.8331952918462412,0.2729771350088459,0.1711879957219165,3.231415817418768e-11,0.972776163750988,0.4812291275496376,0.1766075383320047,0.5582517050968413,0.1066552224423627,0.2078367140599834,0.4760099074453657,0.1426639419946138,0.1406265556775326,-165.7194404948908,361.4388809897816,411.9984514116965
2026-06-01T22:08:39,3,24,30024,"ARX(2,2)",-165.84462248194708,361.68924496389417,412.2488153858091,True,0,0.1359630852643431,0.0634968695059134,0.903998807581498,0.3067602809793759,0.1162115827799176,2.313961755444625e-14,0.8242702796212227,0.4864341155835439,0.228681184665109,0.5240701861923222,0.0722758086458886,0.2064226377037573,0.2931546903699421,0.1665660865875995,0.3278478895857414,-165.84462248146198,361.689244962924,412.2488153848389
2026-06-01T22:12:32,3,25,30025,"ARX(2,2)",-165.7212757379113,361.4425514758226,412.00212189773754,True,0,0.5319941981467128,6.68427807421765e-05,0.8348456210669786,0.2715460327740197,0.1686464866836922,1.916454376619532e-06,0.981213727164,0.4755586096612314,0.1769230512767979,0.5545220034342079,0.1061214393142474,0.2089744793700205,0.4766136261762674,0.1405467724930267,0.1418346829482301,-165.72127573828428,361.44255147656855,412.0021218984835
2026-06-01T22:14:47,3,26,30026,"ARX(2,2)",-165.47177998639063,360.94355997278126,411.5031303946962,True,0,0.0715136828281978,0.0495799304181779,0.9371219992457356,0.5719415569906866,2.3509181752372353e-22,0.0253239171933421,0.811660728466556,2.1004947083999985e-17,0.337593528253042,0.5446038209554851,0.1530589699502082,0.1829337082486381,0.3219743353477555,0.0753157186888457,0.3301890073837411,-165.47177998572533,360.94355997145067,411.5031303933656
2026-06-01T22:16:48,3,27,30027,"ARX(2,2)",-165.7653967636364,361.5307935272728,412.09036394918775,True,0,0.6038412004246521,0.0003492442765967,0.8243868588106983,0.2486667676037959,0.1841663364494024,1.4557864715087668e-14,1.004342382637198,0.4975546558194086,0.1708145941334235,0.5655750452493902,0.1151363229516678,0.2076518191267586,0.4068918396852484,0.148746005830356,0.1923898127875561,-165.76539676070257,361.53079352140514,412.0903639433201
2026-06-01T22:19:29,3,28,30028,"ARX(2,2)",-165.72140882669788,361.44281765339576,412.0023880753107,True,0,0.5681667820218667,3.6944245981451866e-05,0.8267837856161621,0.2662549775613094,0.1793237695118046,1.5313853438464984e-10,0.9813809227087684,0.4860306209084032,0.1757349994456409,0.5666724508201113,0.1080126454044071,0.2073469832722309,0.4918766443180279,0.1416791004110115,0.1252271196326975,-165.72140882683507,361.44281765367015,412.0023880755851
2026-06-01T22:23:06,3,29,30029,"ARX(2,2)",-165.72359920784277,361.44719841568553,412.0067688376005,True,0,0.5705678699440024,0.0002916667053543,0.8281927578005044,0.2727750659015522,0.1771564536671274,6.38407710097086e-13,0.9711127439258386,0.482713618949017,0.1739661274577882,0.5639635197604485,0.1076718325404467,0.2062018445296637,0.4520063687275211,0.1461454751422831,0.1605706856985755,-165.72359921382986,361.4471984276597,412.00676884957466
2026-06-01T22:25:50,3,30,30030,"ARX(2,2)",-165.72936046144432,361.45872092288863,412.0182913448036,True,0,0.6100347862714267,2.134498253287885e-05,0.8201086323386323,0.2636270962659003,0.1868165931703197,3.449608351069482e-14,0.9797821125801504,0.4929175551207909,0.1728300689692177,0.5722795590966572,0.1091268439977446,0.2037465496675289,0.4849463763061521,0.1445609210753599,0.1312411470822922,-165.7293604619332,361.4587209238664,412.0182913457813
2026-06-01T22:28:16,3,31,30031,"ARX(2,2)",-165.8660709636148,361.7321419272296,412.2917123491445,True,0,0.1444133854915812,0.0622117133903768,0.9022432862264124,0.3081929914944928,0.1160781249837327,3.7218687151536e-09,0.8382497472697833,0.4718976191721324,0.2265461200220624,0.5155817964321401,0.0751408760551298,0.2002723134221087,0.3535069107259653,0.1660081875187465,0.2739624254701308,-165.86607093223122,361.7321418644625,412.2917122863774
2026-06-01T22:31:12,3,32,30032,"ARX(2,2)",-165.53616859671402,361.07233719342804,411.631907615343,True,0,0.0759294017448867,0.0485788904719615,0.9354889555219243,0.5943862743649876,0.0001063558028132,0.0262114224645573,0.7654715075271521,0.0,0.3293714585218061,0.5449864507239636,0.1649455607756229,0.1919136696525812,0.2795338272391318,0.085875804784987,0.3356110441294891,-165.53616858926011,361.0723371785202,411.6319076004352
2026-06-01T22:35:51,3,33,30033,"ARX(2,2)",-165.72279058427546,361.4455811685509,412.00515159046586,True,0,0.5597562010006737,0.0001332951929836,0.82982395060979,0.2630974911884649,0.1774812702063088,1.064134517281367e-15,0.977562976417644,0.4959541323517546,0.1747074117276988,0.5682020956501451,0.1088722742063093,0.2099236885414279,0.4452713329239686,0.1465687905579616,0.1616552538705627,-165.72279058299318,361.4455811659864,412.0051515879013
2026-06-01T22:37:40,3,34,30034,"ARX(2,2)",-165.59011343144687,361.18022686289373,411.7397972848087,True,0,0.0505529039681689,0.0409552201431887,0.949617168682836,0.5516732531146782,0.0102322119456024,0.0299426928471768,0.8061883241707165,0.0520180059401918,0.2997590911982766,0.5556912261206254,0.1684612639945214,0.1254054176528137,0.2959300705423923,0.1419169563119635,0.3300023912974413,-165.5901134305402,361.1802268610804,411.73979728299537
2026-06-01T22:39:47,3,35,30035,"ARX(2,2)",-165.79972166803066,361.5994433360613,412.15901375797625,True,0,0.5931223275531899,4.605414810445362e-05,0.8203141346983193,0.2605311973639254,0.1878651777334574,1.9624648623904744e-17,1.0341281441432075,0.4447101286898715,0.1765244526968871,0.5912227958791766,0.1056408483376727,0.1958217456323247,0.5386611852116472,0.1287638792788364,0.1106774253637362,-165.7997216708127,361.5994433416254,412.1590137635403
2026-06-01T22:46:07,3,36,30036,"ARX(2,2)",-99.45938613196083,228.91877226392165,279.4783426858366,True,0,4.273794873562668,8.327176139856867,0.5754487050609577,0.2440618225530656,0.5955611645150181,0.1252121796728777,0.2946209735392199,0.4460132065531412,0.0956502491017966,0.0334825459684562,0.0276492926328909,0.1681657481929525,1.2953163588337318,0.1242971875117059,-0.6919403841290778,-99.45938607964167,228.91877215928335,279.4783425811983
2026-06-01T22:48:15,3,37,30037,"ARX(2,2)",-165.76012959773172,361.52025919546344,412.0798296173784,True,0,0.5750999658407716,0.0043033361215594,0.827503788253353,0.264223126170737,0.1816822002725179,1.1742731156391748e-06,0.961154000979168,0.4961311486170924,0.1732827564526821,0.577381748237194,0.1081342168987172,0.2086184302368824,0.4635183456498207,0.1459116597478607,0.1468243518082775,-165.7601296205341,361.5202592410682,412.0798296629831
2026-06-01T22:51:29,3,38,30038,"ARX(2,2)",-165.84258656836948,361.68517313673897,412.2447435586539,True,0,0.1296135457876279,0.0609128411159429,0.9064198384515456,0.3185308817246473,0.1129216488825738,2.7309768599195016e-23,0.8327274923083641,0.4578162894770949,0.2310927604654677,0.5226556652817193,0.0677635108975663,0.2010021773624327,0.3143165657730348,0.1636753575761,0.3214473764771927,-165.84258656808652,361.685173136173,412.244743558088
2026-06-01T22:54:59,3,39,30039,"ARX(2,2)",-166.29527544414572,362.59055088829143,413.1501213102064,True,0,0.3932903839233108,0.0316178795603185,0.8641824311077181,0.4101063981331471,0.1188058690597491,7.465018833809964e-19,0.9973344654344796,0.1300762984124618,0.1935113978300935,0.6279822056561333,0.0843337219092467,0.2265314556588096,0.5747619015290453,0.095035948626557,0.0979060142352775,-166.29527543138525,362.5905508627705,413.15012128468544
2026-06-01T22:58:00,3,40,30040,"ARX(2,2)",-165.82294265025706,361.6458853005141,412.20545572242906,True,0,0.4295956496027727,8.20430991789508e-05,0.8575224663565824,0.3042165029637776,0.1364881681404077,4.0304561891030327e-17,0.9726058279692096,0.4188174290449457,0.1837746038465637,0.5220714800178652,0.1011608629676182,0.210864372641294,0.460082429982351,0.1372488621981004,0.1662193958849238,-165.82294265030092,361.6458853006018,412.2054557225168
2026-06-01T21:32:11,4,1,40001,"ARX(2,2)",-165.8394051572723,361.6788103145446,412.23838073645953,True,0,0.6851460032387238,2.6988892498315005e-05,0.8076915612456488,0.2352797707013467,0.2206013569473378,4.332243729894441e-12,0.9133823638187456,0.6159855597782495,0.1654694037840204,0.6192422671968106,0.1158929245677723,0.2124547533246701,0.4037988338848852,0.1590237635479104,0.1750077785291149,-165.839405156785,361.67881031357,412.23838073548495
2026-06-01T21:35:23,4,2,40002,"ARX(2,2)",-165.72215739716424,361.4443147943285,412.0038852162434,True,0,0.5823813309267811,3.6206514900168176e-05,0.8250224243061821,0.2626417638256356,0.1833537368558949,2.899126990070593e-13,0.9739748564172132,0.5006626709112763,0.173944033623928,0.575300515317862,0.1084318914751352,0.2069717919645585,0.4783783130942633,0.1440872491518768,0.135653310978551,-165.72215739619472,361.44431479238943,412.0038852143044
2026-06-01T21:37:42,4,3,40003,"ARX(2,2)",-165.87105950638187,361.74211901276374,412.3016894346787,True,0,0.136279358419511,0.0628317653615109,0.9027712529536284,0.2919684364883498,0.1203043879579745,2.9001658345699774e-21,0.8489512106332855,0.4967279100208479,0.2287453400438318,0.5080948126019592,0.0747803428903238,0.2060692302639278,0.2682372516666584,0.1658333361031455,0.3514745364184536,-165.8710595070745,361.742119014149,412.301689436064
2026-06-01T21:42:11,4,4,40004,"ARX(2,2)",-165.7840958733306,361.5681917466612,412.12776216857617,True,0,0.475450910942625,5.3371365161488525e-05,0.8473756684885945,0.2739115037187767,0.1500545457983709,5.832152240102627e-18,1.0366371504559675,0.4154380580291507,0.1813189523168833,0.5363140552122575,0.1053818430043037,0.2050395596668278,0.4591253889305387,0.1353516108775496,0.1726891748479173,-165.78409586631557,361.56819173263113,412.1277621545461
2026-06-01T21:44:25,4,5,40005,"ARX(2,2)",-165.7244892414991,361.4489784829982,412.00854890491314,True,0,0.5679745031987706,2.0069111875073133e-05,0.8273815497206145,0.266287293836084,0.1774744514925296,8.507563591852502e-09,0.9888079241192252,0.4785756076743602,0.1755153538328506,0.5678189933172584,0.1060360604485722,0.203581514386951,0.5016368812851754,0.1393741768974051,0.1245844190835605,-165.72448924196178,361.4489784839236,412.0085489058385
2026-06-01T21:46:52,4,6,40006,"ARX(2,2)",-165.84177333500315,361.6835466700063,412.24311709192125,True,0,0.1324216506197705,0.0619450445270987,0.9050586327294304,0.3120219614260267,0.1151452056257375,4.509782459071059e-19,0.8247050155590362,0.4773796538630938,0.2297952426054469,0.5223215706725172,0.0691260426320146,0.2039144745656972,0.3020633732872916,0.1654410456399034,0.3265907015388722,-165.8417733336633,361.6835466673266,412.2431170892416
2026-06-01T21:48:37,4,7,40007,"ARX(2,2)",-165.87616048384263,361.75232096768525,412.3118913896002,True,0,0.0954805581307708,0.0528177155194583,0.9244550780368972,0.5321769190292283,0.014830580115378,0.035068270367567,0.8783859508163334,0.0100740981424439,0.2783756661089531,0.5616715160235473,0.1364189197795369,0.138334245388217,0.3313542427566663,0.1401500023561779,0.3138202432907683,-165.87616048687804,361.75232097375607,412.311891395671
2026-06-01T21:51:07,4,8,40008,"ARX(2,2)",-165.7212350474611,361.4424700949222,412.00204051683716,True,0,0.5533004572197134,0.0012526131848931,0.831163615001637,0.2706134203774809,0.1738925742658397,2.8933058880472915e-10,0.9735872594269224,0.4825947721905811,0.1752705512599446,0.5655503613402868,0.1066850783787949,0.2070802133222788,0.4764415909244753,0.1429478289622683,0.1404821738610753,-165.7212350477393,361.4424700954786,412.0020405173936
2026-06-01T21:52:46,4,9,40009,"ARX(2,2)",-166.4711599687648,362.9423199375296,413.50189035944453,True,0,2.163307770789267,0.0480126534983944,1.3592026123749892e-16,0.58303381451183,1.566238292597318e-07,0.4884025978120119,0.797951903723546,1.2927471631865722e-19,0.2409205621811154,0.4380612920895006,0.0945182118021111,0.2211600473493293,0.5184012497452695,0.0447408672326286,0.1899243002628189,-166.47115996869698,362.942319937394,413.5018903593089
2026-06-01T21:54:41,4,10,40010,"ARX(2,2)",-165.6817750074419,361.3635500148838,411.92312043679874,True,0,0.0790549745811314,0.0439794731510117,0.932648234261428,0.5965257385369861,0.0141672331409529,0.0330244383645995,0.7592774355565175,1.2084290727215676e-18,0.2916967295990504,0.5921078010937418,0.1489294060316411,0.1409889429947357,0.2975328664733822,0.147485372911001,0.3236937806733386,-165.68177500753552,361.36355001507104,411.923120436986
2026-06-01T21:57:12,4,11,40011,"ARX(2,2)",-165.7214581890271,361.4429163780542,412.0024867999691,True,0,0.580200222969991,0.0001168995911529,0.8253926398720811,0.2702879188078365,0.1818487610942667,6.655506539865021e-20,0.9632530477302432,0.495923430898072,0.1739875451952765,0.5695843979695517,0.1075232244331821,0.2070683774178455,0.4736068077297197,0.1457872101667666,0.1389634136631555,-165.7214581894932,361.4429163789864,412.00248680090135
2026-06-01T21:59:25,4,12,40012,"ARX(2,2)",-165.7279549104727,361.4559098209454,412.01548024286035,True,0,0.5237609665494748,0.0001390241313503,0.8365621176821846,0.2786979668212874,0.1665404705477987,1.4834078099944889e-12,0.9639784744137884,0.4783490349467071,0.1770848147285108,0.5502456283563543,0.1062509725680417,0.2107616468432943,0.462030452087331,0.1447191972821087,0.1490708802975167,-165.727954915312,361.455909830624,412.01548025253896
2026-06-01T22:01:47,4,13,40013,"ARX(2,2)",-165.72353834937314,361.4470766987463,412.0066471206612,True,0,0.5927166499770599,5.771323707794772e-05,0.8231704948796134,0.2617502683991266,0.1852559657456712,1.328585744440076e-08,0.9747582639825972,0.5016152036681539,0.1731251665818503,0.5713682234625382,0.1085106767992198,0.20630464970111,0.4728686028003803,0.145252056873253,0.1399007347148041,-165.72353848129274,361.4470769625855,412.0066473845004
2026-06-01T22:06:05,4,14,40014,"ARX(2,2)",-165.72150726024225,361.4430145204845,412.00258494239944,True,0,0.5809779654630407,1.8171870033248787e-05,0.8248650783156243,0.2662896086723794,0.1822964603882041,1.6470098315141642e-09,0.965574176383757,0.5018074221465596,0.174062038970905,0.5730400129731547,0.1075124407828696,0.2055396915603281,0.475903843804118,0.1455066134594068,0.1379614132863677,-165.7215072697847,361.4430145395694,412.00258496148433
2026-06-01T22:09:35,4,15,40015,"ARX(2,2)",-165.71976666105274,361.4395333221055,411.99910374402043,True,0,0.5389857338593002,7.5875967760041e-05,0.8332045261948722,0.2708071333859,0.1711434221768362,1.0701523652467164e-16,0.9748141257227344,0.4834154536466751,0.1766910866532894,0.5574258428320601,0.1073550773318708,0.2082673853658652,0.4708534878718962,0.1434263791320554,0.1434781838191435,-165.71976666108458,361.4395333221692,411.9991037440841
2026-06-01T22:14:07,4,16,40016,"ARX(2,2)",-165.71908398281658,361.43816796563317,411.9977383875481,True,0,0.5398331241435759,4.7662400317965495e-05,0.8335276726579036,0.2717703176388256,0.1715334603349766,0.0,0.9780522541665044,0.4783075779320412,0.176159637093944,0.5637524011531475,0.107100133097205,0.2077963352607446,0.4669944062856274,0.1437269652728649,0.1476741014344384,-165.71908398301218,361.4381679660244,411.9977383879393
2026-06-01T22:17:58,4,17,40017,"ARX(2,2)",-165.73073272232324,361.4614654446465,412.0210358665614,True,0,0.607703406259175,2.544389249116487e-05,0.8198473883754728,0.2609289730693734,0.1912518176839571,1.9581677520791447e-11,0.9651709871240876,0.5129135785651425,0.1725376942229585,0.5845958363814195,0.1094535059766599,0.2057994522525095,0.468836919666933,0.1466147457287095,0.1415155293913425,-165.73073272249033,361.4614654449807,412.0210358668956
2026-06-01T22:20:44,4,18,40018,"ARX(2,2)",-165.75497497109552,361.50994994219104,412.069520364106,True,0,0.5765998864544757,6.797674212860179e-06,0.8259559705408889,0.2343618580794017,0.1839222334842521,0.0,0.994309450524338,0.5369514995551473,0.1742243817016799,0.5727487162225074,0.1091792377154766,0.2086912701190044,0.4622944869694199,0.1436051348565245,0.1494566799624807,-165.75497497108472,361.50994994216944,412.0695203640844
2026-06-01T22:24:28,4,19,40019,"ARX(2,2)",-166.0836339180285,362.167267836057,412.72683825797196,True,0,0.9323239902832569,2.053521228159732e-05,0.8001408655688258,0.234004018370926,0.2319593608952951,3.915095540211886e-13,0.92871295561363,0.6032187478052217,0.1397045607200097,0.6170376355166777,0.115708504354761,0.202561478128594,0.4136777879013835,0.1600811594512572,0.1714139304955121,-166.08363391794455,362.1672678358891,412.7268382578041
2026-06-01T22:28:13,4,20,40020,"ARX(2,2)",-165.72883096417837,361.45766192835674,412.0172323502717,True,0,0.567335348315097,3.6012562690073884e-05,0.8303876999308395,0.2692816726576938,0.1743579922106592,1.7962004305404438e-12,0.9845258454474672,0.4768314724913079,0.1737395616854312,0.5791345230782581,0.1116411472316531,0.2036858060332893,0.450099330943394,0.1465715423083058,0.1604827465408972,-165.72883096447038,361.4576619289408,412.0172323508557
2026-06-01T22:31:28,4,21,40021,"ARX(2,2)",-165.74337321965982,361.48674643931963,412.0463168612346,True,0,0.6359997725494473,0.0012260937648843,0.8156324218078432,0.2695522510937854,0.1941975266350092,0.0,0.9550187936700236,0.5032091220807385,0.1707348424264998,0.5792490994685983,0.1098667234131074,0.2058779383252525,0.4674415567080321,0.1465083629231136,0.1421647611359775,-165.74337321927797,361.486746438556,412.0463168604709
2026-06-01T22:35:09,4,22,40022,"ARX(2,2)",-165.01834928198411,360.03669856396823,410.59626898588317,True,0,0.0342145059072115,0.0387879528579155,0.9566376295306008,0.4967247172243844,0.0001071202409242,0.0327671761648778,0.8923332387674401,0.0820204824857089,0.3758351189760465,0.5710090848759699,0.181241242682283,0.1402918992881578,0.2006698421690294,0.127180828547847,0.4185876496979087,-165.0183492819719,360.03669856394373,410.5962689858586
2026-06-01T22:38:35,4,23,40023,"ARX(2,2)",-165.74486135085994,361.48972270171987,412.0492931236348,True,0,0.6286631866470207,2.4332154096182405e-05,0.8178685607527915,0.256129423204572,0.1933267995341654,6.8439434861654965e-18,0.9711985500033496,0.5164864409790502,0.170731957728234,0.5886595236729065,0.1112083012651319,0.2062438648911178,0.4444406165931051,0.1461356304474099,0.1643915557921354,-165.74486135058214,361.4897227011643,412.0492931230792
2026-06-01T22:41:50,4,24,40024,"ARX(2,2)",-165.8112448954135,361.622489790827,412.18206021274193,True,0,0.6130675861746542,0.0003543979568056,0.8187463860514517,0.2147165570773891,0.1989120500778615,2.10416488742274e-11,0.9847503181752044,0.5849661550836517,0.1709892524501036,0.5856938028432133,0.1106121881490833,0.2112450153085921,0.4509606939762895,0.1453733367426648,0.1520492333781719,-165.8112448929225,361.622489785845,412.18206020776
2026-06-01T22:45:17,4,25,40025,"ARX(2,2)",-165.72280971241253,361.44561942482505,412.00518984674,True,0,0.5713656886781175,1.317586730756927e-05,0.8273211013064402,0.2649787342139318,0.1816366687284924,6.15931350735646e-20,0.957101902874055,0.5129118451451267,0.1738726392873531,0.572742985940174,0.1078152296722505,0.2091121803010719,0.4593185266647441,0.1471067226402833,0.1484834117259525,-165.7228097123472,361.4456194246944,412.00518984660937
2026-06-01T22:49:50,4,26,40026,"ARX(2,2)",-165.53774779122932,361.07549558245864,411.6350660043736,True,0,0.0665622083425986,0.0450126734049499,0.936206798837604,0.5665096865453433,1.0378971847484664e-19,0.0262499788281999,0.8266681027394622,2.527364731828906e-18,0.3610360124906559,0.5486916649539191,0.1493137271174796,0.1823053271455213,0.3148987048866871,0.0732665067707898,0.343601011736018,-165.53774779619116,361.0754955923823,411.6350660142973
2026-06-01T22:53:25,4,27,40027,"ARX(2,2)",-165.73527885464335,361.4705577092867,412.03012813120165,True,0,0.5746162005323256,0.0015181954175485,0.8261320295570388,0.273054845724392,0.1814693270807367,2.7188593567109263e-08,0.9536564220825398,0.496918781592493,0.1746457996709273,0.593134834231006,0.1072621240660945,0.2084616010298224,0.4613200843233202,0.1463370505868774,0.1488137421510169,-165.7352788540726,361.4705577081452,412.0301281300601
2026-06-01T22:55:28,4,28,40028,"ARX(2,2)",-165.752766697577,361.505533395154,412.0651038170689,True,0,0.5657727616945215,2.20126085807893e-05,0.8266872558783743,0.2775055667688513,0.1745841722082281,7.831084052243637e-15,0.9766102423103784,0.4683348580227859,0.1768874296192912,0.5532538799910952,0.1059651833288497,0.2053660770312627,0.5462603909125684,0.1383673566650653,0.0795212153608198,-165.75276671956476,361.5055334391295,412.06510386104446
2026-06-01T22:57:01,4,29,40029,"ARX(2,2)",-165.73644820490017,361.47289640980034,412.0324668317153,True,0,0.4949052847559567,5.733649233841408e-05,0.8429800126340529,0.272063606337283,0.1586643176541183,2.129274881112898e-08,0.9983972705362606,0.4573607020277432,0.1789093375259826,0.555453725424403,0.1051174848331242,0.2090512253653565,0.4614502595942759,0.1380431258959989,0.161075007917975,-165.73644820283545,361.4728964056709,412.0324668275858
2026-06-01T23:00:01,4,30,40030,"ARX(2,2)",-165.9920340646924,361.9840681293848,412.54363855129975,True,0,0.9690341668737582,0.0003572707004203,0.7645712005612404,0.2345823358410859,0.2705928356921954,8.495441645502673e-13,0.9368364410858314,0.5931443379190472,0.1558533811585039,0.6118248396860412,0.1178375761010812,0.2022411352668285,0.4964038427227086,0.1457417321756285,0.1057711764239143,-165.9920340797991,361.9840681595982,412.5436385815132
2026-06-01T23:02:01,4,31,40031,"ARX(2,2)",-165.84073838188993,361.68147676377987,412.2410471856948,True,0,0.1330534499595934,0.0621712028547467,0.9052073658765296,0.3126397875004671,0.1145716613036062,5.3675659994973044e-15,0.8325971718063163,0.4678779165867757,0.2297013821615594,0.5252003957465097,0.0696628818985775,0.2024721299053155,0.3091879650455413,0.1644941120763503,0.3218477797131826,-165.8407383816916,361.6814767633832,412.24104718529816
2026-06-01T23:04:43,4,32,40032,"ARX(2,2)",-165.72723081650003,361.45446163300005,412.014032054915,True,0,0.6039220984412047,3.4069019465246684e-05,0.8212520600467194,0.2637083467290272,0.1875973278997869,4.487819465392168e-17,0.9657178549738,0.5067899827435969,0.1725365644348498,0.577912274612807,0.1082246286548137,0.2055686314756235,0.4750472372716138,0.1459571003091464,0.1380280477723409,-165.72723081647405,361.4544616329481,412.01403205486304
2026-06-01T23:12:58,4,33,40033,"ARX(2,2)",-165.67744723309028,361.35489446618055,411.9144648880955,True,0,0.0770369397387406,0.0440090513074703,0.9338052481182132,0.5918745957236732,0.0137320480277015,0.0325930664249898,0.7690584466323527,8.103106966305273e-05,0.2932003290866745,0.5957444111309941,0.1479840111827602,0.1373207224661143,0.3143484389769199,0.1453387458892418,0.3143012388770129,-165.67744719490432,361.35489438980863,411.9144648117236
2026-06-01T23:15:16,4,34,40034,"ARX(2,2)",-165.7196136078508,361.4392272157016,411.9987976376165,True,0,0.5707761642920054,4.397344018384489e-05,0.8275430992129106,0.2662668284733986,0.1786475242837285,3.1781207399139126e-06,0.9741298163072208,0.4932434851717588,0.1743480007151901,0.5647253579210081,0.1080745667261717,0.207200118280262,0.463240809874323,0.144819700453727,0.1494932036587241,-165.71961360735065,361.4392272147013,411.99879763661625
2026-06-01T23:18:17,4,35,40035,"ARX(2,2)",-165.3368499141008,360.6736998282016,411.23327025011656,True,0,0.0508173107354063,0.0436107300118767,0.9430300935688158,0.5208252212322452,0.0034880240212257,0.0275852865090983,0.8656439640950261,0.0532456382470766,0.386517635646654,0.5767570230125884,0.1724553107579135,0.168944054419379,0.1568804342596723,0.1378287594996279,0.4267426300550986,-165.3368499141116,360.6736998282232,411.23327025013816
2026-06-01T23:20:36,4,36,40036,"ARX(2,2)",-165.724529026884,361.449058053768,412.00862847568294,True,0,0.5400925751283037,0.0003027833971808,0.8331348217346846,0.2829154190844911,0.170912900960831,2.5870228049109963e-10,0.9670894640663062,0.466462877894375,0.1766914456466475,0.5634173810568759,0.1058610315453249,0.2070512889822986,0.4785350715439882,0.1427184072390536,0.1401223187050267,-165.72452902686257,361.44905805372514,412.0086284756401
2026-06-01T23:23:00,4,37,40037,"ARX(2,2)",-166.02929131635682,362.05858263271364,412.6181530546286,True,0,0.9792437643303284,0.0002672156389296,0.7588911095380818,0.2164794820945282,0.290599615512481,2.353545092269812e-16,0.9148922840744056,0.651305457391473,0.1568029065976829,0.653743016063916,0.1210281878409076,0.2053247013488353,0.4867016401944001,0.153667528773471,0.0983933998838021,-166.02929131701933,362.05858263403866,412.6181530559536
2026-06-01T23:26:09,4,38,40038,"ARX(2,2)",-165.83200340149696,361.6640068029939,412.22357722490887,True,0,0.5837973077603923,7.103657189203307e-06,0.8207938432252484,0.2294890802415643,0.1981551288693919,1.925147291175014e-13,0.9245602067872356,0.6164449318369681,0.1734621061585034,0.5638829002664165,0.1095260182114802,0.2185006887111264,0.46846538832519,0.1539734328034186,0.1181521643404723,-165.83200340302756,361.6640068060551,412.22357722797005
2026-06-01T23:28:09,4,39,40039,"ARX(2,2)",-166.2255590638617,362.4511181277234,413.01068854963836,True,0,0.1208762119918724,0.0520384461821864,0.9172146893097708,0.5353498853704972,0.0607124251035897,0.0159041845238381,0.7997692177113515,0.0645294749188569,0.2446114280127746,0.5901276608259894,0.0673356824786384,0.1942069436028771,0.4501840510521915,0.1099295500310442,0.2543148858453648,-166.22555906204474,362.4511181240895,413.0106885460044
2026-06-01T23:32:37,4,40,40040,"ARX(2,2)",-165.7394418871145,361.478883774229,412.03845419614396,True,0,0.5961107014481747,1.671374108863192e-05,0.8260560270814693,0.2798817006893072,0.1740325693312178,3.789873153355474e-17,0.9800708986260684,0.4601318758855203,0.1719370292357159,0.5529113064674638,0.1098589777761906,0.202732821356645,0.4787134204104752,0.1448584813138914,0.1373278274878856,-165.73944188994574,361.4788837798915,412.0384542018064
2026-06-01T21:32:08,5,1,50001,"ARX(2,2)",-165.73271661390123,361.46543322780246,412.0250036497174,True,0,0.6150351493626501,4.563970701743223e-05,0.8201500363694982,0.2625258121319057,0.1895109238683921,4.3131386780283486e-12,0.95975078018318,0.5150957611605655,0.1710672272897579,0.5782685206910784,0.1113511648844925,0.2068876301527182,0.4559530847616539,0.1496776516079595,0.1467597674377401,-165.7327166152736,361.4654332305472,412.02500365246215
2026-06-01T21:33:47,5,2,50002,"ARX(2,2)",-166.2717265103579,362.5434530207158,413.10302344263073,True,0,1.3803558654265748,0.0019990519419081,0.7212637941790886,0.193841387858369,0.3367216159619028,7.832502248342205e-13,0.8494072154407164,0.7555446763547605,0.1425318863144349,0.7005363755945792,0.1283441009088793,0.1976838219248308,0.4232013552506704,0.1600994149676369,0.1477916273000357,-166.2717265120101,362.5434530240202,413.1030234459352
2026-06-01T21:37:05,5,3,50003,"ARX(2,2)",-165.84084251927902,361.68168503855804,412.241255460473,True,0,0.1334742087864671,0.0622783149140134,0.9049404461069482,0.3112416078958791,0.1150288847449596,7.316118568447565e-15,0.8325853058389059,0.4707133504105258,0.2297076605305828,0.5255367759862338,0.0699907546278351,0.202811983346017,0.3066455349950481,0.1646197807782562,0.3234505298688688,-165.84084251885366,361.6816850377073,412.2412554596223
2026-06-01T21:40:07,5,4,50004,"ARX(2,2)",-165.7183415016316,361.4366830032632,411.99625342517817,True,0,0.5437633380480827,9.430172453114808e-05,0.832637709321402,0.2705861805880983,0.1727321422767113,5.4032383953324175e-12,0.9744548293899966,0.4841743802574095,0.1761416357167076,0.5675125597273083,0.1070438946829047,0.2070845603967173,0.4732005425884851,0.1430835661880305,0.143501343229444,-165.71834149571532,361.4366829914306,411.9962534133456
2026-06-01T21:41:29,5,5,50005,"ARX(2,2)",-165.8234571015132,361.6469142030264,412.20648462494137,True,0,0.727669370641131,0.0022389495255916,0.8000328532079759,0.2666707183630996,0.2195903148310074,3.871758702236361e-13,0.919440040751538,0.5418512579514344,0.1655994902381112,0.6099004976857831,0.1121778692311624,0.2046526431887087,0.492120792841084,0.151167347838208,0.1097279949119845,-165.82345710187434,361.6469142037487,412.2064846256636
2026-06-01T21:47:27,5,6,50006,"ARX(2,2)",-165.76023971309894,361.5204794261979,412.0800498481128,True,0,0.5197050088966583,0.0009962432174942,0.8385374229217947,0.2611132718609784,0.1710631362608413,8.127919309295896e-25,0.9721177050793008,0.5034257878838464,0.1764250766011479,0.5827438070894745,0.1087869799826073,0.2066464849127092,0.4031362016709378,0.1490778179307011,0.2058806037549476,-165.76023975981184,361.5204795196237,412.0800499415386
2026-06-01T21:50:01,5,7,50007,"ARX(2,2)",-165.84087003205548,361.68174006411095,412.2413104860259,True,0,0.1338454542986923,0.0622222969916887,0.9049691139529014,0.3141422502722766,0.1147029263095127,2.8884795771729422e-22,0.8330345162900783,0.4642394124684152,0.2294113167076215,0.5250435147772208,0.0698169034096448,0.2022116855641785,0.3096528500981008,0.1644957793834567,0.321416690394036,-165.84087003193585,361.6817400638717,412.2413104857866
2026-06-01T21:53:07,5,8,50008,"ARX(2,2)",-166.27714909340105,362.5542981868021,413.11386860871704,True,0,0.1885854643456704,0.0710691774965667,0.8904826898698243,0.3092561189271993,0.1231107663688748,3.4890241720728777e-15,0.8173650409532327,0.4887608868114078,0.2133194079671408,0.4203904816158187,0.0856543776020518,0.2125586413528676,0.3719870263895358,0.1520919937390643,0.2463788275764533,-166.2771490795323,362.5542981590646,413.1138685809796
2026-06-01T21:57:08,5,9,50009,"ARX(2,2)",-165.72083931847058,361.44167863694116,412.0012490588561,True,0,0.5327048705816372,2.8372164446608625e-05,0.8350185565962919,0.2673114790483841,0.1688661632477499,1.0762771048040338e-18,0.98877919262326,0.4765385884884226,0.1770238135835544,0.5619598567624908,0.1061346490249084,0.2056147915227049,0.4775530354562825,0.1408917318894589,0.1447009210935783,-165.720839318392,361.441678636784,412.0012490586989
2026-06-01T21:58:51,5,10,50010,"ARX(2,2)",-165.77326128123704,361.5465225624741,412.106092984389,True,0,0.6791963258077168,9.171775558839636e-05,0.8094815593343508,0.2662904970696279,0.1980768758602745,4.050179290608553e-08,0.9912731355332284,0.4759408060258578,0.1687155764607441,0.5760422313982344,0.1143191301065709,0.2054378884708762,0.4723170805153667,0.1444447753091591,0.1361105485169697,-165.7732611287532,361.5465222575064,412.10609267942135
2026-06-01T22:01:02,5,11,50011,"ARX(2,2)",-165.71925791315863,361.43851582631726,411.9980862482322,True,0,0.561278324261398,0.0001686835328418,0.8289097152471855,0.2686896411995388,0.1784554703486555,1.8105912245679384e-15,0.9677646119948504,0.4944950796035701,0.1749878208733062,0.571757260099739,0.1072002196433071,0.2081035132274101,0.464279115702134,0.1449455206174064,0.1484546187505525,-165.71925791314592,361.4385158262919,411.9980862482068
2026-06-01T22:03:34,5,12,50012,"ARX(2,2)",-165.72088255553635,361.4417651110727,412.00133553298764,True,0,0.5739006575323924,0.0001011685634387,0.8259982158545941,0.2639925057342117,0.1823277261631636,1.1246812021364007e-10,0.9721936297065604,0.4996029936446099,0.1746400087571986,0.570107177932425,0.1093783591929081,0.2055799274484601,0.4679521305879859,0.1446890100703666,0.1450361997559348,-165.7208825942119,361.4417651884238,412.00133561033874
2026-06-01T22:06:02,5,13,50013,"ARX(2,2)",-166.1127456252584,362.2254912505168,412.78506167243177,True,0,0.1576574472844087,0.0666488164608876,0.8965896160652114,0.2516811010465148,0.1290188552094289,2.110054925110021e-19,0.9747651550999632,0.4517177694678598,0.2217305546833738,0.5284416958732131,0.0810610151020183,0.1822385640562457,0.2735434659815545,0.1468391182226151,0.3877076897479728,-166.1127456355627,362.2254912711254,412.7850616930404
2026-06-01T22:08:59,5,14,50014,"ARX(2,2)",-165.79814543848278,361.59629087696555,412.1558612988805,True,0,0.6992085671585277,1.6144241027737397e-05,0.8044598115484826,0.2326415997897889,0.2139708976601309,1.111058178865814e-12,0.9557374036247672,0.5789397356139548,0.1669707458696653,0.5904357409498057,0.1149296871491074,0.2076528282086489,0.4455278203575405,0.1519340944850206,0.1482446705211139,-165.79814543852598,361.596290877052,412.1558612989669
2026-06-01T22:12:26,5,15,50015,"ARX(2,2)",-165.72654925835968,361.45309851671936,412.0126689386343,True,0,0.5848540613539506,2.065031537993e-05,0.8227550229452167,0.268991716202014,0.1862945390294515,2.6229078663534805e-13,0.9574422666212068,0.504530023585447,0.1744325204461266,0.5728378878726059,0.1080938502119333,0.2067492054768858,0.4873329352863206,0.1460393441468222,0.1236849331952299,-165.7265492596871,361.4530985193742,412.0126689412891
2026-06-01T22:15:25,5,16,50016,"ARX(2,2)",-165.74552154082053,361.49104308164107,412.050613503556,True,0,0.499869602844244,3.014996018833828e-05,0.8396988733332152,0.2622785511624345,0.1617540580984565,5.222186509163119e-11,0.9990782535474751,0.4763047885718926,0.180594783038924,0.550695692175825,0.1035220036611442,0.2057199241942591,0.5148033262322862,0.1382174892392317,0.1135993040886521,-165.74552154178255,361.4910430835651,412.05061350548
2026-06-01T22:17:47,5,17,50017,"ARX(2,2)",-165.72285113048991,361.44570226097983,412.00527268289477,True,0,0.5200627337701267,1.5047285629312178e-05,0.8364607394688263,0.2740526239897674,0.1671888205375179,1.0802933770914565e-12,0.9801554757690404,0.4717080611562559,0.1785465115141489,0.5642595935206032,0.1066599334601992,0.2083842774536747,0.4798567287739028,0.1417608401473479,0.1377941862595495,-165.72285113057305,361.4457022611461,412.005272683061
2026-06-01T22:25:22,5,18,50018,"ARX(2,2)",-165.72145513720915,361.4429102744183,412.00248069633324,True,0,0.5294136821816418,1.6877796756507865e-05,0.83466153890378,0.2722988211013803,0.1710162434454306,1.6853843895025765e-12,0.9795107395154627,0.4758567041391164,0.1775264081039062,0.5588267459521256,0.1058334732518443,0.2073064309188576,0.4863603990833398,0.1418961656807302,0.1334791292571876,-165.7214551371851,361.4429102743702,412.0024806962852
2026-06-01T22:27:20,5,19,50019,"ARX(2,2)",-165.39877748872362,360.79755497744725,411.3571253993622,True,0,0.0460195278170818,0.0399022102944488,0.9522478003761612,0.5654152118912067,0.007916145748716,0.031514967185478,0.8286741404819901,6.33738763838271e-19,0.3098153422986779,0.618378702411598,0.1681352935163949,0.1054180502177336,0.3745898245467483,0.1313232159956223,0.2846481976906821,-165.39877751296143,360.79755502592286,411.3571254478378
2026-06-01T22:29:57,5,20,50020,"ARX(2,2)",-165.39468566086072,360.78937132172143,411.3489417436364,True,0,0.0472171163418665,0.0382432012577559,0.951017430471078,0.5812772493541178,0.0087898139847913,0.0322073086981086,0.7974527796950418,1.5923077992717056e-18,0.3085903406679918,0.6159787544553667,0.1682942601689229,0.1144897672163771,0.3315675950991147,0.1335910111306713,0.3142740645121811,-165.39468566089695,360.7893713217939,411.3489417437089
2026-06-01T22:31:53,5,21,50021,"ARX(2,2)",-168.22208633650388,366.44417267300776,417.0037430949227,True,0,5.727918598219858,0.0488852597281663,4.917782613303152e-16,0.4424651726960886,0.0163210093479931,0.3731725517369377,1.0215072046160008,0.059021922849712,0.146947821115638,0.4413810239275351,0.1294194266610326,0.1849739480506954,0.4921189489084431,0.0836321482056104,0.1772581448371885,-168.22208633774468,366.44417267548937,417.0037430974043
2026-06-01T22:35:39,5,22,50022,"ARX(2,2)",-165.75134350288545,361.5026870057709,412.06225742768584,True,0,0.5287532203585168,0.0003172070982449,0.836553934757629,0.2817141210275608,0.1693110998235343,2.6056371366757202e-23,0.934345273396815,0.5015898891363018,0.1750483329547329,0.5525230539560956,0.1053880900345537,0.2093231919961536,0.4265665002827882,0.147847605387737,0.1814827746294237,-165.75134351714445,361.5026870342889,412.06225745620384
2026-06-01T22:39:01,5,23,50023,"ARX(2,2)",-165.7862112695646,361.5724225391292,412.13199296104415,True,0,0.4425456593679327,5.214737158548871e-05,0.8540593195822755,0.2931821427157832,0.1428869216773082,0.0,0.991320766629278,0.4222183922064899,0.1832685635811842,0.5417026055679309,0.101765673980977,0.2090067175469755,0.5088048702685432,0.1344844635962002,0.1234211329733176,-165.7862112721037,361.5724225442074,412.1319929661224
2026-06-01T22:44:08,5,24,50024,"ARX(2,2)",-165.89766583042982,361.79533166085963,412.3549020827746,True,0,0.2215652305565401,0.0420381163035331,0.8866165416674308,0.2745050670282478,0.1493269217038244,8.710036433971087e-18,0.8576072967489353,0.524550980308867,0.1955211705737497,0.5830312409116399,0.0738847484733397,0.196358468448926,0.3509970031495675,0.1542289983110058,0.2982871781918488,-165.89766583180233,361.7953316636047,412.3549020855196
2026-06-01T22:45:55,5,25,50025,"ARX(2,2)",-165.73008539545032,361.46017079090063,412.0197412128156,True,0,0.5480958082889957,0.0006578824464136,0.8311587721522352,0.2730631265958292,0.1770540601563004,3.668860656817337e-10,0.9415301790582602,0.5109539915500472,0.1757905711494179,0.5675722564564096,0.1077410249806904,0.2106121070632133,0.4652651316801109,0.146939134772258,0.1414327162056945,-165.7300854904413,361.4601709808826,412.0197414027976
2026-06-01T22:48:44,5,26,50026,"ARX(2,2)",-165.77711440799393,361.55422881598787,412.1137992379028,True,0,0.7008698518565261,1.5576988569312196e-05,0.8058957554893343,0.2514120743503567,0.2092902183963875,1.62016803413656e-10,0.9605339113496014,0.5366056896889253,0.1660331448487242,0.5867002046982218,0.1118375702919091,0.203608784590154,0.4526661489990082,0.1503037881252014,0.1516618584282626,-165.77711440813226,361.5542288162645,412.11379923817947
2026-06-01T22:50:31,5,27,50027,"ARX(2,2)",-165.73728171187486,361.4745634237497,412.03413384566466,True,0,0.4968979490485307,1.279930599003882e-05,0.8424827363310192,0.2747501734490607,0.1607082505683893,5.0767666548586296e-18,0.9634531738344674,0.4870210021574321,0.1781911621216558,0.5512786868969504,0.1050429516951779,0.2134858364319558,0.4509987945263313,0.1429715370004281,0.1605127505193492,-165.73728171184297,361.47456342368594,412.0341338456009
2026-06-01T22:52:23,5,28,50028,"ARX(2,2)",-165.87461716557715,361.7492343311543,412.30880475306924,True,0,0.2608764307642406,0.0340599898484132,0.8753011947352783,0.2660043439689105,0.162177208962624,5.664923293931071e-09,0.8333144637440169,0.5808280836084718,0.1919165895109302,0.5588506752092234,0.0832741588565857,0.2058710687300808,0.3676665287528766,0.1548990993266691,0.2603991284610512,-165.87461715552104,361.7492343110421,412.308804732957
2026-06-01T22:54:05,5,29,50029,"ARX(2,2)",-165.72094391777753,361.44188783555506,412.00145825747,True,0,0.5759983591204171,0.0003639730674036,0.8265776390799741,0.2655428666209172,0.1807449116900341,2.021780778509597e-07,0.9773836962207396,0.4907485910991364,0.1743174653786319,0.5695121561939882,0.109136057541323,0.2059251016235815,0.474476938192706,0.1440974438805403,0.1398673015337744,-165.7209439172687,361.4418878345374,412.00145825645234
2026-06-01T22:56:32,5,30,50030,"ARX(2,2)",-165.73918815119742,361.47837630239485,412.0379467243098,True,0,0.5849777794810938,0.0023226184080125,0.8230329984065832,0.2500711249194077,0.1875339572090417,0.0,0.9722838872653702,0.5224483098779544,0.174414907817032,0.5797504323399818,0.1091164650483475,0.2107809732313518,0.4710591858626558,0.1440646580679666,0.1368676443691023,-165.73918815377664,361.4783763075533,412.0379467294682
2026-06-01T22:58:11,5,31,50031,"ARX(2,2)",-165.76443926248433,361.52887852496866,412.0884489468836,True,0,0.583041008090845,0.0005007247124622,0.8246255382868468,0.2304874584123825,0.187132180392621,2.4689874325737544e-13,0.9969951153923176,0.5409002266474656,0.1735030987218824,0.5765778907367856,0.1100468775488562,0.2088678553424167,0.4613435328410286,0.1439108534725061,0.1482684672974145,-165.76443926184504,361.5288785236901,412.088448945605
2026-06-01T23:00:17,5,32,50032,"ARX(2,2)",-165.82948662218712,361.65897324437424,412.2185436662892,True,0,0.6279268070784574,0.001249950183276,0.8241408977444028,0.2356094139001147,0.1898982089224591,3.063304623759721e-16,0.966940850206426,0.5574373495950553,0.1657897288151282,0.583356396360832,0.1146731257564706,0.2126792194442926,0.3668008307357388,0.1527277850340322,0.2215947401476811,-165.82948669330682,361.6589733866136,412.2185438085286
2026-06-01T23:03:03,5,33,50033,"ARX(2,2)",-165.72590119838426,361.4518023967685,412.01137281868347,True,0,0.5281808231530183,3.383603092356618e-05,0.8353057788533159,0.2712147565617113,0.1663439890560597,4.679040021472223e-11,0.9793196198305452,0.4781829914491238,0.177624653705073,0.5562142116565905,0.104645912100707,0.2051429291450197,0.5015001917523007,0.1395287984605756,0.1241258662209528,-165.72590119851094,361.4518023970219,412.0113728189368
2026-06-01T23:10:28,5,34,50034,"ARX(2,2)",-165.47177583658754,360.9435516731751,411.50312209509,True,0,0.0716174353130056,0.0495888799848108,0.9370511688184804,0.5719347099376241,7.227441517451061e-20,0.0253427895452353,0.8116598001575644,1.6131863464355474e-18,0.3375116360788912,0.5446327507932388,0.152976667657617,0.1829484698100905,0.3219304241794085,0.0753708959486835,0.3302136278168214,-165.47177583664174,360.9435516732835,411.5031220951984
2026-06-01T23:12:59,5,35,50035,"ARX(2,2)",-165.73826473920582,361.47652947841163,412.0360999003266,True,0,0.4902742846652951,2.8220040049022666e-05,0.8427078691705366,0.2781162782217987,0.1589435528916939,4.0707547544824814e-08,0.979744995198828,0.4639679736327082,0.1798302557572274,0.5466183377716777,0.1021153207647053,0.2106913928702382,0.4931256142960023,0.1377374652443122,0.1318775563687434,-165.7382647398709,361.4765294797418,412.0360999016568
2026-06-01T23:15:28,5,36,50036,"ARX(2,2)",-165.7238775806997,361.4477551613994,412.00732558331435,True,0,0.5637732088493758,0.0010222642762912,0.8287717101411779,0.2596424787196438,0.1771261741009386,7.536654036708141e-13,0.9806377651243128,0.4979343632763733,0.1751455317170361,0.5734777070225436,0.108318862191416,0.2058939433833574,0.4747013945875135,0.1427676202646647,0.1418315847962322,-165.72387758062683,361.44775516125367,412.0073255831686
2026-06-01T23:17:37,5,37,50037,"ARX(2,2)",-165.7227361428176,361.4454722856352,412.00504270755016,True,0,0.5524908175684523,0.0004908983181481,0.8307468278913727,0.2727539667263011,0.1725751592454676,5.96304275151092e-10,0.9777485575355952,0.4757316336204339,0.1762361879326699,0.5627214363237292,0.1060971009864961,0.2049884891104904,0.4968684690601994,0.1400022757984315,0.1271081340952092,-165.72273611161074,361.4454722232215,412.0050426451364
2026-06-01T23:19:22,5,38,50038,"ARX(2,2)",-165.71856447112924,361.4371289422585,411.9966993641734,True,0,0.5501058617632251,3.146334243177574e-05,0.8306700127327916,0.269139159560565,0.1747540550397354,9.829314241162857e-13,0.9811162987472074,0.4805385618742287,0.1763957064559115,0.5682965083227624,0.1065274295659671,0.205928793121733,0.4782780419146616,0.1420347065707722,0.1416057108221701,-165.71856446618068,361.43712893236136,411.9966993542763
2026-06-01T23:24:08,5,39,50039,"ARX(2,2)",-165.45434749944377,360.90869499888754,411.4682654208025,True,0,0.0399257271334129,0.0184317868153334,0.946784043051722,0.4313916953475484,0.0133719797093977,0.0345329855033591,0.9140546768231692,0.2115910630380955,0.3436766295238221,0.4841014264519558,0.173808932312036,0.0708071940375118,0.3334197197628899,0.1100878947506265,0.3831540690167281,-165.4543474993763,360.9086949987526,411.46826542066754
2026-06-01T23:29:00,5,40,50040,"ARX(2,2)",-166.13414193537727,362.26828387075454,412.8278542926695,True,0,0.6116583951344097,0.0039216144331679,0.8138263998309468,0.348053045459072,0.1834231020653803,6.667805894682972e-22,0.8643244316088534,0.4341270340007352,0.1779510741790179,0.5089408861916712,0.1188224770397291,0.2228935979628173,0.41159107335811,0.164470136012023,0.1508103682199088,-166.1341419361783,362.2682838723566,412.8278542942716
2026-06-01T21:13:18,6,1,60001,"ARX(2,2)",-165.72117188702794,361.44234377405587,412.0019141959708,True,0,0.5492989994846951,0.0006679951019224,0.8307431049581279,0.2660602829433099,0.1766720356173579,1.6100207987904583e-16,0.9708962427194658,0.4955510285114466,0.1758787657019433,0.5733287997504591,0.1073688588340715,0.2073168006414463,0.4622691740285624,0.1444728855826769,0.1516673659005798,-165.72117187730305,361.4423437546061,412.001914176521
2026-06-01T21:16:56,6,2,60002,"ARX(2,2)",-165.73924289719378,361.47848579438755,412.0380562163025,True,0,0.562924394402516,0.0015246048660497,0.8290888561038999,0.2639479483828732,0.1781815498369054,5.8163382359706015e-15,0.9845244532616704,0.4832260961307126,0.1752318570089814,0.5797800319592424,0.1080820222344687,0.2056838465117764,0.4905046898642708,0.1427857952070304,0.1279221120436608,-165.73924289826266,361.4784857965253,412.03805621844026
2026-06-01T21:18:57,6,3,60003,"ARX(2,2)",-165.7238102024089,361.4476204048178,412.00719082673277,True,0,0.5465507220902861,0.0016882456864771,0.8327844664345082,0.270327766786492,0.171499251973411,7.073188415617268e-08,0.971218091408173,0.4846440058877466,0.1753271615964473,0.5678207296854793,0.1062090007036922,0.2065445945817873,0.4629415714640565,0.1420410337070362,0.155099901113775,-165.72381020220018,361.4476204044004,412.0071908263153
2026-06-01T21:23:01,6,4,60004,"ARX(2,2)",-165.8755316361702,361.7510632723404,412.31063369425533,True,0,0.2813949331978271,0.0335085293074964,0.8705937170867346,0.2628589234965201,0.1657403716143972,1.7629063996153005e-13,0.8584911441562436,0.5639123804384549,0.1908609887378088,0.5537307889685866,0.088166659732383,0.2069760617886391,0.3761477166130646,0.1535017160478172,0.24755184842385,-165.87553163578588,361.75106327157175,412.3106336934867
2026-06-01T21:26:28,6,5,60005,"ARX(2,2)",-165.75436426357663,361.50872852715327,412.0682989490682,True,0,0.6619632537797993,0.0006573842025666,0.8115529956443661,0.2602283655060487,0.197071700901349,2.997602620741375e-11,0.979281434460755,0.4987407805882402,0.1696107187574812,0.5782573690984446,0.1122596907889192,0.20276083913439,0.478871154598272,0.144694175721127,0.133874990336078,-165.75436426752603,361.50872853505206,412.068298956967
2026-06-01T21:29:47,6,6,60006,"ARX(2,2)",-165.75312339367593,361.50624678735187,412.0658172092668,True,0,0.6371599449436176,0.0002293074271966,0.8154869293598853,0.276067856353152,0.1936366428595643,6.018913270318039e-13,0.9502439273323182,0.4971113213918915,0.1709360803307505,0.5797198337704271,0.1101512830672235,0.206908367185366,0.4997530766887125,0.147541365875523,0.1082570395301856,-165.75312339352587,361.5062467870517,412.0658172089667
2026-06-01T21:31:27,6,7,60007,"ARX(2,2)",-165.7218042557877,361.4436085115754,412.00317893349035,True,0,0.5612528820219758,5.337177339832776e-05,0.829533136572052,0.2671422470712911,0.1774197716924796,1.3660819226404538e-10,0.9740627278882944,0.4915396602383231,0.1746812692577086,0.5699509827593722,0.1083112828824407,0.2069236870536667,0.4470568858758121,0.1460231768186973,0.1643525182301562,-165.72180425628605,361.4436085125721,412.00317893448704
2026-06-01T21:33:33,6,8,60008,"ARX(2,2)",-165.72397198273916,361.4479439654783,412.00751438739326,True,0,0.5254552123582331,3.09913869535718e-05,0.8363919820899376,0.2645135620181758,0.1687198484624257,2.3082447063507084e-17,0.9864319143798836,0.4844767606983328,0.1769872617156295,0.564243524452615,0.1059764363429279,0.2098669873364826,0.455551973423773,0.1420859437431648,0.1603355744454186,-165.72397198289485,361.4479439657897,412.0075143877047
2026-06-01T21:39:10,6,9,60009,"ARX(2,2)",-165.7304514982788,361.4609029965576,412.02047341847253,True,0,0.5700030988445013,5.029899778303854e-06,0.8246639358845776,0.2686900589162961,0.1844508960474142,1.662846731484615e-19,0.952191859202845,0.5104170121748112,0.175823032312619,0.5793516970127063,0.1043490580277513,0.2040857893654136,0.4694963407582985,0.1493076343264353,0.1436769029591256,-165.7304514972577,361.4609029945154,412.0204734164303
2026-06-01T21:41:28,6,10,60010,"ARX(2,2)",-165.7509174525349,361.5018349050698,412.06140532698475,True,0,0.5950525983566389,1.9155854183355774e-05,0.8223349334678478,0.2541830496114344,0.1828515840171255,4.7576256094524036e-14,1.0215193943082956,0.4700729965661123,0.1741071069023727,0.5708593941021148,0.1086070013910439,0.2027785044878854,0.4572329302269156,0.1426400619524313,0.1624150904994884,-165.75091745208192,361.50183490416384,412.0614053260788
2026-06-01T21:45:03,6,11,60011,"ARX(2,2)",-165.71988905023557,361.43977810047113,411.9993485223861,True,0,0.5752662663113176,2.1317073520209725e-05,0.8261652250952348,0.266579468673368,0.1810651658241839,6.38114702130857e-14,0.97229153911459,0.4945033682962771,0.1744287879217052,0.5719699153446116,0.1077786199280122,0.2065210537620103,0.4782188359603458,0.1438503237101423,0.1369494330647258,-165.7198890677373,361.4397781354746,411.9993485573896
2026-06-01T21:48:13,6,12,60012,"ARX(2,2)",-165.8427876268031,361.6855752536062,412.24514567552114,True,0,0.130412494586209,0.0618367050832378,0.906154694323724,0.319229045548881,0.113328200611006,5.612133795980868e-08,0.8295256851011537,0.457583686338128,0.2303724329038816,0.5256447587358589,0.0681163654126576,0.2023391957563266,0.3029228359120287,0.1642972444880515,0.3298126341912893,-165.84278762673856,361.6855752534771,412.24514567539205
2026-06-01T21:50:56,6,13,60013,"ARX(2,2)",-166.14707845684643,362.29415691369286,412.8537273356078,True,0,0.76762633223556,0.0002418375487384,0.7914646305712055,0.141403052417745,0.2568758662893129,0.0,0.9573891338717464,0.7590126722517013,0.1618321457044992,0.6346210163636762,0.117536628342053,0.2220368269257502,0.4367883469650186,0.1448400270170295,0.1430369236533175,-166.14707845568822,362.2941569113764,412.8537273332914
2026-06-01T21:52:39,6,14,60014,"ARX(2,2)",-165.8407401199899,361.6814802399798,412.24105066189475,True,0,0.1330363619259698,0.0621551049908925,0.9051930682632277,0.3127719577819842,0.1145922449364128,2.956263152561493e-15,0.8321083267420047,0.4681034260643535,0.2297232907112739,0.5249531784201577,0.0696661522495393,0.202619625962441,0.3087858508835135,0.1645667409664387,0.3219873141144012,-165.8407401200057,361.6814802400114,412.2410506619264
2026-06-01T21:56:13,6,15,60015,"ARX(2,2)",-166.26575479986337,362.53150959972675,413.0910800216417,True,0,1.3752929752313083,0.0004653779215859,0.7273488751551308,0.2224636669879355,0.3189440318432576,1.5967388753351594e-10,0.8940953012515602,0.6594922871586164,0.1416166828902546,0.6656314172623292,0.1271889132651812,0.1892009811593129,0.4612275028698178,0.1594052187080464,0.1252332266386887,-166.2657548192393,362.5315096384786,413.0910800603936
2026-06-01T21:58:04,6,16,60016,"ARX(2,2)",-165.7256849170738,361.4513698341476,412.01094025606255,True,0,0.5430008174473324,0.0015287538824775,0.8335968944961737,0.2711032518879974,0.1705780098722689,9.13350739652483e-18,0.9776951081927376,0.4767249731573707,0.1757419838682619,0.5638858215562881,0.1070950299829616,0.2064241863834983,0.4537808689019367,0.1444967658823003,0.1615546749241455,-165.72568491837058,361.4513698367412,412.0109402586561
2026-06-01T22:00:22,6,17,60017,"ARX(2,2)",-165.73575631594252,361.47151263188505,412.0310830538,True,0,0.5337635278116082,6.061116726760158e-05,0.8369102965527261,0.2754825946470207,0.1625914002723128,6.453402217304833e-13,1.0021209574124748,0.4467947373406544,0.1760660717165809,0.5505897410601084,0.1078548571847933,0.202580993019468,0.4609831352408264,0.1404180839505245,0.1627371607754324,-165.73575636350284,361.4715127270057,412.03108314892063
2026-06-01T22:01:35,6,18,60018,"ARX(2,2)",-166.12771893295562,362.25543786591123,412.8150082878262,True,0,1.1313916752256858,0.0016428549965148,0.7488326757798596,0.2039928304017547,0.3066113843899703,8.667304799567506e-07,0.861561192177977,0.7250839260686514,0.1481164427680617,0.7002077799979667,0.1244228432420931,0.1991838145232658,0.4384731701463332,0.1594571161444052,0.1380723355115199,-166.12771893123082,362.2554378624616,412.8150082843766
2026-06-01T22:07:23,6,19,60019,"ARX(2,2)",-165.72367712342947,361.44735424685894,412.0069246687739,True,0,0.5459007134776476,0.0002243178072049,0.832158192466812,0.2789285471236712,0.1742891877327297,2.514434024957008e-12,0.9568252637691124,0.4848469910893946,0.1757761116476355,0.5698139171524349,0.1069564008043286,0.210225925887577,0.4654360714610572,0.1453702256779537,0.145083286650436,-165.72367711979678,361.4473542395936,412.0069246615085
2026-06-01T22:16:05,6,20,60020,"ARX(2,2)",-166.07677034353623,362.15354068707245,412.7131111089874,True,0,1.0720966545972068,1.4667826875391358e-05,0.7571690027815916,0.2087445962457423,0.2880835860619323,2.8927150351634614e-13,0.9272977596725076,0.6551674406835981,0.1500795618420143,0.6462953466176078,0.1253660532271617,0.2011731146946608,0.3908032909515018,0.1582356581169355,0.1860735009873884,-166.0767703433856,362.1535406867712,412.7131111086861
2026-06-01T22:19:01,6,21,60021,"ARX(2,2)",-165.9516241993005,361.903248398601,412.46281882051596,True,0,0.3766251611716746,0.0273994532389961,0.859364943450502,0.2762624575912844,0.1578905526691151,1.2538811950318148e-19,0.9029062554444754,0.4999011500424836,0.1835124492117828,0.5502243389042001,0.0970183358855276,0.2077803182328181,0.4006191315829261,0.1417460524231686,0.225194512516849,-165.95162419692087,361.90324839384175,412.4628188157567
2026-06-01T22:21:11,6,22,60022,"ARX(2,2)",-165.71903908389422,361.43807816778843,411.9976485897034,True,0,0.5641580531147061,0.0001784839720916,0.8284487673984611,0.2679565489467597,0.1786690903128387,2.99670925672602e-13,0.9769193966916528,0.4867897191138765,0.174836710803682,0.5686035147561951,0.107730066252693,0.2073395667429284,0.4712168186617746,0.1444500992050222,0.1429862836431976,-165.71903908391573,361.43807816783146,411.9976485897464
2026-06-01T22:23:59,6,23,60023,"ARX(2,2)",-165.73651778552886,361.4730355710577,412.03260599297266,True,0,0.5089476043853733,0.0002221384341907,0.8401699003062354,0.2743593397121573,0.1602232961532054,8.740708558999923e-09,1.0047208799568954,0.4461142312862837,0.1788388759339894,0.5535101010359422,0.1073913984227058,0.2092495020448512,0.463203086520302,0.1389414663346405,0.1563343031724672,-165.73651778692007,361.47303557384015,412.0326059957551
2026-06-01T22:26:33,6,24,60024,"ARX(2,2)",-165.90048423023111,361.80096846046223,412.36053888237717,True,0,0.256257750740197,0.036366380362477,0.8793282565995773,0.2842208083737169,0.1521314060533832,4.577454162020644e-22,0.8891742139479524,0.4885114938824446,0.1941641264853322,0.5715102047653156,0.081185957412681,0.1943181686496707,0.409133605753726,0.1479894801222623,0.2459047605446679,-165.9004842204838,361.8009684409676,412.36053886288255
2026-06-01T22:28:17,6,25,60025,"ARX(2,2)",-165.55912037813124,361.1182407562625,411.6778111781774,True,0,0.0795887070261937,0.0545445854087265,0.9366434641818084,0.5794693612632695,0.0012656984442904,0.0247236546211242,0.7917796163589853,3.723037414966587e-05,0.3102869564360417,0.5385347559013364,0.1514423908507249,0.1836191971292998,0.3221005528714897,0.0814583408651908,0.3247505285444368,-165.55912040824433,361.1182408164887,411.6778112384036
2026-06-01T22:30:29,6,26,60026,"ARX(2,2)",-165.8423613461415,361.684722692283,412.24429311419794,True,0,0.1330457995874382,0.0625322601923935,0.9053813860600074,0.3188463793144465,0.1135549462232254,1.5877825474041814e-07,0.826746087992401,0.4599007399025959,0.230193855336489,0.5274367304034133,0.0690868460978143,0.203866236951455,0.312674109772422,0.1644814326599153,0.3175056060877487,-165.84236134446314,361.6847226889263,412.2442931108412
2026-06-01T22:32:56,6,27,60027,"ARX(2,2)",-165.731219906896,361.462439813792,412.02201023570694,True,0,0.575867181705417,7.861300903891107e-05,0.8273553363900564,0.2719578379844617,0.177371005171267,5.711134952601692e-13,0.9931852642610556,0.4627335118771662,0.1741292479433988,0.5782289236043923,0.1081470084618629,0.2020140493494189,0.4696611367947643,0.1433264450016542,0.1512372745737205,-165.73121990640075,361.4624398128015,412.0220102347165
2026-06-01T22:38:18,6,28,60028,"ARX(2,2)",-165.8407532279441,361.6815064558882,412.24107687780315,True,0,0.1331213708235793,0.0621367484790067,0.905197597687885,0.3125687661041433,0.1145861677538931,5.995870280429174e-19,0.8331785064368378,0.4675057290465371,0.229635115937228,0.5250084043874428,0.0696517438028861,0.2023597858603528,0.3099543031289531,0.1642635853203514,0.3214615560713174,-165.84075322777153,361.6815064555431,412.241076877458
2026-06-01T22:40:39,6,29,60029,"ARX(2,2)",-166.0090757739334,362.0181515478668,412.57772196978175,True,0,0.9911725756318344,0.0001785829551718,0.7719364561349568,0.2341009513025259,0.2585212729405721,6.403758749442228e-11,0.9190898685566528,0.6121856427525494,0.1512012241845812,0.6442491353596322,0.1218034987617393,0.1990389260315442,0.4155780500120131,0.1589218520795575,0.1685603951676835,-166.00907576826376,362.0181515365275,412.57772195844245
2026-06-01T22:43:14,6,30,60030,"ARX(2,2)",-165.72038939007535,361.4407787801507,412.00034920206565,True,0,0.5733056278540964,1.698957439306131e-05,0.8266428759684493,0.2676396881040331,0.180090544628343,1.181721040732862e-16,0.9778724886872328,0.4868114845449255,0.1748295323952111,0.574167194339276,0.1079425827285949,0.2058528285448649,0.4745967306261829,0.1441525454131992,0.1416319294304062,-165.72038939011526,361.4407787802305,412.0003492021455
2026-06-01T22:46:01,6,31,60031,"ARX(2,2)",-165.72184175903436,361.4436835180687,412.00325393998367,True,0,0.5659253000356358,0.0004585931455512,0.8281394478101282,0.2592292940729688,0.1794285977338535,3.867893857202529e-13,0.9800898751658378,0.500468627320907,0.1747524158021746,0.569985182707895,0.1079473325309832,0.2075025495617645,0.4699027145444012,0.1436031673168984,0.1443768069182805,-165.72184176052616,361.4436835210523,412.00325394296726
2026-06-01T22:49:31,6,32,60032,"ARX(2,2)",-165.7211836121319,361.4423672242638,412.00193764617876,True,0,0.5628463056321035,0.0001484169090944,0.8298789207145577,0.2682572344387801,0.1768304906886043,7.031567346753842e-14,0.9688132080216486,0.494358647292009,0.1739651899929686,0.5649856199412141,0.1078657091586226,0.2086190492668156,0.4524178226742439,0.1442910135183794,0.1593259468457888,-165.72118360810995,361.4423672162199,412.0019376381349
2026-06-01T22:53:46,6,33,60033,"ARX(2,2)",-165.73122050655485,361.4624410131097,412.02201143502464,True,0,0.6136506244085874,1.86883693939127e-05,0.8197975821978567,0.2602052614135707,0.1885752377846944,1.8815170198806343e-11,0.975618440239594,0.5039293172335556,0.1721513946986887,0.579195092751117,0.1097413503500072,0.2036893687422682,0.4815716684724797,0.1451670626402966,0.1331619939507511,-165.73122050665512,361.46244101331024,412.0220114352252
2026-06-01T22:55:58,6,34,60034,"ARX(2,2)",-165.76026595745412,361.52053191490825,412.0801023368232,True,0,0.6001783077818515,1.4748827213237394e-05,0.8204337325106776,0.2359822428697809,0.1943082671915118,1.2726927771391629e-12,1.00216257608433,0.5258394561153901,0.1736664027386817,0.5728582501500623,0.1112326190123648,0.2048627558810049,0.4862676968686132,0.1407179859143789,0.1318517213125519,-165.76026595707094,361.5205319141419,412.0801023360568
2026-06-01T22:57:57,6,35,60035,"ARX(2,2)",-165.4758680293401,360.9517360586802,411.5113064805951,True,0,0.0422192527554187,0.0390285801550897,0.9524761216015362,0.5056795527188979,0.0088569735950859,0.0306129156537224,0.883843997382766,0.0717838757219149,0.320326172501596,0.5669792148632541,0.1685560690649892,0.1006895104555186,0.3330352796213294,0.1373860625902876,0.3282811946100746,-165.4758680134728,360.9517360269456,411.5113064488605
2026-06-01T22:59:54,6,36,60036,"ARX(2,2)",-165.94221436899886,361.8844287379977,412.44399915991266,True,0,0.3990275808934598,0.024530464944884,0.8534519466652083,0.2706241000826831,0.1655733922997299,3.8213770359695035e-17,0.914116043102253,0.5038834950000427,0.1833746882007753,0.5646874111065401,0.1009750918799953,0.2078621622092876,0.3990995954981892,0.1399668625348515,0.2245149170171464,-165.9422143702065,361.884428740413,412.443999162328
2026-06-01T23:03:34,6,37,60037,"ARX(2,2)",-165.7267020233781,361.4534040467562,412.01297446867113,True,0,0.5532977709024003,0.0029285135280356,0.8311244099862617,0.2691417335447197,0.1746821781587867,3.483948045819978e-13,0.967732792980888,0.4880472483317544,0.1752071469762799,0.569179529500943,0.1073428268943924,0.2067935207283073,0.4566302830675448,0.1450337315415085,0.156750239688125,-165.72670202394062,361.4534040478813,412.0129744697962
2026-06-01T23:06:19,6,38,60038,"ARX(2,2)",-165.73219067861768,361.46438135723537,412.0239517791503,True,0,0.5267144710496977,3.159901839176126e-05,0.8352804606811776,0.274515257612891,0.1653100158952243,2.3375074276150388e-17,0.9899668292871148,0.4609403035482949,0.1785316749677867,0.5488607279070696,0.1054109599907284,0.2068385092763154,0.5129564187686887,0.1370340906350203,0.1137046163622958,-165.7321906785832,361.4643813571664,412.02395177908136
2026-06-01T23:08:51,6,39,60039,"ARX(2,2)",-165.7213229226414,361.4426458452828,412.00221626719775,True,0,0.5318419826039188,2.683720098232181e-05,0.8343919612100956,0.2752980873395277,0.1701860294809098,1.860270277959512e-06,0.9758419596718236,0.4735063585248679,0.1774281107305608,0.5628760352877269,0.1042873310609562,0.2079130393666045,0.4791430353379936,0.1435798974998718,0.1395796382024348,-165.72132292298218,361.4426458459644,412.0022162678793
2026-06-01T23:11:33,6,40,60040,"ARX(2,2)",-165.80232387857524,361.6046477571505,412.1642181790654,True,0,0.7391283601709522,4.959638018976763e-06,0.7987171810892655,0.2499810057541017,0.2146720931893961,1.0055330581375929e-07,0.9741008599466404,0.5259254062420311,0.1659168181071756,0.592638684849667,0.1134492589526264,0.1997267785756497,0.4790610849063743,0.1473890569126762,0.1318600638880269,-165.80232387765673,361.6046477553135,412.1642181772284
2026-06-01T21:31:25,7,1,70001,"ARX(2,2)",-165.76109243859858,361.52218487719716,412.0817552991121,True,0,0.6198001114461928,0.0016395096049481,0.820133424402531,0.2644141538444929,0.1937811422313144,2.7688312830710993e-20,0.9381428371945856,0.5293082505800285,0.1695170958827257,0.5901902954910663,0.1104749347771815,0.203968642697046,0.4154181824990268,0.1559766123024207,0.1835789258611997,-165.7610924499654,361.5221848999308,412.0817553218457
2026-06-01T21:34:15,7,2,70002,"ARX(2,2)",-165.76245748173721,361.52491496347443,412.08448538538937,True,0,0.6278050885549498,1.850794043229531e-05,0.8146847703749805,0.258662558942424,0.1959776947848092,4.801780156319566e-17,0.9941301238859224,0.488502312116058,0.1735572867904972,0.59236694757266,0.1112869835231204,0.2064915596454406,0.5166479496876752,0.1390447561995055,0.101875140945798,-165.76245748116526,361.5249149623305,412.0844853842455
2026-06-01T21:36:10,7,3,70003,"ARX(2,2)",-165.72880287047604,361.4576057409521,412.01717616286703,True,0,0.6019905508055207,2.621846497882105e-05,0.8212310987388526,0.2605599668812784,0.187891423763663,1.9988147213030945e-14,0.9671085646158794,0.511715904333207,0.1727271206050468,0.5717740618304553,0.1074728224153245,0.2077119287167778,0.4858287893511054,0.1442428174711705,0.1276406811713958,-165.72880287112213,361.45760574224425,412.0171761641592
2026-06-01T21:38:15,7,4,70004,"ARX(2,2)",-165.7225287602368,361.4450575204736,412.00462794238854,True,0,0.5737779103660989,0.0008982789388501,0.8283610417451898,0.2687381775056539,0.1788977102891227,6.027935401983411e-18,0.9718967514301452,0.4887097055755084,0.1729732282923749,0.5704529962829633,0.1082385657234077,0.206646509182397,0.4711574276877745,0.1450577456101527,0.142051540837844,-165.72252875434077,361.4450575086816,412.0046279305965
2026-06-01T21:41:10,7,5,70005,"ARX(2,2)",-165.74152794376693,361.48305588753385,412.0426263094488,True,0,0.6369816618172773,1.7155584910994657e-05,0.8161143968254527,0.2616739253168725,0.1947466661662245,1.30547509843306e-10,0.9746511190984584,0.5019627068146517,0.1698165146064721,0.5782564974128621,0.1083905613839554,0.2020414348178063,0.4651995077098786,0.1470056159135013,0.1496435187372841,-165.74152794065668,361.48305588131336,412.0426263032283
2026-06-01T21:44:23,7,6,70006,"ARX(2,2)",-165.7509971592484,361.5019943184968,412.06156474041177,True,0,0.6440504878140783,4.793444562184957e-05,0.8123610219897419,0.2565869783100821,0.1990910701349355,2.085932160200585e-14,0.9767281339789052,0.5099909850367536,0.1712468917934574,0.5687477416443788,0.1084966287624144,0.2046007845282235,0.5059362668425382,0.142552915628589,0.1118370320227329,-165.75099715952572,361.50199431905145,412.0615647409664
2026-06-01T21:46:57,7,7,70007,"ARX(2,2)",-165.74907110678166,361.4981422135633,412.05771263547825,True,0,0.5060524358206199,4.429065079104318e-06,0.8409933766283275,0.278129931886008,0.1586093592905951,0.0,1.0083570962559694,0.4353743438744639,0.1790539095318559,0.5414663219727417,0.1046359090922987,0.207455361687255,0.5171850688940062,0.1319376957731753,0.1173208075357192,-165.7490711080909,361.4981422161818,412.0577126380968
2026-06-01T21:49:23,7,8,70008,"ARX(2,2)",-165.72043344764361,361.44086689528723,412.00043731720217,True,0,0.5496696840609637,2.085174519430137e-05,0.8311617944445356,0.2660559359685751,0.1725450102443239,4.2099492833396284e-09,0.9889560387747892,0.4788885269605735,0.1764407217225281,0.5650257019740027,0.1061914811672985,0.2058744971254071,0.4872476682459905,0.1412955078542054,0.1340017599014518,-165.72043344999335,361.4408668999867,412.0004373219016
2026-06-01T21:51:19,7,9,70009,"ARX(2,2)",-165.80313682984774,361.6062736596955,412.16584408161043,True,0,0.718863854232298,3.792746134824845e-06,0.8014245948919636,0.2452392908254691,0.2218679522293717,7.01178814097341e-07,0.9361688902632592,0.5733430424362493,0.1648866634602706,0.5999904022596885,0.113123128599704,0.2071231149766462,0.4615192773805945,0.1542173202032585,0.1319317427486114,-165.80313682996456,361.6062736599291,412.16584408184406
2026-06-01T21:53:21,7,10,70010,"ARX(2,2)",-165.72322652671727,361.44645305343454,412.0060234753495,True,0,0.5246392106841122,3.011733436383248e-05,0.8358680367734868,0.2742106653024728,0.1673469336454277,2.6107005917603407e-14,0.9756687333220736,0.4758493265365738,0.1778774174456077,0.5538779729751873,0.1051735566785876,0.2079535894968885,0.4873881928557925,0.1403909670702988,0.1338269095833595,-165.7232265264678,361.4464530529356,412.00602347485056
2026-06-01T21:57:00,7,11,70011,"ARX(2,2)",-165.73256718190663,361.46513436381326,412.0247047857282,True,0,0.5904115642602226,0.0011734916120282,0.8233976158154371,0.2667306684723823,0.1845543278431574,4.733300075737138e-13,0.977560543633244,0.485960664335967,0.1742855027610173,0.575145699037611,0.1101104513867855,0.206763765288601,0.4802051851958072,0.144479814542968,0.1330004518874557,-165.7325671803024,361.4651343606048,412.0247047825197
2026-06-01T21:59:25,7,12,70012,"ARX(2,2)",-165.71962790824426,361.4392558164885,411.99882623840347,True,0,0.5439848747488513,4.163895985087522e-05,0.8330100540813702,0.2651441095328835,0.1714166535329403,6.91916398085513e-13,0.9846726713330056,0.4849518871592906,0.1761033912425998,0.5608170188256257,0.1074914245389146,0.2085709972891509,0.4731186875354019,0.142220257803401,0.1430596092168501,-165.7196279628014,361.4392559256028,411.99882634751776
2026-06-01T22:04:44,7,13,70013,"ARX(2,2)",-165.8407381893109,361.6814763786218,412.24104680053676,True,0,0.1330858581945787,0.0621695198189592,0.9051912939833392,0.3126891692043821,0.1145887919310935,6.956879137546294e-19,0.8324675496507207,0.467910323397687,0.229698830779359,0.5250940456794595,0.0696714086342624,0.2025155001531595,0.3091348289731492,0.1645378685560093,0.3217990119046074,-165.84073818930602,361.6814763786121,412.241046800527
2026-06-01T22:08:20,7,14,70014,"ARX(2,2)",-165.7185526543754,361.4371053087508,411.99667573066574,True,0,0.5460908305993878,0.0002086282669579,0.8319082024110808,0.2713788708138677,0.1732849361470172,1.9120876196813385e-12,0.9717368020488112,0.4850706762199762,0.1761094241055715,0.5650327372153197,0.1066587846680737,0.2070373594059071,0.4743923995801635,0.1433475306058212,0.1421944268014044,-165.71855265799718,361.4371053159944,411.9966757379093
2026-06-01T22:11:00,7,15,70015,"ARX(2,2)",-165.71911948059852,361.43823896119704,411.997809383112,True,0,0.5675501590311015,2.621036604983859e-05,0.8279921286097013,0.2653247892364434,0.1792282705308113,4.461798368259221e-11,0.9744501083245724,0.4948440270837445,0.1745401941294749,0.5710551869340704,0.1081639687594094,0.2065285855893035,0.4640913583963325,0.14517365512212,0.1489308261900696,-165.71911948064331,361.4382389612866,411.9978093832016
2026-06-01T22:14:28,7,16,70016,"ARX(2,2)",-165.783075067703,361.566150135406,412.12572055732096,True,0,0.6895725498621358,0.0002478974455039,0.8059102819118935,0.272664573040102,0.2060019342819454,6.204956732153143e-19,0.940831147729948,0.5132622302255978,0.1683140073880871,0.599602987986575,0.110314211982736,0.2036739549619111,0.4621176294804838,0.151472896733507,0.1427131052406115,-165.78307506910303,361.56615013820607,412.125720560121
2026-06-01T22:17:25,7,17,70017,"ARX(2,2)",-165.7967273491828,361.5934546983656,412.1530251202805,True,0,0.4616774416055415,2.054229431084269e-05,0.851831021915644,0.26559421782711,0.1476775811100492,2.380809499452432e-18,1.0357780229254532,0.4329920941825927,0.1806229316973234,0.5619925526634368,0.1068694777110971,0.2051559961277635,0.4351371048276672,0.135178961511574,0.1939669666486017,-165.79672734889095,361.5934546977819,412.1530251196969
2026-06-01T22:19:49,7,18,70018,"ARX(2,2)",-165.7432453924083,361.4864907848166,412.04606120673157,True,0,0.4849502141481207,6.827408139490848e-05,0.8459978036401691,0.2807882211184986,0.1553094198226862,3.960331701178827e-17,0.9883107935890476,0.4499763835815402,0.1787708819344526,0.5554302396383822,0.101728480745724,0.2098408316894945,0.4687083333087857,0.1367614265351477,0.1591742648639431,-165.74324539117512,361.48649078235024,412.0460612042652
2026-06-01T22:23:32,7,19,70019,"ARX(2,2)",-165.71871763635892,361.43743527271783,411.9970056946328,True,0,0.5428615608179713,0.0001350375950109,0.8326397144139416,0.2715136200051276,0.1722129824971524,8.770570568772547e-18,0.979074287071889,0.4776189769373047,0.1764805033933537,0.564389049458424,0.1069623359976242,0.2067291864093953,0.4737145546709554,0.1421676570482171,0.1446290920863551,-165.7187176371644,361.4374352743288,411.9970056962437
2026-06-01T22:25:56,7,20,70020,"ARX(2,2)",-166.11969285482547,362.23938570965095,412.7989561315659,True,0,0.1154676057577012,0.0365838926602629,0.90829175870636,0.627443699172598,0.0269156691937944,0.040868970960161,0.6783862022006242,0.0177564802616209,0.2712927522093317,0.5792674234015512,0.1047322899290097,0.1926648749530462,0.1830060614746512,0.1791601466558278,0.3909296102547556,-166.1196928531857,362.2393857063714,412.7989561282864
2026-06-01T22:28:13,7,21,70021,"ARX(2,2)",-165.7184976492915,361.436995298583,411.9965657204979,True,0,0.5418325092163018,0.0001204157376354,0.8323002819527259,0.2697846766910372,0.1733144936309607,3.6089709907249965e-14,0.9777533594240936,0.4824278705219442,0.1766348516024776,0.5645085180609793,0.1066116696739919,0.2079551012118126,0.4734948459612324,0.1426685483281562,0.1430749703062001,-165.71849764763476,361.4369952952695,411.99656571718447
2026-06-01T22:31:00,7,22,70022,"ARX(2,2)",-165.8789845045018,361.7579690090036,412.31753943091854,True,0,0.2430667647719805,0.0344382705639688,0.8822678635811363,0.2708276946495468,0.149101290792379,2.3803870272041416e-10,0.884193631757441,0.5239134104526744,0.1942179562915242,0.5402499503433604,0.0802349552496324,0.2002692746952315,0.3978862253301934,0.1466590937422227,0.2514385860203427,-165.87898444418192,361.7579688883639,412.3175393102788
2026-06-01T22:33:49,7,23,70023,"ARX(2,2)",-165.72835063443637,361.45670126887273,412.0162716907877,True,0,0.6038093631832279,2.725878180929268e-05,0.8204269767230453,0.2589325097360426,0.1892366450032209,5.349824232816636e-12,0.9751049928732162,0.5069692535347364,0.173003389641746,0.5778060840207544,0.1089074028441337,0.2053175692421313,0.479715935256265,0.1453071333754262,0.1336376741779172,-165.7283506350022,361.4567012700044,412.0162716919193
2026-06-01T22:36:42,7,24,70024,"ARX(2,2)",-165.7214392592105,361.442878518421,412.00244894033597,True,0,0.5505476160475985,0.0012270353323493,0.8306166715601043,0.2690421932789996,0.1753581709750454,2.4524425582468683e-08,0.9740464685539264,0.4853551715537134,0.1762209894763924,0.5667614417157995,0.1075342498259122,0.2073935490003777,0.4751506332680359,0.1417404609179545,0.1414372612481882,-165.72143934240344,361.4428786848069,412.0024491067218
2026-06-01T22:39:52,7,25,70025,"ARX(2,2)",-166.31083876546987,362.62167753093973,413.1812479528547,True,0,0.3595032763926114,0.0338663867323506,0.8722242508827598,0.4301089628701676,0.1072721313374345,1.447316745379818e-18,0.9725603293967938,0.1123928952154187,0.1967987538948931,0.6257879142432989,0.0803763071676543,0.2260325344982451,0.569545466091618,0.0910197167632546,0.1108278050715463,-166.31083876503556,362.6216775300711,413.18124795198605
2026-06-01T22:43:17,7,26,70026,"ARX(2,2)",-165.77410682846852,361.54821365693704,412.107784078852,True,0,0.6936829985801393,3.478522572428022e-05,0.8064605125564941,0.2513758555237517,0.2085448322286398,5.901549124553597e-13,0.9683182019229888,0.5288469997968994,0.1672371944855919,0.5866802702885823,0.1141467262737319,0.2083616288681389,0.4531516798382056,0.147429514261672,0.1473320249752756,-165.77410682851502,361.54821365703,412.107784078945
2026-06-01T22:44:49,7,27,70027,"ARX(2,2)",-165.72201177771976,361.4440235554395,412.00359397735446,True,0,0.54337736007844,0.0002446116184533,0.8317463913250719,0.2660324044481603,0.1738654710412063,1.7398661813111504e-15,0.9774047744182912,0.4900221333037702,0.1768399177375388,0.5620570577979482,0.106458990094577,0.2071232311066632,0.4932359047209504,0.1417960867607154,0.1258388821399905,-165.72201177844457,361.44402355688914,412.0035939788041
2026-06-01T22:47:44,7,28,70028,"ARX(2,2)",-165.33305655211697,360.66611310423394,411.2256835261489,True,0,0.0579340892095373,0.0362260566900584,0.9328124577062392,0.5902468878977951,0.0016132989653949,0.0397752770779697,0.7255024139254751,0.0563931519568524,0.3517504332386014,0.5748978620929458,0.118924902328653,0.1461941620368113,0.0149408545870205,0.172611200113391,0.60885229157836,-165.33305655622706,360.6661131124541,411.22568353436907
2026-06-01T22:49:34,7,29,70029,"ARX(2,2)",-165.73235555716974,361.4647111143395,412.0242815362544,True,0,0.5532314098087467,0.0030481783584734,0.8306100862312261,0.2719415127860048,0.1761221415500126,2.197631757368352e-06,0.9492090647714172,0.5006465598735073,0.175455205910146,0.5755387088500183,0.1088575568178784,0.2092709022919007,0.4582048653970199,0.1442318522892699,0.1505065708154321,-165.73235555346895,361.4647111069379,412.0242815288528
2026-06-01T22:56:28,7,30,70030,"ARX(2,2)",-165.723723825992,361.447447651984,412.00701807389896,True,0,0.5925485348069217,0.0001610985478107,0.8238258372353048,0.2675841522749669,0.1839634722174761,1.9334878887395164e-14,0.9713714537280586,0.4931160276676018,0.1730084006486041,0.5722112431512318,0.1084852845599687,0.2061472505592579,0.466220482635424,0.145405785736891,0.1467507131623896,-165.7237238221079,361.4474476442158,412.00701806613074
2026-06-01T22:59:15,7,31,70031,"ARX(2,2)",-165.38912854871148,360.77825709742297,411.3378275193379,True,0,0.0465569413634592,0.0388525072966484,0.9515683176109831,0.5740698209893857,0.0083272922253151,0.0320056266314701,0.8120456148847617,1.5659138972136556e-07,0.3100350279957123,0.6154115491889846,0.1698303438278899,0.1103284540693599,0.3483503595546173,0.1322853086198171,0.302648457567297,-165.38912855126952,360.77825710253904,411.337827524454
2026-06-01T23:01:33,7,32,70032,"ARX(2,2)",-165.8264397970022,361.6528795940044,412.21245001591933,True,0,0.5658178471333705,9.424434410534833e-07,0.8334087961874687,0.2305056345447092,0.1744055168026757,5.3220914436495806e-11,1.0056611445947512,0.5333253592193569,0.1711029564533233,0.5810754949624212,0.115476774366398,0.2124276469846456,0.3594479282197882,0.1492428093787825,0.2323540056323144,-165.82643979828384,361.6528795965677,412.2124500184826
2026-06-01T23:03:35,7,33,70033,"ARX(2,2)",-165.72083918319476,361.4416783663895,412.00124878830445,True,0,0.5568850023175179,0.0006209629924471,0.8293538595243694,0.2732953867639813,0.1769057998405125,4.735505448464575e-11,0.9636433652083088,0.4884710749345962,0.1756934549981664,0.5672735176373255,0.107006226807373,0.2066661507700946,0.4745668864853447,0.1431448320914891,0.1419008547691621,-165.72083917922396,361.4416783584479,412.00124878036286
2026-06-01T23:06:28,7,34,70034,"ARX(2,2)",-165.87225658964238,361.74451317928475,412.3040836011997,True,0,0.2397928831993478,0.0352333355043584,0.8820298540752984,0.2693048548820859,0.1548439780388521,1.264216753472046e-13,0.8632404243294733,0.5440499668220533,0.1933004312895952,0.5630336472431535,0.0803348708265767,0.2011097080238556,0.3668690117348613,0.1521540327514757,0.2743663087331173,-165.87225660159928,361.74451320319855,412.3040836251135
2026-06-01T23:09:49,7,35,70035,"ARX(2,2)",-165.72127046257097,361.44254092514194,412.0021113470569,True,0,0.5437548079510145,0.0010520367114143,0.832953161155079,0.2715169287213868,0.1714189555439473,4.1127287578387613e-13,0.9763446736465848,0.4785348103217205,0.1759158905067842,0.5634213863020824,0.1064713637595592,0.2074726722518242,0.4698487779183805,0.1424569191621134,0.1475179950852209,-165.72127043246485,361.4425408649297,412.00211128684464
2026-06-01T23:13:45,7,36,70036,"ARX(2,2)",-166.61237079918942,363.22474159837884,413.7843120202938,True,0,2.650964574111287,0.0565526094329463,2.3417987485227248e-05,0.5643791288474276,0.0057984602639851,0.4704586120914492,0.8290454497110042,2.0303569831147348e-10,0.2134989385993461,0.4430668686277547,0.1024099332418445,0.2160652382869737,0.5005600259638928,0.0506290626580352,0.1975852312783977,-166.61237079889924,363.22474159779847,413.7843120197134
2026-06-01T23:17:13,7,37,70037,"ARX(2,2)",-166.03796853463737,362.07593706927474,412.6355074911897,True,0,1.0092376671036738,0.0004291290556449,0.7634528720185929,0.2186767557310085,0.280713440256674,1.352147996089008e-12,0.8896408215052561,0.6716368663054946,0.1516588945728507,0.6372165911725741,0.124549512759814,0.2018790875462875,0.3942182996248442,0.1613205494281465,0.1779304367174987,-166.03796853166676,362.0759370633335,412.63550748524847
2026-06-01T23:19:13,7,38,70038,"ARX(2,2)",-165.84078356751326,361.6815671350265,412.24113755694145,True,0,0.1335379779499363,0.0621891194797586,0.9050510969869922,0.3127963618621734,0.1147819546558356,2.1052424214359787e-18,0.8327938918093747,0.4672463298711455,0.2293255489443952,0.5254659261035012,0.0698892075921111,0.2024467421961648,0.3076998530259688,0.1645874689518711,0.3229023817425415,-165.84078356752124,361.6815671350425,412.2411375569574
2026-06-01T23:21:44,7,39,70039,"ARX(2,2)",-166.365483387658,362.730966775316,413.29053719723095,True,0,0.0811913899295211,0.0720838204536839,0.9274158846117656,0.3523727421024616,0.093500907215756,0.0,0.7264442605058715,0.4747993627933108,0.2447972610988292,0.5833641505896744,0.0237940076411556,0.1965029075776128,0.2998100592414708,0.1751838234367395,0.3744315939321301,-166.36548338796678,362.7309667759336,413.2905371978485
2026-06-01T23:23:33,7,40,70040,"ARX(2,2)",-165.71983837058195,361.4396767411639,411.99924716307885,True,0,0.5499143939085565,0.0004254213679883,0.8315270261100025,0.2732334808154191,0.1739647222980452,2.3288195589887394e-14,0.9708805213853064,0.4817575111556783,0.1757781251621388,0.5687899530619306,0.1077598981028137,0.2068084954167408,0.467652948526038,0.1451309352542823,0.1461174742494211,-165.71983833864124,361.4396766772825,411.9992470991974
2026-06-01T21:10:23,8,1,80001,"ARX(2,2)",-165.86682041598672,361.73364083197345,412.2932112538884,True,0,0.4010171137776837,9.761190757084948e-05,0.8640561597041259,0.289154520428127,0.1259015408821803,7.875930691595772e-18,1.0238061709405653,0.3977207613483701,0.1868005648601854,0.5193089990209825,0.0972098883602681,0.2042705809794613,0.5296256299660518,0.1268008421426681,0.1216880419483282,-165.86682042416635,361.7336408483327,412.2932112702477
2026-06-01T21:13:39,8,2,80002,"ARX(2,2)",-165.72667417998605,361.4533483599721,412.01291878188704,True,0,0.5474236485315456,0.0013497807084585,0.832653301647964,0.2817673447094455,0.17140651912432,8.263508311867243e-16,0.9651132578208736,0.4685880167541413,0.1755384547349685,0.5661889807189321,0.10584694769756,0.2051652870432101,0.4709188019021668,0.1430233886498703,0.1490707097742557,-165.72667419861943,361.45334839723887,412.0129188191538
2026-06-01T21:15:28,8,3,80003,"ARX(2,2)",-165.72711842983597,361.45423685967194,412.0138072815869,True,0,0.5214361505832031,5.197776651197002e-05,0.8365871901095195,0.2757161865714998,0.1685415676610356,3.2637706554460995e-17,0.9602737155396986,0.488187452736096,0.1771615187504397,0.5531283956612,0.1056185265508036,0.2118149441934511,0.4691559365424226,0.1441574661852468,0.142217610346412,-165.7271184557918,361.4542369115836,412.01380733349856
2026-06-01T21:17:17,8,4,80004,"ARX(2,2)",-165.72137550884005,361.4427510176801,412.00232143959505,True,0,0.5503597498085616,0.0005414155280896,0.8320186268096007,0.2694175853503989,0.1725447361767746,3.1192511884069145e-08,0.9812183239144526,0.4788215662986063,0.1754550767716315,0.5654706105336793,0.1080140673524077,0.2064248074553946,0.458794057078729,0.1425357512022629,0.1580588423825034,-165.7213753771834,361.4427507543668,412.0023211762817
2026-06-01T21:19:43,8,5,80005,"ARX(2,2)",-165.74193237567175,361.4838647513435,412.04343517325844,True,0,0.5056618397857365,5.44975015723373e-05,0.8385478585817205,0.2753048128156976,0.1630863946550843,9.67115023044756e-09,0.9820803692804512,0.4672022598606669,0.1802920353497976,0.5494971119206212,0.1043088959795508,0.2117737450037984,0.5203978814925931,0.1356183098163534,0.1041997916365858,-165.74193246456406,361.4838649291281,412.0434353510431
2026-06-01T21:24:36,8,6,80006,"ARX(2,2)",-165.72065285472385,361.4413057094477,412.00087613136265,True,0,0.5590181705069762,0.0009830168748018,0.8300481650389787,0.2704163587204458,0.1755111898149433,2.0386278198141278e-12,0.9721146591793658,0.4849902946244541,0.1749681152816802,0.5679987245755351,0.1075195081759477,0.2067550770333918,0.4699118140707041,0.143007561733898,0.1464445771928142,-165.72065285453493,361.44130570906987,412.0008761309848
2026-06-01T21:28:47,8,7,80007,"ARX(2,2)",-165.68116005494585,361.3623201098917,411.92189053180664,True,0,0.0755981348563139,0.0434118041618773,0.9346975208555766,0.597702939697332,0.0147577091131568,0.0318582536260011,0.7572238074534665,3.1903657956787406e-24,0.2923397355684852,0.5971952896537808,0.1455195661996995,0.1393736081889187,0.307075310992743,0.1443412833147714,0.323188552979138,-165.6811600497544,361.3623200995088,411.9218905214237
2026-06-01T21:30:40,8,8,80008,"ARX(2,2)",-165.72241881504794,361.4448376300959,412.00440805201083,True,0,0.5508085867179755,1.5756267237605254e-05,0.8317173594299068,0.2648920495631306,0.175394403376328,3.4591194253804067e-15,0.9702278427126184,0.4999542880125895,0.1748510301134259,0.5655908170795906,0.1081227762788974,0.209205057593819,0.4442438555021755,0.1469756550277225,0.1635253944508536,-165.72241881384963,361.44483762769926,412.0044080496142
2026-06-01T21:35:50,8,9,80009,"ARX(2,2)",-139.37640209788145,308.7528041957629,359.31237461767785,True,0,6.435932403240547,8.31570326300224,3.2902492015829044e-05,0.536980355202461,3.5334985889584165e-10,0.8969073558242108,0.783636396567965,6.580527303949322e-05,0.0074858950564221,0.0899111711708779,0.0036880512336747,0.3871167976680837,0.4159657373455844,0.1784372630267009,0.0871976295332996,-139.3764020979194,308.7528041958388,359.31237461775373
2026-06-01T21:37:52,8,10,80010,"ARX(2,2)",-165.71858461500454,361.4371692300091,411.99673965192403,True,0,0.5587517306494229,0.0001756652129052,0.8298256318475818,0.2688556053178957,0.1762027318738918,1.1529259793564001e-12,0.975535051835096,0.48638053237962,0.1750965740259776,0.567849604783842,0.1078604521442793,0.2072281849289858,0.4652458167825402,0.1443386108507292,0.1486183466212804,-165.71858461423884,361.43716922847767,411.9967396503926
2026-06-01T21:39:29,8,11,80011,"ARX(2,2)",-165.75101953853112,361.50203907706225,412.0616094989772,True,0,0.4932428100679081,0.0003343100825813,0.84335762544979,0.2738883273958727,0.1644990236164991,1.757254704565907e-09,0.95875093937471,0.4927499922985211,0.1778322776516745,0.5844689746311424,0.104272837304967,0.2105638217480897,0.4380488036040483,0.143509985415974,0.1772409495413674,-165.75101948817132,361.50203897634265,412.0616093982576
2026-06-01T21:41:28,8,12,80012,"ARX(2,2)",-165.7197494750601,361.4394989501202,411.99906937203514,True,0,0.5599796679473377,0.0005344127297988,0.8292055731108358,0.2649047871975085,0.1776080012199426,1.1797435221907357e-12,0.9736833116591556,0.495354359700508,0.1752193634837613,0.5687452728220654,0.1073900964470262,0.2070780916018766,0.4738767616771436,0.1439222842776238,0.1411763514000599,-165.7197494844437,361.4394989688874,411.99906939080233
2026-06-01T21:44:15,8,13,80013,"ARX(2,2)",-165.71955455784638,361.43910911569276,411.9986795376077,True,0,0.5496848235662574,0.0003665491331466,0.8314947009007536,0.2735009476719184,0.1732962603124505,1.1877625200206509e-11,0.9761048810777098,0.4761334598790415,0.1759086591089027,0.5666734711450591,0.1069088750612111,0.2069973926003906,0.4721053163467224,0.1428907311506158,0.1449878793985472,-165.71955452510207,361.43910905020414,411.9986794721191
2026-06-01T21:47:22,8,14,80014,"ARX(2,2)",-165.73087534410874,361.4617506882175,412.0213211101324,True,0,0.6132983966530652,2.033611285107219e-05,0.8204038564304797,0.2595798722842574,0.1894495234234379,8.372397569025415e-10,0.976308992084496,0.5044857633598943,0.1714364581932643,0.5786662137723303,0.110427711817212,0.2043313374496388,0.4665864988546934,0.1472056145942981,0.1438937906293174,-165.73087534410226,361.4617506882045,412.02132111011946
2026-06-01T21:49:13,8,15,80015,"ARX(2,2)",-165.71947491014117,361.43894982028235,411.9985202421973,True,0,0.5358742858656542,1.0386801037555857e-05,0.8337635221623335,0.2728116566069617,0.1703434888205704,2.2289293927289893e-07,0.9774355791140787,0.4769198893521756,0.1770317277842178,0.5599688858828205,0.1061194611519485,0.2082517846886283,0.4801963777840283,0.1412778568885312,0.1385892323534767,-165.71947491047547,361.4389498209509,411.9985202428659
2026-06-01T21:51:18,8,16,80016,"ARX(2,2)",-165.8160224908873,361.6320449817746,412.1916154036895,True,0,0.4971557373836522,0.0055510638415087,0.8463390461902474,0.3129055328778981,0.1521949793912528,2.146537274386095e-16,0.9424034767211644,0.4214613876327627,0.17595807835721,0.5363960275368589,0.1057280030720782,0.2135267256847158,0.4378664463479825,0.142760404714092,0.1731073833191329,-165.81602249088292,361.6320449817658,412.1916154036808
2026-06-01T21:53:29,8,17,80017,"ARX(2,2)",-165.72467564935027,361.44935129870055,412.0089217206155,True,0,0.5232570172879275,0.0005458420384477,0.836703158047609,0.2763983162654388,0.1670509385354147,9.202637072882021e-10,0.9677691935969082,0.4783134363024986,0.1772636980743745,0.5588113530084856,0.1055845585499466,0.207907243425578,0.4616011801080517,0.1435874769669997,0.1548390918215334,-165.72467558849576,361.4493511769915,412.00892159890645
2026-06-01T21:55:04,8,18,80018,"ARX(2,2)",-165.72109078201976,361.4421815640395,412.00175198595446,True,0,0.5756424243759283,3.4902776504233084e-05,0.8261557667726536,0.2614155050065332,0.1824070015174268,3.116398007944007e-10,0.9768830938337142,0.5002081874751023,0.174230367149095,0.5732005279596202,0.1085188553372452,0.2072710771505407,0.465046615158305,0.1451054579386767,0.1470078239749912,-165.72109077213756,361.4421815442751,412.00175196619006
2026-06-01T21:57:02,8,19,80019,"ARX(2,2)",-165.8407511703677,361.6815023407354,412.24107276265033,True,0,0.1330291903172969,0.0620620603926415,0.9052334692687696,0.3131795300778391,0.1145166274685356,3.056471354169028e-19,0.8326511415750859,0.4668449014099378,0.2296845525508751,0.5252746349346191,0.069621217838283,0.2023555466919263,0.3099706607283158,0.164465928312383,0.3212821081037177,-165.84075117046262,361.6815023409253,412.2410727628402
2026-06-01T22:01:13,8,20,80020,"ARX(2,2)",-166.3004346964901,362.6008693929802,413.16043981489514,True,0,0.4148248832741728,0.0313280532478735,0.8595442982212502,0.3959419260065253,0.1243041127612603,3.5465412524051777e-19,1.0167134380222158,0.1380305305986086,0.1915405410338043,0.6390611364344947,0.0859795879430479,0.2266239951318844,0.5772579905008258,0.0956108724354755,0.0926529851672034,-166.30043469658943,362.60086939317887,413.1604398150938
2026-06-01T22:03:17,8,21,80021,"ARX(2,2)",-166.59338194007415,363.1867638801483,413.74633430206325,True,0,2.6085535462766183,0.058797832354669,1.843334860239596e-16,0.5598398451905294,8.546576418858491e-09,0.4468093850408532,0.8378236434938297,6.712339230406331e-16,0.2163489853385597,0.4308930101719614,0.1013057972990058,0.2158698109552528,0.5315394831371735,0.0451728656098553,0.1758461256926753,-166.59338194960856,363.1867638992171,413.74633432113205
2026-06-01T22:05:19,8,22,80022,"ARX(2,2)",-166.06799606746569,362.13599213493137,412.6955625568463,True,0,1.0074623956971334,0.0032145123033243,0.7620391366862974,0.205355513933061,0.2898277798213117,6.60992402240813e-14,0.8572101921634889,0.7212184337668843,0.1522660182167097,0.6794554260808329,0.1225608334693285,0.2043752693081005,0.448299597518076,0.1619281463666878,0.1220043277976311,-166.0679960660691,362.1359921321382,412.69556255405314
2026-06-01T22:10:37,8,23,80023,"ARX(2,2)",-165.73457400318253,361.46914800636506,412.02871842828,True,0,0.6139420705788643,9.243643308811464e-05,0.8182052165687573,0.2592513907439162,0.1955193428072661,1.3023022420114522e-15,0.9643360075277252,0.5169513217445467,0.1722976556408439,0.5838367895416068,0.1101334867201197,0.2060095203593635,0.4705693591919548,0.1470432628473547,0.1388260658594126,-165.73457399814515,361.4691479962903,412.0287184182053
2026-06-01T22:13:00,8,24,80024,"ARX(2,2)",-166.29500566256047,362.59001132512094,413.1495817470359,True,0,0.3974903694149689,0.0311936789604691,0.8635674570388526,0.4065029117634257,0.120083250819856,6.203001120558004e-22,1.0001945390393443,0.1347341491823034,0.192711824169813,0.6288434170238759,0.0851124167381156,0.2264605908955279,0.5691267812811249,0.0963106782915906,0.1014418673334177,-166.29500566280822,362.5900113256165,413.1495817475314
2026-06-01T22:15:08,8,25,80025,"ARX(2,2)",-165.77408083646492,361.54816167292984,412.1077320948448,True,0,0.6805762980437825,6.423631633884154e-05,0.8058388858259649,0.2561875463469384,0.2091594270667418,1.402703678082231e-09,0.946310978211227,0.5411565974020434,0.1691484799621784,0.5922531660774042,0.1087286142193529,0.2041754836778665,0.4961626210061919,0.1467540793365933,0.1157360112325184,-165.77408083261173,361.54816166522346,412.1077320871384
2026-06-01T22:19:55,8,26,80026,"ARX(2,2)",-165.73381503932563,361.46763007865127,412.0272005005662,True,0,0.5900306718678422,0.0003750318999934,0.8226471735108652,0.2638582206928053,0.1820505087471631,0.0,0.9759135686916433,0.4956118987914267,0.1746068823937879,0.5582543331482362,0.1083855408689895,0.2039721250012523,0.5064415827661003,0.1385288529074642,0.1167426194760228,-165.73381503719395,361.4676300743879,412.0272004963029
2026-06-01T22:23:37,8,27,80027,"ARX(2,2)",-165.72195941614387,361.44391883228775,412.0034892542027,True,0,0.5278255153168252,2.049349584028889e-05,0.8353300554924399,0.2661958679851693,0.1687733513869179,2.8542134674540603e-19,0.9863974147904988,0.4811683133721624,0.1775741374048005,0.5653939054858653,0.1055939958429475,0.2060678748845631,0.4849562419009608,0.1402071145622841,0.1379926353395457,-165.72195941480732,361.4439188296146,412.0034892515296
2026-06-01T22:26:37,8,28,80028,"ARX(2,2)",-165.7236515452447,361.4473030904894,412.00687351240435,True,0,0.5731133582231344,0.000195703194475,0.8265186178046369,0.2671602140822318,0.1824934177139942,7.028702355349595e-07,0.958299794684152,0.5069492053560923,0.1741014918508062,0.5746423374020352,0.1071857020170539,0.2082521213697181,0.4531669421509178,0.1473943258903135,0.1559810933311119,-165.72365154532608,361.44730309065216,412.0068735125671
2026-06-01T22:29:34,8,29,80029,"ARX(2,2)",-165.7212120631693,361.4424241263386,412.00199454825355,True,0,0.5512021801664694,0.0001777120114164,0.8322143916622048,0.2745783447121684,0.1705319024419122,2.7207458169142938e-08,0.9761487508135652,0.4743248343012811,0.1755354140069761,0.5662814213532454,0.1089433041378012,0.20640949377706,0.4646558965727192,0.1437985704982741,0.1493549536776331,-165.72121196178858,361.4424239235772,412.0019943454921
2026-06-01T22:32:05,8,30,80030,"ARX(2,2)",-165.8076467003213,361.6152934006426,412.17486382255754,True,0,0.7276937640017738,1.5134845619605872e-05,0.79722068128589,0.2530466724746408,0.2134140854604957,2.689799584039255e-15,0.976408414484601,0.5174644064436684,0.1686892961123836,0.5763602099805167,0.110497372804256,0.1975504173634889,0.5223443138999965,0.1444597009838065,0.0984633549790296,-165.80764670020517,361.6152934004104,412.1748638223253
2026-06-01T22:36:04,8,31,80031,"ARX(2,2)",-165.71971542667004,361.43943085334007,411.999001275255,True,0,0.5524791031536241,4.221152568252681e-05,0.8320206868253992,0.2684335425352301,0.17283369540826,5.9274241042264995e-09,0.9802882457708544,0.4827560456967614,0.1747967796691775,0.5626061936599318,0.106098281381446,0.2087426900641182,0.4808633378229714,0.1411214910857929,0.1377865880541851,-165.71971542825895,361.4394308565179,411.9990012784328
2026-06-01T22:38:34,8,32,80032,"ARX(2,2)",-166.21064970264368,362.42129940528736,412.9808698272023,True,0,0.1327297641291376,0.0551833058243948,0.9137668011429896,0.5245409063246788,0.0516336762651657,0.0195135542747084,0.8384364178915422,0.0467737666874943,0.2442275692406798,0.5792624035485004,0.0832609590088951,0.1773988307960042,0.489839876283778,0.1061882778227962,0.2153068424882638,-166.21064969881195,362.4212993976239,412.9808698195389
2026-06-01T22:42:36,8,33,80033,"ARX(2,2)",-165.85767757176475,361.7153551435295,412.27492556544445,True,0,0.1435235906046642,0.0673365776711336,0.9025158257712752,0.2996042985426667,0.1169027152362733,3.387682938525939e-06,0.8392369929005046,0.4820200231224456,0.2266668627903289,0.5251512311989017,0.0749798142392468,0.2055358263241933,0.325944686568887,0.1640239062443003,0.2972768076931285,-165.85767759078033,361.7153551815607,412.2749256034756
2026-06-01T22:47:03,8,34,80034,"ARX(2,2)",-165.7214318533807,361.4428637067614,412.0024341286763,True,0,0.5299537308644624,4.703659146978094e-05,0.8351891126941156,0.2729560781840952,0.1690050468127112,3.057954760902661e-15,0.9868834500450148,0.4671074974771527,0.17742501726564,0.5619381005339351,0.1063925266149285,0.2072705073928551,0.4719288594391795,0.1410846353086042,0.1482225214056389,-165.7214318532148,361.4428637064296,412.0024341283445
2026-06-01T22:50:10,8,35,80035,"ARX(2,2)",-165.71907802675972,361.43815605351944,411.9977264754344,True,0,0.5380107921996204,2.867165370277081e-05,0.833712600456389,0.2697817439962219,0.1713343925179427,7.464023899711887e-11,0.9807540431086212,0.4796223301663807,0.1765921659394225,0.5628387484079722,0.1060495377799699,0.2072752294511189,0.4795045592995979,0.1429418607784589,0.1387872155464517,-165.71907802698257,361.43815605396514,411.9977264758801
2026-06-01T22:52:54,8,36,80036,"ARX(2,2)",-165.7743905754782,361.5487811509564,412.10835157287136,True,0,0.4555854457511178,4.891986499822065e-05,0.8510721948879502,0.2827402370265168,0.1447030962503866,4.19778748151283e-17,1.0032161520556833,0.4312150578935255,0.1826066711761159,0.5299836885114736,0.1016255001961001,0.2073941382454898,0.4959783033463155,0.1321877478952456,0.139963587769104,-165.77439057538842,361.5487811507769,412.1083515726918
2026-06-01T22:55:26,8,37,80037,"ARX(2,2)",-165.33479553195076,360.6695910639015,411.22916148581646,True,0,0.0523202698583653,0.0429474700093762,0.9411475463812714,0.5257757031973118,0.0043974655296356,0.0281564927713512,0.8557546908990707,0.0542415740821976,0.3870841878493838,0.5731010754028087,0.1718666103019644,0.1707152329158719,0.1434313699267669,0.1367243604047442,0.4383521965099262,-165.3347955319392,360.6695910638784,411.2291614857933
2026-06-01T22:58:38,8,38,80038,"ARX(2,2)",-165.89347899461268,361.78695798922536,412.3465284111403,True,0,0.7797815244313736,7.57529899836153e-06,0.7945475311544175,0.2249016495473825,0.2278589206146211,4.39835210032329e-08,1.00395982772788,0.5462161050894544,0.1632433093028436,0.633957993157034,0.121130852606302,0.1973587838847563,0.4638767412824141,0.1507042883503166,0.1379910249876559,-165.89347899483113,361.7869579896623,412.3465284115772
2026-06-01T23:01:08,8,39,80039,"ARX(2,2)",-165.71897282963636,361.4379456592727,411.99751608118765,True,0,0.5463890635546266,0.0003999757004354,0.8319048133126773,0.2673824699023642,0.1739153949103903,1.5493116576698848e-10,0.9783664768085324,0.4860310668823046,0.1760959298885233,0.5659822062841807,0.1067341458267133,0.2075587835870865,0.471848400990882,0.1425264882982635,0.1452552616371486,-165.71897282765963,361.43794565531925,411.9975160772342
2026-06-01T23:02:57,8,40,80040,"ARX(2,2)",-165.38969982945073,360.77939965890147,411.3389700808164,True,0,0.0471828651329503,0.0392450186595281,0.9513550777796808,0.5734730326052658,0.0082665339225794,0.0320137250343908,0.8127473566324066,1.2109501290486349e-17,0.3085014105013987,0.6176419702499534,0.1698232383426849,0.1109122207928786,0.3477349879315561,0.1322591526101905,0.3022177711739647,-165.3896998287952,360.7793996575904,411.3389700795053
2026-06-01T21:20:53,9,1,90001,"ARX(2,2)",-166.04837519760795,362.0967503952159,412.65632081713085,True,0,0.2115842212600588,0.0652523873557837,0.8826841917043979,0.2931761855414486,0.1391244390263258,4.4748308346546884e-12,0.8272770893921203,0.5032665863466115,0.2053967850210528,0.5269556049763005,0.0952236297447659,0.2094305914654593,0.3004922597833122,0.1713717388727554,0.2855199645612495,-166.04837519525688,362.09675039051376,412.6563208124287
2026-06-01T21:22:57,9,2,90002,"ARX(2,2)",-165.84440799699087,361.68881599398173,412.2483864158967,True,0,0.1302871423718594,0.0612358451599445,0.906554865800944,0.3218536708802746,0.1122047169145396,2.5014209054182678e-18,0.826303301689509,0.4568451188949602,0.2303364553599919,0.5198814265480755,0.0678227939418732,0.2020949464649587,0.3211337938417026,0.1637889437126777,0.3134810161077029,-165.8444080231662,361.6888160463324,412.24838646824736
2026-06-01T21:24:12,9,3,90003,"ARX(2,2)",-165.72063494559683,361.44126989119366,412.0008403131086,True,0,0.5617233143120828,0.0005422452922053,0.8293008719642481,0.2656788687804985,0.1764480949508568,1.4768845039312246e-12,0.9809832683230012,0.4865096050264813,0.1751900111730825,0.5688369392311537,0.1073399973242811,0.2053218172771142,0.4838043924757934,0.1426649926192568,0.1351927853608794,-165.7206349574303,361.4412699148606,412.0008403367755
2026-06-01T21:27:39,9,4,90004,"ARX(2,2)",-165.72411511878317,361.44823023756635,412.0078006594813,True,0,0.5759563772718654,5.652746231363871e-05,0.8260994358116717,0.266311220249472,0.1795866006375466,4.391908166261037e-06,0.982895597145772,0.4843599779578511,0.1748447522959344,0.5733431255316652,0.1072952011529089,0.2032280300622626,0.4964072815909473,0.1427015876789221,0.125084265242072,-165.7241150967243,361.4482301934486,412.0078006153635
2026-06-01T21:31:43,9,5,90005,"ARX(2,2)",-165.59916899688636,361.1983379937727,411.75790841568767,True,0,0.0428855565455172,0.0052145856290234,0.94279471543237,0.3776667864271296,0.0174187776404819,0.0360440906686954,0.9178179127780012,0.3217012693281937,0.333447129452431,0.4318075879804839,0.1614767083729646,0.1044526879610877,0.2488823856211994,0.1264519815425552,0.4354425032704466,-165.59916899700391,361.19833799400783,411.7579084159228
2026-06-01T21:41:39,9,6,90006,"ARX(2,2)",-167.73901700791868,365.47803401583735,416.0376044377523,True,0,0.0453909808318515,0.255499723213143,0.915747340749055,0.3871416826571814,0.0684434409988443,2.3179686841656342e-10,0.8416189383773076,0.1945716116657804,0.3928701166450858,0.3397557893166858,0.1850743646742249,0.1520943004358431,0.7077312556312326,0.0862207874886414,-0.0878186434663744,-167.7390170080084,365.4780340160168,416.03760443793175
2026-06-01T21:43:38,9,7,90007,"ARX(2,2)",-165.9143117509546,361.8286235019092,412.38819392382413,True,0,0.1353861994531485,0.0726163455325892,0.90737196595964,0.3106689910369083,0.1084205080976346,5.078627499283534e-05,0.8619020422136933,0.4281868935082737,0.2226160666534862,0.5161714752367313,0.0691656327151268,0.1939022784279382,0.2642594842418759,0.1650026247198027,0.3721921071191847,-165.91431175114735,361.8286235022947,412.3881939242097
2026-06-01T21:47:02,9,8,90008,"ARX(2,2)",-165.71881177490172,361.43762354980345,411.9971939717184,True,0,0.5580771697793685,1.7540357979140984e-05,0.8295721876050912,0.2688117858389008,0.1774264786947173,2.1232945077328605e-19,0.9664455466755668,0.4958929460217581,0.1750365810143758,0.5710753639572839,0.1069573841819713,0.2067649695373201,0.4699629106067905,0.1442455497278395,0.1451803499692285,-165.71881177274645,361.4376235454929,411.99719396740784
2026-06-01T21:48:54,9,9,90009,"ARX(2,2)",-165.7187796768588,361.4375593537176,411.9971297756325,True,0,0.5550596911621329,2.0175184784905323e-05,0.8302106699454045,0.2654260191217972,0.1770644019849311,1.0115650607541712e-12,0.971179529981592,0.4979249541801416,0.1753357057811452,0.5694768496270612,0.1081605354495236,0.2075002762791285,0.4653651433088295,0.145590019312831,0.1463831748504805,-165.71877967978355,361.4375593595671,411.9971297814821
2026-06-01T21:50:59,9,10,90010,"ARX(2,2)",-165.72176667288295,361.4435333457659,412.00310376768084,True,0,0.5424773980568891,0.0009662614481939,0.8334262337573098,0.2693380962441756,0.1727358229738577,1.0808063274980106e-08,0.967007513176216,0.4923341323970839,0.1753387078189492,0.5691088409635875,0.1061346073771872,0.2066406845411817,0.4714655555812521,0.1447991571916554,0.1441679384697173,-165.72176624518116,361.4435324903623,412.00310291227726
2026-06-01T21:53:21,9,11,90011,"ARX(2,2)",-165.719105349348,361.438210698696,411.99778112061097,True,0,0.5531497291318727,2.708722483833201e-05,0.8307576548410364,0.269592437860074,0.1754026494046553,9.06146650497594e-17,0.9692034154418092,0.4915542125803745,0.175343383489526,0.5643784475427791,0.1071735519983009,0.2069178280585263,0.459839921774298,0.1451860153656952,0.1538695452247727,-165.71910534829425,361.4382106965885,411.9977811185034
2026-06-01T21:55:24,9,12,90012,"ARX(2,2)",-165.72737190428458,361.45474380856916,412.0143142304841,True,0,0.571254140052786,0.0019384916048395,0.8263747739860775,0.2649079989588548,0.1823619409509863,1.068612186222225e-14,0.9628384791154652,0.5032625686675625,0.1746305058085757,0.5763700658393573,0.1066454230149828,0.207804793246038,0.4844257534402114,0.1433789342995453,0.130721717480217,-165.72737269835042,361.4547453967008,412.0143158186158
2026-06-01T21:58:31,9,13,90013,"ARX(2,2)",-165.71921659195075,361.4384331839015,411.99800360581645,True,0,0.5646988576131469,9.051071959308504e-05,0.8281877463638271,0.2686433100159345,0.1789346600625841,3.750248361308504e-12,0.9732745322903124,0.4892437308471004,0.1751023167788359,0.5691667987287552,0.1068781514984112,0.205768430800846,0.4826474825681257,0.1433674508922635,0.1354395165511381,-165.7192165873706,361.4384331747412,411.9980035966561
2026-06-01T22:00:29,9,14,90014,"ARX(2,2)",-165.80029297645922,361.60058595291844,412.1601563748334,True,0,0.5772451956762173,4.634016159732081e-05,0.8293130453220366,0.2368314021151449,0.1779955418370426,0.0,1.0385348087466826,0.48769938058463,0.1726890950118227,0.5573324311471493,0.1138894589102602,0.2120551311504868,0.4081287434007674,0.1392004263337104,0.2009371830422153,-165.8002929733021,361.6005859466042,412.1601563685192
2026-06-01T22:03:17,9,15,90015,"ARX(2,2)",-165.7702077228503,361.5404154457006,412.09998586761554,True,0,0.4599122656066412,3.5216724534408736e-05,0.8509662112794497,0.2735386592229751,0.1464351238647213,1.6184085770157358e-17,1.0140583454913097,0.4387986129968897,0.1814807003740595,0.5367276768602833,0.1037893216376766,0.2068032987552168,0.466252115721242,0.137597624153634,0.1616383203363234,-165.7702077229544,361.5404154459088,412.09998586782376
2026-06-01T22:06:41,9,16,90016,"ARX(2,2)",-165.72650033028447,361.45300066056893,412.0125710824839,True,0,0.5710264257128322,0.0012302580099979,0.8274027066400356,0.2587395206800773,0.1815132371443767,1.3162296618648056e-12,0.9751573803575188,0.5044321569841114,0.1740781355368581,0.574492256081114,0.107612739131043,0.2076890966111532,0.4716171472506732,0.1438999774378759,0.1425939463551233,-165.72650033453542,361.4530006690708,412.0125710909858
2026-06-01T22:09:40,9,17,90017,"ARX(2,2)",-165.72001966920726,361.4400393384145,411.99960976032946,True,0,0.5407942958285252,0.0005686096766666,0.8334242845420697,0.2686304296481202,0.172999522267023,1.2789694680114287e-09,0.9744969317645874,0.487068815067787,0.1757632785108564,0.5673195691420885,0.1059308593220987,0.2082758094562667,0.4712705654637189,0.1433576165230616,0.14510511176602,-165.72001961582072,361.44003923164144,411.9996096535564
2026-06-01T22:11:44,9,18,90018,"ARX(2,2)",-165.91646067614647,361.83292135229294,412.3924917742079,True,0,0.1310062716499988,0.0628240038832239,0.9053593203477986,0.3024965049083957,0.113568639563308,2.4475529568766253e-19,0.7743300219226645,0.5508861556469623,0.2318777484959679,0.4925452006236993,0.0711347240598047,0.212040294011128,0.3189075573377611,0.1684179463594385,0.2954525942457534,-165.91646065079445,361.8329213015889,412.39249172350384
2026-06-01T22:15:31,9,19,90019,"ARX(2,2)",-165.73192419119601,361.46384838239203,412.02341880430697,True,0,0.5345015464853071,0.0002220933909934,0.8347006605268019,0.2845348641212798,0.1662039634551843,2.555165270621455e-16,0.978678409663504,0.4518046289765272,0.1773873786769843,0.5585390810315639,0.1052065788882817,0.2040100104498872,0.4659268908461377,0.14065970521831,0.1595012980931154,-165.73192419102247,361.46384838204494,412.0234188039599
2026-06-01T22:17:16,9,20,90020,"ARX(2,2)",-166.008755575815,362.01751115163,412.57708157354494,True,0,0.1444996188141106,0.0645500131939741,0.9034682451654644,0.2939317272505419,0.116577482681378,2.3565758633529808e-05,0.8275913871560682,0.5018242569167699,0.2259681389688948,0.5479462776499449,0.0704519813901504,0.2042038101917226,0.4287992626799816,0.1517211216231697,0.2172846396067753,-166.00875558241853,362.01751116483706,412.577081586752
2026-06-01T22:20:10,9,21,90021,"ARX(2,2)",-165.72332498890165,361.4466499778033,412.00622039971825,True,0,0.5602654373238964,1.8506878418129385e-05,0.8302950752805718,0.2637202090783581,0.1744423500330126,8.243731556409526e-17,0.9950434615288756,0.4774770203796756,0.1749036464574953,0.564512949637825,0.1092431196189,0.2052888175645182,0.459319406324205,0.1440493501826284,0.1555992479754922,-165.72332498948816,361.4466499789763,412.00622040089127
2026-06-01T22:24:03,9,22,90022,"ARX(2,2)",-165.7191722796391,361.4383445592782,411.99791498119316,True,0,0.5559188016481053,0.0002449763011985,0.8292002553039548,0.2656047625521664,0.1785205468205934,1.3258697408128875e-09,0.9762109946099444,0.492050982932979,0.1757984967468916,0.5687932294439081,0.1074793141695785,0.2087485832428565,0.4700109128126175,0.1435638267977151,0.1434619797239583,-165.71917227834498,361.43834455669,411.9979149786049
2026-06-01T22:26:10,9,23,90023,"ARX(2,2)",-165.72087492701587,361.44174985403174,412.0013202759467,True,0,0.5528087014109321,0.0002379569768056,0.8289623127585408,0.2721333283808745,0.1781626608152264,0.0,0.968141320813266,0.4870912989777205,0.1764068022573632,0.5664014155825841,0.1053670736724254,0.2107653538435928,0.4701757921802512,0.142352889145246,0.1445653525454954,-165.72087490559846,361.4417498111969,412.0013202331119
2026-06-01T22:28:23,9,24,90024,"ARX(2,2)",-165.72193698481615,361.4438739696323,412.00344439154725,True,0,0.5774059734564757,2.291947573760798e-05,0.825705178826111,0.2614356288022097,0.1834922827504775,2.719658400890736e-12,0.9691701255321832,0.5079084467621918,0.1739813655348711,0.5735334656947003,0.1086431365240602,0.2086779455933341,0.4618214122075634,0.1460627155121026,0.1471848207176208,-165.72193698513104,361.4438739702621,412.003444392177
2026-06-01T22:30:08,9,25,90025,"ARX(2,2)",-165.72355149255952,361.44710298511905,412.006673407034,True,0,0.5809774226332547,5.107159952038811e-05,0.8252249761209335,0.2621614539045883,0.1843129517598088,9.513858063300316e-13,0.9648145584999152,0.5107495120812188,0.173731320888882,0.5790361521834545,0.1087553024461492,0.2069260997524453,0.4631448608264586,0.1466311675426628,0.147052467748276,-165.72355149243765,361.4471029848753,412.00667340679024
2026-06-01T22:33:43,9,26,90026,"ARX(2,2)",-125.77387606848899,281.547752136978,332.1073225588929,True,0,0.6596067871499784,8.312443609320033,4.94360338378313e-10,0.8869423935317516,5.536354563418831e-10,0.8062813330064765,0.2118730441990155,0.0019970802629917,0.1247101591399113,0.0252073967751738,0.257620015368095,0.3238906911232623,0.5655537842588327,-0.0325198820009709,-0.048752834372803,-125.77387606848878,281.5477521369776,332.1073225588925
2026-06-01T22:36:06,9,27,90027,"ARX(2,2)",-96.0103845279804,222.0207690559608,272.5803394778758,True,0,0.7241449993311622,2.281724422637476,0.0553174296045295,0.2913599854738394,0.1112048894797287,1.5596801402593183,0.8250157783723713,0.2527587623326985,0.36673066714534,0.1191406798694266,-0.0941610288056301,0.1005775946556372,0.7305970144443937,0.1497642378189294,0.0470535256310854,-96.01038452873964,222.02076905747927,272.5803394793942
2026-06-01T22:37:57,9,28,90028,"ARX(2,2)",-166.04051625669115,362.0810325133823,412.64060293529724,True,0,0.9101500128970292,8.969496061585633e-06,0.7639840550548247,0.2421725456858861,0.2571926780831984,6.824918024485782e-18,1.0325596495671925,0.4830744571127776,0.1631725461510259,0.5618459038004658,0.1114316741517783,0.1971463378569773,0.5389936929708807,0.1364094790208054,0.0907747832785678,-166.0405164312653,362.0810328625306,412.6406032844456
2026-06-01T22:39:33,9,29,90029,"ARX(2,2)",-165.84073882309218,361.68147764618436,412.2410480680993,True,0,0.133081495764704,0.0621701469420698,0.905177161920673,0.3126853027768103,0.1146174809190744,1.09144297155142e-17,0.8321034370096783,0.4682608172933167,0.229702656629124,0.5250314566891658,0.0696600535384602,0.2025790909333707,0.308868744028885,0.1645809436630473,0.3219424038011897,-165.84073882310054,361.6814776462011,412.241048068116
2026-06-01T22:46:13,9,30,90030,"ARX(2,2)",-165.6771378202332,361.3542756404664,411.91384606238137,True,0,0.0765630752858358,0.0443227963730229,0.934235829467916,0.5901223376394011,0.0135204403466483,0.0324777286979162,0.772591743123313,3.069931471494394e-20,0.2931517903447867,0.5949917222348469,0.1490689339377215,0.1359709553239075,0.3176711673724898,0.144543116679019,0.312359105289651,-165.67713782051513,361.3542756410303,411.9138460629452
2026-06-01T22:48:14,9,31,90031,"ARX(2,2)",-165.72623565215287,361.45247130430573,412.0120417262207,True,0,0.5379965668773509,0.0024731568886592,0.8340784057070962,0.2718782783461521,0.17242596961565,5.966461567887109e-19,0.9626407644565272,0.4886371026608114,0.1757966816963051,0.5686215852042131,0.1061556868590244,0.2086303571924989,0.4704742838854731,0.143325179548368,0.1447708956906529,-165.72623563832167,361.45247127664334,412.0120416985583
2026-06-01T22:50:36,9,32,90032,"ARX(2,2)",-165.9651246777807,361.9302493555614,412.4898197774763,True,0,0.432425476944925,2.6311678872723982e-05,0.8547502680943312,0.3235547517508623,0.1303897112986626,0.0,1.0121465819127455,0.3407050367823463,0.1882192175630925,0.4852567907304011,0.0957918227634389,0.2000751562802459,0.562454976549129,0.1182379976592054,0.1065186040055934,-165.96512467806178,361.9302493561236,412.4898197780385
2026-06-01T22:52:20,9,33,90033,"ARX(2,2)",-165.7463042985712,361.4926085971424,412.05217901905735,True,0,0.5729005770241874,1.334241710239307e-05,0.8279215389562852,0.2550408501771816,0.1855476780141796,6.143021340514412e-14,0.9493097418426504,0.5405775060329222,0.1722525969393941,0.5843821508151839,0.1093753042024326,0.2121736877636217,0.4163613120309261,0.1506866396515649,0.1815602837102579,-165.74630429689188,361.49260859378376,412.0521790156987
2026-06-01T22:53:37,9,34,90034,"ARX(2,2)",-165.7538676023655,361.507735204731,412.0673056266459,True,0,0.4820413074387564,0.0005736243795946,0.8464541750544093,0.2886313030439502,0.1537441485347918,5.3964472702074845e-17,0.9657367665611322,0.4558668478177545,0.1794327111455138,0.5507457341133722,0.1050749548998415,0.2098363018858577,0.4429353784145105,0.1412890380665186,0.1749874758507982,-165.75386754332305,361.5077350866461,412.067305508561
2026-06-01T22:55:08,9,35,90035,"ARX(2,2)",-165.72079090945815,361.4415818189163,412.00115224083123,True,0,0.5384772369071237,0.0001055701027048,0.8343065481572344,0.271661776265265,0.172207976593367,1.033805110086355e-06,0.9658618418948596,0.4905918796014694,0.1755903743033593,0.5640969037038243,0.1076680097304952,0.209335539822109,0.4587646468358013,0.1444580828289205,0.1526856133410606,-165.72079087444249,361.44158174888497,412.0011521707999
2026-06-01T22:58:04,9,36,90036,"ARX(2,2)",-165.84119931700036,361.6823986340007,412.24196905591566,True,0,0.1328409932877121,0.0619497770261583,0.9051314364044056,0.3112782946978552,0.1147441799027538,0.0,0.8281215054380634,0.4754113141856275,0.2300713835278327,0.5239978175682067,0.0697502508051225,0.2037197251508221,0.3100246536537158,0.1655691657672004,0.3185546948951216,-165.84119931695645,361.6823986339129,412.24196905582784
2026-06-01T23:00:08,9,37,90037,"ARX(2,2)",-165.75805705038772,361.51611410077544,412.0756845226904,True,0,0.5367955790742143,0.0002461424767281,0.8330550069262134,0.2680960817064429,0.1720476217764798,8.528103960387036e-10,1.0311672260482712,0.4321302339317326,0.1782734159283135,0.5572142777589187,0.106363968921026,0.2027007382301179,0.4752106962271617,0.1355732224018427,0.1589461632422362,-165.75805705345044,361.5161141069009,412.0756845288158
2026-06-01T23:02:22,9,38,90038,"ARX(2,2)",-165.71959209841089,361.43918419682177,411.9987546187367,True,0,0.5487386257129712,2.812694874528374e-05,0.8301948826250206,0.2719668281425744,0.1748003741345622,1.0552127578742526e-14,0.9721419085267584,0.4838662751380693,0.177090293001048,0.5635950397161377,0.1065997816852972,0.2046167963170188,0.4814994380728801,0.1439374668827445,0.137309467002817,-165.7195920992062,361.4391841984124,411.99875462032736
2026-06-01T23:05:35,9,39,90039,"ARX(2,2)",-165.72037671522037,361.44075343044074,412.0003238523557,True,0,0.5356641885981692,2.762354394312921e-05,0.8334026836527041,0.2686516621327556,0.171293374170373,8.534238758214961e-12,0.9808912299239124,0.4817482547584287,0.1772684390442679,0.5586993221906216,0.1061120842022398,0.2072890710977052,0.4856869503078838,0.1419236685767523,0.1332794764808946,-165.72037671510904,361.4407534302181,412.000323852133
2026-06-01T23:07:57,9,40,90040,"ARX(2,2)",-165.72362012309583,361.44724024619165,412.0068106681066,True,0,0.5689017761512662,1.757884695006897e-05,0.8278613247022715,0.2596777154362574,0.1832676634283621,1.4573422626176466e-16,0.9797478607743212,0.5008573194190548,0.1740902180001305,0.5760674727454462,0.1078647920704343,0.2092015886115714,0.461258190393374,0.1452459670861589,0.1501783172654792,-165.7236201229925,361.447240245985,412.0068106678999
2026-06-01T21:26:23,10,1,100001,"ARX(2,2)",-165.74020798209932,361.48041596419864,412.0399863861136,True,0,0.6091745979330191,2.006277037807025e-05,0.8188756400876585,0.2536759977527149,0.1910458819997561,1.0649783179032778e-15,0.9784854984800876,0.5141168304443612,0.1735451243263886,0.5819789043563194,0.1095605013303408,0.2055800941487751,0.5037418892548934,0.1419681138190778,0.1129494821829994,-165.7402079818196,361.4804159636392,412.0399863855541
2026-06-01T21:28:56,10,2,100002,"ARX(2,2)",-165.71943994221874,361.4388798844375,411.9984503063524,True,0,0.5668382221835181,1.4441527063055604e-05,0.8277776679218778,0.2707776107240068,0.1793795469961382,4.194293725606763e-09,0.9652110461418032,0.4932028611550985,0.1747331009863738,0.5705466047377343,0.1068641730997504,0.206364668209013,0.4686690237048654,0.1452074141076464,0.1458847717588787,-165.71943994147912,361.4388798829583,411.9984503048732
2026-06-01T21:30:57,10,3,100003,"ARX(2,2)",-165.6065919751377,361.2131839502754,411.7727543721903,True,0,0.0543232522306412,0.0442400135283525,0.9466981952542436,0.5294960042321661,0.0093560162021649,0.0322505466259223,0.8872094074337934,0.0137936301735824,0.3040674902850707,0.5723035399279148,0.1610718447603872,0.1154944021828474,0.3484148004293212,0.1241227751978717,0.3133742605950838,-165.6065919834268,361.2131839668536,411.7727543887685
2026-06-01T21:33:15,10,4,100004,"ARX(2,2)",-165.8795530117346,361.7591060234692,412.31867644538414,True,0,0.2282451961328497,0.038926931388074,0.8854646143084336,0.2773579338874307,0.1487584254380113,4.068940136139343e-14,0.8568103705163497,0.5291834216863966,0.1940600422855849,0.5586775101804342,0.0769041018361992,0.1998732843319998,0.355535485679969,0.1512223768952425,0.2902899159553472,-165.8795530147537,361.7591060295074,412.31867645142233
2026-06-01T21:35:29,10,5,100005,"ARX(2,2)",-165.75123548258858,361.50247096517717,412.0620413870921,True,0,0.6351784054921839,0.0001188204148186,0.816834679380784,0.2548050082649409,0.1948134791988474,2.5650682035820217e-23,0.9526596033839532,0.5374495761746753,0.1701275515184776,0.5871699110062333,0.1108665077985447,0.2077325925331935,0.4889226305771968,0.1460616290273794,0.1188227541712427,-165.7512354796756,361.5024709593512,412.0620413812661
2026-06-01T21:38:56,10,6,100006,"ARX(2,2)",-165.71819032513196,361.4363806502639,411.99595107217885,True,0,0.5578192777145357,8.424662786959645e-05,0.8295662523826303,0.2664956405316792,0.1765173334637739,1.6073564764278823e-09,0.9745666383078052,0.4922635691281946,0.1753965203058028,0.5667983289631453,0.1067249402271123,0.2071750990563142,0.4712779744280257,0.1438740119138266,0.14434670082561,-165.7181903222922,361.4363806445844,411.99595106649934
2026-06-01T21:41:17,10,7,100007,"ARX(2,2)",-165.72084695900807,361.44169391801614,412.0012643399311,True,0,0.5661387131221735,0.0002801932206369,0.8285410950648445,0.2692471828281014,0.1796501383706828,1.5945753664093994e-12,0.963526498277582,0.4974036804464644,0.1738731214875566,0.5670145909163619,0.1071050067595285,0.207117412071653,0.4636483395499342,0.1452825259299322,0.149434314037714,-165.72084697779405,361.4416939555881,412.0012643775031
2026-06-01T21:45:38,10,8,100008,"ARX(2,2)",-166.29498237445122,362.58996474890245,413.1495351708174,True,0,0.3951959162024238,0.0309979077040201,0.8641647154119375,0.405565937574356,0.1195743400539239,1.391497684461375e-07,0.99911048816917,0.1381609452327325,0.1927738261485211,0.6249560645344413,0.0850805481931695,0.2271313812500326,0.5659336104102062,0.0968934224443363,0.103477924908458,-166.29498237202375,362.5899647440475,413.1495351659625
2026-06-01T21:47:36,10,9,100009,"ARX(2,2)",-165.719822497012,361.439644994024,411.9992154159389,True,0,0.534783442526053,5.8685345637210406e-05,0.8336698422192306,0.2722768177182581,0.1719290251676386,4.486410957663376e-18,0.9698782570518234,0.4854467547971904,0.1768725757184923,0.5618154282815174,0.1051191651409283,0.2092343266014635,0.4754964007591768,0.1421375895303737,0.1420229988289784,-165.7198224994362,361.4396449988724,411.9992154207873
2026-06-01T21:56:28,10,10,100010,"ARX(2,2)",-165.74423918518443,361.48847837036885,412.0480487922838,True,0,0.5024759483441463,2.0544789002106585e-05,0.8401422144757942,0.2727830803382148,0.1627762648762092,0.0,0.9751030744755418,0.4792901874224527,0.1793865163277534,0.5520408335022492,0.1063999452679462,0.2073938389839338,0.4274656287676209,0.1445916453542432,0.1870159201834209,-165.74423918497592,361.4884783699519,412.0480487918668
2026-06-01T21:58:28,10,11,100011,"ARX(2,2)",-165.40007465089406,360.8001493017881,411.35971972370305,True,0,0.0496281420451832,0.0395759104420807,0.9500698994462632,0.5686448640446643,0.0072625484356569,0.0326354780354001,0.8229446612303044,1.546020929588861e-05,0.3076165845229861,0.6084138159934875,0.1729378142345641,0.1092214567887189,0.3630167350514788,0.1327218102233096,0.2842117545172423,-165.40007460057387,360.80014920114775,411.3597196230627
2026-06-01T22:01:50,10,12,100012,"ARX(2,2)",-165.8550871368954,361.7101742737908,412.26974469570575,True,0,0.1308253626443161,0.0620524993103338,0.907157705529216,0.3128471593694247,0.1109118192014729,3.3678141582357844e-20,0.8603761390300513,0.4404609110429721,0.23033146367499,0.5277318953526959,0.0675124406707571,0.1983380727170861,0.3435713096566039,0.1588680506941372,0.3020655233208492,-165.8550871151444,361.7101742302888,412.2697446522037
2026-06-01T22:05:26,10,13,100013,"ARX(2,2)",-166.29514917527246,362.5902983505449,413.14986877245985,True,0,0.396598351549106,0.0315424984324944,0.863253931738295,0.4091312087076806,0.1200985125297285,2.66164442149484e-18,0.9986145668708216,0.1304827682052753,0.1933088357044488,0.631158836491319,0.084575372463166,0.2267072543972401,0.573257626609292,0.09556075142328,0.0981866621418581,-166.29514917524097,362.59029835048193,413.14986877239687
2026-06-01T22:07:59,10,14,100014,"ARX(2,2)",-165.71804113863837,361.43608227727674,411.9956526991917,True,0,0.555028696833408,1.4569838058880668e-05,0.830362146815078,0.2709587505324947,0.1760241873503367,2.8427515542905065e-08,0.9715132069939172,0.4865382529733285,0.1752361336661804,0.567515166938034,0.1069239461398664,0.2071777968443278,0.4739414214559138,0.1433920384291495,0.1420584189349783,-165.7180411378418,361.4360822756836,411.9956526975985
2026-06-01T22:13:24,10,15,100015,"ARX(2,2)",-165.7834696823241,361.5669393646482,412.12650978656313,True,0,0.6017025252313666,2.512689488608046e-06,0.8192317850956284,0.2260219214977978,0.1943102019505362,7.331343696745369e-16,1.0014770688518726,0.5464733030644915,0.1736049940877764,0.5802634296511947,0.1068470566342511,0.207311383159522,0.4925086392374568,0.1373610884559546,0.1302954634318242,-165.78346968457691,361.5669393691538,412.1265097910688
2026-06-01T22:15:59,10,16,100016,"ARX(2,2)",-165.7451893593024,361.4903787186048,412.04994914051974,True,0,0.6092611421320123,0.0011746833658132,0.8172821392866064,0.2569348844017443,0.1919084389802206,6.741443685096894e-17,0.953782187186564,0.5298708779738308,0.1740192687004559,0.5720713720971182,0.1118028366774938,0.2119974238301497,0.4488303277804523,0.151188464586062,0.1459138844527676,-165.74518935903575,361.4903787180715,412.0499491399864
2026-06-01T22:18:07,10,17,100017,"ARX(2,2)",-165.7360587642262,361.4721175284524,412.0316879503673,True,0,0.5081553915341299,1.668347245398894e-05,0.8389246192331717,0.2645004596250364,0.1631078224097182,2.1672401795372256e-16,0.9838625892978788,0.487102737560572,0.1789217075143439,0.5654163578559915,0.1021411978593103,0.20287999105959,0.5003914335775055,0.1396686147052447,0.1301389778346969,-165.73605895863386,361.4721179172677,412.03168833918267
2026-06-01T22:21:06,10,18,100018,"ARX(2,2)",-165.72255518981711,361.44511037963423,412.00468080154917,True,0,0.5485752528269875,0.0008635934427139,0.8323633764671134,0.2686957012126906,0.1716263870617839,0.0,0.9826051200739814,0.4782320895033604,0.1755487243059633,0.5576783493008443,0.1075564728772138,0.2066745500430889,0.4649964600447679,0.1442585636560928,0.1497551711526972,-165.72255519113344,361.4451103822669,412.0046808041818
2026-06-01T22:23:54,10,19,100019,"ARX(2,2)",-165.74395311585533,361.48790623171067,412.0474766536256,True,0,0.554364345037812,1.9139893762337124e-05,0.8327579558880922,0.2732377848390065,0.1722261639653554,2.4359571433073703e-15,0.9741852155643396,0.4792991509103939,0.1736543114838308,0.5567409290566294,0.1097540644475284,0.2053918714626528,0.4111784271490829,0.1494921729865123,0.1950346875615903,-165.74395311494425,361.4879062298885,412.0474766518034
2026-06-01T22:25:35,10,20,100020,"ARX(2,2)",-165.75785956008662,361.51571912017323,412.07528954208817,True,0,0.649410183979942,7.268179142527382e-05,0.8132319817885945,0.2585347078654033,0.200288855738601,2.299430332128161e-14,0.955533175173321,0.5272242078045348,0.1697104214555916,0.5971776542224818,0.1131253672769342,0.2034020485915766,0.4388757888443002,0.1517357337232948,0.1625376180558135,-165.75785956421714,361.5157191284343,412.0752895503492
2026-06-01T22:27:54,10,21,100021,"ARX(2,2)",-165.84155719227869,361.68311438455737,412.2426848064723,True,0,0.1317124179168754,0.0619982076078335,0.9057381496082852,0.3111439668216605,0.113799518765055,0.0,0.8289176326318228,0.4745139903897961,0.2302407663588811,0.5267118770538347,0.0689671303968902,0.2036816080802284,0.3134502410387949,0.1643558722200462,0.3173004811354111,-165.84155719179682,361.6831143835937,412.2426848055086
2026-06-01T22:30:30,10,22,100022,"ARX(2,2)",-165.7209806518921,361.4419613037842,412.0015317256991,True,0,0.5741286944452084,0.0001375239726933,0.8273532638557657,0.2649889993672544,0.1802939798866236,1.0122905463808528e-08,0.9707667635954884,0.4989574412523869,0.1736645924194632,0.5734973577782903,0.1086842415596544,0.2070170763689936,0.4579851036823065,0.1460164695297805,0.1526982122943405,-165.72098066165415,361.4419613233083,412.0015317452233
2026-06-01T22:34:44,10,23,100023,"ARX(2,2)",-165.73988862319888,361.47977724639776,412.0393476683127,True,0,0.6230052497109478,2.4190538220610072e-05,0.8181482700622822,0.2527495394686009,0.1907512222497525,9.723835172633237e-14,0.990825447007632,0.503621091516483,0.1714418475951109,0.5788511257420693,0.1093036146347276,0.2070788102936479,0.4688758753019474,0.1433151675630645,0.144320203952812,-165.73988862362626,361.4797772472525,412.03934766916746
2026-06-01T22:38:02,10,24,100024,"ARX(2,2)",-165.74527940615474,361.4905588123095,412.0501292342244,True,0,0.593969324377473,9.154834323881476e-05,0.8256252364507388,0.2587402541146548,0.1791556044033196,6.352724671914536e-18,0.9552166008463356,0.5271001710903088,0.1715001354549102,0.5628059687012725,0.1128154100170664,0.203050227359709,0.4613749298878408,0.1543573815182382,0.1379149103585996,-165.74527940811646,361.4905588162329,412.0501292381479
2026-06-01T22:39:58,10,25,100025,"ARX(2,2)",-165.7338797964665,361.467759592933,412.02733001484796,True,0,0.5523646820941759,0.0001644554136532,0.8298729342762086,0.2727244915321076,0.1717628127870374,2.2138482158065407e-12,0.9967483830526775,0.4574773006922003,0.1774556127156525,0.5513122270883185,0.1062055805713305,0.205831793191257,0.5166463277073882,0.1367905628157033,0.1107785811614611,-165.7338797959824,361.4677595919648,412.02733001387975
2026-06-01T22:47:41,10,26,100026,"ARX(2,2)",-165.80490327537007,361.60980655074013,412.1693769726551,True,0,0.6249302098940089,0.0101588984465742,0.8152996378815184,0.2912463618184574,0.1940798025394296,6.664332943105705e-12,0.923646846293732,0.4711871478454142,0.1729422115991677,0.5986928312899472,0.1052231310766046,0.205083839746515,0.500368179209853,0.1467537055013651,0.1147351195585483,-165.80490327509386,361.6098065501877,412.16937697210267
2026-06-01T22:51:36,10,27,100027,"ARX(2,2)",-166.35340290223462,362.70680580446924,413.2663762263842,True,0,0.990670236066558,0.0439430385270368,0.0098909727501414,0.6672534582908783,0.0068498220911685,0.2981782951418756,0.6081868365721947,0.0089310279520741,0.3857459313753887,0.5319669824769399,0.1315588038197469,0.1991700973336552,0.0136885389385803,0.0830992128891515,0.6280153520586503,-166.353402902362,362.706805804724,413.26637622663895
2026-06-01T22:53:24,10,28,100028,"ARX(2,2)",-165.72145954811052,361.44291909622103,412.002489518136,True,0,0.579076117382585,2.1360086824262324e-05,0.8262884123639558,0.2701506059676988,0.1787617829065251,8.415641711728189e-06,0.9776421435806124,0.4820117315310273,0.1739274285264855,0.5632208643574615,0.1078433392117349,0.2055031166568671,0.4759260808882079,0.1426327009104164,0.1413722062442276,-165.7214595484309,361.4429190968618,412.0024895187767
2026-06-01T22:56:06,10,29,100029,"ARX(2,2)",-165.84123130471312,361.68246260942624,412.2420330313412,True,0,0.1346358586777164,0.0624013264028787,0.9045956424338212,0.3107796709341993,0.1154890256247396,0.0,0.831905136556199,0.4716724240699878,0.2292276291251643,0.5270931596687362,0.0700795208117231,0.2023774601181917,0.3117812140013234,0.1645457140837762,0.318926737466995,-165.8412313079259,361.6824626158518,412.2420330377668
2026-06-01T23:00:09,10,30,100030,"ARX(2,2)",-165.74261559508767,361.48523119017534,412.0448016120903,True,0,0.4913577706118407,2.07262699762103e-05,0.8409170300059258,0.2797176866407792,0.1599869093068318,1.3026585330469103e-10,0.9949319228146952,0.4455914661754591,0.1820401698245535,0.5532174397343926,0.1039210734442206,0.2117908175619656,0.5035846739055321,0.1355255316873568,0.1222968014287155,-165.7426155948167,361.4852311896334,412.04480161154834
2026-06-01T23:03:11,10,31,100031,"ARX(2,2)",-165.74438846198913,361.48877692397826,412.0483473458932,True,0,0.6214882556119311,1.378611395939738e-05,0.8179250114630031,0.2586240756370268,0.1873006833367545,1.2961343896424796e-20,0.9957946227697444,0.4869276708365065,0.172708433869743,0.5627267601442086,0.1102519827130087,0.2046570301213474,0.5055278589583874,0.1428774421122494,0.1108010556529561,-165.74438844755423,361.48877689510846,412.0483473170234
2026-06-01T23:05:27,10,32,100032,"ARX(2,2)",-165.7590501731377,361.5181003462754,412.07767076819033,True,0,0.4633916360312032,0.0003133757300329,0.8491526354034449,0.2884268061622998,0.1506076341015036,1.246154914584414e-18,0.9697850971324026,0.4527396886819373,0.1817080673827145,0.5542515706006907,0.1041225597900509,0.2092017508588761,0.4684598561944787,0.1427905538179297,0.1498841804544837,-165.75905016356873,361.5181003271375,412.0776707490524
2026-06-01T23:07:39,10,33,100033,"ARX(2,2)",-166.00710894874118,362.01421789748235,412.5737883193973,True,0,0.97517724318634,1.3890282867078963e-05,0.7760507436803956,0.2484575683804682,0.2458821132106112,1.6595318934415207e-16,0.9096340224409228,0.5934129290251653,0.151232865709571,0.6398481561186692,0.1179066298556722,0.1953583377372511,0.4612705188522765,0.1558806395688716,0.1352425476143504,-166.0071089487259,362.0142178974518,412.5737883193667
2026-06-01T23:12:24,10,34,100034,"ARX(2,2)",-165.7260550788148,361.4521101576296,412.01168057954453,True,0,0.5892313955704582,0.0009917346918516,0.8238760319404781,0.2679848294272306,0.1852004504083715,0.0,0.968385517251655,0.4934826543049021,0.1731018944491473,0.5782121504830828,0.1080005319042667,0.206820776890531,0.4674945399399053,0.1452435101266311,0.1450208258411371,-165.72605507693484,361.4521101538697,412.0116805757846
2026-06-01T23:14:24,10,35,100035,"ARX(2,2)",-165.78130985966982,361.56261971933964,412.1221901412546,True,0,0.696694701936413,0.0001512403664263,0.8087971298821433,0.2650271977361161,0.204284146355463,2.2211979205947317e-13,0.9532010342941344,0.516394407814199,0.1656098004367138,0.5963974367049312,0.1116552105760167,0.2008088850002961,0.4555609303000646,0.1488461419888477,0.1544640919952656,-165.7813096528897,361.5626193057794,412.1221897276943
2026-06-01T23:17:34,10,36,100036,"ARX(2,2)",-165.84073774842528,361.68147549685057,412.2410459187655,True,0,0.1330199916152419,0.0621649282293931,0.9052029628778152,0.3126587445363339,0.1145923511123183,1.879514014388468e-19,0.8322617600956731,0.4681571660723853,0.229724462475677,0.5252133807218069,0.0696388732290106,0.2025632189172748,0.3089233271642112,0.1645619611041403,0.3219576695206907,-165.840737748433,361.681475496866,412.24104591878097
2026-06-01T23:20:31,10,37,100037,"ARX(2,2)",-165.78075648655602,361.56151297311203,412.121083395027,True,0,0.5033613414499593,8.271039771108364e-06,0.8394254775770996,0.2328140781750942,0.1690513987849179,2.657179695228957e-13,1.0101831558218837,0.5241705478976361,0.1790303683870776,0.5694320511037897,0.1082230987199562,0.2098954960380425,0.4640242975932395,0.1409902346655526,0.1508122196006374,-165.7807564865513,361.5615129731026,412.1210833950176
2026-06-01T23:24:47,10,38,100038,"ARX(2,2)",-165.74997658459716,361.4999531691943,412.05952359110927,True,0,0.5034168485886412,0.0039771875875986,0.8427830133734611,0.2874085446691717,0.1623356572274959,3.3297676877145706e-18,0.9466214029466394,0.470627353561818,0.1764327583226287,0.5703466899565868,0.1043932631631598,0.2081807791068247,0.4564125194177636,0.142793576375914,0.1616224776681911,-165.74997658472998,361.49995316946,412.0595235913749
2026-06-01T23:29:40,10,39,100039,"ARX(2,2)",-165.71997107199033,361.43994214398066,411.9995125658956,True,0,0.5476012856747723,3.2025218175063044e-05,0.8323727703992824,0.268599799603509,0.1726069313877951,8.403527046663774e-21,0.9804133277968304,0.4823205629957602,0.1753576018322476,0.5578234199742043,0.1060687538497576,0.2069280518862116,0.4647127383314865,0.1429241622441939,0.1531075709868609,-165.71997110838436,361.4399422167687,411.99951263868365
2026-06-01T23:32:11,10,40,100040,"ARX(2,2)",-165.86718459989805,361.7343691997961,412.29393962171105,True,0,0.7621425530530344,1.630742305359769e-05,0.7930206411387818,0.2361069382444552,0.2306601146561973,3.6184970397551135e-10,0.9420071941487316,0.5857378356954925,0.1646752870863619,0.6129568485585034,0.1106633627706186,0.2008015844441542,0.5351090510002436,0.143910561248045,0.0808805912593723,-165.8671845999639,361.7343691999279,412.2939396218428
2026-06-01T21:44:46,11,1,110001,"ARX(2,2)",-165.71913272270578,361.43826544541156,411.9978358673265,True,0,0.5362981360997011,5.257854163343743e-05,0.8340030582013854,0.2719995704150136,0.170005356739921,1.132918788676089e-09,0.9784670981056408,0.4774242054378549,0.1768262516027944,0.5625335281343414,0.1060878075896592,0.2076087029772617,0.4760973073265172,0.1414880480479896,0.1431180638416533,-165.7191327225311,361.4382654450622,411.99783586697714
2026-06-01T21:47:54,11,2,110002,"ARX(2,2)",-165.72440940644793,361.44881881289587,412.0083892348108,True,0,0.5654749611618333,2.178855410745633e-05,0.8273738565959384,0.2575913325390238,0.1818750337659825,4.335288442756932e-08,0.9715090883455384,0.5132600875206228,0.1751119589963241,0.5767113400498833,0.1079998230773358,0.2088615192769194,0.478079041898464,0.1446491462794371,0.1335957800226525,-165.72440940722458,361.4488188144492,412.0083892363641
2026-06-01T21:51:38,11,3,110003,"ARX(2,2)",-165.72878574959117,361.45757149918234,412.0171419210973,True,0,0.5017175402481947,2.6600401995394183e-05,0.841510039964669,0.2753260300837196,0.1616434604755175,3.527841168129845e-15,0.979178030941687,0.4701157896945976,0.1782304238632983,0.5592794944810084,0.1037567262802148,0.2079805057164294,0.4699267360410818,0.1405163211212548,0.1526212449105472,-165.7287857496194,361.4575714992388,412.0171419211537
2026-06-01T21:59:07,11,4,110004,"ARX(2,2)",-165.67716363832545,361.3543272766509,411.91389769856585,True,0,0.0766082667706242,0.0442696786854375,0.9341595803470278,0.590393639873258,0.0135974715035537,0.0325069193945368,0.7720763384897494,4.84812087452775e-19,0.2931780584128131,0.5957817875979897,0.148755941920055,0.1363428678626973,0.3159983674975454,0.1445468485874604,0.3139683921764462,-165.67716363924418,361.3543272784884,411.9138977004033
2026-06-01T22:01:50,11,5,110005,"ARX(2,2)",-165.66701773335768,361.33403546671536,411.8936058886303,True,0,0.067137145353458,0.0448088811054708,0.9367211890926072,0.5795951873303578,0.015943298249638,0.0234909175592412,0.7275951046126562,0.0654394398586033,0.3252865958696822,0.5654542204519996,0.1310521855044512,0.1953498595289663,0.1421708020237487,0.1437443557885137,0.4521629811202681,-165.66701773352975,361.3340354670595,411.8936058889744
2026-06-01T22:03:48,11,6,110006,"ARX(2,2)",-165.72568727791185,361.4513745558237,412.01094497773863,True,0,0.5599980297830087,0.0001755502897332,0.829175089107771,0.2536773774760295,0.1793008550396305,7.421403952820585e-13,0.9797754294568286,0.5124878063614958,0.1748303960417713,0.5702958577756775,0.1080809243120124,0.2086125349129679,0.4607185793406639,0.1442051504819742,0.1511013332614439,-165.72568727921436,361.4513745584287,412.01094498034365
2026-06-01T22:05:18,11,7,110007,"ARX(2,2)",-165.72319418869347,361.44638837738694,412.0059587993019,True,0,0.5512629132017699,0.0011862801540431,0.8307081822763773,0.2670424571305175,0.1781230903905589,2.522908213776525e-09,0.976265623320916,0.4872186622783341,0.1750264638777826,0.5710235221071348,0.1052352275997586,0.2079954064118581,0.4688816040006331,0.1434193805075368,0.1484925810184489,-165.72319418819063,361.44638837638126,412.0059587982962
2026-06-01T22:07:32,11,8,110008,"ARX(2,2)",-165.72567053091853,361.45134106183707,412.010911483752,True,0,0.5716517627686065,0.0003467116340448,0.8273801900961522,0.2618249602388681,0.1806772671274316,4.50908874814167e-13,0.9742001186997435,0.5013795115812212,0.1740801289852219,0.5721181732012247,0.1092789408721531,0.2070242803350677,0.4417466243019066,0.1485485588212097,0.1651353076130167,-165.7256705242177,361.4513410484354,412.0109114703503
2026-06-01T22:10:41,11,9,110009,"ARX(2,2)",-165.72368353677467,361.44736707354934,412.0069374954643,True,0,0.5717947323199337,0.0002683653363881,0.8297725523143131,0.2734708011556954,0.1760289322963583,9.653614158469382e-11,0.9672583003053123,0.4852367181662124,0.1725375554895672,0.5670328826800094,0.109326056134108,0.2050959051012915,0.4590396046437949,0.1452320072130995,0.1539943891375969,-165.72368359628285,361.4473671925657,412.0069376144807
2026-06-01T22:12:41,11,10,110010,"ARX(2,2)",-166.29499341833633,362.58998683667267,413.1495572585876,True,0,0.3990419169116675,0.0311266450420545,0.8631654309066605,0.4052035917221058,0.1207244585389656,1.257400352043886e-18,1.0008800019587478,0.1366366415986189,0.1926122377720926,0.628067941456523,0.0853687419181348,0.2267605373204593,0.5678536449530011,0.0968132235068821,0.1016693659637512,-166.29499341874742,362.5899868374949,413.1495572594098
2026-06-01T22:15:55,11,11,110011,"ARX(2,2)",-165.7434168908548,361.4868337817096,412.04640420362455,True,0,0.4916121791878757,0.0021320448012654,0.844288077308538,0.2842469770699543,0.1549834389312326,1.1312462107898948e-06,0.974582693479374,0.4528192911526347,0.1788700740262818,0.5578206970652293,0.1042855969070664,0.2080098370152546,0.4770533269867409,0.1410402669199288,0.1443440970807278,-165.74341692903937,361.48683385807874,412.0464042799937
2026-06-01T22:19:12,11,12,110012,"ARX(2,2)",-165.7456363029874,361.4912726059748,412.05084302788975,True,0,0.6241261183323946,1.239600904906558e-05,0.817424766355191,0.2493197981390658,0.1943090824436256,5.209350346461192e-13,0.983115944626069,0.518216391005745,0.1714118205038529,0.5841261542466487,0.110835527966037,0.2027222059426905,0.4944581516478389,0.1428379063456343,0.1221697947656355,-165.74563630237634,361.4912726047527,412.0508430266676
2026-06-01T22:21:02,11,13,110013,"ARX(2,2)",-165.84094042052365,361.6818808410473,412.24145126296224,True,0,0.132800457187265,0.0623228679417482,0.905249699901457,0.3123814364900196,0.1145893459410963,2.848464660389837e-07,0.8319128918462924,0.4688357699250758,0.2297397272209692,0.5245451233427247,0.0698139988520421,0.2028701001324647,0.3045491160007872,0.1643001928465461,0.3259249123314152,-165.84094042275672,361.68188084551343,412.2414512674284
2026-06-01T22:22:50,11,14,110014,"ARX(2,2)",-165.72365724549078,361.44731449098157,412.0068849128965,True,0,0.5529302176376449,0.0001477477270112,0.8309130352122281,0.2748871093932467,0.17576251693164,5.6333119335316846e-08,0.968943049753654,0.4809642518121262,0.1749640891169159,0.5760905872071383,0.1059673415272539,0.2065126378201553,0.4554796621842708,0.1455826828519211,0.1590493083564074,-165.72365724416696,361.4473144883339,412.00688491024886
2026-06-01T22:27:42,11,15,110015,"ARX(2,2)",-166.29508406819684,362.5901681363937,413.1497385583086,True,0,0.3959384418381098,0.0312346691297335,0.8640362199479943,0.4073830611379513,0.1194181931505583,1.7527327151380803e-06,0.9967141519092048,0.1365519647029959,0.1926910802222606,0.625350739346221,0.0848620083290346,0.2267245073043744,0.5668896779268968,0.0968472064660098,0.1030608046600084,-166.2950840731877,362.5901681463754,413.14973856829033
2026-06-01T22:31:08,11,16,110016,"ARX(2,2)",-165.72387874230367,361.44775748460734,412.0073279065223,True,0,0.5884214844766212,6.628822660802652e-05,0.8230802081897565,0.2600503468695775,0.1863047098479709,7.51803219007599e-12,0.9770760047058664,0.5026784282624421,0.1738379763425676,0.5708228075726585,0.1080235826548067,0.2070547748418771,0.467414809833341,0.1448514065945305,0.1454978326549586,-165.72387875364527,361.4477575072905,412.0073279292055
2026-06-01T22:33:28,11,17,110017,"ARX(2,2)",-165.7222863313737,361.4445726627474,412.00414308466236,True,0,0.5214362274598411,4.011170931933042e-05,0.8371481440911536,0.2723552003589184,0.1653074626503546,4.022852770920721e-11,0.9835127623741252,0.4716949651182903,0.1777026983960866,0.5586698668796289,0.106250312447521,0.2075240203403579,0.4760373083789138,0.1410256133861589,0.1434888032284289,-165.72228633140554,361.4445726628111,412.004143084726
2026-06-01T22:35:26,11,18,110018,"ARX(2,2)",-165.72588255574692,361.45176511149384,412.0113355334088,True,0,0.5778481920085793,0.000766201540842,0.8260475401828397,0.2631001375957692,0.1835984660501176,5.341424431996208e-13,0.9622813044164874,0.5098499751147797,0.1735567827690044,0.5783842478257856,0.1082714267668531,0.2074964919408558,0.4515901690457675,0.1479163778554797,0.1566043800740514,-165.7258825557312,361.4517651114624,412.01133553337735
2026-06-01T22:38:16,11,19,110019,"ARX(2,2)",-165.87250629413745,361.7450125882749,412.30458301018984,True,0,0.2647727685386091,0.0345128832025048,0.8761505039296643,0.2715264194705288,0.1575612164928557,7.111870618839133e-14,0.8692436628539473,0.5350094724692814,0.1919038846513961,0.5588687028430318,0.0841836272254504,0.2009652742312916,0.3906602605249119,0.1510917800004447,0.2475876829803299,-165.872506292698,361.745012585396,412.30458300731095
2026-06-01T22:40:24,11,20,110020,"ARX(2,2)",-165.71973014528007,361.43946029056013,411.9990307124751,True,0,0.5472755750810055,0.0005210450940662,0.8315092871409162,0.2704862064552097,0.1737281769160177,1.0846939395945909e-12,0.9747179952990772,0.4832260855361313,0.1762152465167277,0.562902426068719,0.1069941522927624,0.2072167120607274,0.4810313980375991,0.1423929832624782,0.1361895168969751,-165.719730135723,361.439460271446,411.99903069336096
2026-06-01T22:45:23,11,21,110021,"ARX(2,2)",-166.25502699253914,362.5100539850783,413.0696244069932,True,0,1.310885887959922,0.0009096102097255,0.7292359591316533,0.1813630161422592,0.3410924418230633,1.0173431283060687e-14,0.8292566349049165,0.8045274478057278,0.1428206414968039,0.7106501689266245,0.1285813670468025,0.2061231502621883,0.381952735633327,0.1627542584351411,0.1758253426760752,-166.2550269947552,362.5100539895104,413.06962441142537
2026-06-01T22:47:56,11,22,110022,"ARX(2,2)",-165.71841670787182,361.43683341574365,411.9964038376586,True,0,0.5527222931960052,1.3499152790931483e-05,0.8311162873011441,0.2715544018755667,0.173948842732704,6.5780107250705345e-09,0.9737561569109268,0.483106662917832,0.1754731801877099,0.5656051931627335,0.1072268338984903,0.2067033775085439,0.4657484473918744,0.1435115268304884,0.1503978297147909,-165.71841670921907,361.4368334184381,411.9964038403531
2026-06-01T22:50:36,11,23,110023,"ARX(2,2)",-165.72092865244122,361.44185730488243,412.0014277267974,True,0,0.5334748000372904,1.1883187731231203e-05,0.8348889393380802,0.271113362799105,0.1710990829030612,5.46037016631492e-13,0.9697811170780092,0.4879672779481458,0.1757950482286349,0.5602696160602111,0.1057713873376119,0.2097644137471017,0.4617543271354201,0.1447390606778731,0.1508124915468646,-165.72092865566262,361.4418573113253,412.0014277332402
2026-06-01T22:53:20,11,24,110024,"ARX(2,2)",-165.73411885868578,361.46823771737155,412.0278081392865,True,0,0.5644009916406308,0.0028456276452275,0.8288211735240701,0.2843865706783209,0.1745325284437296,1.136691740075982e-12,0.9624171623761524,0.4630913974758114,0.1751081282899302,0.566715837156858,0.1055435499207954,0.2048044577870994,0.4781866883612824,0.1428867357673176,0.1422204133043317,-165.73411886180014,361.4682377236003,412.0278081455152
2026-06-01T22:57:18,11,25,110025,"ARX(2,2)",-165.84214417356674,361.6842883471335,412.2438587690484,True,0,0.1349874997476844,0.0625115401047552,0.9044189476137612,0.3078452488849572,0.1159234435754088,1.5620966290521004e-19,0.8383758453086626,0.471786473751161,0.2284734706871648,0.5234326924249391,0.0707716365150454,0.2015004144233336,0.30091824164622,0.1643274059165216,0.3297807198799838,-165.84214417365695,361.6842883473139,412.2438587692288
2026-06-01T23:00:23,11,26,110026,"ARX(2,2)",-165.87390154643788,361.74780309287576,412.3073735147907,True,0,0.2525734754550228,0.0379803102136027,0.87962395211413,0.2722872983980378,0.1532082482704928,3.756997790312749e-17,0.8752789931726457,0.5224658472890706,0.1924482738325275,0.5612093595892068,0.0821920645249356,0.2007235836873561,0.3537199043885922,0.1517736528508241,0.2850656071867369,-165.87390155336357,361.74780310672713,412.3073735286421
2026-06-01T23:06:56,11,27,110027,"ARX(2,2)",-165.73531636008994,361.4706327201799,412.0302031420948,True,0,0.5663832030015942,0.0005512205993587,0.8295853268360874,0.2529124823542822,0.1793415181634317,2.351471963925217e-14,0.9760360648645312,0.5169726303572051,0.1728532147114299,0.5731084274451387,0.1068146991017695,0.2060618444664191,0.4387803908863636,0.1449375440038505,0.1753062625401925,-165.73531636264732,361.47063272529465,412.0302031472096
2026-06-01T23:08:49,11,28,110028,"ARX(2,2)",-165.76703299702456,361.5340659940491,412.09363641596406,True,0,0.6132318840678692,0.0033340942479776,0.8209804732400316,0.2705275686345971,0.190600321427153,2.396108058050121e-12,0.9144581150519852,0.5362240720560236,0.1701087850066805,0.598615293373397,0.1090453810074858,0.2075129961058198,0.4428115246709924,0.1526728852007112,0.1566704634439159,-165.7670330004509,361.5340660009018,412.0936364228168
2026-06-01T23:13:02,11,29,110029,"ARX(2,2)",-165.7189321715803,361.4378643431606,411.9974347650755,True,0,0.5676974850229115,2.5778377650826822e-05,0.8278509228449468,0.2695481994846135,0.1781203956906459,1.1324078277656909e-07,0.973806217076116,0.4870427045872224,0.1749005573359453,0.5677651634995355,0.1071697626612202,0.2069629570427761,0.4692042270118809,0.1434743245494373,0.1465664723689878,-165.71893217324305,361.4378643464861,411.997434768401
2026-06-01T23:16:18,11,30,110030,"ARX(2,2)",-165.87121127820953,361.74242255641906,412.301992978334,True,0,0.2674374619513031,0.0339894112585622,0.873849615275972,0.2633064703907686,0.1632946311783449,4.135289366700887e-18,0.8497990620730788,0.5703453788365366,0.1918417198414955,0.561603191234199,0.0855319513643043,0.2066161556078848,0.3614383061913974,0.1539029211718314,0.2651353131785612,-165.8712112570363,361.7424225140726,412.3019929359875
2026-06-01T23:18:25,11,31,110031,"ARX(2,2)",-165.7190075601981,361.4380151203962,411.9975855423111,True,0,0.5377129204945368,2.9226228729790585e-05,0.8338419959326765,0.2718450792224685,0.1703282925309435,8.075609355339582e-06,0.9758065600383848,0.480443138171554,0.1765232702543464,0.5614668194111958,0.106524378971718,0.2075475818778479,0.4749710359121946,0.1424946822365176,0.1424217709397403,-165.7190075610116,361.4380151220232,411.99758554393816
2026-06-01T23:20:48,11,32,110032,"ARX(2,2)",-165.71901844367034,361.4380368873407,411.9976073092556,True,0,0.5500468625542401,0.0003620575812747,0.8307054439645227,0.2695183432699626,0.1741107883221793,3.2124711330633104e-17,0.977743277258063,0.4824580413643175,0.1762538493513033,0.56326287632232,0.1066065081182061,0.2069875386876822,0.4759609731661359,0.142583757011025,0.1413325133998738,-165.71901843204628,361.43803686409257,411.9976072860075
2026-06-01T23:22:41,11,33,110033,"ARX(2,2)",-165.77816177439786,361.5563235487957,412.11589397071066,True,0,0.5959286332676208,2.2734697619662795e-05,0.8262616038436187,0.2504240128548639,0.1873622654954797,8.224989499706976e-13,0.9476554763016094,0.5514420313359092,0.1688141566815771,0.5764927960918232,0.1102719168148103,0.2118111797925251,0.3823046602911743,0.1601081434933996,0.2029806941598448,-165.77816177442392,361.55632354884784,412.1158939707628
2026-06-01T23:24:37,11,34,110034,"ARX(2,2)",-165.71889783137937,361.43779566275873,411.9973660846737,True,0,0.5393922296428827,1.9759136505661563e-05,0.832750975760823,0.2718134953577953,0.1719979214059052,5.233989424260939e-13,0.9787191764471797,0.4776123902992892,0.1770042491129944,0.5643803341358472,0.1059242559761438,0.2068360666285199,0.4792882555874628,0.1412375567391854,0.1411779993623953,-165.71889783110134,361.4377956622027,411.9973660841176
2026-06-01T23:29:36,11,35,110035,"ARX(2,2)",-165.82444076614516,361.6488815322903,412.20845195420526,True,0,0.6800586219590752,0.0016314308189596,0.808982775814995,0.2299674559388375,0.2149392878514505,3.7007158038387924e-07,0.9593911423262028,0.5741026643020453,0.1661935507529551,0.601833813092247,0.1129493020730085,0.2133701592030482,0.4289035062784482,0.1492878599353698,0.1649185691751425,-165.82444076875487,361.64888153750974,412.2084519594247
2026-06-01T23:33:26,11,36,110036,"ARX(2,2)",-166.10649533440343,362.21299066880687,412.7725610907218,True,0,1.0913028541318257,0.0010276415614459,0.7598535722340831,0.2274623528968644,0.2830528412629992,2.387262598792628e-13,0.8656980754589509,0.6758512558855367,0.1471006126203704,0.6828858076261413,0.1273649618082709,0.1967798649500764,0.3965080686340982,0.1685564195864687,0.1683784243249107,-166.1064953299834,362.2129906599668,412.77256108188175
2026-06-01T23:35:41,11,37,110037,"ARX(2,2)",-166.29499984736464,362.5899996947293,413.1495701166442,True,0,0.3954807767829639,0.0313412506543856,0.8639722755648049,0.4071371698251841,0.1196461195740671,1.5186471011200011e-22,0.9993331669760772,0.134114288920216,0.1928985798883133,0.6283490101041691,0.084832506796147,0.2268545937368688,0.5683218647788767,0.0963402287161143,0.1020106394384778,-166.2949998515598,362.5899997031196,413.1495701250345
2026-06-01T23:38:02,11,38,110038,"ARX(2,2)",-165.72872873597407,361.45745747194815,412.0170278938631,True,0,0.5901258212414155,0.0006156077167035,0.8253682495535847,0.2658636837523012,0.1829966038494324,2.407991302330211e-06,0.9795597667130846,0.4872438139096499,0.1720303738830398,0.5668273413561944,0.1086504876944929,0.2068727317766344,0.4625722105127435,0.1455362052013467,0.148211323900042,-165.72872873545418,361.4574574709084,412.0170278928233
2026-06-01T23:41:42,11,39,110039,"ARX(2,2)",-165.84006378421753,361.68012756843507,412.23969799035,True,0,0.7329128704995247,0.0011480112603411,0.7969050980789725,0.234120605732317,0.2252885858229185,6.801949530464352e-13,0.9664623368437988,0.5608935189729012,0.1661433655128203,0.576853437001754,0.1122777007544582,0.2064077869805138,0.4678718815484787,0.1444107096019359,0.1392778835761824,-165.84006378422066,361.6801275684413,412.23969799035626
2026-06-01T23:44:21,11,40,110040,"ARX(2,2)",-165.7343286256352,361.4686572512704,412.0282276731853,True,0,0.5569931198169764,0.000688754964458,0.8292498297750491,0.2711854472553225,0.1738140721847493,8.834904104181858e-15,0.9745350479515992,0.4816728179490546,0.1768282518210943,0.5602217018695235,0.1063250163886767,0.2051702792354958,0.5201766244525012,0.1361430697108509,0.1077283488329688,-165.73432863053756,361.4686572610751,412.02822768299006
2026-06-01T21:31:37,12,1,120001,"ARX(2,2)",-165.84074116138785,361.6814823227757,412.24105274469065,True,0,0.1332017991363634,0.0621632443929529,0.9051234092104782,0.3125805189887574,0.1146968832826291,2.932517169420264e-08,0.832478366394066,0.4680875113290902,0.2296208947080655,0.5251923737431009,0.0696893129169566,0.2025500412506217,0.3085708271776133,0.1645509955385893,0.3222261647603484,-165.840741160078,361.681482320156,412.24105274207096
2026-06-01T21:33:57,12,2,120002,"ARX(2,2)",-165.71883115722244,361.4376623144449,411.9972327363598,True,0,0.5679884204972281,4.774029686644456e-05,0.8282260296681556,0.2684080572239054,0.1780367007423027,1.3815414496519674e-11,0.9711491844768504,0.4919333370059972,0.1744633537745114,0.5669616083763547,0.108243268550087,0.2062824890122154,0.4683225775682944,0.1444439202465129,0.1456305808858247,-165.7188311583078,361.4376623166156,411.99723273853056
2026-06-01T21:36:30,12,3,120003,"ARX(2,2)",-165.77598190032506,361.5519638006501,412.11153422256507,True,0,0.6001481733189781,0.0082300845270688,0.8230064661939706,0.2896181294017853,0.182156785378457,5.730351318061627e-13,0.9566579760673278,0.4468151635282831,0.1728541405361059,0.5894160165378599,0.107987304405925,0.2025215237566049,0.4562015587820882,0.1452362651965235,0.1606894845485628,-165.7759819033788,361.5519638067576,412.11153422867255
2026-06-01T21:38:25,12,4,120004,"ARX(2,2)",-165.71932472140367,361.43864944280733,411.9982198647223,True,0,0.5449686439009314,1.804393413448753e-05,0.8328895244315749,0.2712628444889398,0.1721673424224784,8.416154972649002e-10,0.9821614852477172,0.4752750271021295,0.1758275360622342,0.5662575770491388,0.1072916114111769,0.2070022942499842,0.4664787586322318,0.1422005008238413,0.1511927696219546,-165.71932463980284,361.43864927960567,411.9982197015206
2026-06-01T21:41:28,12,5,120005,"ARX(2,2)",-165.73256706327396,361.4651341265479,412.02470454846286,True,0,0.5574916794800612,6.666518120523646e-05,0.8282470422210926,0.2657616884964042,0.1820333459996253,5.779299617677896e-14,0.9551684613882732,0.5131630399625938,0.1755530261080784,0.5795164940878914,0.1034671084580213,0.2074050298140701,0.5018720481225392,0.141735606309078,0.1197915779069978,-165.73256706399064,361.4651341279813,412.0247045498962
2026-06-01T21:44:24,12,6,120006,"ARX(2,2)",-165.84077286783725,361.6815457356745,412.24111615758943,True,0,0.1333033076496064,0.0621928721538437,0.905143721728136,0.3126688116354833,0.1146668766253747,8.282835484051732e-18,0.8338102533279136,0.4665671820586364,0.2295268679353789,0.5249745961804269,0.0697585631769429,0.2024537762948937,0.3091109167572527,0.1644642472972317,0.3219039617552173,-165.84077286782926,361.6815457356585,412.2411161575735
2026-06-01T21:48:33,12,7,120007,"ARX(2,2)",-165.72504427155883,361.45008854311766,412.0096589650326,True,0,0.5420427472663806,1.2882536127503994e-05,0.8336349844550563,0.2679659913535947,0.1711601031041444,1.0365068529773573e-13,0.9798522590494728,0.4841886545900298,0.175718342684904,0.5620189575962553,0.1089809702371959,0.2064704443335988,0.4401408729766476,0.1456315421531442,0.1711101982908813,-165.7250442755261,361.4500885510522,412.0096589729672
2026-06-01T21:50:56,12,8,120008,"ARX(2,2)",-165.72048064895594,361.4409612979119,412.0005317198268,True,0,0.5525198293470306,0.00042178193873,0.8300974598705446,0.2694990301603518,0.175526668719761,1.1087408316579972e-11,0.9830386850800314,0.4770999945841586,0.1764703910527074,0.568321516849491,0.1068612296402951,0.2068962677882092,0.4843345448038921,0.1416025437530908,0.1347688702111237,-165.72048063791755,361.4409612758351,412.00053169775
2026-06-01T21:53:16,12,9,120009,"ARX(2,2)",-165.71880786443845,361.4376157288769,411.99718615079183,True,0,0.5583079858532768,0.0002194717341741,0.8299889179186816,0.2657810766763526,0.1754177944806593,1.5891747591105962e-08,0.979232267850934,0.4887415171623602,0.1752912810263319,0.5656375960826431,0.1073656387895798,0.2071591201019036,0.4702745343561152,0.1429982981113228,0.1460588122967684,-165.71880786450706,361.4376157290141,411.99718615092905
2026-06-01T21:55:56,12,10,120010,"ARX(2,2)",-165.47517300947388,360.95034601894776,411.5099164408627,True,0,0.0424162642046097,0.0388364717658493,0.9523345693698968,0.5059087837029286,0.0089046170676516,0.0307304436294248,0.8817209101826607,0.073620524222691,0.3198553129407844,0.5648340646681304,0.1697144342879271,0.1016852556620064,0.3296050924368913,0.1379812937612319,0.3287371043707643,-165.47517300943537,360.95034601887073,411.5099164407857
2026-06-01T21:58:27,12,11,120011,"ARX(2,2)",-165.73467205735466,361.4693441147093,412.02891453662426,True,0,0.6079994084735884,2.1052184848448496e-05,0.8209110341490469,0.2713846549010292,0.1892048780306391,6.021627807851174e-13,0.9579505843895906,0.4992323336761269,0.1719913134874804,0.5813580482260816,0.1113548115676743,0.2080624696256557,0.4488246076980335,0.1502937508068632,0.1527026102190299,-165.73467205700146,361.4693441140029,412.02891453591786
2026-06-01T22:01:54,12,12,120012,"ARX(2,2)",-165.72007661429797,361.44015322859593,411.9997236505109,True,0,0.5367100458208668,7.153164695013575e-05,0.8332771334790279,0.2706864722928839,0.1712932863546794,1.0231297072789145e-12,0.9829330146575485,0.4755464191411955,0.1773005358191939,0.558763793833593,0.1059817471626868,0.208340536913418,0.4783046299971862,0.1399584679432126,0.1423854439640391,-165.72007661452807,361.44015322905614,411.9997236509711
2026-06-01T22:04:27,12,13,120013,"ARX(2,2)",-165.74305867260523,361.48611734521046,412.0456877671254,True,0,0.5335897866396657,0.0034230729315869,0.8349300555639071,0.2924075951249179,0.1676247957599368,2.321527440614067e-13,0.9598591392943108,0.4485167921892926,0.1769006719019387,0.5637320175634079,0.1051168562803103,0.2066222106089391,0.4726635500214132,0.1423355329163986,0.1473803107007359,-165.7430586718915,361.486117343783,412.045687765698
2026-06-01T22:06:09,12,14,120014,"ARX(2,2)",-165.7636403952146,361.5272807904292,412.08685121234413,True,0,0.6306749036587262,0.0005698328764733,0.817278028693862,0.2691349458165097,0.1957373722612835,3.5498020836673217e-19,0.9424772060241589,0.5180829674875015,0.1699268323171498,0.585955521651493,0.1033460955466635,0.2113953534723188,0.4977208067614891,0.1405588399189641,0.1217280669136471,-165.76364039389864,361.5272807877973,412.0868512097122
2026-06-01T22:09:05,12,15,120015,"ARX(2,2)",-165.8614090160042,361.7228180320084,412.2823884539233,True,0,0.1334896136195189,0.0636625981476391,0.904665880320778,0.298436369212851,0.116131690603376,2.436923966300077e-05,0.8452844346288236,0.4834654134928904,0.2280546555234919,0.5083712659084348,0.0721596573893263,0.1997651294405446,0.2834004360554234,0.1615845602918321,0.3490848034286695,-165.86140895717085,361.7228179143417,412.28238833625664
2026-06-01T22:11:26,12,16,120016,"ARX(2,2)",-165.72846046755336,361.4569209351067,412.01649135702166,True,0,0.5128442259991836,1.409067074218468e-05,0.8381405512426325,0.2778093005596241,0.1632596006516634,3.843555569174057e-20,0.985834839521482,0.4585179575823303,0.1791974781973826,0.5634323683284648,0.1043603781311443,0.2092661846691729,0.4876060776827421,0.1375985081365023,0.1369567574368452,-165.72846046756922,361.4569209351384,412.0164913570534
2026-06-01T22:17:02,12,17,120017,"ARX(2,2)",-165.90438733028222,361.80877466056444,412.3683450824794,True,0,0.2860919664205064,0.0300732058232852,0.8689046303829993,0.2446098268764862,0.1696300474092667,0.0,0.8599666832731322,0.6044346940625304,0.191736951427016,0.548523969559742,0.0907693739404319,0.2079984109665882,0.410108278770688,0.1483955727567865,0.2179151628374615,-165.90438733557272,361.80877467114544,412.3683450930604
2026-06-01T22:19:57,12,18,120018,"ARX(2,2)",-165.72058102730549,361.44116205461097,412.0007324765259,True,0,0.5376542178573618,1.8436074836199213e-05,0.8346345862100307,0.2745594362872104,0.1689607471400562,1.3880429863756542e-19,0.9779172331400764,0.4729262184706941,0.1760467295038458,0.5574576724942706,0.1064745902290595,0.2063553901425456,0.4699152723338377,0.1420926501523912,0.1493713037220663,-165.72058102491744,361.4411620498349,412.0007324717498
2026-06-01T22:22:19,12,19,120019,"ARX(2,2)",-165.38949152160924,360.7789830432185,411.33855346513343,True,0,0.0476546465131907,0.0390447516066416,0.95089056491389,0.5725361036474818,0.0081642074094781,0.0323752600482358,0.8151139810598571,3.4234682838428654e-08,0.3089943147935391,0.6151663197194195,0.1700898120431207,0.1102187550561215,0.3474583796558542,0.1325203206407748,0.303284270266536,-165.38949150957055,360.7789830191411,411.338553441056
2026-06-01T22:27:38,12,20,120020,"ARX(2,2)",-165.74212931692725,361.4842586338545,412.04382905576944,True,0,0.632920131216038,0.0001058139918958,0.8154546064083649,0.2557919041724424,0.19723291843767,2.7391969585535173e-19,0.9734957118365004,0.5146724724197294,0.1712829471685173,0.5854288451332399,0.1107562653846226,0.20496520916208,0.4828413154197463,0.145733121591138,0.1283748464969855,-165.7421293166601,361.4842586333202,412.0438290552352
2026-06-01T22:30:07,12,21,120021,"ARX(2,2)",-165.9110695483788,361.8221390967576,412.38170951867255,True,0,0.2236793946939155,0.0363421018959237,0.8876731589409571,0.2891339733335213,0.1439636819782219,7.066206285867669e-10,0.8650933584332965,0.5019920467211217,0.1959255945080633,0.5506365160447768,0.0735585452233804,0.1964506350515505,0.4300655875257875,0.1457307529158245,0.2320496047247927,-165.91106952500968,361.82213905001936,412.3817094719343
2026-06-01T22:33:46,12,22,120022,"ARX(2,2)",-166.07409738298014,362.1481947659603,412.7077651878752,True,0,0.35115318140183,0.0293666132134214,0.8570250934105046,0.2675656987956169,0.1744134206011573,1.9902545776012743e-10,0.8655709768938634,0.5526891504013315,0.1826234277590516,0.5004378438187147,0.104664269824979,0.2183992387650384,0.2719394093666895,0.1600001004682937,0.3105657273088228,-166.07409734340524,362.1481946868105,412.7077651087254
2026-06-01T22:36:07,12,23,120023,"ARX(2,2)",-165.87624000346113,361.75248000692227,412.3120504288372,True,0,0.2660010152702719,0.0352938355039953,0.8749718134005692,0.2643850672381994,0.1603447760863107,4.6009719281676025e-17,0.8581997051909275,0.5594015752548382,0.1910281654661879,0.5530739190998033,0.0861538477529303,0.2037294850244669,0.3351725209442448,0.1540154166814051,0.2924737142357266,-165.87624000108335,361.7524800021668,412.3120504240817
2026-06-01T22:37:41,12,24,120024,"ARX(2,2)",-165.56846862269663,361.13693724539326,411.6965076673082,True,0,0.0320976251666442,0.015970055492756,0.9550517389079336,0.4687810857019747,0.0131851145344218,0.0293004942150079,0.8529620143834753,0.1983067497619653,0.3462417753545348,0.516890279461942,0.1768994983788081,0.0834140122912649,0.3769187670175676,0.1284354623950993,0.3058535088398499,-165.56846862267298,361.136937245346,411.6965076672609
2026-06-01T22:41:10,12,25,120025,"ARX(2,2)",-165.73427783943652,361.46855567887303,412.028126100788,True,0,0.0765683229194169,0.0447334942061957,0.9365120148096892,0.6095306488334918,0.0162387025118734,0.0298440471015949,0.7295778829365062,5.2703687063391175e-22,0.2818478342298861,0.6068571937454311,0.1453040928559394,0.1451026294748203,0.2987485681858113,0.1468036129899213,0.3240401663685844,-165.73427783773985,361.4685556754797,412.02812609739465
2026-06-01T22:44:40,12,26,120026,"ARX(2,2)",-155.55991053498198,341.11982106996396,391.6793914918789,True,0,0.9413493436526064,6.308019187429125,0.1730262415786118,0.6979994866174135,0.6935927642464411,0.4399086126860851,0.2525479187870653,0.0675661959808423,0.245621542671471,0.0821210317751969,0.1297322901688382,0.3590193475452644,0.496358409203442,0.0802927947536169,-0.0511305103398805,-155.55991053518932,341.11982107037863,391.6793914922936
2026-06-01T22:47:46,12,27,120027,"ARX(2,2)",-165.93843097503964,361.8768619500793,412.4364323719942,True,0,0.1328984171695739,0.0481328541893764,0.9139418472346336,0.2944418271866705,0.1118136104951085,5.1824703803485915e-09,0.8623533221671407,0.4871600871886208,0.2094439410868593,0.5290761169725189,0.0623437762529292,0.2105928358678468,0.3273851901945845,0.1618007267182397,0.3138103310526388,-165.93843098179656,361.8768619635931,412.43643238550806
2026-06-01T22:50:17,12,28,120028,"ARX(2,2)",-165.7301804355832,361.4603608711664,412.01993129308136,True,0,0.6057543031560779,1.593879598504529e-05,0.8215498390982886,0.2583627479881889,0.1886646031776935,7.080095714122511e-13,0.9748410552665304,0.5083982573661235,0.1718493799423956,0.5744429836564514,0.1104477147041323,0.2038303327257229,0.4569587033859559,0.1460250342353286,0.155129681663578,-165.73018043484996,361.4603608696999,412.01993129161485
2026-06-01T22:53:03,12,29,120029,"ARX(2,2)",-165.67714831374218,361.35429662748436,411.9138670493993,True,0,0.0765467584269589,0.044369921378642,0.9342348692991262,0.5896718839834207,0.0134995796129712,0.0324801856210608,0.7734967967927838,4.7226692441533004e-24,0.2932509197285547,0.5953163542385338,0.1489913172851372,0.1358537645419774,0.3183603063687635,0.1443810846048658,0.3121060298428287,-165.67714831388804,361.3542966277761,411.913867049691
2026-06-01T22:56:24,12,30,120030,"ARX(2,2)",-165.72978894352948,361.45957788705897,412.0191483089739,True,0,0.587351332175468,0.0004218078667196,0.8231141307993848,0.2585903440603095,0.1875725230931771,5.133826469288137e-10,0.9608038363047116,0.5210906231254935,0.1736621361331622,0.5701784896748766,0.1073567462067977,0.2085765930845079,0.4837790089177402,0.145339441721425,0.1275851128116533,-165.72978898022086,361.4595779604417,412.0191483823567
2026-06-01T23:00:09,12,31,120031,"ARX(2,2)",-165.8761523261283,361.7523046522566,412.31187507417155,True,0,0.7524507705373057,6.934848308128547e-07,0.7969627856748449,0.2081349139778207,0.2319593350911941,0.0,0.9574372617737203,0.6262909102703282,0.162928022215122,0.6150113721298281,0.1153277561220509,0.2105792841601105,0.4438468121802896,0.1490932827639075,0.1486828797430613,-165.87615232577355,361.7523046515471,412.311875073462
2026-06-01T23:04:21,12,32,120032,"ARX(2,2)",-165.69809904111978,361.39619808223955,411.9557685041545,True,0,0.0824622826117799,0.0429299602894974,0.9304862963608508,0.6067831388210208,0.0145869227045989,0.0337791946039093,0.738993533497258,3.222669550954443e-06,0.2915020259734237,0.5866466299286436,0.1495545648824764,0.1479794301142094,0.2855729757167372,0.1500985970828135,0.3247709944711322,-165.69809904243925,361.3961980848785,411.9557685067935
2026-06-01T23:08:31,12,33,120033,"ARX(2,2)",-165.7222829375795,361.444565875159,412.00413629707396,True,0,0.588435724928906,1.4257375747092236e-05,0.8243049026662775,0.2665754250651571,0.1836080151239297,1.376254634099388e-14,0.9724450716576656,0.4943732182732072,0.1731780924963839,0.5718931229469436,0.1083981803664876,0.2058996173954192,0.4651451564675994,0.1455155278365953,0.1476808346359205,-165.7222829377198,361.4445658754396,412.0041362973545
2026-06-01T23:10:41,12,34,120034,"ARX(2,2)",-165.7196325109278,361.4392650218556,411.99883544377053,True,0,0.5592083008539387,6.707723206433098e-05,0.8295199479256243,0.2686465189986557,0.1786607496978326,7.580319439073667e-18,0.9710877432235788,0.4914736179893816,0.1748535993479688,0.5755317295478439,0.1076077769597856,0.2080633830462859,0.4704371051560772,0.1439460745568378,0.1433243598632425,-165.71963248232956,361.4392649646591,411.99883538657406
2026-06-01T23:13:24,12,35,120035,"ARX(2,2)",-165.72421429489413,361.44842858978825,412.0079990117032,True,0,0.5713028082963316,0.0004284687670161,0.8276521454467513,0.2692673769548843,0.1763479977434632,8.543438921707557e-17,0.9764741477671915,0.4841104456773371,0.1750328231694042,0.5669527849757973,0.1085315099606912,0.2049724891431626,0.4956303883312795,0.1400979088321343,0.1255386143904496,-165.72421434593798,361.448428691876,412.0079991137909
2026-06-01T23:17:37,12,36,120036,"ARX(2,2)",-165.71971656844906,361.4394331368981,411.99900355881306,True,0,0.5422636291651268,0.0004384827982283,0.8331753153867276,0.2720050825052682,0.1721517224075828,4.6780387041075025e-15,0.9755557615231736,0.4795296731637863,0.1759023760574616,0.5655987052071338,0.1053242195995637,0.2072082068093431,0.4760667679704496,0.1422792094220074,0.1433213730514334,-165.71971641249172,361.4394328249834,411.9990032468984
2026-06-01T23:20:39,12,37,120037,"ARX(2,2)",-165.72045149047577,361.44090298095153,412.0004734028665,True,0,0.576355369319348,2.947115990947993e-05,0.8268259427890956,0.2657894581646872,0.1802048884445347,3.406131737579349e-12,0.969330552908222,0.4990267269530398,0.1736891130593108,0.5684512330397307,0.1089804780011491,0.2079174959934085,0.4614163246895315,0.1457660668083817,0.1485312049346564,-165.72045147828868,361.44090295657736,412.0004733784923
2026-06-01T23:27:15,12,38,120038,"ARX(2,2)",-165.7184093578444,361.4368187156888,411.9963891376037,True,0,0.5502663838036977,0.0001319716291795,0.831306735907446,0.2688922820628154,0.1744066079458407,1.7087884091898095e-08,0.9741693031014188,0.487768100229847,0.1756515623592743,0.5635893693876753,0.107129697019472,0.2083371205571605,0.4654707457938364,0.1436376345318696,0.1488642522721681,-165.7184093593993,361.4368187187986,411.9963891407135
2026-06-01T23:29:19,12,39,120039,"ARX(2,2)",-165.72052802827534,361.4410560565507,412.0006264784656,True,0,0.5277702427677143,1.033912727816066e-05,0.8364275537922347,0.273096220873942,0.1675901037666724,3.852910568544689e-17,0.9780287504042664,0.4757573385447933,0.1766857179655395,0.5626145465067858,0.1062731291524843,0.2074405748873948,0.470029542792076,0.1420048905317113,0.1484149188465748,-165.72052802824535,361.4410560564907,412.0006264784057
2026-06-01T23:31:11,12,40,120040,"ARX(2,2)",-165.72526059623053,361.45052119246105,412.010091614376,True,0,0.5853281689513565,0.0006175015784836,0.8249815722829988,0.2636470493596347,0.1822623700617973,2.01007187398846e-13,0.9715877968070588,0.4998059710435307,0.1735041038978665,0.5731979696409084,0.1071242698933862,0.2061411238852647,0.4884227319996036,0.143814820058352,0.1281944798456643,-165.72526059593037,361.45052119186073,412.01009161377567
2026-06-01T21:14:57,13,1,130001,"ARX(2,2)",-166.47093209547845,362.9418641909569,413.50143461287183,True,0,2.173395654040158,0.0486462320507732,1.348910629733207e-07,0.5820471900550318,3.567411554388559e-08,0.483359127474503,0.7998239748569648,5.476474294082864e-06,0.2403172262939414,0.4352358053946064,0.0947142376503332,0.2209435122946552,0.523337434765096,0.0444787131406786,0.1854122128199098,-166.47093208833917,362.9418641766784,413.5014345985933
2026-06-01T21:16:59,13,2,130002,"ARX(2,2)",-165.74073129464585,361.4814625892917,412.04103301120665,True,0,0.5671892549803945,3.9085747802726754e-05,0.8290235153997576,0.2553307901030364,0.1783798158561563,9.693983906812149e-09,1.0143425425785455,0.4749097948694682,0.1740702678974524,0.5788595297781625,0.1064178931466273,0.20797996619455,0.4647490599345648,0.1419505669116699,0.1535166427247356,-165.74073129413983,361.48146258827967,412.0410330101946
2026-06-01T21:19:12,13,3,130003,"ARX(2,2)",-165.75848910905506,361.5169782181101,412.07654864002507,True,0,0.5988662777047319,0.0003305412986805,0.8209524150513778,0.2471551421318991,0.1888076989694632,2.8473327557976157e-12,0.995476303892565,0.5094970335661311,0.1736017691677092,0.5537375344814159,0.1093417021382563,0.209661936335153,0.5143323259183366,0.1416560597467827,0.0994002477212564,-165.75848910876124,361.5169782175225,412.0765486394374
2026-06-01T21:22:50,13,4,130004,"ARX(2,2)",-165.72175654815598,361.44351309631196,412.0030835182269,True,0,0.5339247102624795,2.7386329040717733e-05,0.8344612460907149,0.2737744759313431,0.1683604966236566,4.539497276613068e-12,0.983471122032036,0.4689242060988849,0.1771576170762476,0.554992343288124,0.1065250453849789,0.207217780286647,0.4843127867524821,0.1409915147566186,0.1352406593915845,-165.72175654700422,361.4435130940085,412.0030835159234
2026-06-01T21:27:29,13,5,130005,"ARX(2,2)",-165.7389960325089,361.4779920650178,412.03756248693276,True,0,0.5018569749466114,8.334588686151545e-05,0.8407323610763436,0.2850055716237308,0.1634294150589012,2.5609715589256807e-10,0.9535366447448456,0.4762795263380435,0.1787536516125844,0.5695346164597038,0.1029894804733072,0.209117240709026,0.4775725606197964,0.1390979361470712,0.1460525539239982,-165.73899598879058,361.4779919775812,412.0375623994961
2026-06-01T21:29:58,13,6,130006,"ARX(2,2)",-165.7313828525919,361.4627657051838,412.02233612709875,True,0,0.5775445329521052,4.1635994412809695e-05,0.8256033780008983,0.2538535777099478,0.1860136951219497,2.026485191575492e-08,0.970987722573184,0.5212096460579926,0.1738622805594585,0.5891079988715779,0.1085187470778376,0.2076300762773148,0.464436738938066,0.146450866359577,0.145530744497508,-165.73138285206068,361.46276570412135,412.0223361260363
2026-06-01T21:32:19,13,7,130007,"ARX(2,2)",-165.8407381537508,361.6814763075016,412.24104672941655,True,0,0.1330126216366106,0.0621432178438326,0.905209826846974,0.3128040166856963,0.1145766987069391,2.878181002811673e-19,0.8321777111283712,0.4679926326541853,0.2297111797108254,0.5250985743931654,0.0696232329302142,0.2025502710039836,0.3090358327114461,0.1645425605326444,0.3218894233280743,-165.84073815369905,361.6814763073981,412.241046729313
2026-06-01T21:34:38,13,8,130008,"ARX(2,2)",-165.73279193687316,361.4655838737463,412.02515429566125,True,0,0.5850850057927246,0.0002790249240632,0.8254195656698643,0.2489905593612646,0.1837502650723263,6.918353880918258e-13,0.981486762852152,0.5199002283974068,0.1729426342216343,0.5769483860949746,0.1088146406794576,0.2080831439399086,0.4579758494765698,0.146280961947959,0.1514692992533709,-165.73279193944143,361.46558387888285,412.0251543007978
2026-06-01T21:37:54,13,9,130009,"ARX(2,2)",-69.85917045631548,169.71834091263096,220.2779113345459,True,0,5.834274837260082,6.618129425212932,0.8334217829095282,0.8036191750848292,0.0823221255026956,0.0945273550399961,0.1793163540367725,0.2023024832704862,0.044646679552498,0.3283645629186564,-0.0845651566293064,0.3391288499632998,0.682671219579633,-0.0094130251233795,-0.2121260285651117,-69.85917045653073,169.71834091306147,220.2779113349764
2026-06-01T21:40:02,13,10,130010,"ARX(2,2)",-165.72273151460968,361.44546302921935,412.0050334511343,True,0,0.548436803310227,0.0001366258695883,0.8318464568610056,0.2672842795435226,0.1754123203563203,1.0115031526489566e-09,0.96614401292851,0.4989958586999725,0.1751248393830452,0.5707794966843622,0.1078036109986546,0.2096568707591641,0.4446709854098619,0.1469300283770877,0.1626440365979285,-165.72273151353505,361.4454630270701,412.00503344898505
2026-06-01T21:44:03,13,11,130011,"ARX(2,2)",-165.7205568525975,361.441113705195,412.00068412710993,True,0,0.5356493444542609,5.993082803326716e-05,0.8341612450173014,0.2764535091317102,0.1694938525000857,7.192962004434786e-06,0.9743950751858426,0.4725759749176186,0.1767237161238076,0.5637149142508079,0.1058948122160074,0.2069996770539137,0.4772825668530757,0.1418002133709282,0.1419891725394375,-165.72055685293753,361.4411137058751,412.00068412779
2026-06-01T21:48:30,13,12,130012,"ARX(2,2)",-165.71932298571906,361.4386459714381,411.99821639335306,True,0,0.5642119748879562,4.704242255120658e-05,0.8282490702607543,0.264516090889604,0.1788235118872187,1.4424603310165594e-10,0.9711744693039236,0.4996926075844874,0.1747232675952817,0.5684756527381081,0.10676471757903,0.2061343511319888,0.4684203321110329,0.1452414960565753,0.1461468286201686,-165.71932298076374,361.4386459615274,411.9982163834424
2026-06-01T21:50:26,13,13,130013,"ARX(2,2)",-165.67758265102128,361.35516530204256,411.9147357239575,True,0,0.0764123936298218,0.0442938109554346,0.9341777296118344,0.5898870682426216,0.0134488083526336,0.0326997446859458,0.7730633165378177,0.0,0.2935305083148576,0.5953265552768329,0.1496641894607895,0.1357885227969983,0.3131632147075666,0.1443650915964354,0.3164429351775237,-165.67758265068233,361.3551653013647,411.9147357232796
2026-06-01T21:53:38,13,14,130014,"ARX(2,2)",-165.79915281577297,361.59830563154594,412.1578760534609,True,0,0.7251667622052225,0.0001776437834876,0.8015889260049647,0.2440725887037844,0.2098651605922145,3.9153000273414476e-17,0.9908848961200186,0.5205611961437662,0.1662831326302179,0.574639866790938,0.1143333381962783,0.2019081468302212,0.4629121145473208,0.1475844606604279,0.1444054918932364,-165.79915280537563,361.59830561075125,412.1578760326662
2026-06-01T21:57:26,13,15,130015,"ARX(2,2)",-165.73423876148985,361.4684775229797,412.02804794489464,True,0,0.609551390011422,2.9261122026389827e-05,0.8208307065067475,0.2589198014688708,0.1907330740580311,4.697980847678435e-10,0.9576885780369184,0.5244054745237722,0.1712088917767151,0.5792422865059428,0.1101047360809932,0.2078875365408068,0.444888816456842,0.1490683975222126,0.1586583309919491,-165.73423875128466,361.4684775025693,412.0280479244842
2026-06-01T22:00:31,13,16,130016,"ARX(2,2)",-165.4209879914456,360.8419759828912,411.40154640480614,True,0,0.0470112006474904,0.0405200627492842,0.950883906515272,0.5532802641350526,0.0079233929640378,0.0326402856251294,0.8532586326187029,2.9619523160993073e-19,0.3105382703959447,0.6238222398779437,0.1651091488480838,0.0995446574981303,0.3685337526279421,0.1299699886690983,0.3019454105081247,-165.42098799107788,360.84197598215576,411.4015464040707
2026-06-01T22:05:21,13,17,130017,"ARX(2,2)",-165.71956835704094,361.4391367140819,411.9987071359968,True,0,0.5641159063765001,8.140884565459526e-05,0.8289906761527085,0.2667039637508653,0.1771008799898237,1.2210072466862825e-17,0.9804950068972966,0.4859221510892658,0.1748108794248627,0.5671278961568968,0.1080596000608135,0.2065511417104074,0.4612365787320658,0.1440695778282031,0.1534664206860855,-165.71956840280745,361.4391368056149,411.9987072275298
2026-06-01T22:07:18,13,18,130018,"ARX(2,2)",-165.79954985626745,361.5990997125349,412.15867013444984,True,0,0.0776084989009683,0.0408553792371631,0.934645937475178,0.6318479014017863,0.0207177606814353,0.0279978665450667,0.6847628465565284,0.004300632109919,0.2877731330721113,0.588661338584548,0.1259607986079369,0.1657416767240132,0.3001337015594848,0.1499349686720533,0.3252022149310778,-165.79955013468606,361.5991002693721,412.1586706912871
2026-06-01T22:09:39,13,19,130019,"ARX(2,2)",-165.820308319437,361.640616638874,412.20018706078895,True,0,0.7165428158803033,1.4015218601314603e-05,0.8044780935517021,0.2447509756297111,0.2160991251170625,1.8367852630073032e-13,0.9190267055253744,0.5914363453153606,0.1636559314595544,0.5932866320065219,0.1147348441241489,0.208838707146745,0.411662524285673,0.1572918598437896,0.1734923229550808,-165.82030831937914,361.6406166387583,412.2001870606732
2026-06-01T22:11:59,13,20,130020,"ARX(2,2)",-165.67954848467036,361.3590969693407,411.91866739125567,True,0,0.0773771292653209,0.0442715177593349,0.9337538427632088,0.5920419518257941,0.0140593772301654,0.0324388151124187,0.7684793673514232,1.0550707247460753e-07,0.2922987448246774,0.5987506524275359,0.1455091877284377,0.1365549907596192,0.3208214974908511,0.1433373064740646,0.3139445796944075,-165.67954848458334,361.3590969691666,411.9186673910816
2026-06-01T22:14:07,13,21,130021,"ARX(2,2)",-165.72172373690415,361.4434474738083,412.00301789572325,True,0,0.5724870857713267,0.0006096100769339,0.8283075500868287,0.2642837391381885,0.1791068862577606,8.220517604568539e-11,0.9731487010471136,0.4969794438533612,0.1734739988439323,0.5718549877155047,0.1082649747707457,0.207969418936415,0.4628149681835674,0.144529526471071,0.149540800848384,-165.7217237165111,361.4434474330222,412.0030178549371
2026-06-01T22:17:49,13,22,130022,"ARX(2,2)",-166.06257798285475,362.1251559657095,412.68472638762444,True,0,1.0567853059755792,1.1146136008454736e-05,0.7577680957446735,0.2012960396001127,0.2908217008041009,1.7512412359423425e-17,0.9029640615040572,0.694408096148496,0.1503983145831547,0.6617479818470227,0.122714888534306,0.2014007899892128,0.431046978006883,0.1568180818268622,0.1498643704797341,-166.06257798270423,362.12515596540845,412.6847263873234
2026-06-01T22:23:16,13,23,130023,"ARX(2,2)",-165.71919300440152,361.43838600880304,411.997956430718,True,0,0.5568294224293678,0.0001344284825319,0.8300298212459207,0.2688660422287539,0.1765434296793199,3.561208217488721e-05,0.9691097365204868,0.4928715425428588,0.1751581125643626,0.5687917980173829,0.1074593075395609,0.2074599370198218,0.4659031487548093,0.1450705825718728,0.1471600757899314,-165.71919300399344,361.4383860079869,411.9979564299018
2026-06-01T22:25:41,13,24,130024,"ARX(2,2)",-165.7281847833553,361.4563695667106,412.0159399886255,True,0,0.5970125308780994,0.0002842693885492,0.8249916596511712,0.2592005066127175,0.1800957739864707,0.0,0.9811543132342664,0.4998267645745689,0.171751113739085,0.5704817930350142,0.1100382756972006,0.205080840917565,0.4640370027041109,0.1454135898077415,0.1480445980947417,-165.728184830317,361.456369660634,412.0159400825489
2026-06-01T22:28:40,13,25,130025,"ARX(2,2)",-165.7211933008543,361.4423866017086,412.00195702362356,True,0,0.5597585401298671,7.883435386176336e-05,0.8295969598314363,0.2642846099465193,0.1768930209789929,3.888399874904419e-11,0.9725861170653636,0.4986773959007611,0.1747100442624183,0.5629257855672176,0.1068714155036995,0.2068405431151485,0.457148789455615,0.1440500212654741,0.1572838388074106,-165.72119329733732,361.4423865946746,412.0019570165896
2026-06-01T22:30:28,13,26,130026,"ARX(2,2)",-165.7182909483859,361.4365818967718,411.99615231868677,True,0,0.5564203339895805,5.798934909431871e-05,0.8299217660066748,0.267721727709516,0.1763710325975794,9.02592430155786e-06,0.9749824572010894,0.4894502397031467,0.1754490356267128,0.5699033255469383,0.1070619525710257,0.2069170553517753,0.4756598992423145,0.1432054877544062,0.1407993130728865,-165.71829091672623,361.43658183345246,411.9961522553674
2026-06-01T22:33:01,13,27,130027,"ARX(2,2)",-165.92922745108928,361.85845490217855,412.4180253240935,True,0,0.2636667498814777,0.033835168222295,0.8750189944619221,0.2679808516630744,0.1589003907551519,3.7709785185888356e-14,0.8201652363668969,0.590653521604578,0.1910230981201346,0.5107752286217442,0.0838654170510199,0.2161245805347297,0.3521576944183923,0.1513825312223205,0.2673694633260656,-165.92922744309465,361.8584548861893,412.4180253081042
2026-06-01T22:36:33,13,28,130028,"ARX(2,2)",-165.75696432377526,361.51392864755053,412.07349906946547,True,0,0.4745861012579988,2.685110973200384e-05,0.8483556153366314,0.2782370797375283,0.1512894776130868,2.4751098909554538e-21,0.9721967752054276,0.4712763987266409,0.1794685766510922,0.5423732639852205,0.1064000491857135,0.2128323091087002,0.4412421232072928,0.1454561715131828,0.1671709233753648,-165.7569643234212,361.5139286468424,412.0734990687573
2026-06-01T22:38:02,13,29,130029,"ARX(2,2)",-165.72018047427895,361.4403609485579,411.99993137047284,True,0,0.5597558317045332,2.242809833034053e-05,0.8286821136497858,0.2602872104091422,0.1788610109752851,3.263861305293168e-13,0.9782166161850302,0.5011603178391079,0.1754293544149332,0.5680676342586771,0.1070931790135105,0.207678177547026,0.4735080756679874,0.1438384231147987,0.1412123229310272,-165.72018047297297,361.44036094594594,411.9999313678609
2026-06-01T22:41:34,13,30,130030,"ARX(2,2)",-165.79298129946363,361.58596259892727,412.1455330208422,True,0,0.4820803384131239,0.0005820565222891,0.847104330889068,0.3044734462129285,0.1489479388065983,1.4803089813613966e-05,0.953551296370428,0.4364171538103547,0.1790777643589483,0.5448951355813547,0.1042736906669859,0.2118908508603701,0.4284127247349,0.1385342153913094,0.1893678405392342,-165.79298130435168,361.58596260870337,412.1455330306183
2026-06-01T22:44:50,13,31,130031,"ARX(2,2)",-165.8461623495789,361.6923246991578,412.2518951210727,True,0,0.1336194353276908,0.061715255692796,0.9053772740208051,0.3246302389414676,0.113291813573172,2.332050472873173e-06,0.8353349514132643,0.4408817883635191,0.2291869337405375,0.5264692180054431,0.0687453171094951,0.200333779857125,0.3173309080135267,0.1639565029720511,0.3173498286315293,-165.84616235773433,361.6923247154687,412.2518951373836
2026-06-01T22:50:42,13,32,130032,"ARX(2,2)",-165.72696518941686,361.4539303788337,412.01350080074866,True,0,0.5281722499577914,4.310233025590999e-05,0.8348869932254638,0.277353073811882,0.1672240976025629,1.2170119152746281e-13,0.9749695258369576,0.4702389450941837,0.1784458476154759,0.5625760345014934,0.105930245474921,0.2019859402690664,0.4973454590141978,0.138573412940131,0.1315844734780807,-165.72696518940035,361.4539303788008,412.0135008007157
2026-06-01T22:53:50,13,33,130033,"ARX(2,2)",-165.91941878220018,361.83883756440036,412.3984079863153,True,0,0.2495428592897598,0.0362962600864697,0.8808125136827649,0.2998777389314499,0.1489479568675079,0.0,0.8512517075062681,0.4932424741102983,0.1923849843868273,0.5355183325087746,0.0767281854376153,0.1930651333879234,0.4189251123138847,0.1502734559091538,0.2355957796896321,-165.91941878092663,361.83883756185327,412.3984079837682
2026-06-01T22:57:02,13,34,130034,"ARX(2,2)",-166.11934973879937,362.23869947759874,412.7982698995137,True,0,1.031203966080092,0.013270024212205,0.7650272829949331,0.2539089397619611,0.2674963657811421,0.0,0.8497917584591466,0.6066696880341741,0.1505143180078767,0.6795045078242149,0.1210116913256817,0.1974791796601529,0.3866873548885955,0.1643684544783107,0.1894009493385569,-166.11934973926878,362.2386994785376,412.7982699004525
2026-06-01T23:00:10,13,35,130035,"ARX(2,2)",-165.73667666413985,361.4733533282797,412.03292375019464,True,0,0.5061416165938009,4.134593556181253e-05,0.8406530238629004,0.2818490767306651,0.1571943954344621,4.7979655779680376e-18,0.9911730934428428,0.445048969710334,0.1788577517942876,0.5481718776388785,0.1052558181954729,0.2090061032405926,0.4872698276963877,0.1383357163397899,0.1351646359121947,-165.73667666419232,361.47335332838463,412.0329237502996
2026-06-01T23:01:58,13,36,130036,"ARX(2,2)",-165.71884969129417,361.43769938258833,411.9972698045033,True,0,0.5398193971621094,3.330542655214055e-05,0.8330931309309629,0.2712233183802887,0.1723236916367526,3.068399078174287e-15,0.978194023227588,0.4792899593987704,0.1765998184457338,0.5647729832782703,0.1056919299591782,0.2073029960753615,0.4811840198463878,0.142025689102942,0.1382829386014742,-165.71884969084346,361.4376993816869,411.99726980360185
2026-06-01T23:05:45,13,37,130037,"ARX(2,2)",-165.73137878138533,361.46275756277066,412.0223279846856,True,0,0.591780980850482,3.044177838397215e-06,0.8240150707910867,0.2713416327024375,0.1853603774311072,1.6204174827692036e-15,0.943672128398384,0.5136378699696956,0.1723364390065726,0.5799730016242268,0.1064864760163801,0.2059076948513855,0.4747597264686932,0.1474533602277343,0.1378037682111679,-165.73137878128392,361.46275756256784,412.0223279844828
2026-06-01T23:08:47,13,38,130038,"ARX(2,2)",-166.33728433984166,362.6745686796833,413.23413910159826,True,0,0.4168583624775386,0.0337294260604159,0.8584630997068571,0.4046495937734918,0.1207798399007069,0.0,1.0333479750779908,0.1059174694500475,0.1920554164580809,0.5987873701670723,0.0862276082476218,0.222664435354884,0.5583758153932737,0.0879517899226217,0.121921691636169,-166.33728433926802,362.6745686785361,413.234139100451
2026-06-01T23:12:27,13,39,130039,"ARX(2,2)",-165.92611604739147,361.85223209478295,412.4118025166979,True,0,0.1642157102345432,0.0644373118203785,0.8947664452636184,0.3035889525918361,0.1260995168914164,4.7268124944080597e-20,0.8276887922114757,0.4891162498844534,0.2218952026133571,0.5262764887424078,0.0815579006467306,0.202611104722624,0.3686085949198694,0.1701026187234333,0.2437060479824744,-165.92611604740932,361.85223209481865,412.4118025167336
2026-06-01T23:14:11,13,40,130040,"ARX(2,2)",-166.36660016907695,362.7332003381539,413.29277076006883,True,0,0.0086026949626503,0.1183413881747045,0.9564238612102872,0.4932477729809867,0.0478129556936005,0.0193683315921182,0.8418519210837475,0.0576561210762419,0.3244155729998552,0.4861927180493739,0.0735313137161352,0.1487329009079528,0.7622947116118907,0.0516882240621965,0.0051074636659315,-166.36660017036547,362.73320034073095,413.2927707626459
2026-06-01T21:32:19,14,1,140001,"ARX(2,2)",-165.67737274405857,361.35474548811715,411.9143159100321,True,0,0.0771678053062154,0.04412974063152,0.933652316646571,0.5902879479771757,0.0133269266855377,0.032925503771464,0.7725337070929441,3.300119518496721e-07,0.2937158675104874,0.5954247610136073,0.1491037173904651,0.136426411763208,0.314820934308306,0.1450143843759856,0.3140983524314582,-165.6773727247377,361.3547454494753,411.9143158713903
2026-06-01T21:34:53,14,2,140002,"ARX(2,2)",-165.7563476717666,361.5126953435332,412.07226576544815,True,0,0.4841292854560511,2.6217267321680803e-05,0.8441157631040386,0.2864209364120144,0.1536641110500462,1.746470427687741e-11,0.9904650731911232,0.4366442609553034,0.1814315439492076,0.5387420896079973,0.1026579571339907,0.2076924061891593,0.5205965110599156,0.1347523071624953,0.11155997364027,-165.75634767872776,361.5126953574555,412.07226577937047
2026-06-01T21:37:46,14,3,140003,"ARX(2,2)",-165.73170882778203,361.46341765556406,412.022988077479,True,0,0.59645584874465,0.0008309617789997,0.8216515626898313,0.2569069609342845,0.1896205223064581,0.0,0.9755034250388536,0.508839184494012,0.1733579428343583,0.584520564293142,0.1083148997284275,0.2057416952376913,0.4770997484133442,0.1452560902475884,0.1368335380353846,-165.73170882703567,361.46341765407135,412.0229880759863
2026-06-01T21:40:07,14,4,140004,"ARX(2,2)",-165.7516422543148,361.5032845086296,412.0628549305445,True,0,0.5476160363522613,0.0011251839427089,0.8314774981149384,0.2767873063453595,0.1762922519853273,1.2624761362637804e-11,0.9166191921040328,0.5274003404824831,0.1748690783541321,0.5745768547628783,0.1068304335362088,0.21053040761997,0.468140523638983,0.149557508654615,0.1346948416661247,-165.75164224391807,361.50328448783614,412.0628549097511
2026-06-01T21:43:00,14,5,140005,"ARX(2,2)",-165.72648133510074,361.4529626702015,412.0125330921164,True,0,0.5624904805355913,0.0006691692406624,0.8280978125059175,0.2635687041437717,0.1803700055783361,2.574843193027748e-13,0.955603570098353,0.5158110584197133,0.1749784163640562,0.5734020336246183,0.1069309630684373,0.2093923356989872,0.4802172359918651,0.1449809177072701,0.1308506911614659,-165.7264813289781,361.4529626579562,412.0125330798712
2026-06-01T21:44:38,14,6,140006,"ARX(2,2)",-165.98711455117663,361.97422910235326,412.5337995242682,True,0,0.940170445150124,1.7680937373401288e-05,0.77398260844334,0.2225573755766242,0.2657645092492827,2.382558849117493e-16,0.9083023151065802,0.6465290228609023,0.1534851618055558,0.6464629171504772,0.1213692553863629,0.2046307143107848,0.3981808665603988,0.1596778466174759,0.1781845632153258,-165.98711455110325,361.9742291022065,412.53379952412143
2026-06-01T21:47:05,14,7,140007,"ARX(2,2)",-165.85306797635712,361.70613595271425,412.2657063746292,True,0,0.140225543582707,0.0660009509040267,0.9027967729382304,0.3076524507104724,0.117234264790528,5.963901864920701e-10,0.8129986948472286,0.4915487049106522,0.2269555216156713,0.52176272716644,0.0728217420735888,0.206340464926112,0.3104949856448644,0.1666949715349892,0.3097921550066973,-165.85306800598534,361.7061360119706,412.2657064338856
2026-06-01T21:50:28,14,8,140008,"ARX(2,2)",-165.7189782573668,361.4379565147336,411.99752693664857,True,0,0.5589210403089603,0.0001418926421078,0.8297695156591565,0.2676246775452681,0.1756433640363929,1.1710336257573638e-15,0.9791579060860588,0.485295095665434,0.1752406078085593,0.5658024585132087,0.1073603344907854,0.2065598253235162,0.4824786047040814,0.1432919801791989,0.1342100296345875,-165.71897824292597,361.437956485852,411.9975269077669
2026-06-01T21:52:33,14,9,140009,"ARX(2,2)",-165.75522768409638,361.51045536819277,412.0700257901077,True,0,0.6446535800609394,1.668807971246675e-05,0.8133932522400514,0.2425438164435626,0.1991311020215454,5.889248082074986e-13,0.9773668253454432,0.537507232095381,0.1704919764550404,0.57622584830852,0.1126193151602106,0.2056904656987578,0.4738081525518042,0.1462479776676906,0.1328749954008263,-165.75522768279822,361.5104553655965,412.0700257875114
2026-06-01T21:55:59,14,10,140010,"ARX(2,2)",-165.7254167156895,361.450833431379,412.01040385329395,True,0,0.5430806382121255,0.0005794073788275,0.8324807814501869,0.2768906975606408,0.1711684415581594,4.0825141943728976e-15,0.9613056167425048,0.4837502815780963,0.176378548964393,0.5567063988019079,0.1056947645750075,0.2084634333491473,0.461581771806803,0.1421711515311552,0.1555260172550204,-165.72541671470293,361.45083342940586,412.0104038513208
2026-06-01T21:59:06,14,11,140011,"ARX(2,2)",-165.47925142030442,360.95850284060884,411.5180732625238,True,0,0.0409226623139537,0.0385195735201437,0.9531473848571188,0.5010987295758613,0.0086842197031719,0.0305521428910853,0.8906715967034287,0.0746594966349723,0.322872412963653,0.5703608173114455,0.1686463670736483,0.0977354251132871,0.341551474721699,0.1374573043782296,0.3232437189098521,-165.47925144635877,360.9585028927176,411.5180733146325
2026-06-01T22:02:57,14,12,140012,"ARX(2,2)",-165.91564147463745,361.8312829492749,412.39085337118985,True,0,0.1173260694037096,0.0586858824893184,0.9134259562086746,0.3585280180837813,0.0875888024932619,0.0080608880292618,0.8750575916815695,0.3347105771614022,0.2423651344904189,0.5574389415979221,0.0637199003643909,0.1932290962046608,0.3818695450265619,0.1430734248530583,0.2961914641516462,-165.91564147800148,361.83128295600295,412.3908533779179
2026-06-01T22:06:27,14,13,140013,"ARX(2,2)",-165.75814513877657,361.51629027755314,412.0758606994681,True,0,0.6515793838235554,9.8702406035269e-05,0.8104489710454841,0.2557422647950893,0.2018458675831249,1.0607579603507272e-17,0.9882106906442688,0.5000787785051267,0.1718197708746065,0.5812584091441589,0.1107951351596114,0.2045135647376416,0.5052511733331738,0.1423116679257284,0.1114156262269148,-165.75814513891297,361.51629027782593,412.0758606997409
2026-06-01T22:08:22,14,14,140014,"ARX(2,2)",-165.42111323200564,360.8422264640113,411.4017968859262,True,0,0.0441769227624878,0.0378942120312217,0.9536254774961884,0.5905525921794909,0.009385916407536,0.0301954172435972,0.7777347767494877,2.1306424636666153e-18,0.3087221510364984,0.6177533548974331,0.1649256212056209,0.1142191031960598,0.3622036255672498,0.1343687596337496,0.288512802020664,-165.4211132319985,360.842226463997,411.401796885912
2026-06-01T22:11:38,14,15,140015,"ARX(2,2)",-165.71822325273394,361.43644650546787,411.9960169273828,True,0,0.5442681628766678,1.4275672467526918e-05,0.8321455668719735,0.2693934004856684,0.1734680871114197,6.773184413361169e-09,0.9769194744423606,0.48426356068456,0.1763075994706632,0.5679422267290036,0.1066790119424006,0.2078202330347164,0.4762186129312563,0.1430781261616637,0.1400331152440068,-165.71822325519287,361.43644651038574,411.9960169323007
2026-06-01T22:15:14,14,16,140016,"ARX(2,2)",-165.73186504875525,361.4637300975105,412.02330051942545,True,0,0.5351700127935534,0.0015820679374998,0.8350165553991454,0.2694066339715588,0.1746293363378085,0.0,0.9592035433006224,0.4985437923502728,0.175351932163417,0.5822520342120298,0.1068523579913622,0.2118321890573761,0.4471129133598449,0.1448901628286139,0.1624148234359954,-165.73186504602103,361.46373009204206,412.023300513957
2026-06-01T22:16:26,14,17,140017,"ARX(2,2)",-165.71835769008564,361.4367153801713,411.9962858020862,True,0,0.5591019269028679,0.0001300595481042,0.8295164293018439,0.2685916485036771,0.1768069772115748,2.5840989729347785e-07,0.9735076991121472,0.4890333221706691,0.1752453835964971,0.5658039854713064,0.107277956902679,0.2064995106959198,0.4688138046460355,0.1438015207248422,0.1470610969068709,-165.71835769135845,361.4367153827169,411.99628580463184
2026-06-01T22:18:43,14,18,140018,"ARX(2,2)",-165.7758613951151,361.5517227902302,412.11129321214514,True,0,0.6933799218307397,2.870710259653786e-05,0.8044841396620042,0.2608172053492941,0.2058775929580341,5.356938347957693e-17,0.9666488442272122,0.5116517899930596,0.1688796187093506,0.5757852558085358,0.1113514924389474,0.2018271168280621,0.4524222772947546,0.1535558574161328,0.1514682150059052,-165.7758613951306,361.5517227902612,412.1112932121761
2026-06-01T22:21:10,14,19,140019,"ARX(2,2)",-165.4717758945555,360.943551789111,411.5031222110259,True,0,0.0716205020126234,0.0495841499008631,0.93705533763094,0.5719737192807242,2.744304676391711e-22,0.0253418192410672,0.8115822964904017,1.1189974963632176e-20,0.3374702954594151,0.5446380732872542,0.1530005117081001,0.1829582487977995,0.3218734355870801,0.0753724233977359,0.3302149855327199,-165.47177589462052,360.943551789241,411.503122211156
2026-06-01T22:24:14,14,20,140020,"ARX(2,2)",-165.9146847955742,361.8293695911484,412.38894001306335,True,0,0.8494918397190437,3.0030359428634383e-05,0.783029110128407,0.2151031415316008,0.2488014899721454,6.130319088785919e-12,0.9452834708126224,0.6244274231399544,0.1585237908512087,0.6059538548126743,0.1183855325586057,0.2078872942849775,0.4316902803777148,0.1539004646855521,0.1533624796094924,-165.91468479592783,361.82936959185565,412.3889400137706
2026-06-01T22:27:22,14,21,140021,"ARX(2,2)",-165.71818583818765,361.4363716763753,411.99594209829024,True,0,0.559407198533593,9.94605482247264e-06,0.8294911378571216,0.2680838672100468,0.1772007792063719,2.41762300614247e-10,0.9781495724813648,0.4856616835443654,0.1751306601866859,0.5684580132664953,0.106995811428321,0.2066457933272193,0.4728065037926042,0.1428986707191708,0.1445370588114879,-165.71818583359374,361.4363716671875,411.9959420891024
2026-06-01T22:32:28,14,22,140022,"ARX(2,2)",-165.60308614430278,361.20617228860556,411.7657427105205,True,0,0.0532577429997445,0.0471804517798133,0.9508200713490912,0.5390199007242285,0.008004430523062,0.0300814619475536,0.8709793613506585,0.0049373872765152,0.2916457808976981,0.5777141486595281,0.1795081642013014,0.1019474981682119,0.4179123136198612,0.1247751455980899,0.2404665076179174,-165.60308614613297,361.20617229226593,411.7657427141809
2026-06-01T22:34:49,14,23,140023,"ARX(2,2)",-146.61075366067647,323.22150732135293,373.7810777432679,True,0,9.89740076029078,5.170637148001008,0.2633402114514661,0.5121646474927877,0.637783313625463,0.3908699716931887,0.973397313811848,1.85500999799545e-08,0.0914971506269573,0.0076010522586156,0.1033886186205708,0.246323104009178,0.811449602191613,0.0056663729604028,-0.1033569887067612,-146.61075366068138,323.2215073213628,373.7810777432777
2026-06-01T22:37:09,14,24,140024,"ARX(2,2)",-165.85162569205818,361.70325138411636,412.2628218060313,True,0,0.133703849999301,0.0605449808451641,0.9043471707091626,0.3129564372632262,0.1157838223484581,1.0364012323997423e-16,0.8244834961710763,0.4794930075981248,0.2295234497494767,0.5092451079780534,0.0725874085375074,0.2035323323384767,0.2881625498035894,0.1694127946333593,0.332606805711797,-165.8516256922768,361.7032513845536,412.2628218064685
2026-06-01T22:39:46,14,25,140025,"ARX(2,2)",-165.7292021055236,361.4584042110472,412.01797463296214,True,0,0.5176826479864421,0.0002664851149782,0.836540328752138,0.2828202627475107,0.1655319926488705,9.706717069611928e-08,0.97672142124447,0.457100490350784,0.1787596864464601,0.5589723318966907,0.1056648930839941,0.2060177508290187,0.4723682262767497,0.1429331978608602,0.1469358369287488,-165.72920210352362,361.4584042070472,412.0179746289622
2026-06-01T22:42:03,14,26,140026,"ARX(2,2)",-166.04303604896086,362.0860720979217,412.64564251983666,True,0,1.035618707513243,0.0002874907275442,0.758247891610188,0.2070504046745516,0.2843878921094038,7.777253545877041e-18,0.9060158465953752,0.6789256752745769,0.1521080067032929,0.6437674244173146,0.1210152016945608,0.2013087062878023,0.4502099311629482,0.1546264700396335,0.1352521178047164,-166.04303605519056,362.0860721103811,412.6456425322961
2026-06-01T22:44:23,14,27,140027,"ARX(2,2)",-165.7349949729313,361.4699899458626,412.02956036777755,True,0,0.555105818795032,2.5063680769853244e-05,0.8314738267450213,0.2615800674389547,0.1752996639001042,2.9057596981191228e-11,0.9826532763084872,0.4941315429949717,0.1745342079486044,0.5728623760141349,0.1092884809944652,0.2067007463212047,0.4208012311658085,0.1464350455532762,0.1886093321420295,-165.73499497249577,361.46998994499154,412.0295603669065
2026-06-01T22:48:05,14,28,140028,"ARX(2,2)",-165.67717734458063,361.35435468916126,411.9139251110762,True,0,0.0768000181096814,0.0442168942437019,0.9340395234095528,0.5909868413149634,0.0136892413522153,0.0325025514778578,0.7708376377594799,2.2542724849837944e-19,0.2930318374296375,0.5953657461150587,0.1483939530268757,0.1366292674728394,0.3156458924374589,0.1446526276507794,0.3142523591192078,-165.677177344905,361.35435468981,411.91392511172495
2026-06-01T22:50:37,14,29,140029,"ARX(2,2)",-165.85452291809435,361.7090458361887,412.26861625810363,True,0,0.1341685945641384,0.063417764075139,0.9034357054158276,0.3020684547434317,0.1190282419362595,6.713907847903676e-19,0.8282293542080875,0.4931956124843942,0.2294399399824218,0.529415721062396,0.0701741080546803,0.205032650598255,0.2706932747926855,0.1661328363257776,0.3535613339910344,-165.85452292069812,361.7090458413962,412.2686162633112
2026-06-01T22:55:25,14,30,140030,"ARX(2,2)",-165.84423636925985,361.6884727385197,412.24804316043463,True,0,0.1365026764707955,0.0630519807698957,0.9043517299772612,0.3086795471270615,0.1155786779882761,5.0655958229923704e-21,0.8488951017335302,0.4587672596514847,0.2280860799203359,0.5310271592794249,0.0709139865828946,0.1993442297944479,0.3100671215099905,0.1628901791482683,0.3248292721376861,-165.84423635838442,361.6884727167688,412.2480431386838
2026-06-01T22:58:16,14,31,140031,"ARX(2,2)",-165.7295108195347,361.4590216390694,412.01859206098436,True,0,0.6008125549758973,3.369927721690406e-05,0.8213178619506418,0.2561167965743337,0.1900476304879657,1.8422134402463315e-11,0.9737781955667268,0.5139137069194238,0.1726255360325418,0.5775205351301661,0.1100976293208842,0.2059220188440146,0.4587181981417633,0.1473326824524745,0.1499934929333522,-165.7295108195192,361.4590216390384,412.0185920609533
2026-06-01T23:00:15,14,32,140032,"ARX(2,2)",-165.72037117272828,361.44074234545656,412.0003127673715,True,0,0.5403470649622392,0.0005509872377625,0.8336733263651667,0.2712581127377004,0.1712171028467818,1.826075902345657e-12,0.9767116241894592,0.4796512956645915,0.1760479647279763,0.566039286588075,0.106308182933941,0.2082222924242826,0.4653023246128274,0.1425669744311431,0.1514905286017102,-165.72037116733964,361.44074233467927,412.0003127565942
2026-06-01T23:04:46,14,33,140033,"ARX(2,2)",-165.76616125171677,361.53232250343353,412.0918929253485,True,0,0.6616826300986608,6.041900410614392e-05,0.8099581826427776,0.2443305029501501,0.2059798643448206,1.1113735923379346e-12,0.9749320279958904,0.5362619850677958,0.1699874703842029,0.5941835468213411,0.1126854213988347,0.20291783037845,0.4851972439399563,0.147497636655277,0.1239173366335134,-165.76616124528056,361.5323224905611,412.09189291247606
2026-06-01T23:07:06,14,34,140034,"ARX(2,2)",-165.41684109667818,360.83368219335637,411.3932526152713,True,0,0.0511111366900703,0.0381712784201697,0.9491222262603132,0.5757312525290571,0.0076797091615215,0.0327520575108051,0.8086091766351088,6.787302640317403e-20,0.3036411246170786,0.6185606797995687,0.1702765708464377,0.1153048207582961,0.3461687262735267,0.1323788452318703,0.2917974478752046,-165.41684108819308,360.83368217638616,411.3932525983011
2026-06-01T23:08:55,14,35,140035,"ARX(2,2)",-166.31711926538458,362.63423853076915,413.1938089526841,True,0,1.4083764753076915,0.0010706428735135,0.723135171311685,0.2248509450654253,0.3092341029444699,9.875665099399677e-14,0.931669399835664,0.6154208472905636,0.1417716171652109,0.6263737074003191,0.1284670900078128,0.1919689444790027,0.4120139097423845,0.1587544718032408,0.1693551273904676,-166.31711927493365,362.6342385498673,413.19380897178223
2026-06-01T23:11:54,14,36,140036,"ARX(2,2)",-165.7211785777371,361.4423571554742,412.00192757738915,True,0,0.5736465940800681,0.0002593852970663,0.8272821462375959,0.2693881296760343,0.1796246095924852,4.571476669124976e-12,0.9625293383815382,0.4981382734002446,0.1735424688330352,0.5685368788451778,0.1066932447746938,0.2060048252010749,0.4699109826431217,0.1454088606369561,0.1445612752444082,-165.721178421011,361.442356842022,412.0019272639369
2026-06-01T23:14:10,14,37,140037,"ARX(2,2)",-165.78684943420458,361.57369886840917,412.1332692903241,True,0,0.640674210069678,0.0033384134058525,0.814504364900331,0.2883040136719904,0.1961546610363591,2.3348948001529945e-13,0.9563488795208048,0.4598786585372491,0.1708949409345596,0.6004017753585187,0.1084707996679843,0.1982076461431507,0.4821356923131081,0.1446056954788005,0.1396631900176697,-165.7868494334793,361.5736988669586,412.1332692888735
2026-06-01T23:17:48,14,38,140038,"ARX(2,2)",-165.7622325358173,361.5244650716346,412.08403549354955,True,0,0.548142182992044,0.0101113875015045,0.833782255567492,0.2879402669713433,0.1700081769448145,1.210073209344581e-16,0.9438370305277732,0.4604863411157247,0.1743432064988009,0.5757234468853786,0.1053048329619005,0.2069281791353037,0.4518545352953073,0.1456022525830505,0.162260193979193,-165.7622325350834,361.5244650701668,412.08403549208174
2026-06-01T23:20:12,14,39,140039,"ARX(2,2)",-165.7269961110816,361.4539922221632,412.01356264407815,True,0,0.5608383196116032,0.0012673001919878,0.828875372204463,0.2606228551711556,0.1799331725167062,1.5500917176890136e-17,0.9752293197994524,0.5007346229033297,0.1751846670842459,0.56869049442459,0.1063906144924813,0.2061833267476326,0.4874705811274223,0.1402426620019272,0.1344814339122602,-165.72699617267207,361.45399234534415,412.0135627672591
2026-06-01T23:22:32,14,40,140040,"ARX(2,2)",-165.86380087259556,361.7276017451911,412.28717216710606,True,0,0.1320814040639342,0.0604037692317941,0.9069234722446852,0.3318794732546492,0.1089733208132183,0.0005016620238626,0.8319683102094461,0.4330700661013016,0.2315062452546328,0.5154054729231637,0.0696743514399317,0.2009774285475224,0.355084006437839,0.1619099716431806,0.2831412723060991,-165.863800872589,361.727601745178,412.2871721670929
2026-06-01T21:30:21,15,1,150001,"ARX(2,2)",-165.73671859413827,361.47343718827653,412.0330076101915,True,0,0.5495706770387001,0.0039066296081094,0.8319336056686377,0.2859470808529716,0.1719216808771968,6.075067135256712e-12,0.955808248016347,0.4645308483072667,0.1756053176579349,0.5672992058223901,0.1051610620210314,0.2068743333895278,0.4702513451940281,0.143624748587523,0.1474504044162303,-165.73671859063927,361.47343718127854,412.0330076031935
2026-06-01T21:32:14,15,2,150002,"ARX(2,2)",-165.72568617564895,361.4513723512979,412.01094277321283,True,0,0.582472033597184,0.000551551705266,0.8250128326686743,0.2620620437597671,0.1838273556962608,1.4258622645691304e-13,0.9695208448370978,0.5052249988425325,0.1737816511148618,0.580889421405991,0.1084965617204549,0.2076189811436151,0.4728505324876073,0.14520835858449,0.138622024701419,-165.72568617583696,361.4513723516739,412.01094277358885
2026-06-01T21:35:29,15,3,150003,"ARX(2,2)",-165.47177584155546,360.9435516831109,411.50312210502585,True,0,0.0716286495020029,0.0495830449971232,0.9370426049848168,0.5719749402701144,5.9726036882587755e-19,0.0253472470712961,0.8115851522378342,1.2444174375335421e-18,0.3375091765861632,0.5446220988246974,0.1530009657547585,0.1829714121920789,0.3218246083095965,0.075386440305651,0.3302542827438398,-165.47177584156617,360.94355168313234,411.5031221050473
2026-06-01T21:39:38,15,4,150004,"ARX(2,2)",-165.83557150745142,361.67114301490284,412.2307134368178,True,0,0.6556406014635296,4.5465563504242924e-06,0.8121415027791046,0.2092686927211532,0.2067830159054564,3.0005790274665715e-10,1.007910022823202,0.5735411403911823,0.1689478944493684,0.5927442628401781,0.1138660895516516,0.207672613251024,0.4437890714537995,0.1451800550823645,0.1603628650782211,-165.83557150744537,361.67114301489073,412.2307134368057
2026-06-01T21:44:03,15,5,150005,"ARX(2,2)",-165.80018045015916,361.6003609003183,412.15993132223326,True,0,0.6982859867039398,3.581290477842219e-05,0.8050923518646175,0.267107936593065,0.1996729222166219,3.9963469700212137e-07,0.995927465088378,0.4697800433712484,0.1692560797457024,0.5682211520729116,0.1109793062751006,0.1981195144633885,0.5329264678025337,0.1390812506739563,0.094185676006594,-165.800180446185,361.60036089237,412.15993131428496
2026-06-01T21:47:30,15,6,150006,"ARX(2,2)",-165.81073585519817,361.62147171039635,412.1810421323113,True,0,0.7073356415935279,1.852707992599152e-05,0.8043554652673345,0.2353685900465526,0.2157501421838348,7.905337312629873e-12,0.966402858410008,0.562813216717948,0.1660142445340264,0.6120266415455038,0.1147123999774765,0.2014007164114092,0.432738734493944,0.1503813274280289,0.1701654402190336,-165.81073585823356,361.6214717164671,412.18104213838205
2026-06-01T21:49:14,15,7,150007,"ARX(2,2)",-165.89126768646423,361.78253537292846,412.3421057948434,True,0,0.1271071083256905,0.0617786309578173,0.9089334648010592,0.3476125005833943,0.0999623274190436,0.0042119475917795,0.8639213911638202,0.3677693758741643,0.2340251073982572,0.5304787829169751,0.0659417917280449,0.1893226216006161,0.3425647759371437,0.1553957050337502,0.3192621672034953,-165.89126768752345,361.7825353750469,412.34210579696185
2026-06-01T21:53:00,15,8,150008,"ARX(2,2)",-165.7235316235423,361.4470632470846,412.00663366899954,True,0,0.527800687565242,3.443659596182504e-05,0.8355770667813611,0.2731712152034977,0.1663839809403485,1.7571923621914285e-13,0.9836055014873872,0.4699832812326224,0.1776968185916951,0.5536557205421165,0.105840975228855,0.2045749315992367,0.4815655617721758,0.1392187926639389,0.1434500769854515,-165.7235316238624,361.4470632477248,412.00663366963977
2026-06-01T21:56:31,15,9,150009,"ARX(2,2)",-165.71965602147736,361.4393120429547,411.99888246486967,True,0,0.5736736462567404,3.1264539058096416e-05,0.8268211686396086,0.2665599880619462,0.1804836910291199,2.9549784180182943e-08,0.9702295487590026,0.4965830442199905,0.1742295846721345,0.5725950118911902,0.1079207451035747,0.2065037037804256,0.4741615672994638,0.1447706815254126,0.1397975898562766,-165.71965602159068,361.43931204318136,411.9988824650963
2026-06-01T21:58:37,15,10,150010,"ARX(2,2)",-165.38908232546265,360.7781646509253,411.33773507284025,True,0,0.0464806451438247,0.0389078498443159,0.9516923233452368,0.5730115922822464,0.0082142783283706,0.0319478927263447,0.814183303022904,1.3586057028461559e-21,0.3098359130240648,0.6148026454470494,0.1706741985707892,0.109542232388982,0.3510899839912941,0.1322232122387162,0.2998756213151868,-165.38908232734684,360.7781646546937,411.3377350766086
2026-06-01T22:12:47,15,11,150011,"ARX(2,2)",-166.14069087530854,362.2813817506171,412.840952172532,True,0,1.1199335722385753,0.0001951165103978,0.7578156281696541,0.2687862727106495,0.2530700867001443,1.3906594949283117e-18,0.9239785179828172,0.537953780271199,0.1488999325400503,0.6001902702629666,0.1265790152349405,0.1955803532197608,0.4717593029187147,0.1575647643860178,0.1134747886574345,-166.14069084539238,362.2813816907848,412.8409521126997
2026-06-01T22:17:27,15,12,150012,"ARX(2,2)",-165.72281152789142,361.44562305578285,412.0051934776978,True,0,0.5391813233740318,3.896959049982837e-05,0.8330562096806445,0.2618758917965416,0.1724484006623189,9.706520746730112e-21,0.986318331959714,0.4898468068509447,0.1769003633863508,0.5717116988081176,0.1070157530885082,0.2056883884038778,0.487003002630732,0.1415490302840211,0.1333926760296986,-165.72281152796688,361.44562305593377,412.0051934778487
2026-06-01T22:19:44,15,13,150013,"ARX(2,2)",-165.72154073663546,361.4430814732709,412.00265189518586,True,0,0.5257488813802226,2.344657101708473e-05,0.8358520966969388,0.2734511294239359,0.1679053272744117,9.736552079300094e-10,0.9785525056952388,0.4744976875000465,0.177429166194676,0.5559764373765991,0.1054968748919342,0.2082411820410512,0.4797444931214583,0.1411211829433573,0.1398428369438665,-165.7215407374597,361.4430814749194,412.0026518968343
2026-06-01T22:21:57,15,14,150014,"ARX(2,2)",-165.88069926274054,361.76139852548107,412.320968947396,True,0,0.1260056858164384,0.0613429425733417,0.9063364476705912,0.2931072451574331,0.1154751963761644,0.0,0.7929010253476365,0.5475390644110236,0.2340115142798711,0.5267024520577799,0.0705768289298599,0.2086653079602491,0.2820050295761248,0.1717722006014719,0.3332698337091313,-165.8806992644802,361.7613985289604,412.32096895087534
2026-06-01T22:23:42,15,15,150015,"ARX(2,2)",-165.7208217668363,361.4416435336726,412.00121395558756,True,0,0.5439406205771993,4.740135377039734e-05,0.8321676742502855,0.2775896053431813,0.1715252649132286,5.629012371142385e-18,0.9754267382857942,0.4692968760296651,0.1768669238122574,0.5616519945491811,0.1073185961406975,0.2062830585002912,0.4791812507636175,0.1420155384786303,0.139669793927442,-165.72082176705794,361.4416435341159,412.0012139560308
2026-06-01T22:26:36,15,16,150016,"ARX(2,2)",-165.72573008540468,361.45146017080936,412.0110305927243,True,0,0.5796643482755357,0.0001850284102019,0.825037156396332,0.2766059572913037,0.18096520491649,1.2140397076668519e-11,0.9672950276419904,0.4791039295059857,0.1746957640325874,0.5664544941209854,0.1065643608376709,0.205389408290777,0.4943143300753056,0.1431046590581229,0.1247219931909973,-165.72572985310094,361.4514597062019,412.0110301281168
2026-06-01T22:28:17,15,17,150017,"ARX(2,2)",-165.72010248498128,361.44020496996256,411.9997753918775,True,0,0.5512979333682767,0.0004747607772304,0.8302920296742944,0.2704295563602735,0.1756476159701131,5.251124243164287e-08,0.9695995642844266,0.4885309643651666,0.1760721212485743,0.5688037805139372,0.1064806097037486,0.2070391042355054,0.4836717059250555,0.1430349245196561,0.133445206113645,-165.72010248113796,361.4402049622759,411.99977538419085
2026-06-01T22:32:18,15,18,150018,"ARX(2,2)",-72.03519555352919,174.07039110705838,224.62996152897333,True,0,6.27893913433538,5.9330904281208126,0.4575478876848515,0.364749737370226,0.1774703321978692,0.1352008182008285,0.1212298306749902,1.0437301668295385,0.0512081960230897,0.292893486076817,-0.2609694418970658,0.084291722082431,2.1191578817984045,0.0867261006566455,0.0749183507570477,-72.03519555356259,174.07039110712518,224.6299615290401
2026-06-01T22:34:41,15,19,150019,"ARX(2,2)",-166.85782610567895,363.7156522113579,414.27522263327285,True,0,3.0973464152091643,0.0492279154015276,0.0180138989841452,0.5614953836058619,0.0487790680857873,0.4361148599237129,0.8336206217519521,3.1132067271243173e-12,0.1972456715764138,0.4783521455237726,0.1092185707846928,0.2094061865012071,0.4004237553289537,0.0793216443763269,0.2656796524061771,-166.8578261061271,363.7156522122542,414.2752226341692
2026-06-01T22:37:04,15,20,150020,"ARX(2,2)",-165.35191782375622,360.70383564751245,411.2634060694274,True,0,0.0371286010413769,0.0241258018751254,0.949091802570208,0.4242675177745737,0.0114550747206144,0.0344220494617215,0.9526458281425056,0.1835864667400224,0.3527248639978857,0.4983185746753209,0.1701276502752266,0.0620312571451585,0.3372694605355755,0.1060443823546459,0.399739158393556,-165.35191782371822,360.7038356474365,411.2634060693514
2026-06-01T22:39:45,15,21,150021,"ARX(2,2)",-165.73826403802013,361.47652807604027,412.0360984979552,True,0,0.5170058369334312,2.9281420436591608e-05,0.8381311846495787,0.2813014857628344,0.1593714048346388,7.376106912060009e-06,0.9979827767148192,0.4393568532474063,0.179033017811426,0.5520834072419548,0.1031758968904866,0.2044377127652464,0.5040176425647023,0.1379572261774855,0.1269701454057719,-165.73826403720415,361.4765280744083,412.0360984963232
2026-06-01T22:41:41,15,22,150022,"ARX(2,2)",-165.86751265408185,361.7350253081637,412.29459573007864,True,0,0.2527855766552309,0.0343548059798405,0.8784887914652753,0.2694786541404441,0.1562975689737938,0.0,0.8620054040874329,0.5471205016788527,0.19290057559691,0.5513432811209844,0.0834405438123882,0.2027035293090788,0.3630397130227252,0.1527159603832216,0.2716757855310414,-165.8675126653615,361.735025330723,412.2945957526379
2026-06-01T22:43:15,15,23,150023,"ARX(2,2)",-165.7219195840411,361.4438391680822,412.00340958999715,True,0,0.5687828461849099,6.407532348676416e-05,0.8275091801199109,0.2584335887894923,0.1794366462315539,1.45500321078606e-09,0.9841116437510689,0.4988831955557531,0.1750058195190063,0.5707356540114895,0.108934210502379,0.2079514622635176,0.4723850182879462,0.1437971434150516,0.1402908006028919,-165.72191953330028,361.44383906660056,412.0034094885155
2026-06-01T22:46:20,15,24,150024,"ARX(2,2)",-165.7203025190656,361.4406050381312,412.00017546004614,True,0,0.5365692765133484,8.45296340012836e-05,0.83375255545766,0.2677623568457398,0.1700482767752763,5.908587597669878e-14,0.9843184191313996,0.4799840722219614,0.1770127286971063,0.5632813244619409,0.1066261337799435,0.2066180748836625,0.4847177103654611,0.1416342043959628,0.1345504281742962,-165.7203025192247,361.4406050384494,412.0001754603644
2026-06-01T22:49:28,15,25,150025,"ARX(2,2)",-165.69317986263218,361.38635972526436,411.9459301471793,True,0,0.2248290889788055,0.2208215658165683,0.526917577272795,0.2228839147041721,0.5813229282715513,0.0829552071662734,0.4409967907472156,0.6626823035318204,0.4248208800875008,0.4618184097977133,0.2268522924371772,0.2325655124984732,0.5541069908412566,0.2729918306985577,-0.3002137343372605,-165.69317986244536,361.3863597248907,411.94593014680567
2026-06-01T22:51:15,15,26,150026,"ARX(2,2)",-165.90227979932655,361.8045595986531,412.36413002056804,True,0,0.1197429139629926,0.059111306982001,0.9118186101601068,0.3525825853457163,0.0916732385727599,0.0075670904006614,0.8704630262295543,0.3504286878579794,0.2398994247952146,0.5562704834894782,0.0643275632469692,0.1961248512154318,0.3543042559841016,0.1476782401331763,0.3133496607378283,-165.90227979951874,361.8045595990375,412.3641300209524
2026-06-01T22:54:27,15,27,150027,"ARX(2,2)",-165.72259493442476,361.4451898688495,412.00476029076447,True,0,0.5574286293001978,7.806995513687925e-06,0.8289705124791839,0.2698525821422611,0.1751888747493568,1.0943587120167824e-10,0.9877507222446148,0.4725280359788154,0.176377715706128,0.5606090553451889,0.1062933894197919,0.2060526554973569,0.4985144041426918,0.1397035816795459,0.1244554882973952,-165.72259494052315,361.4451898810463,412.0047603029613
2026-06-01T22:56:04,15,28,150028,"ARX(2,2)",-165.72031990559512,361.44063981119024,412.0002102331052,True,0,0.5736001617428237,4.425412434947381e-05,0.8266144269943329,0.2687718629740636,0.1788928779144528,6.549645932344054e-11,0.976400009851434,0.4859625940015155,0.1746563522675388,0.568766407292972,0.1068359334732463,0.2048293752853652,0.4847769822799159,0.1431980903403914,0.1344069976550431,-165.720319905238,361.440639810476,412.0002102323909
2026-06-01T22:59:02,15,29,150029,"ARX(2,2)",-165.7234365105844,361.4468730211688,412.00644344308375,True,0,0.5230247644673737,0.0001128313269265,0.8360757793775307,0.2716545691237665,0.1687895489347773,5.459343995506037e-20,0.9725269467901082,0.4839369333106256,0.1776331055160856,0.5576502433999174,0.1050499345471773,0.207333378125809,0.4849700414360082,0.1399176109323695,0.1374519590434342,-165.72343661622662,361.4468732324533,412.0064436543682
2026-06-01T23:03:07,15,30,150030,"ARX(2,2)",-165.71838454509836,361.4367690901967,411.99633951211166,True,0,0.5582647202777861,0.0001675022287532,0.8297195668980702,0.2670574188402218,0.1766123827335821,0.0,0.973004127061702,0.4925282459655482,0.1751817554275326,0.5686031336094967,0.1070501954318298,0.2072291719894593,0.4737451164520101,0.1436623181895018,0.1418781066394909,-165.71838454765464,361.4367690953093,411.9963395172242
2026-06-01T23:05:58,15,31,150031,"ARX(2,2)",-165.749119619559,361.498239239118,412.05780966103293,True,0,0.6461935244241722,0.0009868019782894,0.8140509046502207,0.2621862258570962,0.1985857232520786,1.9403752066809973e-06,0.9582980435569732,0.5151098777434429,0.169648996052948,0.5891949180075561,0.1114652099572169,0.2053398226196547,0.4696732706421806,0.1492834558399286,0.1349273974268654,-165.74911961046865,361.4982392209373,412.05780964285225
2026-06-01T23:07:58,15,32,150032,"ARX(2,2)",-165.7252444089661,361.4504888179322,412.0100592398471,True,0,0.5968332635492843,1.0524048050941387e-05,0.8239599707182704,0.2651432827312975,0.1837666049199532,3.2875750754577656e-16,0.9692355776766972,0.5004547411781843,0.1720099405392825,0.5735933994536745,0.1099957467116637,0.2058890733823152,0.4605921375056282,0.1483075263520706,0.1470327277304271,-165.72524441172385,361.4504888234477,412.0100592453626
2026-06-01T23:09:56,15,33,150033,"ARX(2,2)",-165.738634562673,361.477269125346,412.03683954726097,True,0,0.5334700515499088,0.0001754862848664,0.8360980281898625,0.2734226612545553,0.1671286914188897,1.2131906930791838e-09,0.9857958181173658,0.4669988871036098,0.1759074833372271,0.5602106758899272,0.1082692224544979,0.2098703227621979,0.4211175272563272,0.1464129622542086,0.186729214585325,-165.73863459511102,361.4772691902221,412.036839612137
2026-06-01T23:11:57,15,34,150034,"ARX(2,2)",-165.39225646991622,360.78451293983244,411.3440833617474,True,0,0.0469114886344727,0.0392384297878291,0.9517185597667692,0.5714679537456137,0.0080401719280493,0.031752653257008,0.8172135543489136,6.722878810285766e-18,0.3087211650788851,0.6092737255883685,0.1728807310067023,0.1088033290914457,0.3582345800399553,0.1325414517291342,0.2910054264729177,-165.39225646951712,360.78451293903424,411.3440833609492
2026-06-01T23:16:18,15,35,150035,"ARX(2,2)",-166.48806527588638,362.97613055177277,413.5357009736877,True,0,2.3052661736480133,0.0511308611388589,8.972527483775275e-12,0.5814002264364034,1.5042125922759975e-06,0.4634999270646036,0.7990574748045339,1.0362831668054293e-07,0.2322755095436486,0.4364572344084942,0.0991238731312586,0.2204770159312074,0.5173069855038787,0.0476813975250647,0.1842634646936899,-166.48806521721053,362.97613043442107,413.535700856336
2026-06-01T23:17:59,15,36,150036,"ARX(2,2)",-165.38941371333294,360.7788274266659,411.3383978485808,True,0,0.047203326550537,0.0392283732027776,0.951343644787286,0.5725197779397322,0.0080858164067294,0.0320800490190679,0.814755300877695,1.1850587646841804e-23,0.3088246186125351,0.6149694259360395,0.1712396370262866,0.1096355325624387,0.3506323887424639,0.1323958264159847,0.2987604131920759,-165.38941371644196,360.77882743288393,411.33839785479887
2026-06-01T23:24:54,15,37,150037,"ARX(2,2)",-165.720294921575,361.44058984315,412.00016026506495,True,0,0.5380497766239613,2.1359000145476164e-05,0.8336117215910273,0.2694417407340916,0.1717391205162795,7.122994363005335e-13,0.9722188645618336,0.4888556205411043,0.1762740807528502,0.5617168708777788,0.1068632375699419,0.2082413980226043,0.4599247868194595,0.1438747433227326,0.1540792803885361,-165.7202949214099,361.4405898428198,412.0001602647348
2026-06-01T23:27:21,15,38,150038,"ARX(2,2)",-165.7321015121098,361.4642030242196,412.02377344613456,True,0,0.5020990698507651,7.527765917520828e-05,0.840373004995215,0.2728223472496678,0.1622784608272851,2.690959214818389e-17,0.969871337783103,0.4843302841799423,0.1786913502965486,0.5638044558274412,0.1037100994600839,0.2101655076506406,0.4783322074254846,0.1379702016191455,0.1433185846208079,-165.73210151171656,361.46420302343313,412.02377344534807
2026-06-01T23:29:57,15,39,150039,"ARX(2,2)",-166.29815250916042,362.59630501832083,413.1558754402358,True,0,0.3842518132889138,0.0318461826009858,0.8666922414857174,0.4153958324036757,0.117341396273264,4.676864456628245e-18,0.9850044436183194,0.1304150244168963,0.1933950745307258,0.6367234923975511,0.0833290250709668,0.2269352017585271,0.5591165089939145,0.0970403095469242,0.1109932386115793,-166.2981525157287,362.5963050314574,413.1558754533724
2026-06-01T23:32:54,15,40,150040,"ARX(2,2)",-165.72499914931433,361.44999829862866,412.0095687205436,True,0,0.5237253723930045,3.545918433084122e-05,0.8356418523751477,0.2775028037580796,0.1694223140357403,2.5573144753905537e-13,0.9769651437079052,0.4679563613447109,0.1778299552576678,0.5661597448427744,0.102197196693271,0.2079119168977949,0.4849794667955107,0.141436091023609,0.1388903660434963,-165.72499914919965,361.4499982983993,412.00956872031423
2026-06-01T21:16:57,16,1,160001,"ARX(2,2)",41.196714771068145,-52.39342954213629,-1.833859120221348,True,0,5.158554400583093,6.225893594378517,0.9060996097488554,0.8302202255137552,0.0101313710450415,0.0372548692232971,0.1149663073361913,0.1942389421217629,0.0466371335327123,0.2733766016265109,0.0538179436261735,0.227540435057476,0.7791037496510596,0.0073054968708193,0.2126106815663826,41.19671477107096,-52.39342954214192,-1.8338591202269756
2026-06-01T21:20:46,16,2,160002,"ARX(2,2)",-165.84131399881232,361.68262799762465,412.2421984195396,True,0,0.1324370334142777,0.0626368439992215,0.9056914158624204,0.3154795226842538,0.113719426864493,2.1621940459068454e-07,0.829840620793538,0.4645053137974015,0.2294450329464736,0.5255671674299728,0.0690285308896302,0.201248789766175,0.3099513887561165,0.1642009408712234,0.323280257898678,-165.8413139929861,361.6826279859722,412.2421984078872
2026-06-01T21:23:27,16,3,160003,"ARX(2,2)",-166.07238216888618,362.14476433777236,412.7043347596873,True,0,0.284519110936537,0.0394909623247497,0.8740828156293973,0.2331784979539228,0.1563082158843915,2.3814311726066724e-20,0.9774662065000798,0.4992866720658662,0.1922755519594797,0.5946863049772758,0.097881970797998,0.1845922810912713,0.3303870661999806,0.1479374073785173,0.316388315065236,-166.0723821752232,362.1447643504464,412.7043347723613
2026-06-01T21:26:08,16,4,160004,"ARX(2,2)",-165.74404457293832,361.48808914587664,412.0476595677916,True,0,0.5175975322083494,0.0009229759844911,0.8379827885655431,0.2904869176266687,0.1657809545522134,9.090402105030554e-13,0.9577151105182934,0.4594085166965826,0.1778167453317529,0.5770156695481385,0.1018286800669606,0.2079923782815019,0.4957912430445595,0.1401432963782546,0.1300567568392722,-165.7440445789013,361.4880891578026,412.0476595797176
2026-06-01T21:28:57,16,5,160005,"ARX(2,2)",-165.71905797176234,361.4381159435247,411.9976863654396,True,0,0.5504093831205901,3.74448062279364e-05,0.8310013218639686,0.2693720269593438,0.1732459052158861,1.2581224663014942e-08,0.9856970101683656,0.4754809742073662,0.1762264837338523,0.5629222149101868,0.1071587853748209,0.2060637758343398,0.4794693300332596,0.1418813559302512,0.1398796063104685,-165.71905802460628,361.43811604921257,411.9976864711275
2026-06-01T21:31:07,16,6,160006,"ARX(2,2)",-165.72043201742417,361.44086403484835,412.0004344567633,True,0,0.5497545112073225,2.6331415406930634e-05,0.8321551754420312,0.2684797047788527,0.1731886754833516,5.920599741163708e-13,0.9659452004777204,0.4970397716869195,0.1749126750337259,0.5627982770867704,0.1074962357693831,0.209367867388734,0.4569492177734998,0.1449582534198079,0.1534574667901108,-165.72043201762375,361.4408640352475,412.0004344571624
2026-06-01T21:34:03,16,7,160007,"ARX(2,2)",-165.72404638002317,361.44809276004634,412.0076631819613,True,0,0.5773084983860464,3.674491775991386e-05,0.8262809162530377,0.2612568440335839,0.1840405760708407,7.469669174264655e-08,0.9661462736226346,0.511257669842834,0.1733369040719244,0.5771421794687357,0.1086290855009767,0.208311590781053,0.4528121393596782,0.1464851025106167,0.1557629354568089,-165.72404625260992,361.4480925052199,412.0076629271348
2026-06-01T21:35:50,16,8,160008,"ARX(2,2)",-165.7183506148497,361.4367012296994,411.99627165161434,True,0,0.5610316426127405,1.505308286273059e-05,0.8290922802546941,0.2705333263017703,0.177571992211845,6.352725304175817e-12,0.9696585268749226,0.4892427161337924,0.1750708859147913,0.5693843378755095,0.1070505021272182,0.2071885031772427,0.4706039950757696,0.1442445519373259,0.1443560531860023,-165.71835060397103,361.43670120794206,411.996271629857
2026-06-01T21:41:21,16,9,160009,"ARX(2,2)",-165.76959637496745,361.5391927499349,412.09876317184984,True,0,0.4576341378658199,6.653076793569354e-05,0.8526202361502073,0.285798594112546,0.1436665978075693,2.0963446775750235e-11,0.9692859861290652,0.4589917928807049,0.1802023743734857,0.5456382387418757,0.100788060179242,0.2062798898008438,0.483607876252166,0.1396389410637178,0.1450736505884849,-165.76959637475122,361.5391927495024,412.0987631714174
2026-06-01T21:45:32,16,10,160010,"ARX(2,2)",-165.72250702858443,361.44501405716886,412.0045844790838,True,0,0.5792617794344447,1.8661238711162067e-05,0.8251529160286635,0.2720702602147691,0.1820840493281447,8.4056715755352e-22,0.958749305295465,0.4970704262109013,0.1740932527275982,0.5709844938271486,0.1068450819152758,0.206549375718869,0.476518921348939,0.1444056048805883,0.1385535389830452,-165.72250701601138,361.4450140320228,412.0045844539377
2026-06-01T21:48:50,16,11,160011,"ARX(2,2)",-165.72309522087806,361.44619044175613,412.00576086367107,True,0,0.5765116176136209,0.0006943503124267,0.825643039508596,0.2681027719996051,0.1821339756903025,1.6422386674852756e-09,0.975133055962145,0.4871609820057977,0.1747586703877238,0.5757333609989509,0.1083201563366602,0.2056229324024988,0.4797558647693324,0.143580430307493,0.136859133057566,-165.7230951826567,361.4461903653134,412.0057607872283
2026-06-01T21:52:04,16,12,160012,"ARX(2,2)",-165.71903165454654,361.4380633090931,411.997633731008,True,0,0.5621240558905187,6.02520432487782e-06,0.8293452510059894,0.2675655634665531,0.176479026777707,3.3949342885722664e-15,0.979208734548032,0.485647199922271,0.1751054549375223,0.5721468787345064,0.1077559564018762,0.2059316498383763,0.4682460406201968,0.1441024037121359,0.1478249988693496,-165.71903165613296,361.4380633122659,411.99763373418085
2026-06-01T21:55:11,16,13,160013,"ARX(2,2)",-165.7483370717316,361.4966741434632,412.05624456537817,True,0,0.4829517302723998,1.7043795959910432e-05,0.8454307197004588,0.2890490675353439,0.1567278780009701,7.689348002409244e-08,0.9693981420663194,0.4524701978274906,0.1793068596766071,0.559596026561652,0.1008882868007605,0.2032794128797596,0.4867216931558414,0.1401464706765225,0.1449139158645118,-165.74833707160138,361.4966741432028,412.0562445651177
2026-06-01T21:58:29,16,14,160014,"ARX(2,2)",-165.72288380098388,361.44576760196776,412.0053380238827,True,0,0.5289206935875634,1.6214591050449317e-05,0.8350798510438711,0.2644099871548047,0.1715342972183681,2.4867497514900423e-18,0.9920200638377332,0.4791263678577236,0.1773168027647954,0.5639082725254351,0.1073277475350368,0.2084415229059993,0.4666270968295911,0.1421459931418996,0.1500850778897226,-165.72288379240447,361.44576758480895,412.0053380067239
2026-06-01T22:01:41,16,15,160015,"ARX(2,2)",-165.72010258618457,361.44020517236913,411.9997755942841,True,0,0.5361314498678644,4.834529672301872e-05,0.8338161091134555,0.2714705454664342,0.1693878248711481,3.2932823306861056e-17,0.9837927292005616,0.4731679302787359,0.1771347569568732,0.5588835970848238,0.1070424687033097,0.2076588135916901,0.4795706009227778,0.1413138380795092,0.1388940395034036,-165.72010258640472,361.44020517280944,411.9997755947244
2026-06-01T22:05:10,16,16,160016,"ARX(2,2)",-165.71921661247868,361.43843322495735,411.9980036468723,True,0,0.5477960088645261,0.0004927449172736,0.8323413102708523,0.2702728625178912,0.1730722419100684,1.5874375602793824e-15,0.9745672541552122,0.4838557685345374,0.1753520628163877,0.5653576106124519,0.1069042524816937,0.2078584913189226,0.4703233285772401,0.1433521233745112,0.1452355964819457,-165.7192166989177,361.4384333978354,411.9980038197504
2026-06-01T22:08:35,16,17,160017,"ARX(2,2)",-165.48798211064872,360.97596422129743,411.5355346432124,True,0,0.0474087899901808,0.0351507352108938,0.9460170723936716,0.5881674606507059,0.0069900775828445,0.0243930039999117,0.7232373404523527,0.0626905027924282,0.39166996506842,0.6289419625653788,0.1652671445908035,0.1819010110591642,0.1658453996229723,0.1437084261273356,0.4096531451583132,-165.4879821103537,360.9759642207074,411.5355346426224
2026-06-01T22:12:28,16,18,160018,"ARX(2,2)",-165.84294093692483,361.68588187384967,412.2454522957646,True,0,0.1333216039632268,0.0623442388101494,0.9048249968076666,0.3099583683556112,0.1157662689592037,0.0,0.8381274949954154,0.467353023588779,0.2293873599843202,0.5286933621071436,0.069961419686003,0.2020997050737268,0.2961965520652847,0.1633236483793355,0.3356608039181338,-165.84294093696707,361.6858818739341,412.2454522958491
2026-06-01T22:15:29,16,19,160019,"ARX(2,2)",-165.7346854024826,361.4693708049652,412.02894122688014,True,0,0.5539827569946837,0.0001216780748666,0.8305461598287418,0.2805668619901944,0.173524593852983,1.4020953545750356e-14,0.9785638149060248,0.4600488660652997,0.1757911912218515,0.5606069475333957,0.1071379137217721,0.2078904802181683,0.4991441335952773,0.1469226492379325,0.1131221738298506,-165.7346854209315,361.469370841863,412.02894126377794
2026-06-01T22:17:32,16,20,160020,"ARX(2,2)",-165.70224308402584,361.4044861680517,411.9640565899666,True,0,0.0312925119025517,0.0489189355093667,0.959713933207213,0.5781898699279532,0.0083281060796734,0.0210244498970815,0.8015426059020524,0.0034587556633317,0.3996991546156755,0.5380860832138926,0.1432903561362063,0.1663199248759317,0.4191098611371283,0.0687359092796796,0.2706319455123708,-165.702243084052,361.404486168104,411.96405659001897
2026-06-01T22:20:17,16,21,160021,"ARX(2,2)",-165.81598669987034,361.6319733997407,412.1915438216556,True,0,0.4428993507020189,7.284838038689275e-05,0.854483917894888,0.2854319759492294,0.1410864497733929,3.2018017067642788e-18,1.0338161301652655,0.3951803471638714,0.1839176120292316,0.5473142191487901,0.1055751340903268,0.2121133628927831,0.4650662796686409,0.1361290461175562,0.1582163988402899,-165.81598669991473,361.6319733998295,412.1915438217444
2026-06-01T22:22:47,16,22,160022,"ARX(2,2)",-166.10035264498026,362.2007052899605,412.76027571187547,True,0,1.079830301241944,0.0038003703627196,0.7560106809844358,0.2230001553235326,0.281882135268431,5.245594424928205e-06,0.8735298717543863,0.6709188537828571,0.1491512900338866,0.6148693506503874,0.1197548594626239,0.2061044183315481,0.4606140393043433,0.1628049598441559,0.1114173025628788,-166.10035342642152,362.20070685284304,412.760277274758
2026-06-01T22:25:19,16,23,160023,"ARX(2,2)",-165.72863717798418,361.45727435596837,412.0168447778833,True,0,0.5220425873755207,0.0001642255677057,0.8355389968577943,0.2803920857903133,0.1677294363553961,2.6471533148577616e-17,0.9699101226945476,0.4689836353573569,0.1788297842312316,0.5612389467778168,0.1055498662932477,0.2091658075968303,0.4968642232541232,0.1372589974008505,0.1262013649576047,-165.72863718692582,361.4572743738517,412.0168447957666
2026-06-01T22:26:50,16,24,160024,"ARX(2,2)",-165.72189607373147,361.44379214746294,412.0033625693779,True,0,0.545657202726137,0.0002379912600413,0.8327618028926359,0.2637268727237383,0.1741592597177965,1.6921939385299325e-12,0.9777959206633292,0.494191582926992,0.1753580852240145,0.5702708314401952,0.1077757815041863,0.2086909050456431,0.4563886595393129,0.1441206861344402,0.1562385623972452,-165.72189607327044,361.4437921465409,412.0033625684558
2026-06-01T22:31:24,16,25,160025,"ARX(2,2)",-143.05374478635292,316.10748957270584,366.6670599946208,True,0,6.360775393293955,1.8895762568169423,5.0691267579609164e-08,0.7211778803754221,0.0720704571345937,0.6726640992943816,0.5295849643038462,2.45906947177441e-05,0.0153490166896333,0.1861447974697597,0.2188295826498157,0.2310859622534772,0.5039223983518002,0.0984790184647265,0.0203411241626555,-143.0537447863465,316.107489572693,366.667059994608
2026-06-01T22:33:25,16,26,160026,"ARX(2,2)",-165.97702088884216,361.9540417776843,412.51361219959927,True,0,0.2308304432985956,0.0391187667988123,0.8866028435931432,0.2688668738928849,0.1453872491378696,2.4442140996377033e-13,0.8945762313674842,0.5101657525936345,0.191642578968757,0.5334886093607779,0.0856764785259663,0.1953361297563176,0.2584702616826959,0.1548829054215794,0.3772307488246278,-165.97702088941213,361.95404177882426,412.5136122007392
2026-06-01T22:36:17,16,27,160027,"ARX(2,2)",-165.77292320311506,361.5458464062301,412.10541682814505,True,0,0.6255884319315707,0.0004696197574466,0.8140772029278559,0.2609202124530237,0.1976981133763568,3.493551587632896e-13,0.9814407499828398,0.4948724967060468,0.1745722568657953,0.5749541495520272,0.109684082403929,0.2067362365894752,0.4840308011755707,0.1422704924563829,0.1326598328689077,-165.77292318217877,361.5458463643576,412.1054167862725
2026-06-01T22:40:40,16,28,160028,"ARX(2,2)",-166.29502954430006,362.5900590886001,413.14962951051507,True,0,0.3946466454244857,0.0314258820496276,0.8640533740265702,0.4078832552453041,0.1193616040846484,0.0,0.9989705598353256,0.1329596771625868,0.1931281003939768,0.6282038482280194,0.0848119741696013,0.2267408808927861,0.5695369166907099,0.0960129537803561,0.1012811405709154,-166.2950295439884,362.5900590879768,413.1496295098917
2026-06-01T22:45:28,16,29,160029,"ARX(2,2)",-165.72326724289414,361.4465344857883,412.0061049077032,True,0,0.5325980337195152,8.989233152079547e-06,0.8349774632813443,0.271060636396114,0.1671923511834189,6.270006334100969e-10,0.9938386191617318,0.464021611278048,0.1772122421548477,0.5624127517566749,0.1058943134101848,0.2057989507309134,0.487589196063064,0.1404124323936399,0.1353098770904806,-165.72326723898405,361.4465344779681,412.00610489988304
2026-06-01T22:49:00,16,30,160030,"ARX(2,2)",-165.86853256172657,361.73706512345314,412.2966355453681,True,0,0.2511434638478066,0.0352543132056439,0.8789265348466754,0.2670294268242399,0.1559749013087765,8.129781495354454e-16,0.8636530067467925,0.548505712106362,0.1932036766886208,0.5622671002857091,0.0823180994779776,0.2022351363247336,0.3638695499573516,0.1508854203491323,0.2744977641052961,-165.86853255237824,361.7370651047565,412.2966355266714
2026-06-01T22:53:40,16,31,160031,"ARX(2,2)",-165.8407482551816,361.6814965103632,412.24106693227816,True,0,0.133156556260664,0.0621396095966526,0.9051643024459834,0.3124971934301096,0.1146250984410716,7.287570476648836e-16,0.8324329542483859,0.4683046872299871,0.2296887940994444,0.5254012428695161,0.0696836561665985,0.2025624765466825,0.3098878175122369,0.1644998129966388,0.3210384896423052,-165.84074825516296,361.6814965103259,412.24106693224087
2026-06-01T22:56:32,16,32,160032,"ARX(2,2)",-165.76777782157245,361.5355556431449,412.09512606505984,True,0,0.6822593774668595,1.6368254270915412e-05,0.8072754045716447,0.2582100025891851,0.2083796199357331,1.2133424926948686e-13,0.9574187806883196,0.5261222424203452,0.1679381558842843,0.5911379148427727,0.1111533437233831,0.2016861219979651,0.4579066646110857,0.150261095198938,0.1496924606892891,-165.7677778216386,361.5355556432772,412.0951260651921
2026-06-01T23:00:31,16,33,160033,"ARX(2,2)",-165.7067932463041,361.4135864926082,411.97315691452314,True,0,0.0660610891201001,0.0395498831516132,0.9407533564313488,0.6376526809303663,0.0017986593041944,0.0240621621898892,0.680664594499837,1.3969656567079772e-09,0.3450033795331509,0.6007971516358893,0.163114064201846,0.1880346567096165,0.3267218916682338,0.0949041215227215,0.2907410879204616,-165.7067932016219,361.4135864032439,411.9731568251588
2026-06-01T23:02:57,16,34,160034,"ARX(2,2)",-165.77617192616364,361.5523438523273,412.1119142742422,True,0,0.5027300916651132,0.007007078574012,0.8418951394715712,0.2728591174764663,0.1642254974347721,1.4988244270866058e-10,0.9276105142997852,0.5123897449484532,0.1762393760796607,0.5580715290930193,0.1038532346311995,0.2132123405951006,0.4279966780403413,0.147035261179472,0.1778331900744239,-165.77617192648518,361.5523438529704,412.1119142748853
2026-06-01T23:05:01,16,35,160035,"ARX(2,2)",-166.49956468244434,362.9991293648887,413.55869978680363,True,0,2.3424781265727708,0.0527968132929274,8.691670649580865e-16,0.5705850400451934,7.764682320461072e-19,0.480848724570724,0.8189797302303802,5.717185085315524e-19,0.2301355871382299,0.4433397802547668,0.1003708403126518,0.2157122278880733,0.5225610478268461,0.0465975084726439,0.1826911808981357,-166.49956467684024,362.9991293536805,413.5586997755954
2026-06-01T23:08:38,16,36,160036,"ARX(2,2)",-165.3890056259021,360.7780112518042,411.3375816737191,True,0,0.046823109885711,0.0389962343248209,0.9514884614466224,0.5731453020257722,0.0082177602114194,0.0320226803562444,0.8137586075841255,3.2555513939699973e-15,0.3095021418706054,0.6150191051505203,0.1702985166218262,0.110036369310533,0.3500420590889441,0.1322023611432383,0.3007751114903814,-165.38900562649144,360.7780112529829,411.3375816748978
2026-06-01T23:10:24,16,37,160037,"ARX(2,2)",-165.79053212573677,361.58106425147355,412.1406346733885,True,0,0.687618358711392,1.651727910135925e-05,0.8058394334640858,0.2591197700941735,0.2021033752273184,0.0,0.9884567938872676,0.4932679856932976,0.1680351511280719,0.5654159824002897,0.10941288416222,0.2010467727594722,0.454537004548372,0.1561049575827637,0.148545475816042,-165.79053212577824,361.5810642515565,412.1406346734714
2026-06-01T23:14:14,16,38,160038,"ARX(2,2)",-165.77836098049528,361.55672196099056,412.1162923829055,True,0,0.679442580145258,1.7858379969445035e-05,0.8069308025983475,0.242934461198809,0.2092033694976209,1.0203612706462517e-05,0.9747717704819856,0.5393180809897419,0.1687167948054752,0.5821683937824405,0.109673309813451,0.2030517812865825,0.5042456013551182,0.1422322358499445,0.1138187591498965,-165.77836098048314,361.5567219609663,412.1162923828812
2026-06-01T23:16:07,16,39,160039,"ARX(2,2)",-165.7369757353276,361.4739514706552,412.03352189257015,True,0,0.5342004003725571,0.001556028159819,0.8361263965881122,0.2645661673314595,0.1688677216073357,1.8982317760377132e-16,0.9774807383974472,0.4900502930165307,0.175418619796509,0.5701685104395309,0.1090668942191236,0.207524819807129,0.4228695529690711,0.1464599236074034,0.1859022347174292,-165.73697573538533,361.47395147077066,412.0335218926856
2026-06-01T23:18:33,16,40,160040,"ARX(2,2)",-165.72175750065185,361.4435150013037,412.00308542321864,True,0,0.5406332914980442,1.7965661428517973e-05,0.8324816210110445,0.2703682116962463,0.1712210764883229,9.176009274903791e-11,0.978607259095621,0.4806196836052206,0.1772543278386179,0.5586711476852333,0.1062866524001922,0.2059564117781852,0.4959978584024752,0.140735175141451,0.1255831094277233,-165.72175750049843,361.44351500099685,412.0030854229118
2026-06-01T21:46:45,17,1,170001,"ARX(2,2)",-165.7646483641975,361.529296728395,412.08886715030997,True,0,0.6212305630506838,1.4989804181528969e-05,0.8185748885243438,0.267425043443949,0.1837596788717029,3.159966699930037e-18,1.0094130249844262,0.4557059916172218,0.1732805867571296,0.5593241094564352,0.110640932945672,0.2057799915207651,0.5269489948110102,0.1342962016187032,0.0992254960724165,-165.76464839184698,361.529296783694,412.0888672056089
2026-06-01T21:48:18,17,2,170002,"ARX(2,2)",-165.730376396056,361.460752792112,412.0203232140269,True,0,0.5269803302617158,0.0006454240387576,0.8373017416449053,0.2680881506755485,0.1671464662895159,9.612436271890899e-15,0.980344999740988,0.482155725421954,0.1757935727365346,0.564188464016853,0.106632196263145,0.2070290941501998,0.4359200528996233,0.1459202700440554,0.1770837323766295,-165.73037639703858,361.4607527940772,412.0203232159921
2026-06-01T21:50:33,17,3,170003,"ARX(2,2)",-165.67743157657935,361.3548631531587,411.91443357507364,True,0,0.076820605847973,0.0441423541107699,0.93407023954094,0.5923973769363146,0.0138406548122567,0.0324032746227283,0.767912579232394,2.919091220477404e-19,0.2928214583769894,0.5936164324686629,0.1483438113138362,0.1371589677662822,0.3147229402369111,0.1448074950859326,0.3145995836240183,-165.67743157483082,361.3548631496616,411.9144335715766
2026-06-01T21:54:19,17,4,170004,"ARX(2,2)",-165.72556004575165,361.4511200915033,412.01069051341824,True,0,0.5912830859941076,0.0002726891897028,0.8231520843298724,0.2581299991897831,0.18594152192778,1.1714233069384074e-13,0.9730251809561404,0.5101094497951439,0.1733852841606996,0.5749620534281672,0.1089716711337266,0.2076705362086127,0.4677165985804624,0.1451161376602045,0.1430785035922673,-165.72555984392932,361.4511196878586,412.0106901097736
2026-06-01T21:57:08,17,5,170005,"ARX(2,2)",-165.9220984830577,361.8441969661154,412.40376738803036,True,0,0.1104617525744088,0.059560936150438,0.9161569261907628,0.3586360552128974,0.092611400224103,0.0054846783168688,0.8394872192796198,0.3629911094246555,0.2374270605945715,0.5748581802720614,0.0580604108301947,0.1971464035289642,0.340802055938902,0.1537347774574458,0.324581809134161,-165.92209846451678,361.8441969290336,412.4037673509485
2026-06-01T22:01:13,17,6,170006,"ARX(2,2)",-165.71913198675864,361.4382639735173,411.9978343954322,True,0,0.5354668172070798,5.576619264881745e-05,0.834308671380288,0.2708804876975443,0.1702739182927033,2.4093284583890504e-17,0.9794582665119316,0.4786648115988682,0.1766731509833121,0.562315349696888,0.1065680405849922,0.2078757250726118,0.4694560680238647,0.1424428379707649,0.1477080770702761,-165.71913198693608,361.43826397387215,411.9978343957871
2026-06-01T22:03:50,17,7,170007,"ARX(2,2)",-165.71828551912063,361.43657103824125,411.9961414601562,True,0,0.552955212671939,7.339117455908873e-05,0.830927410201698,0.2673631205758456,0.1756881167891126,2.590813604596736e-09,0.972711056800629,0.4924065407671353,0.1752563502653419,0.5693255778720845,0.1070596983109554,0.2070245117324521,0.4663818190855942,0.1444923880182917,0.1482939273844805,-165.71828551592623,361.43657103185245,411.9961414537674
2026-06-01T22:12:11,17,8,170008,"ARX(2,2)",-165.8407472054929,361.6814944109858,412.24106483290075,True,0,0.133152843548165,0.0621282859602239,0.9051354271000962,0.3125136249407062,0.1147102493418882,2.16128261791626e-19,0.8318278085327367,0.4689175289863235,0.2296145189157706,0.5253451400806974,0.0696691149362705,0.2025575106876806,0.3089321652004497,0.1646311624240221,0.3217939343153421,-165.8407472056204,361.6814944112408,412.24106483315575
2026-06-01T22:15:51,17,9,170009,"ARX(2,2)",-165.74101177265547,361.48202354531094,412.0415939672259,True,0,0.5635200988077456,0.0005149830036587,0.8289473077376494,0.2568291796158363,0.1777764712991045,1.650688401266178e-05,1.006672592409025,0.4785474994795148,0.1753788025360969,0.5775672228962049,0.1099111836036503,0.2042670912380349,0.4403176196704746,0.1430269184668551,0.1764087963461866,-165.74101177425234,361.4820235485047,412.0415939704196
2026-06-01T22:17:12,17,10,170010,"ARX(2,2)",-166.42277676049048,362.84555352098096,413.4051239428959,True,0,0.9756656072679484,0.0417802932152778,0.0198879039824575,0.6661674437272435,0.0084169123215588,0.2928459632589849,0.6109444594602138,0.0101022746436894,0.3864976742404837,0.5289048151441632,0.1363158199308039,0.198031472325209,0.0153208643124312,0.0814546301504583,0.6270884787485422,-166.4227767604979,362.8455535209958,413.40512394291073
2026-06-01T22:23:08,17,11,170011,"ARX(2,2)",-157.19474377979748,344.38948755959495,394.9490579815099,True,0,7.50524008267265,6.0583432298061926,0.4106760048858655,0.283829831947136,0.0690406342430649,0.4198597639501982,0.844884352711718,0.2648098557505483,0.0277269413653373,0.1635818500430741,0.0836967921014394,0.1915988189018818,-0.0611503886310262,0.2191454619277908,0.5768662216783184,-157.19474386230547,344.38948772461094,394.9490581465259
2026-06-01T22:24:51,17,12,170012,"ARX(2,2)",-166.51407619978272,363.02815239956544,413.5877228214804,True,0,1.6744052031796062,0.0015340736347066,0.7042733245936225,0.1628350395529469,0.3708164894487062,7.113032631728907e-08,0.8534121123979794,0.8145833059454554,0.1338735611600236,0.7643276160775545,0.1347582366922479,0.1994195241574721,0.436255452366119,0.156865495586522,0.1312986466294132,-166.51407588319796,363.0281517663959,413.58772218831086
2026-06-01T22:27:30,17,13,170013,"ARX(2,2)",-165.8407417147428,361.6814834294856,412.2410538514005,True,0,0.1331483610221033,0.0622240906661188,0.9051688468308636,0.3127143250091365,0.114604548646006,1.6232142428292258e-18,0.832571421193677,0.4676823800787775,0.2296524999733319,0.5249747378592746,0.069673371837272,0.2024466318766614,0.3088627242360552,0.1645717663080829,0.3220646182824892,-165.84074171452193,361.6814834290439,412.2410538509588
2026-06-01T22:29:43,17,14,170014,"ARX(2,2)",-165.74005146286288,361.48010292572576,412.0396733476407,True,0,0.5715651698443137,2.159689070853819e-05,0.826830452488183,0.2419153302674726,0.1829748845997171,1.5760328305497744e-11,0.990633395489406,0.5254876876860215,0.1742746382171742,0.5723554041822257,0.109198484672572,0.2085717650624105,0.462565331824328,0.1440988517775047,0.1482892762007742,-165.74005146245798,361.480102924916,412.0396733468309
2026-06-01T22:31:50,17,15,170015,"ARX(2,2)",-166.03158055386382,362.06316110772764,412.6227315296426,True,0,0.8492028725185553,0.0016210347999752,0.7804895967585032,0.1745757899422393,0.2599230903702861,4.89845105163477e-12,0.9877771416659054,0.6586364140498343,0.1600279970494014,0.6361962397893178,0.1185014511672458,0.2069752600361899,0.4822427600376459,0.1417362965169712,0.1189232975982911,-166.03158055358517,362.0631611071704,412.6227315290853
2026-06-01T22:33:48,17,16,170016,"ARX(2,2)",-165.72290760620044,361.4458152124009,412.0053856343158,True,0,0.5787240294456026,0.0001597577517141,0.8253260235055709,0.2646570768576053,0.1838605290930413,1.559409431905728e-05,0.9690247183587792,0.5013150798034713,0.1741260865462276,0.578358215300202,0.1071982654531186,0.2074439321707531,0.4704578840208901,0.1441721631337116,0.1442402923158342,-165.72290760302295,361.445815206046,412.0053856279609
2026-06-01T22:35:54,17,17,170017,"ARX(2,2)",-165.81092424755062,361.62184849510123,412.1814189170162,True,0,0.6512896141810999,6.128294984992698e-05,0.8134273137517086,0.2602689457761987,0.1917901672529787,1.1291508770211202e-13,1.0360251447853357,0.4433063015179423,0.1723990816103953,0.5900682954977295,0.1137522456130026,0.1952918953024193,0.5055810870488638,0.133610984538033,0.1292656924450933,-165.8109242184424,361.6218484368848,412.18141885879976
2026-06-01T22:38:39,17,18,170018,"ARX(2,2)",-165.78271061504387,361.56542123008774,412.1249916520027,True,0,0.4614549930257826,6.0046247469196e-05,0.8490655322756815,0.2836579181771659,0.1464848480418816,4.023807246148541e-15,1.0168031479160642,0.4157674145602069,0.1839168554967802,0.5508813359470248,0.1038003199366168,0.2060280567690939,0.5312296344831551,0.1313704232512342,0.1068538493812923,-165.7827106111348,361.5654212222696,412.12499164418455
2026-06-01T22:42:34,17,19,170019,"ARX(2,2)",-165.8461319316897,361.6922638633794,412.25183428529436,True,0,0.1337991014634398,0.0608548118249395,0.904581244517171,0.3188058687342606,0.1152445099757943,6.24169455289921e-07,0.815562734573536,0.4741203221741943,0.2300222828595643,0.5190338957407385,0.0704507502618188,0.206795844440433,0.3088244661753609,0.1686382852142456,0.3123485362974393,-165.8461319236213,361.6922638472426,412.2518342691576
2026-06-01T22:48:03,17,20,170020,"ARX(2,2)",-165.67865129237418,361.35730258474837,411.9168730066633,True,0,0.0754302577141133,0.0445203971794311,0.9348234058993068,0.5865034494637729,0.0128608253923343,0.0324997687500222,0.7801471519158646,2.305232053530965e-05,0.2951396873216154,0.5957789160439624,0.1500128586126943,0.1334805258935023,0.3280200627299974,0.1440674731422545,0.3047901803603737,-165.67865123432665,361.3573024686533,411.9168728905682
2026-06-01T22:50:32,17,21,170021,"ARX(2,2)",-165.73345875564115,361.4669175112823,412.02648793319725,True,0,0.5637673906282086,0.0025313806221415,0.8296917138350981,0.281955134599475,0.1734604363205203,4.895396910561501e-13,0.963258065674527,0.4676479338918896,0.1745848115237899,0.5597498902400182,0.1066364455718871,0.2067756451374781,0.4597782832557996,0.1437976548139115,0.1561383576264381,-165.7334587557254,361.4669175114508,412.0264879333657
2026-06-01T22:53:02,17,22,170022,"ARX(2,2)",-165.72990654014097,361.45981308028195,412.0193835021969,True,0,0.5202730628839414,0.0004232211292274,0.8368411701655406,0.2688513657104134,0.1687387558085746,5.139196368667973e-17,0.9632805055560784,0.4981348324652144,0.1774525962362807,0.5548748574390051,0.1077652006423074,0.2116590350026981,0.4714754896234314,0.1448666812033263,0.1371541088009944,-165.7299067111221,361.4598134222442,412.0193838441592
2026-06-01T23:03:53,17,23,170023,"ARX(2,2)",-165.7186888796258,361.4373777592516,411.99694818116654,True,0,0.540614108692598,0.0001041143821935,0.8336510577944032,0.27031890310611,0.1710934529643708,4.5907963787747375e-18,0.9781886987102298,0.4809549874605707,0.1760071735430742,0.5636336024649868,0.1068202563375863,0.2071445395473874,0.4702275125571479,0.1428038204074127,0.1467444778104071,-165.718688874424,361.437377748848,411.99694817076295
2026-06-01T23:08:12,17,24,170024,"ARX(2,2)",-165.7202512718267,361.4405025436534,412.00007296556834,True,0,0.5719594966478824,3.6448711737093714e-05,0.8268700636509368,0.2624815938415964,0.1807139638085726,6.401268688948598e-13,0.9770711585993688,0.497885256241164,0.1744813298183162,0.5688763474247643,0.1086698925187645,0.2072513877528528,0.4766129085351555,0.1440812606616384,0.1367271534877655,-165.72025129426137,361.4405025885228,412.0000730104377
2026-06-01T23:10:23,17,25,170025,"ARX(2,2)",-165.84170906609208,361.68341813218416,412.2429885540991,True,0,0.1341822015691,0.061976571990992,0.9048806304750332,0.312740541483305,0.1146868011923801,0.0,0.832901770566975,0.4682862993441061,0.2295515561784851,0.5229810423324067,0.0698351892398947,0.2019277096923408,0.3187070901574017,0.1649165039018215,0.3126533120453091,-165.8417090653225,361.683418130645,412.24298855256
2026-06-01T23:14:23,17,26,170026,"ARX(2,2)",-165.71882568010886,361.4376513602177,411.99722178213267,True,0,0.5484846665361613,2.3297004317161043e-05,0.8311454444161496,0.269884906873955,0.1746214013659082,4.071825272659456e-12,0.9722155663733438,0.4879655595271959,0.1764471013172337,0.5710729477271725,0.1069884805899853,0.2066135971946173,0.4762530019132059,0.1424870931721914,0.1420152780706735,-165.7188256818535,361.437651363707,411.997221785622
2026-06-01T23:16:45,17,27,170027,"ARX(2,2)",-165.71849127163048,361.43698254326097,411.9965529651759,True,0,0.5586690595232062,1.6531241818011834e-05,0.8294808605463149,0.2669595311378194,0.1763318621570539,1.0817758913868285e-12,0.9831307920739092,0.4829151202789705,0.1756341462601083,0.5671121179374017,0.1075967944313473,0.2064113420792867,0.4761208388495537,0.1428942209614482,0.1411829838358238,-165.71849127100216,361.43698254200433,411.99655296391927
2026-06-01T23:19:27,17,28,170028,"ARX(2,2)",-165.7289611398832,361.4579222797664,412.01749270168136,True,0,0.528825155353353,0.0003493433446071,0.8369507215343979,0.2726628376073079,0.1666528575488363,4.23142516814515e-14,0.9749414633309624,0.479007820858898,0.1758771344714352,0.5660718698183715,0.1068413922319755,0.2075195988978736,0.4367454522046161,0.1463285261458719,0.1748231683397711,-165.72896114727843,361.45792229455685,412.0174927164718
2026-06-01T23:22:13,17,29,170029,"ARX(2,2)",-166.17499310166528,362.34998620333056,412.9095566252455,True,0,1.1239345281287747,0.0021751280772695,0.7513918453593006,0.1689027253794998,0.309461390296226,1.3298486077705258e-15,0.8323389304120423,0.8225454010953125,0.1466088368692288,0.6956961913820574,0.1257118239653703,0.210378250240402,0.38778826704351,0.1621142207637355,0.16867264826462,-166.1749931446809,362.3499862893618,412.9095567112768
2026-06-01T23:24:35,17,30,170030,"ARX(2,2)",-165.72996230652444,361.4599246130489,412.0194950349638,True,0,0.5966841945420038,1.3688928995873028e-05,0.8241520659760664,0.2648087907761505,0.1822747179217771,7.77100142121609e-11,0.9768288635874648,0.4935236053167869,0.171965669519918,0.5596092237376703,0.1092479091873651,0.207495829500591,0.4474214271416962,0.1463868102923844,0.161880567367117,-165.72996230635016,361.4599246127003,412.01949503461526
2026-06-01T23:30:10,17,31,170031,"ARX(2,2)",-166.31449925856793,362.62899851713587,413.1885689390508,True,0,0.4135289878582575,0.0328005530895737,0.8577761390478696,0.4353706875117718,0.1201284267171429,1.3331563226624368e-19,0.9609198221232728,0.1154467086414699,0.1943159812399973,0.622126469632634,0.082393813919058,0.2246151444861369,0.5991910796912788,0.0915893251946725,0.080174079874057,-166.31449925982207,362.62899851964414,413.1885689415591
2026-06-01T23:34:34,17,32,170032,"ARX(2,2)",-165.84144993245474,361.6828998649095,412.2424702868244,True,0,0.1298784352719307,0.0618604646770755,0.9062131729618708,0.3140324211998396,0.1137334545626479,1.0672450561974074e-22,0.8288593160753867,0.4690410044878574,0.2305858522762479,0.5242046906914528,0.0678797440085413,0.2025049377726698,0.3063826990072726,0.1653144287067036,0.3257001661760663,-165.84144992834632,361.68289985669264,412.2424702786076
2026-06-01T23:37:14,17,33,170033,"ARX(2,2)",-165.88114395307161,361.76228790614323,412.32185832805817,True,0,0.2311628871994302,0.038392253267847,0.8842412458482529,0.2728756334470749,0.1517129700649801,4.79277390876057e-21,0.8598346450773175,0.5353494028336513,0.1940549421117917,0.5758754586923679,0.0773881371936827,0.2015291781318192,0.3537613625383635,0.151367101298491,0.2899795947705235,-165.8811439545752,361.7622879091504,412.32185833106536
2026-06-01T23:44:43,17,34,170034,"ARX(2,2)",-165.75469749550305,361.5093949910061,412.06896541292105,True,0,0.6589834332621716,1.6237209603651134e-05,0.8116159507017474,0.2540155164627018,0.2028284700840253,2.8409312724117087e-17,0.9575863412607124,0.534344420882444,0.1688762596152715,0.5829381372990985,0.1104571201211851,0.2070828425934242,0.4513141578505634,0.1493090398714526,0.152704317597167,-165.7546974970341,361.5093949940682,412.0689654159832
2026-06-01T23:47:18,17,35,170035,"ARX(2,2)",-165.7252999670589,361.4505999341178,412.01017035603275,True,0,0.5507399531902497,0.0017490537662573,0.8305054856945632,0.2761090769001814,0.1752155128532046,2.44496754188448e-07,0.962314231350174,0.4815833433145755,0.1759713264582432,0.5673605294542075,0.1061285457172659,0.2078190474072395,0.4747779929580848,0.144417784087441,0.1402112802120706,-165.7252999488622,361.4505998977244,412.0101703196393
2026-06-01T23:50:27,17,36,170036,"ARX(2,2)",-165.6771403354162,361.3542806708324,411.91385109274734,True,0,0.0767262658172857,0.0442716159968855,0.9340863878876068,0.5905496376658752,0.0135559008592209,0.0325436755777693,0.7717882510319366,0.0,0.2933172609236952,0.5951857608683411,0.1487635853529549,0.136388000290351,0.316965210534495,0.1448218129834119,0.3127975574449057,-165.67714033624915,361.3542806724983,411.9138510944133
2026-06-01T23:54:27,17,37,170037,"ARX(2,2)",-165.72224782712829,361.44449565425657,412.0040660761715,True,0,0.5225704520030959,2.335779481561991e-05,0.8360860626037526,0.2749747638380169,0.1680927215028703,3.865563489158302e-13,0.9815902239024092,0.4684113222004817,0.1781106117202017,0.5624154793136209,0.1054357352466607,0.2067065104221998,0.479183956312417,0.1409864896596925,0.1426526735394326,-165.72224782630883,361.44449565261766,412.0040660745326
2026-06-01T23:57:47,17,38,170038,"ARX(2,2)",-165.72607883729665,361.4521576745933,412.01172809650825,True,0,0.5718694231849296,0.0003557219046844,0.8278013474941636,0.2616613125936963,0.1775040394653499,6.076351794389246e-13,0.980889151985935,0.4950310400651157,0.1743654741512454,0.5654053526462735,0.1092934870917882,0.2071260076974997,0.4434586997155446,0.1461472461534027,0.1660315509542177,-165.7260788380492,361.4521576760984,412.01172809801335
2026-06-02T00:00:28,17,39,170039,"ARX(2,2)",-165.72053151057816,361.4410630211563,412.00063344307125,True,0,0.5380606329023012,4.046787198089014e-05,0.834100097982952,0.2724260439769038,0.1715715328047478,8.719154062896747e-19,0.9729087608430284,0.4821544382877856,0.1760686909878256,0.5631761376173265,0.1074811280168255,0.2093120327274538,0.4553986950766532,0.1444498787720564,0.1565769153899518,-165.72053150608284,361.44106301216567,412.0006334340806
2026-06-02T00:06:21,17,40,170040,"ARX(2,2)",-134.09674108128849,298.19348216257697,348.7530525844919,True,0,6.531913501009059,0.635402788883245,0.0388861016966207,0.4071896092739606,0.0001103776153725,1.0071109188020249,0.9627695778628282,0.0806727233742299,0.1252898939864883,0.0378885150796284,0.0880442674741802,0.1258470430806565,0.8385144928859746,0.0467719399755728,-0.0275435930137392,-134.09674112371698,298.193482247434,348.7530526693489
2026-06-01T21:33:03,18,1,180001,"ARX(2,2)",-165.6812339690244,361.3624679380488,411.9220383599637,True,0,0.0759154599549775,0.0444055365462436,0.9349212757022426,0.5915955556026669,0.0130401281869027,0.0319850883112609,0.7691191904923707,8.894110227779483e-08,0.2943510948714422,0.591531954449495,0.1505197424248272,0.1371070324960175,0.3272600663147678,0.1458675565562482,0.299170148743842,-165.68123397496993,361.3624679499399,411.9220383718548
2026-06-01T21:41:03,18,2,180002,"ARX(2,2)",-165.8721397573427,361.7442795146854,412.30384993660033,True,0,0.1486275659771226,0.06703139631877,0.900202269596554,0.3022058785051555,0.118928859013983,0.0,0.8661388114002795,0.4500939614187822,0.2259571759580748,0.5064249239599492,0.0772624580643087,0.2002770734499446,0.3252347554442757,0.1594405247309131,0.3047323781297121,-165.87213975754972,361.7442795150994,412.3038499370144
2026-06-01T21:43:42,18,3,180003,"ARX(2,2)",-165.98208564663412,361.96417129326824,412.5237417151832,True,0,0.1353145766610305,0.0661040810830981,0.901667619781372,0.2894139425143678,0.1237379618285111,8.614687855538906e-15,0.8091673574648796,0.5326561332495914,0.2284387009697303,0.5344662488880808,0.0741337477568717,0.2130503864243729,0.1735970253138221,0.1710092313201838,0.4286685828292002,-165.98208563384043,361.96417126768085,412.5237416895958
2026-06-01T21:46:14,18,4,180004,"ARX(2,2)",-165.93086757110828,361.86173514221656,412.4213055641315,True,0,0.8616162677220919,1.973163282486148e-05,0.7832986684438475,0.2735190967856394,0.2188501882244982,1.0823158368693345e-17,0.9498385279626796,0.5030783173818811,0.160815712493476,0.5659949622418528,0.122067129550022,0.2042773618304541,0.471677979567313,0.1537083845611604,0.1157272391108038,-165.93086757119107,361.8617351423821,412.4213055642971
2026-06-01T21:48:14,18,5,180005,"ARX(2,2)",-165.72950314712304,361.4590062942461,412.018576716161,True,0,0.5105822091928474,7.354070584184276e-05,0.839471238245965,0.2718430799413859,0.1676560278111769,7.500644333593718e-16,0.9700514735989664,0.4861077830097728,0.177685470689903,0.5741250140928694,0.1057502082699444,0.2108190383826221,0.4779314153172496,0.1425994702284503,0.1380959277500721,-165.72950314733382,361.4590062946676,412.0185767165826
2026-06-01T21:50:51,18,6,180006,"ARX(2,2)",-165.73088037174915,361.4617607434983,412.02133116541324,True,0,0.5013399148877223,6.595185095815396e-05,0.8415047115596233,0.2768484398268211,0.1598870625258127,4.246663185876532e-18,0.9729629524180972,0.4732095031142053,0.1787654531575158,0.555071640598809,0.1049583317488168,0.2055396501436505,0.4775279208796137,0.1419076090113233,0.1446125841569763,-165.73088037197806,361.4617607439561,412.0213311658711
2026-06-01T21:52:32,18,7,180007,"ARX(2,2)",-165.7260099336122,361.4520198672244,412.01159028913935,True,0,0.5381110064613058,0.0003672394466348,0.8345283224135885,0.2647691299784679,0.1704796715848938,1.0478961818587915e-11,0.9903978563971476,0.4792886074331337,0.1759092184631785,0.5621368256925287,0.1083903833302714,0.2105280059560703,0.4470400018703795,0.1439684777733683,0.1629126218573547,-165.7260101899754,361.4520203799508,412.01159080186574
2026-06-01T21:56:09,18,8,180008,"ARX(2,2)",-165.84074679033466,361.6814935806693,412.24106400258427,True,0,0.1329707552020055,0.0621419784161747,0.90518861926385,0.3124458854110443,0.1146595256673927,2.1838388453298483e-16,0.8320249470156171,0.4688443230374557,0.2297065824871113,0.5251149549475711,0.0696465083021494,0.2026036835488858,0.3079951553214718,0.1646764494135827,0.3226523100993658,-165.8407467901861,361.6814935803722,412.2410640022872
2026-06-01T21:58:13,18,9,180009,"ARX(2,2)",-165.73862063166462,361.47724126332923,412.0368116852442,True,0,0.556318685679758,8.295476029795212e-06,0.8302730841269472,0.2841616100562163,0.1700303620104417,2.8365884362385037e-05,0.9687642311194136,0.4628959597486295,0.1759885698892627,0.5555032663867575,0.1073049771790515,0.2039804327581413,0.5160163255553144,0.1425225448654864,0.1048889747360225,-165.738620644514,361.477241289028,412.03681171094297
2026-06-01T22:01:06,18,10,180010,"ARX(2,2)",-165.75399908004852,361.50799816009703,412.067568582012,True,0,0.539386130955363,0.0009388204267719,0.8337063884669206,0.3023097076668111,0.1690801997695716,0.0,0.944433833244806,0.4490795663501796,0.1764983481502659,0.5647870061358672,0.1050090018299351,0.2069886632782343,0.4785886314494752,0.1442156469216972,0.1391137196355589,-165.75399907977987,361.50799815955975,412.0675685814747
2026-06-01T22:02:51,18,11,180011,"ARX(2,2)",-165.86810948823046,361.7362189764609,412.29578939837586,True,0,0.2591911012447669,0.0337030470615716,0.8770648958038446,0.2679428799951692,0.1571501616909499,1.5177386050595284e-10,0.8661527919040679,0.546338704496419,0.1928078890761868,0.5502978903388119,0.0845422359281795,0.2031307905236008,0.3770668535574834,0.1514055649789651,0.2580779150827102,-165.86810948401927,361.73621896803854,412.2957893899535
2026-06-01T22:05:46,18,12,180012,"ARX(2,2)",-165.71948445965387,361.43896891930774,411.9985393412227,True,0,0.5396646206312298,4.369351634048688e-05,0.8339593835480066,0.2700542331418946,0.1715505054356148,9.7746155583461e-14,0.9734429595615002,0.4863557648235338,0.1757424395636462,0.5663673490368221,0.107140773332222,0.2085960953275575,0.4590931922135363,0.1445103284980145,0.1536391227889823,-165.7194844565313,361.4389689130626,411.9985393349775
2026-06-01T22:07:55,18,13,180013,"ARX(2,2)",-165.77365756971912,361.54731513943824,412.1068855613532,True,0,0.6437251757544733,0.0012314267506022,0.8194826543167631,0.2848290417575678,0.1791537545882667,2.378489855167444e-13,0.970257515651078,0.4576086890201983,0.1685351739756895,0.5638056054835856,0.1096597862187235,0.1958527883319894,0.4705480976911718,0.1446437224110658,0.1523475633308727,-165.77365756990844,361.5473151398169,412.1068855617318
2026-06-01T22:10:13,18,14,180014,"ARX(2,2)",-165.7269292382665,361.453858476533,412.01342889844796,True,0,0.52595509935214,2.7695431291877613e-05,0.8373357295250352,0.264676811155293,0.1680717061848265,8.574487603021832e-10,0.9730627018443564,0.4975238623052774,0.1759560405218939,0.5716930241876461,0.1071624844450202,0.2088576152568592,0.444336027129462,0.1460106676956448,0.1663866829401223,-165.7269292237207,361.4538584474414,412.0134288693564
2026-06-01T22:12:56,18,15,180015,"ARX(2,2)",-165.73566826160305,361.4713365232061,412.03090694512105,True,0,0.4920615326078875,8.82802147756748e-06,0.8434078914550102,0.2732452713350768,0.1595390842240982,1.7131519123440753e-07,0.9862902610148074,0.467201020448879,0.1797062501626866,0.564574788474149,0.1073704058284819,0.205122360095455,0.4735288132714339,0.1426577310672497,0.1467920747186112,-165.73566826144912,361.47133652289824,412.0309069448132
2026-06-01T22:14:49,18,16,180016,"ARX(2,2)",-165.75778708950565,361.5155741790113,412.07514460092625,True,0,0.643452224009728,0.0001209269043228,0.8134163104858059,0.2753620728663027,0.19558876235776,1.6338911812021373e-12,0.9634499601591394,0.4855600344700199,0.1713737419295157,0.5869758446753269,0.1091520908452186,0.199089677401936,0.5082518470552643,0.1454319448717821,0.1116887964033096,-165.75778709259225,361.5155741851845,412.07514460709945
2026-06-01T22:17:37,18,17,180017,"ARX(2,2)",-165.71839846907,361.43679693814,411.99636736005493,True,0,0.5464159651741618,6.063595295900734e-05,0.8320631898646537,0.2720542082521351,0.1730570192804901,4.4409226655537e-11,0.9706697094911804,0.4850948806466035,0.1760862111540735,0.5659404688952333,0.1070816259229657,0.207271423274643,0.4750156738126228,0.1434494622548813,0.1409389650016736,-165.71839845821958,361.4367969164392,411.9963673383541
2026-06-01T22:20:19,18,18,180018,"ARX(2,2)",-165.77243993630395,361.5448798726079,412.10445029452285,True,0,0.4605481774772373,8.72161538886959e-05,0.8509277660354927,0.2802751996703536,0.149737583370863,4.405239028147697e-06,0.9613461902427876,0.4779357599081946,0.1797497368575107,0.541276357197759,0.1035657650884994,0.2152971802911439,0.4340421483577288,0.1415444799489579,0.1784621439170503,-165.77243549074143,361.54487098148286,412.1044414033978
2026-06-01T22:22:46,18,19,180019,"ARX(2,2)",-165.71987578386046,361.4397515677209,411.99932198963586,True,0,0.5688744752341045,8.19523357416186e-05,0.8276639923805027,0.2653146832472108,0.1794115495232874,1.6617284093905378e-07,0.9775497942917496,0.4916434422916695,0.1746697670604244,0.5741967979697544,0.1073831817319812,0.2063147221319768,0.4760726035447333,0.1445870977017125,0.1391691004336137,-165.71987578353944,361.4397515670789,411.9993219889938
2026-06-01T22:26:00,18,20,180020,"ARX(2,2)",-166.677296444523,363.354592889046,413.91416331096093,True,0,1.1278988422543086,0.0554387878030186,0.0008366534365814,0.6610605666535838,0.0010095140136553,0.3205360328967708,0.6093089118030738,0.0091975900605382,0.3552532980933967,0.5297716643990618,0.1225112485665459,0.1950771135765842,0.0248669627729241,0.0869577687307996,0.6295716045400053,-166.67729641530093,363.35459283060186,413.9141632525168
2026-06-01T22:28:20,18,21,180021,"ARX(2,2)",-165.82079732920596,361.6415946584119,412.20116508032686,True,0,0.7117861614959888,6.994496416210125e-06,0.8018655941489522,0.2409920938165665,0.2211438178600294,4.14698213283845e-14,0.9686840899135698,0.549313344618205,0.1666510807810796,0.6238685632442532,0.1162237585485338,0.2048527439106928,0.4360569355603689,0.1551624075024719,0.156737893412499,-165.8207973326887,361.6415946653774,412.20116508729234
2026-06-01T22:34:21,18,22,180022,"ARX(2,2)",-166.0432386980894,362.0864773961788,412.64604781809373,True,0,1.0444923211454256,3.342949195291295e-05,0.758757096782225,0.2237285678784747,0.2803657856048512,1.1126436603344623e-07,0.9162935493727272,0.6361472315087278,0.1520985947360223,0.6500201836864371,0.125975444534321,0.2046219678026189,0.4399031741948326,0.1559496231598443,0.1362123044090491,-166.04323808378686,362.0864761675737,412.6460465894887
2026-06-01T22:36:46,18,23,180023,"ARX(2,2)",-160.7979760856173,351.5959521712346,402.15552259314956,True,0,0.1376308346616771,4.99504610569436,0.3157790016836508,0.8045162682914254,0.1368060182584674,0.7418429453388136,0.0738425605407736,0.0844505878980147,0.421427889288823,0.096846448635908,-0.0153217150192047,0.4306580289941814,0.0221660390440402,0.254504340865222,0.3563798079792796,-160.79797608562416,351.5959521712483,402.15552259316325
2026-06-01T22:41:13,18,24,180024,"ARX(2,2)",-85.94956845714675,201.8991369142935,252.45870733620845,True,0,0.5376182191128941,2.150065801039777,0.2938048249408825,0.914079395003975,0.6982758671131517,0.3390839698814559,0.0912547214513914,0.01868197825233,0.216450436006468,0.0503917794485567,0.0450527697723444,0.2981433997805539,0.4415914380622964,0.0315548377620974,0.1415034182224091,-85.94956845698326,201.8991369139665,252.45870733588143
2026-06-01T22:44:06,18,25,180025,"ARX(2,2)",-165.72809928353695,361.4561985670739,412.01576898898884,True,0,0.5652984484255396,0.0004683862620677,0.8262267291776937,0.2702063755122647,0.1808560824420882,1.6087501853379185e-13,0.9627305808501913,0.4958910194596263,0.1763817660164426,0.5689237531137379,0.106458195858091,0.2081352148181083,0.5045172260953471,0.1422112575140802,0.1124647200242295,-165.72809928053675,361.4561985610735,412.0157689829885
2026-06-01T22:46:16,18,26,180026,"ARX(2,2)",-165.73014785817958,361.46029571635916,412.0198661382741,True,0,0.5155912261829604,1.0721604149183297e-05,0.8371285867877022,0.2767260356118494,0.1641852614208633,1.650562201679178e-09,0.992321531752178,0.4542052562166205,0.1793582389423067,0.5512361116060215,0.105745027681401,0.2079353073371051,0.4977053230476392,0.1376579272648986,0.1262940689704894,-165.73014785839547,361.4602957167909,412.0198661387059
2026-06-01T22:48:20,18,27,180027,"ARX(2,2)",-165.7196070289382,361.4392140578764,411.99878447979137,True,0,0.5409627127155279,2.085193279013885e-05,0.8321293984434166,0.2733561902639044,0.1734021066846461,1.1875092233835778e-14,0.9700249645601886,0.483219159439769,0.1767481603119247,0.5620165403342642,0.1056167799495632,0.2086732456434362,0.4820637025703856,0.1426662895817825,0.1348198846106208,-165.71960702977793,361.4392140595559,411.9987844814708
2026-06-01T22:50:39,18,28,180028,"ARX(2,2)",-165.77617675412415,361.5523535082483,412.11192393016324,True,0,0.507876631998254,0.0049475289864587,0.8414539634294007,0.3007115828647804,0.1587067891336925,1.4801444230553149e-12,0.9698500608740772,0.4190865499686846,0.1785621575586273,0.5778683907622345,0.1066049015403361,0.2043080588493179,0.4597623586000778,0.1407474369486706,0.1638769637279639,-165.77617675037257,361.55235350074514,412.1119239226601
2026-06-01T22:55:58,18,29,180029,"ARX(2,2)",-131.7397881727473,293.4795763454946,344.03914676740953,True,0,3.876838099471988,6.311721574895604,0.5013794009288016,0.0092885544089449,0.4017193829851361,0.0891708757151521,0.3213800871448763,1.2901077074012073,0.0395505600546151,0.1777429330170702,-0.0186753996192486,0.4226354607051251,-0.109941413920468,0.2733840589150852,0.5272401695399236,-131.73978817227214,293.4795763445443,344.0391467664592
2026-06-01T22:58:11,18,30,180030,"ARX(2,2)",-165.85458150026938,361.70916300053875,412.2687334224537,True,0,0.1301899393318538,0.059786924021299,0.9061592010902983,0.331530524137258,0.1129494182706981,0.0001377651867483,0.8121946839509546,0.4527718715363872,0.2317022047861791,0.5264910697083838,0.0671867361965109,0.2015979466056803,0.3254367482241988,0.1616368752055701,0.313022423205041,-165.85458151212336,361.7091630242467,412.26873344616166
2026-06-01T23:00:05,18,31,180031,"ARX(2,2)",-165.736830341462,361.473660682924,412.03323110483893,True,0,0.6008892685831304,1.9049289839182772e-05,0.8213041929249282,0.2527225708860217,0.1921474312268993,2.8676025787114473e-13,0.9614708589153572,0.5330402118329213,0.1721594903354396,0.585623072430597,0.1091429853524126,0.2080308376830066,0.4777406016710613,0.1469675041002952,0.1302629485293799,-165.73683034200863,361.47366068401726,412.0332311059322
2026-06-01T23:02:48,18,32,180032,"ARX(2,2)",-165.84088429944103,361.68176859888206,412.241339020797,True,0,0.1327992262956616,0.0622175822961994,0.905235433786952,0.3112086188845237,0.1146168370825901,2.0591872759626938e-18,0.8310790888238788,0.47227209323611,0.2298946202085955,0.5253509861261544,0.0695717922671349,0.2026740580025247,0.309644688217804,0.164918807322968,0.3208405203353189,-165.84088429693725,361.6817685938745,412.24133901578944
2026-06-01T23:04:45,18,33,180033,"ARX(2,2)",-165.68605716953545,361.3721143390709,411.93168476098583,True,0,0.0763813230164557,0.0431438625489976,0.9338678618861516,0.5963189388685555,0.0149412335010391,0.0318569158774809,0.7583228807515451,0.0017817355024472,0.2945169204697973,0.5920084271890427,0.1424402612695204,0.1412159468776286,0.3120378535235417,0.1475034279192441,0.3185948107225522,-165.68605717087735,361.3721143417547,411.9316847636696
2026-06-01T23:08:37,18,34,180034,"ARX(2,2)",-165.7293214802379,361.4586429604758,412.01821338239074,True,0,0.551656979853303,1.2684237566339275e-05,0.8303072431857645,0.2707337070343582,0.1729437208285726,1.145309845956062e-08,0.97160461093095,0.4869019419007784,0.1764446355702812,0.5620382854923981,0.10505145469427,0.204319907747533,0.5143631288269864,0.1427439666651231,0.1085934157869261,-165.7293214778033,361.4586429556066,412.01821337752153
2026-06-01T23:10:11,18,35,180035,"ARX(2,2)",-165.72628900174726,361.4525780034945,412.01214842540946,True,0,0.5871696586452346,1.6899892252223805e-05,0.8260671374901618,0.2638244521745612,0.1809959962727812,3.490693702807153e-08,0.9689368808385992,0.5033764927626069,0.1724150192293874,0.5744512498733458,0.110060186485443,0.2078278354441571,0.4449495000608752,0.1472548428387221,0.1622600101275173,-165.7262889999697,361.4525779999394,412.0121484218544
2026-06-01T23:14:31,18,36,180036,"ARX(2,2)",-165.74513726488232,361.49027452976463,412.0498449516796,True,0,0.4862034945305525,1.200040205665536e-05,0.8425597544782267,0.285855001231927,0.1580492623536044,2.4643088299060053e-08,0.985637835692977,0.4426288669040216,0.1818406612236388,0.5524896663302693,0.1019165935086874,0.2083152346473917,0.5060840985314798,0.1364820946448332,0.1242389422086947,-165.7451372658211,361.4902745316422,412.0498449535572
2026-06-01T23:16:10,18,37,180037,"ARX(2,2)",-165.36650721471096,360.7330144294219,411.29258485133687,True,0,0.0236179775886939,0.0462767604428642,0.9679090924389264,0.593239854729446,0.0038240008357108,0.0232572588918722,0.7719759417624786,5.6844248851855965e-05,0.3565926412015992,0.5290842867183462,0.1288992217975095,0.1708146691926963,0.3795420410561012,0.0498236302505317,0.3406616421417596,-165.366507214707,360.733014429414,411.29258485132897
2026-06-01T23:18:15,18,38,180038,"ARX(2,2)",-165.90471719985533,361.80943439971065,412.3690048216256,True,0,0.2297935914073077,0.0411683570557015,0.8860356195078686,0.294664694790502,0.145644569086787,0.0,0.8540561937176278,0.4933490091047097,0.1938810174486241,0.5520300988108283,0.0777427481546522,0.199531518147948,0.3329701734100377,0.1503258978771121,0.3127209648175917,-165.90471720827384,361.8094344165477,412.3690048384626
2026-06-01T23:21:11,18,39,180039,"ARX(2,2)",-165.76923916606896,361.5384783321379,412.09804875405285,True,0,0.6424161210175682,0.0003751831552275,0.813541148331028,0.2658452050498546,0.2024465484355602,5.462276332828406e-10,0.9537300493272648,0.513703927133243,0.1700094370240063,0.6001773953914874,0.1087386283399196,0.2049803991951669,0.4254931872317484,0.1521954689969355,0.1793166144659524,-165.76923918128998,361.53847836258,412.0980487844949
2026-06-01T23:25:10,18,40,180040,"ARX(2,2)",-165.83294642766074,361.6658928553215,412.22546327723643,True,0,0.4941901214802848,2.88150765705747e-05,0.8421734202716811,0.2617095709580829,0.1582535325976619,6.025089509357046e-21,1.0682881617266515,0.4082379308744511,0.1818826006103527,0.5460364677245568,0.1045785592410992,0.1947278763756811,0.558706341751602,0.1227076430819669,0.1022900472877384,-165.83294642764304,361.6658928552861,412.225463277201
2026-06-01T21:02:45,19,1,190001,"ARX(2,2)",-165.7686869228786,361.5373738457572,412.09694426767214,True,0,0.6641814244393454,0.000724202792234,0.81033915201801,0.2653392385136086,0.202053034457368,1.8067274395265529e-06,0.9336357582018564,0.5340965951654297,0.1695512636057999,0.5910851127890148,0.1137573479974606,0.2089300648547916,0.4744773671903983,0.1485916288703079,0.1245891716945641,-165.76868692591069,361.53737385182137,412.0969442737363
2026-06-01T21:07:20,19,2,190002,"ARX(2,2)",-165.7247034683126,361.4494069366252,412.00897735854016,True,0,0.582873100898436,3.070225238077531e-05,0.8248163618643582,0.2637229543952669,0.1848593197651235,6.894829598447364e-13,0.9594689310045632,0.5130168392934107,0.1733996808580656,0.5773028325179695,0.1083787242713441,0.2069937772966399,0.4555806624353954,0.1480587521561843,0.1525263113485669,-165.72470344816696,361.4494068963339,412.00897731824887
2026-06-01T21:12:29,19,3,190003,"ARX(2,2)",-165.71798688848065,361.4359737769613,411.99554419887625,True,0,0.5560704560115758,2.070515281277141e-05,0.8300153768880209,0.2692631216647264,0.1764409979881471,1.8957017280655984e-16,0.9728976979141134,0.4885317040557008,0.1754111755222214,0.5692540701802239,0.1070064118378484,0.2066711299070309,0.4702440772369781,0.1444220431505299,0.145196814050978,-165.71798688328164,361.4359737665633,411.9955441884782
2026-06-01T21:15:58,19,4,190004,"ARX(2,2)",-165.72665198836535,361.4533039767307,412.01287439864564,True,0,0.5799678725592171,9.45662282836104e-05,0.8256253639863098,0.269866553110104,0.1814619417629463,0.0,0.9528598424599336,0.5072100240563757,0.1734773075426099,0.5721886335674466,0.1063347262123238,0.2067267384814929,0.45754753444154,0.1450509098259899,0.1555337360481726,-165.7266519940644,361.4533039881288,412.01287441004376
2026-06-01T21:20:30,19,5,190005,"ARX(2,2)",-165.7202323108211,361.4404646216422,412.00003504355715,True,0,0.5547808944917951,0.0003808200837896,0.8299383094722198,0.2656690019356637,0.1766693154185828,1.2967061309926037e-12,0.9834320049190568,0.4844253503848534,0.1761810007627741,0.5698867040081914,0.1083852749843088,0.2057850386686863,0.4731519910218816,0.1423871195480292,0.1448634188058991,-165.72023230741894,361.4404646148379,412.0000350367528
2026-06-01T21:22:40,19,6,190006,"ARX(2,2)",-165.67875394030753,361.35750788061506,411.91707830253,True,0,0.0795180834999716,0.0442787137796418,0.9324027498967444,0.5902795684067288,0.0136918580814745,0.033087395466195,0.7720577349811152,9.888642545315337e-08,0.2917772242524079,0.5962375779266527,0.1480805964664217,0.137835328881228,0.3133647807771217,0.1458717323871827,0.3135342187308143,-165.6787538731978,361.3575077463956,411.9170781683105
2026-06-01T21:24:23,19,7,190007,"ARX(2,2)",-165.72006279781016,361.4401255956203,411.99969601753526,True,0,0.5600848018480034,0.0002629813338342,0.8292508952404815,0.2668479200841883,0.1776515480849364,4.531218600719534e-17,0.970911338874353,0.4948487953844767,0.1751805556757191,0.5712990560623741,0.1074047740331629,0.2062538449799364,0.4828737667255801,0.1438296389728712,0.1333501166017967,-165.72006279895294,361.4401255979059,411.9996960198208
2026-06-01T21:28:39,19,8,190008,"ARX(2,2)",-165.74688199826016,361.49376399652033,412.05333441843527,True,0,0.606790949715831,1.4408133083992802e-05,0.8194710140370444,0.247698320148021,0.1950382702288248,1.3276497679613106e-07,0.9516647786936768,0.5529058610541283,0.1719350687376164,0.5737984005044222,0.1091383592141635,0.2099241628315977,0.4700564210656275,0.147461001348302,0.1345182629596043,-165.746881998353,361.493763996706,412.0533344186209
2026-06-01T21:30:20,19,9,190009,"ARX(2,2)",-165.84074460025585,361.6814892005117,412.24105962242663,True,0,0.1331800926009692,0.0621557358464103,0.905117774944246,0.3123724104174062,0.1147435944643315,7.040216984811439e-23,0.8323673153891642,0.4686430497465501,0.229641596650162,0.5252342996981809,0.0696786753403406,0.2025910394021835,0.308404396203611,0.164520906587942,0.3224088522335445,-165.84074459946885,361.6814891989377,412.24105962085264
2026-06-01T21:32:51,19,10,190010,"ARX(2,2)",-165.7522877405087,361.5045754810174,412.06414590293235,True,0,0.6479907407212903,0.0001966353205926,0.8123674361223604,0.2493513296661872,0.2025630047316783,1.1760272120893417e-15,0.9639231781230232,0.5369076530754904,0.1701551977850086,0.5846422278994335,0.1112742145603126,0.2080933735306399,0.4693170259775269,0.1490125304999738,0.1334531416802968,-165.7522877351376,361.5045754702752,412.0641458921901
2026-06-01T21:35:53,19,11,190011,"ARX(2,2)",-165.7941992548187,361.5883985096374,412.1479689315523,True,0,0.6941130649689462,2.7072168414299085e-05,0.805452142767107,0.2422830409467893,0.21105925100903,1.8981071958472698e-13,0.9665871297442556,0.5487806805633375,0.1677457012363016,0.6028622387178223,0.1121654522870705,0.2031283237907593,0.5074197413030106,0.1459860247373252,0.103615219612825,-165.79419925482344,361.5883985096469,412.1479689315618
2026-06-01T21:39:35,19,12,190012,"ARX(2,2)",-166.02279616223785,362.0455923244757,412.60516274639065,True,0,0.9668227963668312,0.0010625042911935,0.7654611982408205,0.2254794110138185,0.2728085653954156,1.2334838232504058e-13,0.965419726798584,0.5809461154548358,0.1556650642600689,0.6420072601634856,0.1193613691328625,0.1951740256691314,0.4169989822991501,0.1540636717249488,0.1801232656675661,-166.02279616194562,362.0455923238912,412.6051627458062
2026-06-01T21:42:35,19,13,190013,"ARX(2,2)",-165.719493815272,361.438987630544,411.9985580524589,True,0,0.5429872647428392,2.6419528432273093e-05,0.8316782216532802,0.270288488681784,0.174185882707238,1.1087468204262547e-09,0.9713096017728694,0.4880582774497436,0.1768245130586715,0.563495282678635,0.1058410748906942,0.2083589802721749,0.4855722862288091,0.1422148955403361,0.1321117458050484,-165.71949381908755,361.4389876381752,411.9985580600901
2026-06-01T21:44:53,19,14,190014,"ARX(2,2)",-165.7876379667892,361.5752759335784,412.1348463554933,True,0,0.5439912585773767,2.393853343171501e-05,0.8293337542519509,0.2592704798857081,0.187044623229426,1.214583801031994e-14,0.910006022648302,0.571399862037176,0.1752244300414087,0.5699337529705772,0.1019475694330495,0.2179301437491131,0.4926215345345167,0.143066420264102,0.1162751791915704,-165.78763796955946,361.5752759391189,412.13484636103385
2026-06-01T21:46:28,19,15,190015,"ARX(2,2)",-165.8407435451083,361.6814870902166,412.24105751213153,True,0,0.132954872910204,0.0621331770991026,0.905243366318226,0.3131170024315302,0.1145100692866195,2.207235312658713e-13,0.8321320560038936,0.4674144612976011,0.2297274148000527,0.5251766137592998,0.0695390818946914,0.2024857279909886,0.3096197874254917,0.1644750571746592,0.3215505695598808,-165.8407435450883,361.6814870901766,412.2410575120915
2026-06-01T21:51:02,19,16,190016,"ARX(2,2)",-165.71896119518044,361.4379223903609,411.9974928122758,True,0,0.5588424513956554,7.188078939321164e-05,0.8297175600781862,0.266664365182947,0.1765853615627147,2.3822068376340333e-05,0.972700372412708,0.4938185698624382,0.1750523465684125,0.5654664039867626,0.1076067344674737,0.2072906447417354,0.4649007529691989,0.1440937667496395,0.1491891123670162,-165.71896119619225,361.4379223923845,411.99749281429945
2026-06-01T21:54:00,19,17,190017,"ARX(2,2)",-165.72049448545664,361.4409889709133,412.0005593928282,True,0,0.574577275411144,5.368439215772744e-05,0.8268179965486914,0.2638632292186418,0.1812562767736934,1.2932591671016369e-08,0.9761527068145728,0.496003116499656,0.1739465951954386,0.5739588130793416,0.1086843981059262,0.2072311831676655,0.4660358025690485,0.145461486595792,0.1455214206201871,-165.72049440370407,361.4409888074081,412.0005592293231
2026-06-01T21:57:22,19,18,190018,"ARX(2,2)",-166.48681570571478,362.97363141142955,413.5332018333445,True,0,2.30496533591977,0.0520874885222324,1.9464979808112e-17,0.5769954754623331,4.217968949287526e-20,0.4737437736703526,0.8071051730477,2.6179935486913814e-20,0.2320345560554881,0.4384796250490459,0.098775951622278,0.2184785841704703,0.5108938159900183,0.0467708716077481,0.1932515080771986,-166.4868157076093,362.9736314152186,413.5332018371336
2026-06-01T22:00:22,19,19,190019,"ARX(2,2)",-165.7272912885451,361.4545825770902,412.01415299900515,True,0,0.5409714848533658,0.0008282048513675,0.8305083812584655,0.2652488607931617,0.1771425403230297,9.764227130053789e-18,0.9818389131025336,0.4858053474560191,0.1782521238464825,0.5786108974462721,0.1054018141886617,0.2091265380575078,0.4840803906464302,0.1425985795014663,0.1334813079552908,-165.72729130260257,361.45458260520513,412.0141530271201
2026-06-01T22:02:15,19,20,190020,"ARX(2,2)",-165.87325190609397,361.74650381218794,412.3060742341029,True,0,0.272111310686887,0.032408965372859,0.872686849736276,0.2589996969180575,0.1642079119259363,3.8105392999431816e-14,0.8618593763436607,0.5701632665444402,0.191707698635472,0.5561935371216324,0.0877887097872592,0.2073907022277387,0.3572792573985268,0.1538541892160653,0.266255476992511,-165.87325190580754,361.7465038116151,412.30607423353
2026-06-01T22:04:25,19,21,190021,"ARX(2,2)",-165.72159637898483,361.44319275796965,412.0027631798846,True,0,0.5515966800787209,0.0006673255202314,0.8314736119194397,0.2664002130323321,0.173181288234186,0.0,0.9744601655567304,0.4913438965517835,0.1751404974915106,0.5670995327583399,0.1078050954287029,0.2079220766494869,0.4597799611204961,0.1431528164162739,0.153057765193819,-165.72159621732555,361.4431924346511,412.0027628565661
2026-06-01T22:06:53,19,22,190022,"ARX(2,2)",-165.7222287744218,361.4444575488436,412.00402797075856,True,0,0.5538675947130369,0.0004785012349971,0.829834942993991,0.2712373849118948,0.1761763504163812,1.7214661029694e-08,0.9597832834101004,0.4967566740701713,0.1759236300293143,0.5683896379597622,0.1069024240984762,0.2079929382099621,0.4799864678104567,0.1421742054492134,0.1367490035432884,-165.7222286802727,361.4444573605454,412.0040277824604
2026-06-01T22:08:50,19,23,190023,"ARX(2,2)",-165.71958877738513,361.43917755477025,411.9987479766852,True,0,0.5480116636124138,8.523043100121032e-05,0.8321364992270761,0.2682665246572881,0.1720603479108565,1.1547534875828492e-12,0.9824932358539894,0.4807957378557465,0.1760625909809979,0.5655207336250436,0.1073792931383296,0.2061712323156276,0.4863615888679821,0.1419184753820213,0.1327021400051534,-165.71958871064152,361.43917742128303,411.998747843198
2026-06-01T22:11:16,19,24,190024,"ARX(2,2)",-165.72356019670548,361.44712039341096,412.0066908153259,True,0,0.5253050891378653,3.604589303826118e-05,0.8355626114071766,0.2739608781631283,0.1671509390319805,1.0047168323418622e-15,0.9822276262708066,0.4697776314867449,0.178138262626977,0.554295557374003,0.1055523166623064,0.2074085750321665,0.4913751964470023,0.1402732527299791,0.1303284360148277,-165.7235601966725,361.447120393345,412.00669081526
2026-06-01T22:13:01,19,25,190025,"ARX(2,2)",-165.7237985326106,361.4475970652212,412.00716748713614,True,0,0.5552795457005515,0.0007488884356483,0.8307087946065361,0.2789611592324517,0.1741291905491052,2.133517194423825e-17,0.9633209936788988,0.4772363967972742,0.1751370349508207,0.5698371610643883,0.106435156659953,0.2050550307763025,0.4761354830897576,0.1443105848042969,0.1420245817317238,-165.72379853466813,361.44759706933627,412.0071674912512
2026-06-01T22:15:02,19,26,190026,"ARX(2,2)",-165.73837449217984,361.4767489843597,412.03631940627463,True,0,0.5496316330809029,2.235743696634767e-05,0.83173460068096,0.2825608354345451,0.1683317035721133,5.759171074482511e-19,0.9979021224975404,0.4369322205604483,0.1765777801434163,0.5468043246679227,0.1068125055620105,0.2048189282424821,0.4809531121122627,0.1386590703708118,0.14374175100494,-165.73837446410118,361.4767489282024,412.0363193501173
2026-06-01T22:17:37,19,27,190027,"ARX(2,2)",-165.81361656000269,361.62723312000537,412.1868035419203,True,0,0.4872675793988462,4.2736849536141736e-05,0.8401476791389157,0.2862556198044926,0.1537049331025054,9.770652909593942e-15,1.0228943503383088,0.4045195562768308,0.1854794906424273,0.5341778225853245,0.1023675022770556,0.2049377969273522,0.5791471052713265,0.1243894879295003,0.0696407649727522,-165.8136165593524,361.6272331187048,412.1868035406197
2026-06-01T22:19:42,19,28,190028,"ARX(2,2)",-165.79841231845455,361.5968246369091,412.15639505882405,True,0,0.4646640418212317,5.355341137665818e-05,0.8480397028015327,0.2915346351526651,0.1448501919193589,1.8976506560006986e-18,1.0096058356451187,0.4072312764074017,0.184231318329363,0.5186279169983432,0.1040258718515498,0.2025520992267237,0.5257659372372954,0.1316267696735855,0.1148213309126575,-165.7984123193291,361.5968246386582,412.1563950605731
2026-06-01T22:21:21,19,29,190029,"ARX(2,2)",-165.71849399886804,361.4369879977361,411.996558419651,True,0,0.5392348720104825,5.446406917058113e-05,0.8334038207392054,0.2700475067020512,0.171703630772119,7.210119741980594e-16,0.9778400774691852,0.4819505469489971,0.1764340034141055,0.5638699116837538,0.1066019898248542,0.2075948030737445,0.4705320508967817,0.1429395223353366,0.1462090328708034,-165.7184939992386,361.4369879984772,411.99655842039215
2026-06-01T22:24:07,19,30,190030,"ARX(2,2)",-165.86033423433412,361.72066846866824,412.2802388905832,True,0,0.1452002936094386,0.0658246359417053,0.9014646701013906,0.3160846914225985,0.1167880425257903,7.908110188048003e-22,0.8269434378132663,0.4602370821219455,0.2246394799541582,0.5077995146694385,0.0713891457349128,0.2027135880464778,0.3084889276357212,0.1661233179873632,0.3177004355457037,-165.8603342348366,361.7206684696732,412.28023889158817
2026-06-01T22:26:52,19,31,190031,"ARX(2,2)",-165.88024362291804,361.7604872458361,412.32005766775103,True,0,0.2330100823285456,0.0397570598770428,0.8846298522096182,0.2823324829155825,0.1488107168305177,2.53137847535418e-14,0.8560787662486131,0.519000458868057,0.1935874834050469,0.5640073449289361,0.0763093750393384,0.1982853761015895,0.3614962628722797,0.1524637178455316,0.2857116139572339,-165.88024362106955,361.7604872421391,412.3200576640541
2026-06-01T22:30:15,19,32,190032,"ARX(2,2)",-165.8443131748722,361.6886263497444,412.24819677165937,True,0,0.138673497593321,0.0637442497201641,0.9038189283828536,0.3126291557317424,0.1155949469317871,3.713827607223208e-07,0.8348523175728024,0.4632452684520682,0.2265126740042863,0.5313497520353249,0.0706396789990406,0.2012035176987088,0.309183857270331,0.1660295613673738,0.3201124579201445,-165.84431334017324,361.6886266803465,412.24819710226143
2026-06-01T22:32:04,19,33,190033,"ARX(2,2)",-165.72481845698184,361.4496369139637,412.0092073358786,True,0,0.5154264574418381,2.2218631753924883e-05,0.8376007636744485,0.2722694589519125,0.1669455213816651,2.4409796648621118e-06,0.977954152228726,0.4774618000366744,0.1780426025819247,0.5577851111689207,0.1051087246492111,0.2108652226867278,0.4603473218143486,0.1419965981813728,0.1550876532441343,-165.7248184568892,361.4496369137784,412.00920733569336
2026-06-01T22:34:46,19,34,190034,"ARX(2,2)",-167.36625075978526,364.7325015195705,415.29207194148546,True,0,4.568966084370624,0.0493437872495222,0.019737525294133,0.5426774585744827,0.0068503188725821,0.4258607102144437,0.872006407880926,2.8263340596922534e-07,0.1606719166533708,0.4607393707998961,0.1170166715829811,0.1961235131587903,0.4665775281483328,0.0818062799462319,0.2011596806251212,-167.36625054361855,364.7325010872371,415.292071509152
2026-06-01T22:38:27,19,35,190035,"ARX(2,2)",-165.93844455519866,361.8768891103973,412.43645953231226,True,0,0.0962964258110603,0.0458132975366122,0.925135792328052,0.3121649247706208,0.0970292867466817,0.0010165777154983,0.8035864911100332,0.5118067982676996,0.2242540134397978,0.5442742298752833,0.0453234141478348,0.2174452625935344,0.327298557229262,0.1700445150851517,0.3187972176706918,-165.93844456086333,361.87688912172666,412.4364595436416
2026-06-01T22:41:08,19,36,190036,"ARX(2,2)",-131.41271880689249,292.82543761378497,343.3850080356999,True,0,0.0012470266980728,0.4009683351173505,0.9970187275553904,0.4931125473179549,0.0046593651949277,0.0006412099946519,1.0066881705727595,0.0,0.0276667859374642,0.2264463198734825,-0.0674171641066496,-0.2038881572848516,1.2147269603257218,0.0491313088189611,-0.0759967067118652,-131.41271880686844,292.8254376137369,343.3850080356518
2026-06-01T22:42:56,19,37,190037,"ARX(2,2)",-165.6779078526604,361.3558157053208,411.91538612723576,True,0,0.0751731083365589,0.04408049271679,0.9348088651189564,0.5902051824355389,0.0134111261396027,0.0324927057714951,0.7727003245899905,4.88199838260178e-08,0.2948953184752921,0.5964855197790534,0.1488482332754511,0.1352267991922368,0.3179263951545069,0.1436568588773088,0.3145805989001402,-165.6779078368591,361.3558156737182,411.9153860956332
2026-06-01T22:45:01,19,38,190038,"ARX(2,2)",-165.75242810145016,361.5048562029003,412.06442662481527,True,0,0.5571334016822618,8.944533672030319e-05,0.8282497778593052,0.2504939961378541,0.1859606882467833,4.359674162014525e-06,0.948163729061723,0.5506353322705224,0.1755397697031638,0.5971950995594972,0.1091523542364679,0.2095063882346022,0.4634567901949987,0.1484499106525474,0.1413302029614063,-165.75242809470535,361.5048561894107,412.0644266113256
2026-06-01T22:46:56,19,39,190039,"ARX(2,2)",-165.8407982834035,361.681596566807,412.24116698872194,True,0,0.1328979660309211,0.0622014411716898,0.9053253797311428,0.3132523281404289,0.1143182644092329,4.512807861484009e-19,0.8340291064914905,0.4651501318519864,0.229795491531375,0.5256973756190636,0.0695094790298045,0.2021471742045252,0.3105479127139864,0.164221026443563,0.3213528761676795,-165.84079828529184,361.6815965705837,412.2411669924986
2026-06-01T22:48:56,19,40,190040,"ARX(2,2)",-165.71960193676017,361.43920387352034,411.9987742954353,True,0,0.5490028999565135,0.0003152591469807,0.8306981673915196,0.2684934171381663,0.1752609366293654,3.089817759904323e-14,0.9788553312102348,0.4834896125044902,0.1764593853166084,0.5631324815552725,0.1066700969159936,0.2076562268671222,0.4831304168551033,0.1427884933602681,0.1338032938657962,-165.71960193176523,361.43920386353045,411.9987742854454
2026-06-01T21:18:01,20,1,200001,"ARX(2,2)",-165.84073937804595,361.6814787560919,412.24104917800685,True,0,0.1330863553170563,0.0621529196572885,0.905195498957118,0.3127902545852956,0.1145783339506002,6.367179495098019e-15,0.8323759195327737,0.4677636124802821,0.2296986850202507,0.5252924899930363,0.0696619913921376,0.2025157633037582,0.3093942711180312,0.1645468509307752,0.3215428081296511,-165.8407393781034,361.6814787562068,412.2410491781217
2026-06-01T21:21:05,20,2,200002,"ARX(2,2)",-165.76862301372734,361.53724602745467,412.0968164493696,True,0,0.4713832444094651,0.0012477313533507,0.8463718639121444,0.2852745162738995,0.1600435444770765,3.4927034892735044e-18,0.9506001065239272,0.4762424536333618,0.1809756990597156,0.5792031048846694,0.1054582843635886,0.2159551638919198,0.4589060657508413,0.1458196192439412,0.1474576408689099,-165.7686230135103,361.5372460270206,412.0968164489356
2026-06-01T21:24:21,20,3,200003,"ARX(2,2)",-165.71925114577832,361.43850229155663,411.9980727134716,True,0,0.5477564554331481,1.0855985098434322e-05,0.8322400495249106,0.2744714352255453,0.1726352228115278,1.1607147528552349e-18,0.973063345641486,0.4779711202113619,0.1756902546211197,0.565009583776724,0.1072187655171382,0.2074335210989879,0.4645301941005406,0.1440221398946232,0.1503416151826059,-165.71925113664315,361.4385022732863,411.9980726952013
2026-06-01T21:30:15,20,4,200004,"ARX(2,2)",-165.72765075770712,361.45530151541425,412.0148719373292,True,0,0.5490829719622615,0.0001588408969059,0.8320642460679167,0.2631173840716007,0.1733169158931824,9.555960007933045e-08,0.9788605470533092,0.4945725313259617,0.1755355544941978,0.5642831992163352,0.1098814126004238,0.2083736037610575,0.4330216850034413,0.1471036193117755,0.1734223353176214,-165.72765075836065,361.4553015167213,412.01487193863625
2026-06-01T21:33:49,20,5,200005,"ARX(2,2)",-165.79872161036292,361.59744322072584,412.1570136426408,True,0,0.6922782311717472,0.0005776459666722,0.8102693090906931,0.2498826311552406,0.1969398197787316,3.5087889517976723e-14,0.9611263755548852,0.5378685543776096,0.165505625171353,0.5513820188101909,0.1114252627846736,0.2040507255220839,0.4940514415948146,0.1458933504946272,0.116879668842988,-165.7987215890637,361.5974431781274,412.1570136000423
2026-06-01T21:36:02,20,6,200006,"ARX(2,2)",-165.72641116683542,361.45282233367084,412.0123927555858,True,0,0.591076754055097,2.012859417195274e-05,0.8245466418385083,0.2687832486627193,0.1850086481154352,2.9083571277774206e-09,0.9564122913610308,0.5059769523099197,0.1723444041289744,0.5763601527913893,0.1096228008064417,0.2060966017054382,0.4576392847650362,0.1466298152475984,0.152185849534898,-165.72641116670815,361.4528223334163,412.0123927553312
2026-06-01T21:40:32,20,7,200007,"ARX(2,2)",-130.8560998199781,291.7121996399562,342.27177006187117,True,0,4.053119496775732,7.925502016867687,0.2818817043321789,0.4975833981597439,0.3331750651301771,0.1996382315903171,0.8689608159267327,0.0272326676384543,0.1320579369073481,0.0574898557472623,0.0904479978169795,0.2410742526730802,0.673503221366869,0.0144536270167276,0.0380571204186888,-130.8560998200423,291.7121996400846,342.2717700619995
2026-06-01T21:42:50,20,8,200008,"ARX(2,2)",-165.72118449140174,361.4423689828035,412.0019394047184,True,0,0.5810689786698866,6.480203171344542e-05,0.8253515416704639,0.2646209040441579,0.1827489235019325,7.562854681402645e-12,0.9702118351479164,0.5004083638218076,0.1739262807213106,0.570494473898374,0.1092437521908974,0.2077589214347139,0.4666984070291512,0.145189186937988,0.1441501843529647,-165.72118449195457,361.4423689839091,412.001939405824
2026-06-01T21:44:50,20,9,200009,"ARX(2,2)",-165.71843514407433,361.43687028814867,411.9964407100636,True,0,0.5524794650386265,3.42297605060238e-05,0.8304649040294223,0.266950113796994,0.1755988023771821,1.3571917351106224e-07,0.9759992201967488,0.4900280732703321,0.1757112086778708,0.5663904809466672,0.1079999173831521,0.2060849021166145,0.4671000312679945,0.1447417284000986,0.1469631743005731,-165.7184351433133,361.4368702866266,411.9964407085415
2026-06-01T21:47:38,20,10,200010,"ARX(2,2)",-165.92388952628397,361.84777905256794,412.4073494744829,True,0,0.2404152211782496,0.0345649176509568,0.8863419884694329,0.2875024269306417,0.1374453735385722,1.4555428287474345e-18,0.9002334136739861,0.4728807779277596,0.1947353671277265,0.5293228107941307,0.0835670011580802,0.2000495968941203,0.4245638444228709,0.1404461149725471,0.2292113467426065,-165.9238895272759,361.8477790545518,412.4073494764667
2026-06-01T21:49:44,20,11,200011,"ARX(2,2)",-165.72152487124123,361.44304974248246,412.0026201643974,True,0,0.5340080820969791,0.0004159160865663,0.8352385594093179,0.2729441231484533,0.1690044733708885,1.1397447162721578e-11,0.9833889840530062,0.4698516929157847,0.1764224525282184,0.5616229533421364,0.1064768302923027,0.2079829213178338,0.470897531012748,0.1425190216621822,0.1465491535614359,-165.72152487134412,361.4430497426882,412.0026201646032
2026-06-01T21:53:19,20,12,200012,"ARX(2,2)",-165.72391346211555,361.4478269242311,412.00739734614604,True,0,0.5815510266790005,2.0152826286300652e-05,0.8263228149555017,0.2619510467170727,0.1846233301669508,0.0,0.9686587944507372,0.5073951528217882,0.1726250566408888,0.5725158346623944,0.1100981472664486,0.2084217835971623,0.4584567637501563,0.1469786705406928,0.1483001545005002,-165.72391346207314,361.4478269241463,412.0073973460612
2026-06-01T21:57:52,20,13,200013,"ARX(2,2)",-166.4990657736505,362.998131547301,413.55770196921594,True,0,2.3206533028539926,0.048887182841837,4.067226856344827e-05,0.5906417002303803,3.1826948946517253e-06,0.4889660345967328,0.7811705970915647,3.8154056074374336e-22,0.2300443667394686,0.4403014974580205,0.098191554314233,0.2202314355235674,0.4915408972072773,0.0516072404247117,0.2040689392591389,-166.49906571729798,362.998131434596,413.5577018565109
2026-06-01T22:00:33,20,14,200014,"ARX(2,2)",-165.71870689027315,361.4374137805463,411.99698420246125,True,0,0.5582306616027396,2.397957072627936e-05,0.8301867460092686,0.2685342031765231,0.17610527678433,1.8556814685460078e-12,0.9745600282209758,0.488320705551621,0.1749005571546771,0.5681905699133846,0.1078026328295103,0.2069901236238735,0.4604992610466638,0.144379984878805,0.1535444482311589,-165.71870688972086,361.4374137794417,411.9969842013567
2026-06-01T22:02:27,20,15,200015,"ARX(2,2)",-165.74792431912374,361.4958486382475,412.0554190601624,True,0,0.6429043879311026,0.000265054877379,0.8130341805185998,0.2580034531786304,0.2002961143773046,9.891271285161256e-17,0.9709018557564646,0.5124982319585837,0.1713668375289884,0.588025248438147,0.1123770412417731,0.206697421835996,0.4765254128258837,0.1467470854900794,0.1300298276897068,-165.74792432220954,361.4958486444191,412.055419066334
2026-06-01T22:04:38,20,16,200016,"ARX(2,2)",-165.72036923340494,361.4407384668099,412.0003088887248,True,0,0.5520658155762305,0.0009718760031445,0.8312276739562572,0.2701237859967815,0.1745399976888794,2.049358431339961e-08,0.9710900229505836,0.486628700487578,0.1753136728832201,0.565475268988505,0.106714847074613,0.2076860607623975,0.469538115655958,0.1442299958196067,0.14511386528053,-165.72036925505626,361.4407385101125,412.00030893202745
2026-06-01T22:06:23,20,17,200017,"ARX(2,2)",-165.72313451896434,361.4462690379287,412.0058394598436,True,0,0.5767727241133795,0.0005790147062196,0.8253794017047882,0.2655274330975709,0.1833855625462725,9.436369809365363e-11,0.9714466606770128,0.496197376013798,0.1750719512021118,0.5727318059497526,0.1072498193894055,0.2075739306564049,0.4751997387751294,0.1443897420188921,0.1397060040690305,-165.72313447217027,361.44626894434055,412.0058393662555
2026-06-01T22:08:59,20,18,200018,"ARX(2,2)",-165.72444673302843,361.44889346605686,412.0084638879718,True,0,0.5551051613238195,0.0002464615276913,0.8298587977505174,0.2616493960518068,0.1764420741252146,1.050080752443721e-13,0.9684812717843104,0.5077098158629474,0.1752898388976943,0.5640276064497389,0.1065902956806445,0.20591156050507,0.4558313109664915,0.1445661469485333,0.1591126711590431,-165.7244467119831,361.4488934239662,412.0084638458811
2026-06-01T22:14:19,20,19,200019,"ARX(2,2)",-165.84913926370697,361.69827852741395,412.2578489493289,True,0,0.129958183652393,0.0606141239493828,0.9070375995146224,0.3206804461681768,0.1113668919900478,1.7865660976565277e-19,0.8215240752775312,0.4643465023733212,0.2300688234378161,0.51983502891399,0.0677994699161098,0.200799997612033,0.3359233027935032,0.1648345121156193,0.299427453360086,-165.84913926350424,361.6982785270085,412.2578489489234
2026-06-01T22:15:35,20,20,200020,"ARX(2,2)",-165.74513850550466,361.4902770110093,412.04984743292425,True,0,0.5569238165370273,0.0006263626146035,0.8292031637004191,0.2873305482056247,0.1731857891269313,1.0305828046792048e-08,0.9696957312389054,0.4543836278863134,0.1762698597479475,0.5586020288586385,0.1042802236275315,0.2070113092441197,0.525564863617915,0.1399015512249256,0.0989849513652516,-165.7451384158557,361.4902768317114,412.0498472536264
2026-06-01T22:17:43,20,21,200021,"ARX(2,2)",-165.8270006772791,361.6540013545582,412.21357177647315,True,0,0.569380004346528,0.0051559663624633,0.83353868285901,0.2784983608305101,0.1746425624631178,5.0582644846589886e-17,0.9664624439695628,0.4652561773134059,0.1723770236461443,0.6107239930718626,0.1257184663011784,0.2092307245090159,0.4136512873587801,0.1498916045962806,0.1724283876639787,-165.82700067137716,361.6540013427543,412.21357176466927
2026-06-01T22:20:12,20,22,200022,"ARX(2,2)",-165.7663751297739,361.5327502595478,412.09232068146275,True,0,0.4942317048471996,2.5385891713483e-05,0.8433508691408154,0.2863297802365734,0.1515590670969163,1.421557831032193e-20,1.0097960276199054,0.4174964070050942,0.1806396085397723,0.5343456481141219,0.1040207949313063,0.2041819854646611,0.52385644541001,0.1310626806392187,0.1149404699843859,-165.76637512967352,361.53275025934704,412.092320681262
2026-06-01T22:23:23,20,23,200023,"ARX(2,2)",-165.72207830027668,361.44415660055336,412.0037270224683,True,0,0.5489387056711539,2.6227998697794925e-05,0.8320635927033831,0.2669728267947574,0.175895185818282,3.393977701083176e-06,0.9697928944554016,0.4962048690755625,0.1748414293776954,0.5721571810418966,0.107038084877627,0.209010215368735,0.4473471161056461,0.14499119715711,0.1641125872594056,-165.72207829936008,361.44415659872016,412.0037270206351
2026-06-01T22:26:24,20,24,200024,"ARX(2,2)",-165.72045516192094,361.4409103238419,412.0004807457568,True,0,0.5753177473219677,1.4082162253548952e-05,0.8270084986982726,0.2672191091828871,0.179827435778269,1.5620423855187987e-09,0.9783212571975524,0.4872101081767477,0.173998433010715,0.5721643611406804,0.1079475210959093,0.2058113932395666,0.4656461241057856,0.1447490640456845,0.1491505270030191,-165.72045516335214,361.4409103267043,412.0004807486192
2026-06-01T22:37:21,20,25,200025,"ARX(2,2)",-165.84073814809534,361.6814762961907,412.2410467181056,True,0,0.1330491588451465,0.062151655024355,0.9051954014077952,0.3126829736119731,0.1145879383001894,1.7244104744124048e-19,0.8324705485621963,0.4679380884347879,0.2297220684935747,0.5251428438109469,0.0696494607344179,0.20253423186703,0.3092168845737713,0.1645140269828954,0.3217444771220815,-165.84073814810486,361.6814762962097,412.2410467181247
2026-06-01T22:40:04,20,26,200026,"ARX(2,2)",-165.7191293899039,361.4382587798078,411.99782920172277,True,0,0.5437258668950226,8.421276826910423e-05,0.8330277055142141,0.2729859050253571,0.1715827203836835,5.093813231335079e-08,0.9715995644163792,0.4822474216317856,0.1758617724443517,0.5645873395174118,0.1064415712502588,0.2059204799810976,0.4734135733225671,0.1442704621874908,0.1434919816695444,-165.7191293738128,361.4382587476256,411.9978291695405
2026-06-01T22:41:26,20,27,200027,"ARX(2,2)",-165.7500241209446,361.5000482418892,412.05961866380414,True,0,0.5319628198914031,0.0009910161144908,0.83419670385412,0.2842272996834611,0.1641472858738956,2.381762400832314e-12,1.002649351735661,0.4270698143536577,0.1790732189380028,0.5477769992027333,0.1040877118766221,0.200516093709117,0.5151875224205147,0.1341627080004846,0.123916931296182,-165.75002414356226,361.5000482871245,412.05961870903946
2026-06-01T22:43:57,20,28,200028,"ARX(2,2)",-165.7328793086964,361.4657586173928,412.02532903930774,True,0,0.5734197715100015,1.863617994867253e-05,0.8260402089388547,0.24736062227096,0.1823323904610518,6.372865684385092e-13,0.9962498862349912,0.5089882449271022,0.1749036979487513,0.5721642415903665,0.1088652208361199,0.2070040634250849,0.4727524572065728,0.1429715595375364,0.141865800805486,-165.73287930830242,361.4657586166048,412.02532903851977
2026-06-01T22:47:28,20,29,200029,"ARX(2,2)",-166.28525710150043,362.57051420300087,413.1300846249158,True,0,1.298604404960443,0.0015205209717406,0.7292870412128432,0.1728460522477324,0.3480425095640833,3.823647687799338e-18,0.8214265956893134,0.8271326480899096,0.1431762106080411,0.7370322527880125,0.1246342693416486,0.2008684592981444,0.4692519602870575,0.1562492119952492,0.1073092232560587,-166.28525709800064,362.5705141960013,413.1300846179162
2026-06-01T22:50:49,20,30,200030,"ARX(2,2)",-165.74034075058256,361.4806815011651,412.04025192308006,True,0,0.5412401745429144,3.558168977236023e-05,0.8305328084238299,0.2657214880518187,0.1798738852813001,5.3194959221632746e-17,0.9609315925953896,0.5075495219857388,0.1771204439833869,0.5668085541502476,0.1024191163596152,0.2094389567977681,0.5203837415627457,0.140879784852452,0.102483449630825,-165.74034075090583,361.48068150181166,412.0402519237266
2026-06-01T22:53:12,20,31,200031,"ARX(2,2)",-165.8111258694268,361.6222517388536,412.18182216076855,True,0,0.7266193780046545,1.5499155620626633e-05,0.8007824750455486,0.2378406878314382,0.2211219418339138,1.3824708327917231e-14,0.9560414553890804,0.5682382143449475,0.1652440096159143,0.6107078283814005,0.1137097856322081,0.2043882035591034,0.452361805985313,0.1525761417930576,0.1456046531437304,-165.81112586957113,361.6222517391423,412.1818221610572
2026-06-01T22:55:36,20,32,200032,"ARX(2,2)",-165.63430399998146,361.2686079999629,411.82817842187785,True,0,0.0510141516942288,0.0441722094479204,0.949564557873609,0.4946263233624542,0.007320774371655,0.0308646494451149,0.903604379808833,0.0704264152896032,0.3003314295205139,0.5325739013616855,0.1852240325956983,0.0968994478059568,0.3576941583043737,0.1341320064636467,0.2889089345688605,-165.63430399693237,361.2686079938648,411.8281784157797
2026-06-01T22:57:20,20,33,200033,"ARX(2,2)",-165.77352164390757,361.54704328781514,412.1066137097301,True,0,0.4759136662481867,1.4143042490662454e-05,0.8453588158028174,0.2779432997849139,0.1505881141469146,1.947493345064648e-07,1.012441399909617,0.4316455782062973,0.1830012537486324,0.5436022089171281,0.1012807739189886,0.2037191853220641,0.544055531543082,0.1311577139196636,0.0987751754626687,-165.77352164600052,361.547043292001,412.106613713916
2026-06-01T22:59:09,20,34,200034,"ARX(2,2)",-165.69767095801353,361.39534191602706,411.954912337942,True,0,0.0683278262668911,0.0444227130816716,0.9362538425472358,0.5763391137895516,0.0091332799681033,0.0269488015645775,0.7455515379894866,0.0570882748416813,0.3312288276846519,0.5424656770600323,0.1659352631186228,0.1838165823126841,0.1529459097453975,0.1496355745828074,0.4068348462698344,-165.69767095797542,361.3953419159509,411.9549123378658
2026-06-01T23:00:52,20,35,200035,"ARX(2,2)",-165.73450863903628,361.46901727807256,412.0285876999875,True,0,0.5022258792519672,1.3409962517481657e-05,0.8420591909383385,0.2775003832656411,0.1587355684081432,2.687142758531344e-08,0.991628019426464,0.4533446217498907,0.178515565867445,0.5472881201253508,0.107237323393638,0.2083471890867687,0.4657327467992532,0.1389758727095023,0.1546738487736306,-165.73450863899484,361.4690172779897,412.0285876999046
2026-06-01T23:04:35,20,36,200036,"ARX(2,2)",-165.72701942883498,361.45403885766996,412.0136092795849,True,0,0.5832380832876077,0.0001502961967238,0.8258677315886206,0.2626136568016871,0.1828488384156663,7.4703954490155485e-06,0.9587120548002576,0.5157248737673663,0.1727252907700798,0.5699104609829746,0.1095780884673193,0.2108289540281997,0.4491635180819578,0.1491045659321512,0.1525290536203407,-165.72701934645983,361.45403869291965,412.0136091148346
2026-06-01T23:07:10,20,37,200037,"ARX(2,2)",-165.7235832421559,361.4471664843118,412.00673690622676,True,0,0.5247340065401254,5.013958910552426e-05,0.8358248636755282,0.2751276146963708,0.1663664807058235,8.308578270950646e-10,0.9845621423301452,0.465081716800427,0.1781666414831736,0.552917740114778,0.1062089277537675,0.207160866824645,0.4807210427619687,0.1407503815309704,0.1398827643232697,-165.7235832411322,361.4471664822644,412.0067369041793
2026-06-01T23:10:19,20,38,200038,"ARX(2,2)",-165.72162996137587,361.44325992275174,412.0028303446667,True,0,0.5306209795686672,1.979344979673797e-05,0.8357304761274944,0.2725270636655613,0.1682018661223839,3.482236403905825e-16,0.9883649834491056,0.466540164529228,0.1767086697514589,0.5599754576124085,0.1063081786302609,0.2064947348338486,0.4738424671254994,0.1419410063946516,0.1461947845529224,-165.72162996104646,361.4432599220929,412.0028303440079
2026-06-01T23:13:54,20,39,200039,"ARX(2,2)",-165.72099098782436,361.44198197564873,412.00155239756367,True,0,0.5797252776188206,0.0001037463279649,0.8251328447211221,0.2654994019783465,0.1826900905907046,7.036891537473324e-13,0.972486721813483,0.4962920582930429,0.1742344801504977,0.5690960976301568,0.1077655745627278,0.2064417082217454,0.4706846790268084,0.1433012307728214,0.1452416062657893,-165.7209909892763,361.4419819785526,412.0015524004675
2026-06-01T23:18:10,20,40,200040,"ARX(2,2)",-165.78701637355056,361.5740327471011,412.13360316901606,True,0,0.596651403594322,0.0004447340433228,0.8218948605829239,0.2236541222389644,0.1919345415599472,8.219436215957523e-16,1.0006776643986677,0.5507494538473929,0.1727366492182382,0.5781072203645626,0.1102906669819974,0.2088242705780221,0.4708549614957636,0.1431582251194871,0.139714505985196,-165.78701637240505,361.5740327448101,412.133603166725
2026-06-01T21:27:08,21,1,210001,"ARX(2,2)",-165.84073988355448,361.68147976710895,412.2410501890239,True,0,0.1331707982063713,0.062208095193364,0.9051685651430104,0.3126165887708585,0.1146078378916259,1.1389046964428751e-18,0.8326720471709559,0.4678302970326148,0.2296485028179576,0.5250790643346284,0.0696947879727039,0.2024525532999297,0.3091530432527951,0.1645395157030266,0.3218082058187581,-165.84073988379618,361.6814797675924,412.2410501895073
2026-06-01T21:29:26,21,2,210002,"ARX(2,2)",-165.80558668053226,361.6111733610645,412.17074378297946,True,0,0.5698971150117674,0.0001617117738159,0.8235409448017743,0.2720104221997713,0.178181218903012,2.505023649719067e-24,1.0119532851321964,0.4436932240199709,0.1801114927556475,0.5752838206964724,0.1080253839047769,0.2020922790901266,0.5859600283051888,0.1315181748617422,0.0522293326355002,-165.80558668069222,361.6111733613844,412.1707437832994
2026-06-01T21:31:39,21,3,210003,"ARX(2,2)",-165.72595100525956,361.4519020105191,412.01147243243406,True,0,0.5467034569193124,0.0006527013082524,0.8320136501522923,0.2677496915620179,0.1712388154288724,1.41773933580761e-17,0.9927036817417292,0.4704836011365081,0.1765703273817732,0.5562773287373346,0.1059990525784888,0.2042118362012299,0.4967872501082784,0.1380952996091515,0.1304352070827635,-165.72595110299542,361.4519022059909,412.0114726279058
2026-06-01T21:33:20,21,4,210004,"ARX(2,2)",-165.77287715125493,361.54575430250986,412.1053247244248,True,0,0.5752593261886466,0.0099774594117826,0.8264892102001468,0.2760537019915443,0.1772281825926131,2.5089042233120803e-11,0.9619611623967642,0.4664901233768817,0.1764241080058921,0.5755321949684751,0.1129710174358716,0.2153635941177185,0.4638889062809953,0.1425456077577497,0.1391422139449076,-165.7728771522953,361.5457543045906,412.1053247265056
2026-06-01T21:37:15,21,5,210005,"ARX(2,2)",-165.71822548589364,361.4364509717873,411.9960213937022,True,0,0.5589420054136667,0.0001050366661597,0.8298534328168145,0.2679206400509432,0.1765106830509671,9.97388738922139e-10,0.975557184319051,0.4883791258569556,0.174886381987481,0.5684198915587604,0.1074352862323483,0.2068875826113688,0.4741800801798078,0.1432833427311304,0.141730945516539,-165.71822548732516,361.4364509746503,411.99602139656525
2026-06-01T21:39:34,21,6,210006,"ARX(2,2)",-165.7189399655104,361.4378799310208,411.99745035293574,True,0,0.5629817370708843,5.4912769677436015e-05,0.8285757042674001,0.2703349555947338,0.1773568342437034,7.304010057860096e-18,0.9678716646162072,0.4913405740670122,0.1751284442664208,0.5652366020079349,0.1069104531561196,0.2076345619872026,0.4767822745352327,0.1441286528675138,0.1376465432871946,-165.71893996375638,361.4378799275128,411.9974503494277
2026-06-01T21:42:58,21,7,210007,"ARX(2,2)",-165.7623237881378,361.5246475762756,412.0842179981905,True,0,0.6554411105655458,9.256711096097346e-06,0.8108937969155604,0.2443395358567821,0.2024301790259446,3.4466196181815655e-12,0.980062189399614,0.5312378635991274,0.1701476133519048,0.5676136777800368,0.1129392641676185,0.207063460108581,0.4508882841825498,0.1454194539033186,0.1544208564485786,-165.76232379116834,361.5246475823367,412.0842180042516
2026-06-01T21:45:01,21,8,210008,"ARX(2,2)",-165.9072103376857,361.8144206753714,412.37399109728636,True,0,0.6090030237185631,7.932309121763255e-14,0.8203260750648227,0.2212655477513257,0.2011790768869098,1.3736956954173382e-16,0.993208089475492,0.5632264967029347,0.1712295844845024,0.5790927855331996,0.1126808792395798,0.2137898366021059,0.4510637577574524,0.1469108480889088,0.1486372112105079,-165.90721033488927,361.81442066977854,412.3739910916935
2026-06-01T21:46:53,21,9,210009,"ARX(2,2)",-165.72246634596075,361.4449326919215,412.00450311383645,True,0,0.5465609142410642,0.0016223216257254,0.831648945401303,0.268980447998572,0.1745012589136649,2.2640265592829545e-17,0.9709568692690558,0.4876844207522164,0.1760491534824781,0.5690514159684662,0.1056533989041695,0.2079838940641069,0.4767026713684568,0.1427863224116394,0.1405113217643294,-165.72246631364288,361.44493262728577,412.0045030492007
2026-06-01T21:48:34,21,10,210010,"ARX(2,2)",-166.0449107606104,362.0898215212208,412.64939194313575,True,0,0.1692973358909393,0.0656196892197382,0.8924963574023586,0.2776625121248119,0.1300612401303793,8.109622464828907e-14,0.7933106664969796,0.5703920729750895,0.2190266388429953,0.5350457065095819,0.0799891724569302,0.2060674820793613,0.3815263214389145,0.1788396871512994,0.2179227091038623,-166.04491076070371,362.0898215214074,412.6493919433224
2026-06-01T21:53:22,21,11,210011,"ARX(2,2)",-166.81494897389365,363.6298979477873,414.18946836970224,True,0,0.0236957128704525,0.1361060641658017,0.943783883181212,0.3425722403797235,0.067524780844483,0.0156069224213061,0.9093619807333732,0.3379297479115504,0.3159262141077999,0.3865471848296979,0.1115767676610342,0.1608072851460167,0.4422027603632456,0.1361775315498792,0.2126483671484735,-166.8149489727747,363.6298979455494,414.1894683674643
2026-06-01T21:57:40,21,12,210012,"ARX(2,2)",-165.74187130555617,361.48374261111235,412.0433130330273,True,0,0.5774041841851182,0.0015789755423658,0.8266644833669914,0.2909099701193876,0.1782192064785011,5.305321807114126e-14,0.951450032568232,0.4634852788593074,0.1739281168569653,0.5711352026660763,0.1060825480670159,0.203706935774116,0.4798705660275671,0.1449467209628678,0.1386942903152827,-165.74187129016715,361.4837425803343,412.0433130022493
2026-06-01T22:01:18,21,13,210013,"ARX(2,2)",-165.8666366072085,361.733273214417,412.29284363633195,True,0,0.1330170160938263,0.0614554524301708,0.9067062922505956,0.3355909028450892,0.1075323193523879,0.0011989621037182,0.840584827375498,0.4151378944075449,0.2298898300475516,0.5132476528941454,0.0689149948082934,0.1984155508547891,0.3440419684002689,0.1611831675464936,0.2971665864088973,-165.86663656394046,361.7332731278809,412.2928435497959
2026-06-01T22:04:49,21,14,210014,"ARX(2,2)",-165.88867944994553,361.77735889989106,412.336929321806,True,0,0.0897360286422543,0.0542755704909379,0.928719448920256,0.5444937781100067,0.0153601825215687,0.0331202485634857,0.835124855707531,0.0248066452427076,0.2782640550878286,0.5331141580130339,0.1552575288020408,0.155184748611192,0.2508301085611413,0.1400150591420702,0.3564490701380975,-165.88867865719354,361.7773573143871,412.336927736302
2026-06-01T22:07:28,21,15,210015,"ARX(2,2)",-165.71992368794648,361.43984737589295,411.9994177978079,True,0,0.5404757324333298,4.107675165386302e-06,0.8339332181160343,0.2697741805154103,0.1708191302462452,4.977324861034947e-06,0.9781078061110988,0.4823351964258673,0.1760803579162131,0.568547407840677,0.1079432059353498,0.2085208905463847,0.4603097901350193,0.1446397220284364,0.1522844450479317,-165.71992368818616,361.4398473763723,411.99941779828725
2026-06-01T22:09:27,21,16,210016,"ARX(2,2)",-166.07199926213644,362.1439985242729,412.70356894618783,True,0,1.0699174837381602,2.3197350461431663e-05,0.7604402977763766,0.2133430218164726,0.2915780117520055,2.589593893440127e-12,0.897742280355047,0.6754949366672603,0.1478656782028901,0.6551567919339346,0.1236986306575531,0.199488831925159,0.4145197477459527,0.1628854263399346,0.1614747674703256,-166.07199926230174,362.1439985246035,412.7035689465184
2026-06-01T22:12:47,21,17,210017,"ARX(2,2)",-165.7182427237052,361.4364854474104,411.99605586932535,True,0,0.5471178795652033,1.1458576844451748e-05,0.8313116789083063,0.2703000950800365,0.1748371341277878,5.1090152381734095e-15,0.9704148488918845,0.4889608527067576,0.176181285811494,0.5651314679441085,0.1071324547923596,0.2079330565455822,0.4678759323855135,0.1437131591900868,0.146622730119344,-165.71824272812415,361.4364854562483,411.9960558781633
2026-06-01T22:15:37,21,18,210018,"ARX(2,2)",-165.72044295877032,361.44088591754064,412.0004563394556,True,0,0.5526147646927511,0.0005117216102421,0.8293799035214652,0.2681668869318362,0.1763535978881419,0.0,0.9766847258219876,0.4859158844319954,0.1765416580185416,0.5615225486373541,0.1070358549457045,0.2058368722810379,0.4746595448938988,0.1442035236195571,0.1416514999900244,-165.72044294861564,361.4408858972313,412.0004563191462
2026-06-01T22:21:02,21,19,210019,"ARX(2,2)",-165.84150133864745,361.6830026772949,412.24257309920984,True,0,0.1338099451108554,0.062643923140756,0.9048790981821996,0.3118667245792753,0.1150042864014899,2.3077071543293e-19,0.8366997683926609,0.4649582121429592,0.2293679437583569,0.5240895520133336,0.0700311858545989,0.2024198178383675,0.3022285605717623,0.1638689627889097,0.3288650186447238,-165.8415013386677,361.6830026773354,412.2425730992504
2026-06-01T22:24:34,21,20,210020,"ARX(2,2)",-165.75402755803475,361.5080551160695,412.06762553798444,True,0,0.5321207869809734,0.0042585367836585,0.8360836435215416,0.2850678121066399,0.1684441519941547,0.0,0.9313856642340026,0.4897908896857593,0.1747056897406323,0.5714198168310656,0.1038236862229321,0.212857701708786,0.4352945452439235,0.1443298579471012,0.173889948084746,-165.75402756609958,361.5080551321992,412.0676255541141
2026-06-01T22:27:42,21,21,210021,"ARX(2,2)",-165.72269950975112,361.44539901950225,412.0049694414172,True,0,0.537202389358069,3.714471543484015e-05,0.8321154885306449,0.2663145859290466,0.1729293382714957,3.4382590028687533e-13,0.9813352608940036,0.4859588088355949,0.1780756565530874,0.5648873475078002,0.1057103515935274,0.2061921002799165,0.4969477941075131,0.1400014015447133,0.1258524331732219,-165.72269950932136,361.4453990186427,412.00496944055766
2026-06-01T22:32:02,21,22,210022,"ARX(2,2)",-165.78335362260202,361.56670724520404,412.126277667119,True,0,0.7131521690195096,3.400569132399269e-05,0.8030433449103764,0.257074062995611,0.2111567029394136,3.4329975147978517e-15,0.9564276872987296,0.529345902073284,0.166380178734307,0.5882369265747293,0.112297120934708,0.2034709434049816,0.4689683269339788,0.1463305620320389,0.1398531725309684,-165.7833536218453,361.5667072436905,412.1262776656055
2026-06-01T22:34:06,21,23,210023,"ARX(2,2)",-165.84985176429348,361.69970352858695,412.2592739505019,True,0,0.736748759813475,1.2644465809037844e-05,0.8011582858528069,0.2372158059608853,0.2087696139763689,4.0928754958568996e-13,1.0173725391090829,0.5081666260335644,0.1654439665557898,0.5645137552791683,0.1181634908120251,0.2008783358569749,0.4189921200883352,0.1475424337025012,0.1843618929808373,-165.84985176373294,361.6997035274659,412.2592739493808
2026-06-01T22:37:38,21,24,210024,"ARX(2,2)",-165.7200367347813,361.4400734695626,411.99964389147755,True,0,0.5767802718581723,3.447324175171306e-05,0.8258338434104061,0.2671543522679791,0.1815496474981307,8.744536516601123e-10,0.9689495983565702,0.4966676661581578,0.1741615691996301,0.5689854321147699,0.1077330808417312,0.2066858831465993,0.4673089703018294,0.1455066689904311,0.1453398032761638,-165.72003674053406,361.4400734810681,411.9996439029831
2026-06-01T22:39:49,21,25,210025,"ARX(2,2)",-166.29562921924486,362.5912584384897,413.15082886040466,True,0,0.4054337305138406,0.0310247699477369,0.8618478820338131,0.4034079622763726,0.1225963173477743,4.825382440222554e-23,1.0023193318490389,0.1383847088099239,0.1918528279816525,0.6322032021563713,0.08608943661918,0.2269477713416922,0.5617432149504582,0.0978695959886361,0.1053549819482468,-166.2956292193013,362.5912584386026,413.1508288605176
2026-06-01T22:42:17,21,26,210026,"ARX(2,2)",-165.72265758031614,361.4453151606323,412.0048855825472,True,0,0.5389527485586748,0.0004794127706426,0.8319462226822417,0.2668809201565565,0.1738006846397656,1.0569749357097157e-12,0.9651319110930509,0.5001282807608624,0.1775409843095424,0.5675891628604064,0.1059811786496199,0.2080773584141085,0.4675515125230803,0.1440995820343416,0.1471936505010485,-165.72265757677252,361.445315153545,412.00488557546
2026-06-01T22:45:30,21,27,210027,"ARX(2,2)",-165.79417036864822,361.58834073729645,412.1479111592114,True,0,0.689128949267441,1.0771356738541209e-06,0.8053392705768962,0.2318340975696917,0.2087563009822885,1.2192654162804884e-07,0.9959263834741816,0.5404029042164538,0.1686273740529967,0.5787561757180997,0.112322791932488,0.207202912408224,0.4881733537877813,0.1444375352767621,0.1196869505724018,-165.79417036682352,361.58834073364704,412.147911155562
2026-06-01T22:47:34,21,28,210028,"ARX(2,2)",-165.74976843023546,361.4995368604709,412.05910728238587,True,0,0.6397744171504801,2.4212808478910387e-05,0.8134831048390413,0.2560493753969317,0.2021085491041468,1.4283501719807492e-09,0.9544941966645948,0.5333519376028082,0.1710925624157545,0.587221342872704,0.1084787742161025,0.2064568412425237,0.4796604329071665,0.1488910442433129,0.1291547998633067,-165.74976842948797,361.499536858976,412.0591072808909
2026-06-01T22:51:42,21,29,210029,"ARX(2,2)",-165.49010517902136,360.9802103580427,411.53978077995765,True,0,0.0445011998900723,0.0339250338127322,0.948714213654811,0.5974024687611096,0.0088764298532241,0.0228506935881032,0.7074854110064462,0.0609053567520346,0.3892475818670219,0.6203004235288477,0.1674034659651326,0.1818266416135421,0.1541117493086038,0.1437079499582617,0.4205867434611584,-165.4901051790408,360.9802103580816,411.5397807799965
2026-06-01T22:55:18,21,30,210030,"ARX(2,2)",-165.76165073821284,361.5233014764257,412.0828718983406,True,0,0.0693700017360893,0.0491837569186156,0.938037104223466,0.5751824637597787,0.0136727417618797,0.0236433055246382,0.7543544006252916,0.0444175392117843,0.3116332813484746,0.5836430443188317,0.1328102298141042,0.1693880823930928,0.2119057480012927,0.1473750182267291,0.398775142030392,-165.76165074655802,361.523301493116,412.082871915031
2026-06-01T22:59:45,21,31,210031,"ARX(2,2)",-165.71938335314843,361.43876670629686,411.9983371282118,True,0,0.5454736328710845,0.0002315959761681,0.8326331787220907,0.2671442942763966,0.1744425474791952,1.5408815503206377e-15,0.9751725322189632,0.4900436307802083,0.1755481317493631,0.5708957919021628,0.1076783605558235,0.2085644630258343,0.4700222070251447,0.1433875741748302,0.1442173200604393,-165.71938335172754,361.4387667034551,411.99833712537
2026-06-01T23:02:19,21,32,210032,"ARX(2,2)",-165.67835455400547,361.35670910801093,411.9162795299259,True,0,0.077815867298982,0.0438811505238541,0.933372277088254,0.5939247711601905,0.0140499352125652,0.0327144119245959,0.7651088816615963,2.6507688911606165e-19,0.2920324008592898,0.5952394339338926,0.1474949702937439,0.1388370065881847,0.3073108445003296,0.1453595194459848,0.3198120874411443,-165.67835455566768,361.35670911133536,411.9162795332503
2026-06-01T23:04:33,21,33,210033,"ARX(2,2)",-165.99954191919096,361.9990838383819,412.55865426029686,True,0,0.6967962568501207,0.0003173718333761,0.8054179618584753,0.1714042373554005,0.2221185551270263,2.5554252754636216e-17,1.0122093311381903,0.6441641567920953,0.1657421486547033,0.6009896182830058,0.1183735829056913,0.2149605177307898,0.4330870322850719,0.143354738784375,0.157930223772652,-165.99954191966998,361.99908383934,412.5586542612549
2026-06-01T23:08:55,21,34,210034,"ARX(2,2)",-165.8408243274454,361.6816486548908,412.24121907680575,True,0,0.1333525241883437,0.0622994900700389,0.905057508923936,0.3111769202085299,0.1148624598054426,1.0892424882929257e-13,0.8325870630644892,0.47047927122586,0.2294234604791514,0.5248766508873786,0.0698523518363234,0.2027653450252823,0.3071563707244263,0.1646856328726729,0.3230203034430315,-165.84082432600127,361.68164865200254,412.2412190739175
2026-06-01T23:11:09,21,35,210035,"ARX(2,2)",-166.01190411320772,362.02380822641544,412.5833786483304,True,0,0.9128280291542084,1.939814227373865e-05,0.7852563040665594,0.2148564528018795,0.2540480798975987,4.615432538443521e-10,0.913250243086024,0.6569729169429723,0.150706010729805,0.667552623432731,0.117783378182486,0.2038700463794241,0.382289776021356,0.1655444965549833,0.1935713430224213,-166.0119041103094,362.0238082206188,412.5833786425337
2026-06-01T23:13:08,21,36,210036,"ARX(2,2)",-165.72200785422262,361.44401570844525,412.0035861303602,True,0,0.5405324165872832,0.000480656318934,0.8326268224025615,0.2709754790325171,0.173199144169495,9.956200272218478e-05,0.968720867399012,0.4883379560577778,0.1764209950363172,0.5656380792507755,0.105683359989336,0.2078771844552821,0.4753393757006527,0.1422826489889726,0.1427553551891982,-165.72200785540443,361.44401571080886,412.0035861327238
2026-06-01T23:20:13,21,37,210037,"ARX(2,2)",-166.29517095565922,362.59034191131843,413.1499123332334,True,0,0.3956131511314393,0.0317902556016794,0.8636077934845763,0.4102797108205319,0.1192079492666224,3.45651324242181e-06,0.9972761507028794,0.1291483588197893,0.1933872088991345,0.6297476651154503,0.0847200128526428,0.2265943040573488,0.5708367237976087,0.0952180575704423,0.1009156660346468,-166.29517095557554,362.5903419111511,413.149912333066
2026-06-01T23:24:01,21,38,210038,"ARX(2,2)",-165.80144513555376,361.6028902711075,412.16246069302247,True,0,0.6556346667488289,0.0074468233879815,0.8134912316826963,0.2927511133431306,0.1932277208857087,3.196362794517016e-14,0.9291947974607078,0.4684393850139099,0.1693583769213436,0.58413037460371,0.109087390456401,0.2013656311250665,0.4583832561043273,0.1488300322758702,0.1530745007354474,-165.80144514244893,361.60289028489785,412.1624607068128
2026-06-01T23:29:05,21,39,210039,"ARX(2,2)",-165.8674493495986,361.7348986991972,412.2944691211121,True,0,0.2544304689265612,0.0332838053017387,0.8780199650844946,0.267577053882967,0.1567315521051344,8.859062669121199e-16,0.8632417025638868,0.5512406048715739,0.1930075155639783,0.5508293858094947,0.083625479734541,0.2025815175438378,0.3694746834030263,0.1522228806210295,0.2660821483024837,-165.8674493501251,361.7348987002502,412.29446912216514
2026-06-01T23:31:48,21,40,210040,"ARX(2,2)",-165.7445949213489,361.4891898426978,412.0487602646127,True,0,0.6409247430245981,1.750329735957669e-05,0.8142095753461329,0.2561564019314435,0.1958548113789685,5.263767274606061e-15,0.9858438002053366,0.5018045788676906,0.170522411740933,0.571397261128246,0.1105242092721893,0.2049686484162762,0.471215838221626,0.1429613685905961,0.1420068225940499,-165.74459492279772,361.4891898455954,412.0487602675104
2026-06-01T21:36:48,22,1,220001,"ARX(2,2)",-166.29506944256735,362.5901388851347,413.14970930704965,True,0,0.3963914996961505,0.0315087718832315,0.8639380339224363,0.4079093144389116,0.1194876520243095,1.5850577546796652e-18,0.9975448178924292,0.134084516677497,0.1926436092374912,0.6279614598665589,0.0848463181124123,0.2265358254313944,0.5674191236803694,0.096676584230204,0.1027961813141023,-166.29506944319704,362.5901388863941,413.149709308309
2026-06-01T21:41:20,22,2,220002,"ARX(2,2)",-165.72488018851033,361.44976037702065,412.0093307989356,True,0,0.5506366874585329,0.0011169760660868,0.830695842742742,0.2755361390763903,0.1744837260980453,6.178590800770815e-06,0.9739105174030186,0.4729234625938449,0.1757902081575007,0.5675655885085767,0.106501627961086,0.2052820776625447,0.4819735075773801,0.1410688399111676,0.1391365953618444,-165.72488018926498,361.44976037853,412.0093308004449
2026-06-01T21:45:47,22,3,220003,"ARX(2,2)",-165.7448998245177,361.4897996490354,412.0493700709503,True,0,0.638387373865747,0.0005877326180045,0.8143368086506249,0.2598191215952347,0.1968357315598799,2.4521606778134713e-14,0.9737577263793672,0.5053076223501232,0.1712241437876677,0.5838881272574264,0.1092045393880625,0.2033160544515423,0.4907382656815449,0.1447643463776994,0.1254487778662597,-165.74489982501683,361.48979965003366,412.0493700719486
2026-06-01T21:48:34,22,4,220004,"ARX(2,2)",-165.7363853968676,361.4727707937352,412.03234121565015,True,0,0.5126852895179891,0.0005046938265186,0.8406682110936389,0.2754187450322314,0.162921036834914,3.793287670245369e-12,0.9694432739070292,0.4786869799850561,0.1760382682663515,0.550925177022546,0.1066623836524436,0.2082344658622161,0.4379112689605796,0.1442158477863143,0.1755713210768213,-165.7363853980661,361.4727707961322,412.0323412180471
2026-06-01T21:50:10,22,5,220005,"ARX(2,2)",-165.81733348342237,361.63466696684475,412.1942373887597,True,0,0.7442039896220897,1.660815896767131e-05,0.7973829870696281,0.2420884753210983,0.2227650438412895,1.269622615655696e-21,0.9608974103272732,0.5548849280171824,0.1650457892474364,0.6030907328443326,0.1153119016200969,0.2019974468093485,0.4944938352531585,0.1474317021234656,0.1108571493644515,-165.81733348210685,361.6346669642137,412.19423738612863
2026-06-01T21:54:27,22,6,220006,"ARX(2,2)",-165.73131435042706,361.4626287008541,412.02219912276905,True,0,0.5113491083907603,4.654127033102384e-05,0.8385970291541069,0.281586289128971,0.1626457484261036,4.4338840094596093e-13,0.9766687072314332,0.4600667388186134,0.1791505145906356,0.5478008459764381,0.1056625407820512,0.205108898643918,0.4806360035727499,0.1395841064417595,0.1439444286485478,-165.73131435824286,361.4626287164857,412.0221991384007
2026-06-01T21:56:33,22,7,220007,"ARX(2,2)",-165.71967895318934,361.4393579063787,411.99892832829363,True,0,0.5701819774098544,7.311350266836676e-05,0.8278976146764411,0.2646148010989158,0.1806625923896699,1.6206103703585714e-07,0.9737277285100708,0.4968833980752842,0.1739845997776488,0.5714671825577697,0.1079180738400061,0.20727777782147,0.467586157811673,0.1446996619913685,0.1459210445125897,-165.71967867659026,361.4393573531805,411.99892777509547
2026-06-01T22:00:32,22,8,220008,"ARX(2,2)",-165.71989070755964,361.4397814151193,411.9993518370342,True,0,0.5447243265880982,0.0003547674959454,0.832615316107448,0.2720436026513776,0.173218661906343,2.297653131777418e-16,0.968330752891342,0.4868639481796276,0.1758109842202608,0.5649335304610456,0.1063026757270257,0.2072848506143068,0.4788138636771591,0.1424004470905136,0.1390591174989332,-165.71989075862126,361.4397815172425,411.9993519391575
2026-06-01T22:02:53,22,9,220009,"ARX(2,2)",-165.72707612399654,361.4541522479931,412.013722669908,True,0,0.5708818378609317,5.654032561474784e-05,0.8275848019497563,0.2543775032640059,0.1812992964502747,5.681508967491392e-14,0.9757761547111,0.515340288482378,0.1737792064530363,0.571132935856681,0.1089517262367406,0.2075439295193879,0.4503907402958929,0.1450919863007859,0.1597125438464645,-165.72707612176347,361.45415224352695,412.0137226654419
2026-06-01T22:04:37,22,10,220010,"ARX(2,2)",-165.72196655852963,361.44393311705926,412.0035035389742,True,0,0.5365243034049306,0.000134405671999,0.8336478635120306,0.2694937883671313,0.1724547877924079,5.695190706521071e-06,0.961457427651492,0.4992709161955862,0.176278151375124,0.5644013027701688,0.1057206944722003,0.2099378951819117,0.4621665189248926,0.1443769148003891,0.1504965784805627,-165.72196655959925,361.4439331191985,412.0035035411135
2026-06-01T22:11:19,22,11,220011,"ARX(2,2)",-165.84078079229153,361.68156158458305,412.241132006498,True,0,0.1333095368994436,0.0623039766316524,0.9050573611477674,0.3125163662572188,0.1147852839764236,1.2464694023850962e-19,0.8317803828708763,0.4686780248142641,0.2296361413683142,0.5252521441623257,0.0698209564414433,0.2027104023334536,0.3067286109140338,0.164821706755522,0.3233749425337895,-165.84078079128437,361.6815615825687,412.2411320044836
2026-06-01T22:13:24,22,12,220012,"ARX(2,2)",-165.81534420433752,361.63068840867504,412.19025883059,True,0,0.7515735077049557,0.001742805340577,0.7987977170562611,0.2570610448716821,0.210176698337456,3.55573651564435e-18,0.9587387911078696,0.5235702944722191,0.1641534488891559,0.5751020422487979,0.1118687535868705,0.1990771195806147,0.4779129498857646,0.1499173872317235,0.1311941817183243,-165.81534420216957,361.6306884043392,412.1902588262541
2026-06-01T22:16:22,22,13,220013,"ARX(2,2)",-165.7210304243942,361.4420608487884,412.00163127070334,True,0,0.5280464622899141,5.083606021071241e-05,0.8348759148876859,0.2713720960850227,0.1693350582830188,3.5555955194004494e-11,0.9792241258357376,0.4779272279633718,0.1779262111907403,0.5617082645584099,0.1057314486892964,0.2073891674856298,0.4870644724156264,0.1409779069222239,0.1336818738216169,-165.72103042448245,361.4420608489649,412.00163127087984
2026-06-01T22:19:14,22,14,220014,"ARX(2,2)",-165.7217631506327,361.4435263012654,412.00309672318036,True,0,0.5279460085041515,5.517895150027711e-05,0.8356911684367636,0.2683300683085537,0.1700615877083139,3.904754336156628e-17,0.9793790863315388,0.4838423221636539,0.1771837696951704,0.5711865298469212,0.1072096881642899,0.2067014084626086,0.4752567197212375,0.1438560956281463,0.1412264764037974,-165.72176315035472,361.44352630070944,412.0030967226244
2026-06-01T22:21:40,22,15,220015,"ARX(2,2)",-165.7215555563605,361.443111112721,412.00268153463594,True,0,0.5791159151785074,4.880596086709747e-05,0.826048243251734,0.2685860307234472,0.180942315854801,1.0565071416595464e-18,0.9793372790671192,0.4833860194903652,0.173914581122386,0.5705501055773402,0.1080656372327978,0.2077475173905447,0.4732033532498878,0.142501043657211,0.1420754237587456,-165.72155555259673,361.4431111051935,412.0026815271084
2026-06-01T22:24:51,22,16,220016,"ARX(2,2)",-165.7439706121217,361.4879412242434,412.04751164615834,True,0,0.6238216672736966,0.0001898038743857,0.8205140222195719,0.2641217175403283,0.1880719735757795,3.5425328093295143e-13,0.968177895141441,0.503161415008047,0.1693748751555202,0.5745080778660312,0.1103864433991187,0.2053806501798098,0.4313565208279874,0.1471520665376278,0.1767088646239684,-165.74397061424202,361.487941228484,412.047511650399
2026-06-01T22:27:19,22,17,220017,"ARX(2,2)",-165.71953420237875,361.4390684047575,411.99863882667245,True,0,0.5443924482935398,0.0001691030614877,0.8325430652946861,0.2743260088852877,0.1730280541365978,1.192437068588904e-15,0.970362623448123,0.4806319276239186,0.1758461679830388,0.5618529420258179,0.1064942511829909,0.2072752941261929,0.469405529410439,0.1443949675118953,0.1459695162136308,-165.71953418381008,361.43906836762017,411.9986387895351
2026-06-01T22:30:04,22,18,220018,"ARX(2,2)",-165.73204546216402,361.46409092432805,412.023661346243,True,0,0.5751944514262846,0.0004346572003861,0.8268944303924955,0.2761875942686798,0.1806081297661913,1.9106676453545508e-11,0.9631498702186162,0.4835238580338077,0.1739440867533616,0.5879065724356111,0.107635690807651,0.2044395292930594,0.4564465194759781,0.1459889060868925,0.1579982066938218,-165.73204546242886,361.4640909248577,412.0236613467727
2026-06-01T22:32:27,22,19,220019,"ARX(2,2)",-165.72378242435502,361.44756484871004,412.007135270625,True,0,0.5515145037954678,0.0001847834861737,0.8305644802313242,0.2801852471768717,0.1736715847365064,5.0028899651903856e-15,0.9657181162431362,0.4735420514034275,0.1761719399812847,0.5653081108338712,0.1049902957121593,0.2056023619151124,0.4901292359471425,0.1430858768223487,0.1307408685533007,-165.7237824327109,361.4475648654218,412.0071352873367
2026-06-01T22:35:55,22,20,220020,"ARX(2,2)",-165.47177586475874,360.9435517295175,411.5031221514324,True,0,0.0716277399447696,0.0495863657470566,0.9370445859396072,0.5719357052433768,8.0997577993150995e-19,0.0253464432239922,0.8116564726437582,2.159567100025654e-21,0.3374910600195852,0.5446430115443593,0.1529908325658832,0.1829595008375272,0.3218101661077852,0.0753845042983705,0.3302755905927867,-165.47177586486623,360.94355172973246,411.5031221516474
2026-06-01T22:38:53,22,21,220021,"ARX(2,2)",-165.78286668169295,361.5657333633859,412.12530378530084,True,0,0.4718069636331787,0.0009038013978443,0.8498152347061144,0.2757043495786606,0.1454794130954521,7.215354137584441e-07,1.0195454831411324,0.4274495637985557,0.1800723085127185,0.5285350303556327,0.1046171934286628,0.2064325499179833,0.4602491968007767,0.1315602770825471,0.1739007935055707,-165.78286654524962,361.5657330904992,412.1253035124142
2026-06-01T22:40:52,22,22,220022,"ARX(2,2)",-165.72278721763098,361.44557443526196,412.0051448571769,True,0,0.5778176922731214,0.0002505257805476,0.8259363185176782,0.263749210887347,0.1834062571031394,6.506553414548283e-12,0.965788036711561,0.5061581427299238,0.1737888840275839,0.5784308742003315,0.1086524274701906,0.2072441217399308,0.4666037231543979,0.1467840435784281,0.1431182873659974,-165.72278720846924,361.4455744169385,412.0051448388534
2026-06-01T22:42:19,22,23,220023,"ARX(2,2)",-165.73783114416895,361.4756622883379,412.03523271025284,True,0,0.5915800231412421,0.0015245079264319,0.823048613400519,0.251286727227105,0.1884057235490738,2.097151251925719e-12,0.9852549669260998,0.5087708863593152,0.1734127763076448,0.586001988706872,0.1099441123146913,0.2075838008993651,0.4736701458785231,0.1432032553022035,0.1387984220345038,-165.73783114184286,361.4756622836857,412.0352327056007
2026-06-01T22:46:41,22,24,220024,"ARX(2,2)",-165.72322419414212,361.44644838828424,412.0060188101992,True,0,0.5814980678772392,3.823088466531975e-05,0.8243644193158713,0.2673158073579042,0.1824322679100204,3.202734198484227e-13,0.9705705339463072,0.4947157790847908,0.1746290044257913,0.5703638659181506,0.1085951791940417,0.2106831736594245,0.4782632603662721,0.1443577196794536,0.1308148737749474,-165.72322419353236,361.4464483870647,412.00601880897966
2026-06-01T22:49:15,22,25,220025,"ARX(2,2)",-165.7329482889895,361.465896577979,412.0254669998939,True,0,0.6092952897478104,5.255234396524612e-06,0.8206864861422926,0.2548552015110248,0.1906628309840876,0.0,0.9689656844401632,0.5213121335522772,0.1715142606152919,0.5801665826710052,0.1092949193698892,0.2064020581894484,0.4560420921723161,0.1469550625160593,0.1533080642094744,-165.73294828839846,361.4658965767969,412.0254669987119
2026-06-01T22:52:40,22,26,220026,"ARX(2,2)",-165.7255999423389,361.4511998846778,412.01077030659275,True,0,0.5387665997328803,2.560879370606753e-05,0.8330235200610078,0.2755392296077563,0.1695995380839536,8.272658776156791e-12,0.9804233121436876,0.4684467955508219,0.1773685940182321,0.5474715296368279,0.1078054117886713,0.2101634111276934,0.4818142329794357,0.1408078213429563,0.1338815733654531,-165.72559994255124,361.4511998851025,412.0107703070174
2026-06-01T22:54:55,22,27,220027,"ARX(2,2)",-165.72009671334988,361.44019342669975,411.9997638486147,True,0,0.5746431141317447,3.560195299164571e-05,0.8269713025924466,0.2683967906137847,0.1802999278021692,4.475440648611451e-09,0.9657675369856484,0.4973622841453485,0.1738305831700937,0.5708580815774509,0.1080479789452817,0.2078112409358565,0.4712613704851099,0.1453527435652802,0.1405351735653763,-165.72009671143786,361.4401934228757,411.99976384479066
2026-06-01T22:57:53,22,28,220028,"ARX(2,2)",-165.71891396202426,361.4378279240485,411.99739834596346,True,0,0.5507168440222887,1.9050466566981524e-05,0.8306242733860202,0.2728340458857951,0.1743024812543906,1.1481616623641801e-18,0.9670151215038156,0.4872772348886395,0.1761354037421749,0.565790709399609,0.1066576267817396,0.206077714797368,0.4724788776870274,0.1441357876914474,0.1436658947508934,-165.71891396136323,361.43782792272646,411.9973983446414
2026-06-01T23:00:59,22,29,220029,"ARX(2,2)",-165.7257233653121,361.4514467306242,412.0110171525391,True,0,0.5936319068849767,0.0005256817172684,0.8233601899006564,0.2615530677124481,0.1839524548812976,8.90414892785367e-13,0.9762912567557672,0.4994744856669919,0.1732958743951285,0.5742746089574113,0.1094697376214965,0.204845658240964,0.4794871080423574,0.1442861848214748,0.1351053468341016,-165.72572336474218,361.4514467294844,412.0110171513993
2026-06-01T23:02:49,22,30,220030,"ARX(2,2)",-165.73295959565633,361.46591919131265,412.0254896132276,True,0,0.5792719121382,2.125681538726009e-05,0.8245570141669487,0.2665628168072744,0.180067316530381,1.3408730495525782e-13,1.0039255603407546,0.4629048056719099,0.1758470363985275,0.5619816866638636,0.1076117244577611,0.2033446842570452,0.5027500968698798,0.1373700616954623,0.1250915991900715,-165.7329595955418,361.4659191910836,412.0254896129985
2026-06-01T23:07:04,22,31,220031,"ARX(2,2)",-165.67714095058506,361.3542819011701,411.91385232308505,True,0,0.0765059838164659,0.0442937713345093,0.9342358461448496,0.5902598254416239,0.0134822432537077,0.0325110003757596,0.772386413599738,2.7621407767391934e-19,0.2934259432670374,0.5955836667819097,0.1490253309388996,0.1361437387282603,0.3175932642920849,0.1446232261498611,0.3123034603338438,-165.67714095461093,361.35428190922187,411.9138523311368
2026-06-01T23:09:58,22,32,220032,"ARX(2,2)",-165.7233783645782,361.4467567291564,412.00632715107133,True,0,0.5444848434932641,0.0003431637208677,0.8330411265005129,0.2800149619205366,0.1703126635613054,1.4321603163173854e-07,0.9644351454720064,0.4748347175351959,0.1757646311248566,0.5609826112391125,0.1062687460807064,0.2084457254075118,0.4677635350931658,0.1426516713780743,0.1481256991232137,-165.72337836319176,361.4467567263835,412.00632714829845
2026-06-01T23:13:19,22,33,220033,"ARX(2,2)",-165.80825403549926,361.6165080709985,412.17607849291346,True,0,0.6861961661796487,0.0005732735504393,0.8096911338755579,0.2376207244623905,0.2106900328232449,0.0,0.9301751508760476,0.5931786654853859,0.1643907333585845,0.6015836885857693,0.1131148370443665,0.2140664393256984,0.4235877487482707,0.155520194519867,0.161047562819127,-165.80825404527462,361.6165080905493,412.1760785124642
2026-06-01T23:18:08,22,34,220034,"ARX(2,2)",-166.68670236876235,363.3734047375247,413.93297515943965,True,0,2.8392196242740275,0.0557742475189514,0.0003983764160137,0.5668572386989928,1.992000494177885e-07,0.4464297574309026,0.8239857289325899,3.0342427710696762e-21,0.2071291327935821,0.4445380676095885,0.1020312090872661,0.2143355232275797,0.4940129139197349,0.053028433510331,0.2040452807808594,-166.6867023682104,363.3734047364208,413.93297515833575
2026-06-01T23:22:02,22,35,220035,"ARX(2,2)",-165.72562370239686,361.4512474047937,412.01081782670866,True,0,0.5841798927381237,0.0011752888511977,0.8258594876359736,0.2686289689241891,0.1804745147676467,5.045675826988997e-07,0.975946342623494,0.4843105006695976,0.173340439853433,0.5745874072778269,0.1074076605982964,0.2051099570608754,0.4704228547722165,0.1434739578549082,0.1474039421735611,-165.72562369647733,361.45124739295466,412.0108178148696
2026-06-01T23:24:10,22,36,220036,"ARX(2,2)",-165.72334821143426,361.4466964228685,412.00626684478345,True,0,0.5376616299819018,8.643638650193759e-05,0.834168771423538,0.267918063515899,0.1704007012098764,3.021275396706853e-09,0.9759455105836352,0.4880431662460506,0.1758211591451299,0.5518733592960059,0.1069063113086537,0.2071037331804287,0.464314336796694,0.1421785981754039,0.1524889055631028,-165.72334824383628,361.44669648767257,412.0062669095875
2026-06-01T23:26:05,22,37,220037,"ARX(2,2)",-165.73715969414008,361.47431938828015,412.0338898101951,True,0,0.5963151163664238,1.1786483531612962e-05,0.8214917817470904,0.2590340727492014,0.187984921899508,8.856548817757292e-12,0.988912439381764,0.4929927957898545,0.1745643823035153,0.5857966809617646,0.1105158272793554,0.2050620527775594,0.4988436629247096,0.1436304125054301,0.1170259593639571,-165.7371596921008,361.4743193842016,412.0338898061165
2026-06-01T23:28:35,22,38,220038,"ARX(2,2)",-165.7279913318239,361.4559826636478,412.0155530855627,True,0,0.5607445590773861,0.0009972441991482,0.8316972302439151,0.2685953171489513,0.1770548135830368,2.4328916712097248e-11,0.954660037688045,0.5060349149245029,0.1723251513841117,0.5708978089182258,0.1085673603796427,0.2069258077924589,0.4486637660254912,0.1471608598254597,0.1603446655236881,-165.72799135860726,361.4559827172145,412.0155531391295
2026-06-01T23:31:36,22,39,220039,"ARX(2,2)",-165.8198231435393,361.6396462870786,412.19921670899356,True,0,0.5803510992334511,0.0011269824321921,0.8259832128369782,0.2394929569219337,0.1773186412672701,4.149259242279687e-06,1.0072500805540825,0.5115896237291561,0.1731363316959464,0.5142923660909253,0.1051054550687398,0.2105593608824922,0.4706575141917507,0.1411070474540744,0.144910247067749,-165.81982313427574,361.6396462685515,412.1992166904664
2026-06-01T23:33:23,22,40,220040,"ARX(2,2)",-165.71949449046593,361.43898898093187,411.9985594028468,True,0,0.5721809225541491,4.446416757155402e-05,0.8275840768069367,0.2651827930720811,0.1790789004813865,2.9664261522789967e-10,0.975216536794272,0.4943227823666631,0.1740781928266822,0.5661258219810129,0.1082100126161154,0.207616483699852,0.4660471779468103,0.1446887041350934,0.1465546944891456,-165.71949449088612,361.4389889817722,411.9985594036872
2026-06-01T21:19:02,23,1,230001,"ARX(2,2)",-165.75535873970307,361.51071747940614,412.0702879013211,True,0,0.6505441100346813,0.0001250185052921,0.8135659823380427,0.252842891032859,0.2008206556772672,3.069926166713564e-12,0.9633077285101928,0.5307131517823778,0.1693329531008956,0.5945917122246666,0.1123712659295826,0.2079980816234485,0.4473570909185426,0.1482114408352898,0.1549637388174485,-165.75535873932898,361.510717478658,412.0702879005729
2026-06-01T21:21:44,23,2,230002,"ARX(2,2)",-167.93448114301947,365.86896228603894,416.4285327079539,True,0,0.4509322535900072,0.0850037168787087,0.6496249134054353,0.6476275501264669,0.0863840609123157,0.1168914032465849,0.6282339079907256,2.488633742282915e-13,0.2903592516635602,0.4679855014350262,0.0938010109082154,0.1915125899965257,0.4941511312949698,0.1223565695795708,0.1513110880380335,-167.93448114190423,365.86896228380846,416.4285327057234
2026-06-01T21:23:44,23,3,230003,"ARX(2,2)",-165.73735262468128,361.47470524936256,412.0342756712775,True,0,0.6098225838893748,1.6611977889837022e-05,0.8207036994615908,0.2596447971106886,0.1928816112829773,7.140272848883175e-13,0.959294898096537,0.5213771471321087,0.1711078775881337,0.5893902617668719,0.1102238414935861,0.206657460548526,0.4512944005193614,0.1522174630167782,0.1507703217045124,-165.73735262387692,361.4747052477538,412.0342756696688
2026-06-01T21:26:14,23,4,230004,"ARX(2,2)",-165.74443571241645,361.4888714248329,412.04844184674783,True,0,0.5586551447853172,0.0016823662903694,0.8290958214980413,0.2506530720723964,0.1827791710798396,3.6567037152661493e-16,0.994568738436174,0.4998261206209524,0.175285627119943,0.5852255896149005,0.1095010486549339,0.2067230642276671,0.4823421503693939,0.1424396620148233,0.1334944206532814,-165.7444357119458,361.4888714238916,412.04844184580656
2026-06-01T21:28:53,23,5,230005,"ARX(2,2)",-165.77793131055847,361.55586262111694,412.1154330430319,True,0,0.6892663246179724,0.0005717064469013,0.8101645471043042,0.2601643637683851,0.2040605771223277,3.170638417008746e-08,0.9523502914168878,0.5259522188007816,0.1656617221359682,0.597053985683685,0.1131197353905963,0.2083958436200122,0.4442312149956796,0.1502874343528844,0.1538612961287994,-165.7779315730984,361.5558631461968,412.1154335681117
2026-06-01T21:31:36,23,6,230006,"ARX(2,2)",-165.7628946212295,361.525789242459,412.0853596643739,True,0,0.5611247431659238,0.0028893135887066,0.8274348022545504,0.2952948363930552,0.1739159657434962,1.55276300941508e-17,0.970073310073458,0.4335607155535281,0.1780297043672651,0.5631695157496456,0.1098884497449423,0.2067815327838589,0.5042441708712522,0.1428309517888202,0.1109590519211894,-165.76289462003396,361.5257892400679,412.08535966198286
2026-06-01T21:33:55,23,7,230007,"ARX(2,2)",-165.73010696908227,361.46021393816454,412.0197843600795,True,0,0.5870066942760053,1.5674872873085707e-05,0.8253923545326098,0.2699558899624479,0.1818855263311656,8.65247681408047e-19,0.9518386084511642,0.5082163334844048,0.1721663027556843,0.5634286994978849,0.1103742946510837,0.2068144421408623,0.4517608130987877,0.1491116650546438,0.1513812813829019,-165.73010696942868,361.46021393885735,412.0197843607723
2026-06-01T21:36:47,23,8,230008,"ARX(2,2)",-165.76290297873547,361.52580595747094,412.0853763793859,True,0,0.6645977528734354,9.224120175033534e-05,0.8092681170179797,0.2569226699875422,0.2062453186646416,8.14339050113405e-13,0.9426984925276608,0.5432430653429432,0.1692503378825837,0.5923603264536492,0.1105882412575843,0.2048798497433014,0.4789174280099096,0.1495060359738374,0.126624750185753,-165.76290296690564,361.5258059338113,412.0853763557262
2026-06-01T21:39:29,23,9,230009,"ARX(2,2)",-165.72186056176434,361.4437211235287,412.00329154544363,True,0,0.5614510915936742,0.0002580621118637,0.8289174504942315,0.2705889136051398,0.1785290637150901,1.110635537907918e-09,0.9639512509281624,0.4943173040780671,0.1747890191299855,0.57237597715383,0.107677378792094,0.2069413481803388,0.4530331246029384,0.1455597993846928,0.1589905957344487,-165.72186055055545,361.4437211011109,412.0032915230258
2026-06-01T21:41:27,23,10,230010,"ARX(2,2)",-165.71257876744133,361.42515753488266,411.9847279567976,True,0,0.0781263527306628,0.045467454835508,0.9348948957072912,0.5965253119867819,0.0152707673144333,0.0307913505679063,0.7565601537300549,1.0838655129766702e-19,0.2842933629621714,0.5733693902893516,0.1466239401866827,0.1349881275525316,0.3250566886047116,0.1440793435374417,0.3087922783143892,-165.71257875631733,361.42515751263466,411.9847279345496
2026-06-01T21:43:00,23,11,230011,"ARX(2,2)",-166.1415936152709,362.2831872305418,412.8427576524567,True,0,0.0840105737329358,0.0558920711252808,0.9392249542304688,0.5773354046648776,0.0121593439013919,0.0206749669938073,0.7807493768316803,0.0180377852280796,0.278912931116936,0.5012761273301743,0.1328442148340569,0.1574770355403862,0.5379157388705652,0.0800424753362281,0.1619395909374415,-166.14159361562545,362.2831872312509,412.84275765316585
2026-06-01T21:48:17,23,12,230012,"ARX(2,2)",-165.79895059378612,361.59790118757223,412.1574716094872,True,0,0.5437423245385281,6.553815789787576e-05,0.8367096442743616,0.281657696932771,0.1707953135505996,4.93866159295519e-07,0.9738093288176938,0.4627352596101828,0.1724296168155915,0.5614048034915873,0.1089062864215181,0.2163606053657224,0.3679330105931561,0.1578663443223094,0.218782046631084,-165.79895059915677,361.5979011983136,412.1574716202285
2026-06-01T21:52:38,23,13,230013,"ARX(2,2)",-165.86514532961843,361.73029065923686,412.2898610811518,True,0,0.1527305423099608,0.0645630217613492,0.8992389760703404,0.3163616394621845,0.1192814180623993,1.5255688147894417e-05,0.8312179699535754,0.4583513110012163,0.2235778214671077,0.5196448225066066,0.0781982285033646,0.200980879808986,0.3187861943803583,0.1698557006308013,0.2983493245116336,-165.86514527592837,361.7302905518568,412.2898609737717
2026-06-01T21:54:33,23,14,230014,"ARX(2,2)",-165.72612859840956,361.4522571968191,412.01182761873406,True,0,0.5308083689016678,4.160204924238612e-05,0.8346598358938768,0.27325993989442,0.1711440630638453,3.567459348387542e-14,0.9899854112313976,0.4634060078244061,0.177852826310665,0.5718065973018321,0.1070508508382739,0.2097758801958529,0.4821086415473156,0.1399522488071602,0.1369639867616967,-165.7261285983851,361.4522571967702,412.0118276186851
2026-06-01T21:56:19,23,15,230015,"ARX(2,2)",-166.47327168083103,362.94654336166207,413.506113783577,True,0,2.167697046065943,0.049391958726094,1.6637348635268774e-15,0.5767547437188655,7.662552991263001e-09,0.4869691596537013,0.8099942132787902,5.198680960013003e-15,0.2408080037953686,0.4404819194923088,0.0953200983517705,0.2192615054782656,0.5197743131110475,0.0442730563596469,0.189713954723682,-166.47327167622706,362.9465433524541,413.50611377436906
2026-06-01T21:59:58,23,16,230016,"ARX(2,2)",-165.87433087877352,361.74866175754704,412.308232179462,True,0,0.277632243984651,0.0330223224645934,0.8722985887351379,0.2611948175334725,0.1625719145391096,5.0520105282905974e-18,0.8689922362351931,0.5567243750699259,0.190857348749435,0.5608397892386967,0.0879183771564655,0.2031359840785075,0.3690377735525804,0.154251202892623,0.2586662425167007,-165.87433087622037,361.7486617524408,412.3082321743557
2026-06-01T22:01:48,23,17,230017,"ARX(2,2)",-165.7254330736176,361.4508661472352,412.01043656915016,True,0,0.5374768415424422,0.0009337440738903,0.8338348889771414,0.263635055994798,0.1734307411811056,5.924870324903457e-13,0.9736031843069044,0.4971140224302789,0.1761470796150504,0.5792467655510185,0.1060692871891287,0.2062259315651664,0.4674687550690543,0.1439640321401072,0.1502879733583026,-165.7254330767471,361.4508661534942,412.01043657540913
2026-06-01T22:04:23,23,18,230018,"ARX(2,2)",-165.74808777428046,361.4961755485609,412.05574597047587,True,0,0.6073637917033756,0.000348659454342,0.8197978471509788,0.260074148110172,0.1925883928047892,1.1165332993370145e-12,0.932255965016584,0.5468047040211165,0.1718014663596434,0.5803600870177739,0.1098372019146807,0.210968232073348,0.4705520900376965,0.1515890422599181,0.1269268293830625,-165.7480877743385,361.496175548677,412.055745970592
2026-06-01T22:06:24,23,19,230019,"ARX(2,2)",-165.67965317022635,361.3593063404527,411.91887676236763,True,0,0.0790646318631798,0.0441064536164583,0.9327432753135374,0.595429473947237,0.0142338676528135,0.0327901293084502,0.7614603899237145,4.673080801853893e-06,0.2914865544120943,0.5950551017314528,0.1465402064868121,0.1407705181822802,0.3046766267320198,0.1462752648619696,0.3212194982465987,-165.6796531970632,361.3593063941264,411.91887681604135
2026-06-01T22:08:02,23,20,230020,"ARX(2,2)",-165.72955090844115,361.4591018168823,412.01867223879725,True,0,0.5141133650558926,3.1197988557980795e-05,0.8370314269373347,0.2733754041489742,0.1648158852867447,1.5574381529602892e-10,0.9952391543976812,0.4579479743097367,0.1797186707004257,0.5524763534604701,0.1044509526173227,0.2100057137142758,0.4858248815511095,0.1355549593600896,0.1403392545942037,-165.72955085940058,361.4591017188012,412.0186721407161
2026-06-01T22:10:37,23,21,230021,"ARX(2,2)",-165.84082992630022,361.68165985260043,412.2412302745154,True,0,0.1327071391544115,0.0618560422385675,0.9052752398201516,0.3132348830295831,0.1145783887943707,6.76560470259044e-07,0.8332992220384021,0.4660933586161625,0.2298820239649049,0.5263543749200179,0.0694711618879708,0.2025548922356567,0.3087732882407834,0.1641878835749661,0.3227013476952903,-165.84082992702224,361.6816598540445,412.2412302759594
2026-06-01T22:13:16,23,22,230022,"ARX(2,2)",-165.6771308758117,361.3542617516234,411.91383217353837,True,0,0.0765366204257872,0.0443200980053836,0.9342464518844192,0.5902062644141683,0.0135391267215956,0.0324464019190994,0.7724255874117104,0.0,0.2932445148315807,0.5952464895116324,0.1488844471082235,0.1360441841966181,0.3183131763088763,0.1444512472383899,0.3119980514867914,-165.67713087569638,361.3542617513928,411.9138321733077
2026-06-01T22:15:35,23,23,230023,"ARX(2,2)",-165.7311028759313,361.4622057518626,412.02177617377754,True,0,0.5839135027703156,5.3316752818911006e-05,0.8248774327266152,0.2598364379114864,0.1855588444621086,4.558547541733618e-12,0.993019231263489,0.4871888560331087,0.173543619409139,0.5760390090800402,0.1088266310350514,0.208207848824839,0.4520091224574404,0.1433370937809667,0.1614994560881528,-165.7311028765106,361.4622057530212,412.0217761749361
2026-06-01T22:17:59,23,24,230024,"ARX(2,2)",-165.71982868313236,361.4396573662647,411.99922778817967,True,0,0.5572899605487038,0.0006242718383353,0.8301886132814184,0.2712081469682274,0.1754830518868245,1.3622899024903205e-22,0.9728075034458872,0.483479048488847,0.1750946906036737,0.5683953750508244,0.1064437176155597,0.2063633188794223,0.4707936323066071,0.1446629019494909,0.1451954619644427,-165.71982868402614,361.4396573680523,411.9992277899672
2026-06-01T22:21:03,23,25,230025,"ARX(2,2)",-165.74780299790024,361.4956059958005,412.0551764177154,True,0,0.6431095547415884,2.9231607361333554e-05,0.8136579153879658,0.2600729373502117,0.1998723216646421,3.1534053544204517e-16,0.9596033110432952,0.5201841079851317,0.1704931828682455,0.5930342227318739,0.1097929342123604,0.203663142177166,0.4736663894965021,0.1479316410975409,0.1370188242424966,-165.7478029985426,361.4956059970852,412.0551764190001
2026-06-01T22:23:53,23,26,230026,"ARX(2,2)",-165.71959622819003,361.43919245638006,411.998762878295,True,0,0.5584336546145119,0.0004592654518399,0.8296825181711793,0.2707933008881658,0.1765171055324336,9.835720910337031e-17,0.9675625968958246,0.489919559355841,0.175148321245187,0.5663401444712499,0.1068933203541698,0.2072537206300397,0.4691456136449145,0.1443376612925949,0.1456083237135768,-165.71959628349538,361.4391925669908,411.9987629889057
2026-06-01T22:25:56,23,27,230027,"ARX(2,2)",-166.63406165776703,363.26812331553407,413.827693737449,True,0,2.6873458964318324,0.0543350313518924,0.0059009956253605,0.5756793971219282,0.0,0.4761966443348102,0.8069495880332558,1.618065031792205e-06,0.2107566026579778,0.4435906360895709,0.1052669810734123,0.2105024082627578,0.4601325286022271,0.0594122291613734,0.2281393140422239,-166.63406168499972,363.2681233699994,413.8276937919144
2026-06-01T22:28:43,23,28,230028,"ARX(2,2)",-165.72591564384396,361.4518312876879,412.01140170960286,True,0,0.5566140807783462,0.0001166092630196,0.8279677679341569,0.2604575382724254,0.1816947872026669,6.63830749283943e-17,0.9753592275037652,0.5034706124474807,0.176560291584076,0.5783767880414554,0.1072420174873368,0.2084632896291734,0.4910204699550495,0.1426181264561323,0.124709368541959,-165.72591564286196,361.4518312857239,412.01140170763887
2026-06-01T22:30:41,23,29,230029,"ARX(2,2)",-165.71981532691254,361.4396306538251,411.99920107574,True,0,0.5480483494884189,0.000326283965383,0.832103807001873,0.2712931341987417,0.1718584952265326,3.754941607982233e-21,0.9798686906388636,0.4768643302145104,0.1758665440365741,0.5633130933373102,0.1070759562565459,0.2068007632233622,0.4814723057173554,0.1430837962026624,0.1355735491424139,-165.71981524621708,361.43963049243416,411.9992009143491
2026-06-01T22:36:43,23,30,230030,"ARX(2,2)",-124.57056913617541,279.1411382723508,329.70070869426576,True,0,8.408664922992044,2.4345621494721765,0.8188060985738059,0.0473103131284523,0.2605683133935932,0.0368393972608965,0.3451592114952896,1.0230371806201672,0.0344890759398964,0.1375339964285544,0.0930688098413378,0.38418007310699,0.2542990867507745,0.1578947782514913,0.1472724988803742,-124.5705691361706,279.1411382723412,329.7007086942561
2026-06-01T22:39:05,23,31,230031,"ARX(2,2)",-165.72062182822705,361.4412436564541,412.00081407836905,True,0,0.5539008228859339,1.6234807895450785e-05,0.8312654597495613,0.2688916942891451,0.1760413927010195,5.480467046452017e-21,0.9690014885084116,0.4931796330350257,0.174995568444078,0.5755175824941597,0.1090175396869654,0.2072475161249638,0.4692704075638104,0.1465473488559946,0.1416399810087805,-165.7206218320827,361.4412436641654,412.0008140860804
2026-06-01T22:42:48,23,32,230032,"ARX(2,2)",-165.71970981000996,361.4394196200199,411.99899004193486,True,0,0.5613128500394019,5.785455827963282e-05,0.8294111101934952,0.2733137615318926,0.1745941224888303,3.5687441544596186e-10,0.9739495033090908,0.4793033612261325,0.1751051946314472,0.5614822004162107,0.1075682155496923,0.2057263163605563,0.4705652372726925,0.1435120563015884,0.1457271779815782,-165.7197098099356,361.4394196198712,411.99899004178616
2026-06-01T22:54:16,23,33,230033,"ARX(2,2)",-167.1275671116192,364.2551342232384,414.8147046451533,True,0,1.7934120032522582,0.0824606903747324,0.0686132080583837,0.5929025806310021,2.0063427053139167e-08,0.2260150482453788,0.7471203583817524,1.6358600508902606e-17,0.2602622546102262,0.4653894613096167,0.1407230773196974,0.1959185349740178,0.3102287442282545,0.0873343767244369,0.3178659003128422,-167.12756709472848,364.25513418945695,414.8147046113719
2026-06-01T22:58:34,23,34,230034,"ARX(2,2)",-165.7256018637126,361.4512037274252,412.01077414934014,True,0,0.5686404948228256,0.0003533847589823,0.8270387883329292,0.255986104429288,0.1808639735443679,1.0009861750546345e-12,0.9866092521896996,0.5006533437863239,0.1749285543204868,0.5717365565326966,0.107479809512173,0.2065620095112511,0.4857392693382524,0.1427745609440342,0.1313276417829015,-165.7256018589759,361.4512037179518,412.0107741398667
2026-06-01T23:01:01,23,35,230035,"ARX(2,2)",-166.79109642997145,363.5821928599429,414.14176328185783,True,0,3.1392651447018785,0.0556240343327231,0.0023630033098215,0.5715690161997927,1.6228602058439784e-14,0.4170021429775342,0.8132423109840397,4.709389537277545e-06,0.1966306874858903,0.4382260380552805,0.1094869836101045,0.2149970736422689,0.4630819683320041,0.0618018760431197,0.2160490571306756,-166.79109587113211,363.5821917422642,414.1417621641792
2026-06-01T23:03:24,23,36,230036,"ARX(2,2)",-165.87092113634117,361.74184227268233,412.3014126945973,True,0,0.2631025015796159,0.0350849712626205,0.8763388760476309,0.2723123934072757,0.1568829417101383,1.1386995296949116e-15,0.8628941282878976,0.5386117028835342,0.1924306655698096,0.5553878006831673,0.0838189530561378,0.2018673388724426,0.3875561331322631,0.1508793346613807,0.2498495047070128,-165.8709211412026,361.7418422824052,412.30141270432017
2026-06-01T23:05:59,23,37,230037,"ARX(2,2)",-165.84156722944775,361.6831344588955,412.24270488081044,True,0,0.130369638501779,0.0616583499986467,0.9060632455221068,0.3149280579957549,0.1135472665813989,1.2613846329207208e-08,0.8244267150573408,0.4717439615304049,0.2309552934107268,0.5254489335929391,0.0686064325505013,0.2035597795898623,0.3087653735019342,0.1659552076914966,0.3208387310998427,-165.84156720213093,361.68313440426186,412.2427048261768
2026-06-01T23:13:45,23,38,230038,"ARX(2,2)",-165.73410128147756,361.4682025629551,412.02777298487007,True,0,0.6158854523320993,1.2170732978621058e-05,0.8180154081509049,0.2564288222839842,0.1929795749264566,3.428881017567356e-09,0.9640967858046936,0.5230184284468827,0.1721976217394566,0.5789013164011405,0.1096351554269319,0.205545475678884,0.4765257557801096,0.1466643529533818,0.1334772181133531,-165.7341012817012,361.4682025634024,412.02777298531737
2026-06-01T23:16:14,23,39,230039,"ARX(2,2)",-165.74054141748593,361.48108283497186,412.0406532568868,True,0,0.5734777256498641,0.0005729333247507,0.8251288703146612,0.260405107293071,0.1880828790064507,5.6707040038919396e-08,0.9456062596521972,0.532378937278417,0.1740559028238002,0.5928612817656428,0.108344950554238,0.2087362625740833,0.4717355073960519,0.1462053992557312,0.1356829336517675,-165.7405414233439,361.4810828466878,412.04065326860274
2026-06-01T23:22:46,23,40,230040,"ARX(2,2)",-165.71988880395486,361.4397776079097,411.99934802982466,True,0,0.5733091915280178,0.0001895180787542,0.8267647680421778,0.2652252248563279,0.1798213260387402,1.0166727254544252e-14,0.974805248024258,0.4943381149847311,0.1746037323390712,0.5703385887429621,0.1078840625247494,0.2066451985457006,0.476250544030456,0.144031629682512,0.1385784775934381,-165.71988880484767,361.43977760969534,411.9993480316103
2026-06-01T21:46:42,24,1,240001,"ARX(2,2)",-165.7335855535652,361.4671711071304,412.02674152904535,True,0,0.5299465593356361,0.0003368336228125,0.8356817210070148,0.2903345098731258,0.1667956327763845,2.887866376172732e-12,0.9605861158599358,0.4580668391060075,0.1770201754856874,0.5594072428383295,0.1057796805640096,0.2075553773510131,0.466869434118567,0.1438311857454179,0.1499370305240461,-165.7335855543295,361.4671711086589,412.0267415305739
2026-06-01T21:48:50,24,2,240002,"ARX(2,2)",-165.73139049260323,361.46278098520645,412.0223514071214,True,0,0.5124003133966016,0.0005296340331019,0.8399966909375952,0.2763812627908362,0.1638340643836102,1.5760340730401993e-07,0.9697296560807956,0.4764307825909991,0.176756080167983,0.5544480071102593,0.1048921728326167,0.2088747492974719,0.4476497377555746,0.1441658567503549,0.1678088990418775,-165.73139036907537,361.46278073815074,412.0223511600657
2026-06-01T21:50:17,24,3,240003,"ARX(2,2)",-165.68203952170353,361.36407904340706,411.923649465322,True,0,0.0789809794136506,0.0436404840821282,0.9327674424893636,0.5985671820444527,0.0142021747089137,0.0327245074192263,0.7553315580992319,4.600437453726245e-13,0.2920201333942181,0.5909489888700468,0.1479787595212321,0.1421970947686604,0.3031921413944609,0.1479716871675168,0.3173676699390614,-165.68203952042643,361.36407904085286,411.9236494627678
2026-06-01T21:52:49,24,4,240004,"ARX(2,2)",-165.79421512432887,361.58843024865774,412.1480006705727,True,0,0.7152846232391309,2.1023747149614027e-05,0.8033684350047811,0.2474058767498147,0.2155779723279907,9.793186641195729e-11,0.94468283858114,0.5604543958129713,0.1651208661421783,0.5857487188919007,0.1141114460264232,0.2093073231604077,0.4402245364807032,0.1506766492862353,0.154243344229168,-165.7942151256953,361.5884302513906,412.1480006733056
2026-06-01T21:55:32,24,5,240005,"ARX(2,2)",-165.74374884039557,361.48749768079114,412.0470681027061,True,0,0.6443193629812575,6.407503328556743e-05,0.8146080425258181,0.2561716745081441,0.1959426947752034,1.397313664652834e-12,0.9703543812217336,0.517156393369526,0.1699980125717948,0.5777771146619973,0.1112553600662005,0.2050053430267237,0.4579836035986838,0.1487637724879593,0.1484343721153924,-165.74374884080711,361.48749768161423,412.0470681035292
2026-06-01T22:00:00,24,6,240006,"ARX(2,2)",-165.73986917371576,361.4797383474315,412.03930876934646,True,0,0.6250064620519141,1.709385511012492e-05,0.8190580868676967,0.2624124099052127,0.1900393078495065,8.441845256799062e-22,0.9806682014445176,0.4944680403594003,0.1706160140440948,0.5773830200807468,0.1117175385313556,0.2066068821700051,0.4444710229744789,0.1475789446379319,0.1611900027530711,-165.73986917472095,361.4797383494419,412.0393087713568
2026-06-01T22:01:54,24,7,240007,"ARX(2,2)",-165.74172216668177,361.48344433336354,412.0430147552785,True,0,0.563691304037848,1.9766508206579697e-05,0.8302481640654983,0.2525887536986804,0.1799641327933229,1.2816551819332424e-07,0.9619911493504502,0.5327868192009269,0.1725650979101402,0.5792354923522635,0.1079155157390584,0.2094454026786149,0.4213154772967202,0.1494455790194832,0.1822969771473857,-165.7417220459239,361.4834440918478,412.0430145137627
2026-06-01T22:03:50,24,8,240008,"ARX(2,2)",-165.7185537904232,361.4371075808464,411.9966780027613,True,0,0.5618771098680013,6.708575389819657e-05,0.8289858826950601,0.2676921890081411,0.1780888066248324,1.411605359755169e-09,0.9703026524057952,0.4941689047813168,0.1749854145388925,0.571008254359411,0.1075945544329443,0.2073405772144043,0.4675526935100685,0.1448596011399736,0.1457532137119269,-165.7185537909362,361.4371075818724,411.99667800378734
2026-06-01T22:05:56,24,9,240009,"ARX(2,2)",-165.87307805503065,361.7461561100613,412.30572653197623,True,0,0.2413420175246239,0.0375790393569619,0.8822665173385889,0.2769898585055502,0.150821526366403,4.118284900829225e-14,0.865553133121518,0.5232028916076116,0.1937144870904115,0.5579119772461587,0.080804966011914,0.2002844716998639,0.3583727915477,0.1530392222795488,0.2811370588250749,-165.87307805498972,361.7461561099794,412.3057265318944
2026-06-01T22:07:22,24,10,240010,"ARX(2,2)",-165.71976370951978,361.43952741903956,411.9990978409545,True,0,0.5617144145653176,0.000465560820287,0.8290891610780566,0.2669255655924985,0.177365470702712,2.9368071470764336e-15,0.9788571393398064,0.4863235294432559,0.1752773646167501,0.5693373060977711,0.1068958670006703,0.2071640289251918,0.4751961852835768,0.1431984096526871,0.1417424124653955,-165.71976374153354,361.4395274830671,411.999097904982
2026-06-01T22:11:03,24,11,240011,"ARX(2,2)",-141.10174002534208,312.20348005068416,362.7630504725991,True,0,9.817651916746554,6.209513194331222,0.8204283316443728,0.4594691477867278,0.1729712841177701,0.1197545621049583,0.5000485864541095,0.5089865623988703,0.0123851862318354,0.2839745369684954,0.0925334881305838,0.2594256629151116,0.3500980650609845,0.1820956652552737,0.1105732805013206,-141.10174002539716,312.2034800507943,362.76305047270927
2026-06-01T22:12:34,24,12,240012,"ARX(2,2)",-166.29500033645104,362.5900006729021,413.149571094817,True,0,0.3942521520759628,0.031102144485534,0.8643344176579173,0.4059187552845127,0.1192760042569462,5.84533600561953e-20,0.999341182642087,0.137049378095716,0.1929263495507967,0.6264428451183894,0.0847702920980457,0.2268635746799133,0.5688745298051436,0.0967173516030077,0.1013491644319911,-166.29500033642694,362.5900006728539,413.1495710947688
2026-06-01T22:16:13,24,13,240013,"ARX(2,2)",-165.72899274211082,361.45798548422164,412.0175559061366,True,0,0.6075593848351354,0.0001396345085382,0.8205146513991491,0.2590648007094283,0.1888997837939468,1.889825184270821e-08,0.9726113248589108,0.5089475264243196,0.1721866363221058,0.5784424240900641,0.1092903828172545,0.2057418438072258,0.4680236822425255,0.1459030369387727,0.1431609902686855,-165.72899274186108,361.45798548372215,412.0175559056371
2026-06-01T22:18:15,24,14,240014,"ARX(2,2)",-165.8278891517617,361.6557783035234,412.21534872543833,True,0,0.6995416130252303,0.0035798608831387,0.8051517264590262,0.2490874035585901,0.2175951575095201,2.027392700839465e-20,0.90606151539672,0.5868626708157304,0.1659541491612338,0.62218088258825,0.114052993981401,0.2102311412471815,0.4244302683454138,0.1548757950840994,0.1630369473437568,-165.8278891496841,361.6557782993682,412.2153487212832
2026-06-01T22:23:12,24,15,240015,"ARX(2,2)",-165.33920378381114,360.6784075676223,411.2379779895372,True,0,0.0502936340752492,0.0402764235549459,0.9417784799205122,0.6245763662793079,0.0032867138610108,0.0330597279116037,0.712713589802109,1.1139448136495125e-13,0.3624203162463543,0.5230788926509381,0.1289523020433421,0.1922764287269366,0.2256052683355615,0.0872370288426753,0.4247872262052078,-165.33920378381944,360.6784075676389,411.2379779895538
2026-06-01T22:26:02,24,16,240016,"ARX(2,2)",-165.75352439120752,361.50704878241504,412.06661920433,True,0,0.4841711416205077,1.748640741250103e-05,0.8457836215501303,0.2861289436672549,0.1517245701206716,1.6009961737539326e-09,0.9901787183133308,0.4375301676632392,0.1795562901775263,0.5366186965542658,0.1044845707166153,0.2097664015660423,0.4642098369763963,0.1396825709946544,0.1563459418566571,-165.75352439097966,361.5070487819593,412.0666192038743
2026-06-01T22:28:00,24,17,240017,"ARX(2,2)",-165.72211117119969,361.44422234239937,412.0037927643143,True,0,0.5771211945165874,4.311182971754237e-06,0.8260397575859368,0.2637839839485508,0.182522537901502,1.6192691756547949e-10,0.9721488941322844,0.5002738110417961,0.1740677553092363,0.5752021386643292,0.1084214117731891,0.2047061580739682,0.4591087050995531,0.1461554204389417,0.1542682763733862,-165.72211117075074,361.4442223415015,412.0037927634164
2026-06-01T22:30:15,24,18,240018,"ARX(2,2)",-165.72028102298745,361.4405620459749,412.00013246788984,True,0,0.5665973504066986,1.4786279895366043e-05,0.8283211878032097,0.2690084215187873,0.1788466089613024,1.070767010624718e-06,0.9625603158860284,0.4993909541263472,0.1743515563107887,0.569298696257428,0.1080013188127538,0.2094694047020535,0.4598037805357394,0.1461599035570192,0.1488580900433682,-165.72028102240958,361.4405620448192,412.0001324667341
2026-06-01T22:31:45,24,19,240019,"ARX(2,2)",-165.71997233215586,361.4399446643117,411.99951508622667,True,0,0.5496440996236662,2.5444693748674785e-05,0.8310283974612453,0.2727473120070172,0.1727728141649515,4.0719552611762807e-14,0.982139648050161,0.4723124700640977,0.1769733388866859,0.5645221726423068,0.1084351568300923,0.2054412223737254,0.4789922865500055,0.1429174113828493,0.1389758938075422,-165.71997233239645,361.4399446647929,411.9995150867079
2026-06-01T22:33:47,24,20,240020,"ARX(2,2)",-165.72215930229157,361.44431860458315,412.0038890264981,True,0,0.5544556269749418,5.398968154965241e-05,0.8308854661987067,0.2695134039805242,0.1725293147239554,1.349172167588158e-09,0.994425341601288,0.4664361182203829,0.1759002752400824,0.5627049339784107,0.107810619853902,0.204958297096639,0.4764006790347863,0.1407346052460984,0.1449631938543644,-165.722159292383,361.444318584766,412.00388900668094
2026-06-01T22:37:52,24,21,240021,"ARX(2,2)",-165.84090793127942,361.68181586255884,412.2413862844738,True,0,0.1337054116662982,0.0623723816439472,0.904861964969467,0.3112452904255717,0.1151563471899394,1.8671857457696552e-18,0.8323777058610085,0.4705420831029239,0.2293962341124714,0.5259875274531393,0.0699225347639242,0.2029647557570185,0.3049337301372685,0.1647868739524541,0.3247207017645732,-165.8409079313661,361.6818158627322,412.2413862846472
2026-06-01T22:40:42,24,22,240022,"ARX(2,2)",-165.6821408335723,361.3642816671446,411.92385208905955,True,0,0.0784331113706161,0.0442492897890717,0.932985992281404,0.5917887734249987,0.0138825892663923,0.033141982637304,0.7689174668891595,1.0405724840175029e-23,0.2915560413700143,0.5966624850979725,0.1500151835525852,0.1391001494198883,0.2960824582874055,0.1460013030549297,0.3270880933549056,-165.68214082231103,361.36428164462205,411.923852066537
2026-06-01T22:43:31,24,23,240023,"ARX(2,2)",-165.74649787414108,361.49299574828217,412.0525661701971,True,0,0.5379889428211685,0.0001039690976861,0.8305977580243401,0.2824968453512945,0.1755097825895215,1.2516437331110813e-07,0.953262171156388,0.4815335902060064,0.1783753845922757,0.5520428273216669,0.1044605730626151,0.2115292684804488,0.5234198376961143,0.1379828286934277,0.0976635472020903,-165.74649794771102,361.4929958954221,412.052566317337
2026-06-01T22:45:33,24,24,240024,"ARX(2,2)",-165.75063825471395,361.5012765094279,412.06084693134284,True,0,0.6203463578908002,1.2906804147385636e-05,0.8196478373938633,0.2433201423119902,0.192480511987986,2.2750809190669387e-11,0.9791670494770494,0.5341619926912278,0.170545796650765,0.5930503412284251,0.1108723695758143,0.2083886228390561,0.4602837323262247,0.1468593529905612,0.1459823546995686,-165.75063825121697,361.50127650243394,412.0608469243489
2026-06-01T22:48:42,24,25,240025,"ARX(2,2)",-165.71872794726426,361.4374558945285,411.99702631644345,True,0,0.5414883976477377,0.0001486989173738,0.8329287058450957,0.2712184294476557,0.1718414096849994,6.371145781982944e-13,0.9790366181986264,0.4782164797476183,0.1764742982473048,0.5646716128318718,0.1066318484226427,0.2069048802563586,0.4758700582882227,0.1425272146230269,0.1422088580365025,-165.7187279481788,361.4374558963576,411.99702631827256
2026-06-01T22:52:35,24,26,240026,"ARX(2,2)",-165.67842512825766,361.3568502565153,411.91642067843026,True,0,0.0781411390972867,0.0440282894016708,0.9330860608959916,0.5933436594463278,0.014322796481696,0.0326214216958906,0.7660459438223126,0.0,0.2925864247457512,0.5963761919815886,0.1453497418325606,0.1387014386419034,0.3128806702256023,0.1453316321837411,0.3174239186085663,-165.67842513964175,361.3568502792836,411.9164207011985
2026-06-01T22:54:36,24,27,240027,"ARX(2,2)",-166.29508445286586,362.59016890573173,413.14973932764667,True,0,0.395984396640909,0.0308636380857588,0.8640194331510541,0.4050026757394664,0.1203316101957678,1.0405781030074638e-06,0.9988277245959676,0.1392780860474313,0.1925479184597652,0.6293763283589722,0.0850513387772896,0.2268635347159139,0.564510968176118,0.0976287714203813,0.1044606413983474,-166.29508444889805,362.5901688977961,413.1497393197111
2026-06-01T22:57:16,24,28,240028,"ARX(2,2)",-165.89251871403906,361.7850374280781,412.34460784999305,True,0,0.1451266575441663,0.0756347071727378,0.9037803698007147,0.3101485191507798,0.1123140729839149,9.015284100204721e-10,0.8360848129161186,0.4526454834657776,0.2229103583735744,0.525765938557822,0.0712254070204874,0.2056732790104752,0.2779266414454308,0.1670209674665901,0.3444157081307055,-165.89251871054563,361.78503742109126,412.3446078430062
2026-06-01T23:00:21,24,29,240029,"ARX(2,2)",-165.78011850694173,361.56023701388347,412.1198074357984,True,0,0.6829114895711756,1.5015581567520408e-05,0.8084526147868393,0.2472597877056853,0.2017904274180135,3.1874623305962194e-20,0.9983736975107144,0.5070717827007483,0.1686608547743102,0.5893003851896395,0.1134314241787731,0.1993786908628894,0.5008786740814982,0.1446638842575243,0.115104114766524,-165.78011850653235,361.5602370130647,412.1198074349796
2026-06-01T23:02:01,24,30,240030,"ARX(2,2)",-165.7748655639553,361.5497311279106,412.10930154982555,True,0,0.5409328000975813,2.615857193899116e-05,0.8318767639196168,0.2320705869167879,0.1758652834745847,1.2725922899544729e-17,1.022555404061241,0.5132483971451255,0.1768537268023633,0.5555383578765958,0.1079640943585008,0.2145111095161782,0.4570753444166089,0.1389321167304726,0.154999270192612,-165.77486547255177,361.54973094510353,412.1093013670185
2026-06-01T23:06:41,24,31,240031,"ARX(2,2)",-165.78054323245578,361.56108646491157,412.1206568868265,True,0,0.4543676396800072,4.3644827998802325e-05,0.8532209863083979,0.2731026699271221,0.1441865966898902,2.5129821777982764e-13,1.0081950981228898,0.4455121908057729,0.1814355138666714,0.5604123375793183,0.1082300006055947,0.2092645162192093,0.4380564237464669,0.1377762096086106,0.1810668892354651,-165.78054310567217,361.56108621134433,412.1206566332593
2026-06-01T23:10:48,24,32,240032,"ARX(2,2)",-165.81770350374754,361.6354070074951,412.19497742941,True,0,0.721427992294249,0.0004555375216084,0.8019421758577367,0.2531803498054855,0.2131739243837534,1.9118346006819568e-10,0.9197547962169303,0.5728394682772238,0.1651245107865038,0.6032108268066706,0.1123587330470108,0.2043869375041714,0.4877885975550686,0.1548302888840999,0.107829157528857,-165.81770348860545,361.6354069772109,412.1949773991258
2026-06-01T23:14:48,24,33,240033,"ARX(2,2)",-165.7475405729601,361.4950811459202,412.05465156783515,True,0,0.63476434794432,0.0001233813880647,0.8171645803251057,0.2526949797744087,0.1959439453053324,6.675519044038528e-16,0.9633812380237716,0.5309407767070234,0.1696230095605031,0.5918075149280133,0.1128084402592294,0.205269599165794,0.4496848352903541,0.150314061394129,0.152970724776406,-165.7475405729441,361.4950811458882,412.0546515678032
2026-06-01T23:17:02,24,34,240034,"ARX(2,2)",-165.82920160185841,361.65840320371683,412.21797362563177,True,0,0.4259402381012011,3.747930245466793e-05,0.8564365452484637,0.3025277976713847,0.1354316201590482,1.6315512299721478e-16,0.9890643475432898,0.4058150828127544,0.1864176579607137,0.5252340839061326,0.0976196400503993,0.2136696966476951,0.5250428549949369,0.1335197958321051,0.1088031340557889,-165.8292016019962,361.6584032039924,412.21797362590735
2026-06-01T23:19:30,24,35,240035,"ARX(2,2)",-165.72311552092486,361.4462310418497,412.00580146376467,True,0,0.5479438650604873,0.0004186370903622,0.8307515529432519,0.2743550512170214,0.1748511287197048,2.9745379667020252e-08,0.9660224569505976,0.4843824863081122,0.1768479111307847,0.5750047231226914,0.1068795151222789,0.206498149165422,0.4882092251484518,0.1428368475626863,0.1296398318244138,-165.72311540377245,361.4462308075449,412.0058012294598
2026-06-01T23:22:09,24,36,240036,"ARX(2,2)",-165.72240027678788,361.44480055357576,412.0043709754907,True,0,0.5803299249349345,7.659484154229743e-05,0.8248883664416038,0.264952640971777,0.1808987134185357,0.0,0.9845427805887176,0.4853933474871835,0.1745035120653891,0.5665744918637605,0.1078915039617438,0.20577211719238,0.4680247097209599,0.1434860711724911,0.1477457155203702,-165.7224002750253,361.4448005500506,412.0043709719656
2026-06-01T23:25:30,24,37,240037,"ARX(2,2)",-165.71803686821073,361.43607373642146,411.9956441583364,True,0,0.555350706725854,3.5728528008014e-05,0.8301999582374902,0.2674361207177764,0.1763576230183701,4.850695039838608e-12,0.9729495534699284,0.4921022899211741,0.175376748927595,0.5692808510000871,0.1073176912242509,0.2071677806431177,0.4685092335219448,0.1439961935563037,0.1462249058048929,-165.71803686830845,361.4360737366169,411.99564415853183
2026-06-01T23:27:57,24,38,240038,"ARX(2,2)",-165.84205095246534,361.6841019049307,412.2436723268456,True,0,0.1322699153447315,0.061633529202385,0.9057052602836626,0.3116082565790289,0.1134484445409613,6.830498372880441e-06,0.8378808213267975,0.4648580604908041,0.2306080561479166,0.5259479345536265,0.0696313440176633,0.2023269543639947,0.3187295456879032,0.1635039978662638,0.314194726343779,-165.84205092443648,361.68410184887296,412.2436722707879
2026-06-01T23:29:33,24,39,240039,"ARX(2,2)",-165.72156371388547,361.44312742777095,412.0026978496859,True,0,0.5281457708613343,7.038664362274982e-05,0.8352497405324825,0.2743245842204411,0.1678333023303548,1.316058228614116e-17,0.9801212497619975,0.4710863326971065,0.1777180325458581,0.5600700528837413,0.1057630168765682,0.2069624071124624,0.4867594485021463,0.1402669351254169,0.1350369596008176,-165.72156371371722,361.4431274274344,412.0026978493494
2026-06-01T23:31:17,24,40,240040,"ARX(2,2)",-165.51145903901755,361.0229180780351,411.58248849995005,True,0,0.079085356319974,0.0488377812407593,0.9334356754155364,0.5902626100503834,6.382089646406749e-15,0.0260384763306133,0.7741944009393544,9.69586341716603e-06,0.3282577199070791,0.5448114201891484,0.1574999493302828,0.1897933500771731,0.3103342644591393,0.0823314516408533,0.318286394952773,-165.51145896424606,361.0229179284921,411.5824883504071
2026-06-01T20:57:05,25,1,250001,"ARX(2,2)",-165.72385482996282,361.44770965992564,412.0072800818406,True,0,0.5754391490915634,3.194746188980529e-05,0.826879097886738,0.2623266911699718,0.1837097165037241,4.215768677461016e-07,0.9616893139684708,0.5135864588831799,0.173309259492257,0.5738472260744933,0.1093967824492479,0.2085333646976247,0.4552162368682799,0.1476418670219373,0.1511829897946223,-165.72385461563687,361.4477092312737,412.0072796531887
2026-06-01T20:59:10,25,2,250002,"ARX(2,2)",-165.73958885189745,361.4791777037949,412.03874812570984,True,0,0.4971648326151872,3.501318564343919e-05,0.8424405117586945,0.2760313007337876,0.1609117573209873,2.242162413834119e-06,0.9630475216359278,0.484818522939163,0.1782103190162402,0.5573139115239573,0.1048120689854012,0.210818665699057,0.4374608299755247,0.1436358198151712,0.1761693834471027,-165.73958885148213,361.47917770296425,412.0387481248792
2026-06-01T21:02:02,25,3,250003,"ARX(2,2)",-166.29504349152674,362.5900869830535,413.1496574049684,True,0,0.3978299038976117,0.0310809460414932,0.8635222944664903,0.4066728635321294,0.1200552325058418,2.2296708540041157e-18,0.9972195256434968,0.1376170919238732,0.1926179778064096,0.6251974647928386,0.0851678104170975,0.2271094192600327,0.566471476734469,0.0973164236224232,0.102300336795673,-166.2950434909116,362.5900869818232,413.14965740373816
2026-06-01T21:04:52,25,4,250004,"ARX(2,2)",-165.73954857951145,361.4790971590229,412.03866758093784,True,0,0.5237808552144115,2.408362637850154e-05,0.838681194492728,0.2882112867670488,0.159822161564453,1.5596746839801298e-21,0.977812442322146,0.4457171660576935,0.1770705959697106,0.5681787579469656,0.1058845789952653,0.2065441167455907,0.4757650501936019,0.1440875420883337,0.1422160427462971,-165.73954857976813,361.47909715953625,412.0386675814512
2026-06-01T21:06:55,25,5,250005,"ARX(2,2)",-165.7264791684994,361.4529583369988,412.01252875891373,True,0,0.5718384056047562,2.08782135434558e-05,0.8263240338840454,0.2742082709907594,0.1795123121877158,1.104885528479397e-12,0.9755774283215656,0.475961032048004,0.175130191298675,0.5747727623959195,0.1054542869706396,0.203908278433497,0.5015233745197449,0.1412449384320717,0.1221342167512465,-165.7264791682158,361.4529583364316,412.01252875834655
2026-06-01T21:12:31,25,6,250006,"ARX(2,2)",-165.8046289486797,361.6092578973594,412.1688283192743,True,0,0.7113449920651507,0.0001838583419674,0.802091633085635,0.2333844182281836,0.218337024905593,2.1043866194534876e-05,0.9563955464946872,0.5763612513471006,0.1666223649972454,0.6000171832022307,0.1157028007610511,0.207818848624582,0.4526853544251531,0.1495715600201072,0.1426834855172054,-165.80462893182423,361.60925786364845,412.1688282855634
2026-06-01T21:15:27,25,7,250007,"ARX(2,2)",-165.8756906029207,361.7513812058414,412.31095162775637,True,0,0.2593140102606442,0.0345918827454238,0.878286671845076,0.2741581904119928,0.1529729813549791,1.7195040836299445e-13,0.8722984531243617,0.5285255558113351,0.1921303722600742,0.5400976331172364,0.0832451290145709,0.2008068893475507,0.3950021618906487,0.149952309738802,0.2459942142371857,-165.87569059848298,361.751381196966,412.3109516188809
2026-06-01T21:18:17,25,8,250008,"ARX(2,2)",-165.718850167108,361.437700334216,411.99727075613094,True,0,0.5495283715534547,0.0002056311592504,0.8312642887517738,0.271024125278655,0.1733760063780983,2.6621717420901546e-17,0.9762455455203156,0.4812805458227265,0.1761771100401816,0.5620338770296518,0.1070371994999901,0.2073471140250575,0.4800096603589879,0.1419504824476441,0.1378833390095306,-165.7188500925386,361.4377001850772,411.9972706069921
2026-06-01T21:20:39,25,9,250009,"ARX(2,2)",-165.72288435422604,361.4457687084521,412.005339130367,True,0,0.5681275090456913,0.0004225432541693,0.827635752924167,0.2586657930580372,0.1794352783491326,2.209067306857424e-12,0.9779939912760196,0.5037555089632086,0.1749887498212322,0.5735350892655597,0.1081133494261752,0.2082114760923088,0.4669050559650907,0.1450311934306655,0.1447922494434388,-165.7228843540975,361.445768708195,412.0053391301099
2026-06-01T21:23:07,25,10,250010,"ARX(2,2)",-165.72235161068022,361.44470322136044,412.0042736432754,True,0,0.5534449964795195,1.0807423337352336e-05,0.831968404228826,0.2708431278027385,0.1747137423913507,1.3854625696402162e-11,0.9786169184238782,0.4796733738709121,0.1744087190747705,0.5664181346776074,0.1080059974310809,0.2076102686368038,0.4486793753585332,0.1450655613294282,0.1642086783128293,-165.7223516096263,361.4447032192526,412.0042736411675
2026-06-01T21:26:24,25,11,250011,"ARX(2,2)",-166.29570103708187,362.59140207416374,413.1509724960787,True,0,0.3940088981828978,0.0321850932068562,0.8640488167923794,0.4129847980416813,0.1182807151028167,9.409712430215913e-22,0.996330370408016,0.1244447674506447,0.1935024392038087,0.6290916056780701,0.0848662684710434,0.2264463848639424,0.5676886354738694,0.094420243548146,0.104387646441871,-166.29570103714178,362.5914020742836,413.1509724961985
2026-06-01T21:29:50,25,12,250012,"ARX(2,2)",-165.680406394307,361.360812788614,411.92038321052894,True,0,0.0759018021009287,0.0448467670214659,0.9348685039941586,0.5832045783804044,0.0126881663312196,0.0324247011056013,0.7864880392047672,3.820726144160959e-09,0.2933799979673749,0.5975530634458949,0.1517089810319977,0.1328398600457229,0.3297530451982483,0.1429775846542512,0.3024785436277005,-165.6804063946348,361.3608127892696,411.9203832111845
2026-06-01T21:31:43,25,13,250013,"ARX(2,2)",-165.7303668400328,361.4607336800656,412.0203041019805,True,0,0.6145233524494191,1.437851048222262e-05,0.8198223100735781,0.2602421870207846,0.1888663549510466,6.785479023933754e-09,0.9770879267615296,0.5023963159207765,0.1715660992178698,0.5754696924859403,0.1092866908034565,0.2055197699945823,0.469589245189572,0.1447990373510878,0.143128955216429,-165.7303668395186,361.4607336790372,412.02030410095216
2026-06-01T21:34:15,25,14,250014,"ARX(2,2)",-165.73175441512666,361.4635088302533,412.02307925216826,True,0,0.5845172495118276,0.0005105065774501,0.8230816770365817,0.2545419808352438,0.1862168894289974,1.2015775595125066e-07,0.974312277544861,0.5154873965952802,0.1752584476179691,0.5792530956494726,0.1085097987742671,0.2081794917390174,0.4846078423126913,0.1414156701881168,0.1308169415742464,-165.73175441774725,361.4635088354945,412.0230792574095
2026-06-01T21:36:48,25,15,250015,"ARX(2,2)",-165.73995121365402,361.47990242730805,412.039472849223,True,0,0.5389822409328655,0.0033229469989861,0.833293643769524,0.2902796347515723,0.1698687058714444,3.249362062950393e-11,0.954773006886094,0.4579796384247401,0.1768695843500753,0.5656103519394344,0.1046291022484949,0.2070205657171683,0.4826163152853748,0.142631320713609,0.1371861969740423,-165.73995121441033,361.4799024288207,412.0394728507356
2026-06-01T21:39:19,25,16,250016,"ARX(2,2)",-165.7608556350275,361.521711270055,412.08128169196993,True,0,0.6348868898281562,2.472824255700653e-05,0.8171833513319983,0.2651712774323415,0.1873560272223416,5.375033451519845e-13,1.0125419772717863,0.4570625773609175,0.1712869804395205,0.575346741589435,0.1108672525435729,0.2008466151675085,0.483258806261908,0.1393500585306733,0.1405173571666479,-165.76085563613637,361.5217112722728,412.0812816941877
2026-06-01T21:41:07,25,17,250017,"ARX(2,2)",-165.85440686245627,361.70881372491255,412.2683841468275,True,0,0.1324323440444374,0.062904151975764,0.905572703998256,0.318036704068579,0.1145191603466575,4.872948554113413e-20,0.8153455496306161,0.4705116439013479,0.2302475169560963,0.5448484700561927,0.0674758690041572,0.2065233706391142,0.3134208253343175,0.1653035303604598,0.3149409299357392,-165.85440684909324,361.7088136981865,412.2683841201014
2026-06-01T21:46:01,25,18,250018,"ARX(2,2)",-165.67902536135819,361.35805072271637,411.9176211446313,True,0,0.0782958290774655,0.0447080620212456,0.9330417846284024,0.5887863400818432,0.0138814512828374,0.0328592645100869,0.775111276093132,2.565301306686053e-08,0.2922000019465611,0.5980604328779539,0.146928081997942,0.1365304472586784,0.3115377700264187,0.1445591573423577,0.3190598006700382,-165.6790253612637,361.3580507225274,411.9176211444424
2026-06-01T21:50:33,25,19,250019,"ARX(2,2)",-165.84093151884446,361.6818630376889,412.24143345960385,True,0,0.1323624858191749,0.0621081490713891,0.9055479221231232,0.3137502381655296,0.1139533867747754,2.128590545899518e-19,0.8305314496158482,0.4677635293162918,0.2299264919464131,0.5234275425828608,0.0692864946950443,0.2026113115388093,0.3118698372868035,0.1643838982033829,0.3196719055858769,-165.84093151877568,361.68186303755135,412.2414334594663
2026-06-01T21:53:42,25,20,250020,"ARX(2,2)",-165.74130323171033,361.48260646342067,412.0421768853356,True,0,0.4921554928372763,0.0002220827481845,0.8443922514831845,0.275285048986461,0.1553782388394415,5.961890421790288e-14,0.9964091008074484,0.4525804042790813,0.1794688327869895,0.555839493531588,0.105397421619517,0.2083875261794738,0.4995612329184931,0.1340147155779954,0.1301046166051398,-165.74130323125053,361.48260646250105,412.042176884416
2026-06-01T21:58:17,25,21,250021,"ARX(2,2)",-165.73610215713643,361.47220431427286,412.0317747361878,True,0,0.5190377382791141,2.28812620756058e-05,0.8354413943046669,0.2654571051888661,0.1704795590334502,2.375733085410423e-13,0.987972839224272,0.4810646847139899,0.1790423347848845,0.5527015433429098,0.1086942043105033,0.2175303044488677,0.4487916129541855,0.1436378884720385,0.1540430905914069,-165.73610215729752,361.4722043145951,412.03177473651
2026-06-01T22:00:32,25,22,250022,"ARX(2,2)",-165.7316341203097,361.4632682406194,412.02283866253435,True,0,0.5029758079841798,2.321804268314018e-05,0.8401271536155802,0.2728501419007288,0.1602679407725295,2.798271687810484e-18,0.987812697169698,0.4664413217567652,0.1795423814653572,0.5482586788145792,0.1044026268000992,0.2104379153054953,0.4791136508721164,0.1370331159234263,0.144082607451264,-165.73163412012104,361.4632682402421,412.022838662157
2026-06-01T22:02:51,25,23,250023,"ARX(2,2)",-165.71923513599964,361.4384702719993,411.9980406939142,True,0,0.5453520699684878,1.0976970761530915e-05,0.8313859015540913,0.2708379716439922,0.1745564843518403,3.772312741415951e-09,0.974301922778204,0.4839993402327512,0.176614679423769,0.5612622505042528,0.1064141730036844,0.2085395189815498,0.4830264259442869,0.1432614428768193,0.1328151208535062,-165.71923513403613,361.43847026807225,411.9980406899872
2026-06-01T22:04:36,25,24,250024,"ARX(2,2)",-165.87453292315087,361.74906584630173,412.3086362682167,True,0,0.2713035303567281,0.0312701314360785,0.8724884448062228,0.258937760538539,0.1647266802480082,1.0844310170428373e-18,0.8566607402563011,0.5781941618526556,0.192161441265549,0.548143755332884,0.0867462637510178,0.2053783987151667,0.3784778224232601,0.1526624963432194,0.2501874515834714,-165.8745329254789,361.7490658509578,412.3086362728727
2026-06-01T22:07:04,25,25,250025,"ARX(2,2)",-165.76110440086075,361.5222088017215,412.08177922363643,True,0,0.4605554471558977,5.502498119079657e-05,0.8508792028036108,0.2776033135509753,0.1474392338703106,1.120003758216873e-16,0.9804174685445476,0.4642719552583906,0.1807429503390412,0.5424656467181611,0.1032774680302927,0.2072624803076851,0.4684874308957678,0.1373860933334267,0.1585784182735403,-165.76110440130984,361.5222088026197,412.0817792245346
2026-06-01T22:10:27,25,26,250026,"ARX(2,2)",-150.86230839517586,331.7246167903517,382.28418721226666,True,0,8.555608148903534,4.528795294205284,0.3732226909766365,0.5005698425715289,0.401637254218506,0.4562113688307255,0.4283061922153967,0.2084020042354126,0.0292777808719683,0.1349964147812675,0.0283815496815419,0.3650446680144076,-0.0569931771618414,0.2521777644689119,0.3745286665282708,-150.86230839540326,331.7246167908065,382.2841872127215
2026-06-01T22:12:45,25,27,250027,"ARX(2,2)",-165.7182102097894,361.4364204195788,411.9959908414937,True,0,0.542015839265302,1.7042497879108127e-05,0.8323462253572715,0.2695615989089167,0.1727167556322164,1.1006112923640079e-09,0.9769508508897304,0.4838903878991509,0.1768029329091374,0.563530618625993,0.1067112580952095,0.2072015854268648,0.4742615183527127,0.1429150563417463,0.1428873059278374,-165.7182102113937,361.4364204227874,411.9959908447024
2026-06-01T22:15:09,25,28,250028,"ARX(2,2)",-165.72674633000372,361.45349266000744,412.0130630819224,True,0,0.5713422451865183,1.435989940360802e-05,0.8297311057756783,0.265385569963417,0.1771438165940315,2.976153547695553e-13,0.9600522309542996,0.5091444924617416,0.1727842834578112,0.5764982433632223,0.1098777002135786,0.2097577816013455,0.4442596548088953,0.1480953972711973,0.1592054004333557,-165.72674632866176,361.4534926573235,412.01306307923846
2026-06-01T22:18:15,25,29,250029,"ARX(2,2)",-165.86820709228527,361.73641418457055,412.2959846064855,True,0,0.2595248208010372,0.0346545064482484,0.8763761014417965,0.2659533259966066,0.1597625390826149,2.484367960433685e-13,0.8567567020110783,0.5585848642488463,0.1922081405865104,0.5585772959122912,0.0843770282087725,0.2033324455572983,0.3596411717452265,0.1535243792255673,0.2721829335636203,-165.86820709721258,361.7364141944252,412.2959846163401
2026-06-01T22:20:15,25,30,250030,"ARX(2,2)",-165.72046457927132,361.44092915854264,412.0004995804576,True,0,0.5736508954911759,0.0002561056403044,0.8272091085921828,0.2669883242532843,0.1797907021288591,1.5145875649799336e-14,0.9747375216278548,0.4907353578223166,0.1738979402768271,0.5704460678984182,0.1074694802664164,0.2064982173152857,0.4643712585856133,0.1444099845766539,0.1498966316995826,-165.7204647112552,361.4409294225104,412.00049984442535
2026-06-01T22:22:32,25,31,250031,"ARX(2,2)",-165.81322311594027,361.62644623188055,412.1860166537955,True,0,0.0714283486324511,0.0471072585994792,0.9359449196747412,0.5495173536881679,0.0168653171573234,0.0305257275609524,0.7966249417794846,0.0598529537773616,0.290834618849784,0.5620639875374814,0.1408174615134479,0.143355505817338,0.2420217561317809,0.1528112543310126,0.3823374731253047,-165.8132231140051,361.6264462280102,412.18601664992514
2026-06-01T22:32:41,25,32,250032,"ARX(2,2)",-151.0957435043676,332.1914870087352,382.7510574306501,True,0,5.004483102897031,7.927202632267405,0.1961667099486741,0.472272169169826,0.308846296627808,0.2344419400946285,0.8789232552655483,0.0443748875830553,0.118625665584937,0.059067128938453,0.0895238878642198,0.2004652373231806,0.7617295017676382,0.0086421251531672,0.0177866037592747,-151.09574350430103,332.19148700860205,382.751057430517
2026-06-01T22:35:01,25,33,250033,"ARX(2,2)",-165.7633779410304,361.5267558820608,412.08632630397574,True,0,0.4656647995666689,0.0003667870845561,0.8500024795811371,0.2784074756761337,0.1498618676411051,9.083692147025089e-14,0.9779993556304832,0.4645042919907896,0.1794801859179349,0.5392444587857183,0.0994396199676154,0.20915662760031,0.4808591535600875,0.1334429656466098,0.1530562357123277,-165.7633780209728,361.5267560419456,412.0863264638605
2026-06-01T22:37:13,25,34,250034,"ARX(2,2)",-165.71861372613375,361.4372274522675,411.99679787418245,True,0,0.5414250824367318,6.405227593542933e-05,0.8327286298141875,0.2723653397417009,0.17214259310839,1.396844812414273e-13,0.9736138404823076,0.481521760677375,0.1765875578809607,0.56511373048563,0.1068830194114188,0.2080320744272216,0.4742271888833902,0.1432930597183724,0.1413564421140672,-165.7186137271323,361.4372274542645,411.9967978761794
2026-06-01T22:40:00,25,35,250035,"ARX(2,2)",-165.7326651276664,361.4653302553328,412.02490067724773,True,0,0.5278776016438729,3.895917627362813e-05,0.8372057267809718,0.2822399327269684,0.1637904466588069,7.451872089239381e-18,0.9830309849581528,0.4524107919434587,0.176686046397766,0.5550107417234776,0.107563842798848,0.2086265134812068,0.4500119627116776,0.1429098120280171,0.1643523285258216,-165.7326651272591,361.4653302545182,412.0249006764332
2026-06-01T22:42:32,25,36,250036,"ARX(2,2)",-165.67850900914164,361.35701801828327,411.9165884401982,True,0,0.0763871415997575,0.0443852968781383,0.9345712067911848,0.5898244395027027,0.0129854740353129,0.0323526194513131,0.7732275889365714,4.628997677418266e-18,0.2933041482042057,0.5955539445799516,0.1516368003212686,0.1357843797375779,0.3219182096779298,0.1443686572751461,0.3051371641562482,-165.67850900439993,361.3570180087999,411.9165884307148
2026-06-01T22:46:01,25,37,250037,"ARX(2,2)",-165.72826422044983,361.45652844089966,412.0160988628146,True,0,0.553902966738529,0.0028033099975884,0.8306786763701085,0.2742769055497716,0.1765846540471393,1.5777446344358254e-11,0.9610048085324469,0.4847012215654732,0.175199486218787,0.5750816361547618,0.1072601561618107,0.2079587281495882,0.4548467805379779,0.1458427427186687,0.1567219249509467,-165.72826421774982,361.4565284354997,412.0160988574146
2026-06-01T22:47:39,25,38,250038,"ARX(2,2)",-165.8407443360398,361.6814886720796,412.2410590939945,True,0,0.1330252102291488,0.0621659498830651,0.9052037291616332,0.3123862564090579,0.1146206824458566,1.0746352052070017e-18,0.8326796736094544,0.4683022250019322,0.2296591708423743,0.525373644710825,0.0696329692837986,0.2023578233578579,0.3087134699960611,0.1646082656788625,0.3223106823516774,-165.8407443380109,361.6814886760218,412.2410590979367
2026-06-01T22:49:37,25,39,250039,"ARX(2,2)",-165.72096265402803,361.44192530805606,412.001495729971,True,0,0.5478213746059885,0.000346371722831,0.8318226652026504,0.2683126863041319,0.1730861705606339,3.3994327009448104e-14,0.968232020301027,0.4944393212499206,0.1755212680719962,0.559365816733518,0.1070386847419276,0.2081649612490574,0.4753260714934136,0.1433595845752186,0.1390138548318504,-165.7209626520567,361.4419253041134,412.00149572602834
2026-06-01T22:52:07,25,40,250040,"ARX(2,2)",-165.94316572931277,361.88633145862553,412.4459018805405,True,0,0.8494110443927295,0.0007194266755062,0.7832211278617665,0.2308388926355813,0.2518762252277324,5.307768836591906e-14,0.9327626367137664,0.6034959721369365,0.1593561368375027,0.6590851187580341,0.1174584235487069,0.19840302612977,0.4909825112730128,0.1526393010122599,0.1094201383070444,-165.94316572940193,361.8863314588039,412.4459018807188
2026-06-01T21:10:17,26,1,260001,"ARX(2,2)",-165.72466567259096,361.4493313451819,412.00890176709686,True,0,0.5574675244960035,3.866709055281232e-05,0.8313631017696397,0.2692528635165444,0.1762407647107627,1.0001381481711736e-14,0.97682621266181,0.4845841546344806,0.1743368285498416,0.583267982711959,0.1088547223494393,0.2040839376851528,0.4695443846725295,0.1433898521211309,0.1483980050124106,-165.72466567344802,361.449331346896,412.008901768811
2026-06-01T21:13:37,26,2,260002,"ARX(2,2)",-165.86029424128873,361.72058848257745,412.2801589044924,True,0,0.5160542489309216,0.0044619017438033,0.8409852722671075,0.2950711538395884,0.162722460196706,4.313309725793624e-18,0.9197003641023828,0.4807816857621959,0.1756043543506428,0.5755491376021031,0.1108275392894325,0.2264147981964856,0.3396543085366589,0.151209914033579,0.2394796256828634,-165.86029422410013,361.72058844820026,412.2801588701152
2026-06-01T21:16:36,26,3,260003,"ARX(2,2)",-165.72211663954562,361.44423327909124,412.0038037010062,True,0,0.5246883527594075,4.059088979519179e-05,0.8363840657010351,0.2694974309487526,0.1668707667494289,7.120167534417706e-09,0.978548540660621,0.4823739947843212,0.1774637653796195,0.5584263296934259,0.1061644697732485,0.2066235523670239,0.4656362158705715,0.1425414266469168,0.1529638919924265,-165.72211662164278,361.4442332432856,412.0038036652005
2026-06-01T21:21:01,26,4,260004,"ARX(2,2)",-166.11685729209705,362.2337145841941,412.79328500610904,True,0,1.1533560926817543,2.8788641113372043e-06,0.744986120152225,0.2215742688691868,0.2881752376372543,1.5527758106182926e-20,0.9505594973979972,0.6062837231297067,0.1499075769896733,0.6267609656455597,0.1255366446424855,0.1958658818624286,0.4480386228809793,0.151285618096619,0.1436225998182925,-166.11685727744415,362.2337145548883,412.7932849768033
2026-06-01T21:23:48,26,5,260005,"ARX(2,2)",-165.71925891255282,361.43851782510563,411.9980882470206,True,0,0.5464582482237229,0.000272226555675,0.8331148444800479,0.2723307589709219,0.1714425223713983,2.06531383679618e-12,0.9741802930639548,0.4805897759106383,0.1752572256971839,0.5649362721220593,0.1064965633110716,0.2074547037718364,0.4710105010456087,0.1429117779336111,0.1459726209848059,-165.71925892662347,361.4385178532469,411.9980882751619
2026-06-01T21:26:56,26,6,260006,"ARX(2,2)",-165.88735675400432,361.77471350800863,412.3342839299236,True,0,0.7471820247468601,1.444492947047734e-05,0.7906295097193211,0.2233504870205879,0.2377115030276869,7.396548261442875e-09,0.9530278973034668,0.6002342560199855,0.1679014370227182,0.6127171399507066,0.1123879266379286,0.2066374305178959,0.5412700327047251,0.1443793757173536,0.0664574173864385,-165.88735674960918,361.7747134992184,412.3342839211333
2026-06-01T21:29:23,26,7,260007,"ARX(2,2)",-165.72213057619234,361.4442611523847,412.0038315742996,True,0,0.5770523711785579,2.2194868950063805e-05,0.8260771991410084,0.2661445439215407,0.1809099399751917,4.498982653963146e-13,0.978700991122612,0.4889616378477224,0.1744201771627515,0.5759938683141643,0.1076520731991922,0.2030937916437947,0.4725674472456563,0.1439087898772109,0.1468343703653451,-165.72213057568462,361.4442611513692,412.0038315732842
2026-06-01T21:31:53,26,8,260008,"ARX(2,2)",-165.6774833293354,361.3549666586708,411.9145370805857,True,0,0.0761246593155843,0.0443443008754429,0.9343178393051664,0.5887559029763896,0.0135091783242347,0.0324790353259212,0.7754973945536484,4.2325125918875495e-18,0.2941099533028683,0.5962134175422881,0.1485920911789958,0.1352082355070749,0.3193731938708063,0.1442338186212791,0.3125870940353544,-165.677483329352,361.354966658704,411.91453708061897
2026-06-01T21:35:43,26,9,260009,"ARX(2,2)",-165.84377063066972,361.68754126133945,412.2471116832544,True,0,0.1313494563225309,0.0628541477390729,0.9061840018493288,0.3175499108796494,0.1132223283573858,0.0,0.8373077592713699,0.4517661518865561,0.2294375963186306,0.531738983516107,0.0677378339026342,0.2004439905226441,0.3055663313735964,0.1633551035244695,0.3306807547173932,-165.8437706228775,361.687541245755,412.24711166767
2026-06-01T21:39:00,26,10,260010,"ARX(2,2)",-165.79261166336812,361.58522332673624,412.1447937486512,True,0,0.5420325730012909,0.0006839378933741,0.8323499752112232,0.2244064803445708,0.1811865567884335,7.474050681933239e-20,1.000297295378943,0.5492962146807057,0.1758794859629784,0.5845106076063423,0.1074470529528158,0.2130360386488414,0.456272129090839,0.1391558535935006,0.1586236091056386,-165.7926116622602,361.5852233245204,412.1447937464353
2026-06-01T21:41:27,26,11,260011,"ARX(2,2)",-165.74207397475527,361.48414794951054,412.0437183714255,True,0,0.4885446442313813,2.683725231897862e-05,0.8442823538848968,0.2834112015878133,0.1577101144557311,8.314982298615744e-15,0.9820092233717018,0.4511146578556557,0.1796646699068161,0.5552128228157426,0.1054208535872383,0.2099056866963396,0.4516303499949449,0.1409745925157917,0.1672953733802789,-165.74207397473882,361.4841479494776,412.0437183713926
2026-06-01T21:43:34,26,12,260012,"ARX(2,2)",-165.84073905780042,361.68147811560084,412.2410485375158,True,0,0.1330316807309393,0.0621454869265751,0.9052090678698154,0.3127255496200963,0.114578626294892,4.63447645208068e-13,0.8322110062442806,0.4681002935110644,0.2296983226242142,0.5250767294179929,0.0696369885800682,0.2024969382002992,0.3093719141205217,0.1645529769521641,0.3215986244512138,-165.84073905788802,361.681478115776,412.241048537691
2026-06-01T21:47:00,26,13,260013,"ARX(2,2)",-165.92499068238396,361.8499813647679,412.40955178668287,True,0,0.7583120793161969,8.257752157988973e-06,0.7936072080679866,0.1910528461648604,0.2403986068127049,1.099200383882038e-12,0.9757973099464264,0.6420736401066175,0.1635313366463254,0.6096299388347777,0.1159964672787743,0.212131372282923,0.4558229646151139,0.1476699291151153,0.1361135021836205,-165.92499068200755,361.8499813640151,412.40955178593
2026-06-01T21:48:46,26,14,260014,"ARX(2,2)",-165.7245608356776,361.4491216713552,412.00869209327016,True,0,0.5692005554773206,8.122362553673787e-06,0.8279958844128535,0.2550373380409788,0.1809600630568306,0.0,0.975673240455616,0.5142341366541348,0.1738910580908309,0.5735965328955774,0.1081805768698382,0.2069915395905107,0.4679705067735603,0.1457067362633633,0.1438380969309506,-165.7245607813917,361.4491215627834,412.0086919846983
2026-06-01T21:53:00,26,15,260015,"ARX(2,2)",-165.72066693314807,361.44133386629613,412.0009042882111,True,0,0.5365555200667902,4.374686333799182e-05,0.8333599814903737,0.2671306855634421,0.1712261618317444,1.3690323008412075e-17,0.9791789441450092,0.4864702540028411,0.1769296765425113,0.5555538789127924,0.1061834363373131,0.2086890269260293,0.4746602459781785,0.1413193147432388,0.1431371248959878,-165.7206669328936,361.4413338657872,412.00090428770216
2026-06-01T21:56:22,26,16,260016,"ARX(2,2)",-165.8414433050972,361.6828866101944,412.2424570321093,True,0,0.1320244668409893,0.061742971288141,0.9056637646563716,0.3171097161707073,0.113774345312225,3.705850718974424e-22,0.8270187053124871,0.464895020985303,0.2300261872200605,0.5243734900413553,0.0688636683245245,0.2024130598060601,0.3120953947941023,0.1642069678025872,0.3202829431611205,-165.84144330496326,361.6828866099265,412.2424570318415
2026-06-01T21:59:27,26,17,260017,"ARX(2,2)",-165.7292271900168,361.4584543800336,412.0180248019485,True,0,0.5045208410648347,4.166454616642913e-05,0.8400668432087052,0.28024461876691,0.1614227761277936,1.4002668366803844e-06,0.9762078904731216,0.46321936728529,0.1790803102717823,0.5549809197231421,0.1040889121832168,0.2083530564712338,0.4800266762643029,0.1403526453002899,0.1419282871698884,-165.72922718975826,361.4584543795165,412.01802480143147
2026-06-01T22:02:49,26,18,260018,"ARX(2,2)",-165.7508781534717,361.5017563069434,412.0613267288583,True,0,0.4877762260274568,4.7985239570466366e-05,0.8435698835250659,0.2679118069110225,0.1569774580249801,1.8166872187631208e-12,1.022243798752651,0.4418404988795883,0.1810655417732862,0.553219693266728,0.1053066716341733,0.2082980131630803,0.4846278280473238,0.1333900274273159,0.1465980633922485,-165.7508781543849,361.5017563087698,412.0613267306848
2026-06-01T22:06:09,26,19,260019,"ARX(2,2)",-165.86736653011152,361.73473306022305,412.294303482138,True,0,0.5180623119427955,0.0185035304667436,0.8394989574057354,0.3175954898535473,0.1599696029642284,1.4469569561459976e-12,0.9157745681922648,0.4078684149575827,0.1773778792969681,0.575130776568629,0.1024682900762024,0.2081977603189386,0.4605750618332305,0.1433845662785788,0.1580651675624022,-165.86736653465016,361.7347330693003,412.29430349121526
2026-06-01T22:13:25,26,20,260020,"ARX(2,2)",-165.72219615675084,361.4443923135017,412.0039627354166,True,0,0.5796348390161132,5.187543326659279e-05,0.8265450123865824,0.2671975446747171,0.1804671121145419,4.680444534280664e-13,0.9650968708255212,0.5003943479381907,0.173178007313056,0.572822739054066,0.1072145557645818,0.2064171695129185,0.4782447850697877,0.1467474469381446,0.1343374730525318,-165.7221961678554,361.4443923357108,412.00396275762574
2026-06-01T22:16:30,26,21,260021,"ARX(2,2)",-165.84073842930434,361.6814768586087,412.2410472805236,True,0,0.1330738316519607,0.0621661863134528,0.9051966729821908,0.3126876691822621,0.1145845307164961,0.0,0.832359203413933,0.4680087893233967,0.2296952137789464,0.5251905187242263,0.0696441917232036,0.2025019892496998,0.3093685220715993,0.1645134034123683,0.3216330937260517,-165.8407384293406,361.6814768586812,412.24104728059615
2026-06-01T22:19:45,26,22,260022,"ARX(2,2)",-165.62732106577738,361.25464213155476,411.8142125534697,True,0,0.0534086081906796,0.0356698634582361,0.946477314149926,0.6247640073836066,0.0138251846095982,0.0332949994815211,0.7067741676536978,9.593380271736124e-07,0.297455977731147,0.6315476721512727,0.1522830892408265,0.1428073379270387,0.2257791023525847,0.1446872449692836,0.3963962920216745,-165.6273210559967,361.2546421119934,411.8142125339084
2026-06-01T22:22:44,26,23,260023,"ARX(2,2)",-165.82108350959126,361.6421670191825,412.20173744109746,True,0,0.762267934598345,7.013904646385654e-05,0.7972064124271663,0.2478366869626247,0.2196659267771436,1.3056697009038728e-12,0.958924665075902,0.5452318079455014,0.1629656572652318,0.5973907428125976,0.1142330592766425,0.1973380128797251,0.4622362043677722,0.1543302123002955,0.140596515412482,-165.8210835095864,361.6421670191728,412.2017374410877
2026-06-01T22:24:21,26,24,260024,"ARX(2,2)",-165.72298198309272,361.44596396618545,412.0055343881004,True,0,0.5325599768191013,5.2312497757504176e-05,0.8341553366100609,0.2773966317857004,0.1708190364000411,0.0,0.9768300556815418,0.4682704770635939,0.1772357997323777,0.5557238732913853,0.1064630955371846,0.2096030061966438,0.4721829022649619,0.1426963308912281,0.1427158354469872,-165.72298198321255,361.4459639664251,412.00553438834
2026-06-01T22:27:30,26,25,260025,"ARX(2,2)",-166.29122635432913,362.58245270865825,413.1420231305732,True,0,0.3911602152823716,0.0294165036441837,0.8667376112806903,0.3933711796839717,0.1188422263992942,4.589802972042838e-20,1.0017933871876226,0.1621742232402476,0.191059609231192,0.6145530087257425,0.0862386572734741,0.22724176001019,0.5438162102355376,0.1025378150841578,0.1192020204680596,-166.29122635983094,362.5824527196619,413.1420231415768
2026-06-01T22:30:13,26,26,260026,"ARX(2,2)",-165.71270674627362,361.42541349254725,411.9849839144622,True,0,0.0830332270580764,0.0428154633866345,0.9307881290242748,0.6145166052852912,0.0177827055991694,0.0319235224986602,0.7213420322249963,4.8973798245712414e-23,0.2845030256107934,0.5844202801062187,0.1385987859715604,0.1507867392784599,0.2783881460525965,0.1497857781161758,0.3402591867239493,-165.7127067462333,361.4254134924666,411.98498391438153
2026-06-01T22:32:07,26,27,260027,"ARX(2,2)",-165.72346535595122,361.44693071190244,412.0065011338174,True,0,0.5385461507468224,2.4176174346001656e-05,0.8331149579782441,0.2598938589807494,0.1734436050181363,1.927183932542731e-12,0.9802640781700848,0.499897430954269,0.1764699968224121,0.5583395720736792,0.1070184297233171,0.2107715073942624,0.4640949326776314,0.1425536063981726,0.1491129189415747,-165.72346535283083,361.44693070566166,412.0065011275766
2026-06-01T22:33:58,26,28,260028,"ARX(2,2)",-165.67840866627768,361.35681733255535,411.9163877544703,True,0,0.0748619717125698,0.043976356453004,0.9351580375081424,0.5921857479708662,0.0138614608818107,0.0319998710693641,0.7683000376179625,2.7976349155148507e-05,0.2938331426901178,0.5961941021217813,0.1479578863018196,0.1371503149990344,0.3126451971083099,0.1449126797596484,0.317059495268334,-165.6784084824708,361.3568169649416,411.9163873868565
2026-06-01T22:37:29,26,29,260029,"ARX(2,2)",-165.72670629036492,361.45341258072983,412.0129830026448,True,0,0.081742187994474,0.042589177770814,0.9307929317463236,0.6139551290708808,0.0180123662138906,0.0325605590589682,0.7224015883621137,0.0,0.2865186664999091,0.5929565784145053,0.1381314823455141,0.1539350473391043,0.2507729344843223,0.1485904505457747,0.3664867603234304,-165.72670631625036,361.4534126325007,412.01298305441566
2026-06-01T22:40:26,26,30,260030,"ARX(2,2)",-165.9434802471921,361.8869604943842,412.44653091629914,True,0,0.9085414142822884,0.0001601150303936,0.7788745481897139,0.2503971644843142,0.2352418311481638,9.059336163733637e-20,0.95560664453342,0.5432072432961231,0.1567623498139006,0.5997140182285123,0.1173119506875505,0.1952032534262714,0.5160304070006043,0.1481846414415691,0.0928795010091965,-165.94348020813544,361.8869604162709,412.4465308381858
2026-06-01T22:43:20,26,31,260031,"ARX(2,2)",-165.8916038105533,361.7832076211066,412.34277804302155,True,0,0.2285184138842105,0.0328032418019599,0.8855209906962314,0.2824890777524981,0.1460723437226362,4.034734727582588e-07,0.8647375435866637,0.5242636594528326,0.1951463993227929,0.5288014756167179,0.0780088300565609,0.2008913309364684,0.3607995667562864,0.1474285810724798,0.2878135140137031,-165.8916044721567,361.7832089443134,412.34277936622834
2026-06-01T22:46:15,26,32,260032,"ARX(2,2)",-165.82499621236377,361.64999242472754,412.2095628466425,True,0,0.7326520350936887,0.0005129525122601,0.7929000147885896,0.2674066584586412,0.2124787219966967,2.958009825718449e-18,0.9808015526523466,0.483302793956243,0.17115168358078,0.5750205927839458,0.115690992454201,0.1923605133141275,0.4829272561999755,0.1457418111219708,0.1339584498170231,-165.82499621210712,361.6499924242143,412.2095628461292
2026-06-01T22:48:13,26,33,260033,"ARX(2,2)",-165.73412053122422,361.46824106244844,412.0278114843634,True,0,0.5896627706582797,0.0005318412472019,0.8245287937708784,0.2835892364612261,0.1822937804708043,1.0464028082892398e-12,0.957686371310738,0.4740121206208307,0.1731741311512412,0.5700741567020008,0.1092990944836752,0.2063487143326729,0.4661024138273982,0.1462800702252337,0.1449338705439223,-165.73412053061926,361.4682410612385,412.0278114831535
2026-06-01T22:51:02,26,34,260034,"ARX(2,2)",-165.7182387108088,361.4364774216176,411.99604784353255,True,0,0.5420365386733965,1.1545753329215217e-05,0.8327594449043578,0.2704023720831281,0.1720596121076868,2.022549723297696e-17,0.97673288473109,0.4824381788810409,0.1763163795633694,0.5634923741156254,0.1062959246545917,0.2072619045719052,0.4747708493752886,0.1429117733942834,0.1423733452733237,-165.71823870860152,361.43647741720304,411.996047839118
2026-06-01T22:52:47,26,35,260035,"ARX(2,2)",-165.7696700646108,361.5393401292216,412.09891055113656,True,0,0.6577405222472856,2.211262786162367e-05,0.8102520026559814,0.2619385599016751,0.2004542446165857,5.377782377773157e-13,0.9535475777148706,0.5225253838422251,0.1703903303383955,0.5803505421317856,0.1121401521187844,0.2031797601926726,0.4180622431070924,0.1521160301679391,0.1827745979968527,-165.76967006334732,361.5393401266946,412.0989105486096
2026-06-01T22:54:58,26,36,260036,"ARX(2,2)",-165.72015113162843,361.44030226325685,411.9998726851718,True,0,0.5489533017817793,0.0006698751963308,0.831825026243347,0.2695696173401249,0.1741211573985492,5.288935446544221e-18,0.9743420740060376,0.4851285770298146,0.1756110734609295,0.5650488538370683,0.1072156450348191,0.2071766828382208,0.4618187156173628,0.1442528153615576,0.15309926613508,-165.72015113859783,361.44030227719566,411.9998726991106
2026-06-01T22:57:05,26,37,260037,"ARX(2,2)",-165.95008332019194,361.9001666403839,412.4597370622988,True,0,0.6682403254354666,4.743497919308729e-06,0.8088552715808426,0.1800521739947071,0.2189667273913297,2.1570395657874335e-12,0.9984902546939718,0.6413923875874785,0.167652221852751,0.5994688942571517,0.1143572468056344,0.2141996301656089,0.4494118626197895,0.1438038236563748,0.1474900685919233,-165.95008332014538,361.9001666402908,412.4597370622057
2026-06-01T22:59:31,26,38,260038,"ARX(2,2)",-165.72198347458345,361.4439669491669,412.00353737108185,True,0,0.573040235945371,4.474517102439306e-05,0.8271390868674504,0.2724949118214839,0.1768085195343165,1.3819858658225224e-08,0.9704476584598294,0.4844695190889322,0.1744511285058057,0.5655360875464492,0.1074069878614533,0.205716584361361,0.4892204138477983,0.142862247286732,0.1281027554720292,-165.7219834746896,361.4439669493792,412.00353737129416
2026-06-01T23:01:24,26,39,260039,"ARX(2,2)",-165.62075431674282,361.24150863348564,411.8010790554006,True,0,0.0026621326190721,0.0483186830529824,0.9870121776783226,0.6073006089455437,0.0068435643620676,0.014523895108309,0.737662029798583,1.5838783730031753e-18,0.3506724125845974,0.5633647738413472,0.1216435810412663,0.1890547997868317,0.386148184424197,0.0475211464384864,0.3226412129376973,-165.62075431675814,361.2415086335163,411.8010790554312
2026-06-01T23:04:54,26,40,260040,"ARX(2,2)",-165.86221317366272,361.72442634732545,412.2839967692404,True,0,0.6974384409246107,0.0001235375407421,0.8017519039649842,0.2622685209833504,0.2167528290712553,6.464274924774719e-08,0.9260824356792172,0.5490885632226103,0.1691434632288951,0.6125539627412678,0.1080074050527687,0.1990987870701205,0.5700594673180092,0.1424632846594712,0.0536858729723668,-165.86221316274154,361.7244263254831,412.283996747398
2026-06-01T21:36:48,27,1,270001,"ARX(2,2)",-165.72379482810436,361.4475896562087,412.00716007812366,True,0,0.5643447235838656,0.0004041057755656,0.8283187159783157,0.2648799331887323,0.1786242162227795,1.4962895043787385e-12,0.9835422226178094,0.4856960595350696,0.1753554940945695,0.5686262133613684,0.1070260190869556,0.2064435543966747,0.479207492131267,0.1422999712673961,0.1398419605029334,-165.72379482498826,361.4475896499765,412.00716007189146
2026-06-01T21:39:13,27,2,270002,"ARX(2,2)",-165.73752357185853,361.47504714371706,412.034617565632,True,0,0.6132534323798835,1.5738295784491793e-05,0.81956093766158,0.2594247277174652,0.191852350057319,2.5682140133019384e-08,0.9736016310785888,0.5075133795610571,0.1716987208502513,0.5739220180037624,0.1115859638235312,0.2099980876139672,0.4364720688605266,0.1488980828232395,0.1645304499754617,-165.73752357293418,361.4750471458684,412.0346175677833
2026-06-01T21:42:07,27,3,270003,"ARX(2,2)",-165.75837639292237,361.51675278584474,412.0763232077597,True,0,0.6637621935733612,0.0003347707699957,0.8117613904635738,0.2724461636785881,0.1978443886121175,2.8637240339470462e-09,0.9599064434008514,0.494448016214627,0.169241593965036,0.5825363114197726,0.1126711900145864,0.2046332864706565,0.472431498508064,0.1488153738971266,0.1332432657453008,-165.75837638905006,361.5167527781001,412.0763232000151
2026-06-01T21:43:44,27,4,270004,"ARX(2,2)",-165.72100069459793,361.44200138919587,412.0015718111108,True,0,0.526809192904736,0.0001397748908625,0.8359745390384742,0.2702881001613501,0.1684897253898246,4.826574740491414e-18,0.973960226116163,0.4851643813571248,0.1769880859281085,0.5631466854292815,0.1063035077205503,0.2086673437646009,0.4670173198212781,0.1427683117478591,0.1488363563929661,-165.72100069557837,361.4420013911568,412.0015718130717
2026-06-01T21:47:22,27,5,270005,"ARX(2,2)",-165.7185847633021,361.4371695266042,411.9967399485191,True,0,0.5561891049512512,4.093206064104252e-05,0.8306981780556453,0.2673274351923902,0.1751499726012192,7.342067646094021e-11,0.9787120958412718,0.4865446828221338,0.1751841130100586,0.565108366765333,0.1079134363520864,0.2076376347224313,0.4635040642322368,0.1439079798129056,0.1504285843731102,-165.71858476321233,361.4371695264247,411.9967399483396
2026-06-01T21:50:27,27,6,270006,"ARX(2,2)",-165.85121677101472,361.70243354202944,412.2620039639444,True,0,0.1395404411024217,0.0628925715471983,0.9037556284746924,0.3163446207782773,0.114740810892169,2.7419482980008618e-18,0.8360881342494766,0.4561311805753851,0.2282674219974166,0.5296615297356692,0.0711299601969044,0.1992332036994947,0.3407878121221284,0.1641286516990635,0.2936727775813274,-165.85121677065058,361.7024335413012,412.2620039632161
2026-06-01T21:55:20,27,7,270007,"ARX(2,2)",-166.54104356178294,363.0820871235659,413.6416575454808,True,0,0.2657989954437033,0.0958832400417739,0.856162789257898,0.3101913546268113,0.1475523777290989,1.5293990155910373e-18,0.8023409066817657,0.4634469561423708,0.2189991702414634,0.4637827655187034,0.0866286734361924,0.1968849641633264,0.3281917951221705,0.1671813843910637,0.2816245183622903,-166.54104356051724,363.0820871210345,413.6416575429494
2026-06-01T22:03:01,27,8,270008,"ARX(2,2)",-165.84098074923165,361.6819614984633,412.24153192037824,True,0,0.1326294374324833,0.0624286220939688,0.905346240656871,0.3117818714873173,0.1144425131314525,5.519728968159452e-07,0.8332618966232739,0.4684594368266569,0.2296321705363827,0.5243128394710195,0.0695238882423031,0.2025966049239977,0.3049787903657994,0.1648931017347125,0.3254013921888076,-165.84098074440843,361.6819614888169,412.2415319107319
2026-06-01T22:06:19,27,9,270009,"ARX(2,2)",-165.80246286341966,361.6049257268393,412.16449614875427,True,0,0.5818550071539529,0.0023547055887914,0.8252829054733607,0.2710227560219337,0.1678559457889524,7.305619695648382e-20,0.9900998321486364,0.4631929316678407,0.174756902102143,0.5740486466259412,0.0967144654296937,0.2014670769399819,0.546034600363963,0.1445487049736017,0.0856248558569716,-165.80246286060344,361.6049257212069,412.1644961431218
2026-06-01T22:08:09,27,10,270010,"ARX(2,2)",-165.72032142293716,361.4406428458743,412.00021326778926,True,0,0.5670779621937495,4.014680237995682e-05,0.8273718379410974,0.2622429350510374,0.1798493437439648,1.8225868763716693e-13,0.981232399138806,0.4941952135410785,0.1752757613160143,0.5716696152861855,0.1080020497936526,0.2063518728856971,0.481183296145137,0.1428679018859647,0.1354227341441233,-165.72032142316505,361.4406428463301,412.000213268245
2026-06-01T22:10:26,27,11,270011,"ARX(2,2)",-165.8409472480899,361.6818944961798,412.2414649180947,True,0,0.1337343625633817,0.0622871623442472,0.9049066615946008,0.3132165277515063,0.1149874951068174,2.341071642235953e-17,0.8295601202129341,0.4697275407248447,0.2295052474909752,0.5245323854004124,0.0696439564146033,0.202740027567519,0.3102214607792619,0.1654068582555147,0.3195964860897161,-165.84094724795406,361.6818944959081,412.2414649178231
2026-06-01T22:12:34,27,12,270012,"ARX(2,2)",-165.67978222280004,361.3595644456001,411.919134867515,True,0,0.0764716306977578,0.0441474246951005,0.934671028879344,0.5946878239083545,0.0140520221668026,0.031772232117312,0.7626238200864933,7.023235187443959e-18,0.2911412703588359,0.59452388387093,0.1466217552902002,0.137088589388488,0.3215308229606347,0.1446662351394848,0.3090691321606745,-165.67978222171058,361.3595644434212,411.9191348653361
2026-06-01T22:15:42,27,13,270013,"ARX(2,2)",-166.730649814401,363.461299628802,414.02087005071695,True,0,1.974840089754296,0.0004626562907439,0.6704607087649616,0.220929128175078,0.3746654805059841,7.437840893434827e-17,0.9268370841211868,0.6297259365076779,0.1325248896992742,0.6493174774163576,0.134445116685568,0.1868027368354217,0.4986547466137028,0.1507025507967141,0.0921335353081155,-166.73064982323336,363.4612996464667,414.02087006838167
2026-06-01T22:17:36,27,14,270014,"ARX(2,2)",-166.72632503680933,363.45265007361866,414.0122204955336,True,0,0.855851795211125,0.0391653864212037,0.715092509594754,0.400702418988772,0.1747129476940211,0.0202306472704638,0.9950722518735414,0.1448754610661743,0.2017089946972172,0.6326679203229879,0.1076522946322623,0.2219023631159773,0.5605494939528939,0.0928650023231432,0.0896237827852238,-166.72632501973646,363.4526500394729,414.0122204613879
2026-06-01T22:22:06,27,15,270015,"ARX(2,2)",-165.88030228732873,361.76060457465746,412.3201749965724,True,0,0.2252007480085042,0.0370730167655889,0.8860457031448093,0.2787411691352557,0.1477688459638134,6.000863638475783e-18,0.8616514560264915,0.5253372332995127,0.1954278905422824,0.5594309191835226,0.0761632691827742,0.1979938029913897,0.3710311649031828,0.1513724859642458,0.2782094047859433,-165.88030228359102,361.7606045671821,412.320174989097
2026-06-01T22:25:43,27,16,270016,"ARX(2,2)",-165.69755957506746,361.3951191501349,411.95468957204986,True,0,0.0794324205698524,0.0429373500648496,0.9321339781257942,0.6067778593444445,0.0158970553353772,0.0328044335184308,0.7384619008514792,2.809856278817533e-19,0.29058637494575,0.5899264707834723,0.1459541684406143,0.1459714254486149,0.2765107335681945,0.1477924161234402,0.3422103510089617,-165.69755957538453,361.39511915076906,411.954689572684
2026-06-01T22:28:41,27,17,270017,"ARX(2,2)",-126.47970761984149,282.959415239683,333.5189856615979,True,0,0.3681436350433412,4.688670567743427,0.1655094626411439,0.69535419021249,0.33507653450308,0.8344919625251834,0.3865658560882123,0.1006950334425981,0.3656579328313753,0.0933348137688892,0.0982923399516434,0.2969202269314549,0.3507125901369222,0.1255339877674654,0.2233177429867003,-126.47970762006764,282.9594152401353,333.5189856620502
2026-06-01T22:30:51,27,18,270018,"ARX(2,2)",-165.72420665389188,361.44841330778377,412.0079837296987,True,0,0.5771516983486673,5.644313145530288e-06,0.8258898434120353,0.2606987023977586,0.1830204636507234,5.5319986417635534e-08,0.9761826814612125,0.5024076963130925,0.1739739222245951,0.5779466429119221,0.1082675111678838,0.2062779141914192,0.452713032674043,0.1468351058348319,0.1582067546728463,-165.72420664332344,361.4484132866469,412.0079837085618
2026-06-01T22:32:54,27,19,270019,"ARX(2,2)",-165.76049365846757,361.52098731693513,412.0805577388501,True,0,0.4654342754565121,4.14919557430706e-05,0.8491679063260118,0.2799300110132554,0.1488303938749507,1.1709783230481144e-18,1.0069421461308077,0.4331197604151968,0.1818763343944266,0.5395384694180506,0.1039596517146701,0.2086617463657991,0.4800464507903123,0.1342910458966579,0.1502762378404581,-165.7604936589021,361.5209873178042,412.0805577397192
2026-06-01T22:36:50,27,20,270020,"ARX(2,2)",-165.95871645993475,361.9174329198695,412.47700334178444,True,0,0.8703421657121375,2.407354308734732e-05,0.78112399735442,0.2199331516152717,0.2473587308993758,1.1320918051257705e-13,0.9627415565463036,0.597322595938589,0.1588762848938351,0.6417333440992595,0.1186981928193275,0.200784511858585,0.5207179713706908,0.148941015666343,0.0798295872086332,-165.95871646047715,361.9174329209543,412.4770033428693
2026-06-01T22:40:56,27,21,270021,"ARX(2,2)",-165.73474100845004,361.4694820169001,412.02905243881503,True,0,0.6155491716935927,2.5178213761741355e-06,0.8211371244986526,0.2680095421223987,0.1828628458489599,1.1300537915617112e-16,0.9849992657587002,0.4789763519290094,0.171248692857539,0.5651686167941706,0.108481911392072,0.2013125915614892,0.4817833725565374,0.1431761369305443,0.1389272434057032,-165.73474100738954,361.4694820147791,412.029052436694
2026-06-01T22:45:49,27,22,270022,"ARX(2,2)",-165.71976483939153,361.43952967878306,411.999100100698,True,0,0.5596171826542485,1.9639822495724204e-05,0.8290553484396121,0.2729734544963408,0.176968880313395,6.125630836660839e-16,0.9723767966898824,0.4816352581343655,0.1750597936223016,0.5604713011505791,0.1062674149121455,0.2082577240755734,0.4733881317105229,0.142758846619027,0.1422942582629845,-165.71976484035235,361.4395296807047,411.9991001026197
2026-06-01T22:48:03,27,23,270023,"ARX(2,2)",-165.69787156443823,361.39574312887646,411.9553135507914,True,0,0.0805893863238164,0.0438610441369001,0.9330960334661056,0.6007226472500585,0.0151904005046276,0.0313435421572014,0.7497875364997233,2.9012200637205447e-21,0.2845044698936646,0.5831319763691287,0.1470490559225332,0.1426782597117529,0.3106883899934655,0.1476733355215144,0.3076236444883341,-165.69787175337763,361.3957435067553,411.9553139286703
2026-06-01T22:52:06,27,24,270024,"ARX(2,2)",-165.7845189060278,361.5690378120556,412.12860823397057,True,0,0.4400035310802914,0.0001756297046769,0.853505721502942,0.2731498666897911,0.1448985274674245,1.1709195021446888e-06,1.0131315375875192,0.4402315116507118,0.1852728845770102,0.5477874601349594,0.1048842644282984,0.2054863523395967,0.4765153371322758,0.1335737852313007,0.1576538293968555,-165.7845188369841,361.5690376739682,412.1286080958831
2026-06-01T22:56:20,27,25,270025,"ARX(2,2)",-165.84077943151345,361.6815588630269,412.24112928494185,True,0,0.1333065639795214,0.0622966149896958,0.9051512991371924,0.3129261445389102,0.1146279539190456,2.088756025978636e-15,0.8333383694589604,0.4663888985959757,0.2294889283534444,0.5256718552670191,0.0695278341338616,0.202019886538956,0.3090729332363632,0.1643603191330035,0.3226916628512346,-165.84077943145775,361.6815588629155,412.2411292848304
2026-06-01T23:00:10,27,26,270026,"ARX(2,2)",-165.7342357697578,361.4684715395156,412.0280419614305,True,0,0.580700649205664,7.972296671986329e-06,0.8251663206905749,0.246000721965857,0.1842676200627155,0.0,0.9879774693451993,0.5200032430164322,0.1739439561892717,0.5737235343371359,0.1093084875069972,0.2078719335800342,0.4690419042178779,0.1441992263957919,0.1425427644085173,-165.73423576994992,361.46847153989984,412.0280419618148
2026-06-01T23:03:17,27,27,270027,"ARX(2,2)",-165.84163465363298,361.68326930726596,412.2428397291809,True,0,0.1335803402308258,0.0626173803053649,0.9048085830030506,0.3111851840754469,0.1156303729739333,1.0413889615597989e-18,0.830956094525722,0.4716458381321128,0.2291710697160268,0.5278441695897222,0.0698998431921949,0.2023578165797338,0.2996531236463159,0.165293328930551,0.3296679719341304,-165.84163464971112,361.6832692994223,412.2428397213372
2026-06-01T23:05:45,27,28,270028,"ARX(2,2)",-165.7303640778968,361.4607281557936,412.02029857770856,True,0,0.5248515283334986,2.375944553264743e-05,0.8355110286261064,0.277037934510489,0.1715566354499081,1.754202151902481e-15,0.9626419433352664,0.4832334719356492,0.1772280858572683,0.5544817125634471,0.1048098455209225,0.2110219772831442,0.4473253445217279,0.1430711116541056,0.1675929459732693,-165.730364077826,361.460728155652,412.02029857756696
2026-06-01T23:07:10,27,29,270029,"ARX(2,2)",-165.72056428452893,361.44112856905787,412.0006989909728,True,0,0.5775111620191259,6.358400273298438e-05,0.8264366059932632,0.2661519298052905,0.1806237019402291,2.6979962264661306e-08,0.978237085514409,0.489324247929239,0.1737356365528901,0.5692371520175834,0.1073954578281941,0.2051320787806998,0.469263031751314,0.1443133676935094,0.1471591822727831,-165.7205642825566,361.4411285651132,412.00069898702816
2026-06-01T23:09:25,27,30,270030,"ARX(2,2)",-165.73020103942866,361.4604020788573,412.01997250077227,True,0,0.5226990516524532,0.0007016558529404,0.8355704931773331,0.2747483990089249,0.1659330218098429,4.983645472069246e-15,0.9874112933267876,0.4617012683500052,0.1788172465741379,0.5511687338615014,0.1043969929759416,0.2062674118174056,0.5029987203348413,0.1385383780748214,0.1232918164481892,-165.73020103904437,361.4604020780887,412.0199725000036
2026-06-01T23:11:38,27,31,270031,"ARX(2,2)",-165.67785661191263,361.35571322382526,411.9152836457402,True,0,0.0771270403351658,0.0443307077332587,0.9337954135168866,0.5889099376768825,0.0135419151565646,0.0327325009397438,0.7749770399802627,1.117261235416639e-18,0.2927203745749683,0.5983816380743289,0.1482994751361971,0.1363486637929496,0.313948323673512,0.1448219405023038,0.3156545800879445,-165.67785661235723,361.35571322471446,411.9152836466294
2026-06-01T23:13:34,27,32,270032,"ARX(2,2)",-165.82584252829332,361.65168505658664,412.2112554785016,True,0,0.6383796670611719,0.0131525365604391,0.8143345366462982,0.2925727234314866,0.1965252783053902,1.0422608834764758e-15,0.917572235800278,0.466796216077092,0.1714523602070659,0.6009724124758523,0.1077491255655253,0.2081242553949676,0.46931275969116,0.1490973583125243,0.137074343365349,-165.8258425275974,361.6516850551948,412.2112554771097
2026-06-01T23:16:45,27,33,270033,"ARX(2,2)",-165.71828234770015,361.4365646954003,411.99613511731525,True,0,0.5468403576425462,3.2347720666303536e-05,0.8317571548737924,0.2697266885098754,0.1744933236334586,2.463746120294244e-06,0.9709477131805048,0.4895303984538195,0.1758655319447653,0.5679010461341267,0.1065439450458229,0.2086793935252531,0.4714059619152418,0.1430441430011765,0.1438775303653435,-165.71828234815928,361.43656469631856,411.9961351182335
2026-06-01T23:19:32,27,34,270034,"ARX(2,2)",-165.75373390615744,361.50746781231487,412.0670382342298,True,0,0.6253777271613131,8.664222517824972e-05,0.8156835409430329,0.2569817529174892,0.1939601992313406,2.8498215670013323e-17,1.0057946586257762,0.4800522288759479,0.1731102433765836,0.5763289267214028,0.1093867285528162,0.202019318846131,0.5097533077563913,0.1426055694366236,0.1112381018119311,-165.75373390560645,361.5074678112129,412.0670382331279
2026-06-01T23:21:35,27,35,270035,"ARX(2,2)",-165.83432951873192,361.66865903746384,412.2282294593788,True,0,0.7008968322238404,2.164985381172548e-05,0.8046362859518188,0.2402329138550586,0.2214514124790516,1.6247238907918604e-10,0.9169498980623714,0.6025271504730406,0.1651229344916731,0.6196358677320477,0.1124631459207824,0.2089975385270635,0.4078327298001018,0.1554733803430589,0.1813869889166134,-165.83432951875312,361.6686590375063,412.2282294594212
2026-06-01T23:26:25,27,36,270036,"ARX(2,2)",-165.74269232569986,361.4853846513997,412.04495507331467,True,0,0.552347454818359,0.000263120894087,0.8331334308160941,0.2757736359815211,0.1691616794474065,2.1180499926338405e-13,0.9942251287250218,0.4536934616724636,0.1746249423125173,0.5642417075080192,0.1095082736817056,0.2031963011676771,0.4314709423391139,0.143233437207166,0.1854097990554155,-165.7426923262131,361.4853846524262,412.0449550743412
2026-06-01T23:30:39,27,37,270037,"ARX(2,2)",-165.88704147754083,361.77408295508167,412.3336533769966,True,0,0.8076591356085502,0.002794440297185,0.7899392193078323,0.2404689792559188,0.2310680960976744,0.0,0.9547712347626692,0.5573143368836512,0.1615205735168929,0.6350279123820642,0.1145502500446506,0.1927758421587838,0.4610341400308294,0.1509775625215653,0.1499328498788882,-165.88704147671285,361.7740829534257,412.3336533753407
2026-06-01T23:33:14,27,38,270038,"ARX(2,2)",-165.72022125237748,361.44044250475497,412.0000129266699,True,0,0.5365880281164211,1.50764556230953e-05,0.8344428263094447,0.2705036975574244,0.1707402596276774,9.9035094154368e-19,0.968488077693754,0.4904730750139692,0.1758440700576694,0.5617046219440185,0.1060899282486053,0.2100244397303707,0.4635777390925693,0.1446014869189115,0.1488688153114622,-165.7202212495351,361.4404424990702,412.0000129209851
2026-06-01T23:36:15,27,39,270039,"ARX(2,2)",-165.72054629617224,361.4410925923445,412.00066301425943,True,0,0.5739980997621467,4.49487777044038e-05,0.8271289915996559,0.2631251709848881,0.1804899430716747,2.4168364462970987e-11,0.9725638957884,0.5010883016004771,0.1739412135570436,0.5702739359000232,0.1083335122467817,0.2064726177103343,0.4612897034000129,0.1459299343997839,0.1509034292186382,-165.7205462959298,361.4410925918596,412.00066301377456
2026-06-01T23:39:20,27,40,270040,"ARX(2,2)",-165.7289594782796,361.4579189565592,412.0174893784741,True,0,0.5597411814190728,2.959091056372478e-05,0.8303285001332668,0.2734676959374256,0.1736055177014173,1.2427482002009577e-12,0.9577070822188176,0.4952962685325344,0.1741121809118614,0.5599707875994571,0.1071333811718353,0.2053784730617595,0.4421952278054302,0.1465729388221065,0.1695093855446441,-165.72895947742938,361.4579189548588,412.0174893767737
2026-06-01T21:20:59,28,1,280001,"ARX(2,2)",-165.7307389641913,361.4614779283826,412.0210483502975,True,0,0.5854408855154397,4.616716606394848e-05,0.8249458965299322,0.2582127278066402,0.1853478982514046,1.1433336863295243e-07,0.96886431522004,0.51460491013335,0.1730956082177411,0.588124452569953,0.1095059519570759,0.2066317225016515,0.4473894213487727,0.1485598449044278,0.1597550624414711,-165.73074664242574,361.4614932848515,412.0210637067664
2026-06-01T21:24:25,28,2,280002,"ARX(2,2)",-165.74572737895028,361.49145475790056,412.0510251798155,True,0,0.5328048725372615,0.002991357896744,0.8313960341776249,0.2749649535153625,0.1745359068318641,0.0006540957365184,0.968452906782369,0.4755708131179129,0.179415261303258,0.5753856697381192,0.1062575260259222,0.2081000418414087,0.4709378099302887,0.1446886684880579,0.1430276258347151,-165.7457271924506,361.4914543849012,412.05102480681614
2026-06-01T21:29:19,28,3,280003,"ARX(2,2)",-165.7200852179675,361.440170435935,411.99974085784993,True,0,0.5532961560213661,0.0001863455500927,0.8298396201663368,0.2694166211128789,0.175705588926,4.786304066011185e-13,0.9699424854826488,0.4908226651900665,0.1757322635391803,0.5701227943652373,0.1073819379051171,0.2055991658433104,0.4647750752493312,0.1447725601398732,0.1502304458725071,-165.7200850229455,361.440170045891,411.999740467806
2026-06-01T21:32:55,28,4,280004,"ARX(2,2)",-165.76186569056154,361.52373138112307,412.083301803038,True,0,0.6563107007159485,2.3589535634953283e-05,0.8114209394688059,0.2443300169374416,0.2055569239973437,1.5844981089004578e-17,0.9684085706839556,0.5428743814973985,0.1692450225867199,0.5941686820768597,0.1121327294465458,0.2054249556930757,0.4603925834364683,0.147046057687832,0.1460017143983951,-165.76186568765118,361.5237313753024,412.0833017972173
2026-06-01T21:36:06,28,5,280005,"ARX(2,2)",-165.7188881900179,361.4377763800358,411.99734680195075,True,0,0.5501596246708974,3.109984588533903e-05,0.8321737495190629,0.2698637596143074,0.1737727224136706,1.7982903299531315e-16,0.9701035035073426,0.4901025330257679,0.175029165874737,0.5713234694030502,0.1072570035047985,0.2061429595315703,0.4706682465183085,0.1448846299364106,0.1442388794528428,-165.71888819011323,361.43777638022647,411.9973468021414
2026-06-01T21:39:10,28,6,280006,"ARX(2,2)",-165.7190489153802,361.4380978307604,411.99766825267534,True,0,0.56690623911044,3.688881126789169e-05,0.8279170484662145,0.2667396654781986,0.1795758455684183,1.5027805862582768e-16,0.9745209207171552,0.4919199875715883,0.1748584508811979,0.5709118619849153,0.1083061793659503,0.2073082746608877,0.468385598097343,0.1457513889658669,0.1436393366804061,-165.71904891446025,361.4380978289205,411.9976682508354
2026-06-01T21:42:27,28,7,280007,"ARX(2,2)",-165.87128827512652,361.74257655025303,412.302146972168,True,0,0.1423816683131277,0.0625821458219921,0.9010956953881726,0.3201893593996768,0.1185398475004306,8.626393186176117e-20,0.8172058161744723,0.4694163982941932,0.2283790199174135,0.4984832138231217,0.0765906401351388,0.2103712200547512,0.2931437792337593,0.1651434386243475,0.3197909900592379,-165.87128827512674,361.7425765502535,412.3021469721684
2026-06-01T21:45:21,28,8,280008,"ARX(2,2)",-165.71784488069295,361.4356897613859,411.99526018330084,True,0,0.5542582364392836,2.4686344807754693e-05,0.830426137496766,0.269611782598335,0.1754105062273672,3.6175049801113775e-14,0.9729964801587936,0.487727724154132,0.1754999274874682,0.5654237486346061,0.1067778594321017,0.2074599157421774,0.4749795788301842,0.1437197885654776,0.1406140246142578,-165.7178448815378,361.4356897630756,411.9952601849905
2026-06-01T21:47:57,28,9,280009,"ARX(2,2)",-165.4356679321135,360.871335864227,411.4309062861419,True,0,0.041626549554509,0.0396402713525876,0.9545256597765566,0.5620698437815613,0.0084824229989569,0.0307023636270986,0.83616118508009,4.853788520117098e-07,0.3174636672814906,0.6222788054812529,0.1607896376123528,0.1021647646201427,0.3921896039211099,0.1288801073789162,0.2873814012887439,-165.43566793255115,360.8713358651023,411.4309062870173
2026-06-01T21:49:41,28,10,280010,"ARX(2,2)",-165.85801323970935,361.7160264794187,412.27559690133364,True,0,0.1338283980859046,0.0634960640733786,0.9036276954191548,0.3004749348106587,0.1183841477214595,2.3536899947538734e-17,0.8242628998025006,0.4983409290005907,0.2288054055017116,0.5214586616284483,0.0710875964855587,0.2070740823970025,0.2626141621528562,0.1670198384566446,0.3568438145393949,-165.85801323960823,361.71602647921645,412.2755969011314
2026-06-01T21:51:53,28,11,280011,"ARX(2,2)",-166.0512510041426,362.1025020082852,412.66207243020017,True,0,0.9372603121430184,0.0020000627320756,0.7707370481746645,0.2119584967683423,0.2813289282687199,3.27046673237111e-08,0.8809888929627132,0.6880614940969889,0.1547665509381434,0.702660845873925,0.1224520252420681,0.2008511652726071,0.3927998280749446,0.1642356363443193,0.1802546551173036,-166.0512509959214,362.1025019918428,412.66207241375776
2026-06-01T21:53:26,28,12,280012,"ARX(2,2)",-166.0337921727754,362.0675843455508,412.62715476746575,True,0,0.2140475434953913,0.0697144060615565,0.8822415913585283,0.2954774772506034,0.1351801128903785,1.6445424059492812e-18,0.8620514876030102,0.4615473166491765,0.2083437143196468,0.5196893386249882,0.090253623583764,0.199992292091361,0.3337650572188503,0.1595454411662377,0.2814854295456582,-166.0337921717621,362.0675843435242,412.6271547654391
2026-06-01T21:55:30,28,13,280013,"ARX(2,2)",-166.30023512323805,362.6004702464761,413.16004066839105,True,0,0.3898191976166854,0.0320701471699127,0.8648524519130341,0.4180507218769384,0.1191669341835473,3.030405395758969e-18,0.9850818733235096,0.1242952771212564,0.193707257762104,0.6481960326038689,0.0829827576139484,0.2248225670955331,0.5842277604793107,0.0943371709788407,0.0916480424965092,-166.30023512324948,362.60047024649896,413.1600406684139
2026-06-01T21:58:08,28,14,280014,"ARX(2,2)",-165.67768999609027,361.35537999218053,411.9149504140955,True,0,0.0763425259618755,0.0441789837569625,0.9342556412960008,0.5896091797796115,0.0130735510253484,0.0326246402652347,0.7739959629539239,7.848167092983138e-07,0.2944894692639381,0.594343096073561,0.150372054034799,0.1352855240012125,0.3219979688507696,0.1448418280291453,0.307182602601682,-165.67769000661488,361.35538001322976,411.9149504351447
2026-06-01T22:01:14,28,15,280015,"ARX(2,2)",-165.81299048870287,361.62598097740573,412.1855513993207,True,0,0.6501361746100274,0.0001990436294515,0.8187292700948997,0.2621985991690067,0.18504606871478,2.368519937357866e-14,1.00791526137811,0.4672477263496246,0.1678486121534696,0.564305457732766,0.1168026034529551,0.2031550443484669,0.3892732629282211,0.155634525219416,0.2051064166727244,-165.81299048866822,361.6259809773365,412.1855513992514
2026-06-01T22:04:34,28,16,280016,"ARX(2,2)",-165.72185752650398,361.44371505300796,412.0032854749229,True,0,0.5592610134038389,0.001029950537898,0.8293566808271833,0.262575211331066,0.1776452713613452,1.2843421036615478e-13,0.9759662903108488,0.4966327928547933,0.1750286192152856,0.5703167648904063,0.1073552875913529,0.2079113217212594,0.4682566608759282,0.1439993448930718,0.1457112686510271,-165.7218574757797,361.4437149515594,412.0032853734744
2026-06-01T22:10:32,28,17,280017,"ARX(2,2)",-165.72405625232125,361.4481125046425,412.00768292655744,True,0,0.5156858941981094,2.022406032713637e-05,0.8378527555983856,0.2726262914123864,0.1653142357207667,1.4406145233911514e-15,0.9828898346593586,0.4718166087561808,0.1783130461843233,0.5568101189236706,0.1053357882077564,0.2076729568207074,0.4858516749807922,0.1398228830078809,0.1363571791034919,-165.72405625222768,361.44811250445537,412.0076829263703
2026-06-01T22:14:11,28,18,280018,"ARX(2,2)",-165.7354852690807,361.4709705381614,412.03054096007634,True,0,0.5442761102667705,0.0016573372825149,0.8333483789776668,0.2745924240239367,0.1748024969075032,7.188112351706363e-05,0.955699336682912,0.491532277069138,0.1749762322984623,0.5868353742489029,0.1075838436417611,0.208023153204914,0.4424731009723302,0.1480335962557841,0.165978283229507,-165.73548526939854,361.4709705387971,412.030540960712
2026-06-01T22:18:16,28,19,280019,"ARX(2,2)",-165.72291996938117,361.44583993876233,412.0054103606773,True,0,0.5407828682939887,0.0009177872551288,0.8340181899667944,0.2693077808159675,0.1716043803900485,1.6034598905629534e-13,0.967420123147506,0.4920593738390562,0.175710873355086,0.5643537656779466,0.1078836984581724,0.2070443744666033,0.4600383067346241,0.146952042969498,0.151154079177633,-165.72291989607146,361.4458397921429,412.00541021405786
2026-06-01T22:20:10,28,20,280020,"ARX(2,2)",-166.50632857163663,363.01265714327326,413.5722275651882,True,0,2.3289223702616653,0.0525814461272113,1.9421145094927507e-08,0.5796833921385662,0.0005374438908901,0.498635444589268,0.8012459002909565,0.0,0.2302984584095087,0.4365511918749209,0.1032791388994054,0.2180086585608902,0.4769694499858349,0.0520589270020716,0.2158444628162187,-166.50632857522297,363.01265715044593,413.5722275723609
2026-06-01T22:23:51,28,21,280021,"ARX(2,2)",-165.71985142490684,361.43970284981367,411.9992732717286,True,0,0.5477723962537826,5.049169146608559e-05,0.8322831256150699,0.2752779105416771,0.1725880967050019,5.9282177361438155e-15,0.9687041661071242,0.4806327717102977,0.1754264411603351,0.5698226437209732,0.1064165280122276,0.2072828702781396,0.4697093137983844,0.1438678405779649,0.1460644192305502,-165.7198514234108,361.4397028468216,411.9992732687365
2026-06-01T22:26:34,28,22,280022,"ARX(2,2)",-165.71958101084186,361.4391620216837,411.99873244359867,True,0,0.5423221359252997,1.417734135727911e-05,0.8319549357022198,0.2662837171114503,0.1752134507171684,1.1684292845608468e-16,0.9705122246103702,0.4968901654057196,0.1762965424608989,0.5659901796843821,0.1069668516004111,0.2094627576480699,0.4638507413111037,0.1440388391609211,0.1483460030466266,-165.71958100986404,361.4391620197281,411.998732441643
2026-06-01T22:30:45,28,23,280023,"ARX(2,2)",-165.84424596626548,361.68849193253095,412.2480623544459,True,0,0.1318540494870519,0.0613628983975471,0.9055476954392312,0.3168111715158463,0.1137752654404588,1.1849368612190769e-23,0.8185297600892013,0.4750464062627236,0.23038758937814,0.5180854458769379,0.0685732949071359,0.2034705546976032,0.317607760364207,0.1661384524443966,0.3121137076742636,-165.8442458765108,361.6884917530216,412.2480621749365
2026-06-01T22:33:57,28,24,280024,"ARX(2,2)",-165.7180006823636,361.4360013647272,411.99557178664213,True,0,0.5585957078997867,3.0062691996966068e-05,0.8299719594210725,0.2677142616413432,0.1758330230647435,1.0865951880278513e-13,0.975004634843913,0.4895036910038052,0.1751327335510299,0.5662278698247136,0.1076657584793546,0.2072670967543239,0.4683946906218115,0.1438090372640351,0.1463834600340259,-165.71800068350564,361.4360013670113,411.9955717889262
2026-06-01T22:36:17,28,25,280025,"ARX(2,2)",-165.71903184150275,361.4380636830055,411.99763410492045,True,0,0.5565307652797654,2.330977730370777e-05,0.8301691862260823,0.2664718432898795,0.1760369105565372,1.3406114405169577e-11,0.9676307424336096,0.4993759700315821,0.1751108406811909,0.5691707843048327,0.1072440494407201,0.2070946929326327,0.4643983329414929,0.1450700369697328,0.1490710921180787,-165.7190318354061,361.4380636708122,411.9976340927272
2026-06-01T22:41:22,28,26,280026,"ARX(2,2)",-165.92418605431334,361.8483721086267,412.4079425305416,True,0,0.1303276477575281,0.0576337111979136,0.9088415772192932,0.3399565609111464,0.0983957432948489,0.0054766544087388,0.8907287987584116,0.3620166551795061,0.233083973605424,0.5379674369113429,0.072383377988046,0.1892161449222994,0.3807842871540703,0.1521215472759179,0.282365295238213,-165.92418605421074,361.8483721084215,412.4079425303364
2026-06-01T22:44:18,28,27,280027,"ARX(2,2)",-165.72865241630143,361.45730483260286,412.0168752545178,True,0,0.5453497430853319,1.29998585739045e-05,0.8330761688681687,0.2667198297772046,0.1747922942290779,8.157265409955448e-21,0.973426802716754,0.4931046513792621,0.1755339929997196,0.5822761388082385,0.1093186532007764,0.2120998240959416,0.4448692905977505,0.1431450258784889,0.1634546196232143,-165.72865241700663,361.45730483401326,412.0168752559282
2026-06-01T22:46:35,28,28,280028,"ARX(2,2)",-165.75550378370974,361.5110075674195,412.0705779893344,True,0,0.6332426300437352,9.478575276233752e-06,0.8161440010682021,0.2389918323188862,0.197471676503749,9.697799563169282e-11,0.981024590712668,0.5409698126402968,0.1701964470925908,0.5764863924863024,0.110891669729896,0.2076493071866844,0.4609661259540693,0.1454532303446409,0.1464116310908949,-165.7555037814499,361.5110075628998,412.0705779848148
2026-06-01T22:50:59,28,29,280029,"ARX(2,2)",-165.71893537810848,361.43787075621697,411.9974411781319,True,0,0.5530934920312618,9.924270743787207e-06,0.8304837023360226,0.267921728429646,0.1758124935765358,1.882777438875e-13,0.9772274737261356,0.4869078505694058,0.1757690919889616,0.5727301709954503,0.1068934267244334,0.2062808394052452,0.4808827575532808,0.1422459986729797,0.1377801942227096,-165.71893537149566,361.4378707429913,411.9974411649063
2026-06-01T22:54:04,28,30,280030,"ARX(2,2)",-165.90640381634006,361.8128076326801,412.37237805459506,True,0,0.107079688991889,0.0464644313042939,0.9194973474657804,0.5918682249332581,0.0259755321339855,0.0330095879960903,0.7407034867912159,0.0226359121510434,0.261647706140832,0.5885064112644364,0.1188135462600421,0.177971059544427,0.2405253479721216,0.1611258772441898,0.355283505058204,-165.90640381644914,361.8128076328983,412.3723780548132
2026-06-01T22:56:56,28,31,280031,"ARX(2,2)",-166.33771589355672,362.67543178711344,413.2350022090284,True,0,1.0384661444652796,4.934617288032745e-05,0.7685905485560872,0.2780927900466257,0.209474276595076,3.4649295437019016e-17,1.0545987154998615,0.3891156096308902,0.1542959128646989,0.5325166834855366,0.1164328585936069,0.1909553152753013,0.4549343972574375,0.1350971197474584,0.1781869760479521,-166.33771589660572,362.6754317932114,413.2350022151264
2026-06-01T22:59:40,28,32,280032,"ARX(2,2)",-165.7337283207977,361.4674566415954,412.02702706351033,True,0,0.6163901454898475,3.678193142984447e-05,0.8197883228262004,0.2542001739108651,0.1903364914139236,7.598463355651458e-16,0.9785187590167878,0.5129981216639842,0.1712397369400139,0.5764249280818416,0.1107491680685913,0.2065708824395631,0.4627968614393364,0.1467111728107017,0.1451058621629768,-165.73372832056486,361.4674566411297,412.0270270630447
2026-06-01T23:03:22,28,33,280033,"ARX(2,2)",-165.6771650951116,361.3543301902232,411.91390061213815,True,0,0.0764896976602224,0.044304309206833,0.9342903535193976,0.5904148322376216,0.0135377598613981,0.0324035670522585,0.77196236715413,3.5891965451721753e-19,0.2933276530319875,0.5951069093918095,0.1488434561819777,0.1360831161889892,0.3190689223403892,0.1444185506337651,0.3113863301964114,-165.67716509537388,361.35433019074776,411.9139006126627
2026-06-01T23:06:27,28,34,280034,"ARX(2,2)",-165.94848336363208,361.89696672726416,412.4565371491791,True,0,0.1706642921516951,0.0654074593592529,0.893332070507126,0.2797398209373669,0.1270335765564882,1.1559053170123491e-11,0.905905151108157,0.4600324345813329,0.22126778717743,0.5203372359043794,0.0856660300866684,0.2001427205661787,0.3542589363190791,0.157816718837611,0.2721979588874841,-165.9484833670066,361.8969667340132,412.4565371559281
2026-06-01T23:08:52,28,35,280035,"ARX(2,2)",-165.73196799042313,361.46393598084626,412.0235064027612,True,0,0.587028337278467,6.672439841034856e-06,0.8250678446078068,0.2557511963034357,0.1785020935236545,9.324623323204006e-13,0.9999111243852524,0.4885723973841079,0.1739225537167867,0.5583416332557753,0.1099802609067694,0.2058461059751119,0.4846849654390975,0.1403258235149819,0.1332604347561044,-165.73196798987914,361.4639359797583,412.0235064016732
2026-06-01T23:12:55,28,36,280036,"ARX(2,2)",-165.71945745639192,361.43891491278384,411.9984853346988,True,0,0.5657342287092268,1.8218078370169025e-05,0.8283953982683431,0.2695045347539284,0.1788885512605962,1.8293225421571664e-10,0.9643554401405136,0.4965960336906743,0.1745793797724704,0.5722333851181675,0.1076719128073065,0.2073310442044573,0.4660877562491912,0.1455501995018266,0.1462803590164789,-165.71945745670405,361.4389149134081,411.99848533532304
2026-06-01T23:16:26,28,37,280037,"ARX(2,2)",-165.74508678137215,361.4901735627443,412.04974398465924,True,0,0.5421125752362372,0.0001941320978948,0.833969458528836,0.2844808811770102,0.1659520763898367,1.5851109923469464e-18,0.9632320380073274,0.46739047462142,0.1753577251992721,0.5380298652347075,0.1045165377349811,0.2068682877583604,0.4576761885117325,0.1417608851680233,0.1627078018506974,-165.74508638418496,361.4901727683699,412.04974319028486
2026-06-01T23:17:55,28,38,280038,"ARX(2,2)",-165.67873674728736,361.3574734945747,411.91704391648966,True,0,0.0769025177626579,0.0441537155921022,0.9337848744007904,0.5902500136432786,0.0138120310755346,0.032773031851599,0.7724958525016633,1.55240439964893e-07,0.2933480168709523,0.5966292904488185,0.1493973661727445,0.1370520163030585,0.3076090604399067,0.1442763403865436,0.321423325542428,-165.6787367373077,361.3574734746154,411.9170438965304
2026-06-01T23:22:30,28,39,280039,"ARX(2,2)",-165.71831782142948,361.43663564285896,411.9962060647739,True,0,0.5566535945363752,3.556963437675106e-05,0.8297631753330126,0.2706552846233758,0.1761000365887628,1.3970382674154255e-09,0.9698467373384642,0.488767941323374,0.1755944477265296,0.5678092729083525,0.1068940963917338,0.2059857793324989,0.4771014954479751,0.1438047742437587,0.1398427667948902,-165.71831782102595,361.4366356420519,411.9962060639669
2026-06-01T23:26:15,28,40,280040,"ARX(2,2)",-165.84078647533602,361.68157295067203,412.241143372587,True,0,0.1334906485304484,0.0623352797446568,0.9051277879744704,0.3130904412576464,0.1146242119959899,4.75193878357534e-16,0.8321608226561308,0.4670365165695101,0.2293423157736374,0.525672772636999,0.0696797746452674,0.2023878600825647,0.3097726864921742,0.1645504620601295,0.321240700696188,-165.84078647529657,361.68157295059314,412.2411433725081
2026-06-01T21:48:13,29,1,290001,"ARX(2,2)",-165.73318726662632,361.46637453325263,412.0259449551676,True,0,0.5702253247901574,0.0032117279967468,0.8274924914331377,0.27746150051603,0.1766763443186222,3.23604402070404e-08,0.9648211532529968,0.4736609746466527,0.174921609258847,0.5682776216979138,0.106392854533762,0.2040248152885051,0.4953805120156443,0.1420010963967216,0.1263115056222137,-165.7331872660924,361.4663745321848,412.0259449540997
2026-06-01T21:50:58,29,2,290002,"ARX(2,2)",-165.87019338908289,361.74038677816577,412.2999572000807,True,0,0.2595806867467987,0.0334222563295407,0.8773511563940337,0.2700653551684019,0.1558264124833476,1.5088263902280338e-10,0.8679717562290223,0.5415561792750211,0.1926353710001718,0.544894891577614,0.084368544219074,0.2032337161460014,0.3848327961575458,0.150384586161845,0.2517315866314144,-165.8701934007023,361.7403868014046,412.2999572233196
2026-06-01T21:54:09,29,3,290003,"ARX(2,2)",-165.7273986173035,361.454797234607,412.0143676565219,True,0,0.5988941325788756,6.013058445144495e-05,0.8220995643392817,0.2595855749114819,0.1859799207307525,2.232326798775829e-20,0.975289947820554,0.5054081751968454,0.1731308929083107,0.5707192228832435,0.1097306966139514,0.2051479299870863,0.4607458042569998,0.1439620171877109,0.152982402574685,-165.72739858641148,361.45479717282296,412.0143675947379
2026-06-01T21:56:03,29,4,290004,"ARX(2,2)",-165.73687608252123,361.47375216504247,412.0333225869574,True,0,0.6108400374012519,3.854166782595336e-05,0.8200626596935222,0.2562933398149136,0.1935629217980274,1.4948247357787945e-12,0.9586529065379262,0.5286709828184379,0.1713537423815888,0.5834363902196333,0.1090811426124954,0.2102983339476511,0.4496082062850966,0.1477588858622338,0.1547746280743947,-165.7368760783374,361.4737521566748,412.0333225785897
2026-06-01T21:59:01,29,5,290005,"ARX(2,2)",-165.81544103653528,361.63088207307055,412.1904524949855,True,0,0.7266962589272159,1.8703733424244284e-05,0.8045648689531573,0.2561248295879847,0.2117972157869734,2.433619980714614e-15,0.9401108246331448,0.5475943545020072,0.1625283203120126,0.5847247608559991,0.1115851738294876,0.2051438824120604,0.4081998280457984,0.1556666663940299,0.1869448881370403,-165.8154410367186,361.6308820734372,412.1904524953521
2026-06-01T22:00:47,29,6,290006,"ARX(2,2)",-165.84605506883278,361.69211013766557,412.2516805595805,True,0,0.1327641503484133,0.0611941065966818,0.9055908606694334,0.3120060943554883,0.1136163581557026,8.974159671597517e-19,0.8393972414150018,0.4636980816574313,0.2308764724132889,0.5221182214644985,0.0697119335781649,0.201033571844268,0.3345341259785126,0.1621765298764426,0.3019690586393311,-165.8460550672266,361.6921101344532,412.2516805563681
2026-06-01T22:04:19,29,7,290007,"ARX(2,2)",-165.8837068015673,361.7674136031346,412.32698402504957,True,0,0.2550116413433828,0.0338719532816364,0.8768565094898003,0.2644517934414956,0.1602754760605298,2.36628765032518e-14,0.8293018250752751,0.5862845742465547,0.1922932254151555,0.5579355039055842,0.0821139603216108,0.2064658211816773,0.3864014860370685,0.1553661358943524,0.2416716198169982,-165.88370679331865,361.7674135866373,412.3269840085522
2026-06-01T22:09:41,29,8,290008,"ARX(2,2)",-165.89526501231904,361.7905300246381,412.35010044655303,True,0,0.4535031144956354,0.0020726247101995,0.8549844707291887,0.2954194893948138,0.1355390561698521,1.3478737689890897e-22,1.0361395117227958,0.3694087744073226,0.1813172780505172,0.5260915037130768,0.1047524198526469,0.2088399868948022,0.4095583392257458,0.1312117389491695,0.221884662937446,-165.89526498659677,361.7905299731936,412.3501003951085
2026-06-01T22:12:05,29,9,290009,"ARX(2,2)",-165.74638649268826,361.4927729853765,412.05234340729146,True,0,0.5425080958773119,0.0048178943287027,0.8320793768985864,0.2795804120583752,0.1750099731029475,0.0,0.9324315800001473,0.4983782925514015,0.1757961216540957,0.5691090282243861,0.1012166950449333,0.2089922999390277,0.4669116678613381,0.146294726696456,0.14963928095332,-165.7463865311302,361.4927730622604,412.05234348417537
2026-06-01T22:16:35,29,10,290010,"ARX(2,2)",-165.72071015041308,361.44142030082617,412.0009907227411,True,0,0.5722651866105352,3.718990799705656e-05,0.8266273598034257,0.2667574820646644,0.1778061158134927,9.624469078059048e-11,0.9832664330147048,0.4831403506921662,0.1750735053548102,0.5628604712301791,0.1080443101997987,0.2073596005836767,0.4766914289882014,0.143611002651742,0.1377316023204622,-165.7207101486693,361.4414202973386,412.0009907192536
2026-06-01T22:19:42,29,11,290011,"ARX(2,2)",-165.8459817276172,361.6919634552344,412.2515338771493,True,0,0.1378012668705934,0.0630977863662405,0.9030363795870252,0.3061734830735585,0.1171022794065452,2.755653161405657e-19,0.8230978179633671,0.4891151211500985,0.2293892951697687,0.5259012152323624,0.0715170671773745,0.2048517879122162,0.3135660976592493,0.166416258088872,0.3104550902271762,-165.84598172445686,361.6919634489137,412.2515338708287
2026-06-01T22:22:56,29,12,290012,"ARX(2,2)",-165.72293685089062,361.44587370178124,412.0054441236962,True,0,0.5787066593146576,8.903429573922195e-05,0.8255764394808583,0.2636765922835938,0.1824224525482383,6.376535678165384e-11,0.9810015772900784,0.4914522127097721,0.1743833826323598,0.5751444171243043,0.1079857052144858,0.2059814603410902,0.486884798085438,0.1434066044759659,0.1300221521424888,-165.72293691615067,361.4458738323013,412.0054442542163
2026-06-01T22:26:29,29,13,290013,"ARX(2,2)",-165.72664556697066,361.4532911339413,412.01286155585626,True,0,0.6025390383966036,0.0001229602723431,0.8216875195286741,0.2643262110542339,0.1870489333994596,1.0546874922989512e-09,0.975315051710502,0.4957666239498377,0.1725325768588889,0.5705608227672642,0.1095117981493712,0.207507066119165,0.4733483765299596,0.1457997611121598,0.1369751408189845,-165.7266455672972,361.4532911345944,412.0128615565093
2026-06-01T22:30:04,29,14,290014,"ARX(2,2)",-165.75749322445915,361.5149864489183,412.07455687083325,True,0,0.4649240604841593,4.822909892844216e-05,0.8465637694353597,0.2697262054962302,0.154268673228178,5.107012204294012e-19,1.0048186049605254,0.4556341099115318,0.1838844535831132,0.5540633781448772,0.1035907946637055,0.205370515186268,0.4849295696327035,0.1387683187592004,0.1441463666692689,-165.75749322512831,361.51498645025663,412.0745568721716
2026-06-01T22:33:07,29,15,290015,"ARX(2,2)",-165.84109472638437,361.68218945276874,412.2417598746837,True,0,0.1329255765998711,0.0628034519743268,0.9052013237742902,0.3109513587411367,0.1147657079451791,1.2598860960462376e-19,0.8308592235627393,0.4721144089829252,0.2295446199011912,0.5261935918537636,0.0695856093615878,0.202931179650258,0.3036632582774839,0.1649539667162121,0.3261462305889634,-165.84109472649322,361.6821894529865,412.2417598749014
2026-06-01T22:35:30,29,16,290016,"ARX(2,2)",-165.72644859213563,361.45289718427125,412.0124676061862,True,0,0.5874462736440625,0.0003370089539709,0.8249891994009002,0.2614229879906188,0.1840159030408987,1.603833248037154e-09,0.9696959507505636,0.5066999600423766,0.1730225169809662,0.58381237428602,0.1092353121362157,0.2055005865808729,0.4723574089797174,0.1457218426578962,0.1401555822727005,-165.72643973589484,361.4528794717897,412.0124498937046
2026-06-01T22:39:02,29,17,290017,"ARX(2,2)",-165.38985012888878,360.77970025777756,411.3392706796925,True,0,0.0469905705485994,0.0391365498452982,0.9515568785738866,0.5733706041162429,0.0081700043306752,0.0318496966053526,0.8130927140563884,8.990652278361191e-09,0.3085327450675498,0.614209248434776,0.1705084369169509,0.1106237429794458,0.3511382106850813,0.1336938407055732,0.2969119603238093,-165.38985012354593,360.7797002470919,411.3392706690068
2026-06-01T22:40:49,29,18,290018,"ARX(2,2)",-165.7226495132832,361.4452990265664,412.0048694484813,True,0,0.5854076234058165,3.282090501555017e-05,0.8249004051178918,0.2617321792674162,0.1826894035511718,2.244431788643533e-08,0.9755510102501708,0.5009125017099514,0.1735543956370573,0.5731568411658156,0.1089556719157012,0.2055691694963159,0.4787426808825112,0.1451654824635855,0.1346798756654699,-165.72264951300735,361.4452990260147,412.0048694479297
2026-06-01T22:43:36,29,19,290019,"ARX(2,2)",-165.7190498319817,361.4380996639634,411.9976700858783,True,0,0.5389984559606575,6.572428897528593e-05,0.8338801995659954,0.2707080783097367,0.1713889634087204,1.5991315255010618e-17,0.976692743177766,0.4817542766107598,0.176098795187517,0.5634032561179542,0.106660690302394,0.2074052316555743,0.4643033514964136,0.1436020150612415,0.1517641044586527,-165.71904983305072,361.43809966610144,411.9976700880164
2026-06-01T22:45:50,29,20,290020,"ARX(2,2)",-165.72326631615826,361.4465326323165,412.00610305423146,True,0,0.5754509368303686,0.0001401073170136,0.8254249536499647,0.2623884232003974,0.1839461255948552,1.0563993852898196e-05,0.9621194435195368,0.5127950823453253,0.1744028862213893,0.5746366667693691,0.1075520327307267,0.2075912376810202,0.4723529604516867,0.1452956641259339,0.1397054425569178,-165.72326647926744,361.4465329585349,412.0061033804498
2026-06-01T22:51:17,29,21,290021,"ARX(2,2)",-166.7456673376509,363.4913346753018,414.05090509721674,True,0,0.2929063003048122,0.0567782918567214,0.8607985167794334,0.2101255321047323,0.1973111467225257,1.3538780574578699e-11,0.5412356803573827,0.7995648741042081,0.1863186906738733,0.5757791159135565,0.0820304792866906,0.242641481545995,0.408160787467911,0.1642362195562079,0.1615981990821657,-166.74566731910704,363.4913346382141,414.050905060129
2026-06-01T22:54:13,29,22,290022,"ARX(2,2)",-165.72552031462374,361.4510406292475,412.0106110511624,True,0,0.5393417373671102,0.0022164379711612,0.8343583426365343,0.2699682396580859,0.1701122456674016,1.9267123254753787e-10,0.973606260133287,0.481906457615799,0.1757313533797759,0.5672392006875194,0.1058260249625996,0.2089844483835692,0.4622531909177685,0.1416047119428962,0.1547638253471538,-165.7255201763316,361.4510403526632,412.0106107745781
2026-06-01T23:01:04,29,23,290023,"ARX(2,2)",-165.84195041609655,361.6839008321931,412.24347125410804,True,0,0.1324445107909081,0.0617751284035868,0.9050619309041774,0.30948995550218,0.1151664488450781,9.665598119677234e-19,0.8263284525344332,0.4809371551316883,0.2298334622290266,0.5226764166896548,0.0700235234370539,0.2032623320458375,0.3017050085390957,0.1657080414816204,0.3263254683917691,-165.84195041059064,361.6839008211813,412.2434712430962
2026-06-01T23:02:40,29,24,290024,"ARX(2,2)",-165.7521478005522,361.5042956011044,412.06386602301933,True,0,0.5518431373498542,7.674328535589771e-06,0.8282179213528733,0.2441238436984877,0.1807051284066157,8.62305501508562e-14,0.999529201590682,0.5122059746890505,0.177715817531143,0.584469622790066,0.1069754538332547,0.2070725493721744,0.5085164039235377,0.1393114209009605,0.1134096643899228,-165.7521478006821,361.5042956013642,412.0638660232792
2026-06-01T23:05:01,29,25,290025,"ARX(2,2)",-165.73653793942228,361.47307587884455,412.0326463007595,True,0,0.5798491109114938,0.000791867980709,0.827059579982103,0.2541535152841609,0.1818706714789338,0.0,0.9944605388967224,0.4953088768353572,0.1732527709939134,0.5736451920799883,0.1112488901468336,0.2082499336474804,0.4419061530994423,0.1473601471783319,0.1644355388181717,-165.73653795506712,361.47307591013424,412.0326463320492
2026-06-01T23:06:49,29,26,290026,"ARX(2,2)",-165.72540584476832,361.45081168953664,412.0103821114516,True,0,0.5509463008479162,0.00049266752131,0.8310808498585869,0.2730345720531991,0.1769349434357469,3.5855629354127074e-11,0.9609317496483318,0.4919187439002856,0.1754015438873346,0.5828734692275813,0.1072062721442362,0.2088822359192644,0.4678164410929405,0.1435573138392651,0.145377877278719,-165.72540582734655,361.4508116546931,412.010382076608
2026-06-01T23:08:22,29,27,290027,"ARX(2,2)",-165.7190800225111,361.4381600450222,411.9977304669371,True,0,0.5502413259335409,0.0001695572045382,0.8309875884022911,0.2716702614269576,0.1737366690764292,1.7049400033506588e-13,0.976231926828606,0.4800725242229517,0.1762316583149399,0.5619793566354913,0.1071825803082024,0.2088422212820705,0.477490720927367,0.1429514648838635,0.137468632141263,-165.719080099246,361.438160198492,411.99773062040697
2026-06-01T23:10:20,29,28,290028,"ARX(2,2)",-165.71851594291695,361.4370318858339,411.99660230774884,True,0,0.5493585749455625,0.0001328717676004,0.8317554971946709,0.2711562840927807,0.1743906521454271,2.7023326167118816e-11,0.9701510685800772,0.4872528396442105,0.1755677222001201,0.5675008053429732,0.1070454679958913,0.2073618358968557,0.4678114092458398,0.1445765076161094,0.1468919446862948,-165.718515928535,361.43703185707,411.99660227898494
2026-06-01T23:13:01,29,29,290029,"ARX(2,2)",-166.2767507567615,362.553501513523,413.1130719354379,True,0,0.3634206927926137,0.0252295670420776,0.8720280335240664,0.3803055258264201,0.123014178948289,7.665279627777835e-12,0.8461501721474611,0.3382005941311148,0.1882065245722095,0.5339825695062516,0.0893676106241987,0.2202919040544662,0.4567862686600819,0.1348712665964963,0.1742043301868627,-166.2767507425885,362.553501485177,413.1130719070919
2026-06-01T23:15:51,29,30,290030,"ARX(2,2)",-165.72218682134763,361.44437364269527,412.0039440646102,True,0,0.5694867172666955,2.151539164956729e-05,0.8280187353322886,0.2689000083412183,0.1803319958615651,9.851291328140089e-13,0.9761773950324436,0.4859757956800272,0.1741955671139962,0.577496827794001,0.1074794936237899,0.2080156688182944,0.4677619728513278,0.1422833780675219,0.1485245941482578,-165.7221868213485,361.444373642697,412.0039440646119
2026-06-01T23:22:10,29,31,290031,"ARX(2,2)",-165.72875114055358,361.45750228110717,412.0170727030221,True,0,0.5706729215552788,0.0005040192523905,0.8264390178518372,0.2617872307060626,0.1831968513735137,1.1150671297800857e-12,0.975172492877278,0.5000841210532659,0.174640726775325,0.5740021133684337,0.1093935136852985,0.2071674479989484,0.4394734773809813,0.1465641552619888,0.1686526059392343,-165.7287511364613,361.4575022729226,412.0170726948376
2026-06-01T23:23:56,29,32,290032,"ARX(2,2)",-165.72744934696215,361.4548986939243,412.01446911583923,True,0,0.5586285894982886,4.2024501597779e-05,0.8286194468053177,0.2821684634863168,0.1754308884223867,4.3881629834219604e-13,0.9768287916899264,0.4587486379014809,0.1763666276730858,0.5591728370011967,0.1057056515067412,0.2074160291825149,0.4910847253077627,0.1397538052598871,0.1310338347960482,-165.72744934599837,361.45489869199673,412.0144691139117
2026-06-01T23:26:49,29,33,290033,"ARX(2,2)",-165.7253436747574,361.4506873495148,412.01025777142974,True,0,0.5584799144962246,0.0022230438864709,0.8296648583349315,0.2702911388141398,0.1764822575115693,3.216573724572039e-14,0.965954567713854,0.4892211489687213,0.1751673782053385,0.5713200105778229,0.1071810279789916,0.2062784515587193,0.4649984801348791,0.1441037924742795,0.1502926367085757,-165.7253436681089,361.4506873362178,412.0102577581328
2026-06-01T23:29:49,29,34,290034,"ARX(2,2)",-165.76137977359076,361.5227595471815,412.08232996909646,True,0,0.5888379100575898,1.0338550354148823e-05,0.826429244747953,0.2668205364455733,0.1796767317434906,5.073627673036184e-08,0.9941828915349804,0.4721540607424248,0.1722216938642776,0.5569664474615001,0.1132435213000119,0.2049851159585753,0.4033517963584634,0.1493445921004694,0.2001989916261301,-165.7613797750625,361.522759550125,412.08232997203993
2026-06-01T23:33:40,29,35,290035,"ARX(2,2)",-165.74230358961643,361.48460717923285,412.0441776011478,True,0,0.6261398235608095,7.808625325005104e-05,0.8182409535150214,0.2534317339022768,0.1929758230493659,9.621513354144998e-09,0.9571955637514832,0.5357637080255082,0.1698987874994563,0.5742980325863384,0.1097207616887046,0.2060462902120136,0.4524549245716963,0.1507940979494187,0.1514744557430477,-165.74230358942745,361.4846071788549,412.0441776007698
2026-06-01T23:35:29,29,36,290036,"ARX(2,2)",-165.77249253179,361.54498506358,412.1045554854949,True,0,0.5389400759671666,0.0073853345684062,0.8353563276705747,0.294188499007453,0.1689442117572907,1.9846412941465648e-11,0.9410282611404064,0.454807666715053,0.1748069205728578,0.5944146788487077,0.1018397479677573,0.210287682395323,0.4534551527031811,0.1441839068102212,0.1627132765130908,-165.77249259263067,361.5449851852613,412.1045556071763
2026-06-01T23:38:07,29,37,290037,"ARX(2,2)",-165.8273516248787,361.6547032497574,412.21427367167234,True,0,0.7205675348763096,8.016649167575677e-05,0.7983855717121787,0.2568639579843304,0.2188170414588945,3.515905412325321e-15,0.946531106932818,0.5395494001387204,0.1677533540376075,0.5844863132425964,0.1111793946098778,0.2058487400196028,0.54291716924005,0.1467229500721831,0.065518335575445,-165.82735161977115,361.6547032395423,412.2142736614573
2026-06-01T23:41:07,29,38,290038,"ARX(2,2)",-165.72340904814735,361.4468180962947,412.00638851820963,True,0,0.5636312036245786,5.154834859483476e-06,0.8283093841997632,0.2687953949015096,0.1774689293348565,3.2140900309106387e-15,0.9807262230545336,0.4816724624026244,0.1749961286884842,0.5513288874784619,0.1062895048585628,0.2088719351313349,0.4811515139912127,0.1412606028712297,0.136241879324873,-165.7234090565054,361.4468181130108,412.00638853492575
2026-06-01T23:44:27,29,39,290039,"ARX(2,2)",-165.85673720383932,361.71347440767863,412.2730448295936,True,0,0.1430853646406144,0.0623087515895857,0.8995770140010051,0.3005633846426928,0.1236274475965264,4.042375889620365e-20,0.8213835860908191,0.5049399536633392,0.2286653043305283,0.5218952375577872,0.074305357058627,0.2073630924518102,0.2902445961179263,0.1672006035079102,0.3265197218334629,-165.8567371919316,361.7134743838632,412.2730448057781
2026-06-01T23:46:27,29,40,290040,"ARX(2,2)",-165.92692956280143,361.85385912560287,412.4134295475178,True,0,0.1142752625280537,0.0473700467326761,0.9190655000438954,0.3019206650646923,0.1068141719947268,1.2027168696354014e-21,0.8338201311793051,0.500014834268145,0.2141840546763259,0.534322339243753,0.0544095408910718,0.2118638875012275,0.3061422951589142,0.1695231870684317,0.3336048850642196,-165.9269295380241,361.8538590760482,412.4134294979632
2026-06-01T21:15:58,30,1,300001,"ARX(2,2)",-165.72214959788818,361.44429919577635,412.0038696176913,True,0,0.5708290622928576,5.272401675557308e-05,0.8278826777019022,0.2680943151533539,0.1800972962323856,4.780587870491236e-18,0.9685833312035508,0.4951122543618494,0.1739732745257775,0.5775163268650563,0.108827369965948,0.208230171409309,0.4538113122775163,0.1464597663658006,0.1550695559965889,-165.72214959747004,361.4442991949401,412.003869616855
2026-06-01T21:18:23,30,2,300002,"ARX(2,2)",-165.90102018925768,361.80204037851536,412.3616108004303,True,0,0.845448351582024,4.353543996284511e-05,0.780700556052384,0.2417794235240619,0.2396822600841683,3.4086780451988447e-12,0.9691665190547936,0.5471667711855913,0.1625487179955204,0.5979773665807163,0.1168195225221281,0.200255661267867,0.5250021647680819,0.1469517177828819,0.0819876765441133,-165.9010201798592,361.8020403597184,412.3616107816333
2026-06-01T21:23:02,30,3,300003,"ARX(2,2)",-62.98922455273653,155.97844910547306,206.538019527388,True,0,3.0359571033348467,6.982886981968318,0.3734101632156093,0.2047648085319686,1.0315638050101634,0.0849757404118822,0.1782742190815201,0.8008881684249319,0.1904388037285003,0.0469541968899856,0.4584944490784977,-0.1877491464968298,-0.2440866933854452,0.0234965230952157,1.3852691240191728,-62.98922456033555,155.9784491206711,206.53801954258603
2026-06-01T21:24:48,30,4,300004,"ARX(2,2)",-165.7264961177524,361.4529922355048,412.0125626574197,True,0,0.517647167096263,4.259709359495831e-05,0.8375288848099404,0.2757121164388788,0.164272573235829,5.971667678500215e-08,0.9898009375106516,0.4586899423523599,0.17843663902851,0.5527059673663861,0.1050274803436755,0.2063242938748396,0.4885931910901318,0.1383712303761345,0.1372427759468245,-165.72649612051814,361.4529922410362,412.0125626629512
2026-06-01T21:26:52,30,5,300005,"ARX(2,2)",-165.73115712109185,361.4623142421837,412.02188466409865,True,0,0.5932339821782437,0.0010258186867396,0.8226002820980172,0.2687014765611085,0.1826922773222745,0.0,0.9789160540007542,0.4815068706829444,0.1740385481264519,0.5663596242484656,0.1064714787348853,0.2033440880317673,0.5021006204851292,0.1411480989679119,0.1215078755327882,-165.73115711762236,361.4623142352447,412.02188465715966
2026-06-01T21:30:10,30,6,300006,"ARX(2,2)",-165.9173677339853,361.8347354679706,412.3943058898855,True,0,0.2947805839687692,0.0329011190654527,0.8646342011842905,0.2531629761399466,0.1773951069886233,3.996260098918978e-12,0.8088871064854768,0.6328555231321571,0.189397541970353,0.5634110679954208,0.0893683656934632,0.212585243485386,0.33391136930472,0.1587666236478459,0.2742259730058904,-165.91736772905054,361.8347354581011,412.394305880016
2026-06-01T21:31:41,30,7,300007,"ARX(2,2)",-165.73111383513225,361.4622276702645,412.02179809217944,True,0,0.5819594786361263,1.6685854694579116e-05,0.8256355780833776,0.2784491325494179,0.1796229500748804,2.7564424398596534e-18,0.9607931269183806,0.4822737139346997,0.1731362068811033,0.5660426284419933,0.1041664614925603,0.2092406374760505,0.4925856059594128,0.139750352942792,0.1276550750085146,-165.73111383306752,361.4622276661351,412.02179808805
2026-06-01T21:35:00,30,8,300008,"ARX(2,2)",-165.94129511845247,361.88259023690495,412.4421606588199,True,0,0.2862112546543949,0.0324287076025484,0.867456400208135,0.2737768781943566,0.1714058531496169,4.474992608180302e-12,0.7826475519370838,0.6149347872769985,0.1906453781558463,0.5561127852959008,0.0838040046167889,0.2124867760581218,0.407102385210029,0.155866625662078,0.211427532859136,-165.94129512356903,361.88259024713807,412.442160669053
2026-06-01T21:40:01,30,9,300009,"ARX(2,2)",-165.84087965502516,361.6817593100503,412.24132973196527,True,0,0.1331910188274348,0.0623244891853712,0.9052504560555368,0.3138691797828297,0.1143691456158042,0.0,0.8334940779696041,0.4642352636470931,0.2294183589646824,0.5252071716477,0.0694668638522325,0.201914850931807,0.3084167208431553,0.1642276677264504,0.3235261046608774,-165.84087965499805,361.6817593099961,412.24132973191104
2026-06-01T21:41:59,30,10,300010,"ARX(2,2)",-165.8130334216528,361.6260668433056,412.1856372652205,True,0,0.628710664029811,1.926058698564013e-05,0.8208186082432879,0.2332849580426073,0.1957934152590301,9.069256224750584e-13,0.9275445424483396,0.6058395249518514,0.1668208817055173,0.5684220387173047,0.1132138993697204,0.213700452390764,0.4165552511491417,0.1553371044217453,0.1688934610931944,-165.813033423351,361.626066846702,412.1856372686169
2026-06-01T21:44:49,30,11,300011,"ARX(2,2)",-165.76631884217014,361.5326376843403,412.0922081062552,True,0,0.6760749437232307,0.0001008050068438,0.8062904912208314,0.2553849458162013,0.2068562818226664,0.0,0.9599600806312372,0.5290421400193389,0.1696455328593375,0.5837055736298373,0.110912649213511,0.2059313614230701,0.4938993210902134,0.1481447259244087,0.1121105074172301,-165.76631884878506,361.5326376975701,412.09220811948506
2026-06-01T21:47:47,30,12,300012,"ARX(2,2)",-166.2687520073286,362.5375040146572,413.09707443657214,True,0,0.6895933908742741,2.358349633326914e-05,0.8083328110648635,0.1524535920636529,0.2167379803626372,1.1205636014943093e-12,1.0901318677329066,0.6048925144950507,0.1678676272615909,0.6013299187901289,0.1252521461712386,0.2170840079215978,0.5577298676243058,0.1344450852155689,0.0407235209717574,-166.26875200632986,362.5375040126597,413.09707443457467
2026-06-01T21:50:31,30,13,300013,"ARX(2,2)",-165.72414949434628,361.44829898869256,412.0078694106075,True,0,0.5692775847125812,0.0002925260328514,0.8277193602539034,0.2712712964379928,0.1760773941095959,1.959809162906756e-18,0.9887999691932364,0.4680490773325582,0.1749652177966937,0.5618064524049377,0.1063171737118199,0.2037318711779236,0.4875455833897987,0.1405330180310891,0.1364976591221203,-165.7241494961354,361.4482989922708,412.0078694141857
2026-06-01T22:01:15,30,14,300014,"ARX(2,2)",-166.29527062199236,362.5905412439847,413.15011166589966,True,0,1.3755981315428347,0.0004173593738779,0.7311858693019366,0.2049317715855004,0.3151855671131063,5.845832279074783e-14,0.8423077469517445,0.7465020311207868,0.1391566952193154,0.6501483075829555,0.1214571310305184,0.1978432003609393,0.4416835909383143,0.1608885972880833,0.1365642185260696,-166.29527062168293,362.59054124336586,413.1501116652808
2026-06-01T22:04:54,30,15,300015,"ARX(2,2)",-165.7202027420945,361.440405484189,411.99997590610394,True,0,0.5586667160239998,0.0002787436724573,0.8297374987167018,0.2681399548126524,0.1768956341428567,1.4977183168292862e-07,0.9751476118938875,0.4879837556695494,0.1751150669309428,0.5711790624129113,0.107617263895659,0.2067364988529189,0.457704656466815,0.1443193290515968,0.1568024912790054,-165.7202027414953,361.4404054829906,411.9999759049056
2026-06-01T22:06:36,30,16,300016,"ARX(2,2)",-165.8428832715048,361.6857665430096,412.24533696492455,True,0,0.1331685996545005,0.0624394532394697,0.9052840291433012,0.3113448075059185,0.1141498726790957,3.2246651739342003e-06,0.8297597599180501,0.4722211939103312,0.2304067583100637,0.5307609111326875,0.0693617112542284,0.2037684372221084,0.3183148819139641,0.1646717710111716,0.3119296828358285,-165.84288310973716,361.6857662194743,412.24533664138926
2026-06-01T22:08:26,30,17,300017,"ARX(2,2)",-165.71938768300197,361.43877536600394,411.9983457879189,True,0,0.5689089984075935,2.0536916357155857e-05,0.827325155475808,0.26830889620905,0.1794851317361284,1.313132115807751e-09,0.977077383054852,0.4862609469796701,0.174985135730042,0.5685631656525472,0.1073327621065272,0.2053866467541253,0.4827998746929747,0.142913190236883,0.1356803933112655,-165.7193876899757,361.4387753799514,411.9983458018663
2026-06-01T22:11:06,30,18,300018,"ARX(2,2)",-165.77975859190667,361.55951718381334,412.1190876057283,True,0,0.675109865602653,0.0001949094617842,0.8077399887818709,0.2403402790402213,0.2129282748180168,1.0287532419455643e-12,0.9545197702468238,0.5643169794820387,0.1681865062451197,0.5985259740796992,0.1130528200530911,0.2096130256166843,0.4568065904103268,0.1504456342625538,0.1397652139455672,-165.77975859312176,361.5595171862435,412.11908760815845
2026-06-01T22:15:20,30,19,300019,"ARX(2,2)",-165.80184958649647,361.60369917299295,412.1632695949079,True,0,0.596730828395498,0.0037124760796117,0.8259998088219476,0.2581058776855936,0.1870820333062339,6.712806566664492e-11,0.932256164756755,0.5430763424169084,0.1697569589282158,0.5893771824532644,0.1109765327630381,0.2132148863795033,0.3646897213281203,0.1515015720774992,0.2276916041307163,-165.80184958336412,361.6036991667282,412.1632695886432
2026-06-01T22:19:21,30,20,300020,"ARX(2,2)",-165.75353400208195,361.5070680041639,412.06663842607884,True,0,0.502434983920987,1.8199750308236663e-05,0.840792473192024,0.2891503390242691,0.1576681068173227,2.3664625670828427e-18,0.9925069519850968,0.4291583739906875,0.1797700117605113,0.5345433762347664,0.102871119446426,0.2047032906820864,0.5092624700358716,0.1371544609891227,0.1232403729250793,-165.75353400225478,361.5070680045096,412.0666384264245
2026-06-01T22:22:49,30,21,300021,"ARX(2,2)",-165.72318314960262,361.44636629920524,412.0059367211202,True,0,0.5297789149172888,4.717744213292586e-05,0.8363017524077526,0.2731724836238779,0.1681959832343584,9.273158853732304e-14,0.9729074377236172,0.4806481866567444,0.176286190054021,0.5627944587792827,0.1075693977529641,0.2100291590982174,0.4497309821305203,0.1438699868681171,0.1620412346131761,-165.7231831506903,361.4463663013806,412.0059367232955
2026-06-01T22:25:38,30,22,300022,"ARX(2,2)",-165.71910772934314,361.4382154586863,411.9977858806012,True,0,0.5638015255493334,1.805771796356661e-05,0.8285052386379501,0.2680087719717319,0.1788005642941006,1.7972806248453948e-11,0.9675714016036324,0.4963728057954538,0.174665949405078,0.5710526242428499,0.1064794841896291,0.2072235476755406,0.4672105730135605,0.1442026811562052,0.1477394726726728,-165.71910772925497,361.43821545850994,411.9977858804249
2026-06-01T22:28:30,30,23,300023,"ARX(2,2)",-136.28652571106812,302.57305142213625,353.1326218440512,True,0,8.389630877988001,0.8368887839362089,0.5763488508807385,0.0626980300175547,0.2846425138547185,0.0955674103419717,0.3939332610589021,1.020789059452012,0.0857251702922539,0.4512206608600584,0.2172418159474804,0.0450259871040017,0.596671400213665,0.0872592257502445,0.439667965849986,-136.28652571085314,302.5730514217063,353.1326218436212
2026-06-01T22:30:25,30,24,300024,"ARX(2,2)",-165.78156706794647,361.56313413589294,412.1227045578079,True,0,0.6805545175415657,3.327621015283909e-05,0.8073149460750838,0.2630488748382912,0.1978765891555572,9.651232707309503e-10,1.003029366116617,0.4708020981017042,0.1702653399497981,0.5626792252282317,0.109859791718828,0.196495331752597,0.4941090464520336,0.1415822185172669,0.1329235798524283,-165.78156718388172,361.5631343677634,412.1227047896784
2026-06-01T22:34:35,30,25,300025,"ARX(2,2)",-165.71906042186106,361.4381208437221,411.99769126563706,True,0,0.5422273465861259,2.1863097137700065e-05,0.8328462283484822,0.2726827054438745,0.1720053618004826,1.4318357903345034e-11,0.9705243385772075,0.4840648294324894,0.1761626312473007,0.5605792373870051,0.1071595724491519,0.2083646566494148,0.4686852292318242,0.1438681159797012,0.1452197714923681,-165.71906042352003,361.43812084704007,411.997691268955
2026-06-01T22:37:25,30,26,300026,"ARX(2,2)",-165.84144011404084,361.6828802280817,412.2424506499966,True,0,0.1326861822145827,0.0623964799591851,0.9051119712732068,0.311728834438049,0.1150670084273608,2.7913470376171736e-13,0.8311776073455293,0.4706458912961332,0.2296437077253946,0.5259596559653021,0.0695149865786614,0.2030809746271062,0.2991969671172254,0.1652330845862515,0.3300893461319467,-165.84144011396924,361.6828802279385,412.2424506498534
2026-06-01T22:40:10,30,27,300027,"ARX(2,2)",-165.7263683519998,361.4527367039996,412.01230712591456,True,0,0.5259716351974631,3.50656954542874e-05,0.8369465887212058,0.272488821384194,0.168680642073403,1.2184160048849571e-14,0.9673043801716364,0.4876451528473136,0.1761305478073106,0.5608743354990147,0.1069142922289094,0.2101579472079053,0.4412945034609045,0.145135017402932,0.16914196331473,-165.72636835171994,361.4527367034399,412.0123071253548
2026-06-01T22:42:38,30,28,300028,"ARX(2,2)",-165.71987457266246,361.4397491453249,411.99931956723987,True,0,0.5320583742201688,5.488854912917808e-05,0.8350425590273841,0.2700847687654055,0.1693416109886975,8.558219165538957e-17,0.9839567740666664,0.4757606565562655,0.1770080954397226,0.5636645532341559,0.1064259950957605,0.2066156595436243,0.4748805601461876,0.1417679219224764,0.1449121352003209,-165.7198745726169,361.4397491452338,411.9993195671488
2026-06-01T22:46:01,30,29,300029,"ARX(2,2)",-165.87527626224107,361.75055252448215,412.3101229463971,True,0,0.23935234550107,0.0348911323533159,0.8825534865252075,0.2771483427392768,0.1515150385477253,1.8310738752225944e-18,0.8525744512479109,0.5389370881145576,0.1939137340257993,0.5529645624593723,0.0798677228141254,0.2004998918122068,0.3873568575972547,0.1505191224617226,0.2566527112873157,-165.87527625792018,361.7505525158404,412.3101229377553
2026-06-01T22:48:59,30,30,300030,"ARX(2,2)",-165.74517547700185,361.4903509540037,412.04992137591864,True,0,0.5726871903762281,5.566200843902185e-06,0.8263227111815709,0.2395347090352625,0.1836218472294153,8.27713684902053e-12,1.000174740395201,0.5207434248761027,0.1745189071973502,0.5742842354115272,0.1086489829103646,0.2069815663008147,0.4757978626628643,0.1425457850585285,0.1396547335716144,-165.74517547693694,361.4903509538739,412.0499213757888
2026-06-01T22:52:26,30,31,300031,"ARX(2,2)",-165.67721655025343,361.35443310050687,411.9140035224218,True,0,0.0763541085964571,0.0443322135527597,0.934343351321264,0.5897777925747794,0.0132898249670228,0.032555537124458,0.773340109726327,2.5977590132887573e-18,0.2935401939238538,0.5952906506674059,0.1498054581421399,0.1357858108212364,0.3174606783699471,0.1447336519306216,0.3116743576323473,-165.67721654658993,361.3544330931799,411.9140035150948
2026-06-01T22:55:21,30,32,300032,"ARX(2,2)",-165.72589854506174,361.4517970901235,412.0113675120384,True,0,0.5581206807488158,0.0002505837347632,0.8286115109391414,0.2771327504427375,0.1785807716088145,2.0983629599555645e-07,0.9632061906630136,0.4819889092224883,0.1761869315305909,0.5782833785268184,0.1062160617657627,0.2055044517504903,0.4910207571437422,0.142142506503174,0.129257770409871,-165.7258985309337,361.4517970618674,412.0113674837824
2026-06-01T22:58:24,30,33,300033,"ARX(2,2)",-143.33794967559513,316.67589935119025,367.2354697731052,True,0,1.2240707439991396,7.398594453336975,0.1080239597928373,0.4135305455545448,0.5938729246627478,0.5635896984886506,0.9713303888412224,0.0658225327079566,0.3088390780294131,0.0688174283562729,0.0542354108297966,0.2914607889285425,1.41909977613773,0.0021871238992198,-0.5444463994586318,-143.3379497521552,316.6758995043104,367.2354699262253
2026-06-01T23:01:08,30,34,300034,"ARX(2,2)",-165.7199612995326,361.4399225990652,411.99949302098014,True,0,0.5489779103836847,0.0001488649997551,0.832040393421281,0.2715049487527036,0.1732904463502745,2.030002124113372e-09,0.9715787343672012,0.4850991351797974,0.175419433054064,0.5650761142622315,0.1062468546357288,0.2081884946414493,0.4578975744662211,0.1438962073047382,0.156915410490234,-165.71996140104957,361.4399228020992,411.9994932240141
2026-06-01T23:04:01,30,35,300035,"ARX(2,2)",-165.81541699981628,361.63083399963256,412.1904044215475,True,0,0.7137242813258232,0.0006307082690896,0.8012060962249666,0.2346208861735722,0.2193236185707185,3.182031158508309e-12,0.9580775015724928,0.5709515186121292,0.1668009888885987,0.6085531214670624,0.1124868097856949,0.2080336091464121,0.4348271697128555,0.1481908430200283,0.1656611551398318,-165.8154169990395,361.630833998079,412.190404419994
2026-06-01T23:08:43,30,36,300036,"ARX(2,2)",-165.7185816160985,361.437163232197,411.99673365411195,True,0,0.5394662468728473,4.157296067516373e-05,0.833354594201355,0.2697493574679265,0.1720802415095905,1.3477748316366048e-09,0.9764054803216256,0.4840091613185588,0.1763265513751728,0.5618702152465592,0.1066482165009461,0.2077179642180574,0.4699645046054531,0.143073181144255,0.1463161706232631,-165.71858161319344,361.4371632263869,411.9967336483018
2026-06-01T23:10:16,30,37,300037,"ARX(2,2)",-166.0163483183681,362.0326966367362,412.59226705865115,True,0,0.0848156591110703,0.0426564273956124,0.9311399923653922,0.3435899946829308,0.074188472398964,0.0092370166475563,0.8666870242312733,0.3906763802893224,0.2358001656309165,0.5770606760071324,0.0537534921749218,0.1930230295983353,0.3922447861583322,0.1443225036348377,0.3038164094412259,-166.0163483183734,362.0326966367468,412.5922670586617
2026-06-01T23:14:04,30,38,300038,"ARX(2,2)",-166.3323680107422,362.6647360214844,413.2243064433993,True,0,0.473029690632013,0.0312659121497007,0.8456035137566915,0.3941311534850205,0.139588371458872,5.0063882350778175e-20,1.0257412573610942,0.1329726482136403,0.1887225811073657,0.6462603239227912,0.0892261063398769,0.2253256248574995,0.5913712097336927,0.0937858010093658,0.0789972079838159,-166.33236800947498,362.66473601895,413.2243064408649
2026-06-01T23:18:21,30,39,300039,"ARX(2,2)",-165.8422584282219,361.6845168564438,412.24408727835873,True,0,0.1294109215262175,0.0616197062867423,0.9067383403733952,0.3176714987872089,0.112471327912735,4.0867159771150993e-16,0.8257519887640111,0.4655688315524077,0.2307946491840503,0.5219082635318281,0.0681227590768124,0.2022510206042834,0.3133323339849048,0.1648852062895913,0.3195865307214789,-165.842258428207,361.684516856414,412.24408727832895
2026-06-01T23:21:22,30,40,300040,"ARX(2,2)",-166.3729852307151,362.7459704614302,413.30554088334515,True,0,0.4307121599851096,0.0294216946224466,0.8525943727672673,0.4203653616056526,0.1368847508158939,2.9619287810763397e-18,0.9646828567513612,0.1381657632093974,0.1920732493095116,0.704056328721112,0.0807043444899964,0.2294181406196312,0.6308334189715422,0.0977502947311727,0.0386300587061372,-166.37298522860164,362.74597045720327,413.3055408791182
2026-06-01T21:17:42,31,1,310001,"ARX(2,2)",-165.7264037005723,361.4528074011446,412.0123778230595,True,0,0.5871292385307445,2.593102218794273e-05,0.8262908423578302,0.2696806597241555,0.1816045117666261,4.005007075195115e-13,0.9533706947721656,0.507211686668547,0.1717994293429377,0.5676199109279448,0.1092376236559769,0.2072798763559374,0.4595276476559921,0.1485982399872045,0.1472230397419152,-165.72640369827826,361.4528073965565,412.01237781847146
2026-06-01T21:20:04,31,2,310002,"ARX(2,2)",-165.67723107029744,361.3544621405949,411.9140325625098,True,0,0.0772651879855999,0.0442807616435919,0.93376930494029,0.590761109600723,0.0136317141428925,0.0325928830707901,0.7712615980359916,4.089474798137406e-19,0.2931642278168087,0.5946991474880198,0.1485227942667385,0.1366727185477586,0.3177033564521871,0.1445318840987229,0.3123488401789091,-165.6772310702381,361.3544621404762,411.9140325623911
2026-06-01T21:21:46,31,3,310003,"ARX(2,2)",-165.7871707627658,361.5743415255316,412.13391194744656,True,0,0.6850149327336462,4.631148137851762e-06,0.8065622472131648,0.2514648648465037,0.2049456782017536,2.870679878564238e-07,0.9767784467919728,0.5202814134993153,0.1691629230268478,0.5915288978437208,0.1116905100873526,0.2007635887782901,0.5272075612153945,0.1438485302471308,0.0898785496629067,-165.78717076274535,361.5743415254907,412.1339119474056
2026-06-01T21:26:02,31,4,310004,"ARX(2,2)",-165.71929608780619,361.43859217561237,411.9981625975273,True,0,0.5435862318881419,6.416556755045462e-06,0.8319625881995364,0.2667319919587568,0.1739836609268627,7.163825391958002e-21,0.97922983932548,0.4872926622747061,0.1766361521066491,0.5690096787034532,0.1061288607735111,0.2069058843292995,0.4846113109630635,0.1415366357096311,0.1352240334537086,-165.7192960866971,361.4385921733942,411.9981625953092
2026-06-01T21:28:15,31,5,310005,"ARX(2,2)",-165.84174755154623,361.68349510309247,412.2430655250074,True,0,0.1348013034285516,0.0620281672018396,0.9041184577889024,0.3103005871549019,0.1167216760264731,2.016841295601838e-17,0.8336706975639685,0.4717038590575629,0.2288981581194593,0.5256936460765118,0.0699285359429418,0.2023600782192372,0.3034173794840908,0.1635541730972189,0.3279021489924634,-165.84174755226036,361.6834951045207,412.24306552643566
2026-06-01T21:30:44,31,6,310006,"ARX(2,2)",-165.72063999151806,361.4412799830361,412.00085040495105,True,0,0.54817789127358,0.0002146173929487,0.8322512983379865,0.2693794672622653,0.1735245706898174,4.88850692471867e-13,0.9763925044065516,0.484395265603389,0.1753571798420467,0.5656667170854608,0.1073645712840846,0.2080980842674558,0.4523995739624825,0.1445537844588884,0.1607361108994593,-165.7206400190693,361.4412800381386,412.0008504600535
2026-06-01T21:33:30,31,7,310007,"ARX(2,2)",-165.71867907659905,361.4373581531981,411.99692857511303,True,0,0.5405798187666421,3.305162383097504e-05,0.8330123705213582,0.2713246704309635,0.1729278452389868,2.948826540072168e-16,0.9720556615160304,0.4852257231926091,0.1762533750932431,0.5647762938511168,0.1066225813319594,0.2088241045629002,0.4662780992724581,0.1438612961178565,0.1479338432973634,-165.71867907672146,361.4373581534429,411.99692857535786
2026-06-01T21:37:45,31,8,310008,"ARX(2,2)",-165.84423865688916,361.6884773137783,412.24804773569326,True,0,0.7445231524774258,8.02063224065901e-06,0.7958558225419847,0.2397927072830406,0.229778452757654,2.304731065696805e-12,0.9403308809885116,0.5800629208548347,0.1654710258685047,0.6182927868877071,0.1118838632763125,0.2042326845138943,0.5121708626010747,0.1480971196162695,0.0946896792098237,-165.84423865599518,361.6884773119904,412.2480477339053
2026-06-01T21:39:58,31,9,310009,"ARX(2,2)",-165.67716741901864,361.3543348380373,411.91390525995223,True,0,0.0763682780179882,0.044285009623267,0.9343517004827706,0.5897984426606485,0.0134578676337222,0.0324268082315303,0.7733527438131368,0.0,0.2933254093580897,0.5954072724138432,0.1490152623658319,0.1357790247386102,0.3191516147224326,0.144293457728729,0.3114302860924874,-165.67716741904104,361.3543348380821,411.913905259997
2026-06-01T21:42:07,31,10,310010,"ARX(2,2)",-165.99118943488003,361.98237886976005,412.541949291675,True,0,0.3503938569249842,0.0310026170419473,0.8657478796147065,0.2909286514775781,0.1486442023906833,2.1408308344725814e-15,0.9009548072621876,0.4691414920563014,0.1858807504018272,0.5375974509271477,0.0961773662924268,0.2028934798603826,0.39332890828551,0.1354929228721747,0.2458319138943711,-165.9911894360847,361.9823788721694,412.5419492940844
2026-06-01T21:45:49,31,11,310011,"ARX(2,2)",-165.78623944237071,361.57247888474143,412.13204930665637,True,0,0.620176926047228,0.0035277733833553,0.8200800268039729,0.2695063953541192,0.1917427672554699,5.827952969082954e-17,0.904266471482778,0.549280430573253,0.1693438537822791,0.5885080737842165,0.1090844425864507,0.2092018546124975,0.4089025262639688,0.1533377704543009,0.1867433568019975,-165.78623944080158,361.5724788816032,412.1320493035181
2026-06-01T21:47:41,31,12,310012,"ARX(2,2)",-166.29504600803904,362.5900920160781,413.149662437993,True,0,0.3946016769152489,0.0314492920016735,0.8640890845531449,0.4075829133920814,0.1194442809794847,8.383930015055852e-22,0.9999247644551724,0.1324540991858579,0.1930746096597898,0.6300174167683802,0.0848264402793818,0.2267090135818916,0.5696514787300389,0.095895523656731,0.1012193180370329,-166.29504600801457,362.59009201602913,413.1496624379441
2026-06-01T21:49:31,31,13,310013,"ARX(2,2)",-165.85048337002138,361.70096674004276,412.2605371619577,True,0,0.1432340849501513,0.0646455282110269,0.9005684710021657,0.3066424741799851,0.1204565061880844,4.87153418711705e-19,0.8205490432647365,0.488456225341322,0.2278521196796067,0.5180563802854051,0.0730040073914688,0.2066289428456937,0.2986199242215164,0.1668662590704112,0.3206719258231574,-165.85048337479554,361.7009667495911,412.260537171506
2026-06-01T21:51:17,31,14,310014,"ARX(2,2)",-165.76775444335408,361.53550888670816,412.0950793086231,True,0,0.6716942021954867,0.0001600894619646,0.8074701052354576,0.2615976627103533,0.2087139033721697,6.894972717816763e-13,0.9400803102787276,0.5363350281384845,0.1692203908230601,0.5876132241483363,0.1111213789116854,0.2056479882119749,0.4469899909290297,0.1530185588442915,0.1527430460122554,-165.7677544503212,361.5355089006424,412.09507932255735
2026-06-01T21:54:51,31,15,310015,"ARX(2,2)",-165.86747845853466,361.7349569170693,412.29452733898427,True,0,0.2566082186084663,0.0341239629782899,0.8773882382096891,0.2675952226288475,0.1573409413623634,3.457841996083236e-13,0.8654857973309402,0.5473825549932363,0.1929673141998047,0.5517336931529094,0.0834350298205699,0.2034338624266519,0.3701633295470833,0.1518950041399313,0.2650865039963658,-165.8674784462836,361.7349568925672,412.2945273144821
2026-06-01T21:58:32,31,16,310016,"ARX(2,2)",-165.84263331919252,361.68526663838503,412.2448370603,True,0,0.1333313454705412,0.0620844276607998,0.9054417633011304,0.3153270552164565,0.1135241895077634,7.255610236818839e-20,0.8350981946972871,0.4600553485317629,0.2293088445594378,0.5198544442585983,0.0706097843390084,0.201864956318197,0.3113062958961685,0.1652457460010343,0.3183871854934064,-165.842633319203,361.685266638406,412.24483706032095
2026-06-01T22:00:37,31,17,310017,"ARX(2,2)",-165.73403619526354,361.4680723905271,412.027642812442,True,0,0.6199914784886607,2.089460604555462e-05,0.8193109128602655,0.2596038354371358,0.1904041155863413,3.644611943842779e-12,0.9720658725515668,0.5086787212648699,0.1710366647964066,0.581352801463824,0.1106837443250172,0.2061043455235865,0.4567246295104089,0.1482243013174604,0.1500827352449608,-165.73403619530387,361.4680723906077,412.0276428125227
2026-06-01T22:03:41,31,18,310018,"ARX(2,2)",-165.72057615866674,361.4411523173335,412.00072273924843,True,0,0.5607866546303908,0.000461103733969,0.8288415582294338,0.2641720281582271,0.1796125937370942,5.983909492550709e-16,0.9722771393315304,0.4983815539616897,0.1750391037341142,0.5741233068930564,0.1073620981742167,0.20768250082039,0.4734604689037558,0.1435085759530001,0.1412678042875618,-165.720576162767,361.441152325534,412.00072274744895
2026-06-01T22:06:16,31,19,310019,"ARX(2,2)",-165.72010839518163,361.44021679036325,411.9997872122782,True,0,0.5348313905545307,4.282210760792093e-05,0.8342031777433773,0.2680296838677352,0.1728960712048328,1.6157267295468103e-17,0.970976449402801,0.4928739721084599,0.1763110203589175,0.5682272329384568,0.106253565114671,0.2093013653599535,0.4634312888723372,0.1441087509703025,0.1501223803037449,-165.72010839656463,361.44021679312925,411.9997872150442
2026-06-01T22:08:22,31,20,310020,"ARX(2,2)",-165.84075184513844,361.6815036902769,412.2410741121918,True,0,0.1327276698511953,0.062158838752439,0.9053447277276102,0.3130294884577527,0.1144398561277548,7.452951626048987e-19,0.8321932049378484,0.4674331174727193,0.2297486757088899,0.5257325775523336,0.0694549007641835,0.2024520878754147,0.3092558854220297,0.1645022214843322,0.3220482058643965,-165.8407518451225,361.681503690245,412.24107411216
2026-06-01T22:10:05,31,21,310021,"ARX(2,2)",-165.96467385720337,361.92934771440673,412.4889181363217,True,0,0.5354966318989912,0.0069489804437225,0.8373433633611216,0.3513219693020896,0.149715643443106,7.888596088590334e-19,0.9376504329131216,0.3478241165499499,0.1777642719293669,0.5549436827513068,0.0956459504519434,0.2008852036005178,0.5264792130201689,0.126556380885205,0.1298402889783652,-165.96467385166196,361.9293477033239,412.48891812523885
2026-06-01T22:15:40,31,22,310022,"ARX(2,2)",-165.72659376729928,361.45318753459856,412.0127579565135,True,0,0.6018036961290725,2.8461676374051017e-05,0.8209975515066883,0.2682930595412226,0.1842787320446626,4.669144345621877e-12,0.9676118315624156,0.4957413729240275,0.1734351203818761,0.5716074809185373,0.1090338890870229,0.2042127781083533,0.4755506588022015,0.1463185938360424,0.1369040885671987,-165.72659376675583,361.4531875335117,412.01275795542665
2026-06-01T22:20:04,31,23,310023,"ARX(2,2)",-165.72153108537395,361.4430621707479,412.00263259266285,True,0,0.5750091047787879,7.949121321114434e-05,0.8264663155055461,0.2629459292234806,0.1824392678784442,4.456737449091497e-10,0.9675980774824235,0.5063372868007243,0.173860716301074,0.5737626187770848,0.1088655553448767,0.2078266768803908,0.4600792323815769,0.1462190420258907,0.1492087585717519,-165.7215310857103,361.4430621714206,412.00263259333553
2026-06-01T22:23:32,31,24,310024,"ARX(2,2)",-165.72020949851293,361.44041899702586,411.9999894189408,True,0,0.5329265595999417,9.083410901263989e-06,0.8344425385275842,0.2729530751113607,0.1697018122296684,1.7367063880250338e-06,0.97989050033567,0.4741847547430519,0.1770174177011876,0.5574198561710596,0.1059005857192891,0.2082501149539604,0.4743888147153702,0.142238491590229,0.1437204981471378,-165.72020949829312,361.44041899658623,411.9999894185012
2026-06-01T22:25:27,31,25,310025,"ARX(2,2)",-166.3768000771562,362.7536001543124,413.3131705762273,True,0,0.3856506928701784,0.0371961635340537,0.8687070964810454,0.4188841275923573,0.099482214972945,4.264287825966318e-05,1.016495696963713,0.0927924405931564,0.1945931420174465,0.5892560442377868,0.0852403218719615,0.2156516048536843,0.6355385040741175,0.0885564641671541,0.0530278313012879,-166.37680007382613,362.75360014765226,413.3131705695672
2026-06-01T22:29:12,31,26,310026,"ARX(2,2)",-165.77784532335417,361.55569064670834,412.1152610686233,True,0,0.53592918385823,8.356197669215553e-05,0.8368780961487566,0.2629563901281235,0.1702889052747756,1.818481147133625e-08,1.0335395616792775,0.4403659546710505,0.1761173479233166,0.5857094132456795,0.1101421259185856,0.212593620740535,0.4676910606868353,0.1338190145191612,0.1543051966245465,-165.77784530190954,361.5556906038191,412.115261025734
2026-06-01T22:30:54,31,27,310027,"ARX(2,2)",-165.73188190275278,361.46376380550555,412.0233342274205,True,0,0.5133323667525804,5.057795820744033e-05,0.8390738922476407,0.2769747676571635,0.1637667030473482,1.9950283441071676e-17,0.9681500630922666,0.4777993218769393,0.1777402140857206,0.5466800006377254,0.1078895428562757,0.2106949340117629,0.4555024792750072,0.1426890815384042,0.1564650737248743,-165.73188190260808,361.46376380521616,412.0233342271311
2026-06-01T22:33:59,31,28,310028,"ARX(2,2)",-165.68037328912266,361.3607465782453,411.92031700016025,True,0,0.078405032768596,0.0440615590213347,0.9327793556630812,0.593472420402491,0.0144056124802586,0.0329752145908732,0.7657191937920054,2.986415855262992e-07,0.2924138374187726,0.5956831537004031,0.1460720475482538,0.1398309344987158,0.3007133352195898,0.1463958679095322,0.3265152282554371,-165.6803732766905,361.360746553381,411.9203169752959
2026-06-01T22:36:50,31,29,310029,"ARX(2,2)",-165.67687777800305,361.3537555560061,411.91332597792103,True,0,0.0029435657564877,0.0513871186463492,0.9847619877291824,0.5459344963314584,0.0099896133817362,0.0141006831353852,0.8087621295956674,0.0457954657371069,0.3413071276156825,0.5200319066271665,0.0908804225684407,0.1748293886081474,0.3607330163637111,0.0545323789071945,0.3786128001060231,-165.67687777806017,361.3537555561203,411.9133259780352
2026-06-01T22:40:35,31,30,310030,"ARX(2,2)",-165.7582472071402,361.5164944142804,412.0760648361953,True,0,0.5242264117625355,0.0001575085995873,0.833134727922724,0.2900042979677013,0.1709055444054404,1.029412235869872e-12,0.9376060449187036,0.4820436682896525,0.1794705386623656,0.5679679696181544,0.1042987261622252,0.2152914962648075,0.4464851811567845,0.1548131422914317,0.1503526450866366,-165.75824720766255,361.5164944153251,412.07606483724
2026-06-01T22:45:53,31,31,310031,"ARX(2,2)",-165.86833651058237,361.73667302116473,412.2962434430797,True,0,0.259538777734747,0.0334781803860793,0.8767707398851325,0.2632189859724778,0.1587224985983328,1.1090039569158817e-13,0.8595541024886275,0.5625010995865973,0.1918769640731061,0.5565360399223866,0.0847928749976841,0.2038241416079702,0.3659020860752928,0.152747436439418,0.2662549691569346,-165.86833651115353,361.7366730223071,412.296243444222
2026-06-01T22:48:11,31,32,310032,"ARX(2,2)",-165.561033730887,361.122067461774,411.68163788368895,True,0,0.0722496491514549,0.044486743339556,0.9363573409596222,0.6120553711827049,6.272797234036245e-18,0.0263576222675392,0.7337896025879181,3.272823268481028e-18,0.3329930217436132,0.5414758479274747,0.1424031846888678,0.1844109342018594,0.305017602880019,0.0805768060969734,0.3529416406892586,-165.56103373110034,361.1220674622007,411.6816378841156
2026-06-01T22:49:43,31,33,310033,"ARX(2,2)",-165.72312528166748,361.44625056333496,412.0058209852499,True,0,0.572465585243899,0.0003402947774645,0.8267231542648346,0.2682085212988357,0.1789023042189169,2.555932823165279e-09,0.9787341216394329,0.4841512736866848,0.1747663048202892,0.5663649478768735,0.10648015555038,0.2055803937045279,0.4955690886938313,0.140113531250091,0.126674650326301,-165.72312528012378,361.4462505602476,412.0058209821625
2026-06-01T22:51:49,31,34,310034,"ARX(2,2)",-165.7440653103509,361.4881306207018,412.0477010426167,True,0,0.6383566001784765,2.1481018536370745e-05,0.8145375878374809,0.2575829113635596,0.1970082457926448,1.1723895439149377e-12,0.9710921179456932,0.5136930148683645,0.1710300822269312,0.5829933202610463,0.1105995589964521,0.2059115957183619,0.4518856565922881,0.1464977210797961,0.15685631288744,-165.7440653114727,361.4881306229454,412.04770104486033
2026-06-01T22:55:45,31,35,310035,"ARX(2,2)",-165.37099875972166,360.7419975194433,411.30156794135826,True,0,0.0543317985575674,0.0404431590098899,0.938986543205396,0.5312611978107813,0.0043166806211114,0.0292059161724468,0.8434825017273258,0.0570717810300881,0.3834077615235736,0.5727003399079514,0.1664243228621817,0.1719063965971849,0.1507054767058937,0.138982957467795,0.4274893119233343,-165.37099875972532,360.74199751945065,411.3015679413656
2026-06-01T22:57:21,31,36,310036,"ARX(2,2)",-166.04649699324557,362.09299398649114,412.6525644084061,True,0,0.7651075369465915,0.0003026517931148,0.7935289680716058,0.2243975065287482,0.2171792428151439,1.174080667773187e-12,1.1049826808637335,0.445486383811539,0.1677306689995761,0.5654276605052923,0.1245665409687511,0.202013663811475,0.4168217285255743,0.1429286692507041,0.1872670958219818,-166.0464969933338,362.0929939866676,412.6525644085825
2026-06-01T23:00:09,31,37,310037,"ARX(2,2)",-165.752965524761,361.505931049522,412.06550147143696,True,0,0.4908424539185387,5.268894209408903e-05,0.8450505855389069,0.2831937849704913,0.1556938901168741,1.7947743309813898e-14,0.9746741049499206,0.458833276491046,0.1784580768258437,0.5589669345973705,0.1067426349831419,0.2053049916413252,0.4272499742147523,0.1438766067671512,0.190218574256464,-165.7529655246489,361.5059310492978,412.0655014712128
2026-06-01T23:02:51,31,38,310038,"ARX(2,2)",-165.7199692622853,361.4399385245706,411.99950894648555,True,0,0.5594862064521992,4.649065072883804e-05,0.8288093324109063,0.2704637216548953,0.175570630506435,6.264483828768941e-10,0.9803227104080868,0.4786541483047335,0.1760925184898305,0.5578932810402062,0.1075852787877846,0.205712640402033,0.4764177467896778,0.1427171054723373,0.1412463103443283,-165.71996926130487,361.43993852260974,411.9995089445247
2026-06-01T23:08:02,31,39,310039,"ARX(2,2)",-165.7541903111016,361.5083806222032,412.06795104411816,True,0,0.572961349660811,2.938074419028406e-05,0.8278614454772882,0.254014717394676,0.185204033438299,1.2394700622740608e-14,0.9592021053404476,0.5326980915182701,0.1725677346654198,0.5983406285089581,0.110700382465769,0.2098469064044668,0.4102136683846623,0.1516353299111489,0.1871596868933634,-165.7541903103793,361.5083806207586,412.0679510426736
2026-06-01T23:11:12,31,40,310040,"ARX(2,2)",-165.75518005092982,361.51036010185965,412.0699305237746,True,0,0.4803235732374122,6.529865733910063e-05,0.8451803211435069,0.2715746697779856,0.158429815912818,5.698728001400344e-17,0.9731871675742788,0.4835290010920954,0.1800765243747884,0.5717706456269598,0.1023723679927933,0.2065158089078278,0.4429152817089224,0.1392295719124939,0.1834374241586701,-165.7551800509547,361.5103601019094,412.0699305238243
2026-06-01T21:36:13,32,1,320001,"ARX(2,2)",-165.71930579582897,361.43861159165795,411.9981820135729,True,0,0.5515271898622746,0.000211968662907,0.8311351915407759,0.2695220450402933,0.1737084836308317,2.9848491632851096e-10,0.982070636846708,0.4784391168622971,0.1759028763593747,0.5687170337807238,0.1075992633546318,0.2063693113863704,0.4797534488246993,0.1425087860474599,0.1379181633383278,-165.7193057969721,361.4386115939442,411.99818201585913
2026-06-01T21:37:43,32,2,320002,"ARX(2,2)",-165.76713565123208,361.53427130246416,412.0938417243791,True,0,0.6489393505840685,5.64037167743649e-05,0.8144052018129302,0.2510952566367332,0.2007528917034117,4.159787459686111e-06,0.9459795025688764,0.5516916010965304,0.1687519798716925,0.6065371642780614,0.1125110375082253,0.205383130742788,0.4593208814398065,0.1539435860744784,0.1387734017974465,-165.7671356511703,361.5342713023406,412.0938417242555
2026-06-01T21:40:02,32,3,320003,"ARX(2,2)",-165.39577876043154,360.7915575208631,411.351127942778,True,0,0.0536771299717298,0.0410770945422459,0.9388165598714556,0.5225181651275586,0.0026967906722961,0.0302743448696258,0.8634853504678437,0.0551392124159949,0.3972024361744379,0.5725739194429124,0.1729971686416778,0.1719510149487647,0.1557732693657581,0.1397564414703114,0.4255377979619367,-165.39577876041744,360.7915575208349,411.3511279427498
2026-06-01T21:41:34,32,4,320004,"ARX(2,2)",-166.09983998730468,362.19967997460935,412.7592503965243,True,0,0.8625547092552143,8.96421897423836e-06,0.7804310694284801,0.1596697647071762,0.2717292866417062,2.757773528747685e-13,0.917328724831366,0.763299761447096,0.1564907009740666,0.6667967097940937,0.1165629499429276,0.2123624596495103,0.4653260802778184,0.1554360809654305,0.113238060296015,-166.09983998751335,362.1996799750267,412.7592503969416
2026-06-01T21:44:44,32,5,320005,"ARX(2,2)",-165.7193517316044,361.4387034632088,411.99827388512375,True,0,0.556423793981521,0.0005657433254617,0.8299760269842181,0.2679892948605611,0.1760211438450098,1.4316827350110566e-15,0.9738712047124928,0.4889448429343736,0.1754772697594064,0.5674726222482915,0.1069354641737946,0.2069655914442178,0.4773814485914761,0.1434357779338623,0.1389829563276772,-165.71935173201976,361.4387034640395,411.99827388595446
2026-06-01T21:47:52,32,6,320006,"ARX(2,2)",-165.74470671507163,361.48941343014326,412.0489838520582,True,0,0.6376614443725581,1.1514166709567265e-05,0.814686814016314,0.2575047785737105,0.1989432218438222,1.8444215115104795e-10,0.9536147394546044,0.5313487687892531,0.170599472786137,0.5867211353309139,0.1102159526400603,0.2077275796550363,0.4632577975266922,0.1487268029004496,0.1414449517957735,-165.74470671497664,361.4894134299533,412.0489838518682
2026-06-01T21:50:40,32,7,320007,"ARX(2,2)",-165.72217927007893,361.44435854015785,412.0039289620728,True,0,0.5480730486875505,4.410332884427034e-05,0.8320003320695498,0.2635494409952036,0.1753574208285968,3.872043354307656e-07,0.9766738778955752,0.4961319428514694,0.1752575898971241,0.5686855510492391,0.1076220506780618,0.2096000053335792,0.4466177332874839,0.1446955474567556,0.1641780295548333,-165.72217926812868,361.44435853625737,412.0039289581723
2026-06-01T21:53:04,32,8,320008,"ARX(2,2)",-165.72166459899267,361.44332919798535,412.0028996199003,True,0,0.5433074496259002,4.466741362219897e-05,0.8316141972507959,0.2653150279790962,0.1762251459188603,3.5779683009994025e-18,0.9695878576503508,0.49968554531797,0.1767024731572888,0.5766461876744209,0.1066833302636634,0.2067931346322353,0.471443512946035,0.1453054309191293,0.1437382538468353,-165.72166464314515,361.4433292862903,412.0028997082052
2026-06-01T21:55:15,32,9,320009,"ARX(2,2)",-165.74954678485,361.4990935697,412.05866399161494,True,0,0.4978313483942626,2.7475072831515e-05,0.8416449524227599,0.2963390781636881,0.1573341372193867,1.1199057212699006e-18,0.9627259096701556,0.4445432283608382,0.1796060116544611,0.5503382694508449,0.1019887739314047,0.2069239662127635,0.4971306411009331,0.1407129230657804,0.1285163244301108,-165.74954678422438,361.4990935684488,412.0586639903637
2026-06-01T21:59:58,32,10,320010,"ARX(2,2)",-166.53483845370368,363.06967690740737,413.6292473293223,True,0,2.417530206403232,0.0520570109531385,2.0978734087104455e-12,0.5759395599443823,5.530556426497202e-11,0.4481505549896662,0.8080618958757215,6.392882501496825e-15,0.2263945878968167,0.447411112029017,0.1034733761677031,0.2175914679534415,0.4671896942577384,0.055042463529574,0.2232396611618304,-166.53483845418486,363.0696769083697,413.6292473302847
2026-06-01T22:01:53,32,11,320011,"ARX(2,2)",-165.73577721385882,361.47155442771765,412.0311248496326,True,0,0.5285709355416613,0.0006097021072742,0.8343395259473501,0.2820911624536827,0.1733573755785937,6.070868749440907e-18,0.9445275281581962,0.4899902144176206,0.1771490525287102,0.5654881707907273,0.1055055229840081,0.209116715082055,0.4454946519306157,0.1465359481184187,0.165946592689989,-165.73577718359218,361.4715543671844,412.0311247890993
2026-06-01T22:04:34,32,12,320012,"ARX(2,2)",-165.7202722858746,361.4405445717492,412.0001149936641,True,0,0.5391599533480629,4.3472829603612925e-05,0.8332033914673239,0.2686029060570879,0.1711380283966895,6.911946105737537e-14,0.983752764419021,0.4789514691812243,0.1766755801544065,0.5611689298045559,0.1059340198245675,0.2067530624173883,0.4892885149322773,0.1406367739410009,0.1320036717714313,-165.7202722854609,361.4405445709218,412.0001149928368
2026-06-01T22:08:24,32,13,320013,"ARX(2,2)",-165.7277860580744,361.4555721161488,412.01514253806374,True,0,0.5945948449860912,0.000186641390749,0.8219578653488441,0.2566620673167668,0.1872306575605092,6.992821094416802e-21,0.9699448682854652,0.5163202857491135,0.1734568114523847,0.569339615522249,0.1084445019239031,0.2078870139295946,0.4726562148412603,0.1461583907130254,0.1371257487751423,-165.72778595245134,361.4555719049027,412.0151423268176
2026-06-01T22:11:11,32,14,320014,"ARX(2,2)",-165.72161722604181,361.44323445208363,412.00280487399857,True,0,0.5778051753529916,0.000461520159882,0.8252139436357607,0.2652769891703971,0.1820439096449195,2.1217376578074491e-10,0.9697156020664932,0.4987456619386873,0.1744728705245962,0.5701798604392757,0.1086679855903191,0.2074421678884321,0.4658979493821045,0.1453636273224623,0.1449591569825215,-165.72161717154103,361.44323434308205,412.002804764997
2026-06-01T22:14:55,32,15,320015,"ARX(2,2)",-165.88706551489577,361.77413102979153,412.3337014517065,True,0,0.2296183114076575,0.0369098708196248,0.8841887342016984,0.2715080523066884,0.1516376329193912,1.631905838238292e-19,0.8301927926556526,0.5689494527216421,0.1937418986932777,0.5589576238871208,0.0778824205416133,0.203137235002411,0.3395326777236734,0.1547557084408792,0.2965261514570166,-165.8870655174045,361.774131034809,412.33370145672393
2026-06-01T22:18:00,32,16,320016,"ARX(2,2)",-165.7344233240156,361.4688466480312,412.02841706994616,True,0,0.5177244136098247,0.000156660763308,0.8408663966109187,0.2819826186406618,0.1601769928191622,4.022969533072562e-09,0.9857103026699672,0.4500049599493879,0.176626591510066,0.5625308457416268,0.1087353287352161,0.2044876079005176,0.4665873442503272,0.1397555325759401,0.1561916214322261,-165.73442324278656,361.4688464855731,412.02841690748807
2026-06-01T22:21:12,32,17,320017,"ARX(2,2)",-165.84931996469362,361.69863992938724,412.2582103513022,True,0,0.6793468948007263,5.372388544995479e-05,0.8103446527605301,0.2075459129120328,0.2083153072783997,1.6223839951781242e-12,0.979876482250692,0.604898485935442,0.1661011496152784,0.5954734981337504,0.1131690125745785,0.2072457196637556,0.4577721155587349,0.143729030647861,0.1481186162043668,-165.84931996644806,361.6986399328961,412.2582103548111
2026-06-01T22:24:16,32,18,320018,"ARX(2,2)",-165.74087806841663,361.48175613683327,412.0413265587482,True,0,0.5525533715159673,5.376422914611984e-06,0.8308704442937597,0.2779958031625942,0.1705223478723436,1.032938951922396e-11,0.9859530725401696,0.4580447019390002,0.1766269433437327,0.5523622236478908,0.1047563082701041,0.2050725727623793,0.5325743072439536,0.1371353251979685,0.0974277122065936,-165.74087806576463,361.48175613152927,412.0413265534442
2026-06-01T22:26:07,32,19,320019,"ARX(2,2)",-165.78751410576268,361.57502821152536,412.1345986334403,True,0,0.6423595613748876,0.0009633366437563,0.8124523467743247,0.2654694963131524,0.2043673607128818,1.5777665068950114e-11,0.899015432550963,0.5678156449679623,0.1696729697853716,0.5891603340453428,0.1109523815556022,0.2145272861310339,0.4468439095869438,0.1523229906109951,0.1422031907860609,-165.78751409602057,361.5750281920412,412.1345986139561
2026-06-01T22:29:21,32,20,320020,"ARX(2,2)",-165.58527892427242,361.17055784854483,411.7301282704598,True,0,0.0547311032422712,0.0418472560458569,0.9482111190444362,0.5712200544198133,0.0106831175418013,0.0310631691357919,0.7943097236402967,0.0185206423584973,0.2901476192212981,0.567859108673545,0.1594780362653246,0.1207648953572556,0.3517529183185514,0.1361954616029878,0.2957051163586663,-165.58527892411985,361.1705578482397,411.7301282701546
2026-06-01T22:33:15,32,21,320021,"ARX(2,2)",-165.71906978899915,361.4381395779983,411.99770999991324,True,0,0.5614102712529188,8.074873129444349e-05,0.8290169709391108,0.2685908240558075,0.1766889190580386,1.1434465649172075e-10,0.9738408491025384,0.4888050573692944,0.1752730258666358,0.5707498520138053,0.1076648437840223,0.2076018901645502,0.4628501134553833,0.1445253605984194,0.1502084414633599,-165.71906978588038,361.4381395717608,411.9977099936757
2026-06-01T22:35:12,32,22,320022,"ARX(2,2)",-165.74383878787268,361.48767757574535,412.0472479976603,True,0,0.4793493474794361,7.899481727528836e-06,0.8455565744330056,0.2675177526722557,0.1581014091056203,1.975152958869276e-10,0.9825387653183134,0.4824097896869319,0.1799419146725296,0.5505946058269837,0.1049908344139979,0.2123941536417873,0.4599304488762566,0.1406748372401955,0.1563546589340187,-165.74383877788796,361.4876775557759,412.04724797769086
2026-06-01T22:38:20,32,23,320023,"ARX(2,2)",-165.6358192694287,361.2716385388574,411.83120896077236,True,0,0.0738242813844096,0.0402021595469401,0.932252286067106,0.6398230102246759,0.0,0.0293307127797721,0.6808148463177717,0.0,0.3460400924365679,0.5393114188852287,0.1416049871441881,0.1972619313352552,0.2543652805107879,0.0883762309483126,0.3857132406101242,-165.63581926897405,361.2716385379481,411.83120895986303
2026-06-01T22:41:41,32,24,320024,"ARX(2,2)",-165.76071467450177,361.52142934900354,412.0809997709185,True,0,0.5741878555348651,0.0023717851195114,0.8276024004945569,0.2637042732012742,0.1819468799602661,5.2920817869147306e-12,0.9746780442436034,0.4892308942241326,0.1740979906620525,0.5819684752696802,0.1099487781577879,0.2087432109537914,0.4525331326723505,0.1462221341514041,0.1565137713371855,-165.76071467501316,361.5214293500263,412.08099977194126
2026-06-01T22:43:58,32,25,320025,"ARX(2,2)",-165.74346948229504,361.4869389645901,412.046509386505,True,0,0.6270215090475915,1.5248798435969423e-05,0.8174415139692595,0.2494065908864817,0.1955963969347069,1.6370022195366377e-12,0.9617121450175482,0.539439483158446,0.170248491311296,0.5817203981276361,0.110526824102564,0.2069989939603263,0.4589949032978728,0.1490302817663142,0.1451135846897219,-165.74346947038146,361.4869389407629,412.04650936267785
2026-06-01T22:46:18,32,26,320026,"ARX(2,2)",-166.10625285496963,362.21250570993925,412.7720761318542,True,0,0.7863598739614062,0.0202819596888879,0.7909594036388865,0.2691095905835994,0.2476777970328637,2.50849707305875e-13,0.7930368095036912,0.6027948038302431,0.1606186848323786,0.688516773860176,0.1147499173009872,0.2089799756440757,0.391184539353876,0.1680339554537122,0.1761183093146799,-166.1062528551056,362.2125057102112,412.7720761321261
2026-06-01T22:50:00,32,27,320027,"ARX(2,2)",-165.98990512721775,361.9798102544355,412.53938067635045,True,0,0.1322298941799639,0.0633555151258091,0.9020975984869112,0.274424722985107,0.1229099428505917,5.974256415037737e-14,0.7875833746722263,0.5837558979301115,0.2282295589955167,0.5344468331444766,0.0720980465039968,0.2193936625668647,0.1877708142724357,0.17749810803448,0.4019680888190152,-165.98990505304164,361.9798101060833,412.5393805279982
2026-06-01T22:52:17,32,28,320028,"ARX(2,2)",-165.84079182693247,361.68158365386495,412.2411540757799,True,0,0.1329806221198766,0.0620723702027808,0.9052315713963016,0.3133277924262871,0.1145287122202085,2.7591574139748413e-19,0.8316209989330283,0.4673186276736152,0.2295504337752303,0.5249464987308174,0.0695890118967791,0.2027771140066471,0.3078541883088885,0.1646797550629172,0.3226554654937044,-165.84079182888206,361.6815836577641,412.2411540796791
2026-06-01T22:55:04,32,29,320029,"ARX(2,2)",-165.7405377290986,361.4810754581972,412.04064588011215,True,0,0.6200048123192946,6.697447354296029e-06,0.8174405407397427,0.2479140953823055,0.1936045819520309,1.6905820915358536e-12,0.9804031184087154,0.5237536993908811,0.1721000441323514,0.5752447974953767,0.1097705930775625,0.2059256952718264,0.4792828377345305,0.1436575625046414,0.1341346092225062,-165.74053773014236,361.4810754602847,412.04064588219967
2026-06-01T22:59:02,32,30,320030,"ARX(2,2)",-165.6819712242524,361.3639424485048,411.92351287041976,True,0,0.0772633091829535,0.0439491060640969,0.933734464052278,0.5923143923812736,0.0134663139991862,0.0329766653651672,0.7686367359151272,1.1926913060749243e-22,0.2926567200943765,0.5951362777058393,0.1522166870273663,0.1392534310447388,0.298294204608877,0.1455587482480428,0.323225261243361,-165.68197122551686,361.3639424510337,411.9235128729487
2026-06-01T23:01:04,32,31,320031,"ARX(2,2)",-165.7266709007706,361.4533418015412,412.01291222345617,True,0,0.5457811415972459,0.0010935416636773,0.8314804494312453,0.2747715637492105,0.1750290215366079,9.06043665053206e-13,0.9505094929547884,0.4977439514021741,0.1762325704117265,0.5643387964646478,0.1071867852979749,0.2106302824182023,0.4627836120225925,0.1447056372476094,0.1469257221970533,-165.72667090164862,361.4533418032972,412.0129122252122
2026-06-01T23:02:52,32,32,320032,"ARX(2,2)",-165.73464404971315,361.4692880994263,412.02885852134125,True,0,0.6147845763024046,0.0001091192268712,0.820138498436027,0.2617241634156043,0.1892291646534599,4.670399324656708e-13,0.9547789844976086,0.5215306495665767,0.170900885889718,0.5733691091931806,0.1105959060367574,0.2057383663818816,0.452138456281541,0.1509759226577249,0.1509813053856876,-165.73464405010589,361.46928810021177,412.0288585221267
2026-06-01T23:04:36,32,33,320033,"ARX(2,2)",-165.9141680101537,361.8283360203074,412.38790644222235,True,0,0.3027716644942744,0.0322588802246455,0.863148086553692,0.2448008178551387,0.1796396097997901,3.997260353384969e-15,0.8265315709283074,0.6309495499152101,0.1880066315355059,0.5660046601979759,0.0923196663267973,0.2107247632006109,0.346651927514999,0.161045413865707,0.2578270474320137,-165.9141680102208,361.8283360204416,412.38790644235655
2026-06-01T23:11:20,32,34,320034,"ARX(2,2)",-166.26401304097368,362.52802608194736,413.0875965038623,True,0,0.1610051059345871,0.0654342188512873,0.8883189398482888,0.252963417958297,0.144445829199161,1.6618826149520778e-12,0.6925085390144571,0.7229098023056936,0.2257772199349932,0.5297224556656572,0.0823936732329221,0.2356120841302446,0.2556188243820945,0.173060363547583,0.3088135817087913,-166.2640130427514,362.5280260855028,413.08759650741774
2026-06-01T23:15:25,32,35,320035,"ARX(2,2)",-56.96941029711252,143.93882059422504,194.49839101613998,True,0,5.694250268819801,0.2443972667206717,0.5935081477170162,0.0068125405372738,0.5067331097735788,0.0772635834078381,0.2859964417419679,1.1907692590820975,0.0737145450715451,0.4961031459915545,0.0972523377801792,0.2878087009574678,0.2260851813085923,0.1690585784614671,0.276628084785693,-56.969410297135326,143.93882059427065,194.4983910161856
2026-06-01T23:18:17,32,36,320036,"ARX(2,2)",-165.93195134617542,361.86390269235085,412.4234731142658,True,0,0.3842357301655862,0.008958989174944,0.8672212575844264,0.3158488045127989,0.1233502730832142,3.7429100184686e-21,0.9506331119126918,0.4027889766848309,0.1901003167582052,0.5280191796190883,0.1001985474719992,0.2103474406914603,0.4969972760495464,0.1254255765185095,0.146007438514539,-165.9319513429705,361.863902685941,412.423473107856
2026-06-01T23:19:52,32,37,320037,"ARX(2,2)",-165.7199015610579,361.4398031221158,411.99937354403073,True,0,0.563692208706915,2.7493884167341903e-05,0.8289878448062775,0.2653579614576369,0.1773468221979913,1.0885508872991573e-07,0.9831544129454964,0.4860710005640863,0.1748965827357936,0.570014378456019,0.1083844003555602,0.2059843441911183,0.4617954836216462,0.143952475517969,0.1533241393575466,-165.71990156082103,361.43980312164206,411.999373543557
2026-06-01T23:23:58,32,38,320038,"ARX(2,2)",-165.71947423094383,361.43894846188766,411.9985188838026,True,0,0.5328108723129088,3.21566963543679e-05,0.8346816717857963,0.2722664819180641,0.1698932785215261,5.605390968418968e-13,0.9750192767370692,0.480381307248294,0.1767135767800777,0.5610803625564577,0.1059808984498332,0.2085422709656815,0.4719384654716573,0.1426676433738478,0.1447097454821913,-165.71947423120605,361.4389484624121,411.99851888432704
2026-06-01T23:26:45,32,39,320039,"ARX(2,2)",-165.7209503216798,361.4419006433596,412.00147106527453,True,0,0.5505685054320036,0.000468814473669,0.8306645197166475,0.2724638223502799,0.1742087358065262,3.905650102852145e-06,0.9710648387665202,0.4830421727247382,0.1763225587498883,0.5636690599222154,0.1048662692063556,0.2053325523508135,0.4798376005596185,0.1427654925923963,0.1420548452768238,-165.72095032168394,361.4419006433679,412.0014710652828
2026-06-01T23:30:44,32,40,320040,"ARX(2,2)",-165.7348139714249,361.4696279428498,412.02919836476474,True,0,0.5453583401792571,1.3066077763847856e-05,0.8306742114213177,0.2816265188833259,0.1749488134854201,4.815189047506493e-11,0.962601527045557,0.4741185531118791,0.1772488652379144,0.5666485727704714,0.1044664267221346,0.2073357348682299,0.5195872913115297,0.1392527322653607,0.1049734964417815,-165.73481396196885,361.4696279239377,412.0291983458527
2026-06-01T21:22:45,33,1,330001,"ARX(2,2)",-165.75494816629296,361.5098963325859,412.06946675450087,True,0,0.6318509286507654,6.740797131498412e-06,0.8168960182362558,0.2435853736520501,0.1971255075902699,2.140229183558741e-15,0.9657804935764835,0.5470327658642758,0.1698049518442623,0.5822775905462525,0.1108124945290365,0.2106374985496622,0.436812537579516,0.1504708421436871,0.1618501442203704,-165.75494817433955,361.5098963486792,412.0694667705941
2026-06-01T21:25:28,33,2,330002,"ARX(2,2)",-165.71979775475626,361.4395955095125,411.99916593142746,True,0,0.5658573001181083,2.5040100493068783e-05,0.8284177706990433,0.264038760202265,0.177949887470015,6.865440303537548e-12,0.9824316624789206,0.4894371422920466,0.1748262597172121,0.5700338480882603,0.1081326469093262,0.2061983306709153,0.463246153523811,0.1439946310040633,0.1518263207535206,-165.7197977552441,361.4395955104882,411.9991659324031
2026-06-01T21:27:01,33,3,330003,"ARX(2,2)",-165.68090823003524,361.3618164600705,411.9213868819854,True,0,0.079533093061355,0.0452658520005422,0.9326527558391264,0.5853797311759341,0.0131859607901824,0.0331657913194515,0.781495216100248,4.970204409067707e-08,0.2913388774858778,0.5982748524007218,0.1494243876140993,0.1364931201062521,0.3150384465865641,0.1443583961819566,0.3131437064282241,-165.68090823025534,361.3618164605107,411.9213868824256
2026-06-01T21:30:13,33,4,330004,"ARX(2,2)",-165.7189452530186,361.4378905060372,411.99746092795215,True,0,0.5370763288509914,5.706513801212226e-05,0.8337239014766106,0.270610574751898,0.1706718903719787,2.311990361511552e-16,0.9801179343123112,0.4785417885632112,0.1767998746340995,0.5616886011404931,0.1063639853597635,0.2073117805018642,0.4766622904645934,0.1420358344090177,0.1418524395876446,-165.71894525194563,361.43789050389125,411.9974609258062
2026-06-01T21:32:02,33,5,330005,"ARX(2,2)",-165.72753692164304,361.4550738432861,412.014644265201,True,0,0.5997462381528481,3.245148696450692e-05,0.8210846122384284,0.2609647911479814,0.1874527662539985,3.4091638312428017e-06,0.9657216629002484,0.5122776063762248,0.1733879309004415,0.5741952505121262,0.1083273750748397,0.2056038240279508,0.4804747275096805,0.1468451769092335,0.1310725915112558,-165.72753692231475,361.4550738446295,412.0146442665445
2026-06-01T21:34:29,33,6,330006,"ARX(2,2)",-165.3418736467653,360.6837472935306,411.2433177154455,True,0,0.0503809745909628,0.0420321052295699,0.9430049392182068,0.5253643784432906,0.0053270788910956,0.0265992957431686,0.8624167360409225,0.0487706120783055,0.3844571159305383,0.5829064581289987,0.1695321867825255,0.1686507731662109,0.1457685338220311,0.13574104049316,0.4393784585386917,-165.3418736467696,360.6837472935392,411.24331771545417
2026-06-01T21:37:02,33,7,330007,"ARX(2,2)",-165.74609195086492,361.49218390172985,412.0517543236448,True,0,0.5464249676387261,1.2667814277308374e-05,0.8326905375054726,0.2695536806870737,0.1743303953030613,1.564199631653387e-13,1.001110032508746,0.4597542446034824,0.1763742591432528,0.5921160856398736,0.1050697862809499,0.2032255481997201,0.4758572783312211,0.1396742290348332,0.1538168760469604,-165.74609194944162,361.4921838988832,412.0517543207982
2026-06-01T21:39:17,33,8,330008,"ARX(2,2)",-165.76637523275926,361.5327504655185,412.09232088743346,True,0,0.6030188942655234,2.029913076872674e-05,0.8185362621553445,0.2801696479443366,0.1900273110807635,3.969348005098923e-11,0.9268297083579726,0.5127870609413004,0.1746507237023034,0.5753182289205857,0.1080729998557301,0.2046705535467603,0.5206695890717966,0.1501620755247141,0.0888840550915707,-165.7663752340963,361.5327504681926,412.09232089010754
2026-06-01T21:41:22,33,9,330009,"ARX(2,2)",-165.7201436067454,361.4402872134908,411.99985763540576,True,0,0.5655240769052237,0.0006162360166354,0.8280612496640157,0.2687889521464914,0.1785518326821261,2.1487512233210462e-18,0.9690038935967524,0.4921121334584192,0.1749288778012232,0.5687555020559636,0.107097958866945,0.2075089034405413,0.4755780279015339,0.1445624485295598,0.1383585453858967,-165.72014355649011,361.4402871129802,411.9998575348952
2026-06-01T21:46:07,33,10,330010,"ARX(2,2)",-165.73063367832899,361.46126735665797,412.0208377785729,True,0,0.5808002247340849,8.190676202354592e-05,0.8258366978306472,0.2635550781379748,0.1808403188446358,3.5857741424857164e-12,0.9742798777182204,0.498431726608148,0.1739246150353358,0.5719932246586251,0.1077451889382118,0.2044521322069936,0.5087131658001943,0.1443516737169409,0.1094561265224758,-165.73063367938278,361.4612673587656,412.0208377806805
2026-06-01T21:49:13,33,11,330011,"ARX(2,2)",-165.4754105426029,360.9508210852058,411.51039150712074,True,0,0.0422288605784535,0.0387892019715164,0.952320852663603,0.5050263496139972,0.0089338256793477,0.0308289841914319,0.8836169606845454,0.0735473717335557,0.3205864810674738,0.5667483944487898,0.169291188071775,0.101086250088897,0.3280113219011789,0.1380422814718,0.3314035605274452,-165.47541054165907,360.95082108331815,411.5103915052331
2026-06-01T21:51:56,33,12,330012,"ARX(2,2)",-165.73402271948353,361.46804543896707,412.027615860882,True,0,0.5197515427760601,2.0555209808978864e-05,0.8371032611971339,0.2792963463067299,0.1663190753232852,2.9389777434782384e-17,0.9455415900202055,0.4958237855654178,0.1772039611257335,0.5572415366491809,0.1058599311866521,0.2124909136600665,0.466163393176955,0.144265067528282,0.1431811455493269,-165.73402271965602,361.4680454393121,412.027615861227
2026-06-01T21:54:31,33,13,330013,"ARX(2,2)",-165.72987723247775,361.4597544649555,412.01932488687044,True,0,0.6055707579600499,1.6219657428804096e-05,0.8210473866962312,0.2611580497671241,0.1891188121676374,3.5131469109899544e-12,0.9638303137557526,0.513817280319704,0.1719693240344571,0.5777436024740406,0.1089867767753635,0.2065600826973534,0.4518965666268816,0.1476968891272715,0.156339100392254,-165.72987723185634,361.4597544637127,412.0193248856276
2026-06-01T21:57:27,33,14,330014,"ARX(2,2)",-165.9481894662386,361.8963789324772,412.45594935439215,True,0,0.3862691957282781,0.0244415013448708,0.8563494842863241,0.2739491614216757,0.1604619186056708,1.2830225124961597e-12,0.9105567579746472,0.5017363121208115,0.184665283719889,0.5605580217527313,0.096697920886982,0.2083861379062017,0.448747380391241,0.1364960931643744,0.1835808288108481,-165.94818946618565,361.8963789323713,412.4559493542863
2026-06-01T22:00:02,33,15,330015,"ARX(2,2)",-165.90109912752524,361.8021982550505,412.3617686769654,True,0,0.4146593049964585,5.623815339466828e-05,0.855452159912413,0.3033671297576285,0.1405801879865838,7.91469160244269e-08,0.9705328973421468,0.4226396496725527,0.1895667225090109,0.4955562882361194,0.097802104352251,0.226143698219967,0.5252543630635431,0.1292331271182537,0.0989911421283964,-165.9010991960335,361.802198392067,412.36176881398194
2026-06-01T22:05:42,33,16,330016,"ARX(2,2)",-165.88040242522138,361.76080485044275,412.3203752723577,True,0,0.6774309086244483,0.0021826948282918,0.8074536778573592,0.2357960600925221,0.2220176448312105,3.929270903067416e-07,0.8819917955368808,0.6407929723525192,0.1657096181895718,0.6391187325907275,0.1073126295685029,0.2093925879824421,0.4602834184406615,0.150919545653991,0.1387930973309264,-165.88040230093927,361.7608046018785,412.3203750237935
2026-06-01T22:07:43,33,17,330017,"ARX(2,2)",-166.4437034898579,362.8874069797158,413.44697740163076,True,0,1.590320503422883,0.000688087065316,0.7107122328071562,0.1698924676284983,0.3605231478455749,8.281211179050077e-07,0.8362958705942279,0.8210650222684297,0.1347232706566169,0.7095327741140053,0.1353319348345365,0.2056283189763987,0.3592498585824153,0.1654266600931413,0.1880864445505451,-166.44370353555755,362.8874070711152,413.4469774930301
2026-06-01T22:11:06,33,18,330018,"ARX(2,2)",-165.7208402742545,361.441680548509,412.00125097042394,True,0,0.547583475291184,1.4537004802920648e-05,0.830837038094344,0.272531207869699,0.1762659822817098,1.1330142327065791e-14,0.9711323659664296,0.4837745451157959,0.176698547300766,0.5699003663396258,0.1074542948800975,0.2061528960651094,0.4631148746564613,0.1428496807089444,0.1545558425562302,-165.72084027299945,361.4416805459989,412.00125096791385
2026-06-01T22:13:35,33,19,330019,"ARX(2,2)",-165.72136675950094,361.4427335190019,412.0023039409168,True,0,0.5314840622895879,4.9164575110719226e-05,0.8345933768362822,0.2728526848648943,0.1690475236295805,3.480220549778646e-13,0.9861020763381476,0.4680898826290864,0.1773758722954122,0.5631481855763231,0.1061201269455696,0.2051396002879441,0.4772720594244655,0.1406759778664973,0.1452366194566577,-165.72136675948082,361.4427335189616,412.0023039408766
2026-06-01T22:15:52,33,20,330020,"ARX(2,2)",-165.74698743005882,361.49397486011765,412.0535452820326,True,0,0.4930045843635645,0.0023807564735858,0.8435496055688908,0.279049170002848,0.1557142086705969,3.3412480924210134e-13,0.993591495763623,0.4437752744463976,0.1793408634348462,0.5462185441019114,0.1047033243859305,0.2071834325000691,0.4668356852759498,0.138973736096492,0.1572179043908393,-165.74698723910475,361.4939744782095,412.0535449001245
2026-06-01T22:17:50,33,21,330021,"ARX(2,2)",-165.7214363569069,361.4428727138138,412.00244313572875,True,0,0.5849527486447336,4.7154524951328734e-05,0.824457832280326,0.2650773828471346,0.1828305784506776,3.488896536349283e-13,0.9753191735128162,0.4944247659550514,0.1737712532583987,0.5698077052768136,0.1082913387358349,0.2063888369864375,0.4739467542591101,0.1434011063834,0.1411822013645309,-165.72143635694772,361.4428727138954,412.0024431358104
2026-06-01T22:21:46,33,22,330022,"ARX(2,2)",-165.93837596840496,361.8767519368099,412.43632235872485,True,0,0.1424552124346516,0.0496673737278695,0.9100682875485808,0.2926047309024747,0.1167812192376683,6.411228297040573e-19,0.8419331559988902,0.5066105990265455,0.2063977970776318,0.5338223795931267,0.0640139202940669,0.2116475372825588,0.2960815186953641,0.1675487121036374,0.3330199422268382,-165.93837596835414,361.8767519367083,412.4363223586232
2026-06-01T22:24:55,33,23,330023,"ARX(2,2)",-165.8727669466477,361.7455338932954,412.3051043152103,True,0,0.8141700272350387,6.240508709809184e-05,0.7916884622340166,0.2581787267564436,0.220463980166345,5.872322882122672e-12,0.9546320737334464,0.5288595634426398,0.1604956126176779,0.5861294279969288,0.1198840906586454,0.1961540762466009,0.4223982453377177,0.15834919842647,0.1700360720386179,-165.87276695556312,361.74553391112624,412.3051043330412
2026-06-01T22:26:36,33,24,330024,"ARX(2,2)",-165.77593961607943,361.55187923215885,412.1114496540738,True,0,0.5272163819079327,0.0045103491587387,0.83293860574262,0.2596706500208044,0.1833643331547079,8.984061565489677e-18,0.9423370285245471,0.5283201070881779,0.1773388740425656,0.6070276758979906,0.1040749684234992,0.2164545383117646,0.4352952775194494,0.1437626201678361,0.1721984270842856,-165.77593961608432,361.55187923216863,412.1114496540836
2026-06-01T22:29:33,33,25,330025,"ARX(2,2)",-165.73622245657288,361.47244491314575,412.0320153350607,True,0,0.6197489511671938,2.08896264909171e-05,0.8199596686499842,0.2672567138515527,0.185469226546498,4.950270463060777e-16,0.9848454806715086,0.480595516269055,0.171214827966145,0.5666022642943542,0.1076360795926155,0.2042356105367121,0.4835254856699819,0.1429167149158142,0.1362004705880928,-165.73622250855794,361.4724450171159,412.0320154390308
2026-06-01T22:32:55,33,26,330026,"ARX(2,2)",-165.73175717944554,361.4635143588911,412.023084780806,True,0,0.5445357444359993,4.494358391429824e-05,0.8330484398294274,0.2646715257181393,0.1761344744374393,8.017472873439244e-11,0.9646993548100642,0.5058589818693457,0.1747033276222769,0.5772697761281702,0.1079842584084151,0.2085604128833937,0.4267996356068438,0.1473584015661284,0.1809786035305039,-165.7317571923022,361.4635143846044,412.02308480651936
2026-06-01T22:38:25,33,27,330027,"ARX(2,2)",-165.33822380333885,360.6764476066777,411.23601802859264,True,0,0.048846148075617,0.0454588233166134,0.9450047348369044,0.5194096885962783,0.0038403477920637,0.0267488971325756,0.8703591373217907,0.0502739175920995,0.387125472247525,0.5781673276939894,0.172330815570086,0.1657157599848359,0.1587892494917561,0.1356900053420047,0.4308634185839467,-165.33822380333416,360.6764476066683,411.23601802858326
2026-06-01T22:40:07,33,28,330028,"ARX(2,2)",-165.8407595351084,361.6815190702168,412.2410894921317,True,0,0.1330815886712645,0.0622083241466673,0.9051387841611408,0.3120085135756632,0.1147374444105591,2.767828422610731e-15,0.8324153397626369,0.4693128449091881,0.2296868460220817,0.525133093180848,0.0697102972682545,0.2025596260787379,0.3076793420056395,0.164688883056768,0.322915064072448,-165.84075953481585,361.6815190696317,412.2410894915466
2026-06-01T22:42:46,33,29,330029,"ARX(2,2)",-166.08379070277766,362.1675814055553,412.72715182747027,True,0,0.1576507533338237,0.0634755605961554,0.8957876215337097,0.3540114061221078,0.1238200357742969,0.0004992248260092,0.7989960336428796,0.4095965670221511,0.2196713732133818,0.528101478027371,0.0789796846416254,0.2060973283720746,0.1814870723648531,0.1665211489627283,0.4256138543350211,-166.0837907031488,362.1675814062976,412.7271518282125
2026-06-01T22:45:44,33,30,330030,"ARX(2,2)",-165.8070023562559,361.6140047125118,412.17357513442676,True,0,0.6753699591922007,0.0001075692028061,0.8119083003669891,0.2315140367864724,0.2071750615374613,7.281002173103931e-11,0.9691044572692602,0.5675941227719622,0.1656704726577868,0.6070126127711709,0.1124073521224414,0.2070605170636562,0.42390445840637,0.1456690233838136,0.1816862158038853,-165.8070023267657,361.6140046535314,412.1735750754464
2026-06-01T22:48:56,33,31,330031,"ARX(2,2)",-165.9586332143324,361.9172664286648,412.47683685057973,True,0,0.1242441493157749,0.0604821846785978,0.9083372362713064,0.35884241290129,0.0957354235806576,0.0087570512863021,0.8755089419667103,0.3297330845594451,0.2366018357180515,0.5683319383134487,0.0618371877161402,0.1976455533737916,0.2829318782662561,0.1487118304325954,0.3803775436427783,-165.95863321176836,361.9172664235367,412.47683684545166
2026-06-01T22:51:55,33,32,330032,"ARX(2,2)",-165.72139405564263,361.44278811128527,412.0023585332002,True,0,0.5573611508153435,0.0002116975898924,0.8304282077628732,0.2682388051145611,0.1755462540990653,0.0,0.9824385035991682,0.4806339012983547,0.175242583933949,0.5719924416210636,0.1080477347985085,0.2052058450334408,0.4629871058033331,0.141720114928675,0.1560663089971826,-165.7213940567869,361.4427881135738,412.0023585354887
2026-06-01T22:55:57,33,33,330033,"ARX(2,2)",-165.7542998284464,361.5085996568928,412.0681700788077,True,0,0.5294434442235229,4.06290850080343e-05,0.8317049010270897,0.2708702109626833,0.1724549874622286,2.2427867867745908e-18,1.0018489970008295,0.4563283297002709,0.1806557980681524,0.5660045480098647,0.1040444900136652,0.2046300088573122,0.5465315136845652,0.1368816797049813,0.0855559124429952,-165.7542998283363,361.5085996566726,412.0681700785875
2026-06-01T22:58:36,33,34,330034,"ARX(2,2)",-166.93239417784437,363.86478835568875,414.4243587776037,True,0,3.342087570051827,0.0470044919038143,0.0250403410707473,0.540538415750617,4.420610929517319e-06,0.4129408358457583,0.8789602182023393,3.3229239946667104e-09,0.1920536208942626,0.4660925523677217,0.1242740861031263,0.1884483355523581,0.5749828612793358,0.0735361835297807,0.1038640313791235,-166.93239417937778,363.8647883587556,414.4243587806705
2026-06-01T23:00:45,33,35,330035,"ARX(2,2)",-165.7339895396599,361.4679790793198,412.0275495012347,True,0,0.6101470414932585,1.8028889209094595e-05,0.8201521921832494,0.251820907528195,0.1903730458047162,1.4267038608428564e-08,0.9713551770165104,0.524962788203271,0.1718979334184409,0.576776974140425,0.1099209776070476,0.2067647408194736,0.4715579591962593,0.1462155624640284,0.1375838010002049,-165.73398954070603,361.46797908141207,412.027549503327
2026-06-01T23:08:51,33,36,330036,"ARX(2,2)",-165.8954953321695,361.790990664339,412.35056108625395,True,0,0.2793264066429661,0.0263115480296996,0.871532970103737,0.2556665494155438,0.1634216247501261,0.0,0.8916000858022097,0.5582422048903843,0.1922318646049942,0.5246704554028578,0.0912580591145159,0.2043449894485744,0.3984917159912157,0.1503300470570111,0.2315485098815747,-165.89549532791705,361.7909906558341,412.350561077749
2026-06-01T23:10:33,33,37,330037,"ARX(2,2)",-166.02096418837866,362.0419283767573,412.60149879867225,True,0,0.9995377421931088,0.0001715685178202,0.7677835241958236,0.2083474499634653,0.2689147564533389,1.5349695766720808e-07,0.9289328636468548,0.653790767489146,0.1519178496037888,0.6508610532985757,0.1208601496624707,0.1995338754265886,0.4538482098034738,0.1528493374935793,0.1377635783968309,-166.02096417723726,362.0419283544745,412.6014987763895
2026-06-01T23:12:42,33,38,330038,"ARX(2,2)",-165.72696463275417,361.45392926550835,412.0134996874233,True,0,0.5764488544932375,0.0001833361672801,0.8260163298448966,0.2731946519016454,0.1783314639626992,3.8966054725886026e-14,0.9786712634805116,0.4745537087286143,0.1748434161342095,0.5651179541147389,0.1080380503399279,0.2045682602333662,0.4993877309573163,0.1441479703612474,0.1173248448260212,-165.72696462984925,361.4539292596985,412.01349968161344
2026-06-01T23:15:43,33,39,330039,"ARX(2,2)",-165.71948880936503,361.43897761873006,411.998548040645,True,0,0.5375039694617184,9.410708502255628e-05,0.8334158695122338,0.2721037264821261,0.1709537351492022,2.521176041534923e-07,0.9753997555578976,0.480199032464007,0.1768990873841155,0.5614408601171099,0.1061090276366887,0.2078714371232116,0.4825661731988441,0.1420124736104518,0.1356192885390725,-165.7194888085428,361.4389776170856,411.9985480390005
2026-06-01T23:18:42,33,40,330040,"ARX(2,2)",-165.7236287245218,361.4472574490436,412.00682787095855,True,0,0.5180470145490838,2.731016440189297e-05,0.836979530419585,0.2746728910769092,0.1667150354624038,1.7635268905033777e-15,0.9741457679414331,0.4764525413705065,0.1783811907925313,0.5561914219691102,0.1058908366382048,0.2097421072785989,0.4784748536003459,0.1411486901871899,0.1388825534525609,-165.72362872496194,361.4472574499239,412.0068278718388
2026-06-01T21:20:06,34,1,340001,"ARX(2,2)",-165.7216807615872,361.4433615231744,412.00293194508936,True,0,0.5787782952689221,0.0001173276000335,0.8269233886057037,0.2641139695121202,0.1802672634897429,5.113463457700527e-08,0.9693619568699186,0.50215749770768,0.1732375829893385,0.5708951887481537,0.1086772341410695,0.2073713718456636,0.4598100046588634,0.1465451954722586,0.1505215388524945,-165.7216807651905,361.443361530381,412.002931952296
2026-06-01T21:21:48,34,2,340002,"ARX(2,2)",-165.84098801162824,361.6819760232565,412.2415464451714,True,0,0.1327148856166093,0.0623724545102224,0.9054444666961898,0.3149079723743972,0.1141832624166165,3.145720544723712e-07,0.8305884051648831,0.4648187868699623,0.2295761523138117,0.5260634763926045,0.0694610897042828,0.2022538096371774,0.3076065973933298,0.1647177952459501,0.3234876449403402,-165.8409879345683,361.6819758691366,412.2415462910515
2026-06-01T21:24:01,34,3,340003,"ARX(2,2)",-165.71859642518285,361.4371928503657,411.99676327228065,True,0,0.5574701726853403,3.0434234949181828e-05,0.830231846330008,0.2694168442057589,0.1755562974147308,7.450433442097586e-11,0.9739839027213782,0.4871181159019104,0.1749651764315334,0.5682130216597789,0.1071987887340958,0.2062042716429009,0.4630147503074575,0.1444955783175127,0.1521531224868177,-165.7185964251177,361.4371928502354,411.9967632721504
2026-06-01T21:26:11,34,4,340004,"ARX(2,2)",-165.65810285250396,361.3162057050079,411.87577612692286,True,0,0.0539640912552364,0.0321810016469951,0.939263030440365,0.601242951471775,0.0127551345540197,0.0256713449433671,0.6720042204958833,0.0896658212797118,0.3813558535319356,0.6221386726888849,0.1434482446864825,0.2065602908313915,0.1074946049650468,0.1577489209230738,0.4533856356017237,-165.65810285205515,361.3162057041103,411.8757761260253
2026-06-01T21:28:43,34,5,340005,"ARX(2,2)",-165.67734918554618,361.35469837109235,411.9142687930073,True,0,0.0764952125828341,0.0441880398754879,0.934197386341141,0.590170825104447,0.0133504277247613,0.0324944299971477,0.7727892156011121,4.630862546168027e-06,0.2938913740877721,0.5945742288864522,0.1491311237868024,0.1359712100663455,0.3198356304398091,0.1450161637442708,0.3097422020113187,-165.67734918402306,361.3546983680461,411.91426878996106
2026-06-01T21:30:57,34,6,340006,"ARX(2,2)",-165.73666374642423,361.47332749284845,412.0328979147634,True,0,0.5373787317524169,8.420221403358018e-05,0.8357982074810391,0.265786424949145,0.1677424734455593,7.159156700931274e-10,0.958970515974746,0.5092699205541743,0.1741119941282151,0.5658224310138424,0.1076569622902812,0.2138684151123812,0.4338203438482153,0.1497145976185129,0.1642393236404701,-165.7366637441045,361.473327488209,412.032897910124
2026-06-01T21:33:19,34,7,340007,"ARX(2,2)",-165.72749943309344,361.4549988661869,412.0145692881018,True,0,0.5151217430492748,2.0745551371835174e-05,0.8387156788318955,0.2712362739925005,0.16528434954342,7.035019867950421e-08,0.9780989073086596,0.4793862219341022,0.1773965134085966,0.5544730482617038,0.1063114780487127,0.2094594245243875,0.4486846503474541,0.1432891228224561,0.1656156020130828,-165.72749942945472,361.4549988589095,412.0145692808244
2026-06-01T21:36:43,34,8,340008,"ARX(2,2)",-165.72308684945415,361.4461736989083,412.00574412082324,True,0,0.5726396417057479,0.0010807182763354,0.8260962706885184,0.2676013316261088,0.1819811622471089,2.0881697607059065e-12,0.971484421511141,0.4910201249462197,0.1749401925326893,0.5685325457054744,0.1078357798481309,0.2072133182111578,0.4621214823752984,0.144689852437599,0.1509550380466514,-165.7230868627934,361.4461737255868,412.0057441475017
2026-06-01T21:39:30,34,9,340009,"ARX(2,2)",-166.911974280538,363.823948561076,414.38351898299095,True,0,1.3378858821714954,0.018304215816592,0.6996321523184208,0.128173607646165,0.4267590335354943,2.240522165727529e-11,0.498456264509602,1.1819053329389106,0.1495096339523856,1.0072099707570892,0.13528271676459,0.2315385673994782,0.3702972347461137,0.1653082275527705,0.1388214275041045,-166.9119742791222,363.8239485582444,414.38351898015935
2026-06-01T21:42:48,34,10,340010,"ARX(2,2)",-165.76567486317427,361.53134972634854,412.0909201482635,True,0,0.0772878468567326,0.0508099924024368,0.9350913533704888,0.552548632884469,0.0123666719750732,0.0313087608891312,0.8432873367403861,0.0019092016153616,0.2920177368057077,0.5831180672071803,0.1467229913754041,0.1272173967757477,0.3703714897190695,0.1380425278795674,0.2806416074374182,-165.76567488104405,361.5313497620881,412.09092018400304
2026-06-01T21:45:23,34,11,340011,"ARX(2,2)",-165.78348412997101,361.56696825994203,412.12653868185697,True,0,0.6488580792887813,0.0057638782402353,0.8154348451888809,0.278239743175674,0.1949213704899672,0.0,0.9487349857289614,0.4818326606439063,0.1692092599323558,0.6037023473389761,0.1115619720504199,0.2015703837518236,0.4412286706289463,0.1503415065671311,0.166123072905308,-165.78348411521,361.56696823042,412.1265386523349
2026-06-01T21:47:45,34,12,340012,"ARX(2,2)",-165.72290397653583,361.44580795307166,412.0053783749866,True,0,0.5638823907637777,0.0006228038783658,0.8282403653954599,0.2642216049881308,0.1806232496444879,2.7208143119175817e-11,0.970140886284702,0.5000235155474267,0.1749983438496539,0.5752313153454361,0.1087551544955952,0.2104858910292201,0.4572709093399131,0.1462619660045031,0.1500194831364108,-165.72290397328314,361.4458079465663,412.0053783684812
2026-06-01T21:49:48,34,13,340013,"ARX(2,2)",-165.71822110763657,361.43644221527313,411.9960126371881,True,0,0.5557478635241252,1.9146991174833547e-05,0.8299010639896497,0.2680031951479367,0.1758236399017427,3.614918975872192e-11,0.975182468002512,0.4887707969087786,0.1756815369023863,0.5667306247735469,0.1068452875004057,0.2061501407680615,0.4814779647718672,0.1429125247541329,0.1364774880478638,-165.718221107678,361.436442215356,411.99601263727095
2026-06-01T21:54:59,34,14,340014,"ARX(2,2)",-165.73327764341968,361.46655528683937,412.0261257087543,True,0,0.5621942811017805,0.0016160805831246,0.829359796064214,0.2646862249745969,0.1785784548609996,1.6092802000099864e-12,0.9703519947269714,0.4957142313325508,0.1746195886893082,0.5725997817947499,0.1078490999126296,0.2083033768803115,0.4662179356328561,0.1450811579181392,0.1459046451900207,-165.7332776439921,361.4665552879842,412.02612570989913
2026-06-01T21:57:19,34,15,340015,"ARX(2,2)",-165.71922564426526,361.43845128853053,411.99802171044547,True,0,0.5345654441073843,3.533235436674409e-05,0.8343498676191659,0.2701882369962483,0.1703935564379803,1.4230791215505588e-12,0.978222764753918,0.4813267947217403,0.1767314472693814,0.5643870455466479,0.1066458365740267,0.2071620835009469,0.4668386910394433,0.1430814866761973,0.1500526262256008,-165.71922564399486,361.4384512879897,411.9980217099047
2026-06-01T21:59:34,34,16,340016,"ARX(2,2)",-165.7230365132986,361.4460730265972,412.00564344851216,True,0,0.5739342075397007,1.028116432241014e-05,0.8272416470249706,0.2717606910963386,0.1785310678666284,2.663807611382172e-10,0.965068108525473,0.4913888871629109,0.173991952820797,0.569983017424525,0.1063711248467116,0.2046910571270362,0.4925312821337029,0.1425705611608245,0.1277603092317968,-165.72303651322235,361.4460730264447,412.0056434483597
2026-06-01T22:01:39,34,17,340017,"ARX(2,2)",-165.75208173487306,361.5041634697461,412.06373389166106,True,0,0.5943739826801263,5.609311787326034e-06,0.8246996232621826,0.2804810835613892,0.180116314406441,1.9698318636918634e-09,0.947887278976009,0.4911391322537346,0.1717164381115004,0.5497160389462169,0.1090530701114254,0.2065248976705192,0.4264010196947159,0.1515934800333523,0.1761140737640598,-165.75208173600944,361.5041634720189,412.0637338939338
2026-06-01T22:04:20,34,18,340018,"ARX(2,2)",-165.56030460814048,361.12060921628097,411.6801796381959,True,0,0.0324493847813625,0.0306032390990559,0.9575906148350734,0.4450431813079,0.009598974494993,0.0284823608089131,0.9420506539550676,0.1451427352391609,0.3371453541738038,0.5562726457165481,0.1789739008665026,0.0791525322810153,0.3863761497589595,0.1218168652651261,0.3075254224215513,-165.560304607737,361.120609215474,411.68017963738896
2026-06-01T22:09:19,34,19,340019,"ARX(2,2)",-166.10603158015942,362.21206316031885,412.7716335822338,True,0,1.1268014640012154,6.830229423190739e-05,0.7476126838876552,0.2048646721926801,0.3024867201586106,1.4916194176413496e-07,0.9171063964048708,0.6729357364164399,0.1496229568107562,0.6757451312103336,0.1247957141465633,0.1973631362259909,0.4462302121096315,0.1564378591890491,0.1375149527266584,-166.10603135622634,362.2120627124527,412.7716331343676
2026-06-01T22:11:53,34,20,340020,"ARX(2,2)",-165.94118249431796,361.8823649886359,412.44193541055085,True,0,0.1441871497584828,0.0482482382400264,0.9100475905293806,0.2891982228504642,0.1159799945321993,1.181807355108311e-09,0.8595060456701913,0.499619423752036,0.2066014534203612,0.5301833545660182,0.0650441697629149,0.2113326372317704,0.3142694245689278,0.1647948577685393,0.3186660707995847,-165.94118247333688,361.88236494667376,412.4419353685887
2026-06-01T22:13:46,34,21,340021,"ARX(2,2)",-165.94014208451432,361.88028416902864,412.4398545909436,True,0,0.1152437140650996,0.046175816168323,0.9175631952786404,0.2907270287294798,0.110323126200542,1.3144453396384909e-17,0.8230021695171442,0.5349755086602958,0.2138033273160545,0.5279273028489827,0.0576860118773226,0.2179932236653106,0.2647617602171809,0.1725753059810655,0.360011498100572,-165.94014208517055,361.8802841703411,412.439854592256
2026-06-01T22:16:53,34,22,340022,"ARX(2,2)",-102.77042284949428,235.54084569898856,286.1004161209035,True,0,3.611665568633988,9.571862424293007,0.026311225571038,0.4312025061947792,0.2263386307673613,0.3720832973422434,0.9530876576315904,0.0709002865584912,0.1459239279410498,0.0705180496989261,0.1019762902953987,0.2530079143858359,0.411528902579396,0.0396632663611533,0.2846432432639305,-102.77042284862767,235.54084569725532,286.1004161191703
2026-06-01T22:19:12,34,23,340023,"ARX(2,2)",-165.41585656934765,360.8317131386953,411.39128356061025,True,0,0.046356398296007,0.0394495447552006,0.952716818826556,0.5680016591392524,0.007119905140057,0.0312113127036011,0.8240594789599268,4.993674569029342e-20,0.309089463498729,0.6050688795512248,0.1804059296844169,0.109394618360182,0.3711735310946557,0.1325057605040563,0.2682901608425779,-165.41585656952455,360.8317131390491,411.391283560964
2026-06-01T22:22:43,34,24,340024,"ARX(2,2)",-165.7188750577048,361.4377501154096,411.9973205373245,True,0,0.5414501676485576,2.3221015647590205e-05,0.8323714825344156,0.2689138076559991,0.1728164718695815,1.1800008144795339e-09,0.9711639839413851,0.4909598607066617,0.1765614364107863,0.5635544082913186,0.1060952970746411,0.208053382216398,0.4679938371790499,0.1435408519074837,0.1475216920354983,-165.71887505924275,361.4377501184855,411.9973205404005
2026-06-01T22:25:55,34,25,340025,"ARX(2,2)",-165.74704908270658,361.49409816541316,412.0536685873281,True,0,0.5671435533896183,0.0027080627980403,0.8285234481474711,0.2935961119026863,0.1722894253769326,3.06282738573206e-15,0.9500095271053316,0.4573915847285339,0.1747721977039502,0.5631217182372773,0.1046562014289333,0.2055482820797287,0.4767468198154722,0.1438066936591938,0.1417810463857245,-165.74704910395425,361.4940982079085,412.05366862982345
2026-06-01T22:28:00,34,26,340026,"ARX(2,2)",-165.71957461887433,361.43914923774867,411.9987196596636,True,0,0.5698764900327095,1.6033848528355226e-05,0.8271749309603205,0.2675243843474766,0.1796960681066021,3.176580937107079e-18,0.9744736532075832,0.4904435381355155,0.1746540199825678,0.5676783566638222,0.1066761031876033,0.2057851802100474,0.4844806472230661,0.1432206407153182,0.1335866315279175,-165.7195746088563,361.4391492177126,411.9987196396276
2026-06-01T22:30:38,34,27,340027,"ARX(2,2)",-165.7314661697014,361.4629323394028,412.02250276131775,True,0,0.562224329663768,5.406526022599067e-05,0.8274943303723049,0.2730742781058185,0.180277662999845,5.612112430042299e-13,0.960356863171443,0.4933787100146993,0.1759710977265706,0.5786583814001129,0.108144310547032,0.2070740265963064,0.506371068698047,0.1429146902703059,0.109198868228913,-165.7314661694566,361.4629323389132,412.02250276082816
2026-06-01T22:33:10,34,28,340028,"ARX(2,2)",-165.7668843689826,361.5337687379652,412.09333915988014,True,0,0.4748298886577603,0.000138480439579,0.8464263582249442,0.2818412252809945,0.1548755762312498,4.41037598990061e-13,0.9401090109253304,0.495937132529212,0.179852678686332,0.5505706372843745,0.10035299663393,0.2120697639984235,0.4742790535048969,0.1381113235650839,0.1493576534847808,-165.76688441740822,361.5337688348165,412.0933392567314
2026-06-01T22:36:31,34,29,340029,"ARX(2,2)",-165.72083175455697,361.44166350911394,412.0012339310289,True,0,0.5600753974679343,0.0010278406935556,0.8292042366345423,0.2688890518182701,0.1771411089843442,3.336413398288238e-13,0.9704309246914932,0.4896316557828549,0.1751955048091379,0.5703736166707246,0.1070446283752562,0.2072132837647511,0.4770317962871631,0.1435253757108145,0.1385339507063504,-165.72083176031185,361.4416635206237,412.00123394253865
2026-06-01T22:38:29,34,30,340030,"ARX(2,2)",-165.7316476486244,361.4632952972488,412.02286571916375,True,0,0.5695733084060476,0.0026719760103592,0.827470230127361,0.2778512827107075,0.1773294897572038,9.911792888631332e-18,0.9528178192983124,0.4858750393802015,0.1749716057788259,0.5788533916563465,0.1075853503711257,0.2073636368360678,0.4676105453220546,0.1446546675619397,0.1450626060606544,-165.7316475896937,361.4632951793873,412.0228656013023
2026-06-01T22:40:32,34,31,340031,"ARX(2,2)",-165.84725038619717,361.69450077239435,412.2540711943093,True,0,0.1294783752289014,0.0621424458818338,0.9058135408690278,0.3082748963561266,0.1147487759186717,5.379649512462922e-15,0.8161555183568626,0.492944932198143,0.2305293228111359,0.5225946171152976,0.0688288892846243,0.2061496284946438,0.2848595868390314,0.1681276037775051,0.3381622827815697,-165.84725039867408,361.69450079734816,412.2540712192631
2026-06-01T22:42:48,34,32,340032,"ARX(2,2)",-165.72910462071988,361.45820924143976,412.0177796633547,True,0,0.5772510411192835,3.417714665304108e-05,0.8258043841520041,0.2644677798841788,0.1821289631988065,3.183047564698029e-08,0.977717448551012,0.4932717492007932,0.1741320639983203,0.5765683487560784,0.1090248937601144,0.210472128836065,0.4371163647777104,0.1468683636938858,0.1682425587828121,-165.7291046209143,361.4582092418286,412.0177796637436
2026-06-01T22:46:27,34,33,340033,"ARX(2,2)",-165.865856455802,361.731712911604,412.29128333351895,True,0,0.1268552477808665,0.0604771648982017,0.90807017640255,0.3367940323929557,0.1059411193410343,0.0022632720583163,0.8374147071136837,0.4152878333269016,0.234063268315627,0.5461155840404706,0.0647121550364678,0.1998815459587737,0.3314503054366006,0.1591229619559931,0.3156836486747065,-165.86585645628494,361.7317129125699,412.2912833344848
2026-06-01T22:49:59,34,34,340034,"ARX(2,2)",-165.72490655464998,361.44981310929995,412.0093835312149,True,0,0.589841986938554,4.05901993523536e-05,0.8243580009312207,0.265936843498159,0.1838267332843503,1.316810096672586e-06,0.9707346066738256,0.4973037150078834,0.1728238111743304,0.5699794113236336,0.1089234434677837,0.2070986628043469,0.4510718115239887,0.1456753485354889,0.15911006731706,-165.7249065544727,361.4498131089454,412.0093835308604
2026-06-01T22:52:13,34,35,340035,"ARX(2,2)",-165.76581699303784,361.5316339860757,412.09120440799063,True,0,0.4598084162856549,4.392266261602235e-05,0.8500195109962568,0.2844894864539946,0.1484792974142624,1.978040115807294e-16,0.9798588403377072,0.4510805365208318,0.1817055348803053,0.5322957710025652,0.1027812343846951,0.2114572959114777,0.4877972765950694,0.1354147591849725,0.1385185005411272,-165.7658169932924,361.5316339865848,412.0912044084997
2026-06-01T22:55:16,34,36,340036,"ARX(2,2)",-165.84073825634545,361.6814765126909,412.24104693460583,True,0,0.1330403207979453,0.0621627931626246,0.905197539951322,0.3126460758876944,0.114604223128519,1.4860272290080877e-13,0.8322976519727974,0.468166177843951,0.2297040914049006,0.525153138920632,0.0696163220089438,0.2024921590796994,0.3092069373678611,0.1645258419683478,0.3218174698611258,-165.8407382562895,361.681476512579,412.241046934494
2026-06-01T22:57:42,34,37,340037,"ARX(2,2)",-165.6771315350532,361.3542630701064,411.91383349202135,True,0,0.0764708428027933,0.0443092804966992,0.9342622211250526,0.5901357108419164,0.0135043762455215,0.0324731437629367,0.7725725950740008,1.4704948067991265e-18,0.2934165041286597,0.5952402028916619,0.1490180597201061,0.1360916808081685,0.317767065033587,0.1445218295731738,0.3123409578973676,-165.67713153594923,361.35426307189846,411.9138334938134
2026-06-01T23:00:05,34,38,340038,"ARX(2,2)",-165.95483041368715,361.9096608273743,412.46923124928924,True,0,0.1279544783435341,0.0663773120049573,0.9118051647102,0.3171764320982826,0.1013935970304109,0.0002683302638267,0.8771909481207131,0.4135507131677638,0.22809750990114,0.4848349352310352,0.0688754217075237,0.1906989648944614,0.3938112999302876,0.1546982669683157,0.265976801391306,-165.95483040776355,361.9096608155271,412.4692312374421
2026-06-01T23:03:34,34,39,340039,"ARX(2,2)",-165.7197855116811,361.4395710233622,411.99914144527713,True,0,0.5409443768873059,0.0003037772752135,0.8333720728967101,0.2735667249774717,0.1720552281417046,2.2109167625596767e-12,0.972998148819752,0.4792296023931943,0.1762851024613643,0.5652039963426291,0.1072719472501941,0.2079087768321876,0.4662119477648362,0.1437293715600512,0.1486419267422952,-165.71978551197873,361.4395710239575,411.9991414458724
2026-06-01T23:05:35,34,40,340040,"ARX(2,2)",-165.7548027258198,361.5096054516396,412.0691758735545,True,0,0.6575817418687226,4.056933557354187e-05,0.8109522466821076,0.2544408324266029,0.2021537278563376,2.738727437133744e-11,0.9655457464493432,0.5254787966934056,0.169912483428799,0.5878045774051848,0.1099826997615119,0.2035413375842396,0.4911372575858287,0.1460006241200213,0.1215769408541484,-165.75480272535938,361.5096054507188,412.0691758726337
2026-06-01T21:30:41,35,1,350001,"ARX(2,2)",-165.73158710034997,361.46317420069994,412.0227446226149,True,0,0.5729578527099093,0.0012450801926363,0.8257355037016253,0.2740224034020034,0.1833418719605854,2.5682326839137944e-08,0.9488692285625996,0.5004734383710326,0.174338126475134,0.5654154557789767,0.107991031066478,0.2076102591704877,0.4862515754568733,0.1462290643975484,0.1240610135399674,-165.73158711829603,361.46317423659207,412.022744658507
2026-06-01T21:34:48,35,2,350002,"ARX(2,2)",-165.8407658237523,361.6815316475046,412.2411020694195,True,0,0.1328685401318535,0.0621856734616292,0.905231063873884,0.312879370731249,0.1145207956493465,7.750498747878665e-09,0.831093962831092,0.4689717088617397,0.2298696686385267,0.5247539836340048,0.0695893731280636,0.2025254934707451,0.3090635831942245,0.164626953227819,0.3218118370045005,-165.84076582327612,361.6815316465522,412.2411020684672
2026-06-01T21:36:59,35,3,350003,"ARX(2,2)",-165.71895551827083,361.43791103654166,411.9974814584566,True,0,0.5367836841082319,3.191203059637053e-05,0.8337657059013239,0.2711781832746616,0.1713382771809016,8.673710719140691e-15,0.973081817039926,0.4844948762483828,0.1765636095898823,0.5637582893271312,0.1063526579814692,0.2079036211886762,0.4771528906963925,0.142148680524745,0.1404669257389555,-165.71895551845574,361.4379110369115,411.9974814588264
2026-06-01T21:38:54,35,4,350004,"ARX(2,2)",-165.72562419344177,361.45124838688355,412.0108188087985,True,0,0.5941931909913604,2.862150471737387e-05,0.8229631426483813,0.266065029156934,0.1846405043135264,3.183698608069656e-07,0.9715368675181912,0.4962703766833922,0.173256361141579,0.5797557281416315,0.1085522193260195,0.2026267935425114,0.4768352186334309,0.1463653258894164,0.1382265137220856,-165.72562419356308,361.45124838712616,412.0108188090411
2026-06-01T21:41:18,35,5,350005,"ARX(2,2)",-165.39584598724724,360.7916919744945,411.3512623964094,True,0,0.0469914328254542,0.0384720864196084,0.9516459807441616,0.5822219976990864,0.0087735593364647,0.0314826899556126,0.7951122820840798,6.830618275142403e-15,0.3071095599947507,0.6094504391229203,0.170148842575058,0.113729809397165,0.3437134622934937,0.1347184783971293,0.3002250787581731,-165.39584600772594,360.7916920154519,411.3512624373668
2026-06-01T21:44:16,35,6,350006,"ARX(2,2)",-165.80114293406012,361.60228586812025,412.1618562900352,True,0,0.4571995284711536,0.0004712315742985,0.8503594657261871,0.2859198647005245,0.1545063967059543,1.9929226762591383e-15,0.9241358732481928,0.5030886482487958,0.1798113182972197,0.5461262347278343,0.0988538126759437,0.216446687845869,0.4350466675868962,0.1483772448091713,0.1739877016491556,-165.80114291598034,361.6022858319607,412.1618562538756
2026-06-01T21:48:07,35,7,350007,"ARX(2,2)",-165.84839435420503,361.69678870841005,412.256359130325,True,0,0.1335151921910595,0.0632020591599111,0.906139938312523,0.3200566011988659,0.111660921887714,0.000179746460913,0.8506806574472819,0.434240334712752,0.2294588010904596,0.5258894991254981,0.0695171157710906,0.1976185969153254,0.3236333295575503,0.1608005162459535,0.3176285060823903,-165.84839435425638,361.6967887085128,412.2563591304277
2026-06-01T21:50:41,35,8,350008,"ARX(2,2)",-165.70498461980617,361.40996923961234,411.9695396615273,True,0,0.0826162108180238,0.0430389353028193,0.9296664101111428,0.606010345628752,0.0162705407885101,0.0340714068138224,0.7387632434061332,0.0021920207573352,0.2923180564916448,0.5869096591630866,0.1407647199845438,0.1472339767801169,0.2857613779834575,0.1473078958757062,0.3412836344125109,-165.70498461675248,361.40996923350497,411.9695396554199
2026-06-01T21:53:57,35,9,350009,"ARX(2,2)",-165.7601526350117,361.5203052700234,412.07987569193835,True,0,0.6115658381136855,0.0007949690045271,0.8211327602722085,0.253250847497691,0.1938721625933485,0.0,0.9461520586776871,0.5455475714738389,0.169649245281214,0.5867455069541453,0.1098897815853439,0.2112822227016019,0.4072743485599655,0.15255329116732,0.1877808257100061,-165.76015263619922,361.5203052723985,412.0798756943134
2026-06-01T21:56:36,35,10,350010,"ARX(2,2)",-165.72301511030474,361.4460302206095,412.0056006425244,True,0,0.5557095413083891,0.0017108056625241,0.8293780324031466,0.2709495372403192,0.1766085090696718,6.541437265432032e-09,0.966123810271097,0.4883882860191993,0.1760795852606509,0.5692753473883684,0.1076033824431114,0.2068064358585141,0.467885988063834,0.145162882258386,0.1453729012846356,-165.7230151130017,361.4460302260034,412.0056006479184
2026-06-01T21:59:36,35,11,350011,"ARX(2,2)",-166.3694553796169,362.7389107592338,413.29848118114876,True,0,0.9791108568799786,0.0456189447888703,0.0189423609810594,0.6654660842939757,0.0277265688876749,0.2705149986922863,0.6116029993719334,0.0076886512717745,0.3935487545796043,0.51907984664008,0.1410023527489935,0.2068938323626701,0.0031960584798345,0.0806766444663935,0.6288103220962961,-166.36945537963447,362.73891075926895,413.2984811811839
2026-06-01T22:01:34,35,12,350012,"ARX(2,2)",-165.85371863908222,361.70743727816443,412.2670077000794,True,0,0.1387410387714124,0.0654006190943242,0.9029730684801788,0.3037071748086471,0.1167654656700502,0.0,0.8216940334584881,0.4909644176545851,0.2279394862650911,0.5363166843576084,0.0698751421636801,0.2005959731599224,0.2978601818214078,0.1671849465117745,0.3303670905225381,-165.85371863956735,361.7074372791347,412.2670077010496
2026-06-01T22:04:31,35,13,350013,"ARX(2,2)",-165.72089653188561,361.44179306377123,412.00136348568617,True,0,0.5734640943950039,0.0001150300674257,0.8268523504827303,0.2710606600285322,0.1802473106456456,6.085907692613882e-10,0.9650296088984628,0.4926042735950534,0.174037881600607,0.5682609930914508,0.1080704082594586,0.207489007848601,0.4605883878090697,0.1457257197589702,0.150502840940853,-165.72089652527757,361.44179305055513,412.0013634724701
2026-06-01T22:06:04,35,14,350014,"ARX(2,2)",-165.75134835295447,361.50269670590893,412.0622671278239,True,0,0.543546289030862,0.0013954783074813,0.8325790551951664,0.2400956403608189,0.1754229405101248,6.359410316149949e-13,0.994099969872151,0.5226294197228547,0.1757582589869026,0.5691057713420113,0.1085777816098875,0.210364710125536,0.4522258731011024,0.1429671945409736,0.1586565154897546,-165.75134834843377,361.50269669686753,412.0622671187825
2026-06-01T22:09:10,35,15,350015,"ARX(2,2)",-165.6773847770625,361.354769554125,411.91433997603997,True,0,0.076896449786542,0.0443718858717486,0.9339711649743482,0.5896600556792181,0.0136461507252841,0.0325926269574414,0.7734189600985422,2.3806090078402248e-18,0.2928483054471348,0.5964774697945943,0.1484322646776419,0.1363792990679184,0.3143821458082443,0.144682529931061,0.3155998816737065,-165.67738478143758,361.3547695628752,411.9143399847901
2026-06-01T22:19:20,35,17,350017,"ARX(2,2)",-165.75030899212686,361.5006179842537,412.06018840616866,True,0,0.6555005191800362,1.1162417138109066e-05,0.8115593162226277,0.2615433345109555,0.1999171658832926,8.089992169779664e-08,0.9757449495909756,0.5011435614034401,0.1698556228866037,0.5712602016328137,0.1105064915278479,0.2048041009265585,0.4658237623730242,0.1487578116259726,0.1419795079379903,-165.7503089868024,361.5006179736048,412.0601883955197
2026-06-01T22:21:43,35,18,350018,"ARX(2,2)",-165.7184200256558,361.4368400513116,411.99641047322655,True,0,0.556519119888339,1.1641786203626376e-05,0.830439610781114,0.2694313748817918,0.1757101213047499,6.98340754377331e-13,0.9750100809588662,0.4861026816722452,0.1749769809342508,0.5666178656155514,0.1071575143461616,0.207926223516228,0.462923302715776,0.1439808396270106,0.1512899934719183,-165.7184200260191,361.4368400520382,411.9964104739531
2026-06-01T22:24:38,35,19,350019,"ARX(2,2)",-165.72477509591943,361.44955019183885,412.0091206137538,True,0,0.5485543799526041,0.0009236887304355,0.8320934332763633,0.280685702205241,0.1726786632732391,2.1169274040954784e-09,0.9638350491272384,0.4728690818465432,0.1756582730258293,0.5682955915772157,0.1068983301763231,0.2070723692957365,0.4662489039323284,0.1444830838834692,0.1487923840470629,-165.72477509516108,361.44955019032216,412.0091206122371
2026-06-01T22:28:56,35,20,350020,"ARX(2,2)",-165.73511903978584,361.4702380795717,412.0298085014866,True,0,0.565940499085835,1.5402586466446684e-05,0.8265533104593081,0.2699189661527645,0.1777954421041598,1.7598999496877745e-06,0.9990227687066536,0.4611063738080775,0.1773322364285334,0.5704643467830078,0.1065016603679154,0.2047484304649465,0.5142861430169411,0.1403189181198423,0.1111972511644212,-165.7351190399267,361.4702380798534,412.02980850176834
2026-06-01T22:31:04,35,21,350021,"ARX(2,2)",-165.732029107053,361.464058214106,412.02362863602093,True,0,0.5491537604603159,3.684657695107148e-05,0.8305129560114883,0.2641303929918094,0.1798856486476521,4.603321552660144e-13,0.9467185452685348,0.5249392127849503,0.1752415459687362,0.5828242874189675,0.1057498673955781,0.2074251717265493,0.4716266451160512,0.1467354390929514,0.1405473650574487,-165.73202910309828,361.46405820619657,412.0236286281115
2026-06-01T22:34:53,35,22,350022,"ARX(2,2)",-165.9138217541414,361.8276435082828,412.38721393019773,True,0,0.2145725977826849,0.0382994798851043,0.8912563950067104,0.2915622341988144,0.1373001427030524,7.11813553547891e-15,0.87195721176558,0.4893607452096707,0.1953900663150372,0.5333426049210189,0.0736712184290775,0.1969944662485396,0.4003533206291899,0.1457407225409054,0.2597263462925755,-165.91382175834025,361.8276435166805,412.3872139385954
2026-06-01T22:37:47,35,23,350023,"ARX(2,2)",-165.85028949196223,361.70057898392446,412.2601494058394,True,0,0.1332231200100894,0.0617310137024955,0.905674994901723,0.3145659163346863,0.1127314452152519,6.1238379089478945e-21,0.8358956332470318,0.4622021995759756,0.2296156816384502,0.5087864633416898,0.0708853992239909,0.203601925126621,0.3198476290377087,0.1662543322382233,0.3076475891655616,-165.85028949053498,361.70057898107,412.2601494029849
2026-06-01T22:40:05,35,24,350024,"ARX(2,2)",-165.73710519556766,361.47421039113533,412.03378081305027,True,0,0.5741024136806387,0.0009295777217837,0.8264124913480618,0.2596000686217959,0.1861721918169145,6.735688264435402e-11,0.9474993597390668,0.5310627647803176,0.1733818122531885,0.5871642004880995,0.1087657271121826,0.2113583039424251,0.4435949891352305,0.1498948692820796,0.1572128116225838,-165.73710519118623,361.47421038237246,412.0337808042874
2026-06-01T22:46:06,35,25,350025,"ARX(2,2)",-166.592597702487,363.185195404974,413.74476582688897,True,0,2.62888693572708,0.0562804470288019,2.022276568767707e-07,0.5687281917498722,4.6142111929999307e-07,0.4510913229942737,0.8198367576966132,1.1890217857033185e-07,0.2154742112681136,0.4442823567114816,0.1064494780445984,0.2177890286650541,0.4849564503696281,0.0535191227849176,0.2042536127868746,-166.59259770201058,363.1851954040212,413.7447658259361
2026-06-01T22:51:17,35,26,350026,"ARX(2,2)",-165.73138686959817,361.46277373919634,412.0223441611113,True,0,0.5859640430809335,0.0012484131213767,0.824764604384789,0.2777042058873444,0.1831977207576089,1.4342208561910786e-13,0.9656877889722392,0.4762056233245277,0.173833607713953,0.5790316131357307,0.1090265092188635,0.2057144351375943,0.4699271667264625,0.1455260322012893,0.1435408313552558,-165.73138687045287,361.4627737409057,412.0223441628207
2026-06-01T22:53:22,35,27,350027,"ARX(2,2)",-165.94743533922596,361.8948706784519,412.45444110036686,True,0,0.2208110296210197,0.0431211520281393,0.8908066975529422,0.3040036330876082,0.1348469924915423,5.185017472442561e-19,0.8924656851688281,0.4375428892414764,0.1947022229623775,0.5323324248758773,0.0762592187546226,0.1941110893110351,0.3563996271264376,0.1444943044430897,0.3041828871527643,-165.94743533922056,361.8948706784411,412.45444110035606
2026-06-01T22:56:06,35,28,350028,"ARX(2,2)",-165.72185719039874,361.4437143807975,412.0032848027124,True,0,0.5646972700257095,0.0002251310573749,0.8282155345925618,0.2705042586982515,0.1791281962345957,2.9257323148811187e-08,0.9621394801460116,0.4963696340700249,0.1749465200783708,0.5757413158280277,0.1068971565333581,0.2047301443094082,0.4648733415887101,0.1453717501511524,0.1509038274245505,-165.72185719050194,361.4437143810039,412.0032848029188
2026-06-01T22:58:09,35,29,350029,"ARX(2,2)",-165.77267031485172,361.54534062970345,412.1049110516184,True,0,0.6056591856557265,0.0001634158428279,0.8223951283509386,0.2571521137853458,0.1899889268467491,3.5948187968449783e-09,1.0012658116022812,0.4840470921592212,0.1707533499735408,0.5744501546388873,0.1092676329060574,0.2113644479596154,0.4027976279037251,0.1500881473413898,0.198573689704007,-165.77267031486673,361.5453406297335,412.1049110516484
2026-06-01T23:00:10,35,30,350030,"ARX(2,2)",-165.73457581481028,361.46915162962057,412.0287220515355,True,0,0.4909481284622754,1.5022420000236072e-05,0.8434736904651122,0.2779025432084898,0.1572443860103466,1.0799187463971301e-14,0.9823627699247024,0.4618021402147674,0.1797917338578873,0.5549965668098473,0.1054551188589789,0.2092610723589584,0.4688324089466781,0.1398841317816632,0.1513636253664259,-165.7345758155351,361.4691516310702,412.02872205298513
2026-06-01T23:04:09,35,31,350031,"ARX(2,2)",-165.80556081356275,361.6111216271255,412.17069204904044,True,0,0.6339200740594882,4.641764568186198e-06,0.8147680979518431,0.2179101783965739,0.2045071428135949,5.425471521162788e-10,0.9831802367736112,0.5809877318086755,0.1703837872117133,0.5992367627519395,0.1125857030764097,0.2095866469380998,0.456357357808296,0.1465760189681066,0.1454157754652611,-165.80556081010445,361.6111216202089,412.1706920421239
2026-06-01T23:07:29,35,32,350032,"ARX(2,2)",-165.7345279773061,361.4690559546122,412.02862637652714,True,0,0.5735913508303191,0.0019097522230698,0.8283704290872295,0.2679517917916018,0.1777157183022526,4.7103299141432906e-18,0.9843621705916468,0.4756659558894744,0.173534205073684,0.5715134143578343,0.1102324228604109,0.2053542385400774,0.4378522556549734,0.1455942396416671,0.1738241392180931,-165.73452797761576,361.4690559552315,412.02862637714645
2026-06-01T23:09:35,35,33,350033,"ARX(2,2)",-40.72611747152706,111.45223494305412,162.01180536496906,True,0,3.35387838165317,4.852462876122736,0.8876366773485614,0.8734054289255924,0.0061941987994741,0.0202113222643105,0.10853432198402,0.0617925902894071,0.0757102742284482,0.3296272528631397,0.0679408178811015,0.3782067537065808,1.2102190849850256,0.0854874693266296,0.8163257555889138,-40.72611747140928,111.45223494281856,162.0118053647335
2026-06-01T23:11:49,35,34,350034,"ARX(2,2)",-165.72039461726922,361.44078923453844,412.0003596564534,True,0,0.565576883465138,3.878960645382041e-05,0.8270663651940791,0.2656254534252005,0.180054923732977,2.780497472895693e-13,0.9736624726666802,0.4950038264900684,0.1755168450551401,0.5692271467322859,0.1061815137096398,0.2064911523685033,0.4881495161503817,0.1434605972098668,0.1293982261448023,-165.72039461764723,361.44078923529446,412.0003596572094
2026-06-01T23:13:59,35,35,350035,"ARX(2,2)",-165.72093372410112,361.44186744820223,412.0014378701172,True,0,0.5266852578972812,6.430813838988648e-06,0.8356956224070891,0.2719768267276086,0.1674488842408744,1.452950748145994e-06,0.9825475870816408,0.4734857131132181,0.1776270115174005,0.5592910331235316,0.1060011873286634,0.2065555729401273,0.4741877110121262,0.1416899219499529,0.1460358460219657,-165.72093372367107,361.4418674473421,412.0014378692571
2026-06-01T23:17:52,35,36,350036,"ARX(2,2)",-165.7270201995808,361.4540403991616,412.01361082107655,True,0,0.5970324961885384,3.450862326141739e-05,0.8211096110242964,0.2622568649640707,0.1878315725904574,6.838450201921197e-07,0.9675099183475916,0.5079040346072499,0.1735440018755042,0.5686433345137512,0.1080409706356759,0.2079697979425697,0.4850491695396056,0.1442836792448354,0.1272691361609037,-165.72702019782793,361.4540403956559,412.0136108175708
2026-06-01T23:20:48,35,37,350037,"ARX(2,2)",-165.72915563861585,361.4583112772317,412.01788169914664,True,0,0.6034149743949162,4.305438448622224e-06,0.8217154548642754,0.2649037145007418,0.1870538495932467,6.388034458369546e-19,0.97096268859151,0.4992205413074402,0.1722158003737843,0.5764872614459751,0.1103895803524799,0.2057940686736311,0.4505251806369885,0.1469590878377715,0.1586296824633492,-165.7291556387413,361.4583112774826,412.0178816993976
2026-06-01T23:22:45,35,38,350038,"ARX(2,2)",-165.79837311810158,361.59674623620316,412.1563166581181,True,0,0.6847001276532128,4.7502321591086016e-05,0.8078031371129273,0.2699944749498666,0.2005468411669439,1.301786480607459e-16,0.9348235123388334,0.5250838618661282,0.1682431169025258,0.5712284291656476,0.1105573387987656,0.2060967737971076,0.5302735559380163,0.143564374023308,0.0814469134639745,-165.79837311805437,361.5967462361088,412.1563166580237
2026-06-01T23:24:28,35,39,350039,"ARX(2,2)",-165.72277359157636,361.4455471831527,412.00511760506765,True,0,0.5765848762301659,0.000630780392467,0.8254910183992078,0.2664965882736589,0.182761318800255,1.3340483838442497e-12,0.9728863920309462,0.4927781318172856,0.1746060536450853,0.5768879216840886,0.1084671603354035,0.2072253841804154,0.4688173234115143,0.1437592673967862,0.1448828633157154,-165.72277345883066,361.4455469176613,412.00511733957626
2026-06-01T23:28:05,35,40,350040,"ARX(2,2)",-165.71988760907726,361.4397752181545,411.99934564006946,True,0,0.5371282728165222,8.061310547879128e-05,0.8343651063266843,0.2724079440549162,0.1707729096231481,7.121618437370071e-17,0.9700184493414944,0.4849962706961836,0.1761456414929676,0.5690545470983273,0.1075101443271345,0.2069806868491243,0.4677292760338792,0.1442133317602442,0.1469668854639856,-165.71988761001245,361.4397752200249,411.99934564193984
2026-06-01T21:35:25,36,1,360001,"ARX(2,2)",-165.71945317729947,361.43890635459894,411.9984767765139,True,0,0.535152196964334,0.0001361096036645,0.833831206989576,0.271481746816102,0.1707509623857225,1.522026039995742e-10,0.973173039884765,0.483582951917293,0.1769000841420393,0.5627466800165745,0.1057171590177947,0.207436081461652,0.4769809029765346,0.1423688868234067,0.1412726559246973,-165.7194531772186,361.4389063544372,411.99847677635216
2026-06-01T21:38:45,36,2,360002,"ARX(2,2)",-165.72419084086425,361.4483816817285,412.00795210364345,True,0,0.5240468728473539,6.266472733537344e-05,0.8369393009293561,0.2743748647316351,0.1679529192632088,5.5685504969852156e-11,0.9633463568152704,0.4877738071063732,0.1765503335859711,0.56372676553719,0.1055689850897284,0.20869227032087,0.45516917631231,0.1447665235366005,0.158751527715618,-165.72419084006697,361.44838168013393,412.0079521020489
2026-06-01T21:40:35,36,3,360003,"ARX(2,2)",-165.84088072850517,361.68176145701034,412.2413318789253,True,0,0.1331951778594119,0.0621973242138254,0.9050429252390856,0.3107128775630528,0.1149279439086156,3.5329080844834976e-19,0.8316899843708285,0.4726583842440686,0.2297019174648947,0.5249846841051554,0.0697665728843838,0.202970764357055,0.3079739260943268,0.16464835631817,0.3222019021752611,-165.8408807286638,361.6817614573276,412.2413318792425
2026-06-01T21:43:50,36,4,360004,"ARX(2,2)",-165.72155302238178,361.44310604476357,412.0026764666785,True,0,0.5847258373070026,2.2201371010126118e-05,0.8247067661351069,0.2649560868711576,0.1833031182434815,1.972206196521099e-10,0.9732264740340716,0.496813151869879,0.1737601453964725,0.572340867685031,0.1090520371876719,0.207020011873138,0.4657486186733653,0.1456466786299005,0.1454796622912521,-165.7215530223032,361.4431060446064,412.0026764665213
2026-06-01T21:47:25,36,5,360005,"ARX(2,2)",-165.74331462288148,361.48662924576297,412.0461996676779,True,0,0.5199084119287575,9.94304241059852e-05,0.8369589362200184,0.276860339759055,0.1640846518114124,0.0,0.9943909334531398,0.4516891651128146,0.1788146780380339,0.5664709065345043,0.1037153957457544,0.2058830868922429,0.5288772349810192,0.1370620507152651,0.1015282995061267,-165.74331462404552,361.4866292480911,412.046199670006
2026-06-01T21:53:57,36,6,360006,"ARX(2,2)",-165.7253755172111,361.4507510344222,412.0103214563371,True,0,0.5997675735011785,7.655480980452762e-05,0.8219555756700075,0.2636892956205217,0.1871358815830828,1.1044286327027878e-12,0.9705723310851536,0.501885309949649,0.172686546584582,0.5741908776996051,0.1088061295413615,0.2057426754360134,0.468462392197947,0.1454208432919355,0.1442103156811488,-165.72537551689751,361.45075103379503,412.01032145571
2026-06-01T21:56:00,36,7,360007,"ARX(2,2)",-165.7253764520202,361.4507529040404,412.01032332595537,True,0,0.584564807102965,2.1467726329569318e-05,0.8253239734400928,0.2654993807236803,0.1830230342619737,2.451302427951911e-13,0.9595064753713742,0.5094479269112271,0.1729314173530076,0.5750682648449159,0.108398957818113,0.205243387655456,0.4539858990343729,0.1462191880991321,0.1579174648894238,-165.72537645141065,361.4507529028213,412.0103233247362
2026-06-01T21:58:04,36,8,360008,"ARX(2,2)",-165.8424186446115,361.684837289223,412.24440771113797,True,0,0.7508305906286942,0.0002265511536749,0.7935439564736317,0.232500401008174,0.2326129179926408,3.3851546508745013e-08,0.9787292676662394,0.5557030771117994,0.1656909110825907,0.6142679182126688,0.1127061363058331,0.1979597826989937,0.4831988168444052,0.1458370035201474,0.1310314301289111,-165.84241863153238,361.6848372630648,412.2444076849797
2026-06-01T22:01:22,36,9,360009,"ARX(2,2)",-165.72081839326887,361.44163678653774,412.0012072084527,True,0,0.5786610192529711,3.106895805692752e-05,0.8257638030083843,0.2623926900612796,0.181829653193153,4.1958751537468236e-14,0.9752267069839612,0.4999211015916076,0.1740221547989605,0.571833553440719,0.1081090078593042,0.2059773126510504,0.4751051572315112,0.1442854517007135,0.1397087674340678,-165.72081839524083,361.4416367904817,412.0012072123967
2026-06-01T22:04:58,36,10,360010,"ARX(2,2)",-165.72183316019294,361.4436663203859,412.0032367423008,True,0,0.5362258252209153,2.7725359058075765e-05,0.8343376004502279,0.2686579827800963,0.1701448356556496,9.919618841726996e-15,0.9876331522082548,0.4749937709658185,0.1764969324360452,0.560754095005811,0.1071985310242363,0.2063855119866544,0.4580041022952361,0.142985820463857,0.1592525735894892,-165.72183316000888,361.44366632001777,412.0032367419327
2026-06-01T22:06:52,36,11,360011,"ARX(2,2)",-165.81209338317421,361.62418676634843,412.18375718826337,True,0,0.6927079429146779,1.6485140591861346e-05,0.8093022185459738,0.244917343193176,0.2046429335467654,4.8753639109801697e-08,0.9974169079778784,0.5127087877444705,0.165812878671313,0.5809959710262957,0.1146664349428876,0.2074853437665103,0.3978781422052878,0.1506477203192357,0.1991444880614991,-165.81209338454585,361.6241867690917,412.1837571910066
2026-06-01T22:10:18,36,12,360012,"ARX(2,2)",-165.84153802374237,361.68307604748475,412.2426464693997,True,0,0.1352600162862159,0.0624148871971909,0.9043926965760112,0.3102985915205243,0.1157422976281348,2.6234695256394577e-07,0.8399246724569053,0.465389581961431,0.2288677385554419,0.5265343656165269,0.0705922445289246,0.2010744743085925,0.3090133306115405,0.1633515339489591,0.3236378478713799,-165.84153802148825,361.6830760429765,412.2426464648914
2026-06-01T22:12:47,36,13,360013,"ARX(2,2)",-165.77722822216262,361.55445644432524,412.1140268662402,True,0,0.4528972995149707,1.863054139402508e-05,0.8518959515088597,0.2740514557660571,0.149917671321264,2.200131333844779e-16,0.9539743030507444,0.4978857700351221,0.1807081179458798,0.5500320325161537,0.1031049188217223,0.2141175419779753,0.451042606388043,0.1422190381369213,0.1624464337788599,-165.77722822079983,361.55445644159965,412.1140268635146
2026-06-01T22:15:31,36,14,360014,"ARX(2,2)",-165.8482542254365,361.696508450873,412.25607887278795,True,0,0.7263098865625937,0.0037137170733361,0.7997957470411446,0.2408076493045844,0.2226047850691239,1.576150885962612e-14,0.9206141509916586,0.5888311993471267,0.1659653948568723,0.6225800834210073,0.1123841307046725,0.2051837628160761,0.50464885437334,0.1489869394477193,0.0983528684181832,-165.8482542201544,361.6965084403088,412.2560788622237
2026-06-01T22:18:34,36,15,360015,"ARX(2,2)",-165.7184777321885,361.436955464377,411.9965258862919,True,0,0.541534706747479,2.4367229867811914e-05,0.8330232217291055,0.2704021720162206,0.171743759103261,6.786659431904683e-18,0.980372886815844,0.4787722479977062,0.1762520797385536,0.5635584116195483,0.1062041836783939,0.2067235452294152,0.475663056431591,0.1423535774535035,0.1431053398859992,-165.71847772630304,361.43695545260607,411.996525874521
2026-06-01T22:20:55,36,16,360016,"ARX(2,2)",-165.8828368628876,361.7656737257752,412.3252441476901,True,0,0.2585025240084067,0.0295370571699965,0.8764926282764383,0.2539662758382157,0.1599792605933533,1.2393896917230204e-13,0.8651542658084107,0.5826081295626575,0.1917311319281779,0.544154562506498,0.0863847450614793,0.206897868767003,0.3367530375031571,0.1544283086160278,0.2878603778960784,-165.8828368624031,361.7656737248062,412.3252441467212
2026-06-01T22:25:00,36,17,360017,"ARX(2,2)",-165.7218452293875,361.443690458775,412.00326088068994,True,0,0.5373316401820692,0.0003636818875361,0.8350813382476682,0.2746306687704671,0.1679284010856076,0.0,0.9747518347987488,0.4752438877634369,0.1756144893532437,0.558192043053581,0.1069575142061971,0.2073751342806614,0.4674298009548191,0.1429853239512094,0.1483479864006558,-165.72184522949203,361.44369045898407,412.003260880899
2026-06-01T22:28:28,36,18,360018,"ARX(2,2)",-165.7275403338903,361.4550806677806,412.0146510896955,True,0,0.5201634035429901,0.0003867326874687,0.8384100221537958,0.276180958229058,0.1633530803837151,4.5304149659540886e-11,0.9806103577785222,0.4662901654623324,0.1768765523179245,0.5499369286685905,0.1062789647788796,0.20821081509943,0.4660978907764963,0.1411420278950494,0.1524143782219466,-165.7275403268865,361.455080653773,412.014651075688
2026-06-01T22:34:13,36,19,360019,"ARX(2,2)",-165.7219039241633,361.4438078483266,412.00337827024157,True,0,0.5454571069002156,0.0004331707836364,0.83208799676987,0.2706311689817214,0.1716410765789284,1.4738108107691146e-16,0.9839034005837582,0.4739365592851961,0.1766947368604612,0.569639107171638,0.1058838627095086,0.204825756706248,0.4885403848487583,0.1399193615778833,0.1359224897303967,-165.72190408500575,361.4438081700115,412.0033785919264
2026-06-01T22:39:51,36,20,360020,"ARX(2,2)",-165.71912968919298,361.43825937838596,411.9978298003009,True,0,0.5433241109042571,9.83593581649496e-06,0.8323596164151571,0.2707373131387712,0.1728152234228034,1.5924309744357966e-09,0.9732668005898836,0.4852377532854239,0.1761854700009643,0.5689030280835455,0.1066742431382217,0.2087122407678878,0.4628804723617757,0.1441108659548486,0.1505055802598282,-165.71912968737337,361.43825937474674,411.9978297966617
2026-06-01T22:43:12,36,21,360021,"ARX(2,2)",-165.75166213179156,361.5033242635831,412.06289468549807,True,0,0.4850415166407342,6.957042010757886e-05,0.844320248737007,0.2928323525994576,0.1592102739704922,0.0,0.9528752009608614,0.4613203459150731,0.179518311379714,0.5604475023266591,0.1025064308244961,0.2116766218710816,0.4587168143289875,0.140970434622899,0.1607390520121379,-165.75165986773447,361.50331973546895,412.0628901573839
2026-06-01T22:46:01,36,22,360022,"ARX(2,2)",-165.67935789070106,361.3587157814021,411.91828620331705,True,0,0.076167437116057,0.0437418230666466,0.9343211289346612,0.5951176330905488,0.0141911196378281,0.0320441790790439,0.7623010768610047,1.6387617677089691e-06,0.2933391142973338,0.5969041789772527,0.1457022157474971,0.1379552501566505,0.3148862506986414,0.144341850676799,0.3163015800620694,-165.6793579084138,361.3587158168276,411.91828623874255
2026-06-01T22:49:54,36,23,360023,"ARX(2,2)",-165.73222514909762,361.46445029819523,412.0240207201102,True,0,0.5143626819577831,2.8695398865327437e-05,0.8395845620324853,0.2780695233796615,0.1612562684717724,7.353349243266273e-11,0.993686382347872,0.4501180034730822,0.1776186848679881,0.5492359284070677,0.1064041504887231,0.2071238157962987,0.4651718982524294,0.1388547929334595,0.1572782006218175,-165.7322252127159,361.4644504254318,412.0240208473467
2026-06-01T23:07:44,36,24,360024,"ARX(2,2)",-165.72818230552815,361.4563646110563,412.01593503297124,True,0,0.528896495170077,2.7456983199129177e-05,0.8358746609044241,0.2582566406875523,0.1687131758451808,1.6412112318196062e-17,1.0023849920051116,0.4810438294940666,0.1772672704238846,0.5592896502955348,0.1085949507326528,0.2066978274345109,0.4735382244350948,0.1416727036271196,0.1444643557896038,-165.72818230557624,361.4563646111525,412.0159350330674
2026-06-01T23:10:20,36,25,360025,"ARX(2,2)",-165.8420219689348,361.6840439378696,412.24361435978454,True,0,0.134057167998135,0.0609929437313269,0.904376356386279,0.3099152918998381,0.1160748573686842,3.3954272395795203e-19,0.8287933905365142,0.4786760314735965,0.2296026322535583,0.52324400596302,0.0698402868465382,0.2032736050384876,0.3107890581749853,0.1654284128232334,0.3182368348652112,-165.84202197356814,361.6840439471363,412.2436143690512
2026-06-01T23:13:36,36,26,360026,"ARX(2,2)",-165.67736923919315,361.3547384783863,411.91430890030125,True,0,0.0756085593114593,0.0442055012144338,0.934723791209876,0.5899296913935066,0.013442909648644,0.0323467038232633,0.7731616842438714,1.7188657474067512e-18,0.2939295010495233,0.5962794824896208,0.148937767201763,0.1352143923048861,0.3193218030122588,0.1441087899908512,0.3123544670139255,-165.67736924053105,361.3547384810621,411.914308902977
2026-06-01T23:16:12,36,27,360027,"ARX(2,2)",-165.79438538288707,361.58877076577414,412.1483411876891,True,0,0.6491846821160919,1.241789672608802e-05,0.8106832013311328,0.2463773581555108,0.210021792058629,1.648849464061929e-12,0.9278337663754728,0.5793813470368199,0.1699394594631727,0.6013845613336535,0.1086158975245563,0.2090954794370928,0.5077185408330791,0.1465107441430393,0.099185444390962,-165.794385378889,361.588770757778,412.1483411796929
2026-06-01T23:19:45,36,28,360028,"ARX(2,2)",-154.09325154776357,338.18650309552714,388.7460735174421,True,0,8.123053347718493,7.50170225585294,0.8280963746203728,0.9233348808463712,0.1599529472168724,0.0313889221315581,0.0842602649218117,0.049811072883258,0.1370848912527285,0.0333710958680478,-0.0455433153214832,0.4073557311145109,0.4389062421473097,-0.0655666140691802,0.5002480084254955,-154.09325154776968,338.18650309553936,388.7460735174543
2026-06-01T23:24:32,36,29,360029,"ARX(2,2)",-165.4239274805583,360.8478549611166,411.4074253830315,True,0,0.0444901277634991,0.0415302189044827,0.9546109910934998,0.5677211902669225,0.0080859986088016,0.0298035395007979,0.8223138010498737,1.5012824002803732e-06,0.3045877393124088,0.6154030463249002,0.1775116621806688,0.115152735173984,0.3542512634833062,0.1305771492234422,0.2867009458241387,-165.42392745664762,360.8478549132952,411.4074253352102
2026-06-01T23:27:15,36,30,360030,"ARX(2,2)",-165.72000588424106,361.4400117684821,411.99958219039706,True,0,0.5425527095572938,0.0004395061268381,0.8328907127435486,0.2695855421535472,0.1719155993763944,4.20305636901534e-12,0.9821294641291736,0.4777834613631996,0.1760967621159302,0.5624485508370181,0.1057049669033693,0.2059359215373724,0.4761567932462446,0.1417985752336754,0.1445491567340358,-165.72000590918873,361.4400118183775,411.9995822402924
2026-06-01T23:31:30,36,31,360031,"ARX(2,2)",-165.72327026634815,361.4465405326963,412.00611095461124,True,0,0.5588874489422989,1.2064544215848438e-05,0.8284466204296397,0.2724148405263908,0.178324222342544,2.2820765003058493e-13,0.9596347003090564,0.4955100287170623,0.1757198100958589,0.5686129988892867,0.1054861624814023,0.2070531062413999,0.4941540164107431,0.1441542787597119,0.122942494154673,-165.72327026594056,361.4465405318811,412.00611095379605
2026-06-01T23:33:51,36,32,360032,"ARX(2,2)",-165.76314074145114,361.5262814829023,412.0858519048172,True,0,0.6439342559860847,0.0003161144195747,0.8137040444660822,0.2476662057361217,0.1970840455927054,5.395899728713921e-10,0.969699421691052,0.534299207551159,0.1700902633772272,0.5651840837994142,0.1135511704075852,0.2011156190305238,0.4847612872215621,0.1509649569035045,0.1200178471262872,-165.76314070412798,361.526281408256,412.0858518301709
2026-06-01T23:37:06,36,33,360033,"ARX(2,2)",-166.4280970159216,362.8561940318432,413.41576445375813,True,0,1.6086065277112875,0.0017769017628423,0.7052091444643248,0.1818967202672446,0.357202572048984,2.851173776368996e-18,0.8794348873544248,0.7497260760795207,0.1366046972282504,0.7142709891768483,0.1332534886401624,0.1970732557717869,0.4128940738370357,0.15728188057832,0.1579731875496426,-166.4280970080241,362.8561940160482,413.4157644379632
2026-06-01T23:39:37,36,34,360034,"ARX(2,2)",-167.25414224170927,364.50828448341855,415.0678549053335,True,0,1.6337110698309902,0.0912232112063054,0.0237474664369601,0.620074357334576,0.0161155545879079,0.2522952549647286,0.6800439939320753,6.462791934677928e-07,0.2731777474624133,0.4649482877090157,0.1260453918827114,0.1982710564956766,0.1439513644542484,0.0850052815179778,0.5002205703539837,-167.25414223985754,364.5082844797151,415.06785490163
2026-06-01T23:42:13,36,35,360035,"ARX(2,2)",-165.8265824991638,361.6531649983276,412.21273542024255,True,0,0.5167753961449886,0.0020851991061926,0.8387044862193392,0.328714200462509,0.1602870702687898,1.927191963515875e-12,0.9281384045363952,0.4105791432912453,0.1780154493858339,0.5581531108099982,0.1024754088701339,0.2064608550783682,0.4846345092005605,0.1420690435088586,0.1391840465536567,-165.8265824881045,361.653164976209,412.2127353981239
2026-06-01T23:46:58,36,36,360036,"ARX(2,2)",-165.73482782885196,361.4696556577039,412.02922607961887,True,0,0.5000966642498512,5.28496669008243e-05,0.8418194926906519,0.2697393813294932,0.1629651372333034,9.214637831200734e-13,0.9779816550943676,0.4824294927260794,0.1779791024129887,0.5563242818999345,0.1062298676744401,0.2122877680507567,0.4409944097692015,0.1427589299743373,0.1711427592045451,-165.73482782882957,361.46965565765913,412.0292260795741
2026-06-01T23:49:32,36,37,360037,"ARX(2,2)",-165.71877821496358,361.43755642992716,411.9971268518421,True,0,0.5362699643731876,3.553890217602004e-05,0.8337899412704887,0.2705359160985306,0.1712329235472543,2.917124364066365e-07,0.9773055669058828,0.4815485659379929,0.1767509847541796,0.5635679888089933,0.1063304367664288,0.2069810860742968,0.474245218581205,0.1422193075014929,0.1443007500267472,-165.71877821890942,361.4375564378189,411.9971268597338
2026-06-01T23:51:11,36,38,360038,"ARX(2,2)",-165.84240335326558,361.68480670653116,412.2443771284461,True,0,0.1351334719664092,0.0620706089483753,0.9045232891875594,0.3155477315312364,0.1153640334216304,4.9341899365511044e-18,0.8275343614867927,0.4665983571114541,0.2282844120927966,0.5279901692918489,0.0704436214027382,0.203791505552309,0.3024434972489262,0.1642989407804321,0.3259820598805603,-165.842403353245,361.68480670649,412.24437712840495
2026-06-01T23:54:22,36,39,360039,"ARX(2,2)",-165.724612829318,361.449225658636,412.00879608055095,True,0,0.5495145616367354,1.5371188245290533e-05,0.8303865819082779,0.2759701082880242,0.1740875202774218,2.1780367845538844e-12,0.9734763635536812,0.4745519941417131,0.1767570413511052,0.5629907856608956,0.1047369966884318,0.2048963703843091,0.5061243934603719,0.1405585290134157,0.1187391394277886,-165.72461282903083,361.44922565806166,412.0087960799766
2026-06-01T23:55:51,36,40,360040,"ARX(2,2)",-165.71867194137877,361.43734388275755,411.9969143046725,True,0,0.5463162019696001,4.248827077877471e-05,0.8320433288609876,0.2708883842272505,0.1742098004548813,6.5557141077684104e-09,0.971231835845672,0.4869009731416359,0.1756459965879383,0.5698107340117758,0.1072447657171723,0.2077000098327625,0.4697491022640333,0.1445590536379001,0.1441556564224235,-165.71867173205112,361.43734346410224,411.9969138860172
2026-06-01T21:12:32,37,1,370001,"ARX(2,2)",-165.7837838456042,361.5675676912084,412.12713811312335,True,0,0.4736786242473182,0.0091124641574425,0.847532888205413,0.2880793597956451,0.1545313936809335,1.7120250020342732e-21,0.9413355285935848,0.4654104003988102,0.1789317913101711,0.5700836186443017,0.0990793218928829,0.2130447652696037,0.4512632706411667,0.1448533795938505,0.1637797531588105,-165.78378385637882,361.5675677127576,412.1271381346726
2026-06-01T21:20:54,37,2,370002,"ARX(2,2)",-165.73611378196406,361.47222756392813,412.03179798584307,True,0,0.5469606938788931,4.254296831289912e-05,0.8321378629558054,0.2794645937467909,0.168339048281482,2.192707522802058e-22,0.999513986347882,0.441473288469294,0.1769533454526305,0.5475649364715851,0.1049786695590311,0.2043512159571434,0.5025395341920815,0.1373568942331876,0.1274331398763185,-165.7361137591717,361.4722275183434,412.0317979402584
2026-06-01T21:23:02,37,3,370003,"ARX(2,2)",-165.72137180301985,361.4427436060397,412.00231402795464,True,0,0.5736804022539125,3.598366594929714e-05,0.826129308289521,0.267503380885345,0.1799986032380349,6.13425973537815e-20,0.980026173160906,0.4848903650210037,0.175093505775971,0.56996128106584,0.1067404543586729,0.2056303176219245,0.4904852478170202,0.1422507798005571,0.1291907537048333,-165.7213718024766,361.4427436049532,412.0023140268681
2026-06-01T21:25:00,37,4,370004,"ARX(2,2)",-165.39512573238,360.79025146476,411.34982188667493,True,0,0.0462193387373158,0.0383820859472379,0.95211465238204,0.5793085429025614,0.0084542419817259,0.0313553620229103,0.801748935285228,2.3589362891165665e-12,0.3088046330542436,0.6102086225061617,0.1705255562118835,0.1110450682829712,0.3553064188211074,0.1344542996811585,0.2914168808356593,-165.3951257625077,360.7902515250154,411.3498219469303
2026-06-01T21:26:59,37,5,370005,"ARX(2,2)",-165.7196251809234,361.4392503618468,411.99882078376174,True,0,0.5688199739383532,2.541851725036737e-05,0.8279443043156608,0.2666885647918861,0.1796453241854624,2.764922056663924e-13,0.96805151235012,0.4985170894506641,0.1742538693022417,0.5726866083163185,0.1081732887809181,0.2071403551371608,0.4628782890170222,0.1453990972854339,0.1491560553387297,-165.71962518036742,361.4392503607348,411.9988207826498
2026-06-01T21:29:37,37,6,370006,"ARX(2,2)",-165.71944037200586,361.4388807440117,411.99845116592667,True,0,0.5624514269392035,4.023300064992915e-05,0.8279540919509575,0.2672438898634081,0.1784724191186527,7.2715702137518944e-06,0.9772145936343886,0.4882119543234373,0.1758310008157961,0.5662923559951574,0.1069574416859595,0.2072280263845541,0.4860712941544966,0.1424948792830997,0.131365072321739,-165.71944037145994,361.4388807429199,411.9984511648348
2026-06-01T21:32:08,37,7,370007,"ARX(2,2)",-165.71995902937059,361.43991805874117,411.9994884806561,True,0,0.5714789953530027,0.0001610084355569,0.8271168873247097,0.2669934755882428,0.1807446494891541,3.922359960856117e-09,0.9681375052065642,0.497533141976697,0.1742619729176132,0.5687816179670812,0.1084135376123827,0.2082327139804234,0.4646788757777528,0.1452711878575393,0.1458299828218336,-165.7199590201773,361.4399180403546,411.9994884622696
2026-06-01T21:33:42,37,8,370008,"ARX(2,2)",-165.8428740186389,361.6857480372778,412.24531845919273,True,0,0.1312647827299943,0.0615642797656798,0.905774435731554,0.3164618095432319,0.1137291972478151,2.134037417142696e-09,0.823692647252077,0.4694738530703172,0.2303873737835718,0.5204549058191461,0.0682585546498628,0.2032101284775763,0.3179861005208589,0.164104141425974,0.3142471344643157,-165.84287401016786,361.6857480203357,412.24531844225066
2026-06-01T21:35:28,37,9,370009,"ARX(2,2)",-165.8674941911821,361.7349883823642,412.2945588042791,True,0,0.2547799401918142,0.03448658507324,0.8781342307297763,0.2696587495658435,0.1560855116175726,9.538494343487153e-19,0.8649740337712524,0.5434012524040005,0.1928104931873739,0.5523133519288792,0.0829480507698865,0.2021664684583792,0.3676208698484466,0.1520274149220567,0.2691925024987863,-165.86749418936716,361.73498837873433,412.29455880064927
2026-06-01T21:37:01,37,10,370010,"ARX(2,2)",-165.73705036860582,361.47410073721164,412.0336711591266,True,0,0.5393772410145031,5.66309987502311e-05,0.8343737256236055,0.2766214881724326,0.1660568872152495,3.5109676864140655e-18,1.0001465075478493,0.4464978256813015,0.176693509695296,0.5442336541985989,0.1073794037004162,0.2061342047645948,0.458529539194367,0.1412876722509692,0.1614053382426052,-165.73705036385795,361.4741007277159,412.0336711496308
2026-06-01T21:38:56,37,11,370011,"ARX(2,2)",-165.74319630381694,361.4863926076339,412.04596302954883,True,0,0.54153298290721,0.0017868385748409,0.8321196587765979,0.2642695673790853,0.1832116394422808,1.9321074226601005e-11,0.9687406756248536,0.4986238303353356,0.1758286419801106,0.5937571313393992,0.1061993194893049,0.2070789837880656,0.4536935756280468,0.1461383530640202,0.1611446044456789,-165.74319630379983,361.48639260759967,412.0459630295146
2026-06-01T21:40:45,37,12,370012,"ARX(2,2)",-165.72122224232965,361.4424444846593,412.00201490657423,True,0,0.5438817275754643,0.0002410005183147,0.8321404918647625,0.2690442175552898,0.1748421182166736,3.3038313340895365e-14,0.960767152899247,0.5006347819728055,0.1758704849104764,0.571200616997369,0.1060530602658418,0.208581313366036,0.4690525318604693,0.143827878739205,0.1455038400991383,-165.72122224227456,361.4424444845491,412.00201490646407
2026-06-01T21:43:18,37,13,370013,"ARX(2,2)",-165.7487240159876,361.4974480319752,412.0570184538901,True,0,0.5025628772446201,0.0005252527190321,0.8423490989278275,0.2758136904538514,0.1639034394868199,1.2480824923450054e-08,0.9509211248903604,0.4963540371225779,0.1762370707223003,0.5668554403803278,0.1056538224893365,0.2168486942990508,0.4226163382219378,0.1450326663740575,0.1817643373696046,-165.74872407066522,361.4974481413304,412.0570185632454
2026-06-01T21:47:26,37,14,370014,"ARX(2,2)",-165.72091159435297,361.44182318870594,412.0013936106209,True,0,0.547546407780277,4.884029713497948e-05,0.8314064460307168,0.2646020510845607,0.176636019961439,2.7779625307295088e-12,0.9780586713309366,0.4926315077305768,0.1758703017111316,0.5769314431422964,0.1069534793802047,0.2055312149915635,0.4744457893939279,0.1435112527364519,0.1435251085798251,-165.72091152938108,361.44182305876217,412.0013934806771
2026-06-01T21:49:24,37,15,370015,"ARX(2,2)",-165.15260024975055,360.3052004995011,410.86477092141604,True,0,0.0399820009000574,0.0361223389709005,0.951470916778667,0.6185736772261233,0.0057327103999188,0.0246711544279435,0.7299772871825937,2.352387949385251e-05,0.3728584274035954,0.5232016716797796,0.1525816709481869,0.19233335996261,0.2889276879927046,0.0757057527104285,0.3377082419564268,-165.15260025011605,360.3052005002321,410.86477092214704
2026-06-01T21:52:28,37,16,370016,"ARX(2,2)",-165.84094371182601,361.68188742365203,412.24145784556697,True,0,0.4917405787327262,3.1745006162427565e-05,0.8416864751158843,0.3021437462077728,0.1538840091323982,1.7527542090704568e-10,0.9854791469945706,0.4101798494231274,0.1815710847736745,0.5130218017820998,0.0968498483162911,0.2022063770174339,0.5827534262103047,0.1249192563250926,0.0740753961318205,-165.84094371138048,361.68188742276095,412.2414578446759
2026-06-01T21:55:02,37,17,370017,"ARX(2,2)",-165.84392101678515,361.6878420335703,412.24741245548523,True,0,0.5901688061601956,0.0005619222165736,0.8271266288118719,0.301965763216776,0.1611664088760654,6.960866066173644e-06,0.9973567704411213,0.3976986262786452,0.1742057853378393,0.511616898333087,0.1092763059068046,0.2025501503697338,0.4788772602429106,0.1353676134234473,0.1490667640667535,-165.84392068028455,361.6878413605691,412.2474117824841
2026-06-01T21:58:56,37,18,370018,"ARX(2,2)",-165.8407712989708,361.6815425979416,412.2411130198565,True,0,0.1332723184314518,0.0621773225445291,0.9051810509933608,0.3130976684502624,0.1145402702404491,6.405277259082587e-20,0.8334642924497888,0.4660808652295802,0.2295688137019314,0.5251578051762832,0.0696676004341552,0.2021229740483337,0.3104773532984518,0.1642525056008161,0.3212092644783291,-165.84077129903886,361.6815425980777,412.2411130199927
2026-06-01T22:03:10,37,19,370019,"ARX(2,2)",-165.49099773276214,360.9819954655243,411.5415658874392,True,0,0.0730001333179736,0.0487753799128591,0.9372198242347576,0.58262837520115,0.0,0.0249354591736811,0.7901599635627389,1.6964202305524713e-18,0.3326961661219745,0.5474421779979908,0.1530492703461684,0.1829614085212229,0.340013341110858,0.0787626419992332,0.3088040354516926,-165.49099773259246,360.9819954651849,411.5415658870999
2026-06-01T22:06:27,37,20,370020,"ARX(2,2)",-165.90455100282577,361.80910200565154,412.3686724275665,True,0,0.1178364292393595,0.0589824381245803,0.912244710382775,0.3600329941996111,0.0921197318759594,0.0075267012333182,0.8545941598839569,0.3512655834102412,0.238403740416862,0.5491353614783553,0.0621730314570893,0.194331441770327,0.3358030388614739,0.1499711283062955,0.3318651554891105,-165.90455100486156,361.8091020097231,412.36867243163806
2026-06-01T22:08:48,37,21,370021,"ARX(2,2)",-165.72947485376818,361.45894970753636,412.0185201294513,True,0,0.5848455700839894,0.00087157092149,0.8250343259426302,0.2703578009656992,0.1805800387583627,4.21072694120131e-13,0.9562102618847536,0.5011880117971461,0.1727317859089237,0.5774552116352529,0.1046632744102759,0.2045321191824734,0.4731885587542822,0.1448825379728307,0.1441007412743181,-165.72947486308124,361.4589497261625,412.0185201480774
2026-06-01T22:10:43,37,22,370022,"ARX(2,2)",-165.92569723373327,361.85139446746655,412.4109648893815,True,0,0.8609474528630415,1.0168488013182645e-05,0.7838210205507866,0.2274328589676754,0.2388060711528294,7.452106668425925e-10,0.9478080735892164,0.5972990906750469,0.1588085815366857,0.6203407393711899,0.1192591168404702,0.1986942068358307,0.5145990688648999,0.1491739468438557,0.0871375303761359,-165.9256972336466,361.8513944672932,412.4109648892081
2026-06-01T22:13:35,37,23,370023,"ARX(2,2)",-165.77975272980223,361.55950545960445,412.1190758815194,True,0,0.5900574714840454,8.531751956010313e-07,0.8231857947216152,0.2240310674124808,0.1902690494774975,0.0,1.0014920606675293,0.5504438045074966,0.173133248844542,0.5806605417133442,0.1107240326760562,0.209476045502382,0.4625922957900956,0.143564491287821,0.1461913709783355,-165.7797527292097,361.5595054584194,412.1190758803343
2026-06-01T22:15:23,37,24,370024,"ARX(2,2)",-165.78213856189964,361.5642771237993,412.1238475457142,True,0,0.6982482023903569,1.6388410790329324e-05,0.804565479589817,0.2474811899589816,0.2092473014663011,1.8878440807038358e-13,0.9685989738423972,0.5363982917907222,0.1679533802898105,0.5930151869229681,0.1115233805232407,0.206013156493054,0.4852147086860219,0.1500968090921265,0.1189221239244379,-165.78213856190683,361.56427712381367,412.1238475457286
2026-06-01T22:18:05,37,25,370025,"ARX(2,2)",-165.79753303437008,361.59506606874015,412.1546364906551,True,0,0.5768258190582198,6.573507370659319e-05,0.8226437509864746,0.2612721228948978,0.1876647422534362,1.5911255111549324e-22,0.957455889306604,0.5198570993816641,0.1765310351937371,0.578172268455929,0.1093194856492846,0.2090044031708686,0.5684456149848409,0.1395037367224457,0.0486865570102433,-165.7975332275039,361.5950664550078,412.1546368769227
2026-06-01T22:20:16,37,26,370026,"ARX(2,2)",-165.8407391309836,361.6814782619672,412.2410486838821,True,0,0.1329958683619283,0.0621334024882299,0.9051997042057364,0.3126808800881715,0.114596333854685,9.898261302600868e-23,0.8320611597201446,0.4683263004258131,0.2297270269644981,0.5252656931403081,0.0696166818939474,0.2025979085053362,0.3087879938611372,0.1645473242514148,0.3220696471348921,-165.84073913094352,361.68147826188704,412.241048683802
2026-06-01T22:22:34,37,27,370027,"ARX(2,2)",-165.71898989628673,361.43797979257346,411.9975502144884,True,0,0.5521763712714861,2.8052720021059067e-05,0.8307912098656378,0.2717456944156529,0.1751391559831531,3.160586779543434e-07,0.971503643374636,0.4849460670699368,0.175434331261149,0.5635512407692915,0.1070833558237117,0.2076709142563388,0.4613301511523087,0.1448181756428871,0.1521026015035753,-165.71898989665908,361.43797979331816,411.9975502152331
2026-06-01T22:25:37,37,28,370028,"ARX(2,2)",-165.5299267076524,361.0598534153048,411.61942383721976,True,0,0.0495676068533505,0.0425289994783315,0.9515413983836684,0.5807650454284652,0.0098253081215279,0.0302206720780207,0.7929838636005625,2.3323132765542305e-08,0.2946396410618414,0.5754071224623541,0.1730158651006878,0.1177910903099679,0.3207522623382316,0.1361353458470662,0.3122156585542313,-165.5299267069022,361.0598534138044,411.6194238357193
2026-06-01T22:27:54,37,29,370029,"ARX(2,2)",-165.7310155747333,361.4620311494666,412.02160157138155,True,0,0.5973009435397352,3.3800182185667365e-05,0.8229526675128246,0.2687263947735315,0.1836125675495084,2.1735473493972628e-14,0.9876374458703135,0.4748364142932442,0.1732650825785523,0.5786920828159263,0.1088497440309544,0.2014913842289218,0.4788896303389093,0.1448935464434874,0.1403930585665278,-165.73101562853356,361.4620312570671,412.0216016789821
2026-06-01T22:29:32,37,30,370030,"ARX(2,2)",-165.7253385742677,361.4506771485354,412.01024757045036,True,0,0.5328239419506514,5.500913629096784e-05,0.8345148152780332,0.2783036790916251,0.1684787759726592,9.53467817609304e-18,0.9723791381400834,0.4709003628943008,0.17733946719851,0.5597202436389267,0.1068406007700468,0.2099109513652228,0.4517858036773662,0.1432761993713304,0.1613473901590669,-165.72533857586347,361.45067715172695,412.0102475736419
2026-06-01T22:32:53,37,31,370031,"ARX(2,2)",-165.7538830162199,361.5077660324398,412.06733645435475,True,0,0.6526793658648056,1.1023410561458184e-05,0.8125124315685565,0.2554464007277668,0.2018703975043664,8.465879905229876e-12,0.9546904730051834,0.5343906210289263,0.1694663365987603,0.5916385331344073,0.111983608377876,0.2064607791302748,0.4501301250379902,0.1517640052937136,0.1497832044461889,-165.7538830348339,361.5077660696678,412.0673364915828
2026-06-01T22:35:22,37,32,370032,"ARX(2,2)",-165.7201842399035,361.440368479807,411.9999389017219,True,0,0.5404808978501153,2.383624200535784e-05,0.8321270651965854,0.2718266841178183,0.1731594958696242,7.780660269593986e-12,0.9793794032486806,0.4769165363453593,0.1770682402157704,0.5685002180254647,0.1067032474178619,0.2087274961774781,0.4820454455998401,0.1424300156136154,0.1343458441788291,-165.72018423939852,361.440368478797,411.999938900712
2026-06-01T22:38:33,37,33,370033,"ARX(2,2)",-165.73883186041803,361.47766372083606,412.037234142751,True,0,0.6247993941662604,3.747970119911698e-05,0.8165566730817981,0.2565248823715414,0.196389537285743,9.24148369612382e-16,0.9613777507564212,0.525487907892788,0.171385829183067,0.5820827484677983,0.1106813833704408,0.2071740192296835,0.4531255219317225,0.1492776553222856,0.1503830185474371,-165.73883186080343,361.47766372160686,412.0372341435218
2026-06-01T22:40:12,37,34,370034,"ARX(2,2)",-165.92729041615917,361.85458083231833,412.4141512542333,True,0,0.1132547737314969,0.0471939555383988,0.91940172458673,0.3020003031623784,0.1064287292178639,0.0,0.8318976954986466,0.5020557982950792,0.2145597908625171,0.5369376834068097,0.0540348069576596,0.2118465114019928,0.3093304734540296,0.1700573689763214,0.3303423548186063,-165.92729041619333,361.85458083238666,412.4141512543016
2026-06-01T22:41:32,37,35,370035,"ARX(2,2)",-165.7249723685944,361.4499447371888,412.0095151591037,True,0,0.5355046410057647,1.315604491194818e-05,0.8336011476775053,0.2785172342779411,0.170652483762059,4.758954303374797e-12,0.972829405052454,0.4701089966404674,0.1770298896652483,0.5648529897459209,0.106150854436028,0.2083641834437304,0.4536682100762935,0.1428735717029578,0.1616167026766931,-165.7249723687973,361.4499447375946,412.00951515950953
2026-06-01T22:43:34,37,36,370036,"ARX(2,2)",-165.84077020600483,361.68154041200967,412.2411108339246,True,0,0.133528241096932,0.062235641717182,0.9050375849792044,0.3127508517783567,0.1148481015331762,8.393533027851167e-08,0.8329827046879921,0.46725206399916,0.2294537837010798,0.5248691465734702,0.0698436529530677,0.2023654456811436,0.3082720987526439,0.1644717788354832,0.3226910046329577,-165.8407702113956,361.6815404227912,412.24111084470616
2026-06-01T22:46:47,37,37,370037,"ARX(2,2)",-166.41052954872214,362.8210590974443,413.3806295193592,True,0,0.0624888595708166,0.0331938527998164,0.9416842604010184,0.461125799363096,0.0268173017182764,0.0250222305000235,0.8119873885335155,0.2284184007936919,0.2684970816556782,0.4773563072772765,0.1219024477692053,0.1879455704766866,0.2540506208460535,0.1351651149811765,0.369908125205335,-166.41052953095408,362.82105906190816,413.3806294838231
2026-06-01T22:55:59,37,38,370038,"ARX(2,2)",-166.17068767606034,362.3413753521207,412.9009457740356,True,0,0.1322412256038771,0.0580165509074721,0.9107216165020118,0.3755364420626092,0.0796125609351409,0.0103004377320416,0.9216562500085306,0.2592746495083852,0.2435703962489091,0.5594431287491266,0.0736387578294754,0.184273506213561,0.5124061213200113,0.1265399382409397,0.189603074109852,-166.1706876737619,362.3413753475238,412.9009457694388
2026-06-01T22:58:10,37,39,370039,"ARX(2,2)",-165.79030965408532,361.58061930817064,412.1401897300856,True,0,0.4474953592533289,2.494139454567849e-06,0.8536141904116618,0.2752351556582061,0.1469377728846043,2.9332130185023114e-06,0.9695468288107828,0.4799781161756218,0.1809613545617845,0.529685967353705,0.1041459668717217,0.2141825065470307,0.436673297080333,0.1419460599774228,0.1770324476444965,-165.7903096536946,361.5806193073892,412.14018972930415
2026-06-01T23:00:11,37,40,370040,"ARX(2,2)",-165.78820146688847,361.57640293377693,412.1359733556919,True,0,0.680621670088054,0.0001677320591829,0.8027332535151176,0.2633700478508529,0.1972093344135087,0.0,0.996094540812704,0.4768111698794998,0.173533152928071,0.5786751463061509,0.1118832927410891,0.1968950128376078,0.4869626074174814,0.1445686645800311,0.1320921565007675,-165.78820146712184,361.5764029342437,412.1359733561586
2026-06-01T21:21:01,38,1,380001,"ARX(2,2)",-165.72619730616378,361.45239461232757,412.0119650342425,True,0,0.512825343952746,3.834230721016128e-05,0.839236370437234,0.2744525218503264,0.162763892374098,1.7636926007428984e-07,0.9791534805077432,0.4718649487862404,0.1778747616349397,0.5514211746063076,0.1051391093572433,0.2072484900753236,0.4745597289215587,0.1409195716822014,0.1465087122333552,-165.7261973061999,361.4523946123998,412.0119650343148
2026-06-01T21:24:16,38,2,380002,"ARX(2,2)",-165.72948608037728,361.45897216075457,412.0185425826695,True,0,0.5795888249407851,0.0001862619241863,0.8265702688482994,0.257634591119938,0.1829563517011781,1.1208204151295904e-09,0.9896920577770896,0.4946282589728986,0.1729392673204921,0.5724394735460223,0.1096801888821687,0.2059212864948778,0.4452710146083252,0.1464304794570143,0.1651897301989168,-165.72948607991782,361.4589721598357,412.0185425817506
2026-06-01T21:26:29,38,3,380003,"ARX(2,2)",-166.4817319060898,362.9634638121796,413.52303423409455,True,0,2.23983662936899,0.050485518931087,1.4822683306829093e-12,0.5787158028192302,2.493490500226168e-08,0.4762954502682869,0.8050958466357089,2.234381450375837e-07,0.2364634409485959,0.4359389279402608,0.0950398504149005,0.2180290682636528,0.544205557937274,0.0437577398633608,0.1692565095870813,-166.48173190634765,362.9634638126953,413.52303423461024
2026-06-01T21:28:48,38,4,380004,"ARX(2,2)",-165.74637350294108,361.49274700588217,412.0523174277971,True,0,0.6422338799890756,8.39379800037399e-06,0.8137476539712691,0.2628096543479644,0.1988655022472068,2.6423363790906174e-07,0.9496929616999046,0.5246686701274854,0.1702348767780758,0.5870288933741635,0.1095450168988095,0.2038097091847384,0.4684526542227664,0.1480870727509891,0.1405973872705379,-165.74637350513996,361.4927470102799,412.05231743219485
2026-06-01T21:32:06,38,5,380005,"ARX(2,2)",-165.7324427925787,361.4648855851574,412.02445600707233,True,0,0.537738485642193,0.00087023924966,0.8344272094884247,0.2721878557900558,0.1722185462497898,1.7490734952282651e-13,0.9461262854860109,0.5076557175767564,0.1750658493422379,0.569465733810394,0.107464185033948,0.2104591299017074,0.4387861163837158,0.1490792330721599,0.1651798899765285,-165.73244281936255,361.4648856387252,412.0244560606401
2026-06-01T21:33:42,38,6,380006,"ARX(2,2)",-165.42068714228307,360.84137428456614,411.4009447064811,True,0,0.0455574094491105,0.0394450628562001,0.9532893898766552,0.5899199651625036,0.0093694686471209,0.0302803262758897,0.7782139960530349,3.5971443758877784e-19,0.3044807019356338,0.6186436321017525,0.1693332750095879,0.1183437814119773,0.3395012834943545,0.1350049233015809,0.3021422366403991,-165.42068714004512,360.84137428009024,411.4009447020052
2026-06-01T21:36:17,38,7,380007,"ARX(2,2)",-166.09517706375527,362.19035412751055,412.7499245494255,True,0,0.9947414538429888,0.0021578700444269,0.7623755772577034,0.2085850122769054,0.2943941684335254,4.3480010252694166e-10,0.8594663220764207,0.7165240370729441,0.1517714379369304,0.6529187442435614,0.1179246500125155,0.2066604073126584,0.3493489779834768,0.1645347649962341,0.2192997999184938,-166.09517706305343,362.19035412610685,412.7499245480218
2026-06-01T21:38:41,38,8,380008,"ARX(2,2)",-165.7226287914931,361.4452575829862,412.0048280049011,True,0,0.5461315667391197,0.0008362540510976,0.8323049461185595,0.2681090986103251,0.1758996336243569,1.398640888572186e-10,0.9752503857058676,0.4867040720549432,0.1753273323116232,0.5715689377640794,0.1079319755067451,0.2067298258962933,0.4614071889914648,0.1442305170997881,0.1539086453298788,-165.7226287895882,361.4452575791764,412.0048280010913
2026-06-01T21:41:51,38,9,380009,"ARX(2,2)",-166.109374571506,362.218749143012,412.77831956492696,True,0,0.1758311752274222,0.0858490848825,0.890449715070088,0.2941160963365793,0.1355107941276944,0.0,0.779907960300709,0.5194100173450418,0.2137859179699943,0.534025381799546,0.0712745070507872,0.22633771170687,0.1998579196329417,0.1754742929211044,0.3857986256815802,-166.10937460019215,362.2187492003843,412.7783196222993
2026-06-01T21:43:30,38,10,380010,"ARX(2,2)",-165.7714007312248,361.5428014624496,412.1023718843645,True,0,0.5730804013828626,0.0003350222231736,0.8269233162634421,0.2499736179873153,0.1749121461203082,7.483629213235022e-10,1.028665323119612,0.4706871226618851,0.1761925556937318,0.5541398823360937,0.1075454100213835,0.2007357495722914,0.5384130336945789,0.1306155577397138,0.1017803386594147,-165.77140055394597,361.54280110789193,412.1023715298069
2026-06-01T21:45:54,38,11,380011,"ARX(2,2)",-165.7304718382263,361.4609436764526,412.0205140983675,True,0,0.5870250511600725,0.0004728290442704,0.8245122077919933,0.2510428538268606,0.1844341802126251,3.2691837114402955e-16,0.981703344065068,0.5151507301442884,0.1731986193877468,0.5719724616442791,0.1088487165163498,0.2070835036319246,0.4713195461190137,0.1449565786647083,0.1406075012257997,-165.73047184421824,361.4609436884365,412.0205141103514
2026-06-01T21:48:10,38,12,380012,"ARX(2,2)",-165.72141940488459,361.44283880976917,412.0024092316841,True,0,0.5242527010338157,1.6980636830095554e-05,0.8362103258916358,0.2708569036952125,0.1687096527509852,1.0170461770306355e-14,0.9815902852662992,0.4766604281410097,0.1774431023756239,0.565910864933292,0.1057376706446942,0.2079340245815769,0.4692695375581189,0.1407994429631212,0.1507337493954644,-165.72141940475876,361.4428388095175,412.00240923143247
2026-06-01T21:51:20,38,13,380013,"ARX(2,2)",-165.67714110017275,361.3542822003455,411.91385262226044,True,0,0.0764184540262735,0.0443128852035147,0.9343189041584836,0.5900085830256545,0.0135258947284696,0.0324407833615481,0.7728321850631993,2.7178038871851513e-18,0.2931487402655511,0.59553657756179,0.1489432546021943,0.135956255838473,0.3176514058618098,0.1444665412194984,0.3125731576683507,-165.67714110009413,361.35428220018827,411.9138526221032
2026-06-01T21:56:00,38,14,380014,"ARX(2,2)",-165.72476652555562,361.44953305111125,412.0091034730262,True,0,0.5766146055299373,0.0008019288699549,0.8265427744818933,0.2592075969008483,0.1821235067656494,3.9520018721400413e-07,0.9710352224000698,0.5088288182205056,0.1737311969277326,0.5771718909760993,0.1086925711409601,0.2068392497181263,0.4636260107231633,0.1459969268416238,0.1472276919891667,-165.72476670054303,361.44953340108606,412.009103823001
2026-06-01T22:01:14,38,15,380015,"ARX(2,2)",-165.7461121322901,361.4922242645802,412.05179468649516,True,0,0.6358881978810969,5.050991842916216e-05,0.8152575560283447,0.2550459052985157,0.1965344995263625,3.3152894483869597e-16,0.9793196462408562,0.5104762497753473,0.1715031753046313,0.5899668606356395,0.1114263482063981,0.2013027266601917,0.4763302240010108,0.1452381839850554,0.1388263141140245,-165.74611213027654,361.4922242605531,412.051794682468
2026-06-01T22:02:33,38,16,380016,"ARX(2,2)",-165.84256172782906,361.68512345565813,412.24469387757307,True,0,0.132344368686658,0.0626015130558932,0.9053312618816012,0.3098453634900409,0.1150347588758318,1.519014415722006e-07,0.8321376609413491,0.4735238580633504,0.229122548150318,0.5265434590741135,0.0693515331627282,0.2016719639308276,0.2960456744375598,0.1646444641009732,0.3353368695332415,-165.84256174603283,361.68512349206566,412.2446939139806
2026-06-01T22:06:53,38,17,380017,"ARX(2,2)",-165.72312088434833,361.44624176869667,412.0058121906116,True,0,0.5220499568228049,0.0004976319702904,0.837113356750409,0.2719518608938975,0.1671407472349781,1.4379223016476211e-08,0.970897627919934,0.4841756675492152,0.1770818051674217,0.5614172137527829,0.106061076916991,0.2089823022512216,0.46864081197631,0.143173307488378,0.1466512307946068,-165.7231208844931,361.4462417689862,412.0058121909012
2026-06-01T22:09:12,38,18,380018,"ARX(2,2)",-165.43227846646852,360.86455693293703,411.424127354852,True,0,0.0573866967736289,0.0411185100646837,0.9368304200774372,0.5275923797335544,0.0031874142776957,0.0302878760224543,0.8487172358813421,0.0582941459145022,0.3799830727166123,0.581373800835723,0.1602426462549537,0.1755869047316935,0.1618594939641868,0.1431696124104518,0.4163392892145365,-165.43227846646286,360.8645569329257,411.4241273548407
2026-06-01T22:11:53,38,19,380019,"ARX(2,2)",-165.72222455078563,361.44444910157125,412.0040195234862,True,0,0.5401363897586821,1.1341651272293016e-05,0.8341122425131865,0.2649811181836708,0.1697647896458673,4.123369483562313e-13,0.9840233970493516,0.4859907594567656,0.1761563235788021,0.5584792559547925,0.1074194250394533,0.2085310444238476,0.4552560991971746,0.1431296671754154,0.1596226251338427,-165.72222456797994,361.4444491359599,412.0040195578748
2026-06-01T22:14:52,38,20,380020,"ARX(2,2)",-165.60313202953756,361.2062640590751,411.76583448099007,True,0,0.0344518707805398,0.023579692623573,0.9515611728653502,0.4359858377403676,0.0179004476748227,0.0302526311231758,0.9006540951527511,0.2121090746772816,0.3362378153624374,0.4993627142709995,0.1397879513586316,0.0886399361512013,0.3120981911125057,0.1133059104084606,0.429975923772368,-165.60313203943622,361.2062640788725,411.7658345007874
2026-06-01T22:17:28,38,21,380021,"ARX(2,2)",-165.7279184964924,361.4558369929848,412.01540741489976,True,0,0.5975601974311769,1.9324501455116705e-05,0.8218180370281589,0.2639079581414834,0.1883326609123037,2.549803294893469e-06,0.9556912977620646,0.5164503234465547,0.1726699829086377,0.5752764032391793,0.1084738602729324,0.207047554184164,0.4577756142770154,0.1481819081490729,0.1500089432539468,-165.7279184967284,361.4558369934568,412.0154074153717
2026-06-01T22:19:21,38,22,380022,"ARX(2,2)",-165.724322857771,361.448645715542,412.00821613745694,True,0,0.5531404979691273,1.4815482772970904e-05,0.8326399242491576,0.2665906013507521,0.1744296980939055,1.2865711386334339e-11,0.9726283795029352,0.4941585631066995,0.1740761666449896,0.5649940027859317,0.1088255540545621,0.208302592970902,0.438569613904427,0.1468075375466896,0.1698671172276603,-165.72432285848754,361.4486457169751,412.00821613889
2026-06-01T22:23:01,38,23,380023,"ARX(2,2)",-165.9435552315985,361.887110463197,412.44668088511196,True,0,0.6843412093753763,0.0004902366278358,0.8076861903642067,0.1868055555375287,0.2249341841226235,1.428206062737266e-06,0.9611599218311552,0.6638730898543928,0.1650135852216989,0.6025877108044584,0.1106257336179707,0.2192364868633465,0.4193762470797726,0.1436111256353467,0.176184948277049,-165.9435552087825,361.887110417565,412.44668083948
2026-06-01T22:26:34,38,24,380024,"ARX(2,2)",-165.69287542860167,361.38575085720333,411.9453212791183,True,0,0.0745894185011632,0.0442805712587572,0.9353785692407184,0.5929787545142854,0.0141858408784384,0.0311057103917612,0.7667248761591088,3.010379845290439e-08,0.2968169051721671,0.5939815918257166,0.1424855815533238,0.1367358154528548,0.3417445313831296,0.1445163265855398,0.2981626387877831,-165.69287540837053,361.38575081674105,411.945321238656
2026-06-01T22:28:39,38,25,380025,"ARX(2,2)",-166.24452494015543,362.48904988031086,413.0486203022258,True,0,0.1265504800042301,0.0566028342989124,0.9153768602638804,0.496128383098366,0.0555817872058951,0.0178401924874409,0.867823208894365,0.0707812649701369,0.2463324324722615,0.5819561154666116,0.0732719825487325,0.1809298193031681,0.5056249674583825,0.1091999431262398,0.2071196978296688,-166.24452493039695,362.4890498607939,413.0486202827088
2026-06-01T22:30:12,38,26,380026,"ARX(2,2)",-165.71953554406798,361.43907108813596,411.9986415100509,True,0,0.5526666752221737,0.0006610488537018,0.8307926649386871,0.2700955477536506,0.1748793856963144,4.4845387059209e-09,0.9713826363974862,0.4870615478736484,0.17560391124596,0.5675063389340195,0.1071768631372211,0.2072006121356118,0.4678835374719703,0.1438114618206472,0.1472035251989971,-165.7195355415062,361.4390710830124,411.9986415049273
2026-06-01T22:32:50,38,27,380027,"ARX(2,2)",-165.71927252992776,361.4385450598555,411.99811548177047,True,0,0.5567044640466751,0.000369090072226,0.8303306637606293,0.2714375594461209,0.1743253609430045,2.568524416507325e-17,0.9736590593467134,0.4827064759580775,0.1753983425940457,0.5656028107280632,0.1072589698718395,0.206083234155448,0.4784303270199573,0.1433471615161383,0.1383844606047291,-165.71927252969115,361.4385450593823,411.9981154812973
2026-06-01T22:35:28,38,28,380028,"ARX(2,2)",-165.72318138817832,361.44636277635664,412.0059331982716,True,0,0.5524815226049774,0.0003799546702437,0.8302260238539083,0.267450397237697,0.1769039543157617,1.8819250535541336e-12,0.964266177358269,0.4999950006280014,0.1753776423855701,0.5716295140496962,0.1058527215259665,0.2086447246650076,0.4862486788906153,0.1448959335670617,0.1281560044735364,-165.72318139146438,361.4463627829288,412.0059332048437
2026-06-01T22:37:39,38,29,380029,"ARX(2,2)",-115.01396928290295,260.0279385658059,310.58750898772087,True,0,1.4736804863140165,6.653027477384716,0.2575980464262385,0.4318070909747031,0.3546364462839517,0.4805612489470095,0.9001931396323173,0.0838695397104371,0.1946646672929885,0.076566160594977,0.211223887167382,0.1872709709246184,0.7992852295494559,0.0761845143376711,-0.2641627948964683,-115.0139692809542,260.0279385619084,310.58750898382334
2026-06-01T22:40:56,38,30,380030,"ARX(2,2)",-165.8038044612658,361.6076089225316,412.16717934444654,True,0,0.7115228355516173,2.3254276930594563e-05,0.8046191327732926,0.2319657865318224,0.211729565132364,1.41984168740012e-17,0.96675472461166,0.5692548734164048,0.1657490363156469,0.5888147304255124,0.1150633134244779,0.207524905293619,0.4571123028435697,0.1448661037105424,0.1456583963123935,-165.80380457149408,361.60760914298817,412.1671795649031
2026-06-01T22:43:55,38,31,380031,"ARX(2,2)",-165.92228027230362,361.84456054460725,412.4041309665222,True,0,0.1197718309786414,0.0544284837735397,0.9110935841035857,0.3704806146056818,0.090282078837644,0.0088110406092899,0.846342579619788,0.3507732442892678,0.2392206521980119,0.5453713972747641,0.0631025272829218,0.1939505441137303,0.3570124223302337,0.1475746215650177,0.3135060841042608,-165.92228026754577,361.8445605350916,412.4041309570065
2026-06-01T22:45:48,38,32,380032,"ARX(2,2)",-167.12162768353667,364.24325536707335,414.8028257889883,True,0,0.0411092733511362,0.1387806303310458,0.9355541981772416,0.3843293726269256,0.0672420120286316,0.0110002551133831,0.9374204904176504,0.2023774859405365,0.3038647706159196,0.4424017454177619,0.0975457169822358,0.207605843533855,0.5297210010710087,0.1327849293946401,0.0883938178639454,-167.1216276835629,364.2432553671258,414.8028257890408
2026-06-01T22:47:28,38,33,380033,"ARX(2,2)",-165.81143930274072,361.62287860548145,412.1824490273964,True,0,0.5105783379139295,0.0001327658000691,0.8406497128682066,0.2976993061484657,0.1538158328855219,1.348303293901887e-17,0.9945814118185726,0.4097754849175443,0.179018857049567,0.5481726514529806,0.1013129377218508,0.2033760957990943,0.5806646271407092,0.1313301053590549,0.0629048391273406,-165.81143930142767,361.62287860285534,412.1824490247703
2026-06-01T22:51:14,38,34,380034,"ARX(2,2)",-165.81949394836107,361.63898789672214,412.1985583186371,True,0,0.5984927708700424,2.2004665432065462e-05,0.8219779125681248,0.2123489159845014,0.1967427332673913,2.048720392553544e-20,0.9869423480805496,0.5883043932951106,0.1710948030171009,0.5793242346914113,0.1108382438097405,0.2130920713641706,0.4549602187681916,0.1443789544367174,0.1474755234635273,-165.81949394009035,361.6389878801807,412.1985583020957
2026-06-01T22:54:42,38,35,380035,"ARX(2,2)",-165.73856470087523,361.47712940175046,412.0366998236654,True,0,0.5446047669577211,0.0029245603851525,0.8328010141400072,0.2901946820427734,0.1704058933041075,6.967531737697798e-13,0.956765644378988,0.456970896434006,0.1761118267936419,0.5666362106683432,0.1053925648318884,0.2063822792293245,0.4731887532492086,0.1433594277337641,0.1454859314485638,-165.7385646992784,361.4771293985568,412.03669982047177
2026-06-01T22:56:50,38,36,380036,"ARX(2,2)",-165.3502910390673,360.7005820781346,411.2601525000495,True,0,0.100713917546616,0.2410910911494136,0.7869600438703067,0.3103677347940256,0.2013674697736489,0.0056101909048792,0.8931487789416067,0.2523058230560441,0.4046454222408512,0.3980504868280521,0.2357502627022416,0.1739930132748982,-0.0910318072646124,0.1948646087100553,0.4756416240468861,-165.35029104071452,360.70058208142905,411.260152503344
2026-06-01T22:58:50,38,37,380037,"ARX(2,2)",-165.34234585035875,360.6846917007175,411.24426212263245,True,0,0.0520150487259893,0.0422538341304997,0.9410180275420078,0.5279517470264363,0.0041704640639059,0.0282626795303923,0.858035402060682,0.0464186998592353,0.3893241300949802,0.579481367424548,0.1706871382246567,0.1691334946918579,0.1450457504487752,0.1375410218902907,0.4367057070255816,-165.34234585035497,360.6846917007099,411.2442621226248
2026-06-01T23:00:39,38,38,380038,"ARX(2,2)",-165.8156965512107,361.6313931024214,412.1909635243363,True,0,0.6327775964715942,0.0047457141998608,0.8197572438190228,0.2960245617484698,0.1861323338847706,2.230404304290951e-13,0.945888277374164,0.4522333358711429,0.1689198582576666,0.5820400008843843,0.1098778379531672,0.2035894862421075,0.404308940609023,0.1490140102212925,0.2032805979124355,-165.81569658358808,361.63139316717616,412.1909635890911
2026-06-01T23:04:05,38,39,380039,"ARX(2,2)",-165.67961417154504,361.3592283430901,411.918798765005,True,0,0.0784717750189617,0.0441780017784492,0.9331341988342275,0.5943597896276652,0.0137009468797307,0.0327433838582424,0.76372962812118,2.457591013765161e-06,0.2928536426105197,0.5917799845286372,0.1493371830271006,0.1403892227925775,0.3089696065001446,0.1469178961168533,0.3135418213682613,-165.67961416201248,361.35922832402497,411.9187987459399
2026-06-01T23:07:18,38,40,380040,"ARX(2,2)",-165.16300956647444,360.3260191329489,410.8855895548638,True,0,0.039995344553057,0.0392016272616044,0.951959944019356,0.6142258454412108,0.0058447298199354,0.0234673198971629,0.7352060595206724,1.0555292465521016e-05,0.3788198690120104,0.5332453597444767,0.1551890940623739,0.202020501570463,0.292393941196322,0.0843183401310402,0.3105163578066318,-165.16300956696188,360.32601913392375,410.8855895558387
2026-06-01T21:17:20,39,1,390001,"ARX(2,2)",-165.80071239775702,361.60142479551405,412.160995217429,True,0,0.4554472305510922,6.025007868188639e-06,0.853021522245924,0.2883497554799846,0.1402794203384627,1.0783516773838601e-07,1.0153993334239388,0.4078903690983635,0.181764018390917,0.5187819663924951,0.1032545989232128,0.2095929204237829,0.4972164736679808,0.1360132051100368,0.1315675310848503,-165.80071239782808,361.60142479565616,412.1609952175711
2026-06-01T21:19:21,39,2,390002,"ARX(2,2)",-165.80676187406362,361.61352374812725,412.1730941700422,True,0,0.5625717496275691,0.0006388167917509,0.8307701596681853,0.320555424508783,0.1702577926812568,2.212526792854841e-11,0.934711236146528,0.4229234391727914,0.1745239716918362,0.566980364457303,0.1052038825197817,0.2047589625723337,0.4776209809827514,0.1456348734372044,0.1409350001036535,-165.80676186281357,361.6135237256272,412.1730941475421
2026-06-01T21:24:08,39,3,390003,"ARX(2,2)",-165.73949675231796,361.4789935046359,412.03856392655086,True,0,0.5182289065112724,3.4424908293000506e-05,0.8370022833052648,0.2715304746202504,0.1678128852239477,1.845046502901728e-18,0.9409787052122128,0.5158883688174835,0.1773644842333047,0.5610923386825958,0.1040392705243509,0.2109766795110818,0.4748722433500859,0.1465468055841593,0.1358253240055053,-165.73949675229966,361.4789935045993,412.0385639265143
2026-06-01T21:29:30,39,4,390004,"ARX(2,2)",-166.05622463325628,362.11244926651256,412.6720196884275,True,0,0.4301272146454843,0.0154044800030269,0.8601833954912999,0.3434708137564301,0.1319607460931966,6.013512239954183e-26,0.9139496479630408,0.3707121434667002,0.1823339690266077,0.5649295950312702,0.1039179874148668,0.2150692120360287,0.3475903406889314,0.1572093213160983,0.2453425567389077,-166.05622478435168,362.11244956870337,412.6720199906183
2026-06-01T21:31:07,39,5,390005,"ARX(2,2)",-165.7403697251667,361.4807394503334,412.0403098722483,True,0,0.5590264742143607,0.0031083459452877,0.8296466356765563,0.2888542571843713,0.1738318452177059,8.323163086728445e-20,0.9560139314421816,0.460658989121395,0.1756527342711214,0.569183275705605,0.105877630563026,0.2057735266817335,0.4791463697577304,0.1432521330803792,0.1396774904250334,-165.74036972906083,361.48073945812166,412.0403098800366
2026-06-01T21:35:43,39,6,390006,"ARX(2,2)",-166.48703501515348,362.97407003030696,413.5336404522219,True,0,0.9872228963838212,0.045575578591488,0.0106872890266607,0.6667190189520376,0.0139663912595562,0.2982048261226849,0.6095281794751121,0.0086784992189887,0.3868160744418957,0.5293554958099973,0.1300999473133152,0.1986924581011064,0.0187206966243298,0.0814798114391504,0.6210902145703767,-166.48703501513967,362.97407003027934,413.5336404521943
2026-06-01T21:37:35,39,7,390007,"ARX(2,2)",-165.7447636568159,361.4895273136318,412.04909773554675,True,0,0.6379911341995549,4.40044087983026e-05,0.8144115106730612,0.2583315476725435,0.198534530869235,1.6693905443767043e-09,0.954490070478234,0.5287447179413625,0.1706397259505713,0.5887054411668247,0.1095966181160077,0.2056466265454879,0.4727156660558679,0.1484161270330084,0.134933800733521,-165.74476365817293,361.48952731634586,412.0490977382608
2026-06-01T21:42:06,39,8,390008,"ARX(2,2)",-165.69682657360244,361.3936531472049,411.9532235691198,True,0,0.0825731680533602,0.0440392523267454,0.9314375817584214,0.604293319773974,0.0168723212768982,0.0320944889278532,0.7417799987482969,0.0001409299001901,0.2838635668506204,0.5933748277824682,0.1404996094506206,0.1464408654160738,0.2900060413447085,0.1460527082229589,0.3359156771135879,-165.6968265760019,361.3936531520038,411.9532235739188
2026-06-01T21:43:53,39,9,390009,"ARX(2,2)",-166.47222814633074,362.94445629266147,413.5040267145764,True,0,2.1926307953496105,0.0485898637135182,2.0908378688577163e-08,0.5802559818321534,2.647850401250989e-17,0.4893046517382198,0.8035290939001914,4.8573432585895505e-09,0.2387590777705446,0.4368590802748552,0.0946838730087602,0.2204367304620883,0.5223245773032286,0.0448101834112094,0.186576608846093,-166.47222814646403,362.94445629292807,413.504026714843
2026-06-01T21:45:36,39,10,390010,"ARX(2,2)",-165.72182940998863,361.44365881997726,412.0032292418922,True,0,0.5830125181784157,0.000308099266959,0.8244396228241097,0.2653767674303641,0.1833759309861272,1.619735899804426e-06,0.9730464113078608,0.4955354374800081,0.1741393225073198,0.5713697978010003,0.1080145118866518,0.2062088277353758,0.4765634500018495,0.1439930620870018,0.1383640576973703,-165.72182940993684,361.4436588198737,412.00322924178863
2026-06-01T21:48:04,39,11,390011,"ARX(2,2)",-165.71991847463647,361.43983694927294,411.9994073711879,True,0,0.539973756857907,5.451998743883024e-05,0.8337496981102825,0.2726859804220214,0.1734653913967932,1.380082270705919e-09,0.9750620769656152,0.4794464704994644,0.1756948779037036,0.568325545008046,0.106677039943398,0.2080788706283265,0.4683312262286135,0.1430016031894796,0.1480258287881038,-165.7199184752953,361.4398369505906,411.9994073725055
2026-06-01T21:51:12,39,12,390012,"ARX(2,2)",-165.71958574789107,361.43917149578215,411.9987419176971,True,0,0.5430838098904317,1.3141427861907393e-05,0.8321809862831014,0.2730071979557418,0.1723124284771063,2.534796573399634e-09,0.9712145805445273,0.4827438378537473,0.1766909062170885,0.5609802865604792,0.1054076538190936,0.2065124300621915,0.4845392470147304,0.1424423228602106,0.1355066385384369,-165.71958574750374,361.4391714950075,411.9987419169224
2026-06-01T21:53:56,39,13,390013,"ARX(2,2)",-165.71886820093354,361.4377364018671,411.997306823782,True,0,0.5552847899315007,2.562059226721392e-05,0.8297388363576623,0.2650807292209809,0.1777231778335109,5.594645499029694e-13,0.9797622481725512,0.4900213459860373,0.1758453365725641,0.5706530726487535,0.1077445311257232,0.2066671487024688,0.4767635959951524,0.1426925035646328,0.140367179287206,-165.71886820045174,361.4377364009035,411.9973068228184
2026-06-01T21:57:42,39,14,390014,"ARX(2,2)",-165.7234031792584,361.4468063585168,412.00637678043176,True,0,0.5428443338063951,0.0002154857930132,0.8340636221797803,0.2673258112250465,0.170612935275678,7.78965791603158e-22,0.9823780259479796,0.4825209565467349,0.1757901821070264,0.5687314412034163,0.1073046004305749,0.2010819131878749,0.473161608500531,0.1416305611751938,0.1515351338108264,-165.7234031796113,361.4468063592226,412.00637678113753
2026-06-01T21:59:37,39,15,390015,"ARX(2,2)",-165.47177570965601,360.94355141931203,411.50312184122697,True,0,0.0716214866415585,0.049588731481155,0.9370499457640632,0.5719463526605162,2.546350239819854e-19,0.025344202439596,0.8116378038374733,1.132440550171712e-19,0.3375016372235889,0.5446117034498337,0.1530026403541816,0.1829498731923383,0.321891212563124,0.0753745600557418,0.3302196741114429,-165.47177570964084,360.9435514192817,411.5031218411966
2026-06-01T22:01:35,39,16,390016,"ARX(2,2)",-165.0875428279988,360.1750856559976,410.7346560779125,True,0,0.0145507586434349,0.0945630241850544,0.948702560122208,0.4152316813833943,0.0771440525699909,0.0086304577955693,0.6765982189973593,0.3631284405376698,0.3079922382197346,0.4595195513120468,0.0933424008463396,0.172782400019285,0.3378234178208466,0.1591273350013118,0.3026722407206893,-165.08754282807809,360.17508565615617,410.7346560780711
2026-06-01T22:04:10,39,17,390017,"ARX(2,2)",-165.74383103810135,361.4876620762027,412.04723249811764,True,0,0.6293396659153085,2.6632348901693336e-06,0.8167327409361517,0.2585798206410692,0.1943581731326332,3.059362451826308e-09,0.9855355491178024,0.4972986921538813,0.1715610988894957,0.5903458510750079,0.111177092401147,0.2033106695160292,0.4772946623587517,0.1444695813589208,0.1373726492068297,-165.74383103842632,361.48766207685264,412.0472324987676
2026-06-01T22:05:39,39,18,390018,"ARX(2,2)",-165.7202181620412,361.4404363240824,412.0000067459973,True,0,0.5308201955572913,2.8937190912398115e-05,0.8350835701870448,0.271360617996073,0.1688559077268281,7.319225475449513e-10,0.979873923680704,0.4773457097421605,0.1771285683452207,0.5596804671089056,0.1059105737144062,0.2070271980640998,0.4825212775337631,0.141082929301142,0.138240464786685,-165.72021816253945,361.4404363250789,412.00000674699385
2026-06-01T22:08:29,39,19,390019,"ARX(2,2)",-166.22313619006502,362.44627238013004,413.005842802045,True,0,1.2247598973987703,0.0004069208147489,0.7479147281716828,0.2572982074125103,0.2631214342854871,2.574778855571149e-16,0.9570261742563004,0.5273286754348335,0.1456549143312214,0.6021402931347998,0.1204056963207442,0.1877578247241784,0.491234945391788,0.153096906525051,0.1161772432193476,-166.22313618909732,362.4462723781946,413.0058428001096
2026-06-01T22:10:32,39,20,390020,"ARX(2,2)",-165.7976424641106,361.5952849282212,412.15485535013613,True,0,0.5284722500954054,4.8249182078693165e-05,0.8326166785351751,0.2949799322759629,0.1656562628225577,6.388584641179565e-07,0.9917887743378498,0.4181662429520598,0.1801822133262108,0.5200575389958461,0.1011535152290727,0.2055289406907061,0.5540371775160126,0.1287787741244177,0.0886095616222584,-165.79764247934258,361.5952849586852,412.1548553806001
2026-06-01T22:12:31,39,21,390021,"ARX(2,2)",-165.4846055077819,360.9692110155638,411.52878143747876,True,0,0.044105092945946,0.039900641515338,0.951095688616542,0.508647545635303,0.0093879086592334,0.0312014142412502,0.8805072500534289,0.0681848528269174,0.316901183305296,0.5664416625589733,0.167681359466023,0.1042285651204155,0.3084662893636786,0.1375788701437266,0.3476267705848486,-165.4846055076925,360.969211015385,411.5287814372999
2026-06-01T22:15:00,39,22,390022,"ARX(2,2)",-166.2969622664599,362.5939245329198,413.15349495483474,True,0,0.3876801139365267,0.0318598712695864,0.8652659232974763,0.4144694639786842,0.1165498156898341,2.569835149968991e-19,0.9950568900701354,0.1240531102030112,0.1943957294361722,0.624529533724341,0.0835712674860424,0.2256252534261681,0.5839546023040717,0.0939675246826947,0.0917173890299465,-166.29696226672257,362.5939245334452,413.1534949553601
2026-06-01T22:16:38,39,23,390023,"ARX(2,2)",-165.8420610506131,361.6841221012262,412.24369252314114,True,0,0.7320608903383734,0.0001410274303584,0.796224311064332,0.2576442405037612,0.2218983466236304,2.1522750780412383e-15,0.926369697769616,0.5580159359747668,0.1672417710803082,0.5811493429779491,0.1089523212472557,0.2053018078315619,0.538980429713031,0.1493100504425351,0.0690462636510511,-165.84206105594566,361.6841221118913,412.2436925338063
2026-06-01T22:18:43,39,24,390024,"ARX(2,2)",-165.7188145356132,361.4376290712264,411.99719949314135,True,0,0.5377788849202767,3.9624173450841775e-05,0.8338265034900105,0.2713065092251063,0.170654227550464,2.938232165855634e-06,0.9774103357915328,0.4798943420716173,0.1765135507942701,0.5624841112798679,0.106557775440854,0.20773003839759,0.4705484876199675,0.1426333068546766,0.1463940802785146,-165.71881453576796,361.4376290715359,411.99719949345086
2026-06-01T22:23:01,39,25,390025,"ARX(2,2)",-165.75916953579969,361.51833907159937,412.0779094935143,True,0,0.5438627298814093,1.1424262277150367e-05,0.8313180128165694,0.2698527645041496,0.1748247518461905,1.389013416881257e-21,0.9526052754608668,0.5076665638967546,0.1754421560931099,0.5293041614056421,0.1047982671640336,0.2150741068780295,0.4561027595733117,0.1391960796317088,0.1565855175487705,-165.75916953988724,361.5183390797745,412.0779095016894
2026-06-01T22:25:03,39,26,390026,"ARX(2,2)",-165.82303159753076,361.6460631950615,412.20563361697646,True,0,0.5818954341844216,8.434488722790938e-06,0.8256461150321748,0.3001791284125318,0.169777289777108,2.119211693386854e-20,1.0072527029999625,0.3923738388149587,0.1756387005904386,0.5215937344892505,0.1081804467063754,0.2035710582879501,0.5068004542903596,0.1401254530302579,0.1176846333500455,-165.82303159721712,361.6460631944343,412.2056336163492
2026-06-01T22:26:46,39,27,390027,"ARX(2,2)",-165.72676513821978,361.45353027643955,412.0131006983545,True,0,0.5666016443725402,0.0006364031646195,0.8280185694255627,0.2627692513356251,0.1776999848830964,9.293643937484217e-08,0.9936229660820984,0.4794799075796086,0.1753023374846986,0.5605643562075677,0.1087015563115343,0.2054779130103161,0.4658186414561526,0.1464351234558099,0.1473912351712271,-165.7267650665251,361.4535301330502,412.0131005549652
2026-06-01T22:30:05,39,28,390028,"ARX(2,2)",-165.84145980672082,361.68291961344164,412.2424900353566,True,0,0.1329037049320465,0.0625170218178153,0.9052777918184676,0.3114347018601176,0.1145240936347164,1.7465095089931005e-19,0.835794761059003,0.4664562987589343,0.2298786593371989,0.5300243209608129,0.0692037980652702,0.2021913687479098,0.3073694573051874,0.1642218146097391,0.3248136114948822,-165.8414598068474,361.6829196136948,412.24249003560976
2026-06-01T22:32:50,39,29,390029,"ARX(2,2)",-165.71897613288309,361.43795226576617,411.9975226876811,True,0,0.5640497832491403,2.7624909947706986e-05,0.8286932794780364,0.2700080249182005,0.1782534207885567,9.612574808667345e-13,0.9660866968998152,0.4938381356769665,0.1746846218682197,0.567209110032422,0.1072755335134195,0.2062440082352078,0.4709491607660244,0.1444225570936446,0.1443544576207178,-165.71897613299646,361.4379522659929,411.9975226879079
2026-06-01T22:35:58,39,30,390030,"ARX(2,2)",-165.44263948456538,360.88527896913075,411.4448493910457,True,0,0.0460797392152721,0.0428704999642535,0.9535516579766148,0.5787921571736583,0.0100686880664931,0.029633529115217,0.7973799325530795,1.0504133181869171e-18,0.2976573723560478,0.6173780435808465,0.1660655127641871,0.1130724878628973,0.3438697496463938,0.1334528797249953,0.3088957654038257,-165.44263947558352,360.88527895116704,411.444849373082
2026-06-01T22:38:33,39,31,390031,"ARX(2,2)",-165.82346134578881,361.64692269157763,412.20649311349257,True,0,0.6672295095666798,0.0040384545980798,0.8113206614182497,0.2285617397220098,0.2085559696116681,0.0,0.9668089751428056,0.5610543690404499,0.1677063048986388,0.5965048519764772,0.1143413895959105,0.210749292011767,0.4497969538789937,0.1476381936191691,0.1488365548800945,-165.8234613457725,361.646922691545,412.20649311346
2026-06-01T22:41:50,39,32,390032,"ARX(2,2)",-165.8460604286459,361.6921208572918,412.25169127920674,True,0,0.7833132582085743,2.3161651129115517e-05,0.7888107381533245,0.2388292884793639,0.2362388864822712,6.22010378081181e-14,0.940424647383426,0.5818580487909389,0.163922120231002,0.6021115493183513,0.1134374489583019,0.2054805629349851,0.4789691595339053,0.150171399985752,0.1204944599409059,-165.84606042948974,361.6921208589795,412.2516912808944
2026-06-01T22:43:33,39,33,390033,"ARX(2,2)",-165.732291566897,361.464583133794,412.02415355570895,True,0,0.5381377536673666,0.0041266714493741,0.8343979656735238,0.2741891475953804,0.1702691560246078,2.307718179882447e-12,0.968436752087643,0.474859571507597,0.175655558533929,0.5651266633597051,0.1066794030511577,0.2088085319921472,0.4567830949436696,0.1424600733530255,0.1576212084886112,-165.7322914626573,361.4645829253146,412.0241533472295
2026-06-01T22:47:14,39,34,390034,"ARX(2,2)",-165.72024456530983,361.44048913061965,412.0000595525346,True,0,0.5398640606854195,0.0004775876043479,0.8339329728015458,0.2692005918488971,0.1728404160425238,4.584718937195689e-06,0.9756068933060456,0.4849762447228107,0.1756598539551354,0.5647065069192715,0.1063597135883317,0.2088372091085936,0.4674361557311685,0.1429677545384587,0.1481383204915585,-165.720244554602,361.440489109204,412.00005953111895
2026-06-01T22:49:29,39,35,390035,"ARX(2,2)",-165.86324218624534,361.7264843724907,412.28605479440563,True,0,0.1376029316214222,0.0617671595804395,0.9046531963635304,0.30011634974121,0.1139772055931026,0.0,0.8635146230933466,0.4655280157530762,0.2290539045039206,0.5139218501507098,0.0745643516842638,0.2021066999762317,0.3419192912722624,0.1590289143136764,0.2927690721632539,-165.86324218733375,361.7264843746675,412.2860547965825
2026-06-01T22:53:28,39,36,390036,"ARX(2,2)",-165.77933763950566,361.5586752790113,412.11824570092625,True,0,0.4871663353351816,0.0004127761122358,0.8443067162467871,0.2967350428375187,0.1518012693119707,2.1841698871246538e-17,0.9617055516166856,0.4440813351796949,0.180411178126584,0.5270807714980091,0.1014714783185516,0.2059077676421245,0.5228655825701317,0.1380517575995881,0.1077182065841627,-165.77933763958515,361.5586752791703,412.1182457010853
2026-06-01T22:55:54,39,37,390037,"ARX(2,2)",-165.72070862988556,361.44141725977113,412.00098768168607,True,0,0.5320561819228354,4.1254347789249286e-05,0.8354686557115107,0.2745755730965002,0.1684418311593291,1.4838140677241612e-05,0.9725363894797364,0.478228304104943,0.1764833690237551,0.559808574501367,0.1060139777768289,0.2075699976273463,0.4744304405599491,0.141939274791653,0.144415583980675,-165.72070862977273,361.4414172595455,412.0009876814604
2026-06-01T22:58:53,39,38,390038,"ARX(2,2)",-165.73427015126055,361.4685403025211,412.02811072443603,True,0,0.6057136376042793,9.032271421352104e-05,0.8180933148751468,0.2615578973002129,0.1907899929575464,4.0688685607867975e-06,0.9535535356686778,0.5231364930305152,0.1743194476936149,0.5688827893095596,0.1086313365910283,0.2088254690292043,0.4697024244373612,0.1467556573667443,0.1377973919778341,-165.73427015526823,361.46854031053647,412.0281107324514
2026-06-01T23:01:42,39,39,390039,"ARX(2,2)",-165.47195455761312,360.94390911522623,411.5034795371412,True,0,0.0400482090117728,0.0363581248828893,0.9534523946964432,0.5253021612678829,0.0081262042078282,0.0310621054568532,0.8536591010040251,0.0625069492279585,0.3279762540451554,0.5991571109684327,0.1749290730546901,0.0946687754855114,0.331809421835316,0.1471440029552044,0.3161612336416123,-165.47195455662512,360.94390911325024,411.5034795351652
2026-06-01T23:06:35,39,40,390040,"ARX(2,2)",-165.72592942812093,361.45185885624187,412.0114292781568,True,0,0.5746962659519712,3.442764767608587e-05,0.8251582390990524,0.2659683783916576,0.1846680849051479,4.971158602585227e-12,0.9725442991601968,0.4954430095896637,0.1750363168995793,0.583816041204804,0.1061281332817569,0.2040541996771782,0.485183519061467,0.1454511146083956,0.132884203706134,-165.72592942807665,361.4518588561533,412.01142927806825
2026-06-01T21:14:05,40,1,400001,"ARX(2,2)",-165.71929902310436,361.4385980462087,411.99816846812365,True,0,0.5357745117073175,9.77615140278342e-05,0.8342520233114346,0.2704281054955625,0.170534467846169,5.160133368450087e-17,0.9736448982224748,0.4852979116285008,0.1764235670924971,0.5652627423428191,0.1061889380775086,0.20719418144392,0.4731450366499634,0.1438818404055558,0.1431237033552324,-165.7192990232699,361.4385980465398,411.9981684684548
2026-06-01T21:17:18,40,2,400002,"ARX(2,2)",-165.8407379611192,361.6814759222384,412.24104634415335,True,0,0.1330367333489265,0.0621523554850203,0.9051931170471308,0.312653634161747,0.1146016667727292,1.1269194350422777e-15,0.8322013080244928,0.4682380159131167,0.2297192576412153,0.5251674240648898,0.0696479198859683,0.202582838463306,0.3089646567664096,0.1645734429066309,0.3218606105830719,-165.84073796108714,361.6814759221743,412.2410463440892
2026-06-01T21:19:03,40,3,400003,"ARX(2,2)",-165.81270040228839,361.62540080457677,412.1849712264917,True,0,0.674294920280145,0.0077792338461832,0.8075749697853265,0.2773976993134083,0.2092597374418083,2.6657245745926557e-15,0.9117919462145276,0.5158792741689212,0.1688725251536508,0.6072333568872408,0.1060759806470384,0.2053928374314198,0.477023846817313,0.1452346847317211,0.1378639808237962,-165.81270039919988,361.62540079839977,412.1849712203147
2026-06-01T21:22:35,40,4,400004,"ARX(2,2)",-165.94746378861595,361.8949275772319,412.45449799914684,True,0,0.1304821249407979,0.0503488842831729,0.913372573460768,0.2936575383816765,0.1138445823111226,0.0,0.8449658130174468,0.5008633451632428,0.2110707549401015,0.5464415810367589,0.0619934771304077,0.2201109581072587,0.2647006298630606,0.1692597863735485,0.3567038466282164,-165.9474637895716,361.8949275791432,412.4544980010581
2026-06-01T21:25:26,40,5,400005,"ARX(2,2)",-165.72185671638596,361.4437134327719,412.00328385468686,True,0,0.5423429263489843,1.9871419889628943e-05,0.8320645281253723,0.2751177006747241,0.1740950688318019,3.6445496590829526e-11,0.9639644407314202,0.485758485100372,0.1765922050982344,0.5708253771336443,0.1058430901809869,0.2080331953657457,0.4874704881328665,0.1422003184944006,0.1302995955450419,-165.7218567134156,361.4437134268312,412.00328384874615
2026-06-01T21:27:47,40,6,400006,"ARX(2,2)",-165.8686708881318,361.7373417762636,412.2969121981785,True,0,0.1206687455356632,0.0534174270785104,0.908715479158092,0.3235872200144702,0.1113603347785792,0.0003196802650447,0.8325427495235106,0.4593440947700111,0.23389678941195,0.5092795456649943,0.0641655201297941,0.1994003102659973,0.3126337253687671,0.1632781144927865,0.3309237718296237,-165.8686708451699,361.7373416903398,412.29691211225474
2026-06-01T21:29:34,40,7,400007,"ARX(2,2)",-165.67713639080358,361.35427278160716,411.9138432035221,True,0,0.0765490370252222,0.0442967232597865,0.9342420273860224,0.5900658614499289,0.0135016765778023,0.0324537854723066,0.772754059717988,8.863624672821682e-19,0.2932246179027266,0.5953050077018327,0.1490123968985224,0.1359986229328945,0.318527394532211,0.1444977393688692,0.311602147675155,-165.67713639110644,361.3542727822129,411.91384320412783
2026-06-01T21:32:05,40,8,400008,"ARX(2,2)",-165.7351388580248,361.4702777160496,412.02984813796456,True,0,0.501169055761002,0.0008924276087839,0.8412985799344731,0.2774506850124815,0.1621614071083431,1.122709959115973e-15,0.980686474489146,0.4625825695068604,0.1789607299670643,0.5660934680310278,0.1061920598635256,0.2081555745471905,0.4929720273466969,0.139996235446741,0.1287564784783499,-165.73513885101852,361.470277702037,412.029848123952
2026-06-01T21:36:06,40,9,400009,"ARX(2,2)",-165.86794080362705,361.7358816072541,412.29545202916904,True,0,0.2560153351645621,0.0344333397732968,0.8771980005170524,0.2657852973251631,0.1586188146809894,4.624233059523253e-16,0.8600197419738954,0.5560449727449772,0.1930318419394491,0.5552395801138614,0.0835706146894101,0.2054256566041681,0.3668200669193671,0.1518214794674273,0.2662465991288207,-165.86794080329645,361.7358816065929,412.29545202850784
2026-06-01T21:38:16,40,10,400010,"ARX(2,2)",-165.7202364134193,361.4404728268386,412.0000432487535,True,0,0.536924837262185,2.5255374372449743e-05,0.833918643637142,0.2739654250218289,0.1711565766670024,4.500014993443573e-11,0.9689404748955184,0.4830762258509185,0.1764278837917735,0.5600414764373919,0.1069326172184826,0.2086647265300738,0.4653369254409571,0.1425803163495767,0.149882060465329,-165.72023641345066,361.4404728269013,412.0000432488162
2026-06-01T21:43:01,40,11,400011,"ARX(2,2)",-165.72196291872362,361.44392583744724,412.0034962593622,True,0,0.5258911298527347,1.1152821431351212e-05,0.8363932641422481,0.2694624937975839,0.1675487623541859,1.4583479535171192e-08,0.9828005702715826,0.4782514246992094,0.1769479985821697,0.5589926247550151,0.1053038099913391,0.2081481791064716,0.4625227527006835,0.1425422004129735,0.1553766926063879,-165.72196291841823,361.44392583683646,412.0034962587514
2026-06-01T21:47:14,40,12,400012,"ARX(2,2)",-165.7485274102042,361.4970548204084,412.0566252423233,True,0,0.5362468675758688,0.0017329305283194,0.8333568079366864,0.2663880701391152,0.1780520957329032,5.7437083475850864e-09,0.93843039380329,0.5248550382562236,0.1749806426806787,0.574829071955064,0.1061031910096083,0.2191854246666394,0.45781817193191,0.1495691711472045,0.1371950262752611,-165.748525946685,361.49705189337,412.0566223152849
2026-06-01T21:50:47,40,13,400013,"ARX(2,2)",-165.7330394982381,361.4660789964762,412.02564941839114,True,0,0.5859088334838884,2.70163862446796e-05,0.8226477819759013,0.2656226347515755,0.1890772844070876,3.0869385121390146e-06,0.9593438168844324,0.5093497874116023,0.174580031457148,0.5881632009625756,0.1079122394675982,0.2084146582111813,0.4906335265812788,0.1462158050199036,0.1201129810832484,-165.73303948300594,361.4660789660119,412.0256493879268
2026-06-01T21:53:19,40,14,400014,"ARX(2,2)",-165.71951379927077,361.43902759854154,411.9985980204565,True,0,0.544610925434279,0.0004179635106803,0.8323167215363638,0.2671020481352645,0.1736037346686875,0.0,0.9797720448385971,0.4851433205945216,0.176209412123946,0.567498196378825,0.1073819476122395,0.2067126568827349,0.4722117504736775,0.1442286435451921,0.1434675176100649,-165.719513798118,361.439027596236,411.9985980181509
2026-06-01T21:55:25,40,15,400015,"ARX(2,2)",-165.7215861509972,361.4431723019944,412.00274272390936,True,0,0.5281606809281711,7.579381790531197e-05,0.8359222413517602,0.2731362615558275,0.1676347612577052,3.5248081403150527e-16,0.9800697000168832,0.4735015044852201,0.1771527555587988,0.5575879022771951,0.1066337293378847,0.2086392690443239,0.4818312152660592,0.1415967861310207,0.1358629713067969,-165.7215861513301,361.4431723026602,412.0027427245751
2026-06-01T21:57:51,40,16,400016,"ARX(2,2)",-165.76551613110385,361.5310322622077,412.09060268412264,True,0,0.5287875568405347,0.0018388231053617,0.8376726174476423,0.3014920881701753,0.1623638250819857,1.3410509789704233e-12,0.9642234153665712,0.4291457180870893,0.176194281887352,0.5568170471431243,0.106678402502784,0.2089334242157414,0.4449358106675773,0.1459654051352464,0.1670004417958474,-165.7655161284981,361.5310322569962,412.0906026789111
2026-06-01T22:01:42,40,17,400017,"ARX(2,2)",-165.72239241296407,361.44478482592814,412.0043552478431,True,0,0.5419772126353775,0.0008961076929505,0.8331617074185361,0.2742876637359336,0.1727732564564119,8.002023306805319e-07,0.9714478887866694,0.4780882443926476,0.1761186660811028,0.569504401767617,0.1058788680345129,0.2086163655734755,0.4644443659441476,0.1438374553534355,0.1517550375216848,-165.72239241025545,361.4447848205109,412.00435524242585
2026-06-01T22:04:09,40,18,400018,"ARX(2,2)",-165.80420492007048,361.60840984014095,412.1679802620559,True,0,0.5807102406688784,0.0116210406871923,0.8246788084894439,0.300864252519594,0.1809793331392061,8.757446744008823e-17,0.9122980107243884,0.4624051057519908,0.1746725321432796,0.5908450621475471,0.103363625717513,0.2075377425297198,0.4961893997452248,0.1456101460382616,0.1200548067081861,-165.80420491648766,361.6084098329753,412.1679802548903
2026-06-01T22:06:58,40,19,400019,"ARX(2,2)",-165.72110597100607,361.44221194201214,412.0017823639271,True,0,0.5664462416910439,0.0009026230121835,0.8281421240556854,0.2691329178159549,0.1780773658643615,1.421294023198659e-12,0.9742010967807558,0.4856872779120028,0.175138275533134,0.5693752423887057,0.1079819273379515,0.20639434820196,0.469429611591557,0.1443047972406971,0.1456001103600143,-165.72110597090534,361.4422119418107,412.0017823637256
2026-06-01T22:09:12,40,20,400020,"ARX(2,2)",-165.72162233534735,361.4432446706947,412.00281509260964,True,0,0.5350411328767126,2.034879618772343e-05,0.8336352813885404,0.2768061003915711,0.1704627494621487,1.703917113773122e-18,0.9736792722059766,0.4726666397027241,0.1770164431687005,0.5637806363986396,0.1039689220299319,0.2072186373693843,0.48709323964118,0.1421482988409047,0.1338544617615613,-165.72162233561485,361.4432446712297,412.0028150931447
2026-06-01T22:12:01,40,21,400021,"ARX(2,2)",-165.79240140158754,361.5848028031751,412.14437322509,True,0,0.6968585001748563,0.0002421031760747,0.8044162821259446,0.2499677523283923,0.2173591860793489,2.0446968259989252e-09,0.9317719308405288,0.5677049415553909,0.1667927855152693,0.6038266877136789,0.1126136913823097,0.2076357917039831,0.4509323638143725,0.15088149342884,0.1467728860634797,-165.792401395546,361.584802791092,412.1443732130069
2026-06-01T22:14:23,40,22,400022,"ARX(2,2)",-165.72002476351827,361.44004952703654,411.9996199489515,True,0,0.5556422252833303,0.000575048836383,0.830092599105683,0.2699620253783241,0.1759180055683905,5.1487710560775295e-08,0.9673942182725928,0.4914710031099897,0.1755433476381573,0.5642134760195772,0.1080901522358487,0.2080008435989087,0.4673151315355715,0.1443305477666852,0.145193845578897,-165.7200247638929,361.4400495277858,411.99961994970073
2026-06-01T22:21:13,40,23,400023,"ARX(2,2)",-165.49473572990698,360.98947145981396,411.5490418817289,True,0,0.041174615882961,0.0354103308279358,0.952788803740167,0.510414395588072,0.0088026917516233,0.0308267437552074,0.8616974771432853,0.0875050450289137,0.3237461437618514,0.5593486177967688,0.1725255572977216,0.1051078743882355,0.3320270478644575,0.1404185799756696,0.3184368857720625,-165.4947357294023,360.9894714588046,411.5490418807195
2026-06-01T22:24:20,40,24,400024,"ARX(2,2)",-165.75170836552255,361.5034167310451,412.06298715296003,True,0,0.6487525615082048,1.115532964268067e-05,0.8146163436247159,0.2547593139316083,0.1955352621284804,1.7633463172118553e-11,0.9592447921102066,0.5312106063708294,0.1692366921547894,0.5860240180857802,0.1112583372205319,0.2058374524083535,0.4427249666516338,0.1511213858869547,0.1594228115956745,-165.75170836551075,361.5034167310215,412.0629871529365
2026-06-01T22:28:29,40,25,400025,"ARX(2,2)",-165.7390785978938,361.4781571957876,412.03772761770256,True,0,0.6310887292950514,0.0001286161314449,0.8163102971882692,0.2633913481511482,0.193042867208701,4.939280962389821e-11,0.9811303380951844,0.4918061306467927,0.1712324387959551,0.5663809831964974,0.1103060164596813,0.2053249969055478,0.4809073433321616,0.1429541126838915,0.1336880425290785,-165.73907859712273,361.4781571942455,412.0377276161604
2026-06-01T22:30:27,40,26,400026,"ARX(2,2)",-165.72033003643747,361.44066007287495,412.0002304947899,True,0,0.5647617995403192,0.0001792659882393,0.8284166680546003,0.2744483716865776,0.1768868736430482,4.419386786957173e-06,0.9693789434295796,0.481349165791272,0.1749701630075409,0.5646037243350648,0.1075597919156669,0.2079405720269399,0.4711545119336532,0.1443399423762089,0.1421993821473904,-165.72033001411182,361.4406600282237,412.0002304501386
2026-06-01T22:34:33,40,27,400027,"ARX(2,2)",-165.72368123198976,361.4473624639795,412.00693288589446,True,0,0.5502365536491042,3.989221551988581e-05,0.8303814442124462,0.2733138488969138,0.1742838222317221,7.497859162736359e-09,0.9730684595870508,0.4802220814339346,0.1765045511270284,0.5651372493677057,0.1050169885069808,0.2043524443640708,0.504643683728694,0.1406322468038213,0.1202486040809026,-165.7236812328477,361.4473624656954,412.00693288761033
2026-06-01T22:36:53,40,28,400028,"ARX(2,2)",-165.72163478476202,361.44326956952403,412.002839991439,True,0,0.5432775296781223,1.3649667918093564e-05,0.8322001874015805,0.2698417745762502,0.1720950055322867,4.697699772038475e-09,0.9870893419572192,0.4731988390689616,0.1769305857747364,0.5686318975059238,0.1065582948843725,0.2059395820931704,0.4936100828592074,0.1401851573397854,0.1287784447542912,-165.72163478573083,361.44326957146166,412.0028399933766
2026-06-01T22:38:45,40,29,400029,"ARX(2,2)",-165.74696702554112,361.49393405108225,412.0535044729972,True,0,0.6285389718349209,2.691606328634407e-05,0.8162921267046239,0.2744868797838534,0.1918710368111535,0.0,0.971425143033944,0.4795433105189258,0.172003463032585,0.5725511519628306,0.1076876243990497,0.2025633128583975,0.5115184102284452,0.1434789228913484,0.1094759887835453,-165.74696702481572,361.4939340496314,412.0535044715464
2026-06-01T22:41:20,40,30,400030,"ARX(2,2)",-165.71897184311325,361.4379436862265,411.99751410814144,True,0,0.5354196446053929,3.38307211823257e-05,0.8343689360054342,0.2714483000825414,0.1701574467652001,1.7702913511659206e-16,0.9769332624521904,0.4800994991820888,0.1765867194772321,0.5641998529376184,0.1066442148319419,0.2076699296464385,0.4718663911187748,0.1430828379542678,0.1445623112052282,-165.7189718428882,361.4379436857764,411.99751410769136
2026-06-01T22:43:02,40,31,400031,"ARX(2,2)",-165.7241348931764,361.4482697863528,412.00784020826774,True,0,0.5754342484010688,1.957898735897427e-05,0.8256546677296874,0.2599842155387323,0.1824031435038208,7.204936402440637e-18,0.9917629001594004,0.4882265049079582,0.1748275631328475,0.5686227027925449,0.1079228807162032,0.2050973134996113,0.4858438137187666,0.1413953246586353,0.1344079006092392,-165.72413487691614,361.4482697538323,412.0078401757472
2026-06-01T22:45:17,40,32,400032,"ARX(2,2)",-165.48656054592698,360.97312109185395,411.5326915137689,True,0,0.0411185521595468,0.0388790210761192,0.9526710007506838,0.4962750284627252,0.0088747523354317,0.031068209440154,0.9004436252876503,0.0744795429478473,0.3235337882729362,0.5733858201377758,0.1692695510601999,0.0977024574009477,0.3266771940078812,0.1359826658750329,0.3398333997254359,-165.4865605365928,360.9731210731856,411.53269149510055
2026-06-01T22:47:16,40,33,400033,"ARX(2,2)",-165.84076849604736,361.6815369920947,412.24110741400966,True,0,0.1333543263573902,0.0622672247201574,0.9051092517064389,0.3123952020756231,0.1146755853384472,6.324396212786838e-16,0.8337242980509422,0.4670583893306207,0.229632774663505,0.5256328948586549,0.069868670943449,0.2024063704541317,0.3095031829946623,0.1643730463110102,0.3214848755792066,-165.84076849531476,361.6815369906295,412.24110741254447
2026-06-01T22:50:30,40,34,400034,"ARX(2,2)",-166.89201886749333,363.78403773498667,414.3436081569016,True,0,0.023546684208318,0.119631268451705,0.9438906308563308,0.4249926577578944,0.0739294101549367,0.0119966522146202,0.7746406934047536,0.2747688082622885,0.3055171370055731,0.4526381698358012,0.0889515580240609,0.1429893417659335,0.3295299341475083,0.1561142952764383,0.345295601531157,-166.89201886752238,363.7840377350448,414.3436081569597
2026-06-01T22:53:55,40,35,400035,"ARX(2,2)",-165.7254827662283,361.4509655324566,412.01053595437156,True,0,0.5563557743478228,0.0025523508505594,0.8294535524067442,0.267813931564104,0.1763584151676146,1.158864927681013e-13,0.967669320606138,0.4914751778215781,0.1757921449072406,0.5713654859691457,0.1065948350802381,0.2077209517481656,0.4789242889635521,0.1426213001183243,0.1373644549449658,-165.72548276219112,361.45096552438224,412.0105359462972
2026-06-01T22:57:02,40,36,400036,"ARX(2,2)",-165.67734668046313,361.35469336092626,411.9142637828412,True,0,0.0761897157512212,0.0440432222644069,0.9343968160254772,0.591345927092831,0.0134667009091146,0.0324347314649084,0.7703700455613262,1.7001978398816174e-05,0.2937917872521408,0.5956695837241317,0.1493023378358957,0.1363213109652834,0.3179575410338525,0.1446300187097882,0.3114885227381331,-165.67734681609994,361.3546936321999,411.9142640541148
2026-06-01T22:59:50,40,37,400037,"ARX(2,2)",-165.74374873671007,361.48749747342015,412.0470678953351,True,0,0.5484623013048,0.0031486592381188,0.8337788622531027,0.2870235704284099,0.1675966513227664,7.596893034489483e-14,0.9553870572646604,0.4641178422232498,0.1751266846446353,0.5598671809860911,0.1074840421350244,0.2124922403336725,0.4721852585954889,0.1463951758805781,0.1347914970880026,-165.74374874063494,361.4874974812699,412.0470679031848
2026-06-01T23:04:49,40,38,400038,"ARX(2,2)",-165.8832017232138,361.7664034464276,412.32597386834254,True,0,0.1482482475334163,0.0624152584984513,0.8997002766416511,0.3147500595535398,0.1159985726864469,6.757746952877023e-05,0.8538312321572051,0.4436204472871912,0.2296370004619914,0.5062466110839859,0.0726811376170038,0.2065772666294462,0.3414027053312056,0.162709018976118,0.284975807911453,-165.88320172222325,361.7664034444465,412.32597386636144
2026-06-01T23:06:54,40,39,400039,"ARX(2,2)",-165.72255137280757,361.44510274561515,412.0046731675301,True,0,0.5272075861325564,5.55744032385297e-05,0.8365291265672765,0.2716348681057288,0.1660473013169745,1.0779115478695844e-11,0.975944268867484,0.4806723168105689,0.1766922383773074,0.5554977325586307,0.1062773137755314,0.2076348975789998,0.4637122497054186,0.1436190706280864,0.1521735849036506,-165.72255137265887,361.44510274531774,412.0046731672327
2026-06-01T23:10:13,40,40,400040,"ARX(2,2)",-165.90726889893543,361.81453779787086,412.3741082197858,True,0,0.8632795530236794,1.624634080488064e-05,0.7819214275529873,0.2517387662442336,0.2425628114137513,1.3761388115475445e-15,0.9329509476911954,0.5635291802879746,0.1587029522046796,0.6168464965242241,0.1186641310042591,0.1991432993012004,0.4329644782784956,0.1559515891672031,0.1593611556012136,-165.90726889879377,361.8145377975875,412.3741082195024
2026-06-01T21:33:46,41,1,410001,"ARX(2,2)",-165.71850784015632,361.43701568031264,411.9965861022276,True,0,0.5507649572481585,0.0001084273041926,0.8314292539779554,0.2686595456027822,0.1740511737775381,1.552424177801716e-11,0.9717047838630464,0.4907480596503039,0.1754355475348107,0.5672975918099581,0.1068621553927489,0.2077766074046898,0.4646233998877377,0.1439012762954648,0.149874963025297,-165.71850189354487,361.43700378708974,411.9965742090047
2026-06-01T21:37:29,41,2,410002,"ARX(2,2)",-165.7212243059929,361.4424486119858,412.00201903390075,True,0,0.5464073739500824,0.0008750663846086,0.8325123027263567,0.2697722775642678,0.1726397169432568,2.1889601685755145e-12,0.9785302601837385,0.4800841428746375,0.1756612799127078,0.5614834285407768,0.1076155065546431,0.208473401119612,0.4638532566957738,0.1430467646409334,0.1503811517323516,-165.7212243079037,361.4424486158074,412.00201903772233
2026-06-01T21:40:35,41,3,410003,"ARX(2,2)",-167.3581875560701,364.7163751121402,415.27594553405515,True,0,2.946399086231263,0.0097234139823924,0.6474388763325876,0.1622063415133698,0.4256330361336768,0.0,0.7526129768355804,0.8805316723375776,0.1122212652666273,0.8040795666042511,0.1409187284845583,0.2076987370346691,0.3764233067816387,0.1592470092164527,0.1677256970889964,-167.358187556117,364.716375112234,415.27594553414895
2026-06-01T21:44:11,41,4,410004,"ARX(2,2)",-165.71900449167128,361.43800898334257,411.9975794052575,True,0,0.5525045662422049,0.0003101958151509,0.8305233727583496,0.2714264891469624,0.1753814524623293,2.2826445847152138e-17,0.9700828776410227,0.4864020374070603,0.1758177944894306,0.5697879599952806,0.1068797529504078,0.207683497925625,0.473304370953676,0.1436401647383059,0.1418638071838924,-165.71900447740103,361.43800895480206,411.997579376717
2026-06-01T21:46:40,41,5,410005,"ARX(2,2)",-165.75292918226347,361.50585836452694,412.0654287864419,True,0,0.6573403083077812,3.157006377070765e-05,0.8119950264457843,0.2553318318215782,0.2013743797137374,2.2176204171793073e-08,0.9540254897758376,0.5352385339803325,0.1689233594169807,0.5849248711285336,0.1101003078558007,0.2038467025204607,0.4652783780265243,0.1489149691405578,0.1424564537726664,-165.75292921195194,361.5058584239039,412.0654288458188
2026-06-01T21:48:43,41,6,410006,"ARX(2,2)",-165.72100573811207,361.44201147622414,412.0015818981391,True,0,0.5774728051866205,2.281185138259115e-05,0.8259934381824816,0.2643540272184079,0.1821066300920552,0.0,0.9706655862287428,0.5005767768981257,0.1741434614806321,0.5740339301280544,0.107880283496712,0.206137515591453,0.4750834625823773,0.1435624698999814,0.1410731782818611,-165.72100573855255,361.4420114771051,412.00158189902
2026-06-01T21:52:53,41,7,410007,"ARX(2,2)",-165.91743088504126,361.8348617700825,412.39443219199745,True,0,0.1172312093603454,0.0521744409765732,0.9151630189554208,0.5697396099435285,0.0211706619713564,0.0341131950672328,0.8027465444993772,0.0049286799212262,0.2661229679875063,0.5554151953582033,0.1224669344905848,0.1648552106100309,0.3132761889189944,0.1337297485882439,0.322839107976055,-165.91743088454342,361.8348617690869,412.3944321910018
2026-06-01T21:55:05,41,8,410008,"ARX(2,2)",-165.72187570123876,361.4437514024775,412.00332182439246,True,0,0.5815346418762526,3.86659326810624e-05,0.8249586798475645,0.2621309188038934,0.1834851909579616,4.999582003393477e-15,0.9765475309159012,0.4991068398920684,0.1740183909999589,0.5735660235904955,0.1076878133936236,0.20538314173067,0.4758940301916866,0.1435769383509692,0.1410441684353546,-165.72187570198167,361.44375140396335,412.0033218258783
2026-06-01T21:57:43,41,9,410009,"ARX(2,2)",-165.71804651410332,361.43609302820664,411.9956634501216,True,0,0.5566876826657162,1.397443698560036e-05,0.8301692646233141,0.2694088908593656,0.1761332474611855,2.6181480297996024e-17,0.9741661707421966,0.4869864064516863,0.1752341227276737,0.5671953271244585,0.1073271269520074,0.2062054663570794,0.4690148112458921,0.1441296388722473,0.1471663865142662,-165.7180465223543,361.4360930447086,411.9956634666236
2026-06-01T21:59:59,41,10,410010,"ARX(2,2)",-165.72525855167788,361.45051710335576,412.0100875252707,True,0,0.5575594313159005,2.034686748971774e-05,0.8287771735502136,0.2543255978738987,0.1787971509187086,1.6014579079746184e-07,0.9822567162290106,0.5090478744112764,0.1759785179576679,0.5668471337590374,0.1084751549755233,0.2087497286097385,0.477001580705639,0.1429788174107041,0.1361486130203211,-165.72525855212555,361.4505171042511,412.0100875261661
2026-06-01T22:02:44,41,11,410011,"ARX(2,2)",-165.74774303674423,361.49548607348845,412.0550564954034,True,0,0.5267690537948779,2.2547657607577333e-05,0.8353845584534573,0.2514935983728565,0.1662851043611307,2.736447925177588e-18,1.0256902424952885,0.4712764932947239,0.1782608646556855,0.5554576265074246,0.10561645868964,0.2024491453007525,0.4920478417577867,0.1363857078223839,0.1390324542706113,-165.7477430370501,361.4954860741002,412.0550564960152
2026-06-01T22:05:40,41,12,410012,"ARX(2,2)",-165.71925241035157,361.43850482070314,411.9980752426181,True,0,0.544970623067917,1.4951621766899915e-05,0.8322637802626268,0.2704989062407177,0.1712380798982138,6.324997796798118e-10,0.9835061252925468,0.4754652782294409,0.176427510888385,0.5588310982286996,0.1070285485657203,0.2068259044343827,0.4726336169468333,0.1424154822987064,0.1450906238454774,-165.7192524126711,361.4385048253422,411.99807524725713
2026-06-01T22:08:03,41,13,410013,"ARX(2,2)",-165.72470589141182,361.44941178282363,412.0089822047386,True,0,0.5505853761490466,2.280281661326476e-05,0.8317858704226824,0.2779466736044392,0.1719394663058398,1.7035640259094087e-16,0.9739236387533624,0.470135358375314,0.1756729046625134,0.5691921124051788,0.1068556781607888,0.2071828414509017,0.4548381147254933,0.14301464096186,0.1617159997195406,-165.7247058927232,361.4494117854464,412.0089822073613
2026-06-01T22:09:54,41,14,410014,"ARX(2,2)",-165.73432094734866,361.4686418946973,412.02821231661227,True,0,0.5903645745092393,1.2744060655027212e-05,0.8225157203050368,0.2786166034863462,0.1814452837353475,2.2458563689367625e-14,0.9748722478409508,0.467868300500842,0.1748573415268886,0.5682175950734355,0.1071603044169557,0.2047843454986611,0.5082368146713473,0.1407569106685613,0.1133709544339475,-165.73432095360616,361.4686419072123,412.02821232912726
2026-06-01T22:12:10,41,15,410015,"ARX(2,2)",-165.72093437925912,361.44186875851824,412.0014391804332,True,0,0.5756414061979859,5.267099004095756e-05,0.8267973959529458,0.2691325147312657,0.1796611344637562,5.9038586425285895e-12,0.9768385716600704,0.4847850889144507,0.1741452664611885,0.5711504526501937,0.1090574942832692,0.2068630585484587,0.4634985272429285,0.1447175129034285,0.1490662986235495,-165.72093437779415,361.4418687555883,412.0014391775032
2026-06-01T22:13:47,41,16,410016,"ARX(2,2)",-165.71901563541473,361.43803127082947,411.9976016927444,True,0,0.5459661363473101,9.201917222274206e-05,0.8321177116689592,0.2741086728927301,0.1733066234943772,9.72224296017984e-13,0.9695506003603162,0.4820393427978823,0.1759874712727725,0.5645409029782539,0.1067879606055228,0.2068270995575278,0.4690179468757989,0.1439152749293721,0.1470449931862989,-165.71901559509482,361.4380311901896,411.9976016121046
2026-06-01T22:16:13,41,17,410017,"ARX(2,2)",-165.72266516740643,361.44533033481287,412.0049007567278,True,0,0.5747775628571208,0.0003765771059343,0.8257993461973352,0.2661746861096868,0.1827517830584699,2.5861856973577875e-11,0.9744759474077708,0.4923594323191907,0.1745772891081795,0.5759243026113382,0.1077732572788821,0.2051033884059736,0.4848524892567512,0.1442985829851311,0.1314800240912854,-165.7226651470616,361.4453302941232,412.00490071603815
2026-06-01T22:19:10,41,18,410018,"ARX(2,2)",-165.74569949168853,361.49139898337705,412.050969405292,True,0,0.5875526341884318,1.110508664747938e-05,0.8249663667359344,0.2665723974327765,0.1762109719940643,1.6074542051065088e-13,1.013876131304481,0.4529565692354915,0.1745681358429007,0.552836835780674,0.1095153696023569,0.1985835646239988,0.5075337334564664,0.1392899830623843,0.1210344481155841,-165.74569949180318,361.4913989836064,412.0509694055213
2026-06-01T22:22:50,41,19,410019,"ARX(2,2)",-165.7198553916689,361.4397107833378,411.9992812052527,True,0,0.5353210876634558,1.5734129273548425e-05,0.8344824520473211,0.271766796534145,0.1702311471496503,3.742924716920352e-11,0.976924610386282,0.4795088740780017,0.1765700149143349,0.5648506166677855,0.1062123471612791,0.2078014123087156,0.4622100848911603,0.1432969939273512,0.1546286988893639,-165.7198553908233,361.4397107816466,411.9992812035616
2026-06-01T22:28:50,41,20,410020,"ARX(2,2)",-165.7247216763488,361.4494433526976,412.0090137746125,True,0,0.5936883076715476,5.5861046095422e-05,0.8227459967714373,0.2623110803808407,0.1853611828925353,1.3360787961112204e-11,0.9802422638447064,0.4950140652483038,0.1736036465576377,0.57369109033963,0.1092441264452694,0.2050749772479033,0.481145181441737,0.1444062106903116,0.1336269698335974,-165.72472166471692,361.44944332943385,412.0090137513488
2026-06-01T22:31:55,41,21,410021,"ARX(2,2)",-165.735831035304,361.471662070608,412.0312324925229,True,0,0.4983035091225565,0.0001328066693448,0.8415655465662651,0.2808812776381049,0.1588064807030134,3.982554844073485e-14,0.9863515348404924,0.4516254227165268,0.1797524630561768,0.553014536990666,0.1044841174171127,0.2080228592485135,0.4976747394402643,0.1378459531866122,0.1273618613431014,-165.7358310335286,361.4716620670572,412.03123248897214
2026-06-01T22:34:45,41,22,410022,"ARX(2,2)",-165.74274397331595,361.4854879466319,412.04505836854685,True,0,0.6328483817022627,9.39647772062251e-05,0.8153246178591053,0.2567738389577417,0.1962457394457383,1.8740992593532167e-11,0.9617509448262124,0.5244882760211244,0.1711622670285578,0.5826343468236203,0.1102709754458471,0.2061084746537723,0.4875849615633796,0.1468009684707965,0.1210261195312835,-165.7427437080584,361.4854874161168,412.04505783803177
2026-06-01T22:38:01,41,23,410023,"ARX(2,2)",-165.84073910807788,361.68147821615577,412.2410486380707,True,0,0.1331334974950224,0.0621751486353259,0.9051643472425808,0.3125783188133302,0.1146469902554574,1.3607190348718177e-15,0.8325419547521475,0.4680340121507879,0.2296676251517932,0.5252206487438242,0.0696702845426825,0.2025204108103894,0.3088099926138832,0.1645064174667047,0.32214131221075,-165.8407391082115,361.6814782164229,412.2410486383379
2026-06-01T22:41:24,41,24,410024,"ARX(2,2)",-165.73357707403335,361.4671541480667,412.02672456998164,True,0,0.5598552316933306,2.6955969865167244e-05,0.8284995115965731,0.2685827724773868,0.1817809613999893,3.857350832873191e-17,0.9382965639923678,0.5244784193677088,0.1747032605476444,0.5789956980633846,0.1071953503643889,0.2083340043353704,0.4467384067863078,0.1501883540319236,0.1584583745645656,-165.733577001948,361.467154003896,412.0267244258109
2026-06-01T22:44:01,41,25,410025,"ARX(2,2)",-165.67735671854305,361.3547134370861,411.91428385900105,True,0,0.0765346150132953,0.0441596536343136,0.9341532740466612,0.5908004940921026,0.0136611182481829,0.032473995472222,0.771404584053439,1.3759078179115797e-08,0.2934657745725012,0.5970405615060134,0.1481500747086819,0.1365186835462977,0.317081354091963,0.1443770375313905,0.3135760209523444,-165.67735672138485,361.3547134427697,411.9142838646847
2026-06-01T22:47:02,41,26,410026,"ARX(2,2)",-165.72071770577887,361.44143541155773,412.0010058334727,True,0,0.5299930366295007,2.4001724826955857e-05,0.8350517988115536,0.2741627676745802,0.1685883575496916,2.7327727731012314e-08,0.979263639394587,0.4723623386974958,0.1772958379689965,0.5589010759522847,0.1057153254970232,0.2083422969470847,0.4806645122292726,0.1408771229773802,0.1388260351068696,-165.72071770646593,361.4414354129319,412.0010058348468
2026-06-01T22:50:43,41,27,410027,"ARX(2,2)",-165.72550282595103,361.45100565190205,412.010576073817,True,0,0.5326025605096956,0.0012297047802685,0.8356063237308314,0.273132293978972,0.1706712229357387,1.9034225143700902e-11,0.9660485658598572,0.4849635581565939,0.1755450033537806,0.5662006139177004,0.1064814719830391,0.2085747853854798,0.4760147841439738,0.1424719042682272,0.1394876642483988,-165.72550282124058,361.4510056424812,412.0105760643961
2026-06-01T22:53:14,41,28,410028,"ARX(2,2)",-135.5723093393059,301.1446186786118,351.7041891005267,True,0,0.7936617475073298,4.655308016045173,0.8588574648482141,0.0915049075552608,0.0810175067431056,0.076094344038659,0.6723611568077467,0.3876087685866976,0.0705870236195179,0.1449504918010611,0.1226697638833023,0.2774477981348741,0.0137717135890344,0.1488492082680541,0.3625026360216757,-135.5723093388826,301.1446186777652,351.7041890996801
2026-06-01T22:55:59,41,29,410029,"ARX(2,2)",-165.8766266551364,361.7532533102728,412.3128237321877,True,0,0.8211001678600901,0.0005666493028095,0.7845272905555805,0.2407851318107769,0.2413419295308367,1.891706848140194e-06,0.9476282151475296,0.5693471668727688,0.1620753521309438,0.6188759119666873,0.1152548322744823,0.1988717201546291,0.4864484525038363,0.1495513632585945,0.119094678691832,-165.87662670025333,361.75325340050665,412.3128238224216
2026-06-01T22:58:11,41,30,410030,"ARX(2,2)",-165.84286961836682,361.68573923673364,412.2453096586486,True,0,0.1382390903233648,0.0623693832256046,0.903067548822426,0.309590791302993,0.1167153467184788,7.490656981146421e-23,0.8346073183731599,0.4721214303341777,0.2285479578154067,0.5206037033171276,0.0715511808996236,0.2028984525779335,0.30884471785677,0.1658944182712637,0.3178135949637139,-165.84286961742112,361.68573923484223,412.2453096567572
2026-06-01T23:00:02,41,31,410031,"ARX(2,2)",-165.72310535749546,361.4462107149909,412.00578113690585,True,0,0.587320643402452,3.586401262600337e-05,0.8247776424836688,0.2698449432973132,0.181729901926048,4.177316097083944e-14,0.9724475126002392,0.4877855480508164,0.1736171282111422,0.5721124400402374,0.1089800345170872,0.2045675608657886,0.4647789013202079,0.1461518311032875,0.1488085646906853,-165.72310535752433,361.4462107150487,412.0057811369636
2026-06-01T23:03:33,41,32,410032,"ARX(2,2)",-165.7593791616698,361.5187583233396,412.07832874525457,True,0,0.5919901806608026,0.0017901574064142,0.8274203514506244,0.2736979037706585,0.1811408886615485,2.727680625928829e-11,0.9544280712943224,0.4941543841326879,0.1702344511308751,0.589424734274686,0.1102086369540061,0.2060944035609784,0.4036630446170093,0.153184823825987,0.1970597432768618,-165.75937916794055,361.5187583358811,412.078328757796
2026-06-01T23:06:03,41,33,410033,"ARX(2,2)",-165.8448784110505,361.689756822101,412.24932724401594,True,0,0.1319776969891699,0.0628403991480641,0.906302850002318,0.3193324286582576,0.1128824839479885,2.6101087047669104e-14,0.8301147086996401,0.4556783513565702,0.2296102422427413,0.5309365286235511,0.0677590179745588,0.1996073103719641,0.324801030484095,0.1648682999581023,0.3118333926978833,-165.84487841020493,361.68975682040985,412.2493272423248
2026-06-01T23:13:32,41,34,410034,"ARX(2,2)",-165.73344590658982,361.46689181317964,412.0264622350946,True,0,0.4986306547720827,2.6874691743858155e-05,0.8417302479216547,0.2732877953468381,0.1594467526803321,4.457822713548162e-09,0.9994266195916665,0.4539441415511905,0.1796629226822699,0.5536296697248053,0.1050494402835055,0.2071065567475209,0.4844749702632637,0.1387383112277044,0.1408899852809148,-165.73344590657462,361.4668918131492,412.0264622350642
2026-06-01T23:15:37,41,35,410035,"ARX(2,2)",-165.75511594300855,361.5102318860171,412.06980230793204,True,0,0.5026026151863582,0.0014179495063434,0.8418291972111579,0.2946848655765139,0.1610490511225329,3.831799881504551e-10,0.9516414090522494,0.4561980383596156,0.1773323745066641,0.5628631941768962,0.1018180852869993,0.2047391822699396,0.450515274172989,0.1423504197883493,0.173911481871502,-165.75511595713814,361.5102319142763,412.0698023361912
2026-06-01T23:20:32,41,36,410036,"ARX(2,2)",-165.72004821765756,361.4400964353151,411.99966685723007,True,0,0.540086501894943,5.995643689740156e-05,0.8332239427055853,0.2762127339404127,0.1710317531091489,1.1792317714740639e-09,0.9734038649450266,0.4740455578276598,0.1765260915130335,0.5604032896429392,0.1066064533437328,0.2068534739211845,0.4722277630207727,0.1431147714745867,0.145091318643737,-165.72004821820468,361.44009643640936,411.9996668583243
2026-06-01T23:22:50,41,37,410037,"ARX(2,2)",-165.8732151921459,361.7464303842918,412.3060008062067,True,0,0.1345916481904054,0.0637052946508499,0.9053417007414052,0.3101428111402378,0.1148927591780411,2.8954473627968224e-07,0.8780611668316805,0.4264020263018911,0.229176831843247,0.5406836305758007,0.0702758241776612,0.1961728196308604,0.3011927700626409,0.1546421535134797,0.3475301310651741,-165.87321515279544,361.7464303055909,412.3060007275058
2026-06-01T23:25:00,41,38,410038,"ARX(2,2)",-165.7206362878058,361.4412725756116,412.00084299752655,True,0,0.5509898652420274,1.12297780839837e-05,0.8311071818268583,0.264892143742038,0.1771762985749926,3.4229235069468645e-12,0.9775610528612212,0.4926301364769354,0.1752785034754153,0.5754840827923985,0.1068400760119552,0.2089277591492543,0.459945445048835,0.1442747887961301,0.1534379366023184,-165.7206362912409,361.4412725824818,412.0008430043968
2026-06-01T23:26:29,41,39,410039,"ARX(2,2)",-165.73005183584877,361.46010367169754,412.0196740936125,True,0,0.5904545101074483,3.697716293240248e-05,0.8238071356409938,0.258688632330507,0.1867683180079454,2.97399066938283e-12,0.9595528260663716,0.5229873447060182,0.1726327279133926,0.578403713700179,0.1095579540666172,0.2066720362292697,0.4470497599340627,0.1472926116127584,0.1606362107548652,-165.73005183581648,361.46010367163296,412.0196740935479
2026-06-01T23:28:20,41,40,410040,"ARX(2,2)",-165.71822017914542,361.43644035829084,411.9960107802058,True,0,0.5581593635272571,2.626090562823128e-05,0.8299109284907003,0.2699926197121206,0.1754195602166027,2.800822138646081e-09,0.9759555821247832,0.4840034333171922,0.1753855394668154,0.568366562678536,0.1076424740213193,0.2070045791232822,0.4690180587847765,0.1438315039398342,0.1459547981132318,-165.71822017921315,361.4364403584263,411.9960107803413
2026-06-01T21:44:06,42,1,420001,"ARX(2,2)",-165.7394739828943,361.4789479657886,412.03851838770356,True,0,0.4926900715746522,1.7260872346761322e-05,0.8425246066746409,0.2774384080281523,0.1587700846685341,1.343692532723135e-07,0.9902073378653276,0.4548821086534647,0.1799666607317013,0.5517649794763686,0.1019403393459653,0.2031886502572788,0.5024112319533975,0.1387428635909422,0.1302780945994398,-165.73947398287947,361.47894796575895,412.0385183876739
2026-06-01T21:45:50,42,2,420002,"ARX(2,2)",-165.67719791439484,361.3543958287897,411.9139662507046,True,0,0.0771113998613725,0.0442466376312225,0.933892729893164,0.5906041929725747,0.0136089213012815,0.0325724629125,0.771632727649982,2.6866271810171015e-18,0.2928144197487752,0.5953655212899722,0.1489420904245078,0.1366943062609086,0.3154691779835726,0.1447803609434795,0.3135957788696302,-165.67719791410036,361.3543958282007,411.91396625011566
2026-06-01T21:49:39,42,3,420003,"ARX(2,2)",-165.7245412337524,361.4490824675048,412.00865288941975,True,0,0.5789344860111876,5.493175642345767e-05,0.8250362848554635,0.2645264079042134,0.1826771996600528,5.5122055828188e-14,0.9786704688732614,0.4921581321607484,0.1745935043109828,0.5759974248909012,0.1068640866655359,0.2055886693939082,0.4957085974234922,0.1417074876125097,0.1246828396471331,-165.72454123292798,361.449082465856,412.0086528877709
2026-06-01T21:53:47,42,4,420004,"ARX(2,2)",-165.75007927535734,361.5001585507147,412.0597289726296,True,0,0.5520804756015324,0.004556428251621,0.8297051360954145,0.2480463368570743,0.1768370094049824,3.290065230606688e-12,0.9832518329729496,0.5122533828401045,0.1763827033958591,0.570492829298659,0.1069405030683364,0.2068905689842048,0.4818074738613269,0.1415842304457542,0.1358672841165702,-165.75007923667363,361.50015847334726,412.0597288952622
2026-06-01T21:56:42,42,5,420005,"ARX(2,2)",-165.84073872282312,361.68147744564624,412.2410478675612,True,0,0.1329338097353702,0.0621549348293182,0.9052400976497488,0.3127499567752468,0.1145357271310639,0.0,0.8321670975192199,0.4680831493952969,0.2297400464719638,0.5250601934171919,0.0695923006632898,0.2025177543687971,0.3091300271033541,0.1645371084882427,0.3218744901274797,-165.8407387228185,361.681477445637,412.2410478675519
2026-06-01T21:58:44,42,6,420006,"ARX(2,2)",-165.79857970896404,361.5971594179281,412.156729839843,True,0,0.7230004763270024,0.0001421693177527,0.803782871123979,0.2643974045814824,0.2068539800056675,4.1377337591876666e-18,0.9524246449836006,0.5184409643243926,0.165161184792057,0.6019876261891917,0.1137090106339947,0.2004257746261964,0.4682773677427486,0.1533582444864929,0.1341686925266907,-165.79857972167338,361.5971594433468,412.1567298652617
2026-06-01T22:05:27,42,7,420007,"ARX(2,2)",-165.72144830773772,361.44289661547543,412.0024670373904,True,0,0.564166102923474,9.958230889243358e-06,0.8278035198575001,0.2623399008827452,0.1795956651914982,5.295598188682402e-15,0.9801164336166686,0.4951826919036762,0.1754508460219771,0.5695517126492375,0.1069820580719944,0.2072607632404101,0.4892346387102155,0.1404503093425102,0.1306995138308825,-165.7214483085683,361.4428966171366,412.0024670390516
2026-06-01T22:10:53,42,8,420008,"ARX(2,2)",-166.75512241533823,363.51024483067647,414.0698152525914,True,0,3.045342478794695,0.0563786142062402,9.87026862310112e-08,0.5626690344090363,1.0999722758306257e-06,0.4286034449906303,0.8311696429756781,7.974896119671266e-16,0.1999024819350625,0.4409374510842045,0.1050179258088255,0.2158437368399759,0.4740242040678051,0.0562306441474358,0.2153179177815622,-166.75512242124194,363.5102448424839,414.0698152643988
2026-06-01T22:12:42,42,9,420009,"ARX(2,2)",-165.71947878762876,361.4389575752575,411.99852799717246,True,0,0.5546166265312261,1.900939173436509e-05,0.8311999556288916,0.2732718674183249,0.1738764246573493,1.9028850871407254e-16,0.974149002263732,0.4792667930923953,0.1749536754431244,0.5703953814854337,0.1064855627913831,0.2060234604651543,0.4793590889171777,0.1434483134870219,0.138574862413118,-165.71947878687868,361.43895757375736,411.9985279956723
2026-06-01T22:15:10,42,10,420010,"ARX(2,2)",-165.7273673610312,361.4547347220624,412.01430514397737,True,0,0.5830465863244524,0.0002822913839815,0.8246006364657811,0.2759838801402116,0.1815248653637827,4.44980850539775e-12,0.975859285691009,0.4715868407423118,0.174501045966407,0.5647274703584974,0.1082285695025906,0.204927893149896,0.4780231919464261,0.1401919384114639,0.1428989173493236,-165.72736735490662,361.4547347098133,412.0143051317282
2026-06-01T22:17:26,42,11,420011,"ARX(2,2)",-165.7423907385517,361.4847814771034,412.04435189901835,True,0,0.5040757988227128,8.298252763664531e-05,0.8405361544786334,0.2793801551213019,0.1587490635050612,3.2998163317772624e-07,1.0046198383943583,0.4364629238689826,0.1797614352447654,0.541418609999404,0.1045657566433981,0.2048525156705401,0.4952603570387113,0.1359197567367321,0.1363786171925407,-165.74239073445318,361.4847814689064,412.0443518908213
2026-06-01T22:20:39,42,12,420012,"ARX(2,2)",-165.72687341547234,361.4537468309447,412.0133172528596,True,0,0.5850780475954407,0.001169087778614,0.8251470247750237,0.2632190735725198,0.1832075114591242,2.5769634660354208e-12,0.9657336418660312,0.5054435184462274,0.1730480106948515,0.5731628756849411,0.1091002477363486,0.2076489913906842,0.4522200585606536,0.1470044179535326,0.155650929619662,-165.72687341570872,361.4537468314175,412.0133172533324
2026-06-01T22:23:16,42,13,420013,"ARX(2,2)",-165.7282997532042,361.4565995064084,412.01616992832334,True,0,0.6004046276694751,5.282276065898273e-06,0.821241146570625,0.263803313493987,0.1885056628097303,1.12917269335689e-09,0.9665211611797746,0.5058604454573249,0.1730883909493207,0.5801772772605047,0.10859515770433,0.2056753352019165,0.4867236645391133,0.1453934708374613,0.1268205324445133,-165.72829975230255,361.4565995046051,412.01616992652
2026-06-01T22:25:42,42,14,420014,"ARX(2,2)",-165.71896438445896,361.4379287689179,411.99749919083285,True,0,0.5666542190790282,8.909025388611632e-06,0.828354049158673,0.2689157210048984,0.1769658726672883,3.2904076956114686e-09,0.9781843534731473,0.4839654833745011,0.174791748456844,0.5629980974402886,0.107246757536704,0.2057284796579438,0.4746912031337638,0.1429949430077089,0.1431073155817946,-165.7189643842434,361.4379287684868,411.99749919040175
2026-06-01T22:30:07,42,15,420015,"ARX(2,2)",-165.8173179751043,361.6346359502086,412.1942063721235,True,0,0.450453289323065,0.0050644219199013,0.8491414220986525,0.2934905913054461,0.1497492808400011,1.5397337265800712e-18,0.9795764761413132,0.4239788268508412,0.1857420501785065,0.5667318903054588,0.1020532759347359,0.2169918675038746,0.4243997989555751,0.1362540651633142,0.1944206019281324,-165.81731796277882,361.6346359255576,412.1942063474726
2026-06-01T22:33:39,42,16,420016,"ARX(2,2)",-165.75036137713897,361.50072275427794,412.0602931761929,True,0,0.5311328074570867,0.000924521980077,0.8359857296474411,0.2642197827480887,0.1747744139256926,2.369932607992048e-19,0.9506860580615674,0.5188029092087058,0.1746764497935829,0.582881692684248,0.1078450046295955,0.2153394591768885,0.411450560890585,0.1461774343747612,0.1901625242256193,-165.750361377309,361.500722754618,412.0602931765329
2026-06-01T22:35:19,42,17,420017,"ARX(2,2)",-165.8393671867849,361.6787343735698,412.23830479548474,True,0,0.4382626412505681,0.0005678358570638,0.8504964355647281,0.3010546541095113,0.1418687620139088,4.84661570543782e-06,0.9788851228737648,0.4180325268215396,0.1882312029011052,0.5268966514101406,0.0955992642837814,0.2064517822979208,0.564509939285308,0.1328308974748944,0.0789986495173897,-165.83936726897412,361.6787345379482,412.2383049598632
2026-06-01T22:37:38,42,18,420018,"ARX(2,2)",-165.720959237346,361.441918474692,412.00148889660693,True,0,0.5663180394416666,0.0005868346803618,0.8273498157908964,0.264341860529398,0.1805435895343613,1.2749895648006471e-11,0.970634435189543,0.4994331317276976,0.1748975926278442,0.5693204751432295,0.1069623267408571,0.207979906825044,0.4665038023472481,0.1436806871739974,0.1476174732594846,-165.72095923667274,361.4419184733455,412.0014888952604
2026-06-01T22:39:39,42,19,420019,"ARX(2,2)",-165.73855174994023,361.47710349988046,412.0366739217954,True,0,0.5710592610735997,8.7301251517118e-05,0.8291389620471162,0.2771996045242683,0.1782470291965601,3.1933819343279445e-17,0.9618606154985762,0.4835523196362128,0.1728668320968105,0.5708578523034135,0.1091869350838907,0.2084973907206044,0.4197105105595534,0.1482653895140478,0.1855383391018846,-165.7385517790113,361.4771035580226,412.0366739799375
2026-06-01T22:42:31,42,20,420020,"ARX(2,2)",-165.72010799784346,361.4402159956869,411.99978641760185,True,0,0.5437893338534453,1.2282729653347017e-05,0.832738465532618,0.2693182290312255,0.1714014766123789,3.2269137903951923e-10,0.989240105142619,0.472097739915574,0.1764441789517695,0.5642019070286672,0.1072779263306049,0.206176532023574,0.4697302819181012,0.141557016243995,0.1496051953023199,-165.7201079990835,361.440215998167,411.99978642008193
2026-06-01T22:44:45,42,21,420021,"ARX(2,2)",-165.72598101090716,361.4519620218143,412.01153244372927,True,0,0.5350846629031173,1.0993658418273058e-05,0.8341828753343599,0.2729571474196315,0.1679836434699895,0.0,0.9743979675313404,0.4796652371951477,0.1772025038216446,0.5555889773493295,0.1062663491243636,0.2085913322339945,0.5014416138915785,0.1390345714455947,0.1193379960254586,-165.725981010677,361.451962021354,412.01153244326895
2026-06-01T22:50:11,42,22,420022,"ARX(2,2)",-165.72733109680823,361.45466219361646,412.0142326155314,True,0,0.5313845022076492,0.0002549297779865,0.8360355198326022,0.2751712625978146,0.1663387156760931,8.290498540657956e-08,0.9687211941298168,0.4804189516551813,0.1757869961861649,0.5505417920713744,0.1062584382277851,0.2105625161129713,0.4557721759421008,0.1452295610269083,0.1544026913261689,-165.72732875500338,361.4546575100068,412.0142279319217
2026-06-01T22:55:18,42,23,420023,"ARX(2,2)",-165.8767086640903,361.7534173281806,412.31298775009554,True,0,0.4146068940176304,0.0005314991745697,0.8588441586479397,0.2809604874602953,0.1398761982420207,7.529674270576664e-16,1.0558312568985586,0.381171857084386,0.1865799526450517,0.5455570305653031,0.0962140542931369,0.2158044307389064,0.4887397263624348,0.1251977874028667,0.1552010830200158,-165.87670866388595,361.7534173277719,412.3129877496869
2026-06-01T22:57:15,42,24,420024,"ARX(2,2)",-165.7253307519014,361.4506615038028,412.01023192571773,True,0,0.5553917200225166,0.0021042902536831,0.8309663979093759,0.2738056811084169,0.1727183931020431,1.5931481499880334e-16,0.9657751064351514,0.4821577639931128,0.1751968619872522,0.5718696443862266,0.1068342040983372,0.2057510375638162,0.4752954820287828,0.1437223894308512,0.1421658027203811,-165.72533076730934,361.4506615346187,412.0102319565336
2026-06-01T23:00:53,42,25,420025,"ARX(2,2)",-165.38953029549862,360.77906059099723,411.3386310129122,True,0,0.0464697037502912,0.0388970466698089,0.951626236938921,0.5721810834514265,0.0082415570781108,0.03207074468298,0.8157516586111969,4.81682702051256e-07,0.3096662713932225,0.6148697032348517,0.1709107571232393,0.1091129464582232,0.3482108547259234,0.1319327205343725,0.3031112343301537,-165.3895302639168,360.7790605278336,411.33863094974856
2026-06-01T23:04:16,42,26,420026,"ARX(2,2)",-165.84090770633082,361.68181541266165,412.2413858345766,True,0,0.1342602772104527,0.0619120170658291,0.904731332591162,0.3123177681803324,0.1151537525282109,4.546816904874319e-09,0.8330658875051329,0.4686558905649838,0.2294182827582685,0.5248421900621734,0.0702854226163573,0.202848940237051,0.3107204572022302,0.1644064034848816,0.3194786083573944,-165.84090770746985,361.6818154149397,412.24138583685465
2026-06-01T23:06:14,42,27,420027,"ARX(2,2)",-165.95557816645322,361.91115633290644,412.4707267548214,True,0,0.930621052389797,0.0003060220495398,0.7714402720460415,0.230479098597319,0.2618036524464386,0.0,0.9427196256699952,0.5954636337926789,0.1565253307272785,0.6224607756066675,0.1196297729699183,0.2015664217175213,0.4416579462396136,0.1557431844191958,0.1474278256865135,-165.95557816713867,361.9111563342773,412.4707267561923
2026-06-01T23:10:47,42,28,420028,"ARX(2,2)",-165.72017217171478,361.44034434342956,411.9999147653445,True,0,0.5530059960173452,2.360244852301406e-05,0.8311541168867158,0.2741963475135211,0.1745632639318212,1.6134334396587903e-10,0.9732945899807252,0.4782631710878777,0.1750798821939312,0.5692699302743909,0.1062992622162483,0.2044038820166276,0.4675797765914782,0.1446664988297629,0.150163732260197,-165.7201721670097,361.4403443340194,411.9999147559344
2026-06-01T23:14:09,42,29,420029,"ARX(2,2)",-165.69177955130328,361.38355910260657,411.9431295245215,True,0,0.0816878272995334,0.0434851037104416,0.9312963171713547,0.6014981762374153,0.0160320180942549,0.0327951816857303,0.7486937528849766,1.892132734318449e-05,0.287054758895287,0.5992988360094795,0.1415242330216436,0.1462657819298239,0.2870924795545139,0.1474617684224026,0.3363828554066245,-165.69177957729087,361.38355915458175,411.9431295764967
2026-06-01T23:17:48,42,30,420030,"ARX(2,2)",-165.7194500238445,361.438900047689,411.99847046960394,True,0,0.5630633272553071,8.600405854466979e-05,0.8288175199901815,0.2698860842692567,0.1774765671702782,3.554738293605106e-17,0.9690654037070372,0.4909794787771446,0.1750192572429899,0.5711029355348045,0.1081683199750715,0.2064028585786426,0.4614891862588048,0.1452493910163123,0.1513670390792009,-165.71945002439656,361.43890004879313,411.99847047070807
2026-06-01T23:20:58,42,31,420031,"ARX(2,2)",-165.77084256479304,361.5416851295861,412.101255551501,True,0,0.5837585762933998,0.0030255265071146,0.8249355177914676,0.2329973593554558,0.1881458065325282,1.4208784255682252e-14,0.9793962372392372,0.5467292539843791,0.1729034200294614,0.5837404743798483,0.109139541588822,0.2095214006995144,0.4556891330753506,0.1450712379254669,0.1525895546309009,-165.7708425601686,361.5416851203372,412.10125554225215
2026-06-01T23:23:03,42,32,420032,"ARX(2,2)",-166.29419738311051,362.58839476622103,413.14796518813597,True,0,0.4012956673648772,0.0306639172367464,0.8639241990523098,0.3991455329073695,0.1201803373730661,5.137112522216138e-14,1.00060544473909,0.1501842067135941,0.1911632108210956,0.619439501177877,0.0861007332487721,0.2271126340837076,0.5609023212796158,0.0997487610773695,0.1053896980050827,-166.29419738306075,362.5883947661215,413.1479651880365
2026-06-01T23:27:03,42,33,420033,"ARX(2,2)",-165.70905868928034,361.4181173785607,411.9776878004756,True,0,0.0669917857440795,0.0429877889496227,0.9349249009684186,0.57741922705849,0.0199605400685491,0.0230122561186215,0.7237083158099576,0.0741821651663559,0.3257796849017976,0.5759599745987474,0.1132177330546198,0.2059860240596174,0.1055636135642855,0.1470081677467903,0.4920024977572584,-165.70905868871037,361.4181173774208,411.9776877993357
2026-06-01T23:28:49,42,34,420034,"ARX(2,2)",-165.94638704827665,361.8927740965533,412.45234451846824,True,0,0.8678876742587489,0.0003103664439446,0.7843849010685063,0.2555710645043718,0.2414460852846697,0.0,0.9061079806945656,0.5819192718251116,0.1565232580054893,0.6251139347308273,0.1179913700002442,0.204646540225146,0.3849821041142152,0.1616588711672912,0.1938620919714107,-165.94638704407296,361.8927740881459,412.45234451006087
2026-06-01T23:33:38,42,35,420035,"ARX(2,2)",-165.72127243547186,361.4425448709437,412.00211529285866,True,0,0.55126618635218,0.0009734884504582,0.8304935529663879,0.2692795030983036,0.1746764204325465,1.6929366396076689e-12,0.9825427430353336,0.4769200047571963,0.1762182151275007,0.563175518524248,0.1072072762125031,0.2070667869585944,0.4755032378601212,0.1425165518556103,0.141544471194747,-165.72127244148888,361.44254488297776,412.0021153048927
2026-06-01T23:36:20,42,36,420036,"ARX(2,2)",-165.717896886787,361.435793773574,411.99536419548895,True,0,0.5524824808498274,6.918559068950365e-05,0.8307792159762462,0.2690232000090433,0.1748594479616043,5.1970187884949076e-14,0.973491961096148,0.4883167372742934,0.1755899169337611,0.5672496959948212,0.1070567616431692,0.2072656107718745,0.4724568173234577,0.1435271289236806,0.1431294162197049,-165.71789688632794,361.4357937726559,411.9953641945708
2026-06-01T23:39:57,42,37,420037,"ARX(2,2)",-165.71919449589842,361.43838899179684,411.9979594137118,True,0,0.5431468467055119,0.000161852843637,0.8327157736674657,0.2719721302747373,0.1712747250863709,6.285247123318565e-17,0.9780026186379398,0.4777240588243492,0.1763309732665936,0.5607391077179851,0.1064879432821361,0.2067152674657911,0.4800173521972537,0.1423687939466587,0.1385598674479892,-165.71919449379425,361.4383889875885,411.9979594095034
2026-06-01T23:41:22,42,38,420038,"ARX(2,2)",-165.73334945993344,361.4666989198669,412.0262693417818,True,0,0.5798472344533903,0.0014438433883456,0.8249140156145717,0.2531220492906857,0.1828873544881804,7.876892170345144e-16,0.994736756901515,0.4959902000028677,0.174716262375528,0.5755474600309058,0.1095190522102594,0.2070346134649605,0.4777238718580762,0.1423050001606888,0.1368548506362548,-165.73334944762385,361.4666988952477,412.0262693171626
2026-06-01T23:44:14,42,39,420039,"ARX(2,2)",-165.72620075366132,361.45240150732263,412.0119719292376,True,0,0.5328999404491944,2.2193766335163447e-05,0.835968894328143,0.2737727176685743,0.1657040652454403,8.526777940968687e-15,0.9918628526991848,0.4605470601032911,0.1764837174367262,0.5568802105907898,0.1048557203082164,0.2020405161747138,0.4912015509763117,0.1387264972596583,0.1390494368113304,-165.72620075235022,361.4524015047005,412.0119719266154
2026-06-01T23:48:20,42,40,420040,"ARX(2,2)",-165.7807531643915,361.561506328783,412.12107675069797,True,0,0.6912618830532845,0.0001480355990176,0.8047946020049828,0.2590781988181192,0.2105296017335564,2.4151244998058534e-12,0.937134813151831,0.5443550732278827,0.1682641450912033,0.5919785825112166,0.1092938176439653,0.2058884200565502,0.4907976428772186,0.1476820379903068,0.1176166974490683,-165.78075315140353,361.5615063028071,412.121076724722
2026-06-01T21:18:26,43,1,430001,"ARX(2,2)",-165.74510695426156,361.4902139085231,412.04978433043806,True,0,0.6068867632554849,0.0002610576446573,0.8231239409937668,0.2603105560739385,0.1851706047860444,1.4420542122880777e-12,0.9702650650765648,0.5085275565572573,0.1705129800578546,0.5693384212561429,0.1102902852422371,0.2062428542559443,0.4176813920670231,0.1482755584729032,0.1879530945722629,-165.74510695827945,361.4902139165589,412.0497843384738
2026-06-01T21:20:34,43,2,430002,"ARX(2,2)",-165.72267003478288,361.44534006956576,412.0049104914807,True,0,0.5771323240012951,0.0001260825778442,0.8262000296797282,0.261436416760494,0.1828519206980702,2.1821675664530438e-13,0.9693218383220644,0.5075281666445409,0.1738809339402501,0.5775049070686902,0.1085361432785201,0.2072543111715711,0.4613497064378211,0.1466890780039157,0.148745712053296,-165.72266998212166,361.4453399642433,412.0049103861583
2026-06-01T21:23:29,43,3,430003,"ARX(2,2)",-165.721185589196,361.442371178392,412.00194160030696,True,0,0.5372229331982581,1.5555932814043645e-05,0.832955948692805,0.2694914177466966,0.1710315798945518,1.4467594792824588e-18,0.9859323287725812,0.4750527381572261,0.1774049395479691,0.558112179907829,0.1058043317139949,0.2069879918245718,0.4913705854584902,0.1400105098089996,0.1309122944495824,-165.7211855888026,361.4423711776052,412.00194159952014
2026-06-01T21:24:41,43,4,430004,"ARX(2,2)",-165.80171169256283,361.60342338512567,412.1629938070406,True,0,0.5365588450005687,0.0130273479528067,0.8354178534267244,0.3053034751533263,0.1667288071173405,6.070981589431774e-12,0.9279009702876876,0.4344684463412219,0.1760098115613163,0.5800995866903832,0.102826102705311,0.2067826237391271,0.4645371458046963,0.143786464442366,0.1547397497102726,-165.80171168894398,361.603423377888,412.1629937998029
2026-06-01T21:27:48,43,5,430005,"ARX(2,2)",-143.04411530583474,316.0882306116695,366.6478010335844,True,0,0.9132331145639772,0.9501578390654352,0.9505425909045364,0.3931862738254646,0.0265185270244972,0.0560785290654369,0.983448415148936,0.1641966462121567,0.0306749505125812,0.4292189248031178,0.2108905910863166,0.4011857887959442,0.4103169312016798,0.0345915798061219,-0.1256104761321464,-143.04411530584588,316.08823061169176,366.6478010336067
2026-06-01T21:30:51,43,6,430006,"ARX(2,2)",-165.76864120054583,361.53728240109166,412.0968528230066,True,0,0.541400477388751,0.0002064680547477,0.8294309652129408,0.2833152588787196,0.1721638862370936,1.1497744345736894e-12,0.9942334522941856,0.4387433601508318,0.180212543014279,0.5440440281389756,0.1042835258946826,0.2030444359851543,0.5587922907307199,0.131227213765242,0.0815900547262243,-165.76864120187304,361.5372824037461,412.096852825661
2026-06-01T21:33:21,43,7,430007,"ARX(2,2)",-165.74393441602598,361.48786883205196,412.0474392539669,True,0,0.6416647573056079,2.1912615076900876e-05,0.8160178223581529,0.2614590586408608,0.1939273247722864,5.260541922129179e-15,0.9666103363287244,0.5104227078844193,0.1697404279370577,0.5806533209438547,0.112132056032017,0.2044104828863755,0.4481614378035549,0.1489646427988555,0.1576347388728227,-165.7439344144246,361.4878688288492,412.0474392507641
2026-06-01T21:35:54,43,8,430008,"ARX(2,2)",-166.4894020870711,362.9788041741422,413.53837459605717,True,0,2.31976325593484,0.0519028041426571,1.6911164978488705e-18,0.5784718133685505,9.917482879808156e-15,0.4698823751151997,0.8043435588164508,1.1515944849346819e-14,0.2311454315692089,0.4370471179264903,0.0981231327800521,0.2186357617740073,0.5158986461856618,0.0466592633452766,0.1893156654708544,-166.48940208853872,362.9788041770775,413.5383745989924
2026-06-01T21:38:13,43,9,430009,"ARX(2,2)",-165.84143697478325,361.6828739495665,412.24244437148144,True,0,0.131161359573409,0.0617864389545646,0.9056914948031658,0.3144375011695274,0.1141721043954461,2.9764288119183523e-19,0.8260450502702493,0.471326309915368,0.2304720638619905,0.5230743764450244,0.0694244976389114,0.2031091699283625,0.3061427971765615,0.1655053506197467,0.3230351123120693,-165.84143697485607,361.6828739497121,412.2424443716271
2026-06-01T21:40:19,43,10,430010,"ARX(2,2)",-165.88972078884035,361.7794415776807,412.33901199959564,True,0,0.2399723676634555,0.0323523385056833,0.8809166639219153,0.2728769608152738,0.1544220928121566,1.439553940166617e-16,0.8412760153537534,0.5633536549666178,0.195026739240486,0.5366569583455121,0.0791994228168008,0.2054809365653805,0.4015310202266006,0.1502968533702771,0.2381262123141219,-165.88972079256786,361.7794415851357,412.33901200705066
2026-06-01T21:43:33,43,11,430011,"ARX(2,2)",-165.67721657072892,361.35443314145783,411.9140035633728,True,0,0.0765347690430874,0.044326086178039,0.9342336448993884,0.589579442240088,0.0133849686883688,0.0324940976734244,0.7737833834768106,2.2695332305013527e-19,0.2935759950457528,0.5949511646846875,0.1492426966284507,0.1357477394307204,0.3202110073940407,0.1445094555532611,0.3100853076551907,-165.67721657065033,361.3544331413007,411.9140035632156
2026-06-01T21:47:05,43,12,430012,"ARX(2,2)",-166.29456104810714,362.5891220962143,413.1486925181292,True,0,0.4039252558953532,0.0300317033368873,0.8632002444418341,0.3973561930120676,0.1212697368385672,1.5655682508460287e-19,1.0061300211221171,0.1491431735770973,0.1910931760230089,0.6223682859255418,0.0869845352906234,0.2259625763520737,0.5564719736936455,0.0999418452442915,0.1093883587183528,-166.29456104793474,362.5891220958695,413.1486925177844
2026-06-01T21:49:25,43,13,430013,"ARX(2,2)",-166.2952516861543,362.5905033723086,413.15007379422354,True,0,0.3930715395435301,0.0315719299470647,0.8638603850564495,0.4099852329631843,0.1194150072095485,5.45079764976509e-22,0.9976763075396344,0.1300297464240769,0.1938803414954103,0.6290830964809342,0.0844218739219119,0.2269538232752559,0.5707273742254058,0.095371683698191,0.10091162165309,-166.29525168685132,362.5905033737026,413.1500737956176
2026-06-01T21:52:30,43,14,430014,"ARX(2,2)",-167.88259652098168,365.76519304196336,416.3247634638783,True,0,1.255667458829404,0.0324082599020341,0.1824561594724281,0.815708450208962,0.2529376525271863,0.2004497895548601,0.3303246086505751,5.876065420553883e-16,0.2669968368859697,0.4271609420850538,0.0996841052219026,0.2685700145699766,0.0369070920975481,0.1735442908553582,0.4649717718788734,-167.88259652527972,365.76519305055945,416.3247634724744
2026-06-01T21:55:23,43,15,430015,"ARX(2,2)",-165.73150982204743,361.46301964409486,412.0225900660098,True,0,0.6124414182753372,1.3461868168878066e-05,0.8199728554676268,0.2562474604285952,0.190350447215288,5.6355620531882844e-14,0.968811216802968,0.5186636812065732,0.171632324072036,0.5775102440204806,0.1096925715276479,0.2062489014993178,0.4667543368717214,0.1461975170355944,0.1432291628299619,-165.7315098212789,361.4630196425578,412.0225900644728
2026-06-01T21:58:20,43,16,430016,"ARX(2,2)",-165.71913337887798,361.43826675775597,411.9978371796709,True,0,0.5675093017140812,1.8107059942370777e-05,0.8281303170750943,0.2666036666851909,0.1783459565851638,9.63614384335021e-07,0.9705164688260536,0.4962371920829425,0.1746185129654224,0.5671425392902191,0.1087956694377999,0.2073846271621431,0.4642636816315168,0.1457567004173817,0.1467269143935186,-165.71913337861525,361.4382667572305,411.9978371791455
2026-06-01T22:01:06,43,17,430017,"ARX(2,2)",-165.76890625090806,361.5378125018161,412.09738292373106,True,0,0.6791907744191439,0.0001190032147615,0.8039721723629291,0.2582992798134099,0.2092603389526622,1.5207392742897632e-19,0.9594990956102372,0.5236466242660092,0.170398733759967,0.5728574652244649,0.1090372701508358,0.2041560286810164,0.4665777316541669,0.1464718038282663,0.1442807210392214,-165.7689062384213,361.5378124768426,412.09738289875753
2026-06-01T22:02:56,43,18,430018,"ARX(2,2)",-165.7196074902501,361.4392149805002,411.99878540241514,True,0,0.532700075833204,6.243298088028122e-05,0.8347495890280503,0.2713195676413564,0.1692874132649744,7.149656970384528e-14,0.977124700304645,0.4801078963118158,0.176878630179192,0.5603803511200408,0.1061242645762907,0.2073343374597927,0.4767162347075412,0.1418889912382649,0.1420868612656057,-165.71960749019246,361.4392149803849,411.9987854022999
2026-06-01T22:05:54,43,19,430019,"ARX(2,2)",-165.84177903404083,361.68355806808165,412.2431284899966,True,0,0.1353468841327786,0.0627202773075781,0.9044534285685548,0.3097824913755573,0.1155184501972243,3.813407198781821e-06,0.8408652291156784,0.4645263885421147,0.2288075171562504,0.5280158337220587,0.0706566655633877,0.2010414207612722,0.3071872541269149,0.1637129742054488,0.3250048059015817,-165.84177903406908,361.68355806813815,412.2431284900531
2026-06-01T22:09:23,43,20,430020,"ARX(2,2)",-165.67726317519396,361.3545263503879,411.91409677230286,True,0,0.0764210528725626,0.0443310214554859,0.9342855290709704,0.5892736006579399,0.0135097718390889,0.0324867961483478,0.7742653520745866,1.1596169972626892e-18,0.293224495091447,0.5964602286460553,0.1491697708723132,0.1359371795342157,0.3167947174220439,0.1443373048982568,0.313326603178778,-165.6772631724524,361.3545263449048,411.9140967668197
2026-06-01T22:13:57,43,21,430021,"ARX(2,2)",-165.7208569120416,361.4417138240832,412.00128424599814,True,0,0.5531898145464218,5.14569235945446e-05,0.8303807857497252,0.2629137944776187,0.1771986118745312,5.6119232696289083e-08,0.9793400421482834,0.494720849450774,0.1755512883799239,0.5731481680702635,0.1069606697561478,0.2072125421825005,0.4578600132333932,0.1440937733845548,0.1571832443523677,-165.72085691244675,361.4417138248935,412.0012842468085
2026-06-01T22:17:32,43,22,430022,"ARX(2,2)",-165.47729168915924,360.9545833783185,411.51415380023343,True,0,0.0488290643682434,0.0339565114436789,0.944271646897978,0.5932768869492722,0.0081946197434104,0.024193111581547,0.7058656814465814,0.0707022156396084,0.3932813546023935,0.624138183474463,0.1532284224637065,0.1908440072206415,0.1687817775530542,0.1484474268158925,0.4066913791455959,-165.47729168920955,360.9545833784191,411.5141538003341
2026-06-01T22:19:52,43,23,430023,"ARX(2,2)",-165.75978122734307,361.51956245468614,412.0791328766011,True,0,0.5531380372615528,0.0035240852121616,0.8314959314960085,0.3008124257481887,0.1730882250341924,2.7133132108278e-21,0.9446436040199184,0.4464192553983535,0.1748318596406729,0.5681945392165748,0.1058615878474364,0.2064959606887744,0.4695964678432925,0.1452537826582004,0.1453790884852418,-165.75978122282976,361.5195624456595,412.07913286757446
2026-06-01T22:23:14,43,24,430024,"ARX(2,2)",-76.14887653895615,182.2977530779123,232.85732349982723,True,0,0.8110780567281975,4.100871629437016,0.3147009655583513,0.8071131938015143,0.6357819338588495,0.2799449885314858,0.2835744679964083,0.0240678054869295,0.1733900278014828,0.0543073058003237,0.0370236018474094,0.3325727385439982,0.7338222695786996,0.1638937948855486,-0.1764383480169167,-76.14887653938415,182.2977530787683,232.85732350068324
2026-06-01T22:25:54,43,25,430025,"ARX(2,2)",-165.81393363739846,361.6278672747969,412.18743769671187,True,0,0.6967969723901074,1.6398143532746853e-05,0.8032716462119934,0.2315252964831767,0.2210959631111682,1.1314312038152883e-09,0.9460552273046442,0.5908532260598118,0.1672403369393207,0.6118572659739748,0.1115147145245959,0.2039525293207248,0.4713944830349799,0.1468117513296147,0.1365096646548846,-165.81393363734432,361.62786727468864,412.1874376966036
2026-06-01T22:27:47,43,26,430026,"ARX(2,2)",-165.86231549110244,361.72463098220487,412.2842014041198,True,0,0.1508224289242686,0.0636141580374033,0.8995796008861616,0.3011692018760035,0.1205457489315446,2.3554448529666222e-09,0.8592173181142143,0.4619553292182659,0.224909162189133,0.5311716226223839,0.0784387421780936,0.2020628401758782,0.3227724259695169,0.1621802184038203,0.3025179879765979,-165.8623154891389,361.7246309782778,412.2842014001927
2026-06-01T22:30:27,43,27,430027,"ARX(2,2)",-165.7319143612769,361.4638287225538,412.0233991444687,True,0,0.5983458227772966,8.622417509881017e-06,0.8202823566187911,0.2645672976924569,0.1927060647095044,1.1939502388490936e-08,0.9516394286503256,0.5192066659237798,0.1732296086499518,0.582279256098851,0.107694393410815,0.2057522059310833,0.4703826701725638,0.146528736220003,0.1414802347833729,-165.7319143613147,361.4638287226294,412.0233991445443
2026-06-01T22:34:37,43,28,430028,"ARX(2,2)",-165.6775016201514,361.3550032403028,411.9145736622177,True,0,0.0767508826912281,0.0443238765485089,0.9339840891879896,0.5888492885940991,0.0131989614459697,0.032720250178304,0.7753520858472536,2.7382143134723755e-19,0.2940647781416454,0.5946899443046706,0.1494432793690097,0.1357814730324964,0.3191382966637459,0.1450309537243777,0.3100672582837488,-165.6775016194979,361.3550032389958,411.9145736609107
2026-06-01T22:37:07,43,29,430029,"ARX(2,2)",-165.7334764592348,361.4669529184696,412.02652334038453,True,0,0.6103110676044305,7.205838758290427e-05,0.8206714847729,0.2663261292882237,0.1887644061349478,2.360912577271181e-08,0.9611867091243866,0.5059988253736111,0.1718483019598435,0.5880258286446108,0.1091045494003662,0.2054463162229384,0.4606734688995191,0.1473677243921482,0.1495163631061035,-165.73347646952925,361.4669529390585,412.02652336097344
2026-06-01T22:40:00,43,30,430030,"ARX(2,2)",-165.8066671521848,361.6133343043696,412.1729047262845,True,0,0.6446025501387199,9.188230326351208e-05,0.8169946132716398,0.2863122913809809,0.1854807360638975,3.7654359512192613e-13,0.9451302180693272,0.4820566059532319,0.1691468783266732,0.5361674713473754,0.11593956849877,0.2111808591395527,0.4434718658263282,0.1577527751686079,0.1397453343768906,-165.80666713465712,361.61333426931424,412.1729046912292
2026-06-01T22:43:27,43,31,430031,"ARX(2,2)",-165.7248240403477,361.4496480806954,412.00921850261034,True,0,0.5332226980451695,1.5657553986267365e-05,0.8320522951369912,0.2723728808459736,0.1751379021814358,0.0,0.9819314229735407,0.4732901639681992,0.1785824469329411,0.5726504119278987,0.1067532966528467,0.2068254719834772,0.4865220277159746,0.1395575683599175,0.1346700097616598,-165.72482404059855,361.4496480811971,412.009218503112
2026-06-01T22:46:02,43,32,430032,"ARX(2,2)",-165.88570559938495,361.7714111987699,412.33098162068484,True,0,0.5238988883605983,4.053876218702711e-05,0.8329222895832898,0.3040826783484091,0.1590334649815333,1.2753887058481849e-17,0.9658460987765112,0.4259173822087228,0.1818852889730393,0.5265708566428839,0.0988957759361447,0.2034815802364718,0.6242391402445944,0.1329221928265934,0.0191113207878743,-165.88570559798302,361.7714111959661,412.330981617881
2026-06-01T22:47:58,43,33,430033,"ARX(2,2)",-165.72004355167405,361.4400871033481,411.99965752526305,True,0,0.5439342421706455,0.0002216534541661,0.8328162138292804,0.2686796353305072,0.1713976460320045,9.70758537252851e-14,0.9744557378357592,0.4877210037434971,0.1760689203993024,0.5577230034774545,0.1071185849070724,0.2083231827433175,0.4746966809129331,0.142422228584003,0.1411841244757973,-165.72004347754898,361.440086955098,411.9996573770129
2026-06-01T22:51:01,43,34,430034,"ARX(2,2)",-165.82105995950798,361.64211991901595,412.2016903409309,True,0,0.7232047484041062,2.322968054151714e-05,0.8024604960787844,0.2648890993716038,0.2185852335981425,2.732882073339449e-06,0.9500547387471704,0.5201090562568019,0.1647555823487361,0.6060138286922043,0.1152309942554984,0.2039873110894798,0.4163889275028755,0.1567748927806329,0.1761102614380033,-165.82105995946333,361.64211991892665,412.2016903408416
2026-06-01T22:52:53,43,35,430035,"ARX(2,2)",-166.05250914032473,362.10501828064946,412.6645887025644,True,0,0.2089002778450337,0.0540660666238973,0.8904858054274281,0.3153618227111602,0.1423859270649018,1.4439687586001555e-17,0.8183023979794286,0.4507077639887502,0.1933104344124151,0.5940313365321882,0.0636046553616208,0.1900413018567585,0.2940549359140222,0.1582960866887242,0.3613387417231085,-166.05250913823926,362.1050182764785,412.6645886983935
2026-06-01T22:55:12,43,36,430036,"ARX(2,2)",-165.74752493119982,361.49504986239964,412.0546202843146,True,0,0.6373966260320648,0.0001276562995658,0.8158614043971816,0.2522108613272626,0.1977763359537167,3.001057901418108e-15,0.9587414315393644,0.5365392902038282,0.1696533501526217,0.5852497114186189,0.1116773319789621,0.2076162178284298,0.4454914106069132,0.15045917116528,0.1549116084585488,-165.7475249314713,361.4950498629426,412.0546202848576
2026-06-01T22:57:26,43,37,430037,"ARX(2,2)",-165.863427459032,361.726854918064,412.28642533997896,True,0,0.1373096485981657,0.0609182858141989,0.9047972567487074,0.3139841792675183,0.1129842804556579,3.41050197464844e-20,0.8482618265173372,0.4519932473116288,0.2292906279440017,0.5170257698891102,0.0711591431415326,0.2011859370279292,0.361383216566611,0.1617042975448424,0.2751497119308823,-165.86342745892787,361.72685491785575,412.2864253397707
2026-06-01T23:00:16,43,38,430038,"ARX(2,2)",-165.75842738841948,361.51685477683895,412.0764251987539,True,0,0.6661657391437728,1.2658054833772702e-05,0.809860926593597,0.258900246992828,0.2049546639991586,3.393315091349238e-08,0.9572068849661016,0.5249632122016318,0.1687856893801345,0.5933835674253287,0.1104050920854482,0.2032456653658821,0.4704777424510437,0.1490271055328403,0.1375881691286779,-165.75842738835297,361.51685477670594,412.0764251986209
2026-06-01T23:05:24,43,39,430039,"ARX(2,2)",-165.71895377306328,361.43790754612655,411.9974779680415,True,0,0.5368840950367162,3.701818850097748e-05,0.8338356068457783,0.2710549615943278,0.1706095265300388,9.879692304710334e-15,0.9789620062634036,0.4788505277774035,0.1767870742422043,0.5623055366560346,0.1065388058094153,0.2070850959373388,0.4787099121323009,0.1421420966733104,0.1398979251362931,-165.71895377207233,361.4379075441447,411.9974779660596
2026-06-01T23:09:17,43,40,430040,"ARX(2,2)",-165.74412307848996,361.4882461569799,412.04781657889487,True,0,0.5665807531408764,0.0006759493743038,0.8266995408713593,0.2808227374797325,0.1758262394848325,2.843287564003721e-09,0.9910492944506436,0.4459152019249833,0.1765879323043075,0.5493158116275195,0.1064136983695018,0.2061413457717945,0.5133005889188222,0.1407232036584213,0.1099519107100168,-165.74412307937644,361.4882461587529,412.0478165806678
2026-06-01T21:10:10,44,1,440001,"ARX(2,2)",-165.95024140144588,361.90048280289176,412.4600532248067,True,0,0.3899740233931084,0.0101879243444376,0.869470273336899,0.3165224309208658,0.1178112844331444,7.305750024594997e-08,0.993159943977988,0.3576356864227291,0.1858435049026703,0.5309269536142299,0.0963771248567629,0.1974186630338057,0.4675820739556975,0.1271474826864648,0.18992843286574,-165.95024142410765,361.9004828482153,412.46005327013023
2026-06-01T21:12:28,44,2,440002,"ARX(2,2)",-165.72952809307913,361.45905618615825,412.0186266080732,True,0,0.5841480078923537,0.0006332542576319,0.8255946436712068,0.2804648587990517,0.1796350797149281,2.9358789425783758e-15,0.962683344168155,0.4750609152392855,0.1736651766410431,0.5680843418706926,0.1077122012273208,0.2052133692465966,0.4646859741074901,0.1461537202106062,0.1495890201065536,-165.7295280861851,361.4590561723702,412.01862659428514
2026-06-01T21:16:42,44,3,440003,"ARX(2,2)",-165.8737343567187,361.7474687134374,412.30703913535234,True,0,0.2695745946590348,0.0351582637078537,0.8737049090620059,0.2602849099757591,0.1629779461005123,7.977553709800977e-08,0.858321736617784,0.5669028615794878,0.1910848696769098,0.5632769429263207,0.0859521491763388,0.2048055562999396,0.3466711088991729,0.1551038075676087,0.2794453855147434,-165.8737343922327,361.7474687844654,412.3070392063804
2026-06-01T21:20:01,44,4,440004,"ARX(2,2)",-156.88665043815132,343.77330087630264,394.3328712982176,True,0,3.83747218189141,0.7916683287156842,0.4901761565370626,0.0831412102632222,0.7160182924542629,0.1502579363219029,0.3422232338875803,0.7669334022791956,0.1041753357763313,0.2389486536273444,0.1410797565809637,0.3473887924193511,0.3719775699879881,0.1600524038564472,0.3150507319361449,-156.88665043975885,343.7733008795177,394.3328713014327
2026-06-01T21:22:01,44,5,440005,"ARX(2,2)",-165.87042269578745,361.7408453915749,412.30041581348985,True,0,0.1389524986575454,0.0665966865415144,0.9048258640716104,0.3274478584393858,0.1121382237737266,0.0002548703535287,0.8437059446374098,0.4216041740368449,0.2283770099517251,0.5305031576999224,0.0667191556676044,0.1960270155917877,0.3514832567427997,0.1551880324257244,0.3003714644639468,-165.87042269569798,361.740845391396,412.3004158133109
2026-06-01T21:24:30,44,6,440006,"ARX(2,2)",-165.73351681072262,361.46703362144524,412.0266040433602,True,0,0.4985095934396837,3.8429572343120096e-05,0.8420406510392774,0.2791633170282771,0.1604495920944307,5.307684908838418e-13,0.965743726951344,0.4758521955650362,0.1784624207271733,0.5536393698532797,0.1043664256192107,0.2121411878388774,0.4618748837172416,0.1424858699599231,0.1529091891856966,-165.7335168104552,361.4670336209104,412.0266040428253
2026-06-01T21:26:28,44,7,440007,"ARX(2,2)",-165.72152431864592,361.44304863729184,412.0026190592068,True,0,0.5853210089927292,3.629201370478778e-05,0.8242862978148083,0.2664907322847499,0.1832613116526848,2.5037826714153922e-12,0.9731536829082544,0.4937867152450315,0.1738756015718778,0.5704450353186735,0.108352245752311,0.2057317896348304,0.4787435808966359,0.1441839909479716,0.1361887252844515,-165.72152431831177,361.44304863662353,412.00261905853847
2026-06-01T21:28:17,44,8,440008,"ARX(2,2)",-165.6940124201317,361.3880248402634,411.94759526217837,True,0,0.0736155371748935,0.0422016639202751,0.9353726686510334,0.5916205597842882,0.0122811163755209,0.0327884812256856,0.7704693492831296,0.0018188895947535,0.2979491201321633,0.589759059301082,0.1531634411615028,0.132308892740897,0.3359204768689021,0.146101766914849,0.2919567309335204,-165.6940124167686,361.3880248335372,411.94759525545214
2026-06-01T21:30:52,44,9,440009,"ARX(2,2)",-165.74446458512512,361.48892917025023,412.0484995921652,True,0,0.5454499455837756,2.1571764780626574e-05,0.8284191078146333,0.2729240336286109,0.1806280556567698,9.302188782467006e-07,0.9887456442069472,0.4653613289011851,0.1793068469626358,0.570206574651116,0.1063615331725486,0.2019952728937147,0.5309185472595879,0.1390065038795192,0.099097233036116,-165.74446456357165,361.4889291271433,412.0484995490582
2026-06-01T21:34:54,44,10,440010,"ARX(2,2)",-165.92490314497746,361.8498062899549,412.40937671186987,True,0,0.141566617105268,0.0641849477665823,0.8998288476074593,0.2748652927863936,0.1241590424871013,0.0,0.8697950336170335,0.5099635844715431,0.2288507918040241,0.5214463400915141,0.0734141285202202,0.201523654748314,0.247136153156177,0.159968274368234,0.3847865397288177,-165.92490317231835,361.8498063446367,412.4093767665517
2026-06-01T21:38:21,44,11,440011,"ARX(2,2)",-166.29610721437325,362.5922144287465,413.15178485066144,True,0,0.3946410974097467,0.0314929768222546,0.8637827119205105,0.4132731631988479,0.1184780635184191,1.1485889400599872e-19,0.9926787698742086,0.1286664851659292,0.1935418853607097,0.6259241935057774,0.0841121092484684,0.2261646766430471,0.5800159575778822,0.0949451555680561,0.0932803746840484,-166.29610721486483,362.59221442972967,413.1517848516446
2026-06-01T21:41:18,44,12,440012,"ARX(2,2)",-165.84098045283133,361.68196090566266,412.2415313275776,True,0,0.1327070363287275,0.0622159266985692,0.9053828357593838,0.3121659432491364,0.1141153078910961,2.061019245108674e-18,0.8328423003951465,0.4688875146858532,0.2297061021569122,0.5231404905355475,0.0698688779565776,0.2029052981432823,0.3070415541181813,0.1647830245877329,0.3228499451894705,-165.84098045276858,361.6819609055372,412.2415313274521
2026-06-01T21:45:18,44,13,440013,"ARX(2,2)",-165.99040750230432,361.98081500460864,412.5403854265236,True,0,0.5246914504136589,2.9799696806879592e-05,0.8345674903557992,0.3121229631039998,0.1558087219031748,1.3871976428299641e-15,0.9772068271237484,0.3984943036017796,0.180398671757259,0.5445237223360864,0.0953671525972181,0.2054573024871192,0.6710440266143909,0.1276971410572779,-0.0202195345872572,-165.99040750220502,361.98081500441,412.540385426325
2026-06-01T21:46:58,44,14,440014,"ARX(2,2)",-165.72020726059054,361.4404145211811,411.999984943096,True,0,0.539307649838901,5.9282288533607406e-05,0.8323410672663566,0.2705041876346906,0.1718244413684401,6.826977293011917e-18,0.9808767750545808,0.4779930512276735,0.1773715085430648,0.5590209877402305,0.1060129410190429,0.206368074440756,0.4874438899372925,0.1403698987440127,0.1345020428188467,-165.72020726075448,361.44041452150896,411.9999849434239
2026-06-01T21:48:55,44,15,440015,"ARX(2,2)",-165.7348337074376,361.4696674148752,412.0292378367901,True,0,0.5512432826717115,0.0033274758144755,0.8297538068545738,0.2716952022305507,0.1768948376990501,4.467365132363129e-07,0.974305792170446,0.4754006122564331,0.176205514971052,0.571841347779075,0.1045136689844571,0.2116967068827613,0.4504638449943093,0.1413021791532297,0.1650583134014533,-165.73483364657898,361.469667293158,412.0292377150729
2026-06-01T21:51:30,44,16,440016,"ARX(2,2)",-165.74619792227702,361.49239584455404,412.051966266469,True,0,0.5430042212203179,0.0009039648352797,0.8321376659284627,0.2659351891740071,0.1740079725641048,0.0,0.942463396747008,0.5237084016464889,0.1756510479209228,0.5652686375229083,0.1036161650870739,0.2089397850811892,0.5003147167684625,0.1388017350011908,0.1212346443537573,-165.7461979213928,361.4923958427856,412.0519662647005
2026-06-01T21:53:37,44,17,440017,"ARX(2,2)",-166.32611113269647,362.65222226539294,413.2117926873079,True,0,0.336371011221506,0.0341192418117309,0.8784969047934849,0.4281374983645313,0.0995939394340352,4.728907331160006e-22,0.9761594423162148,0.1142030036447126,0.1991907170108777,0.6092212536280763,0.0803773838324539,0.2256255304256393,0.5825044105165563,0.0924504917764453,0.0989558347755599,-166.32611113517692,362.6522222703538,413.2117926922688
2026-06-01T21:57:54,44,18,440018,"ARX(2,2)",-165.7396689740736,361.4793379481472,412.03890837006213,True,0,0.4866042774520587,0.0003585062754358,0.845191958758153,0.2724939454591997,0.1567028633815041,2.968183320976345e-15,0.9896388848016776,0.4646415031874982,0.1789899797777564,0.5552480626513534,0.1051431387101785,0.2106118780107611,0.4551965795931069,0.1400816183713729,0.1635854729665667,-165.739668981082,361.479337962164,412.0389083840789
2026-06-01T22:01:42,44,19,440019,"ARX(2,2)",-165.7221576518283,361.4443153036566,412.00388572557154,True,0,0.5410331514888718,3.1016279946289134e-05,0.8326837292580673,0.2771400611881172,0.1707621318977646,4.978761544188863e-19,0.9674259393988408,0.4782297944113854,0.1768022812097029,0.5563840745631,0.1062042567775119,0.2052903341399215,0.4812980707167158,0.1430714147873971,0.1378534859411824,-165.72215765278628,361.44431530557256,412.0038857274875
2026-06-01T22:05:12,44,20,440020,"ARX(2,2)",-165.72302099540474,361.4460419908095,412.0056124127244,True,0,0.5355028735015395,2.318198039069555e-05,0.8330711417437626,0.2739839875296656,0.1730733163244968,3.351155491706043e-11,0.959793155144152,0.4921904981410592,0.1771322160363044,0.569110083140598,0.1064160282755852,0.2078244670138678,0.4828567512324864,0.1448041098755845,0.1316772623474842,-165.7230210000448,361.4460420000896,412.00561242200456
2026-06-01T22:06:28,44,21,440021,"ARX(2,2)",-165.72547533049732,361.45095066099464,412.0105210829096,True,0,0.5392624598164975,5.434420822457958e-06,0.8350715882751268,0.275018358504816,0.1657707063925073,1.1763837597596771e-16,0.9915712328268136,0.4583809905151801,0.1759276897795046,0.5575247070997525,0.1074827743736126,0.2076186225317399,0.4670976713566526,0.1408879410605703,0.1510343535794214,-165.72547531737206,361.4509506347441,412.0105210566591
2026-06-01T22:08:35,44,22,440022,"ARX(2,2)",-165.71918610961148,361.43837221922297,411.9979426411379,True,0,0.0789041664791576,0.0451268236372068,0.9342403438129016,0.5941831226723981,0.0135842988306781,0.0310648423116079,0.762847614731351,0.0,0.2900192986652196,0.5765075067326589,0.1481223693544398,0.1350644974271495,0.3611157638678635,0.1460481836660943,0.2699460577571664,-165.7191861098616,361.4383722197232,411.9979426416381
2026-06-01T22:11:18,44,23,440023,"ARX(2,2)",-165.7557998681866,361.5115997363732,412.07117015828817,True,0,0.5038408870387129,8.582755984024232e-05,0.8402215196344682,0.2932191104632849,0.1612655157506971,7.163285229671283e-13,0.9754588524727164,0.4379372381761627,0.1791075845171695,0.5415853043098056,0.1063983096822122,0.2103193765519498,0.44460493342121,0.1434084392787556,0.1691272419776392,-165.75579986662754,361.5115997332551,412.07117015517
2026-06-01T22:13:30,44,24,440024,"ARX(2,2)",-167.09577653460593,364.19155306921186,414.7511234911268,True,0,1.9139367854918328,0.0782021289446587,0.0763330785404323,0.5995965587391638,1.081764566754374e-05,0.2213197959281583,0.738890213911817,2.2344468824068943e-08,0.2500054321111211,0.4604158156198233,0.132076239330321,0.1816916127661069,0.4137831639123318,0.0841048842993796,0.2444649776448559,-167.09577650221502,364.19155300443,414.751123426345
2026-06-01T22:16:09,44,25,440025,"ARX(2,2)",-165.68038768089372,361.36077536178743,411.9203457837024,True,0,0.0802743029986836,0.0438830322151319,0.9314131518161128,0.5920983303218829,0.0138334001625993,0.0337524391586802,0.7692113137581219,3.393640131127593e-19,0.2933215543474607,0.5938887766439481,0.1474716991222363,0.1383151196596635,0.3075798211617915,0.1464398104663683,0.3191145187779886,-165.6803876829684,361.3607753659368,411.9203457878517
2026-06-01T22:18:28,44,26,440026,"ARX(2,2)",-165.67716062079506,361.3543212415901,411.91389166350507,True,0,0.0769250139548368,0.0442538922083085,0.93399086404092,0.5907881436804725,0.0136076221335071,0.0325103280663742,0.7712611759174389,4.956022613624915e-24,0.2931293162400092,0.5952419274574706,0.148451693804668,0.1366947631201613,0.3173260310270847,0.1447992016448847,0.3123457119200821,-165.67716062161313,361.3543212432263,411.9138916651412
2026-06-01T22:22:05,44,27,440027,"ARX(2,2)",-165.72240921222559,361.44481842445117,412.0043888463661,True,0,0.5346795752664985,9.650888985423974e-05,0.8334336571842502,0.2705526593113797,0.1714018854737761,1.4585108974400367e-06,0.9880978114123262,0.4705979263256988,0.1776108482806127,0.5658044428391349,0.1054725390968817,0.2078768666168267,0.4918329043863172,0.1402214850272198,0.130003149956754,-165.72240892302665,361.4448178460533,412.0043882679682
2026-06-01T22:25:34,44,28,440028,"ARX(2,2)",-165.71875376002248,361.43750752004496,411.9970779419599,True,0,0.5634827827496437,5.950233388307713e-05,0.8288975972806353,0.2699355518735836,0.1776046962697327,0.0,0.972572418912458,0.4874305497396599,0.1748045321627509,0.567719151584685,0.1077358500798047,0.2069761354318315,0.4662991331438671,0.1458114589225398,0.1463304741455612,-165.7187537595169,361.4375075190338,411.9970779409487
2026-06-01T22:29:00,44,29,440029,"ARX(2,2)",-165.72063763293187,361.44127526586374,412.0008456877787,True,0,0.5479204210958722,1.811496028177651e-05,0.8316795764460914,0.2671068421353399,0.1725243642021743,0.0,0.9828176744484058,0.4829310759799836,0.1756514009058655,0.557465345591813,0.1048278331765498,0.2093094700457032,0.4744936083065679,0.1422288215812624,0.1430236054356195,-165.72063763130996,361.4412752626199,412.00084568453485
2026-06-01T22:31:58,44,30,440030,"ARX(2,2)",-165.72506080018707,361.45012160037413,412.0096920222891,True,0,0.5268957342754417,0.0005325350110495,0.8358378363000841,0.2718105167659552,0.1705058274646298,5.3103585229182007e-17,0.9643289380414616,0.4909262345742256,0.1764793047500879,0.5645368085458948,0.1056014380299049,0.2098549145574153,0.4508869325750347,0.1448893744782257,0.1618568322668543,-165.72506080419777,361.45012160839553,412.0096920303105
2026-06-01T22:35:48,44,31,440031,"ARX(2,2)",-165.7192184033848,361.4384368067696,411.9980072286845,True,0,0.5494084709135187,8.044286543253252e-05,0.8320025502602107,0.2693414588329916,0.1733288278171587,1.2395018786744322e-22,0.9765473567507692,0.484600672495044,0.1753050643492714,0.5655308908636236,0.1076464326223244,0.2072361694272219,0.4588151183786346,0.1435117743408745,0.1558896600833095,-165.71921840325948,361.43843680651895,411.9980072284339
2026-06-01T22:39:00,44,32,440032,"ARX(2,2)",-165.8184969317731,361.6369938635462,412.19656428546114,True,0,0.4825061017990373,0.000808543231671,0.8434600194077007,0.2515747936761412,0.1599847435108107,2.8654566159294245e-10,1.0504005057779102,0.4448337823230667,0.1813856409718407,0.5618750934913737,0.0979474331649139,0.2018703081115173,0.5416388625607914,0.1216516845016199,0.1182940310334527,-165.81849693251684,361.6369938650337,412.1965642869486
2026-06-01T22:40:46,44,33,440033,"ARX(2,2)",-165.8407394281794,361.6814788563588,412.24104927827375,True,0,0.133057428469565,0.0621436249643144,0.9051953872028856,0.3127297843153982,0.1146130648721792,4.766505397751069e-19,0.8326565614854345,0.4676511270623875,0.2296770656173699,0.5252436163894325,0.0696406539029762,0.2024239231845902,0.3090103354917589,0.1644745210596638,0.3221074067038491,-165.8407394283135,361.681478856627,412.24104927854194
2026-06-01T22:43:30,44,34,440034,"ARX(2,2)",-165.72086453335766,361.4417290667153,412.00129948863025,True,0,0.5258551473104369,2.13719732903735e-05,0.8361980937965009,0.2713892205165589,0.1676258503754884,8.879514625814228e-13,0.9750236138814788,0.4821534947952307,0.1770896252797918,0.5598048165024168,0.1059618667071797,0.2083618965200956,0.4702596069452517,0.1426497828524813,0.1464455768802054,-165.7208645330044,361.4417290660088,412.00129948792375
2026-06-01T22:46:14,44,35,440035,"ARX(2,2)",-165.73017337160513,361.46034674321027,412.0199171651252,True,0,0.6003922360435984,3.8049178047142426e-05,0.8224610668043011,0.2671006045317329,0.187083722992988,8.229713358776446e-09,0.9521784066449348,0.5135355769367347,0.1718356119390511,0.5815040035724339,0.1095034287773005,0.2069723954238098,0.4582048501353909,0.1500825658899191,0.1464884513656903,-165.7301733714038,361.4603467428076,412.0199171647225
2026-06-01T22:48:57,44,36,440036,"ARX(2,2)",-165.7348249156542,361.4696498313084,412.02922025322334,True,0,0.573858473687839,5.36232167451392e-05,0.825215326192692,0.2629798431191656,0.1833250385579192,3.9919622832154864e-18,0.9755441728036736,0.498379872081424,0.1754932057430158,0.5750930167195559,0.1072624478037778,0.2073166416172168,0.5189332805846824,0.1403412567597967,0.1013245874210559,-165.7348249156226,361.4696498312452,412.0292202531601
2026-06-01T22:52:40,44,37,440037,"ARX(2,2)",-165.0145804686199,360.0291609372398,410.58873135915474,True,0,0.0365338120576716,0.034627570688833,0.9534726640594324,0.4977773331604335,2.400337205239008e-07,0.0343489289727407,0.8938991457511324,0.0813138986516591,0.3819898707857573,0.5750483761502618,0.184791556516648,0.1404480772043256,0.1884720824797857,0.1284301872816459,0.4259342628018807,-165.01458046861777,360.0291609372356,410.5887313591505
2026-06-01T22:56:32,44,38,440038,"ARX(2,2)",-165.73682422799592,361.47364845599185,412.0332188779068,True,0,0.6038889151930843,0.0001589952110943,0.8207466946007093,0.2799893001396347,0.187048953789298,6.209260218373579e-10,0.9529516461825516,0.4867236550066919,0.1730276416885263,0.5807817493890352,0.1078485287045237,0.2057725344235908,0.4837135394606132,0.1468294191220376,0.128793108115229,-165.736824228759,361.473648457518,412.0332188794329
2026-06-01T22:58:55,44,39,440039,"ARX(2,2)",-165.72010521134717,361.44021042269435,411.9997808446093,True,0,0.5649647046507789,0.0001796390319868,0.8280211671270318,0.2659104277927041,0.1798135384819406,1.45154514708785e-13,0.965229232612446,0.5025614339023268,0.1748796918148197,0.5730784559443839,0.1076972133751348,0.2082726702745006,0.4673680740491168,0.1455889029604994,0.1437754113859993,-165.72010521094,361.44021042188,411.99978084379495
2026-06-01T23:01:40,44,40,440040,"ARX(2,2)",-165.68425409971087,361.36850819942174,411.9280786213367,True,0,0.024522800587552,0.0237046484904207,0.9622742003639824,0.4084534112615686,0.0103567051100652,0.0265673165703303,0.9906418811263944,0.1756899648896589,0.3532973754623176,0.5741792731982949,0.1823428746533431,0.0495897086639109,0.4545721781060341,0.1168943838333251,0.2647907965883498,-165.6842540997095,361.368508199419,411.928078621334
2026-06-01T21:17:54,45,1,450001,"ARX(2,2)",-165.8878578949696,361.7757157899392,412.33528621185417,True,0,0.1404985921791103,0.0621995476806497,0.8996912334822558,0.2842553537463404,0.1253073117606757,4.502083751744462e-22,0.8121051427741188,0.5441232895704903,0.2283518178423146,0.5301832053170275,0.0749539501562263,0.2149605616539014,0.2573133416560574,0.1707718194026177,0.3452417487976131,-165.88785790586218,361.7757158117244,412.3352862336393
2026-06-01T21:24:51,45,2,450002,"ARX(2,2)",-165.72846116692367,361.45692233384733,412.0164927557623,True,0,0.54218698298035,0.0009794587512337,0.8324841726706235,0.2739668172679462,0.1737665593605794,0.0,0.94739885437619,0.5025606346899277,0.1760859072366799,0.5684790187738578,0.1067357359643286,0.2088586463210645,0.4771582427178377,0.1461169617524219,0.133748099180652,-165.72846116966917,361.4569223393384,412.0164927612533
2026-06-01T21:28:42,45,3,450003,"ARX(2,2)",-116.67204417509586,263.3440883501917,313.90365877210667,True,0,5.182395745884979,0.2917873285392541,0.8065122833045384,0.3889078385908058,0.2226333603180453,0.0004844784161338,1.053086205966901,0.0332652455866414,0.0906076365098927,0.0332331467079691,0.0849730389310633,0.1226577735723256,0.1565176665576663,0.0255020433774898,0.3453701314868369,-116.6720441750835,263.344088350167,313.90365877208194
2026-06-01T21:31:47,45,4,450004,"ARX(2,2)",-166.07580078042506,362.1516015608501,412.71117198276505,True,0,1.0861571721078398,8.341859257996428e-05,0.7563012844597005,0.2419917792008456,0.2711332629029908,6.477360474025702e-14,0.9482938029471562,0.5674947494103306,0.1506541572588965,0.6235292645166731,0.1215126398549877,0.1910782118765648,0.4955275051889809,0.151046778410474,0.1083289920410883,-166.07580073508186,362.1516014701637,412.71117189207865
2026-06-01T21:34:12,45,5,450005,"ARX(2,2)",-165.73533461979602,361.47066923959204,412.030239661507,True,0,0.5875910762231988,2.8547995101696464e-05,0.8245464081854371,0.2537117894997385,0.1876161781525791,1.403175607975962e-12,0.9665943453827036,0.5259163688365974,0.1728146673218613,0.5919616900021842,0.1100269416179826,0.2074345090497433,0.4528220417452369,0.1489740129342968,0.1529113897376403,-165.73533462042172,361.47066924084345,412.0302396627584
2026-06-01T21:37:00,45,6,450006,"ARX(2,2)",-165.81949862036487,361.63899724072974,412.1985676626447,True,0,0.4543787063102554,4.3414069942056366e-05,0.8492232464204479,0.288044203881672,0.1441813107361007,6.113035046783399e-17,0.989168913938334,0.4346650297398142,0.1853443954240438,0.5363740797153455,0.0984595119852622,0.2060591019051024,0.5781995183800682,0.1281842014605717,0.0689573082638424,-165.8194986201574,361.6389972403148,412.1985676622297
2026-06-01T21:39:06,45,7,450007,"ARX(2,2)",-165.75471639823257,361.50943279646515,412.0690032183801,True,0,0.6323722142337463,3.141104990928557e-05,0.8150224630220526,0.245676201022999,0.2017379492705828,3.808383632649114e-13,0.958218055470724,0.5503541796765091,0.170747400437613,0.5921999846465703,0.1112419480495807,0.2093831891241684,0.449310368272211,0.1503190309766926,0.1502054606849526,-165.75471639622913,361.5094327924583,412.0690032143732
2026-06-01T21:40:59,45,8,450008,"ARX(2,2)",-165.43756885599072,360.87513771198144,411.4347081338964,True,0,0.0494590349619581,0.043027386327313,0.9426899011807262,0.5606278481165851,0.0026162917035228,0.0300850280677844,0.8392780482548122,0.0003080819002925,0.3851638312922587,0.5614348027812495,0.172389989242486,0.1882126332355865,0.2890858188215669,0.0823289168281708,0.3181720185534397,-165.4375688559603,360.8751377119206,411.4347081338356
2026-06-01T21:45:59,45,9,450009,"ARX(2,2)",-165.74109068844086,361.4821813768817,412.04175179879667,True,0,0.5644888357735403,6.144817190758102e-05,0.829663784592665,0.2802532320609204,0.1713573066625888,1.2010504848477088e-11,0.9528579880268572,0.4865108296439466,0.1742384528838903,0.561940521554482,0.1083705116254337,0.2023645217982955,0.5035306047231796,0.1471495735199679,0.1095354290176925,-165.74109069005755,361.4821813801151,412.04175180203
2026-06-01T21:48:05,45,10,450010,"ARX(2,2)",-165.7332049778937,361.4664099557874,412.02598037770235,True,0,0.5749653165021663,1.179864550003098e-05,0.826185540141859,0.2464808801018223,0.1833137035666396,3.5485560588257168e-12,0.9869177329764692,0.5200942072728919,0.1741905783777132,0.5718373443679823,0.1088943559104743,0.2080752171967596,0.468074898270279,0.1439653606549473,0.1439241528358354,-165.73320497997128,361.46640995994255,412.0259803818575
2026-06-01T21:50:03,45,11,450011,"ARX(2,2)",-165.74316013899448,361.48632027798897,412.0458906999039,True,0,0.6055226094819275,0.0001204923927133,0.8231387150606289,0.2590595393209901,0.190633796599527,1.933596831637969e-12,0.9614646914484162,0.520135459126971,0.1698483894365273,0.5836590759923003,0.1126418129467341,0.2077548070174836,0.4235906829730806,0.1526949283994047,0.1730780040989278,-165.7431601496504,361.4863202993008,412.04589072121576
2026-06-01T21:52:36,45,12,450012,"ARX(2,2)",-165.72192158832223,361.44384317664446,412.0034135985594,True,0,0.5293971126777358,0.0001215665654415,0.8353050826836076,0.2713384510128024,0.168294107841666,3.077411369036225e-05,0.9830431512333369,0.4740297851507071,0.1774177676825966,0.5621785502920719,0.1061840090479381,0.2073929073445533,0.4871198013221967,0.1406530608766193,0.1334847375400104,-165.72192158814653,361.44384317629306,412.003413598208
2026-06-01T21:54:58,45,13,450013,"ARX(2,2)",-165.72450797774962,361.44901595549925,412.0085863774142,True,0,0.5568156429247217,9.987235205363056e-05,0.8294336554408634,0.2624374094577262,0.1801615978169377,7.398435252237565e-13,0.9666463231347946,0.5082571157978274,0.1749764780083601,0.5733712868130304,0.1072184146819461,0.2094691400207083,0.4447249861474161,0.146439590610737,0.1646023284557083,-165.72450800301243,361.44901600602486,412.0085864279398
2026-06-01T21:59:38,45,14,450014,"ARX(2,2)",-165.7186400525341,361.4372801050682,411.99685052698317,True,0,0.5435667611211832,1.282547078877567e-05,0.833400383782396,0.2684210174582784,0.1726319047543574,1.278332162238126e-10,0.9743861434114452,0.4887446382151645,0.175338667351545,0.5655060627928251,0.1069048221222891,0.2081392268810548,0.4651073536009273,0.1447901105482058,0.1486551653018683,-165.71864005330838,361.4372801066168,411.9968505285317
2026-06-01T22:02:56,45,15,450015,"ARX(2,2)",-165.7646630467021,361.5293260934042,412.08889651531916,True,0,0.5179397526847346,0.0033702405319842,0.8399753670015977,0.2925120707180982,0.1565648860198333,7.202564895302977e-08,0.9812511617614424,0.4271736609819158,0.1778328529234578,0.5797383299305767,0.1051903656654512,0.200215972174978,0.472390370810702,0.1394683874707221,0.1577588631938296,-165.76466304736073,361.5293260947215,412.0888965166364
2026-06-01T22:04:50,45,16,450016,"ARX(2,2)",-165.67716799222416,361.3543359844483,411.91390640636325,True,0,0.0763850726746903,0.044201278866437,0.9342414906521352,0.5904991813268936,0.013512846313756,0.0325354399936544,0.771927812939549,4.466033725161538e-19,0.2936170181562921,0.5953403317949929,0.1489313758046242,0.1361471403098817,0.3166017310423715,0.1447196261673669,0.313306655385078,-165.67716799434908,361.35433598869815,411.9139064106131
2026-06-01T22:07:48,45,17,450017,"ARX(2,2)",-165.84308744315945,361.6861748863189,412.24574530823384,True,0,0.134499636435958,0.0618657900035542,0.9046398707986268,0.3070508495206181,0.1153312479651537,1.3018109003295071e-20,0.8298960640922932,0.481982958272356,0.2293743368486891,0.526024101398353,0.0708138764616796,0.2029562414735496,0.3151108870866688,0.1657366400409524,0.3131061552869425,-165.84308744304224,361.6861748860845,412.2457453079994
2026-06-01T22:11:20,45,18,450018,"ARX(2,2)",-165.84079357162983,361.68158714325966,412.2411575651746,True,0,0.1334173365299531,0.0621342483005572,0.9051543754824488,0.3129910230945402,0.1145005506687184,1.5503416208388726e-19,0.8325215764987052,0.46727529148062,0.2294727849319014,0.5249961770090256,0.0696973389715785,0.2025046686625714,0.3112293661778507,0.1643593076746451,0.3199551345680532,-165.8407935881638,361.6815871763276,412.2411575982425
2026-06-01T22:15:33,45,19,450019,"ARX(2,2)",-165.72153645833356,361.4430729166671,412.00264333858206,True,0,0.5615125909754153,0.0004170544089109,0.8290656200764892,0.2704000767681438,0.1781082942520081,1.0009120922302496e-08,0.969152719473946,0.4891177779053461,0.1749628031972826,0.5778429889973502,0.1064537216804108,0.2064127931141471,0.4715222718118445,0.1457997080196281,0.143252578691119,-165.7215364409625,361.443072881925,412.00264330383993
2026-06-01T22:18:43,45,20,450020,"ARX(2,2)",-166.32157199373881,362.64314398747763,413.20271440939257,True,0,1.0994070396279918,1.0084502834477503e-05,0.7421930943475885,0.2358374518869607,0.2468732708164708,4.853267484282514e-19,1.050939058347495,0.4773663285375816,0.1582404857367815,0.5114966883082911,0.121544485387251,0.1930571223659569,0.5543585522051355,0.1337075603275065,0.0680979960153415,-166.32157199371647,362.64314398743295,413.2027144093479
2026-06-01T22:20:56,45,21,450021,"ARX(2,2)",-165.75574255318753,361.51148510637506,412.07105552829,True,0,0.640922695520784,1.4835228888914954e-05,0.815238354264489,0.246489564609026,0.1988251612615069,3.2413048405016904e-09,0.9676539409805246,0.5393320700853685,0.1693278363923359,0.5880699804950318,0.1106213467887305,0.2047301774069057,0.4394736890915396,0.1485188704182701,0.1671440594441846,-165.75574255290303,361.51148510580606,412.071055527721
2026-06-01T22:23:21,45,22,450022,"ARX(2,2)",-165.7568854403603,361.5137708807206,412.0733413026355,True,0,0.4788148506982853,1.5961508372340093e-05,0.8457746608275118,0.2814138655723007,0.151973109893587,1.3317625329003356e-17,0.9900417049816086,0.4471008369757542,0.1809065341773661,0.5416717138299962,0.1007238783073804,0.2055086052166706,0.5226605596690352,0.134468824319718,0.1138454556239886,-165.75688543891468,361.51377087782936,412.0733412997443
2026-06-01T22:26:25,45,23,450023,"ARX(2,2)",-165.75888827421693,361.51777654843386,412.0773469703488,True,0,0.5543328435402506,1.509994268285478e-05,0.8316285803569731,0.2775910106290616,0.163714645687703,6.645871566986494e-08,1.0234203497878576,0.421368036252307,0.1768720818267165,0.5485248868851053,0.1067924608318213,0.2058869099339385,0.5023058604859802,0.1356676274213435,0.1259767143971261,-165.7588882747865,361.517776549573,412.077346971488
2026-06-01T22:28:50,45,24,450024,"ARX(2,2)",-165.75529959686648,361.51059919373296,412.0701696156479,True,0,0.6275994522622935,9.766223728161284e-05,0.8182621744517258,0.2538416354925649,0.1949402936842916,1.0377148530567273e-15,0.9520829392401972,0.5400113297950652,0.1697523342637194,0.5792147715634278,0.113543304479142,0.2100823660313551,0.4152464642367062,0.1527011430713597,0.1768679763126702,-165.7552995911183,361.5105991822366,412.07016960415154
2026-06-01T22:31:37,45,25,450025,"ARX(2,2)",-165.72585425287355,361.4517085057471,412.01127892766203,True,0,0.5996246044532509,3.433228715659169e-05,0.822305274567541,0.2616187234744548,0.1864268585807031,2.1282346373579518e-10,0.9701736963352606,0.5065123239390926,0.172445625141774,0.5761557534323429,0.1087999101869248,0.2060599563801124,0.4752826456831252,0.1452699406412082,0.1375113493381393,-165.72585425191767,361.4517085038353,412.0112789257503
2026-06-01T22:35:38,45,26,450026,"ARX(2,2)",-165.7996238132185,361.599247626437,412.1588180483519,True,0,0.5107514967923633,0.0002230340057494,0.843910167186019,0.301567182219203,0.1496890341213822,3.958302725626432e-18,0.985190780987335,0.4112681460889436,0.1757210250710969,0.5223580591655842,0.1055613220593448,0.2023335137737952,0.4488690328337505,0.1416557021965294,0.1755337525646465,-165.79962382593362,361.5992476518672,412.1588180737822
2026-06-01T22:37:40,45,27,450027,"ARX(2,2)",-165.720917792099,361.441835584198,412.0014060061129,True,0,0.5741737828033284,1.945622735373579e-05,0.8269967511062801,0.2684850239823265,0.1815522986775239,3.886852312336067e-10,0.9723280058024372,0.4906598246451297,0.1741425346258889,0.5753221867205358,0.1082829541895947,0.20659365676095,0.4756311187527604,0.1437239389024306,0.1399301927568603,-165.72091779208813,361.44183558417626,412.0014060060912
2026-06-01T22:40:07,45,28,450028,"ARX(2,2)",-165.93734380771974,361.8746876154395,412.4342580373544,True,0,0.4189920164759545,0.0215705569623508,0.8494263873453132,0.2658417662554269,0.1688932403916412,7.56491064869012e-16,0.9198114026306392,0.5125175449421259,0.1819930967686583,0.5557428604022858,0.1022102977066065,0.2079648227586694,0.420757005884799,0.1407911730827605,0.2009273273525603,-165.93734381265887,361.8746876253177,412.4342580472327
2026-06-01T22:43:04,45,29,450029,"ARX(2,2)",-165.72607650373644,361.4521530074729,412.0117234293878,True,0,0.5146698743420821,2.343610813923589e-05,0.8383129518977596,0.2720058409043792,0.16507903958007,1.2806869200414937e-13,0.9861610312688558,0.4697796494036246,0.1776283358294136,0.558323939200574,0.1043296129662293,0.2090241654518407,0.460612106010283,0.1422530719524717,0.1577350996256714,-165.72607650356832,361.45215300713664,412.0117234290516
2026-06-01T22:48:17,45,30,450030,"ARX(2,2)",-165.74248484952318,361.48496969904636,412.0445401209613,True,0,0.5858812606009137,0.0005337311090898,0.8285560286327158,0.2675684295489399,0.1798149196248232,3.989953035702739e-06,0.9712804121309782,0.49237991672534,0.1705995943009723,0.5899298306777733,0.1084438617264275,0.2049993466275672,0.4300272691731197,0.1473886324873125,0.1811727011907759,-165.7424848382525,361.484969676505,412.04454009841993
2026-06-01T22:50:06,45,31,450031,"ARX(2,2)",-165.7749285091398,361.5498570182796,412.10942744019457,True,0,0.464386925910866,6.887184932565164e-05,0.8513314715994359,0.2694505036435419,0.1486133247486218,2.8034473242228757e-18,0.982811960874034,0.4781486264799035,0.1789998641389673,0.5551330423431223,0.1043857635483255,0.2079861496055402,0.4189691434280524,0.1412214400880409,0.2001687402135467,-165.77492851349717,361.5498570269944,412.1094274489093
2026-06-01T22:52:14,45,32,450032,"ARX(2,2)",-146.66837049204153,323.33674098408306,373.896311405998,True,0,3.607589184312965,0.6920835422235094,0.559729803848533,0.553777084866793,0.1960929184171868,0.6387369523072015,0.1596529874456665,0.6945999477257746,0.0856565214344111,0.6260289968681478,0.0224500986411773,0.3460023492169233,-0.2338908007423544,-0.0366528134855421,0.8473764883050536,-146.6683704920235,323.336740984047,373.896311405962
2026-06-01T22:54:21,45,33,450033,"ARX(2,2)",-165.7215265098738,361.4430530197476,412.00262344166254,True,0,0.556988863737731,0.0006612089827547,0.829597184745571,0.2709096786624837,0.1762360579153563,2.871941950467824e-18,0.964817966955908,0.4920298206127076,0.1753164740710621,0.5644095084979339,0.105640535350718,0.2069912122006324,0.4802102387722781,0.1416710156360136,0.1388969539798376,-165.72152650985288,361.44305301970576,412.0026234416207
2026-06-01T22:58:41,45,34,450034,"ARX(2,2)",-165.724070753448,361.448141506896,412.0077119288109,True,0,0.5761031094712813,0.0001492097752376,0.8248062723450367,0.2641947523671468,0.1845635263204519,8.277931838371488e-16,0.9760222397149168,0.495261052994448,0.1751023204687508,0.5764628925392683,0.1070787358323204,0.208767709858706,0.4636007585337348,0.1428137386167249,0.1516016795370747,-165.72407076673272,361.4481415334655,412.0077119553804
2026-06-01T23:01:05,45,35,450035,"ARX(2,2)",-165.72423860508295,361.4484772101659,412.00804763208083,True,0,0.0773301116866704,0.0442116324370877,0.9354121701016478,0.6007699358294811,0.0157405789379029,0.029932148631115,0.7446058323082112,0.004241163759275,0.2850125733369725,0.5688882198438169,0.1453825948489109,0.1388280079193746,0.336369257238137,0.1466869968813818,0.2926831275959202,-165.72423860420886,361.4484772084177,412.0080476303327
2026-06-01T23:03:45,45,36,450036,"ARX(2,2)",-165.78396529111905,361.5679305822381,412.12750100415303,True,0,0.4791595494398276,1.133147133716719e-05,0.8440184755199305,0.2692354143600568,0.1611582246468358,9.1230203147189e-18,1.0317818208054184,0.4297255315349945,0.1807253778957371,0.5421490008996245,0.098745161230607,0.2137631597607199,0.5201670160100303,0.1288601311949282,0.1174258339276429,-165.78396529121233,361.5679305824247,412.1275010043396
2026-06-01T23:05:50,45,37,450037,"ARX(2,2)",-165.66517073514888,361.33034147029775,411.8899118922127,True,0,0.0298666428689209,0.0355676721813595,0.9567363848256716,0.5902334485062571,0.0099876656656039,0.0344529179141468,0.7810427893995453,2.013466417452621e-11,0.3640656501012301,0.6570444756430719,0.1419461074761241,0.1068619890320111,0.3881564019949394,0.1351064615022697,0.2849701953160785,-165.66517073519327,361.33034147038654,411.8899118923015
2026-06-01T23:07:57,45,38,450038,"ARX(2,2)",-165.71893619447667,361.43787238895334,411.9974428108683,True,0,0.5591922548313059,1.4560858589202623e-05,0.8303457525898212,0.2707395101239699,0.1752568969236516,1.937222625625548e-12,0.9748340432160228,0.4836559206499763,0.1748605349501292,0.566153692413192,0.1071138344105195,0.2070743930204018,0.4652911927106594,0.1447246481622253,0.1499735957626948,-165.71893619445274,361.4378723889055,411.9974428108204
2026-06-01T23:11:18,45,39,450039,"ARX(2,2)",-165.8532853446706,361.7065706893412,412.26614111125616,True,0,0.5741305776736594,0.0095535204029731,0.8301052494783296,0.2796563488136983,0.1823099674270037,4.816925091855689e-12,0.9184503670190416,0.5008591645441312,0.1713029540257636,0.6263114230093451,0.1114969592445129,0.2046530021356512,0.356259824591044,0.1640288633302132,0.2308807544261343,-165.85328532860993,361.7065706572199,412.2661410791348
2026-06-01T23:14:15,45,40,450040,"ARX(2,2)",-165.7189112026103,361.4378224052206,411.9973928271355,True,0,0.5408544967733656,3.4635850565010774e-05,0.8332519288319038,0.2704729834586823,0.1707417948438481,9.598593554846856e-18,0.9792784038827522,0.479703753636227,0.1764202595984202,0.5630271713752892,0.1059256740501389,0.2065732276471638,0.4810820320783732,0.1411847987105735,0.1396238447031926,-165.71891120278508,361.43782240557016,411.9973928274851
2026-06-01T21:44:39,46,1,460001,"ARX(2,2)",-165.7191752556123,361.4383505112246,411.99792093313954,True,0,0.5623616578237405,8.69188356123153e-05,0.8286265056276139,0.2678902386462624,0.1786910768269782,2.525372771637681e-08,0.9712949172313292,0.4927380067046431,0.1748212437401789,0.5665049315672275,0.1064355418200574,0.2068845843890712,0.4659370424686146,0.1436136826980518,0.1504111297015855,-165.71917525669153,361.4383505133831,411.997920935298
2026-06-01T21:47:59,46,2,460002,"ARX(2,2)",-165.87959776780087,361.75919553560175,412.3187659575167,True,0,0.1562560716727671,0.0660859477965153,0.8973061362705372,0.296677302196234,0.123040580377816,1.4456339180370476e-18,0.8640373259804898,0.4678537452002392,0.2252443425258212,0.5258347573118296,0.0786496742144531,0.2046725032627983,0.3316561674766632,0.1632744096219339,0.2902542498853822,-165.87959776835464,361.7591955367093,412.3187659586242
2026-06-01T21:50:23,46,3,460003,"ARX(2,2)",-141.6209984848918,313.2419969697836,363.80156739169854,True,0,5.263804997856751,7.320949311183483,0.4667066036902739,0.2524428264389813,0.4670637275124283,0.0079781826398364,0.6865029838734403,0.2040011828712843,0.019097927333514,0.2069792988913405,0.1821831697598506,0.4917212255761224,0.1706306684883801,0.2180949829092704,0.0640753579783954,-141.6209984849002,313.2419969698004,363.80156739171537
2026-06-01T21:54:02,46,4,460004,"ARX(2,2)",-165.7238596170062,361.4477192340124,412.00728965592737,True,0,0.5472967228424404,7.13446042277055e-06,0.8319357240135119,0.265923814583614,0.1743455299704488,2.6906454916613676e-20,0.9866613567733472,0.4814757223629869,0.175996922525777,0.5767485666314769,0.1052802874294602,0.2046648496873279,0.4906361687495299,0.1399941453356087,0.1351708659480026,-165.72385961683236,361.4477192336647,412.00728965557965
2026-06-01T21:55:51,46,5,460005,"ARX(2,2)",-165.74164422156605,361.4832884431321,412.04285886504704,True,0,0.4906891464289321,2.3294249691344485e-05,0.8429886422403315,0.2846347420768273,0.1586091547645036,3.625290199469144e-22,0.9679407733414712,0.4627437037790477,0.1799694673312096,0.552272892875079,0.1048066256965365,0.2089907993719425,0.4510325719755773,0.1427312542403409,0.1664963013201577,-165.74164422163102,361.4832884432621,412.042858865177
2026-06-01T21:58:13,46,6,460006,"ARX(2,2)",-165.76041117670553,361.52082235341106,412.080392775326,True,0,0.5299215589075948,0.0004294729990371,0.8356234584120172,0.3061005772391748,0.1658069674943229,9.330763441117885e-13,0.9488278199857232,0.4381257679516234,0.1772257392230918,0.5589744834290788,0.1044682501956262,0.206797996380896,0.480657280786286,0.1428865906674903,0.1397017307093482,-165.76041117627852,361.52082235255705,412.080392774472
2026-06-01T22:00:17,46,7,460007,"ARX(2,2)",-165.67713433387812,361.35426866775623,411.91383908967117,True,0,0.076671004063944,0.0443161585518616,0.9342076859594208,0.5905067653967527,0.0135902792235093,0.0324261761618502,0.771780551410181,3.099929094511632e-19,0.29293869856872,0.5950671754973414,0.1488538487418346,0.1363217612773742,0.3175921803841585,0.1445950587355243,0.3122735918938187,-165.67713433367064,361.3542686673413,411.9138390892562
2026-06-01T22:04:15,46,8,460008,"ARX(2,2)",-165.71863120397182,361.43726240794365,411.9968328298586,True,0,0.5480429017923387,2.244870464455148e-05,0.8317590062361521,0.2719930659137325,0.172610825617917,3.1248529234423454e-13,0.9796197789672856,0.4763468885051121,0.1762991102238185,0.5651647436131858,0.1071711401711757,0.2063295674052418,0.4719835798549983,0.1427758315640293,0.1457659037126817,-165.7186312031901,361.4372624063802,411.9968328282952
2026-06-01T22:09:33,46,9,460009,"ARX(2,2)",-165.7891848683335,361.578369736667,412.13794015858196,True,0,0.6897876080989387,6.016255199573998e-06,0.8063801314895307,0.2453199541886628,0.2033685791902411,2.0314735420712747e-13,1.0148839099547025,0.4944626092367119,0.1689827937328633,0.5721344155705559,0.1137636744855811,0.1992251407123477,0.4883637951016435,0.1416980696692175,0.1308376646710104,-165.78918486833354,361.5783697366671,412.137940158582
2026-06-01T22:13:48,46,10,460010,"ARX(2,2)",-165.7274837279974,361.4549674559948,412.01453787790973,True,0,0.5187280834619725,1.5379432798869503e-05,0.8378470601319191,0.2780622694592016,0.1656590264398827,2.5167824591746408e-11,0.9733370507897758,0.4705060150648697,0.1775209090150735,0.568179003667448,0.1054777450471923,0.2075157366501941,0.4525577673521931,0.1441773287956718,0.1639138027485773,-165.727483727596,361.454967455192,412.0145378771069
2026-06-01T22:18:21,46,11,460011,"ARX(2,2)",-165.36635834110137,360.73271668220275,411.2922871041177,True,0,0.6528577538188389,5.303830524775233,0.1766264309020334,0.4993332048534357,0.1088371214433265,0.4528108132018744,0.7530838856357355,0.0564961841787661,0.2996611876177568,0.0807904269950862,0.0587600948525266,0.2079137561253048,0.8859659765515149,0.0081602212893122,-0.0950447764666763,-165.36635833976658,360.7327166795332,411.2922871014481
2026-06-01T22:20:44,46,12,460012,"ARX(2,2)",-165.7330717459198,361.4661434918396,412.02571391375454,True,0,0.5118078502897857,4.616217927021054e-05,0.838450057217323,0.2781036264786084,0.1641697182636075,6.600749205972409e-06,0.963363443551022,0.4803374254353583,0.1783750039627606,0.55163061580987,0.1048705507151443,0.2106968441363901,0.495635422387324,0.1412026347299521,0.1218542368197882,-165.73307174592784,361.4661434918557,412.0257139137706
2026-06-01T22:24:52,46,13,460013,"ARX(2,2)",-165.76803510494636,361.5360702098927,412.09564063180767,True,0,0.4757477344513496,0.0004985885955917,0.8485432513486262,0.2678063254922352,0.1500432319911961,1.158011131898578e-07,1.0063042167059313,0.4570908360034568,0.1797407573357971,0.5499151023124393,0.1081916893352149,0.2075306142425667,0.4243167909307449,0.1429048100454484,0.1908103435472458,-165.76803510468008,361.53607020936016,412.0956406312751
2026-06-01T22:27:11,46,14,460014,"ARX(2,2)",-165.74972993865435,361.4994598773087,412.05903029922365,True,0,0.6381464426634108,7.027799922734706e-05,0.8156845084051061,0.2570763202074868,0.1985025919137301,2.0055414208252405e-13,0.9658414177541672,0.519838168752728,0.1698774994527387,0.5903895373164464,0.1123537600672439,0.2064514239297424,0.4370383751033426,0.1502979281142996,0.1644185854760678,-165.7497299330588,361.4994598661176,412.05903028803255
2026-06-01T22:31:55,46,15,460015,"ARX(2,2)",-166.01897145587458,362.03794291174916,412.5975133336641,True,0,0.8081735146399891,1.6800389423931184e-05,0.7889257570309548,0.251789346595843,0.2209586222154904,9.91712031467316e-16,0.9221228184935224,0.5742588969098282,0.1631808372030397,0.6145458763937733,0.1096306229838439,0.1909006605513887,0.6201433530093183,0.1405052952202634,0.0117633918454719,-166.01897145571633,362.0379429114327,412.5975133333476
2026-06-01T22:35:10,46,16,460016,"ARX(2,2)",-165.76811672790066,361.5362334558013,412.09580387771626,True,0,0.6199281183171202,4.023886158746245e-05,0.8173621092793498,0.2647332690672918,0.1892650793274127,5.887981944552861e-16,1.0121597401944835,0.458285134890142,0.1735399420532824,0.5902667748837525,0.1077025898262884,0.1987768968241333,0.5143776149281826,0.137936563858528,0.1183264611361225,-165.768116727995,361.53623345599,412.0958038779049
2026-06-01T22:37:44,46,17,460017,"ARX(2,2)",-165.74895072069802,361.49790144139604,412.057471863311,True,0,0.5982461158243487,0.0010492688775286,0.8229291673973008,0.2673766263576591,0.1887261593713994,2.8171477648431997e-13,0.9432333785185956,0.5189692985504026,0.171418043735817,0.5778390159868056,0.1106304991170656,0.2104135754891319,0.4300368228102322,0.1496288752322742,0.1692486007565874,-165.7489507220867,361.4979014441734,412.0574718660884
2026-06-01T22:40:15,46,18,460018,"ARX(2,2)",-165.78090236679435,361.5618047335887,412.12137515550364,True,0,0.5379002177740312,0.0141456329512214,0.8342697943630664,0.2765651342576588,0.1710956516814284,1.6107116462153972e-11,0.9437744805610352,0.4710667266943217,0.1758839632197341,0.5835300314725737,0.1049226726208626,0.2068365757358954,0.4631733903470616,0.1430118584992388,0.1543121032784092,-165.7809023673227,361.5618047346454,412.1213751565604
2026-06-01T22:43:09,46,19,460019,"ARX(2,2)",-165.78505455850183,361.57010911700365,412.1296795389186,True,0,0.4838051170060793,0.0001726875946515,0.8433734958412317,0.2744409417767251,0.1501030943566188,3.0323049179418083e-09,1.0303783680125296,0.4204157348628609,0.1836247765159183,0.5565230510336195,0.102117886412317,0.200926886092617,0.5077658162902816,0.1234582711772371,0.144917420976157,-165.7850543094935,361.570108618987,412.1296790409019
2026-06-01T22:46:48,46,20,460020,"ARX(2,2)",-165.72174299598535,361.4434859919707,412.00305641388564,True,0,0.5609970863813583,0.0004114521615596,0.8291317326817103,0.2729303875058865,0.1785138746416263,1.6268037640517022e-14,0.9693053063070424,0.4839771193478331,0.1750994409680943,0.5759919003742318,0.1066730062208829,0.2066754686099256,0.4681084027808192,0.1446795996912385,0.1472834430586238,-165.72174298902644,361.4434859780529,412.0030563999678
2026-06-01T22:50:35,46,21,460021,"ARX(2,2)",-166.86244104653872,363.72488209307744,414.2844525149924,True,0,3.022029097893077,0.049961812874627,1.2633029846322872e-16,0.6052336692194358,8.398892863161885e-18,0.3597060885490548,0.7472302844126127,1.1186383097728865e-17,0.2026148143679903,0.4518502349140584,0.0993002452785169,0.2223620418518469,0.5254335249070625,0.0540844005921209,0.1691665572538211,-166.86244104769912,363.72488209539824,414.2844525173132
2026-06-01T22:52:58,46,22,460022,"ARX(2,2)",-165.7183178741945,361.436635748389,411.99620617030394,True,0,0.5512198424612911,1.6576548571970677e-05,0.8310662448280661,0.2663280374982184,0.1748058105724677,1.6944823636681976e-23,0.9804551266259632,0.4868530888591779,0.1756394334201326,0.5677690825171671,0.1072613695987748,0.206166501308137,0.4693717598649529,0.1439598980303628,0.1466091428373971,-165.71831787238318,361.4366357447664,411.9962061666813
2026-06-01T22:56:25,46,23,460023,"ARX(2,2)",-165.73237716726328,361.46475433452656,412.0243247564415,True,0,0.5688092865056885,3.763546044496925e-05,0.8286311736705987,0.2716855386087101,0.1793257628287183,1.3632076102736313e-12,0.9525264024711684,0.5040205861112342,0.1731950157772015,0.5747432593041646,0.108392969192808,0.2083331992902009,0.427330235315414,0.1510245056797135,0.1747894597810355,-165.7323771674667,361.4647543349334,412.02432475684833
2026-06-01T22:59:45,46,24,460024,"ARX(2,2)",-165.488697023579,360.977394047158,411.5369644690729,True,0,0.0452879454221791,0.0404056964073915,0.9514532048496532,0.5153405946621162,0.0086268934529993,0.0305591643410478,0.8709988839176281,0.0629546446052204,0.3126526351319462,0.567278262801841,0.173927730854483,0.1039201698717754,0.3257224807197135,0.1390970155841898,0.3217724520663798,-165.4886969970359,360.9773939940718,411.53696441598674
2026-06-01T23:03:11,46,25,460025,"ARX(2,2)",-165.74101783690793,361.48203567381586,412.0416060957308,True,0,0.5417354353560389,0.0046464500198816,0.8333257353216804,0.2822608254219314,0.1751324062807556,8.608548251715919e-16,0.9568137408452382,0.4684477411678455,0.1760003874593518,0.572271676042179,0.1070932665544614,0.2071472720414214,0.4725325188955777,0.1441582056816799,0.143822822246876,-165.74101782535877,361.48203565071753,412.0416060726325
2026-06-01T23:06:41,46,26,460026,"ARX(2,2)",-165.72323331767765,361.4464666353553,412.00603705727025,True,0,0.5621349691368819,8.9575669955175e-06,0.8284327091771618,0.2680394912154085,0.1791807317198912,1.3334233489619747e-09,0.9545759693741012,0.50932609604806,0.1747292221025674,0.5625401174873104,0.1070599064857837,0.208415768383384,0.4645412845955729,0.1466086885006103,0.1455172596065674,-165.72323331706363,361.44646663412726,412.0060370560422
2026-06-01T23:08:51,46,27,460027,"ARX(2,2)",-165.84076448335423,361.68152896670847,412.2410993886234,True,0,0.1334232117488493,0.0621863935581276,0.9050768441948313,0.3123992672837221,0.1147705543528529,9.865476313037737e-09,0.8331010225756903,0.4678847928494329,0.2294905669766739,0.5245618124972314,0.0698766601272743,0.2024855124983983,0.3085262812408109,0.1644171131501557,0.3223453617987565,-165.84076448340198,361.681528966804,412.2410993887189
2026-06-01T23:11:39,46,28,460028,"ARX(2,2)",-165.72683764495912,361.45367528991824,412.0132457118332,True,0,0.5877129979101579,1.3965773558364089e-05,0.824846366243273,0.2555808610353705,0.1848671652444522,3.290362043834094e-12,0.97398836380659,0.5148187065374988,0.1726794518789966,0.5754950832040926,0.1088633872616183,0.2093857100101475,0.4568109805349112,0.1460589303950743,0.1511901975833577,-165.726837645047,361.453675290094,412.01324571200894
2026-06-01T23:13:46,46,29,460029,"ARX(2,2)",-165.72681777241982,361.45363554483964,412.0132059667546,True,0,0.5776281287970062,3.588722085327983e-05,0.8251826855318803,0.2596053084202948,0.1843538310416884,1.920144257292461e-11,0.9663682238544636,0.5143418738826044,0.1742204542158736,0.5746013100574694,0.1065163476518973,0.2063426434109808,0.4920395811900405,0.1442123267077074,0.1244199330316864,-165.72681777311794,361.4536355462359,412.0132059681508
2026-06-01T23:15:52,46,30,460030,"ARX(2,2)",-165.72160731461764,361.4432146292353,412.0027850511502,True,0,0.5443221277102444,8.222796561834183e-05,0.8329943349379205,0.2683591442226629,0.1737358063102484,1.6779789713812112e-08,0.9697556400623332,0.4933488618710383,0.1753919514734573,0.5708269928501677,0.1074492054544079,0.2081669297700564,0.4491270892000577,0.1447260129608534,0.1632017808359559,-165.72160731865603,361.44321463731205,412.002785059227
2026-06-01T23:19:48,46,31,460031,"ARX(2,2)",-165.72117024480468,361.44234048960936,412.0019109115243,True,0,0.5666262318783319,0.0006667333707765,0.8280208733214627,0.2662294298213091,0.1790922213657098,3.372534990550032e-12,0.9735639010385536,0.492529173575501,0.1749330883600844,0.5731410534763308,0.1081074323041878,0.2057977440379828,0.4628129047408558,0.1446143195637066,0.1517517169624531,-165.7211702261175,361.442340452235,412.0019108741499
2026-06-01T23:21:27,46,32,460032,"ARX(2,2)",-165.71826352802026,361.4365270560405,411.99609747795546,True,0,0.5547703496270536,0.0001786365646017,0.8301134165573898,0.2679127706895234,0.1762727715824573,1.302222139567847e-12,0.972861730557224,0.4909338057888627,0.1756321714165631,0.56700012194824,0.1073997789334276,0.2073986164662697,0.4738685787063115,0.143946021160269,0.1409513539640436,-165.7182635276857,361.4365270553714,411.9960974772864
2026-06-01T23:23:59,46,33,460033,"ARX(2,2)",-166.59527628880483,363.19055257760965,413.7501229995246,True,0,2.624033700300182,0.0562978118781628,3.073548032007453e-07,0.5752948979945738,1.0572637431239235e-10,0.431461835795134,0.807649184964912,5.489645340172966e-10,0.2158170693857987,0.4342503311804344,0.099622519738743,0.2173520433075292,0.5307334974897355,0.0457083148166432,0.1761574756854653,-166.59527628954422,363.1905525790884,413.7501230010034
2026-06-01T23:26:13,46,34,460034,"ARX(2,2)",-165.84330482504276,361.68660965008553,412.24618007200047,True,0,0.6342252596876602,1.966391456955622e-05,0.8126475805867848,0.2144464118668616,0.2128451140386569,1.123065734795261e-12,0.9384907859200876,0.6325662467016919,0.1698309047034484,0.5896605644092445,0.1087191053970132,0.2147949961740177,0.4705687508302744,0.1472639250690267,0.1278580751068026,-165.84330481351896,361.6866096270379,412.2461800489529
2026-06-01T23:28:02,46,35,460035,"ARX(2,2)",-165.74533679054767,361.49067358109534,412.0502440030103,True,0,0.5250632896912699,0.0018999560024095,0.8368240287899189,0.2913180465427569,0.166512606461562,8.836148796440468e-07,0.9429180387469448,0.471158207178395,0.1762984985313429,0.5626948500009553,0.1040485870514549,0.2090250053007586,0.4679055376219834,0.1453135065952698,0.14631284306597,-165.74533662191868,361.49067324383736,412.0502436657523
2026-06-01T23:31:15,46,36,460036,"ARX(2,2)",-165.53091435935744,361.0618287187149,411.6213991406298,True,0,0.0387746845289099,0.0496874760213306,0.9544673814713632,0.5095374302336348,0.0041772157663848,0.0251797237991982,0.8872853909070784,0.0508159305934444,0.3863029340878167,0.576994786110172,0.1728906651770423,0.1464855115364176,0.1962390099629451,0.1320120394274385,0.4231754100751452,-165.53091436009262,361.0618287201853,411.6213991421002
2026-06-01T23:34:27,46,37,460037,"ARX(2,2)",-165.73409256746032,361.46818513492065,412.0277555568356,True,0,0.5205178276895925,3.862704464768666e-05,0.8382263698292526,0.2844677835362921,0.1621993664592766,7.339192379718803e-16,0.9572953828325962,0.4736930127393483,0.177046541633612,0.5481570337259012,0.1051341801919295,0.2065242012092301,0.4751960938835891,0.1445081844205817,0.1422082422950421,-165.73409256736528,361.46818513473056,412.0277555566455
2026-06-01T23:36:39,46,38,460038,"ARX(2,2)",-166.29498073230172,362.58996146460345,413.1495318865184,True,0,0.3966329034744936,0.0310393404126435,0.8638004999806962,0.4049968485045515,0.119973686015432,4.637913626486385e-20,1.001154895870123,0.1373055291454417,0.1927387209010283,0.6257793660021521,0.08523233537383,0.2267129992697761,0.5698678534151588,0.0966284928659865,0.1002941204458263,-166.29498073204957,362.58996146409913,413.1495318860141
2026-06-01T23:40:00,46,39,460039,"ARX(2,2)",-165.72446830742112,361.44893661484224,412.0085070367572,True,0,0.5900382800072997,0.000283647744411,0.823835285852387,0.2604576291951879,0.1840803300069775,1.440900358878618e-05,0.9752345674791864,0.5032265971236487,0.1733815425776444,0.5750301439047324,0.1093352545926368,0.206267780803092,0.470170870513509,0.1450911308873921,0.1420629502784743,-165.7244683069276,361.4489366138552,412.00850703577015
2026-06-01T23:42:54,46,40,460040,"ARX(2,2)",-165.72182351209605,361.4436470241921,412.00321744610704,True,0,0.5736186539236101,9.832452443052654e-07,0.8264946725734068,0.2692934462420072,0.178488832457211,5.606767770195203e-09,0.9857777472066988,0.4756333285718098,0.1753800340697032,0.5672656229449933,0.1084559707666303,0.2043906258522774,0.4822322279977272,0.1425134333939418,0.136433360616639,-165.72182351264178,361.4436470252836,412.0032174471985
2026-06-01T21:34:07,47,1,470001,"ARX(2,2)",-165.78929303607038,361.57858607214075,412.1381564940557,True,0,0.6682970493733151,0.0032739363176432,0.8125669578026616,0.2766821986473041,0.1863667918853027,2.9916900856031114e-14,0.9779679055718375,0.4622679801487787,0.1695604524025138,0.5686368084619868,0.1110756817060552,0.1951934879775885,0.5185345121565653,0.1428776551982799,0.10656382828758,-165.7892930256575,361.578586051315,412.13815647323
2026-06-01T21:36:27,47,2,470002,"ARX(2,2)",-166.2925668069777,362.5851336139554,413.14470403587035,True,0,1.1064812372136883,2.7526914771867187e-05,0.7497511711314487,0.1278118331713501,0.3263372467859134,1.168243200316421e-14,0.8645311077478025,0.8797183855650634,0.1486939992610542,0.7441645922255485,0.1270293536921098,0.2169799764637323,0.3941231351691931,0.1547452583003333,0.1651613433411176,-166.29256680683034,362.5851336136607,413.1447040355756
2026-06-01T21:38:37,47,3,470003,"ARX(2,2)",-165.72667967866107,361.45335935732214,412.0129297792371,True,0,0.5084643850696012,5.465325684791809e-06,0.8394641360832296,0.2749655599631436,0.1625754709147713,4.476389106807164e-08,0.9812760929352076,0.4687818262588897,0.178664379682403,0.5530941361922067,0.1042280499772902,0.208622110839393,0.4788290334581491,0.1399695631078905,0.1434070903253276,-165.72667968112427,361.4533593622485,412.0129297841635
2026-06-01T21:40:41,47,4,470004,"ARX(2,2)",-165.72217257129552,361.44434514259103,412.003915564506,True,0,0.5741014297107827,9.949326121757382e-05,0.8270390090260111,0.2640876034937139,0.1814363879905611,7.173892724930134e-14,0.9635718846877754,0.5080335347862671,0.1737486010988944,0.5736756402689257,0.1087109852015037,0.2088351019114614,0.4560313519064072,0.1463640258750133,0.1521650811833211,-165.7221725670982,361.4443451341964,412.00391555611134
2026-06-01T21:43:01,47,5,470005,"ARX(2,2)",-165.72316630431584,361.4463326086317,412.0059030305466,True,0,0.5442218866614763,0.0001469907487637,0.8320019115203632,0.2707931676569199,0.1742896055287977,1.9717897869068684e-05,0.9557092421206692,0.5023940524421605,0.1760957674011618,0.5646113403881471,0.1071830859486377,0.2090803235343824,0.4605741873024666,0.1451330420462519,0.150496284228566,-165.72316630912707,361.4463326182541,412.0059030401691
2026-06-01T21:47:12,47,6,470006,"ARX(2,2)",-165.73378469354913,361.46756938709825,412.0271398090132,True,0,0.5813266409269406,0.0008471133606566,0.8250994071276666,0.2488493040766094,0.1841203089441098,1.6721866958032898e-11,0.98154405797268,0.5189292324911184,0.1739714629004786,0.5750271242394829,0.1087555401475355,0.2093781630617522,0.4634052760324675,0.1432978062271668,0.1480813522674965,-165.7337846920701,361.4675693841402,412.0271398060551
2026-06-01T21:49:31,47,7,470007,"ARX(2,2)",-165.84169127173564,361.6833825434713,412.2429529653862,True,0,0.1321665490565467,0.0617639699450477,0.9052162591343914,0.3120507059069464,0.1148182309858039,2.4033004019951876e-10,0.8250287294544418,0.4768782666465454,0.2298061914391219,0.522656217529412,0.0693487607064012,0.2038169323643224,0.301889492453489,0.1662959713989668,0.3256917910557326,-165.84169128192522,361.6833825638504,412.2429529857654
2026-06-01T21:51:31,47,8,470008,"ARX(2,2)",-166.13461418618414,362.2692283723683,412.8287987942832,True,0,0.1331165642233445,0.0779652672405066,0.9012662766462888,0.293648736333518,0.1101975418838432,2.997059192275384e-07,0.8578430291394086,0.4677559386341927,0.2467464617799355,0.5190302847403916,0.0885792710830496,0.1829078155849995,0.3159340798026748,0.1472418459997235,0.3308374705008918,-166.13461418964215,362.2692283792843,412.8287988011992
2026-06-01T21:55:22,47,9,470009,"ARX(2,2)",-165.75633843916074,361.5126768783215,412.0722473002364,True,0,0.5014324913903423,0.0007894872948558,0.8415444661767658,0.2973242287970131,0.1557467948273133,4.2577063689298366e-17,0.96200235079583,0.4418746647063484,0.1791746831810661,0.5547247404624235,0.1001976419909152,0.2087298112403779,0.5036043014929293,0.1355287838766856,0.1282736501433292,-165.75633843720533,361.51267687441066,412.0722472963256
2026-06-01T21:58:20,47,10,470010,"ARX(2,2)",-165.71916760142898,361.43833520285796,411.9979056247729,True,0,0.5625213136225997,6.082490000078351e-05,0.8286037774865362,0.2673643286731586,0.1768446259199143,1.0416819704452771e-10,0.981517986010662,0.4836279738848306,0.1754107854586403,0.5655251370972543,0.1068070487888158,0.2062037160687828,0.4827547158456464,0.1425734265222027,0.1354345379582352,-165.7191676002024,361.4383352004048,411.99790562231976
2026-06-01T22:00:15,47,11,470011,"ARX(2,2)",-165.74057811584822,361.48115623169645,412.0407266536114,True,0,0.5766251890816024,2.042105847625244e-05,0.8284906236973992,0.2565191210743516,0.1810484688915109,7.0891831430539906e-15,0.9817840489816032,0.5051315842937502,0.1721724057370876,0.5842371119099092,0.1103324782429492,0.2071680275010114,0.4200947268804767,0.1472774411746898,0.1866415920022613,-165.74057810800866,361.4811562160173,412.04072663793227
2026-06-01T22:02:28,47,12,470012,"ARX(2,2)",-165.84075893365977,361.68151786731954,412.2410882892345,True,0,0.1333006715133041,0.0623165732766725,0.9051181951714858,0.3123136707708426,0.1146786623594432,4.259912237036156e-16,0.8331005585026443,0.4678097051931562,0.2296254126835918,0.5252933783794985,0.0698172717519449,0.20258387452984,0.3079289661090773,0.1645506600799504,0.3227010616285015,-165.84075893323222,361.6815178664645,412.2410882883794
2026-06-01T22:04:23,47,13,470013,"ARX(2,2)",-166.11668608023535,362.2333721604707,412.79294258238565,True,0,1.1109356915409154,0.0003248099483133,0.7510311547028616,0.194705569238155,0.3034710819702746,5.743397374646039e-12,0.8894128972759934,0.7200398492848823,0.1490716631830433,0.6851534439033329,0.1249481602402408,0.2036084190926106,0.466405753993208,0.1564472837481904,0.1105102664993385,-166.1166861029439,362.2333722058878,412.79294262780274
2026-06-01T22:06:31,47,14,470014,"ARX(2,2)",-165.72112659859994,361.4422531971999,412.0018236191148,True,0,0.5771479869765478,9.996462816896004e-05,0.825555518869239,0.265132228858589,0.1826874002396054,8.609975124484135e-07,0.9723619904362724,0.4971565054846554,0.1743291705286831,0.5744794368932146,0.1078289855718178,0.2069452757477762,0.4762220136912165,0.1428108007832757,0.1395823499626474,-165.72112655023054,361.4422531004611,412.001823522376
2026-06-01T22:08:39,47,15,470015,"ARX(2,2)",-165.9437315411425,361.887463082285,412.44703350419996,True,0,0.8276495538853775,0.0002227051510436,0.783608616135623,0.2226847284984547,0.259110655754689,1.8858317828431614e-12,0.895371441053396,0.6585688156251988,0.1595959727659385,0.6499697762604307,0.1137921937142172,0.2065515314218356,0.4752797933635536,0.1511620660968441,0.1192886625096846,-165.9437315322337,361.8874630644674,412.4470334863824
2026-06-01T22:11:06,47,16,470016,"ARX(2,2)",-165.72154741248858,361.44309482497715,412.0026652468921,True,0,0.5784261049948675,2.3772467348691958e-05,0.8264731220374923,0.2663931546676836,0.1812717010102614,1.2128664876395802e-13,0.973292388609452,0.4938694895036784,0.173646950630395,0.5729391513781474,0.1094237149665227,0.2061328923396639,0.4569109598390136,0.1464853240460078,0.153620080485385,-165.72154741183675,361.4430948236735,412.0026652455885
2026-06-01T22:13:10,47,17,470017,"ARX(2,2)",-165.71889752886557,361.43779505773114,411.9973654796461,True,0,0.5593036313914856,0.0001210675466601,0.8300256798175503,0.2699119810531339,0.1752441468525791,1.4630841365276114e-17,0.9777250372767008,0.4821927787628927,0.1754588963099997,0.5668389878150688,0.1077278798285588,0.2069658680931201,0.4760608640455208,0.143040401944007,0.1408533106009884,-165.71889752538436,361.4377950507687,411.99736547268367
2026-06-01T22:18:01,47,18,470018,"ARX(2,2)",-165.82825099618523,361.65650199237047,412.2160724142854,True,0,0.760470156026889,8.298049219494459e-05,0.7940859680714623,0.2350711077309342,0.2229887200421286,1.5553655931545694e-16,0.9646914450909564,0.564963228944346,0.1650992137903559,0.603430713989508,0.1146971704714279,0.2021363072424514,0.4660401440561187,0.150036750111726,0.1363465484245198,-165.828250815319,361.656501630638,412.2160720525529
2026-06-01T22:20:22,47,19,470019,"ARX(2,2)",-165.7292975956703,361.4585951913406,412.0181656132555,True,0,0.5439008748168328,0.0006362051135319,0.8331947636711291,0.2722520743462855,0.1713172550209178,0.0,0.9804761388104796,0.4736538911980413,0.1757289424908546,0.5563632030509028,0.1075787405349514,0.2090809580351215,0.4406669876122387,0.1426519499200402,0.1730727735222725,-165.7292975921817,361.4585951843634,412.01816560627833
2026-06-01T22:23:57,47,20,470020,"ARX(2,2)",-165.7220369950369,361.4440739900738,412.0036444119887,True,0,0.5693273881612355,0.0001624799129084,0.8281520644091785,0.2640516690708488,0.1790505471511228,2.691131013062287e-13,0.967195229488847,0.5043524848682569,0.1740074051686533,0.5662980289164274,0.1089338951264512,0.2088456801926672,0.4542846951613975,0.1452198200026604,0.1542911198463774,-165.7220370081442,361.4440740162884,412.00364443820337
2026-06-01T22:26:10,47,21,470021,"ARX(2,2)",-165.84075211885272,361.68150423770544,412.2410746596204,True,0,0.1330210583933812,0.0622056125359256,0.9052488554019132,0.312643912275339,0.1145220931634654,1.7961298726432514e-06,0.832710159895268,0.4676508076645284,0.2295980585530556,0.5255904714500635,0.0695712991054852,0.2023686313884505,0.3092179873644537,0.1645165222231619,0.3220032596132651,-165.84075211352553,361.6815042270511,412.241074648966
2026-06-01T22:28:59,47,22,470022,"ARX(2,2)",-165.77000179334595,361.5400035866919,412.09957400860685,True,0,0.6635487583672548,1.1914686823719485e-05,0.8114583986506374,0.2465187357970355,0.2048357812909426,4.239641055656193e-16,0.9841136986608512,0.522819728430839,0.1685428536326133,0.600859090593286,0.1126392725223087,0.2062796457411033,0.4640582554727609,0.1499209856931738,0.1386888325450156,-165.77000179553352,361.54000359106703,412.099574012982
2026-06-01T22:34:27,47,23,470023,"ARX(2,2)",-165.72079881634318,361.44159763268635,412.0011680546013,True,0,0.574304734321004,2.189225368160136e-05,0.826448007504717,0.2656729069784515,0.1819492680269556,1.8219408609086986e-17,0.9746145404664208,0.4939918506763843,0.1743642228926412,0.574268532613871,0.1084441620795265,0.2070027094116459,0.4613627017850503,0.144817343318765,0.151456513039899,-165.72079881032977,361.44159762065954,412.0011680425745
2026-06-01T22:37:21,47,24,470024,"ARX(2,2)",-165.7382988471454,361.4765976942908,412.0361681162057,True,0,0.6277119862061437,1.4023155624939514e-05,0.8169077980586944,0.2585050155101001,0.1886519351608909,2.8036037923112355e-09,0.9880820665282531,0.494877348847297,0.171882066575652,0.5722557968627856,0.1103110331896092,0.201893491948916,0.4828046737017766,0.1442575692005319,0.1335411611276141,-165.7382988476491,361.4765976952982,412.0361681172132
2026-06-01T22:40:27,47,25,470025,"ARX(2,2)",-165.72055970669362,361.44111941338724,412.0006898353022,True,0,0.5783090933703876,1.416186166475234e-05,0.8259904890678971,0.2681854465907947,0.1812696090419804,1.8782104345973618e-11,0.9646291846350558,0.4989695311880463,0.1737632308044209,0.568889492187399,0.1081073407956029,0.2070462527408008,0.4672858954402046,0.1458915346172846,0.144154141322624,-165.72055970649512,361.4411194129903,412.0006898349052
2026-06-01T22:42:23,47,26,470026,"ARX(2,2)",-165.7459278472765,361.491855694553,412.05142611646795,True,0,0.4781718814763945,2.8971103572793385e-05,0.8450831962582618,0.2716207042680181,0.1535548785836257,1.778544808978353e-16,0.9872192127476206,0.4694819743478477,0.1818339888924059,0.5533350522082073,0.1036700830531858,0.2097057453143994,0.4928834337782247,0.1388379616017689,0.1303485080220664,-165.74592786972812,361.4918557394562,412.0514261613712
2026-06-01T22:44:52,47,27,470027,"ARX(2,2)",-165.72053653234542,361.44107306469084,412.0006434866058,True,0,0.5763492239974648,0.0002608823489163,0.8271112265515916,0.2690076672298883,0.1794547996485215,8.028893522745046e-18,0.9715643829127556,0.4898661250748353,0.1736681009759159,0.5671411289419475,0.1081703331480747,0.2055071463813686,0.4699318080399924,0.1450900173185788,0.1444666061333399,-165.7205365125942,361.4410730251884,412.00064344710336
2026-06-01T22:47:15,47,28,470028,"ARX(2,2)",-165.72393759392523,361.44787518785046,412.0074456097654,True,0,0.5564094810525065,0.0013892538473216,0.8299924336757413,0.2724519184058729,0.174424354510771,5.6065888410465593e-14,0.9636088569024708,0.488659677636673,0.175800744605631,0.5652367864124137,0.1069831561540595,0.2079381734435733,0.4843588269016937,0.1423404968955962,0.1322517660917075,-165.72393759704852,361.447875194097,412.007445616012
2026-06-01T22:49:18,47,29,470029,"ARX(2,2)",-165.84078576450133,361.68157152900267,412.2411419509176,True,0,0.1326464255157314,0.0620991189419801,0.9054267541268184,0.3137356482913674,0.1142308494709006,3.56852324814442e-18,0.8321094580546559,0.4662354233197591,0.2297892229497,0.525300657287032,0.0693921201351162,0.2024591352368361,0.3108733478969042,0.164378110099488,0.3206772328256709,-165.8407857626877,361.6815715253754,412.2411419472903
2026-06-01T22:50:28,47,30,470030,"ARX(2,2)",-165.84089039393933,361.68178078787867,412.2413512097936,True,0,0.1329703948175072,0.0621577317871463,0.9053191804225794,0.314126365203828,0.1142759476671193,6.209360122472426e-20,0.8332419875147054,0.4641138318421062,0.2298124309719213,0.5261324925785251,0.0693677093187433,0.2021527964680245,0.3126151098491525,0.1642340711186983,0.3194672812049547,-165.84089039372392,361.6817807874479,412.2413512093628
2026-06-01T22:52:29,47,31,470031,"ARX(2,2)",-165.7443944615801,361.4887889231602,412.04835934507514,True,0,0.6229928704963416,9.990543285451e-05,0.8191776664670862,0.2495119063190624,0.1905425545476594,2.996167180145397e-18,0.9864629169826976,0.5142650347325368,0.1709541428682236,0.5857689699507261,0.1128401820335467,0.2063121525489589,0.4542060170277942,0.1479758110788578,0.1505990766289952,-165.74439448846607,361.48878897693214,412.0483593988471
2026-06-01T22:56:17,47,32,470032,"ARX(2,2)",-166.02448455684456,362.0489691136891,412.60853953560405,True,0,0.9990505831832084,0.0001261395854753,0.767057680654476,0.2452828592676864,0.2515622238775994,4.432655001172394e-16,0.9605580797845736,0.5485598860393631,0.1540350121117094,0.6088746394480373,0.1167112747594476,0.190687526579751,0.5266137705922628,0.1448071302842579,0.0927078651859122,-166.02448456001457,362.04896912002914,412.6085395419441
2026-06-01T22:58:51,47,33,470033,"ARX(2,2)",-165.99503121391035,361.9900624278207,412.54963284973564,True,0,0.9735162180243082,2.0449761077911742e-05,0.7650466022170637,0.2176429222284865,0.2724136898001703,1.0239800385848026e-12,0.9379895771318896,0.6266647174423259,0.1555108450519088,0.6380684558835342,0.1218865957576616,0.2008604943044313,0.4742414777277815,0.1499863131224664,0.1190211399573396,-165.99503121344264,361.9900624268853,412.5496328488002
2026-06-01T23:01:57,47,34,470034,"ARX(2,2)",-165.7230999061818,361.4461998123636,412.00577023427854,True,0,0.5869037093915217,1.342437085558665e-05,0.8245496414230243,0.2651187236507711,0.1816091823043245,3.806272451002566e-16,0.982919383937826,0.4868142185107569,0.1738948360375106,0.573245406774297,0.1089902740730284,0.2056295238341915,0.47823672356122,0.1438567546639305,0.1369079436366772,-165.72309990562826,361.4461998112565,412.00577023317146
2026-06-01T23:04:34,47,35,470035,"ARX(2,2)",-165.74091553582116,361.4818310716423,412.04140149355726,True,0,0.5087837563092211,7.13716992599525e-05,0.8401547093318401,0.2849910002284614,0.1625710910781974,5.61401467566854e-17,0.9516385368738498,0.4782401211800565,0.1771059032620533,0.5447385565528114,0.1041090443576496,0.2122095866833719,0.4592201659621736,0.1428898150906357,0.1542401705736132,-165.74091553591262,361.4818310718253,412.0414014937402
2026-06-01T23:07:42,47,36,470036,"ARX(2,2)",-165.341920387149,360.683840774298,411.24341119621295,True,0,0.0474853928345492,0.0455062805715452,0.9459544583595652,0.5178468951438664,0.0038735197511177,0.0266184163272333,0.8777224634745688,0.0463157010268434,0.3898631308649516,0.5770378260939087,0.1724298179155282,0.1604923634709687,0.1713797101293268,0.1344471675133275,0.4263310869186086,-165.34192038715162,360.6838407743032,411.2434111962182
2026-06-01T23:12:03,47,37,470037,"ARX(2,2)",-165.73998814909228,361.47997629818457,412.0395467200995,True,0,0.6156870123110119,1.929929376862483e-05,0.8189874721876206,0.2585406773649716,0.192731256436339,5.15363959762541e-07,0.9521587072945612,0.5307153585153525,0.1714232736264953,0.5821359468851635,0.1115988707048749,0.2075061343498616,0.4398847691190082,0.1492747576796607,0.1618781729183663,-165.73998607610906,361.4799721522181,412.03954257413307
2026-06-01T23:15:52,47,38,470038,"ARX(2,2)",-165.76377758201045,361.5275551640209,412.08712558593584,True,0,0.5787966078680951,1.4628187677188207e-05,0.8268045210404609,0.2492880006127472,0.1820682700523424,4.72116705176602e-11,1.0255934793800063,0.4757967698641371,0.174408705455397,0.5815914907158548,0.1103552826048711,0.2075998220190811,0.4518053984872617,0.1348457893457261,0.1717664895732389,-165.76377758081878,361.5275551616376,412.0871255835525
2026-06-01T23:18:12,47,39,470039,"ARX(2,2)",-165.3939621090209,360.7879242180418,411.3474946399567,True,0,0.0464227772487014,0.0385195720015121,0.9512119353965944,0.5749868708786228,0.0081848777523103,0.0326796148029939,0.8104429883227279,1.833525864761451e-17,0.3126301985896652,0.6189963264269153,0.1704446383061564,0.110288849935727,0.3385050530978584,0.1309917132362682,0.3132037448750323,-165.39396210901555,360.7879242180311,411.3474946399461
2026-06-01T23:20:52,47,40,470040,"ARX(2,2)",-165.88505526992037,361.77011053984074,412.3296809617557,True,0,0.7811795648625044,0.0006872423876655,0.7941311779582205,0.2652295792932631,0.198296450964797,1.8160002720667054e-12,0.9828269209909878,0.4853487052310828,0.1652902298128897,0.5473221413881288,0.1156573105145027,0.1940151553560799,0.5296119817584342,0.1437114819475232,0.088194644575235,-165.88505529906928,361.77011059813856,412.3296810200535
2026-06-01T20:51:26,48,1,480001,"ARX(2,2)",-165.79728258584277,361.59456517168553,412.1541355936005,True,0,0.7106654898569248,1.00372204581883e-05,0.8048300553378133,0.2488022822059835,0.2127781394004142,1.0800080833640005e-08,0.9440968079776234,0.5582732273503902,0.1654413988915358,0.60486268092285,0.1161051824527194,0.2064493638597826,0.4476883839954025,0.1571458102450319,0.1406811100219717,-165.7972826108306,361.5945652216612,412.1541356435761
2026-06-01T20:53:33,48,2,480002,"ARX(2,2)",-165.7688421430046,361.5376842860092,412.09725470792415,True,0,0.6786497623897435,7.302816564653431e-06,0.808381192342128,0.2518654369679083,0.2045038192616239,4.436413773000721e-07,0.9867676774691628,0.5094841821554734,0.1688984786273139,0.5893028099458711,0.1141911324312931,0.2048061265038415,0.4727325470920649,0.1483339350659273,0.1320697404056303,-165.76884214533254,361.5376842906651,412.09725471258
2026-06-01T20:55:48,48,3,480003,"ARX(2,2)",-165.72406396211048,361.44812792422096,412.0076983461359,True,0,0.5596549172999787,0.0020645650058804,0.8295252223958337,0.2679473523524993,0.1761574338475632,0.0,0.9787683126056644,0.481174694866627,0.1754052993967254,0.5700352921127354,0.1075894559632232,0.2068817559728732,0.4685621782309635,0.1433802617329257,0.1472506940184078,-165.7240639649885,361.448127929977,412.0076983518919
2026-06-01T20:58:27,48,4,480004,"ARX(2,2)",-132.30451735962677,294.60903471925354,345.1686051411685,True,0,0.1761717681789495,7.336593091822483,0.2263697825754271,0.4987978711552184,0.1209218158626304,0.8848481688689744,0.6058263743960837,0.0515127722229873,0.5760143755772139,0.064574463081544,0.0492030099096915,0.2270894171991289,0.6590004407484444,0.0892441268797617,0.1001366756972327,-132.3045173599474,294.6090347198948,345.16860514180973
2026-06-01T21:00:47,48,5,480005,"ARX(2,2)",-165.72187247480807,361.44374494961613,412.0033153715311,True,0,0.5370520059082804,0.0009596780756558,0.8339566315435952,0.2708320457945313,0.1720811685516875,8.334967911379532e-11,0.9686251711120684,0.4876848690834215,0.1760346883848444,0.5688970708344802,0.1054494651491142,0.2079974091185073,0.4754848771892664,0.1436604316645793,0.1411795088891829,-165.7218724615742,361.4437449231484,412.00331534506336
2026-06-01T21:02:54,48,6,480006,"ARX(2,2)",-154.3340153502378,338.6680307004756,389.2276011223905,True,0,1.7940977657112682,8.549759412363098,0.935875974033766,0.6824913710130488,0.0393716605436874,0.0724867698894331,0.5651959398557211,0.0345442010233129,0.0597377360049347,0.1626017519590721,0.1905118527172195,0.2351454007854405,-0.1456249719071007,0.2312690189640544,0.7318114853226769,-154.33401535016634,338.6680307003327,389.2276011222476
2026-06-01T21:06:18,48,7,480007,"ARX(2,2)",-165.8685860846898,361.7371721693796,412.29674259129456,True,0,0.2531931857492873,0.033983426441806,0.8784063305920495,0.2726545729447941,0.1561888679033491,1.2174608593638829e-12,0.8569437308367366,0.5463095698759239,0.1930122675467231,0.5536214866790756,0.0826136614588154,0.2027062818759176,0.3786087313574158,0.1522506886905461,0.2579092119832287,-165.86858608358065,361.7371721671613,412.29674258907625
2026-06-01T21:08:19,48,8,480008,"ARX(2,2)",-166.1094845767539,362.2189691535078,412.77853957542277,True,0,0.9927374242491512,5.309563818659467e-05,0.7645131032644543,0.2643801827710379,0.2328426401568178,4.36878373812904e-14,1.0226780669441438,0.4484446620392386,0.1583947241716019,0.5716803841301953,0.1201610156671821,0.1931997870360022,0.5462405876660958,0.1319872307691552,0.0839305369784876,-166.109484576745,362.21896915349,412.7785395754049
2026-06-01T21:11:12,48,9,480009,"ARX(2,2)",-165.6846327274103,361.3692654548206,411.92883587673555,True,0,0.078013564766031,0.0436991250295019,0.933132832303773,0.600384287213164,0.0149889994020378,0.0325641368959027,0.7511448076130033,1.6904882645524145e-06,0.2916285776472935,0.5951325909872732,0.1451744818579255,0.1423481880790648,0.2935629895954225,0.1464126886574859,0.3312290667967413,-165.68463274065394,361.3692654813079,411.9288359032228
2026-06-01T21:14:07,48,10,480010,"ARX(2,2)",-165.7226862611265,361.445372522253,412.00494294416796,True,0,0.5533400500308132,0.0007777333515605,0.830769308301387,0.2618455634207676,0.1768576260202347,1.1788900239184388e-13,0.9738973624387464,0.5007409153298729,0.1751152758243238,0.5715701992711876,0.1075836558825379,0.2088030824803362,0.4546282493452083,0.1451444876178646,0.1565530610923868,-165.72268625873653,361.44537251747306,412.004942939388
2026-06-01T21:17:15,48,11,480011,"ARX(2,2)",-165.75464632887477,361.50929265774954,412.0688630796645,True,0,0.6428662265065422,1.5277594722087332e-05,0.8124318282380675,0.2635029105215384,0.2015679164739247,4.674114422033855e-09,0.9366158597152968,0.5363434349408233,0.1707450261966987,0.583783327766772,0.1086809546361266,0.2057629476051105,0.4885179170885337,0.1487383105826022,0.11948195207554,-165.75464632882296,361.5092926576459,412.06886307956086
2026-06-01T21:19:44,48,12,480012,"ARX(2,2)",-165.84148150477603,361.68296300955205,412.242533431467,True,0,0.1340955814658409,0.0621979839962049,0.905010983280847,0.3141501545947817,0.1145324504293133,1.9230497882965015e-18,0.8385294253072607,0.4590207838055962,0.2292484200209304,0.524547017390311,0.0703215031710191,0.2020782712921694,0.3096018702586098,0.1640973283978717,0.321662903306536,-165.8414815039839,361.6829630079678,412.2425334298828
2026-06-01T21:22:14,48,13,480013,"ARX(2,2)",-165.72000892879925,361.4400178575985,411.99958827951343,True,0,0.5507080415558591,0.0005858923529624,0.8314601571771558,0.2691806177367903,0.1744159855262353,1.5971122238885372e-17,0.9699344345375578,0.4904700606042227,0.175352924218243,0.5675557434860662,0.1065737733981974,0.207234623693828,0.4623239686711619,0.1439778356371944,0.1531639148906758,-165.72000892889452,361.440017857789,411.999588279704
2026-06-01T21:25:15,48,14,480014,"ARX(2,2)",-165.96605730431574,361.9321146086315,412.4916850305464,True,0,0.815842129931156,0.0025343116726384,0.7883818119011856,0.1950847914988062,0.2507076557407544,0.0,0.9210042003463356,0.6821529067644682,0.1585302557672275,0.6299974114027753,0.1181262889225404,0.2124711364742477,0.393069734741672,0.1557907091732766,0.1830304062376851,-165.96605730668747,361.93211461337495,412.4916850352899
2026-06-01T21:27:11,48,15,480015,"ARX(2,2)",-166.50987397582583,363.01974795165165,413.5793183735666,True,0,2.3431071332270084,0.0484628198863394,2.5288302000144503e-09,0.5969540723908259,1.0757311392509384e-19,0.4729126514014961,0.768637022300334,5.632743992842965e-19,0.2291246004286106,0.4394899252079425,0.0968810905779247,0.2201509377079221,0.4877301100821213,0.0509834040659398,0.2114257061806393,-166.5098739666436,363.0197479332872,413.5793183552021
2026-06-01T21:29:46,48,16,480016,"ARX(2,2)",-165.72803835724824,361.4560767144965,412.0156471364114,True,0,0.5097104342050117,4.346931291096646e-05,0.8398512447217119,0.2721277269406488,0.1629639971963722,5.266426693092772e-12,0.9919431702620224,0.4637127631344098,0.177980176724601,0.5555872458509471,0.1057068926708068,0.2082716244123971,0.4640911201124112,0.1400904577493818,0.156925430688931,-165.7280383572432,361.4560767144864,412.01564713640136
2026-06-01T21:32:17,48,17,480017,"ARX(2,2)",-165.72789369211665,361.4557873842333,412.01535780614824,True,0,0.5562947822849017,2.6482180387951035e-05,0.8315680733408531,0.274637963990919,0.1745002372999389,4.402633951752953e-16,0.9601636134980048,0.4905043528461601,0.1741968805668498,0.5638133487272851,0.109608421986599,0.2095706345382794,0.4343380979779825,0.1471461472682183,0.1709933787774084,-165.72789369213385,361.4557873842677,412.0153578061826
2026-06-01T21:35:36,48,18,480018,"ARX(2,2)",-165.97461377325942,361.94922754651884,412.5087979684338,True,0,0.8961434484233984,2.80547204670014e-05,0.774678561464298,0.2183462365411293,0.2551993018966071,9.478460887483025e-15,0.9810903070688028,0.5821401278201027,0.1593964182900585,0.6401206329645095,0.116240773279367,0.194808918126627,0.51831763571376,0.1434614306585448,0.0983872078618606,-165.97461377330683,361.94922754661366,412.5087979685286
2026-06-01T21:40:16,48,19,480019,"ARX(2,2)",-165.72679129316987,361.45358258633973,412.0131530082547,True,0,0.5949891926275096,0.0007846701988587,0.8235266152643042,0.2670648727211414,0.1837337055363602,7.513920449231153e-06,0.9763502052533412,0.4878020975619806,0.1729054139240625,0.5750722159433558,0.1091772726931681,0.2050031502621222,0.4777879112255651,0.1439948848485485,0.1377010000717917,-165.72679121555814,361.4535824311163,412.0131528530312
2026-06-01T21:44:18,48,20,480020,"ARX(2,2)",-165.7529854549906,361.5059709099812,412.06554133189616,True,0,0.6473712146596703,1.1861782802042145e-05,0.8161988489169321,0.2653554553737748,0.1946225253506268,2.257278027329408e-12,0.969914294647344,0.4993486537296742,0.168183674637449,0.5770564914763475,0.1127970583538872,0.2039754949435101,0.4357058934519568,0.149891270729938,0.1672278610589394,-165.75298547236812,361.50597094473625,412.0655413666512
2026-06-01T21:46:54,48,21,480021,"ARX(2,2)",-165.71890888789508,361.43781777579017,411.9973881977051,True,0,0.5571732145931458,0.0004149733530667,0.8301042961158586,0.2691735260229271,0.1755254999172833,1.0309037152009497e-13,0.9764010039624308,0.4843748038434985,0.175356562276607,0.5674850876851115,0.1071820588355642,0.2067860576844888,0.475450532152181,0.1430673408790536,0.1413116690394367,-165.71890889011036,361.4378177802207,411.99738820213565
2026-06-01T21:48:21,48,22,480022,"ARX(2,2)",-165.93763356756062,361.87526713512125,412.4348375570362,True,0,0.4111159093560628,0.0225127937089667,0.8510877122969078,0.2674729686299645,0.1683533573244318,0.0,0.912805406511403,0.5144439415414546,0.1820586733568192,0.5606592626781237,0.1015518817052675,0.2084464591129555,0.4111127618238582,0.1417434574872989,0.2094947730195062,-165.9376335666155,361.875267133231,412.4348375551459
2026-06-01T21:51:12,48,23,480023,"ARX(2,2)",-131.27828034919523,292.55656069839046,343.1161311203054,True,0,6.176702138077872,0.0046615001693726,0.4361675030395091,0.0513254788963546,1.0220146132808468,0.1030931116128933,0.0266211022949965,1.741302199543437,0.0906480685105589,0.7547195920471251,0.1317239081413514,0.2377072668977029,0.3628405033262679,0.1075032730083873,0.1264629272881882,-131.27828034927305,292.5565606985461,343.11613112046103
2026-06-01T21:52:53,48,24,480024,"ARX(2,2)",-165.75373289315849,361.50746578631697,412.0670362082319,True,0,0.6293523070730058,9.56474113780888e-05,0.8182915458364619,0.25531411689726,0.1938827082920424,1.4048127901157015e-11,0.9643081574591555,0.5248409998922018,0.1696364109464845,0.5820980625740024,0.1120567244347827,0.2100816091829496,0.4148581143571012,0.1503991065632947,0.1825848963151128,-165.7537329017174,361.5074658034348,412.06703622534974
2026-06-01T21:55:13,48,25,480025,"ARX(2,2)",-165.7455740285007,361.4911480570014,412.05071847891634,True,0,0.4849210344214169,1.0512515432832815e-05,0.8429473894743813,0.2805782229946391,0.156394012331439,5.270483614842761e-18,0.999260178704262,0.439563250295751,0.1823425820856427,0.546192148965286,0.1054927229999389,0.2078632564095397,0.4935391363899745,0.1347167679854118,0.13496301974824,-165.74557402885802,361.491148057716,412.050718479631
2026-06-01T21:56:57,48,26,480026,"ARX(2,2)",-165.71986436416978,361.43972872833956,411.9992991502545,True,0,0.5374481430904839,1.9805359363794115e-05,0.8329965117885365,0.2716395581518697,0.1719449042124817,1.953156212038816e-17,0.9775790249082504,0.4791013859996,0.1772869356760333,0.5629130232322686,0.1060525298655255,0.2065200262841348,0.4871549626320474,0.1425311273990119,0.1323358491560061,-165.71986436433033,361.4397287286607,411.9992991505756
2026-06-01T21:59:40,48,27,480027,"ARX(2,2)",-165.57979017054237,361.15958034108473,411.7191507629997,True,0,0.0775032263027276,0.0509686381675953,0.9330324009278176,0.5644611031345749,0.0008764711190072,0.0268740494212816,0.8271076836521621,1.220510714736784e-19,0.3306172488382032,0.5246965868317548,0.1535711664812875,0.188103670604584,0.2803953273228665,0.0698858188130644,0.3697623186475129,-165.57979017039307,361.1595803407861,411.7191507627011
2026-06-01T22:02:30,48,28,480028,"ARX(2,2)",-165.71870981942894,361.4374196388579,411.9969900607728,True,0,0.539606058252262,3.3077687081891967e-05,0.833109444265681,0.2686639084713491,0.1717634837267423,1.7813416920463204e-18,0.9802586002279032,0.4823445108453124,0.176703887151824,0.5639923781907592,0.1071154385998523,0.2081133733597208,0.4675284535918322,0.1428633144551703,0.1482836532151241,-165.7187098197368,361.4374196394736,411.9969900613885
2026-06-01T22:05:34,48,29,480029,"ARX(2,2)",-165.72506915036382,361.45013830072764,412.0097087226426,True,0,0.590375636240514,0.0001370715718126,0.8244297857848466,0.259154667220986,0.1845366816128872,1.1245807066246717e-12,0.973627989091254,0.5077618008932192,0.1727145730472531,0.5748542908702517,0.1094622624993187,0.2068040314520141,0.458597291282918,0.1462587986392175,0.1514457761236251,-165.7250691492047,361.4501382984094,412.00970872032434
2026-06-01T22:09:29,48,30,480030,"ARX(2,2)",-165.71832023737602,361.43664047475204,411.996210896667,True,0,0.5578108219383706,4.717451273647565e-05,0.8295066967771415,0.2697588880953449,0.1767189402233596,9.918243752212253e-06,0.9731896467174144,0.4871946138720949,0.175457602285961,0.5678815809230738,0.1074105694773429,0.2067297486667218,0.4758003817783963,0.1436455059598065,0.1401678628311637,-165.71832023744645,361.4366404748929,411.99621089680784
2026-06-01T22:11:09,48,31,480031,"ARX(2,2)",-165.76284211477056,361.5256842295411,412.08525465145607,True,0,0.5099386713058722,1.1333705272681664e-05,0.8381390076884591,0.2573522400324213,0.1685835216107654,0.0,0.9904818822307432,0.4947894503069929,0.1783085192820059,0.572764628478013,0.1069646014342158,0.2120849406023923,0.4125023426853855,0.1373059853773053,0.2034059778664051,-165.76284211546286,361.5256842309257,412.0852546528407
2026-06-01T22:13:25,48,32,480032,"ARX(2,2)",-165.7227459667438,361.4454919334876,412.0050623554025,True,0,0.5528076135704356,0.0009225292972581,0.8306827750569998,0.2707747633391212,0.1733959652687442,0.0,0.964325206659729,0.4922276275992381,0.1758694547396399,0.564665834872117,0.1091079770040037,0.2075645775642512,0.4710466689715188,0.1448799836090728,0.1396165236589899,-165.7227460119891,361.4454920239782,412.0050624458932
2026-06-01T22:18:49,48,33,480033,"ARX(2,2)",-157.75583091392087,345.51166182784175,396.0712322497567,True,0,6.942085638902028,0.2757211203287452,0.8640502454739322,0.3341736485830325,0.1420519148484782,0.0057323567875871,0.9504763252612548,0.2959119098308154,0.0468021491895742,0.2632485129934826,0.0938110813273392,0.2334046415939971,0.3127002394511088,0.1165116935938731,0.369470241183178,-157.75583091392008,345.51166182784016,396.0712322497551
2026-06-01T22:21:05,48,34,480034,"ARX(2,2)",-165.75484899513452,361.50969799026905,412.069268412184,True,0,0.6458564667802181,2.689046679533145e-05,0.8116695208281792,0.2536588945462453,0.2037962535819994,5.593681240034002e-09,0.9742049554435864,0.5184148236656623,0.171269848390533,0.5908774688474975,0.1103651274357602,0.2050209358264254,0.4959032014668813,0.1448433213060729,0.1170478903103588,-165.7548489934358,361.5096979868716,412.06926840878657
2026-06-01T22:23:54,48,35,480035,"ARX(2,2)",-165.9379248986777,361.8758497973554,412.4354202192703,True,0,0.4265587872890784,0.0216255512302628,0.8480323522747479,0.2652876581145506,0.170771120464772,6.6003447928891504e-12,0.9202833243098169,0.5126833470650237,0.1815026865297289,0.5603854408946729,0.1031629149288569,0.2091455847482634,0.4190681922025771,0.1410423004636718,0.2002852861822434,-165.9379249059304,361.8758498118608,412.4354202337757
2026-06-01T22:29:47,48,36,480036,"ARX(2,2)",-165.73118927996808,361.46237855993616,412.0219489818511,True,0,0.5235915041789344,2.63230226679746e-05,0.8357987314131828,0.2760542025239816,0.1656076392209714,2.4118903508899586e-12,0.9919345462599362,0.4559048572524118,0.1788002012413898,0.5443114606271582,0.1080113327323065,0.2075353674489575,0.4684872853387633,0.1415761886300775,0.1488175297619656,-165.73118927976293,361.46237855952586,412.0219489814408
2026-06-01T22:35:28,48,37,480037,"ARX(2,2)",-165.6047729575348,361.2095459150696,411.76911633698455,True,0,0.0578352257358797,0.0460867023733777,0.9410637321405446,0.562725051030768,0.0129440865083047,0.023046266063861,0.7593322081841595,0.0672577186275104,0.3484940732914138,0.6001287969969148,0.1320106328242018,0.1930651672727329,0.1300724155089063,0.1435474085392037,0.4644395783588478,-165.60477290451786,361.2095458090357,411.76911623095066
2026-06-01T22:37:22,48,38,480038,"ARX(2,2)",-165.3915744169627,360.7831488339254,411.34271925584034,True,0,0.047711898986523,0.0388348473548435,0.9510815249153052,0.5752048612080246,0.0080870007258671,0.0321569886224204,0.8095032848903916,9.944185123482931e-11,0.3078892010021424,0.6136232674252031,0.1726362638696959,0.1126377610765664,0.3415174460405552,0.1336542236970063,0.3011951387224981,-165.39157437340418,360.7831487468084,411.3427191687233
2026-06-01T22:40:36,48,39,480039,"ARX(2,2)",-165.7370042378976,361.4740084757952,412.03357889771013,True,0,0.6076722655700887,8.396450772258012e-05,0.8214245540022711,0.2500400547724503,0.1894672551094779,2.4306550363001577e-10,0.9827705980008608,0.5169587702363664,0.1716932770279555,0.5788934647909185,0.1109275909186905,0.2098166194611069,0.4582175989673661,0.1433318825509252,0.1504339768907232,-165.73700425933873,361.4740085186775,412.0335789405924
2026-06-01T22:42:46,48,40,480040,"ARX(2,2)",-166.01094536948312,362.02189073896625,412.5814611608812,True,0,0.2887161112628451,0.0141746273934688,0.8669838498871366,0.2402844137487269,0.170047542010066,2.235277622311736e-14,0.8474918324073553,0.6457417662547651,0.1880936119643751,0.530925983413857,0.091894782006722,0.2259821773204364,0.3170557285310483,0.1518233631465544,0.2795635727341743,-166.01094545515105,362.0218909103021,412.581461332217
2026-06-01T20:48:18,49,1,490001,"ARX(2,2)",-165.93172751270652,361.86345502541303,412.423025447328,True,0,0.0979759234320117,0.0533716828361873,0.9248286193295936,0.5691096526079422,0.026522487438797,0.0300799229186928,0.7988614134125201,0.0153656463606074,0.2647468597470229,0.530652581823061,0.1208932485539956,0.1500274862266047,0.2836223390490773,0.1338880895425586,0.377141788221645,-165.93172751434224,361.8634550286845,412.4230254505994
2026-06-01T20:52:54,49,2,490002,"ARX(2,2)",-165.82230248438725,361.6446049687745,412.20417539068944,True,0,0.4601152939908931,0.0002407459974614,0.8475719083984548,0.3136940983508264,0.1449763251454168,1.6070362953514297e-18,0.9705741741264726,0.4016181953259244,0.1846702629490818,0.530343044967428,0.0976888170602684,0.2120396062646045,0.5376773819981923,0.1307276598450301,0.0987676139350061,-165.82230230895664,361.6446046179133,412.2041750398282
2026-06-01T20:54:58,49,3,490003,"ARX(2,2)",-165.9890831071448,361.9781662142896,412.53773663620456,True,0,0.9592711595632746,9.110957468661244e-05,0.7713497647606391,0.23173228269174,0.2585886446000527,8.48142740638779e-10,0.9446506305497876,0.5916176737108443,0.1545844784598152,0.6464108468429278,0.1205020849456908,0.2007391818922068,0.4679416208564393,0.1566288292212975,0.1210068575034015,-165.98908388583658,361.9781677716732,412.5377381935881
2026-06-01T20:57:15,49,4,490004,"ARX(2,2)",-165.71847067236578,361.43694134473157,411.9965117666465,True,0,0.5457667894396288,6.855155359180982e-06,0.832361695940673,0.2715299100992286,0.1739046442064452,1.6339922653850728e-24,0.9721306596227756,0.4847950835171578,0.1755762362325681,0.5680041405304702,0.1066032669534291,0.2068131743542125,0.4710025968678387,0.1427571869351418,0.1463839191446919,-165.71847067724093,361.43694135448186,411.9965117763968
2026-06-01T20:59:06,49,5,490005,"ARX(2,2)",-165.85535057260847,361.71070114521694,412.2702715671319,True,0,0.1455684842255875,0.0665863023809132,0.9014047280157964,0.3117574141375187,0.1172006201162644,1.7308273477847234e-08,0.8488801174486432,0.449279341985951,0.226420220383594,0.5138948494667328,0.0745101751281396,0.199361214883451,0.3115214618958077,0.1654142624373403,0.3163422876153993,-165.85535056922464,361.7107011384493,412.2702715603642
2026-06-01T21:03:03,49,6,490006,"ARX(2,2)",-136.4204898334541,302.8409796669082,353.40055008882314,True,0,2.498584854200772,0.1672234930850918,0.3311378073698887,0.908822724126224,0.6709949730959125,0.2072101030973956,0.1502678988346071,0.0262576911015053,0.1373418159213224,0.0604639453724649,0.0849624149260703,0.2770336763403435,0.3230817180479696,0.0596191555728241,0.3458235314011343,-136.42048983331551,302.84097966663103,353.400550088546
2026-06-01T21:05:22,49,7,490007,"ARX(2,2)",-165.729345470213,361.458690940426,412.0182613623409,True,0,0.5448213060225557,0.0012128033656095,0.8305256994599078,0.2772207427607338,0.174498363194498,4.563337590724713e-15,0.9528663973079128,0.490243524619668,0.1770685681331456,0.5670390910776563,0.103746214000163,0.2075797936252517,0.4913193770224467,0.1404074388650736,0.1302439867393354,-165.72934547766258,361.4586909553252,412.0182613772401
2026-06-01T21:08:38,49,8,490008,"ARX(2,2)",-165.83658944998626,361.6731788999725,412.23274932188747,True,0,0.7559588894470215,2.036256413963048e-05,0.7967710787546213,0.2297413509716593,0.2268578536464646,1.0011604216485749e-13,0.9557381608391358,0.5847259123716291,0.1631286306625253,0.603606258453868,0.1174460338666056,0.2071694729229421,0.4306468686534902,0.1546425630087244,0.1566685913985385,-165.83658944998527,361.67317889997054,412.2327493218855
2026-06-01T21:11:09,49,9,490009,"ARX(2,2)",-165.72338421012628,361.44676842025257,412.0063388421675,True,0,0.5732681741830437,1.7513942521284777e-05,0.8267127680998461,0.2566903507513434,0.1816516314409928,1.1622942565900823e-06,0.9771829123174536,0.5093981249407956,0.174525372095528,0.57117131469071,0.108711970165402,0.2068869412751775,0.4679166917626061,0.1435684765598981,0.146356741736468,-165.723384049586,361.446768099172,412.00633852108695
2026-06-01T21:13:31,49,10,490010,"ARX(2,2)",-166.29490036925333,362.58980073850665,413.1493711604216,True,0,0.3967949127550341,0.0306969130533988,0.863817464541951,0.4042161102030505,0.1200561484413246,3.668543122888445e-17,0.9995471450372868,0.1407204292657085,0.192564965946043,0.625852306140521,0.0848081489714617,0.2268986736675826,0.5676986569951393,0.0973709201988941,0.1019045359544644,-166.29490036713014,362.5898007342603,413.1493711561752
2026-06-01T21:15:56,49,11,490011,"ARX(2,2)",-165.74039166481697,361.48078332963394,412.0403537515489,True,0,0.6282293771678433,1.9526722136447044e-05,0.8179711583639756,0.2572797469488646,0.1941702863640649,4.195010243035364e-11,0.970272750883828,0.5151229268736723,0.1701903081716918,0.5853820344235972,0.1104179799645821,0.2051582652467811,0.4498781051432233,0.1477550035608578,0.1586116042058976,-165.74039166493833,361.4807833298767,412.0403537517916
2026-06-01T21:21:19,49,12,490012,"ARX(2,2)",-165.8442353324934,361.6884706649868,412.24804108690176,True,0,0.6132458573401189,0.0020495822916712,0.8319055929967114,0.2854760837765071,0.1688541886513319,6.871058047926459e-08,0.9632275684030344,0.4614664872535646,0.1651133708180487,0.558740314800407,0.1100929535563798,0.2060304114999351,0.3638482996178577,0.1550536340567285,0.2362171640828115,-165.84423544154362,361.6884708830872,412.2480413050022
2026-06-01T21:25:03,49,13,490013,"ARX(2,2)",-165.84321542015113,361.68643084030225,412.2460012622172,True,0,0.1305121744313539,0.0616004249472098,0.905922758459702,0.3153775999064467,0.1138187848880519,2.5092957012677976e-20,0.819925186200937,0.4758077245084177,0.2302112933889617,0.5193149378466955,0.0686577059578306,0.2029005896883101,0.3031121492261523,0.1663372774592026,0.3262389667977772,-165.84321542041684,361.6864308408337,412.2460012627486
2026-06-01T21:28:18,49,14,490014,"ARX(2,2)",-165.72108437618903,361.44216875237805,412.001739174293,True,0,0.5830089451164623,3.1709027509070506e-05,0.8252740080004142,0.2651891213361341,0.1820325748923699,2.5403203458634922e-14,0.9706685392097124,0.4988837565284899,0.1736557162215266,0.5703199101772582,0.1085193059777997,0.2056868299911052,0.4724221757752734,0.1460071462929163,0.1403318834067063,-165.72108437779522,361.4421687555904,412.0017391775054
2026-06-01T21:30:52,49,15,490015,"ARX(2,2)",-167.25468127352832,364.50936254705664,415.0689329689716,True,0,4.326359787841224,0.0481558336430293,0.0180292384972202,0.5550622051783554,0.0059443418473386,0.4059521227898875,0.8474889496742052,4.273706622891032e-15,0.1660875223933636,0.4685489592583297,0.1174576613183333,0.2002520221560191,0.442002227306293,0.0833974145742403,0.2192746973762486,-167.2546812752194,364.5093625504388,415.06893297235376
2026-06-01T21:34:30,49,16,490016,"ARX(2,2)",-165.8449957291966,361.6899914583932,412.24956188030814,True,0,0.1305133396186995,0.0609620262397998,0.9062871237473354,0.3223971496441152,0.1127104640233399,2.467490972476891e-06,0.8253577499008424,0.4574315514527813,0.2309052283553027,0.5183667101436401,0.0685025994891329,0.2032958618380277,0.3195644742664326,0.162837894655951,0.3141426924598434,-165.84499575870595,361.6899915174119,412.2495619393269
2026-06-01T21:36:12,49,17,490017,"ARX(2,2)",-165.71932748897478,361.43865497794957,411.9982253998645,True,0,0.5417094272478863,0.0003611462133213,0.833362722363761,0.2719180067323228,0.1715589929117844,1.4799704696593383e-14,0.9737857038293752,0.4816271255695913,0.175892518019855,0.5634219194237876,0.1061986653798216,0.2070607270831803,0.4730517118572924,0.1433590458086611,0.1442827287323813,-165.71932750797157,361.4386550159432,411.9982254378581
2026-06-01T21:39:21,49,18,490018,"ARX(2,2)",-165.71916129440285,361.4383225888057,411.99789301072065,True,0,0.5496293142534336,1.5725946780583864e-05,0.8307721137041538,0.2648832258285641,0.1761013639627685,1.8608892060532667e-18,0.975979980947115,0.4942196520517178,0.1761627820263873,0.5701886424324861,0.1069967278257469,0.2077884474845711,0.4627788331390113,0.1438481440614694,0.1519658452594279,-165.71916127242474,361.4383225448495,411.9978929667644
2026-06-01T21:41:34,49,19,490019,"ARX(2,2)",-165.94390826002925,361.8878165200585,412.44738694197343,True,0,0.1472112842051876,0.0484248916814107,0.9085825122971766,0.2968805622034988,0.1176862955640996,0.0,0.8478087339389008,0.4946068656099951,0.2066453918698798,0.5294477237965158,0.0653130835370045,0.215637097918046,0.2991617031935649,0.1683038481586151,0.324395453221589,-165.94390826445402,361.8878165289081,412.447386950823
2026-06-01T21:44:25,49,20,490020,"ARX(2,2)",-165.46697735403404,360.9339547080681,411.493525129983,True,0,0.0473732302471327,0.0377487274796097,0.9523952663492804,0.5901555286509157,0.0085465092090593,0.0303437691196283,0.7774665405423191,6.15027887137026e-17,0.3014939208514589,0.5930053842694015,0.1750601514808391,0.1196199713880898,0.3407392040955387,0.1437063849487285,0.2785119873076384,-165.46697734401053,360.93395468802106,411.493525109936
2026-06-01T21:49:50,49,21,490021,"ARX(2,2)",-165.72955247769966,361.4591049553993,412.01867537731425,True,0,0.5956806768619772,1.7633625230304682e-05,0.8228783717993414,0.2611369544320069,0.1872055660242401,3.037692496522096e-07,0.9700157404795592,0.5076706748174431,0.1727321884418045,0.5832061515191908,0.1104451969053939,0.2086746131203025,0.4479618861098365,0.1471485393865225,0.1572232274342197,-165.72955247760987,361.4591049552197,412.0186753771347
2026-06-01T21:52:29,49,22,490022,"ARX(2,2)",-165.72537723179647,361.45075446359294,412.0103248855079,True,0,0.5406821191659019,0.0001267817357383,0.8333625234108647,0.2588096575283229,0.1726058161524563,1.490549610869748e-12,0.9739020379329676,0.5082113600208589,0.1757539476235667,0.5605548725848191,0.1070907089429641,0.208366165272323,0.4591489219101605,0.143574008080334,0.1546583426663642,-165.7253771568686,361.4507543137372,412.01032473565215
2026-06-01T21:55:43,49,23,490023,"ARX(2,2)",-165.71846610001845,361.4369322000369,411.99650262195183,True,0,0.5518432099019182,2.185477753879086e-05,0.8308564674420278,0.2676415519045766,0.175095969406709,4.2921543979071833e-19,0.9708051599373254,0.4938654618334348,0.1755866061116481,0.5661301481451454,0.1068513360204306,0.2080468228482393,0.4772791392042004,0.142529523086624,0.1388727101281755,-165.7184661002739,361.4369322005478,411.99650262246274
2026-06-01T21:59:27,49,24,490024,"ARX(2,2)",-165.74086798017564,361.4817359603513,412.0413063822662,True,0,0.6303165877272591,1.0707235835115845e-05,0.8163310556992508,0.2583004453257095,0.1927221246606497,4.616782628078549e-08,0.960892825932608,0.5224831743991857,0.1708391130329554,0.5653270140708099,0.1088899283129465,0.2056222827933743,0.4826684722404975,0.1455753385427773,0.128673284422944,-165.74086798267808,361.48173596535617,412.0413063872711
2026-06-01T22:02:36,49,25,490025,"ARX(2,2)",-165.71825518041265,361.4365103608253,411.99608078274025,True,0,0.5492580132481956,2.97942011786914e-05,0.8312787633402173,0.2681861867687867,0.1753240574178304,3.0612630638134483e-16,0.9721805150395746,0.4913838632507055,0.1757489517398857,0.5678857614846646,0.1070867902258441,0.2077328024929358,0.4649974529957695,0.1438680671977192,0.1497410582094165,-165.71825517267223,361.43651034534446,411.9960807672594
2026-06-01T22:04:01,49,26,490026,"ARX(2,2)",-165.72437449492355,361.4487489898471,412.00831941176205,True,0,0.5624609409390744,1.965147473412984e-05,0.8288553379398161,0.2570527214699844,0.1783049416849459,4.0565027758390656e-08,0.9868914353607906,0.498960430359089,0.1750644898678906,0.5775564143546398,0.1075980016168762,0.2045975232787824,0.4793223071390448,0.142925032708264,0.1396404162791397,-165.72437448570918,361.4487489714184,412.0083193933333
2026-06-01T22:05:59,49,27,490027,"ARX(2,2)",-165.71942286159253,361.43884572318507,411.9984161451,True,0,0.5605883278295535,4.549632341805177e-05,0.829884016340753,0.2656718967059666,0.1772893486499483,1.3958372308434331e-11,0.9720756278052496,0.4964831772225976,0.1744668213614272,0.5695343135049524,0.1082205619872251,0.2078520639652331,0.4569914416984608,0.145471992675764,0.1542419107047439,-165.71942286081082,361.4388457216217,411.9984161435366
2026-06-01T22:08:07,49,28,490028,"ARX(2,2)",-165.72865536597126,361.4573107319425,412.01688115385747,True,0,0.5808589969944284,0.0007775172340328,0.8247768206736741,0.2693510874804277,0.1817370187138958,4.5900201986416447e-14,0.9815519671158558,0.4781275219830217,0.1748140925084063,0.573323255042086,0.1081068228649739,0.2048655994760297,0.5011470372367749,0.141869116180756,0.1187982378821882,-165.7286553667318,361.4573107334636,412.01688115537854
2026-06-01T22:11:08,49,29,490029,"ARX(2,2)",-165.73664829929032,361.47329659858065,412.0328670204956,True,0,0.62245109885971,0.0001746147411733,0.8178094949324831,0.267439121789269,0.1925294437500446,9.268282056401942e-13,0.9596694977091474,0.5050584215911836,0.1716644966874144,0.5826803544871688,0.1105057619490392,0.2065276503916175,0.4782939262967748,0.1480921045179745,0.1287195300047888,-165.7366483170798,361.4732966341596,412.03286705607456
2026-06-01T22:13:18,49,30,490030,"ARX(2,2)",-165.7188124287031,361.4376248574062,411.99719527932115,True,0,0.5636510039787967,6.278870210228082e-05,0.828166414589238,0.2664768143103539,0.1780516542346374,3.0690756810122334e-13,0.976891702281879,0.4900216136338721,0.1753650293024105,0.567458042710471,0.1071964016637734,0.2065648994509072,0.4819313314897286,0.1426968279590619,0.135430670576633,-165.71881242862625,361.4376248572525,411.9971952791674
2026-06-01T22:15:50,49,31,490031,"ARX(2,2)",-165.7187818949144,361.4375637898288,411.99713421174374,True,0,0.5488914178539146,0.0002701643737599,0.8313556838915469,0.2698552334248573,0.1743343753669385,5.823687906467941e-06,0.971205841076167,0.4885228095485718,0.1757521050492725,0.5665973650944164,0.1063659158270884,0.2070698879584761,0.4718307212440366,0.1431315882262773,0.144802600909316,-165.7187818861127,361.4375637722254,411.9971341941404
2026-06-01T22:19:53,49,32,490032,"ARX(2,2)",-165.7225880716553,361.4451761433106,412.00474656522556,True,0,0.5801512537666957,4.812168466688783e-05,0.8251095150955038,0.2622662607915941,0.184185256001575,2.553274715743703e-13,0.9651141268072484,0.5102483586631065,0.1738667087155526,0.5748505505954322,0.1078851565178859,0.2080089873787966,0.4724600376506812,0.1451377474525212,0.1392079482088168,-165.72258807224318,361.4451761444864,412.0047465664013
2026-06-01T22:22:49,49,33,490033,"ARX(2,2)",-165.7217144296989,361.4434288593978,412.0029992813127,True,0,0.5757593079479787,0.0005913241884659,0.8269100402640441,0.2653055911034165,0.1799279949153551,6.457191533240958e-12,0.9756895308450968,0.4923765784367703,0.1738882676491048,0.5713715062740604,0.1083938643974641,0.2073384312891209,0.4654273911800324,0.1448462099392155,0.1471651155174202,-165.72171441903237,361.44342883806473,412.0029992599797
2026-06-01T22:24:52,49,34,490034,"ARX(2,2)",-165.67735837497807,361.35471674995614,411.9142871718711,True,0,0.0771836170041628,0.0443353199892971,0.933824095574716,0.5894652064043331,0.0132464230357138,0.0327362362573345,0.7739618838887165,3.707487763592515e-22,0.2933833841581418,0.5946501029168026,0.1496700388345947,0.1361203490591422,0.3182629417656261,0.1451268813184451,0.3102318383749964,-165.6773583755977,361.3547167511954,411.9142871731103
2026-06-01T22:26:52,49,35,490035,"ARX(2,2)",-165.7220200078002,361.4440400156004,412.00361043751536,True,0,0.5281263723371671,6.042150716511554e-05,0.8357169821419165,0.2732536758505336,0.1687357217781049,3.781408816334647e-09,0.9736560982008632,0.4797121879383529,0.1769501747922544,0.5593302187884697,0.1066707359347486,0.209045472234865,0.4572661652719717,0.1430658645323687,0.1574315337515561,-165.7220200079671,361.4440400159342,412.0036104378492
2026-06-01T22:29:26,49,36,490036,"ARX(2,2)",-166.30779772944157,362.61559545888315,413.1751658807981,True,0,0.4191206027956676,0.0331656018814856,0.8586370325772912,0.4020699289894953,0.1273042874391518,1.4868165731863524e-19,1.020192108148822,0.1181275707777314,0.1907419153021188,0.6568729895310721,0.0879054638416851,0.2251629199411983,0.5510497798271502,0.0929838893549099,0.1190701319149903,-166.30779772549826,362.6155954509965,413.17516587291146
2026-06-01T22:32:08,49,37,490037,"ARX(2,2)",-165.73242978593765,361.4648595718753,412.02442999379025,True,0,0.6092732754018493,0.0001619683659942,0.8192263884872674,0.2715572309724438,0.1896028799800406,5.5357206256246055e-14,0.9585520654444958,0.4979784744650841,0.1731140043100161,0.5789768609765098,0.1086789006642166,0.2062596862995346,0.4840785885688495,0.144388973797258,0.1296572243912225,-165.73242978587447,361.46485957174895,412.0244299936639
2026-06-01T22:34:24,49,38,490038,"ARX(2,2)",-165.72415976328364,361.4483195265673,412.0078899484822,True,0,0.5665668267589461,0.0011347854301499,0.8282340873170265,0.2715733081386311,0.1774240978434499,6.485644602379941e-08,0.9699715595425168,0.4845169278420235,0.1750468635776405,0.5731985658652872,0.1087660146113291,0.2063868285497417,0.4546063972472424,0.1464473851603046,0.1562272088017643,-165.7241597655027,361.4483195310054,412.0078899529203
2026-06-01T22:36:51,49,39,490039,"ARX(2,2)",-165.72113757158905,361.4422751431781,412.00184556509305,True,0,0.5747090771005026,2.0529119488909367e-05,0.8264630967407235,0.2738824400229027,0.18039330340431,7.374734342156395e-13,0.9636651790624604,0.4885263419000572,0.1743323860566848,0.5703246193310071,0.1073239785741037,0.2065854099408536,0.4729580619812882,0.1448740889324884,0.1413572826301323,-165.72113757261852,361.442275145237,412.001845567152
2026-06-01T22:40:32,49,40,490040,"ARX(2,2)",-165.6771754010668,361.3543508021336,411.9139212240485,True,0,0.0766954263329037,0.0442900004197745,0.9340998072418768,0.5900563922671567,0.013648060795689,0.0324949448775966,0.7727477165054156,5.796851557497045e-20,0.2931215350823647,0.5957414398439372,0.1484550257475942,0.1362791795506397,0.3167088242882362,0.1446709706568012,0.3134751734637439,-165.67717540135138,361.3543508027028,411.9139212246177
2026-06-01T20:49:43,50,1,500001,"ARX(2,2)",-165.72275569610127,361.44551139220255,412.0050818141175,True,0,0.5386142827064314,1.616800638061018e-05,0.832709752216812,0.2695161522851259,0.1721004123027596,2.29633664993586e-09,0.9825902469809916,0.4783441164649964,0.1771744493209719,0.5594411068703972,0.104168829625043,0.2068947148042508,0.499365792878677,0.139128906009167,0.1256856546538113,-165.7227556962944,361.4455113925888,412.0050818145037
2026-06-01T20:54:44,50,2,500002,"ARX(2,2)",-165.7263209524073,361.4526419048146,412.0122123267295,True,0,0.5326591161200535,0.0005023397613045,0.8335291796401366,0.2749251748984682,0.1700285680856208,8.000854728572828e-07,0.9801976988942828,0.4688720793854772,0.1791384240018811,0.5624548880070707,0.1050520588948047,0.2069543537630929,0.4932165264295859,0.1405814208866196,0.1306496830660949,-165.72632095725714,361.4526419145143,412.0122123364292
2026-06-01T20:57:30,50,3,500003,"ARX(2,2)",-165.84094473901473,361.68188947802946,412.2414598999444,True,0,0.1328688969137186,0.0621191018951194,0.9053833503019342,0.3147117307179272,0.1141051169212294,4.4051615812990974e-08,0.832148200441898,0.4642416867503627,0.2297541166286245,0.5235499731000176,0.0695702851302647,0.20231561298595,0.3109773686179966,0.1643486317493563,0.3205551049776785,-165.84094474358773,361.68188948717545,412.2414599090904
2026-06-01T21:00:17,50,4,500004,"ARX(2,2)",-165.72504720540707,361.45009441081413,412.0096648327291,True,0,0.5511188519135856,0.0008494871521892,0.8297245490036373,0.2672395945902728,0.1779550168695602,7.150464177155154e-10,0.9609043138486976,0.5028194634573714,0.176081361029938,0.5709461300457973,0.1063188087833277,0.2084283837494767,0.4497491129038302,0.1456483672773337,0.1616931236401008,-165.72504720566525,361.4500944113305,412.00966483324544
2026-06-01T21:02:50,50,5,500005,"ARX(2,2)",-165.72852107661345,361.4570421532269,412.01661257514183,True,0,0.5827441021326614,0.0002628342619766,0.8240630294521214,0.2688763403232918,0.1855439329338554,1.1252310971695591e-06,0.9773797124165392,0.4843024227244411,0.1742705703507946,0.5828842366608686,0.1076260284071477,0.2067950775275776,0.4621981208827699,0.1439820242122509,0.1528839798721841,-165.72852107649987,361.45704215299975,412.0166125749147
2026-06-01T21:07:01,50,6,500006,"ARX(2,2)",-165.72060617233223,361.44121234466445,412.0007827665794,True,0,0.5717081033252333,1.5029643896512994e-05,0.8263948458429826,0.2668620174994652,0.1825223305446421,6.66863438661025e-10,0.9668801613748976,0.4993630344885693,0.1745157616241501,0.5760463074152518,0.1076023818305799,0.2072260429839068,0.4684803504985725,0.1450115000917859,0.144194154453235,-165.7206062461011,361.4412124922022,412.0007829141172
2026-06-01T21:09:36,50,7,500007,"ARX(2,2)",-165.84135761886205,361.6827152377241,412.24228565963904,True,0,0.1340483398767903,0.0623361061620669,0.9047992898169686,0.3090725175875214,0.1150544362075715,2.0138249217656866e-07,0.836053982619659,0.4719903643018298,0.2295146547323875,0.5226607276624301,0.0702455567547263,0.2019490529831351,0.3089796282117096,0.1640778003368575,0.322565719109568,-165.84135761883567,361.68271523767135,412.2422856595863
2026-06-01T21:11:56,50,8,500008,"ARX(2,2)",-165.71837795873904,361.4367559174781,411.996326339393,True,0,0.5549036168901006,0.0001026503440136,0.8301178514337948,0.2679140504429778,0.1763547491760888,2.033912136377931e-14,0.9714521530337066,0.4925005325062436,0.1755881657431025,0.5694125814933084,0.1068045428492466,0.2078540789037032,0.4754725235180775,0.1438984292308009,0.1394463469177208,-165.7183779578931,361.4367559157862,411.99632633770113
2026-06-01T21:13:45,50,9,500009,"ARX(2,2)",-165.72089417078655,361.4417883415731,412.00135876348804,True,0,0.5586434682121509,2.939281873664268e-05,0.8298583724190127,0.2712861711980801,0.1757229080902934,1.3970227781856797e-15,0.9837443962160038,0.4736217329121136,0.1753782338153243,0.5685879884674441,0.1074286622796059,0.2057190320383205,0.4641029403404846,0.143089888105015,0.1537426235418361,-165.72089417289618,361.4417883457924,412.0013587677073
2026-06-01T21:15:25,50,10,500010,"ARX(2,2)",-165.75796754912886,361.5159350982577,412.07550552017267,True,0,0.5363508427221784,0.0013223102916151,0.8356786034124767,0.2888888075468057,0.1682179572315917,2.092032717288676e-11,0.9374245759544694,0.4821100052646649,0.1752083455908498,0.5674138908787555,0.1052962908273665,0.2079851896112456,0.415068357174691,0.1497045933902555,0.1934599513131492,-165.75796751625404,361.5159350325081,412.075505454423
2026-06-01T21:17:20,50,11,500011,"ARX(2,2)",-165.72731910463642,361.45463820927284,412.0142086311878,True,0,0.5145403839332144,2.94873472700212e-05,0.8396851997932017,0.2716999151222877,0.1630104563259723,2.8247278650973275e-12,0.9836583641291314,0.472881808019656,0.177203844778784,0.5527126479392999,0.1073023652598739,0.2100130286767015,0.4557024964544701,0.142554561244591,0.1583983665245664,-165.7273191046741,361.4546382093482,412.0142086312632
2026-06-01T21:23:05,50,12,500012,"ARX(2,2)",-165.85009639427034,361.7001927885407,412.2597632104556,True,0,0.7132227493835138,1.4987684366954964e-05,0.8012383572760344,0.2157784047356967,0.227797338064576,5.668231202634074e-18,0.943295757653574,0.6251066749376238,0.1652363973988516,0.6141536875090593,0.1145070223164557,0.2100101788282111,0.4570074148828571,0.1526315411355404,0.1328201401859139,-165.85009639282322,361.7001927856464,412.2597632075614
2026-06-01T21:24:17,50,13,500013,"ARX(2,2)",-165.85233756302287,361.70467512604574,412.2642455479607,True,0,0.1310278181029885,0.0609818552280704,0.9047261106501976,0.3152579229500235,0.1167034593330334,2.4730743377504632e-23,0.8076149903676407,0.48767971610018,0.2306564098508609,0.5288755234115885,0.0692295089291679,0.2055402181366162,0.2789846724647085,0.1686519502170874,0.3433666625540324,-165.85233756270037,361.7046751254008,412.2642455473157
2026-06-01T21:27:12,50,14,500014,"ARX(2,2)",-165.74820210959237,361.49640421918474,412.0559746410997,True,0,0.51225693790537,5.609222689155361e-05,0.8385325036162034,0.2793180871791726,0.1633775627697833,2.7318908092778418e-15,0.9857317715591816,0.4555176246554037,0.1791644827266098,0.5650828949589851,0.1049983393544288,0.2047226873841484,0.5343867258824622,0.138690272225502,0.0943317270056613,-165.74820211967867,361.4964042393573,412.0559746612723
2026-06-01T21:28:53,50,15,500015,"ARX(2,2)",-166.31821494849612,362.63642989699224,413.1960003189072,True,0,0.4062651636930829,0.0317608384070872,0.8598576208051192,0.3889318102168233,0.1282162806661363,1.6447454411683625e-17,1.0432077373647022,0.1236548930658002,0.1930156940973904,0.6665774037965657,0.0861643085001741,0.2267426837499632,0.5771210488905427,0.0929526542929389,0.0948058741468518,-166.31821495578504,362.6364299115701,413.196000333485
2026-06-01T21:32:22,50,16,500016,"ARX(2,2)",-166.23877918339247,362.47755836678493,413.0371287886999,True,0,0.8669633406561871,9.324786061047492e-05,0.7783591587388421,0.1245061739160413,0.2810728731127906,1.2168001154088e-11,0.9322610268262428,0.8183778347781926,0.1569275710349753,0.66544171606918,0.1212316382949047,0.222904616884166,0.4165718303837347,0.1469190509659873,0.1537035407373703,-166.23877918373944,362.4775583674789,413.0371287893938
2026-06-01T21:38:31,50,17,500017,"ARX(2,2)",-165.68003521926963,361.36007043853925,411.9196408604542,True,0,0.0746614892624115,0.044793677918171,0.9352875302543724,0.5841255430992319,0.0130345402214229,0.0323413315425255,0.7850615210564772,3.659969481203451e-07,0.2948345635829729,0.5995123227039514,0.1496885747681944,0.1323894423602505,0.3262735149277868,0.1422712346264974,0.3099085814512492,-165.68003522345583,361.36007044691166,411.9196408688266
2026-06-01T21:41:49,50,18,500018,"ARX(2,2)",-165.86733457453485,361.7346691490697,412.29423957098464,True,0,0.2534159136192835,0.0346074674420294,0.878336279397861,0.268774949757827,0.1562146740745081,1.3129505784792064e-15,0.8647020992451826,0.5454165048972993,0.1933250813271236,0.5547179075739234,0.0832809800781003,0.2024551669029811,0.3666196662405868,0.1518818038083125,0.2696656227927355,-165.86733458413795,361.7346691682759,412.2942395901909
2026-06-01T21:44:15,50,19,500019,"ARX(2,2)",-165.84172351211242,361.68344702422485,412.2430174461398,True,0,0.1344899574965653,0.0623525336075873,0.9043875364729967,0.3083537310162372,0.1157592623509356,1.1435914158223052e-19,0.8296129048541971,0.4792927226971145,0.2295981760501753,0.5246949774331098,0.0708252451828835,0.204710592405707,0.3041003480580689,0.1653021794386684,0.3221431751350495,-165.84172350432334,361.6834470086467,412.2430174305616
2026-06-01T21:46:58,50,20,500020,"ARX(2,2)",-166.13010631585158,362.26021263170315,412.8197830536181,True,0,0.1083864800357596,0.0647384138076801,0.9124600279630436,0.3115649191275446,0.107629348958653,4.040117797852686e-13,0.6737958814035431,0.6117715443851832,0.24025382601857,0.5328622946965222,0.0564393046809709,0.2271298397609694,0.2582015317979176,0.183107594136931,0.3361855731982974,-166.13010632408958,362.2602126481792,412.8197830700941
2026-06-01T21:49:44,50,21,500021,"ARX(2,2)",-165.6792570279274,361.3585140558548,411.91808447776975,True,0,0.0765482201994813,0.0447072128597129,0.9341930251733944,0.5852196477958317,0.0130562485560357,0.0328767509165252,0.7825340928514497,7.234929194318322e-19,0.2929948270504683,0.5975769264838064,0.1508830692147209,0.1339402405775183,0.3156159253875903,0.1441273072453137,0.3146604141470037,-165.67925703165798,361.358514063316,411.9180844852309
2026-06-01T21:52:26,50,22,500022,"ARX(2,2)",-165.7207317363052,361.4414634726104,412.00103389452534,True,0,0.5565836677029167,0.0004892866563152,0.8284702871549879,0.2674311723706667,0.1786608216698778,2.4203458589694157e-09,0.9708727636640566,0.4932282868172458,0.1764011793318303,0.567329017290322,0.107268915561213,0.2097581412594278,0.4794473804908125,0.1436884413377806,0.1333815204107841,-165.72073170719577,361.44146341439154,412.0010338363065
2026-06-01T21:55:25,50,23,500023,"ARX(2,2)",-165.75266169054964,361.5053233810993,412.06489380301423,True,0,0.6519653583286054,2.243854816641309e-05,0.8114540341257447,0.2635640514275018,0.2024630503163676,3.2518753113345173e-12,0.9516639949815192,0.5211568618566423,0.1702489444487938,0.5870195628944894,0.1094589850765324,0.2040807525222282,0.4892233807825899,0.1477696831905927,0.1213849448753761,-165.75266169085745,361.5053233817149,412.0648938036298
2026-06-01T21:57:58,50,24,500024,"ARX(2,2)",-165.493135315859,360.986270631718,411.54584105363296,True,0,0.0411817122497026,0.0341608846365144,0.951803324821768,0.5959444559163415,0.0090333618197179,0.0206519696244089,0.7140764773730068,0.0560973793763118,0.3954801026215709,0.6301149178075701,0.1627868167289081,0.1846107138382685,0.1610735753808632,0.1420941917381842,0.4218057822446095,-165.49313531569072,360.98627063138144,411.5458410532964
2026-06-01T22:00:57,50,25,500025,"ARX(2,2)",-165.72387986406545,361.4477597281309,412.00733015004585,True,0,0.5219963259472415,1.6957637249292916e-05,0.8363575092035955,0.275134261982756,0.1678050274928754,3.668731230451667e-17,0.9671505230194636,0.4825456543634929,0.1776264997226753,0.5703755609838388,0.1050405898007351,0.2062908408079245,0.4744589501587312,0.1428348361807058,0.1448513239091916,-165.7238798640227,361.4477597280454,412.0073301499604
2026-06-01T22:02:50,50,26,500026,"ARX(2,2)",-166.5091902201151,363.0183804402302,413.57795086214514,True,0,2.3673494881709773,0.0563438323969121,2.4549486380252985e-08,0.5692946134581606,5.9349980755586495e-08,0.4715933716999037,0.8184182863694075,2.414287479618499e-07,0.2296051309416376,0.4446952230490398,0.0993209915259012,0.2185561718437735,0.524787125393152,0.0440565657008295,0.1825791462100197,-166.50919017872846,363.0183803574569,413.5779507793719
2026-06-01T22:08:25,50,27,500027,"ARX(2,2)",-165.92243022723846,361.84486045447693,412.40443087639187,True,0,0.302097984776271,0.0355081371714274,0.8653756067000046,0.2485811781221782,0.1741152394522969,0.0,0.8473464664160151,0.5951430333446049,0.1887791689731263,0.598881472579957,0.0920747055126192,0.2106168181723981,0.3619507495699161,0.1599757648003375,0.2455940898088474,-165.92243022960648,361.84486045921295,412.4044308811279
2026-06-01T22:10:47,50,28,500028,"ARX(2,2)",-165.851735697063,361.703471394126,412.2630418160409,True,0,0.127242695025943,0.0611300671243211,0.9068457754235032,0.325714675685093,0.1128225316969331,3.390573798830552e-07,0.8139673273038617,0.4616472279017042,0.231474635102415,0.5166624911957898,0.0666863961762299,0.2034256142281782,0.293009206264185,0.1672996085670514,0.336496075736593,-165.85173569721718,361.7034713944344,412.2630418163493
2026-06-01T22:12:05,50,29,500029,"ARX(2,2)",-165.72404420706212,361.44808841412424,412.0076588360392,True,0,0.5871013492007736,0.0001448230365662,0.8238260794846303,0.2630036549586621,0.1856616958077328,9.62029224297009e-07,0.9627396683288012,0.5109348357480147,0.1734337378311156,0.5734786136429929,0.10882956001401,0.2073504335980502,0.4623967557951793,0.1469787325490403,0.1460928886611625,-165.72404419644715,361.4480883928943,412.0076588148093
2026-06-01T22:13:55,50,30,500030,"ARX(2,2)",-165.7276807139766,361.4553614279532,412.01493184986816,True,0,0.5895215393399219,5.72113416741951e-05,0.8236271941225592,0.257234943083028,0.1841415286206634,3.706678076081217e-10,0.9872257109693932,0.4981778847440763,0.1738353941729183,0.5768111275649206,0.1084244716508061,0.206189364728891,0.4868645714141725,0.1426750152610038,0.1298668846807296,-165.72768071999792,361.45536143999584,412.0149318619108
2026-06-01T22:16:44,50,31,500031,"ARX(2,2)",-165.72253074935574,361.4450614987115,412.0046319206264,True,0,0.5739689801628369,0.0003545208922481,0.8264680484161737,0.2642842503720697,0.1815877277151487,4.071918241082785e-06,0.9615978095681592,0.509061818563084,0.17409109100526,0.5696579243260612,0.1076390816207939,0.2068627701846744,0.4694662732721945,0.1450919623921938,0.1435329289016719,-165.7225307489054,361.4450614978108,412.00463191972574
2026-06-01T22:18:31,50,32,500032,"ARX(2,2)",-165.74591716413818,361.49183432827635,412.0514047501913,True,0,0.4810130622829872,3.893673899283898e-05,0.8468352023530036,0.2775160049224831,0.1531128038920751,5.3648148118740464e-12,0.9769579035201114,0.4679324577865961,0.1789118150829614,0.5506614523722978,0.105193798383125,0.2076015837757097,0.4539500670043319,0.1392736466753886,0.167523281772314,-165.74591716353774,361.4918343270755,412.0514047489904
2026-06-01T22:20:42,50,33,500033,"ARX(2,2)",-165.7907787023624,361.5815574047248,412.1411278266397,True,0,0.4608268096389476,2.775602373359633e-05,0.8476767671159562,0.2969940107888041,0.1505706054355359,1.0193013902719787e-20,0.9942635969453067,0.4116979512544937,0.1838313194668902,0.533692152067143,0.0996182739539735,0.212845074240893,0.528768577768868,0.1269527587856283,0.1103734184673396,-165.7907786867812,361.5815573735624,412.14112779547736
2026-06-01T22:22:43,50,34,500034,"ARX(2,2)",-165.7268732468035,361.453746493607,412.01331691552195,True,0,0.5341895025983137,0.000146874134342,0.833576198241743,0.2724676177161636,0.169520498429974,7.891135112754041e-06,0.9757872836355888,0.4789761420068915,0.1776212629584079,0.5556651068985621,0.1059959747209343,0.2069313326675896,0.5047562209463616,0.1403884208601963,0.1162413055961494,-165.72687330896076,361.4537466179215,412.01331703983647
2026-06-01T22:24:52,50,35,500035,"ARX(2,2)",-165.84596145273255,361.6919229054651,412.25149332738005,True,0,0.1318298391863782,0.0619739201033895,0.9061383742275269,0.3195035452001377,0.1128975828889756,7.349946835550657e-07,0.8450167256448557,0.4412854419271435,0.2294570904380178,0.5248917330705485,0.0691261766086248,0.1999063585464367,0.3111373027109638,0.1634251927239245,0.3244058945229677,-165.84596145416663,361.69192290833325,412.2514933302482
2026-06-01T22:26:53,50,36,500036,"ARX(2,2)",-165.72536613952246,361.4507322790449,412.01030270095987,True,0,0.5507755807338794,0.001199649237556,0.8310662854474289,0.2685920969582674,0.1764041293831469,1.887603064609997e-05,0.960023047414146,0.5003056138481597,0.1751074752966318,0.5676700516164046,0.106302331642564,0.2100216426403257,0.4498331727188739,0.1449263083054049,0.1609474179009067,-165.7253661711697,361.4507323423394,412.01030276425433
2026-06-01T22:31:49,50,37,500037,"ARX(2,2)",-165.72833218496913,361.45666436993827,412.0162347918532,True,0,0.5469239229253312,0.0003813849132179,0.8326169825869616,0.2860366451345097,0.1708445267260428,3.767777264491335e-15,0.9657029718597242,0.4614504057563789,0.1757135707607014,0.5585882991920131,0.1063737760503713,0.2065341348536228,0.4731415901691233,0.1435102744330524,0.144427787584003,-165.72833219236335,361.4566643847267,412.0162348066417
2026-06-01T22:33:58,50,38,500038,"ARX(2,2)",-165.72029693074234,361.4405938614847,412.0001642833996,True,0,0.5634694787528762,0.0002132050122298,0.8287396317020389,0.2702530428244203,0.1774626376611129,2.7781691736019672e-08,0.98100702491865,0.4780278329301017,0.1750876543567837,0.5686110265999355,0.1065864915196441,0.2057527561926017,0.4834897301240605,0.1428259881481542,0.1357984280679416,-165.72029691851645,361.4405938370329,412.0001642589479
2026-06-01T22:36:17,50,39,500039,"ARX(2,2)",-165.723999898265,361.44799979653,412.0075702184449,True,0,0.5880450862922796,0.0001972776870163,0.8239089200575147,0.2654383994281032,0.1824143922630755,1.1345136042548551e-05,0.9669223644525176,0.5017768138831984,0.1739684475642336,0.5727567468018067,0.1097517941765189,0.2066828401845178,0.4694623266852841,0.147688935229078,0.1387378817340252,-165.72399989809202,361.447999796184,412.007570218099
2026-06-01T22:39:00,50,40,500040,"ARX(2,2)",-165.95279845141675,361.9055969028335,412.46516732474845,True,0,0.8785665552000759,2.0037185811051883e-05,0.778004650841352,0.2126597149090175,0.2628174871673038,3.5588139579451874e-14,0.912627415829024,0.6619931616464387,0.1573453879208181,0.6419389271164401,0.1181316391210965,0.2068777701329483,0.4599853616413567,0.1537580505552975,0.1257990022372447,-165.95279845155454,361.9055969031091,412.465167325024
