timestamp,seed,draw,random_state,mean_type,success,optimizer_success,status,loglik,AIC,BIC,param_p0,param_n0,param_rho_p,param_rho_n,param_phi_p_plus,param_phi_n_minus,param_sigma_p,param_sigma_n,param_c,param_rho_1,param_phi_1,param_rho_2,param_phi_2,stored_loglik,stored_AIC,stored_BIC
2026-06-01T16:34:42,1,3,100033,"ARX(2,1)",True,True,0,-168.12375750103615,360.2475150020723,400.69517133960426,1.465550462034129,0.0437242773444793,0.6781269479181283,0.1302790657651075,0.4652663588879768,1.4438505901824708,0.146940334761296,1.0786693097256186,0.1268203183050844,0.2588481127090849,0.4780921242618891,0.1646016375299621,,-168.1237575011507,360.2475150023014,400.6951713398333
2026-06-01T16:58:49,1,4,100043,"ARX(2,1)",True,True,0,-168.1210231680608,360.2420463361216,400.6897026736535,1.6068585629409338,0.047771999876709,0.6683941556584112,0.1267869827015666,0.4769855807754579,1.331048175470348,0.1429415903978874,1.0067690308243151,0.1288685536303085,0.2550456780626068,0.4860582221440028,0.1615609174068593,,-168.12102316022842,360.24204632045684,400.6897026579888
2026-06-01T17:04:51,1,5,100053,"ARX(2,1)",True,True,0,-168.07655661143235,360.1531132228647,400.60076956039666,1.3426809188108555,0.0495129551844282,0.6937785645552328,0.1368871341113682,0.4444262000696712,1.2480635776342486,0.1496115545609826,0.9782112895684584,0.126267855218423,0.256599613280304,0.4812590918157233,0.1674740481524902,,-168.07655618088455,360.1531123617691,400.60076869930106
2026-06-01T17:13:58,1,6,100063,"ARX(2,1)",True,True,0,-168.07842272698167,360.15684545396334,400.6045017914953,1.390122199470105,0.0472590950558965,0.6885866919377639,0.1369512134540383,0.4513688304246517,1.2904636872614992,0.148502786850049,1.0105137498017875,0.1267742265891056,0.2564616011989692,0.4800795591281253,0.167533213802093,,-168.07842272614437,360.15684545228874,400.6045017898207
2026-06-01T17:25:57,1,7,100073,"ARX(2,1)",True,True,0,-168.0761500023533,360.1523000047066,400.59995634223856,1.3714265988811842,0.0486922609791834,0.6903829412762146,0.1368893451371017,0.448627592921877,1.2623908111955453,0.1490633437938857,0.9899024547672486,0.1266513306343777,0.256464578627823,0.4811279062993352,0.1671534186106742,,-168.07615000237735,360.1523000047547,400.59995634228665
2026-06-01T17:41:37,1,8,100083,"ARX(2,1)",True,True,0,-168.16005565949703,360.32011131899407,400.767767656526,1.4923361796675518,0.0406758018893799,0.6770180991496655,0.1351955098747804,0.4669877642493393,1.4750252860067803,0.1457731259497105,1.1489956414264395,0.1253257905879737,0.2535492125715713,0.4833236643290132,0.1657945021302257,,-168.16005560834597,360.320111216692,400.7677675542239
2026-06-01T17:57:41,1,9,100093,"ARX(2,1)",True,True,0,-168.07620586804453,360.15241173608905,400.600068073621,1.3708196968611,0.0485435787067919,0.6905729247736285,0.1367591679298321,0.4483833605498056,1.26887943966284,0.1489638635738823,0.9922934718981776,0.1264502140608167,0.2564896603526996,0.4809322753955032,0.1673072445615645,,-168.0762058680448,360.1524117360896,400.6000680736216
2026-06-01T18:06:48,1,10,100103,"ARX(2,1)",True,True,0,-168.07607402949446,360.1521480589889,400.5998043965209,1.363957309867462,0.048862259286265,0.6910987145039144,0.136150960753784,0.4477457054578488,1.2657809215954683,0.1492297094925791,0.9865506942471844,0.1265738037357056,0.2568463138025112,0.4809316878540982,0.1669328038870703,,-168.076074029476,360.152148058952,400.59980439648393
2026-06-01T18:35:58,1,12,100123,"ARX(2,1)",True,True,0,-168.07642306827603,360.15284613655206,400.600502474084,1.3552377057249936,0.0484388097254799,0.691892213388553,0.1382943985369364,0.4459929275857203,1.2637503858862036,0.1496562525894935,0.994901087441764,0.1269460458028289,0.2563742034850464,0.4801588813099893,0.1677345667718086,,-168.07642306765922,360.15284613531844,400.6005024728504
2026-06-01T18:54:48,1,13,100133,"ARX(2,1)",True,True,0,-168.07609872486236,360.1521974497247,400.5998537872567,1.364845124686413,0.0486364946644566,0.6913873059802619,0.1365670115960593,0.4471347895165115,1.2681664737392488,0.1490784566092822,0.9904684354922992,0.1262977975997213,0.256562407336099,0.4811772937645025,0.1672106640981283,,-168.07609872484545,360.1521974496909,400.59985378722286
2026-06-01T19:08:11,1,14,100143,"ARX(2,1)",True,True,0,-168.0769950181144,360.1539900362288,400.60164637376073,1.367818802444205,0.04965338049594,0.690366098304508,0.1366147855905246,0.4496579936835438,1.2360074819464646,0.1493685596647953,0.9727981327910138,0.1270217024015623,0.2556458566561569,0.4830821192264923,0.1665928299182747,,-168.0769950152752,360.1539900305504,400.6016463680824
2026-06-01T19:16:02,1,15,100153,"ARX(2,1)",True,True,0,-168.07602899518747,360.15205799037494,400.5997143279069,1.3579852842993576,0.0489465980298456,0.6920146973576661,0.1369126650579328,0.4464885694127138,1.260051617968249,0.149298187215698,0.9853692409914144,0.1263380435214265,0.2568019770585145,0.4808524050764159,0.1673612292971789,,-168.07602899482157,360.15205798964314,400.5997143271751
2026-06-01T19:32:07,1,16,100163,"ARX(2,1)",True,True,0,-168.08469945557778,360.16939891115555,400.6170552486875,1.4584090023665226,0.0493311302908856,0.6806222669987197,0.1341690758417136,0.4615854097719554,1.2819683171518688,0.1474613738252156,0.9829312158015272,0.1278511810885519,0.2556200220345884,0.4806919736023574,0.1671633919621215,,-168.0846994516021,360.1693989032042,400.61705524073614
2026-06-01T19:41:19,1,17,100173,"ARX(2,1)",True,True,0,-168.07667067496737,360.15334134993475,400.6009976874667,1.3490975507899898,0.0486594808731327,0.693101440751393,0.1387222866506879,0.4452637243746712,1.2681226624493445,0.1493619382854205,0.9853321417336648,0.1260999061885185,0.2574964006014888,0.4784998191295502,0.1685807383307671,,-168.0766706749864,360.1533413499728,400.60099768750473
2026-06-01T19:54:22,1,18,100183,"ARX(2,1)",True,True,0,-168.0788123913868,360.1576247827736,400.60528112030556,1.3720728127935116,0.0469946347737929,0.6910912242508858,0.1370837807713835,0.4471925746734898,1.3028115323301723,0.1486952761071832,1.0164660398357654,0.1256436214951564,0.2568571365998149,0.4805993759447901,0.1675078579272622,,-168.07881239028714,360.1576247805743,400.60528111810623
2026-06-01T20:04:31,1,19,100193,"ARX(2,1)",True,True,0,-168.07608096454555,360.1521619290911,400.59981826662306,1.3671458642171237,0.0490394387092232,0.6905348005148791,0.1364155065827693,0.4487002787654623,1.2597811428591432,0.1492117738409991,0.984301531427391,0.1266996364919377,0.2565093166191785,0.4811639423865342,0.1669913494659612,,-168.0760809644156,360.1521619288312,400.5998182663632
2026-06-01T20:15:55,1,20,100203,"ARX(2,1)",True,True,0,-168.07628222255744,360.1525644451149,400.60022078264683,1.3736765547653529,0.0486214306614681,0.6901765846273179,0.1377535897722067,0.4487612620438134,1.2666628856257984,0.148892221551822,0.9907471694635708,0.1264125358793517,0.2564679919132308,0.4806466132655541,0.1674977154025739,,-168.0762822233134,360.1525644466268,400.6002207841588
2026-06-01T20:21:03,1,21,100213,"ARX(2,1)",True,True,0,-168.07767704624365,360.1553540924873,400.60301043001925,1.39186332137457,0.0501262308367494,0.6886136598418511,0.1363986673682228,0.4512458447266009,1.2321817642216106,0.1484744033110544,0.9676174584061554,0.1276631566586552,0.2570192551619522,0.4806774768097087,0.1666542334254873,,-168.0776770470825,360.155354094165,400.6030104316969
2026-06-01T20:41:16,1,22,100223,"ARX(2,1)",True,True,0,-168.0778934777179,360.1557869554358,400.60344329296777,1.3271673103781825,0.048478613166092,0.6959015678470273,0.1381906792357404,0.4406773966937183,1.2546233463162866,0.1498897275458014,0.9976955693322956,0.125622064028002,0.2569789681765618,0.4806163701006378,0.1678346928445553,,-168.0778934784222,360.1557869568444,400.6034432943764
2026-06-01T20:50:35,1,23,100233,"ARX(2,1)",True,True,0,-168.0761577607343,360.1523155214686,400.59997185900056,1.36166159221704,0.0488139044823234,0.6911009071145734,0.1366660027131577,0.4479449638519698,1.266918075533524,0.1493107330252501,0.9868765080919382,0.1268253525717998,0.2571273403015728,0.4794756137761547,0.1675739555483066,,-168.07615776110643,360.15231552221286,400.5999718597448
2026-06-01T21:05:48,1,24,100243,"ARX(2,1)",True,True,0,-168.07609017456895,360.1521803491379,400.59983668666985,1.3653743842560806,0.0486876012556317,0.6912548032526771,0.136581908611595,0.4475394757099683,1.2679684989961484,0.1490723780847966,0.989872343681167,0.1263047671568496,0.2566933434493703,0.4809045923936858,0.1673101935158876,,-168.07609017372593,360.15218034745186,400.5998366849838
2026-06-01T21:19:04,1,25,100253,"ARX(2,1)",True,True,0,-168.07939162309845,360.1587832461969,400.60643958372884,1.3032715844305691,0.048154062790523,0.6968130417465097,0.1382438598162215,0.4404881808493676,1.2649805984702378,0.1513531769084835,0.9922441714442188,0.1248977151704841,0.2555715945548518,0.4820907445532159,0.168705937308662,,-168.0793916223459,360.1587832446918,400.6064395822237
2026-06-01T21:25:29,1,26,100263,"ARX(2,1)",True,True,0,-168.07889382407922,360.15778764815843,400.6054439856904,1.337892743717509,0.050318140452648,0.6922531476740399,0.1378519415959808,0.4463647312957352,1.265886944692449,0.1505103162968513,0.9747572979156158,0.1264716976033061,0.2585908404068215,0.4783732770088073,0.1668714530600156,,-168.0788938249427,360.1577876498854,400.60544398741735
2026-06-01T21:39:36,1,27,100273,"ARX(2,1)",True,True,0,-168.07609057746572,360.15218115493144,400.5998374924634,1.3617266973206508,0.0492632578647015,0.6916870023829019,0.1366533135773294,0.4469869048606743,1.254239693609922,0.1491877361776686,0.9811588128210385,0.1264720846366077,0.256834247047959,0.4811075530398341,0.1670739209319068,,-168.07609057746487,360.15218115492974,400.5998374924617
2026-06-01T21:47:11,1,28,100283,"ARX(2,1)",True,True,0,-168.07602477760497,360.15204955520994,400.5997058927419,1.3634170436366684,0.0489720244680256,0.6915321443792789,0.1363031743287852,0.4471746971396683,1.2609733586268994,0.1491344821866889,0.9857628783670302,0.1264661368586064,0.2567525850657245,0.4809080846507192,0.1672386997680736,,-168.07602477758297,360.15204955516595,400.5997058926979
2026-06-01T22:18:52,1,30,100303,"ARX(2,1)",True,True,0,-168.09589160889658,360.19178321779316,400.6394395553251,1.4824516382966777,0.0499199440417,0.6795277696994362,0.1357790188101925,0.4608563558062682,1.209867960846877,0.1467041247423876,0.9951779721872692,0.1277370744278322,0.2508485992599424,0.4902416939604055,0.1642080184087813,,-168.09589160766262,360.19178321532524,400.6394395528572
2026-06-01T22:31:00,1,31,100313,"ARX(2,1)",True,True,0,-168.0764234051062,360.1528468102124,400.60050314774435,1.370020247646737,0.048340047189339,0.6903590551494847,0.1364187284321912,0.4484189393803192,1.2745256070885975,0.1491233570834464,0.9967508713969094,0.1263566969901804,0.2562786064628728,0.4812097975458835,0.1672269444946234,,-168.07642340494078,360.1528468098816,400.6005031474135
2026-06-01T22:48:25,1,33,100333,"ARX(2,1)",True,True,0,-168.07622373216788,360.15244746433575,400.6001038018677,1.3738013321011409,0.0492068062112752,0.6903810017307533,0.1358720929093904,0.448875509461233,1.262301940721397,0.1488445490984622,0.9823153429314456,0.126617139708332,0.2567792031314242,0.4807065125385322,0.1672903265151606,,-168.0762237325203,360.1524474650406,400.60010380257256
2026-06-01T23:00:31,1,34,100343,"ARX(2,1)",True,True,0,-168.07609763694123,360.15219527388246,400.5998516114144,1.3552128901459268,0.0489757221445882,0.692462993776069,0.1372877826661944,0.4456383974567323,1.256562134670451,0.1493911971793453,0.9859689612736208,0.1265297402227531,0.2569169841043824,0.4804996118477719,0.1673881817601236,,-168.07609763695223,360.15219527390445,400.5998516114364
2026-06-01T23:12:18,1,35,100353,"ARX(2,1)",True,True,0,-168.07604351803144,360.1520870360629,400.59974337359483,1.363427315284464,0.048880913507649,0.6913100526839787,0.1363667010277857,0.447534661189971,1.2626141900937429,0.1491905439862848,0.9877971428218132,0.1263512159215691,0.2569498306213078,0.4810681723725844,0.1669531519856131,,-168.07604351803934,360.1520870360787,400.5997433736106
2026-06-01T23:17:57,1,36,100363,"ARX(2,1)",True,True,0,-168.076323203237,360.152646406474,400.60030274400594,1.3556300089809432,0.0490816563009386,0.6924499010383273,0.1365097057463958,0.4451145906413727,1.2679730538445682,0.149211280811368,0.984217507397728,0.1255434826112109,0.2570272732450969,0.4814195288623866,0.1671543370313725,,-168.07632320129136,360.1526464025827,400.6003027401146
2026-06-01T23:26:49,1,37,100373,"ARX(2,1)",True,True,0,-168.07603674480563,360.15207348961127,400.5997298271432,1.360505340805141,0.048783700754564,0.691799999995202,0.1367731709965662,0.4466770894389359,1.2626278530649913,0.1492511248987351,0.9885615790372154,0.1263773243491993,0.2564737269079097,0.4811265674397752,0.1673663035577715,,-168.07603674479475,360.1520734895895,400.5997298271215
2026-06-01T23:51:39,1,38,100383,"ARX(2,1)",True,True,0,-168.11626685056459,360.23253370112917,400.6801900386611,1.6154459261841756,0.0506216843312259,0.6687554893415197,0.131755416413235,0.4729706467147155,1.256445921150703,0.1425116378442839,0.9656450993895912,0.129177140476524,0.2550877819242302,0.4839908647072699,0.1636572616820565,,-168.1162668198736,360.2325336397472,400.6801899772792
2026-06-02T00:10:45,1,39,100393,"ARX(2,1)",True,True,0,-168.0761309779819,360.1522619559638,400.59991829349576,1.3563002158609931,0.0486504789314961,0.69242282557811,0.1375990297301394,0.4458469181457729,1.2631155296945835,0.1493036979206757,0.9902860459924976,0.1263530967995416,0.2568265244718887,0.4800198429746938,0.1679908578990099,,-168.0761309779782,360.1522619559564,400.5999182934884
2026-06-01T16:32:05,2,2,200023,"ARX(2,1)",True,True,0,-168.076238098108,360.152476196216,400.60013253374797,1.3526798647068603,0.048948027900884,0.69202663308944,0.1360629486120762,0.4467677294872501,1.2597222972935218,0.1497778115692005,0.9882919193071515,0.1262391857598226,0.2567022969220758,0.4817890791894741,0.1667760377100419,,-168.07623809759798,360.152476195196,400.6001325327279
2026-06-01T16:38:20,2,3,200033,"ARX(2,1)",True,True,0,-168.88679206591956,361.77358413183913,402.2212404693711,3.226167771764572,0.0553851319318148,0.5645144827991853,0.1222282133297098,0.6210604147512453,1.1612244977861186,0.1187902279936645,0.899635867805914,0.1364302281644009,0.2494448700519165,0.5021812096700979,0.1491414431122577,,-168.88679206360786,361.7735841272157,402.22124046474767
2026-06-01T16:44:58,2,4,200043,"ARX(2,1)",True,True,0,-168.07615951762045,360.1523190352409,400.59997537277286,1.3662313766969534,0.0486241541040112,0.6911055823019542,0.1366036440404865,0.448057112526183,1.2700048342413688,0.1490701197873698,0.9902269007377872,0.1263657752324266,0.2565832575236711,0.4811426000267738,0.1672542022572114,,-168.07615951757032,360.15231903514064,400.5999753726726
2026-06-01T16:56:59,2,5,200053,"ARX(2,1)",True,True,0,-168.07609647752855,360.1521929550571,400.59984929258906,1.3518882981823206,0.0490200253212902,0.6923593708873932,0.1367367631526219,0.4462611110630509,1.2593368901953008,0.1495341800302642,0.9848965339528686,0.1262232414134206,0.2566900439850468,0.4811826448627973,0.1673038939729835,,-168.0760964774526,360.1521929549052,400.5998492924372
2026-06-01T17:17:43,2,6,200063,"ARX(2,1)",True,True,0,-168.07614051912898,360.15228103825797,400.5999373757899,1.351685207189428,0.0488122598098502,0.6928360704085579,0.1367649576075688,0.4453952824028776,1.2676299993511717,0.149392277504848,0.9884622674035236,0.1260581223822558,0.2565744643862231,0.4809437607805854,0.1676202666594166,,-168.07614051912446,360.15228103824893,400.5999373757809
2026-06-01T17:28:50,2,7,200073,"ARX(2,1)",True,True,0,-168.07661386602507,360.15322773205014,400.6008840695821,1.3336496529208794,0.0487381499893309,0.6944682372396618,0.1367441633407245,0.443404077441302,1.2675035222056137,0.1499414227574969,0.9899885934023666,0.125795769967332,0.2570844440552471,0.4805421039882814,0.1676687248074597,,-168.07661386602445,360.1532277320489,400.6008840695808
2026-06-01T17:41:13,2,8,200083,"ARX(2,1)",True,True,0,-168.07610188129263,360.15220376258526,400.5998601001172,1.3667753879320497,0.048666903969903,0.6911428411131283,0.1373696908918,0.4478841143240306,1.2645593907633328,0.1490324488366733,0.989301051346398,0.1264675775343901,0.2565942766984627,0.4808892052927631,0.1673829170750547,,-168.07610188191228,360.15220376382456,400.5998601013565
2026-06-01T17:57:07,2,9,200093,"ARX(2,1)",True,True,0,-168.07606303830275,360.1521260766055,400.59978241413745,1.356594455839569,0.0488991351566597,0.692339310365687,0.1362487650275219,0.445922924116987,1.2651673318894914,0.1492540762672447,0.9869382391356194,0.1261940285147361,0.2566774165773295,0.481195652014592,0.1672412064047564,,-168.07606303832705,360.1521260766541,400.59978241418605
2026-06-01T18:13:34,2,10,200103,"ARX(2,1)",True,True,0,-168.0766402231245,360.153280446249,400.600936783781,1.3445224786692151,0.0483582082330478,0.6937430272654358,0.1355954710067681,0.4440151721296292,1.2805940435109069,0.1494924679354673,0.9959435426118984,0.125909852457603,0.2567307182056693,0.4809066833672494,0.1675370017301046,,-168.0766402238174,360.1532804476348,400.6009367851668
2026-06-01T18:34:49,2,12,200123,"ARX(2,1)",True,True,0,-168.08131343345232,360.16262686690465,400.6102832044366,1.4462105777903635,0.0496743328579442,0.6829651818209722,0.1345027473666128,0.4589711740364748,1.244272882649634,0.1471056874698432,0.974670125936418,0.1286927134510193,0.2561394535713261,0.4810566320735659,0.1661584286883141,,-168.08131343340557,360.16262686681114,400.6102832043431
2026-06-01T18:44:59,2,13,200133,"ARX(2,1)",True,True,0,-168.07929115814306,360.15858231628613,400.6062386538181,1.3948526962838244,0.0497564821481798,0.6876601668986828,0.1398654880293922,0.4519158043116601,1.2146802369810352,0.1487161279567532,0.9744601988310788,0.1276845244543994,0.2562179624006306,0.4821338839370537,0.1662816896937287,,-168.07929114356483,360.15858228712966,400.6062386246616
2026-06-01T18:55:25,2,14,200143,"ARX(2,1)",True,True,0,-168.0791990586258,360.1583981172516,400.60605445478353,1.380282894339075,0.0502080592088979,0.6912815991661915,0.1399233311964968,0.4469485036404342,1.2140795269833564,0.1484126324791229,0.9643340098327234,0.1282942498084111,0.2571767288614196,0.4784690789896479,0.168124521177186,,-168.0791990591814,360.1583981183628,400.6060544558948
2026-06-01T19:05:32,2,15,200153,"ARX(2,1)",True,True,0,-168.0760898991137,360.1521797982274,400.59983613575935,1.365208332718261,0.0491594741674034,0.6908850590245504,0.1363293340082219,0.4483473524170525,1.2601077551016102,0.1491925595410028,0.9829672643716124,0.1266263561295671,0.257115794296236,0.4803679747793509,0.1671806953101055,,-168.07608989909312,360.15217979818624,400.5998361357182
2026-06-01T19:22:09,2,16,200163,"ARX(2,1)",True,True,0,-168.11328402556418,360.22656805112837,400.6742243886603,1.3620486579073772,0.0531206129877264,0.6982660308748777,0.1540930149391844,0.4322207560966368,1.153651439353567,0.1461890115940514,0.934336874925831,0.1228515975671816,0.2502819199531272,0.4902010065233178,0.1695696366928186,,-168.113284023981,360.226568047962,400.674224385494
2026-06-01T19:32:48,2,17,200173,"ARX(2,1)",True,True,0,-168.08741331646286,360.1748266329257,400.62248297045767,1.2726646291837784,0.0464888221022504,0.7022449723185928,0.135440086934615,0.4310970179667547,1.3305841328622434,0.1509550834406845,1.0276361935601006,0.1229091042826757,0.2570525443495712,0.4812061475142666,0.1685349465118851,,-168.08741331623105,360.1748266324621,400.62248296999405
2026-06-01T19:50:56,2,18,200183,"ARX(2,1)",True,True,0,-168.07609811600489,360.15219623200977,400.5998525695417,1.3554546470589632,0.0486585815128595,0.6924156645433781,0.1369172110871602,0.4460481443311634,1.2673906226096805,0.1492704590092643,0.9894863856722804,0.1262834023197393,0.2569188634570177,0.4802399660761062,0.1677029276604439,,-168.07609811577709,360.15219623155417,400.5998525690861
2026-06-01T20:18:00,2,19,200193,"ARX(2,1)",True,True,0,-168.07621287953003,360.15242575906007,400.600082096592,1.3740727441759717,0.0489571059455651,0.6903690443615432,0.1356126475621468,0.4483683763562372,1.2662115167421268,0.1488577414098854,0.9856863173106236,0.1266111043473747,0.256766900359835,0.4810987503837975,0.1668469342655893,,-168.07621287948626,360.1524257589725,400.6000820965045
2026-06-01T20:27:28,2,20,200203,"ARX(2,1)",True,True,0,-168.07611024236581,360.15222048473163,400.5998768222636,1.355809866926778,0.0492165026791526,0.6921883111314822,0.1366908332314063,0.4460613000725708,1.2540196316662904,0.1494195118543967,0.9822850716267422,0.1264689572257904,0.2567464094607535,0.4809293893632483,0.1672843680196337,,-168.07611024234305,360.1522204846861,400.5998768222181
2026-06-01T20:37:16,2,21,200213,"ARX(2,1)",True,True,0,-168.08470534121375,360.1694106824275,400.61706701995945,1.297042292525446,0.0504810180956135,0.6998129695534194,0.1331344957485535,0.4336211863851566,1.2726701868538357,0.1501189238029049,0.9612040659752912,0.1256177143831292,0.2580405640372952,0.4773448240274115,0.1689950483033329,,-168.08470534164417,360.16941068328833,400.6170670208203
2026-06-01T20:49:46,2,22,200223,"ARX(2,1)",True,True,0,-168.07720239012176,360.1544047802435,400.60206111777546,1.3908161259218372,0.0498403421943208,0.6887061920329743,0.1367409739298613,0.4509673562447261,1.238633073824797,0.1484843968518738,0.9717318010423086,0.1274245540670395,0.2567916216080892,0.4810174369604742,0.1666232986410977,,-168.07720239014836,360.1544047802967,400.6020611178287
2026-06-01T21:08:05,2,23,200233,"ARX(2,1)",True,True,0,-168.0761550884896,360.1523101769792,400.59996651451115,1.3565522251932642,0.0489613353825459,0.6917546942441454,0.1368336362639175,0.4474476699552444,1.2603143472145482,0.1493806423854477,0.9857191675580154,0.1259157497624656,0.2574224798758684,0.480567385417692,0.1672788837785482,,-168.07615508612224,360.1523101722445,400.5999665097765
2026-06-01T21:22:05,2,24,200243,"ARX(2,1)",True,True,0,-168.0822792189789,360.1645584379578,400.61221477548975,1.4143666796138643,0.0493076284811636,0.6878280083528409,0.1349675256343885,0.451094489771927,1.3024797863588131,0.147226449464545,0.9900822823152164,0.1268687738844585,0.256693983366676,0.4786291503635063,0.1673093852474253,,-168.08227921182146,360.1645584236429,400.61221476117487
2026-06-01T21:32:51,2,25,200253,"ARX(2,1)",True,True,0,-168.07606012948696,360.1521202589739,400.5997765965059,1.3645127933433197,0.0490022357023079,0.6917039706265411,0.1362929769866546,0.4468405718618737,1.2587586809843858,0.1490199245303165,0.9860601518349934,0.126363941702769,0.2566309725926209,0.4814101277194492,0.1670386364433316,,-168.07605990527804,360.1521198105561,400.599776148088
2026-06-01T21:40:33,2,26,200263,"ARX(2,1)",True,True,0,-168.07603612151536,360.1520722430307,400.59972858056267,1.357350774680997,0.0488475623832998,0.6919306341658492,0.1367804918353944,0.4465754468281641,1.2605197811949775,0.1493909439982264,0.9870495877461096,0.1264663280103981,0.2567772227442971,0.4809346204470089,0.1671845842045279,,-168.07603612151604,360.1520722430321,400.599728580564
2026-06-01T21:48:43,2,27,200273,"ARX(2,1)",True,True,0,-168.07688462816935,360.1537692563387,400.60142559387066,1.36602704486914,0.0497787960347455,0.6916726919823918,0.1376407849552452,0.4464417063465214,1.233983502845278,0.1490710862174593,0.97372002218358,0.1267281994965358,0.2563560239166303,0.4818886282504905,0.1670192024345436,,-168.07688462813152,360.15376925626305,400.601425593795
2026-06-01T21:57:30,2,28,200283,"ARX(2,1)",True,True,0,-169.05639137002504,362.1127827400501,402.56043907758203,3.571341810943468,0.0521943833437711,0.5961717050841548,0.1177955745061569,0.5525277001262399,1.2983620453423024,0.1088421594889705,0.9311073323384036,0.1320763829445702,0.2564525807503371,0.4892631059227913,0.156335967729485,,-169.05639132337905,362.1127826467581,402.5604389842901
2026-06-01T22:04:39,2,29,200293,"ARX(2,1)",True,True,0,-168.08034621375288,360.16069242750575,400.6083487650377,1.342355792253393,0.0512980507754221,0.6920673347576766,0.1347451666965049,0.4474569313580157,1.2204567582528745,0.1504341925611815,0.9531992348193132,0.1263243537691543,0.2563441091225144,0.4820459647035481,0.1676010298223427,,-168.08034621920197,360.16069243840394,400.6083487759359
2026-06-01T22:13:07,2,30,200303,"ARX(2,1)",True,True,0,-168.0761965956561,360.1523931913122,400.6000495288442,1.3766106360841048,0.0489785088793473,0.6899268452754471,0.1367208872206417,0.4492737917778363,1.258989456275845,0.1488886089786283,0.9857821814348632,0.1268027903939905,0.2564555655159048,0.4810136690940727,0.1671484393203371,,-168.07619659560754,360.1523931912151,400.60004952874704
2026-06-01T22:23:58,2,31,200313,"ARX(2,1)",True,True,0,-168.07666817152915,360.1533363430583,400.60099268059025,1.390482507519324,0.0490088651050473,0.688604383867839,0.1363926893314047,0.4509130832617732,1.263228312967961,0.148510518042074,0.9872257830194028,0.1269932634134423,0.2564903055565226,0.4810346626730881,0.1668610416721921,,-168.0766681712031,360.1533363424062,400.6009926799381
2026-06-01T22:34:56,2,32,200323,"ARX(2,1)",True,True,0,-168.07689053039803,360.15378106079606,400.601437398328,1.3451766702769117,0.0485360337750123,0.6933152103947912,0.1385611436926712,0.4452671406209048,1.2497826039433562,0.1496806991855752,0.9926316565562276,0.1261826568591725,0.2568781015296303,0.4808047260223945,0.1676281706606153,,-168.07689053008573,360.15378106017147,400.6014373977034
2026-06-01T22:54:28,2,33,200333,"ARX(2,1)",True,True,0,-168.11800098520942,360.23600197041884,400.6836583079508,1.602950247215309,0.0506812047696451,0.6732645923403585,0.1291734493797518,0.4676812970864389,1.254357216990102,0.1426126406684595,0.9523100249434702,0.1302872830087829,0.2572661247360003,0.4851718214723368,0.1608476597114553,,-168.11800099165228,360.23600198330456,400.6836583208365
2026-06-01T23:02:55,2,34,200343,"ARX(2,1)",True,True,0,-168.07944164322922,360.15888328645843,400.6065396239904,1.302313318056328,0.0479018014177702,0.69832136982752,0.1376211184630462,0.438092005392135,1.2881346850068076,0.1505109154513933,1.0014961318917952,0.1250907896996561,0.2572823144779446,0.4786862830849917,0.1692336270506522,,-168.07944164297007,360.15888328594014,400.6065396234721
2026-06-01T23:17:33,2,35,200353,"ARX(2,1)",True,True,0,-168.0762378833873,360.1524757667746,400.60013210430657,1.3674060068198204,0.0489738907755517,0.6906292821103033,0.1359178846438419,0.4492324074678399,1.2562292588973216,0.149140689012005,0.9844503618177792,0.12664304519166,0.2564743500838101,0.4823330523741144,0.166389223286147,,-168.07623788246184,360.1524757649237,400.6001321024556
2026-06-01T23:23:19,2,36,200363,"ARX(2,1)",True,True,0,-168.07668724714986,360.1533744942997,400.6010308318317,1.3348185056063906,0.0484252203698405,0.6944805473795547,0.1366391575494353,0.4429915678892098,1.2735825629775144,0.1498303346940511,0.9930899652159948,0.1257500278560388,0.2569655382488064,0.4803463132451784,0.1679286400701744,,-168.0766872471652,360.1533744943304,400.6010308318624
2026-06-01T23:31:41,2,37,200373,"ARX(2,1)",True,True,0,-168.08639265699804,360.1727853139961,400.62044165152804,1.4076510075117945,0.0460661661288244,0.6893314873982964,0.1344878735507311,0.4486246463612868,1.339106616841186,0.1474782250685824,1.0357356647316054,0.1255234629769015,0.255720663806467,0.481707586322371,0.1674093254723219,,-168.08639265675947,360.17278531351894,400.6204416510509
2026-06-01T23:40:45,2,38,200383,"ARX(2,1)",True,True,0,-168.0761686819184,360.1523373638368,400.59999370136876,1.34821561831461,0.0489509000191343,0.693037531187393,0.1369312032140778,0.4454914589417312,1.2581040312874725,0.1495369553156182,0.9850584817702984,0.1261079844216327,0.256698674589263,0.4811866490924406,0.1674897914758296,,-168.07616868193873,360.15233736387745,400.5999937014094
2026-06-01T23:50:50,2,39,200393,"ARX(2,1)",True,True,0,-168.0778824857024,360.1557649714048,400.60342130893673,1.3653500979910225,0.0505202219081324,0.6919398558717308,0.1359311077363717,0.4461650912530249,1.2274196882781585,0.1490305023611142,0.963207027073392,0.1273038496891988,0.2576098780415551,0.4796359107367769,0.1673680646100626,,-168.07788248748224,360.1557649749645,400.6034213124965
2026-06-02T00:02:52,2,40,200403,"ARX(2,1)",True,True,0,-169.822108656556,363.644217313112,404.09187365064395,5.786056783067858,0.0325401994337007,0.4688436557436393,0.1130806607797247,0.8266976178085766,1.3369037148236995,0.1016025974533333,0.934425678920867,0.1190448343292737,0.2256726710998917,0.558430056781487,0.1428573480968492,,-169.82210865634536,363.6442173126907,404.0918736502227
2026-06-01T16:31:05,3,2,300023,"ARX(2,1)",True,True,0,-168.15534896802095,360.3106979360419,400.75835427357384,1.15144468863904,0.051998614459261,0.7061357458414322,0.138703586759102,0.4283041955437443,1.2593181239826188,0.1578170327771566,0.9535308269292634,0.1145121218194984,0.2460200238507002,0.5002952143227235,0.1690792222458359,,-168.1553489606129,360.3106979212258,400.7583542587578
2026-06-01T16:47:39,3,3,300033,"ARX(2,1)",True,True,0,-168.0831312343225,360.166262468645,400.61391880617697,1.4531660644648643,0.0502246547672135,0.6829886847947698,0.1365473447242127,0.4583775160031654,1.2322107987173043,0.14669827380915,0.9649004098268252,0.1269683384780447,0.2554693876071612,0.48456697343192,0.1654366101145196,,-168.08313123347165,360.1662624669433,400.6139188044753
2026-06-01T17:10:48,3,4,300043,"ARX(2,1)",True,True,0,-168.08019140329048,360.16038280658097,400.6080391441129,1.4111037768835704,0.0509113169813634,0.6863236897612081,0.1359966221396331,0.4540194476698663,1.217327770436215,0.1481738124975235,0.9563201897012604,0.1282941635101621,0.2572661641069243,0.4810789993908,0.1657528498227927,,-168.08019140622784,360.1603828124557,400.6080391499876
2026-06-01T17:17:48,3,5,300053,"ARX(2,1)",True,True,0,-168.08531996915102,360.17063993830203,400.618296275834,1.3873174863484017,0.0501449475856452,0.6931100301235338,0.1406851589603891,0.4451343693235546,1.1955570650720988,0.1476601323494644,0.9533610426506666,0.1278972158249593,0.2606154092805561,0.4770791705563262,0.1680618707050189,,-168.0853199540417,360.1706399080834,400.61829624561534
2026-06-01T17:25:20,3,6,300063,"ARX(2,1)",True,True,0,-168.09445419015861,360.18890838031723,400.6365647178492,1.2193127879802443,0.0480099084157128,0.7064817667839992,0.1370553069079546,0.4276813619138689,1.2910016921451508,0.153218994016209,1.0131877245075278,0.1226838327793942,0.258955265146873,0.4802806833526366,0.1684544141989616,,-168.09445418923227,360.18890837846453,400.6365647159965
2026-06-01T17:31:39,3,7,300073,"ARX(2,1)",True,True,0,-168.07850387495182,360.15700774990364,400.6046640874356,1.3058795022872898,0.0484613291081157,0.6980935699985404,0.1381538687789273,0.4389756568057019,1.2660780394854634,0.1503417319550793,0.9916762541034606,0.1248432768952959,0.257160609943654,0.4807674317065302,0.1683751061125807,,-168.0785038739704,360.1570077479408,400.60466408547273
2026-06-01T17:40:49,3,8,300083,"ARX(2,1)",True,True,0,-168.07640368949956,360.1528073789991,400.60046371653107,1.3813520759242526,0.0488706499712293,0.6887695692206421,0.1362726607212011,0.4513055199218894,1.2629668681803334,0.1489177546340539,0.9870126775111032,0.1268162212679312,0.256462265753231,0.4814348404186208,0.1667275978375887,,-168.07640368950956,360.1528073790191,400.6004637165511
2026-06-01T17:52:47,3,9,300093,"ARX(2,1)",True,True,0,-168.0843081910312,360.1686163820624,400.61627271959435,1.4317896256489386,0.0520443817620682,0.6843861452796088,0.1339726196440517,0.4592918444887922,1.238739711030676,0.1471204668817491,0.9541669786682532,0.128347764099638,0.2599771645872029,0.4770184067462876,0.1655081069986374,,-168.08430819102793,360.16861638205586,400.6162727195878
2026-06-01T18:15:04,3,10,300103,"ARX(2,1)",True,True,0,-168.0760560704185,360.152112140837,400.59976847836896,1.355564860149435,0.0488361746305635,0.6924928284893589,0.1365757959203178,0.4458285009002184,1.2629114976026357,0.1493015585892647,0.9881333611485478,0.1263938728960559,0.2566548786357122,0.4808413980247676,0.1674079048889916,,-168.0760560704083,360.1521121408166,400.59976847834855
2026-06-01T18:23:21,3,11,300113,"ARX(2,1)",True,True,0,-168.07606232113076,360.1521246422615,400.5997809797935,1.357218933691699,0.0491004126549036,0.6920256919128699,0.1363909047695524,0.4464779127965524,1.2609322326648416,0.1492976811598554,0.983839716049174,0.1261287911613442,0.2568469936984064,0.4809804510301378,0.167292887378031,,-168.07606232114148,360.15212464228296,400.5997809798149
2026-06-01T18:31:39,3,12,300123,"ARX(2,1)",True,True,0,-168.07647223369239,360.15294446738477,400.6006008049167,1.3598076514552957,0.0492275390037389,0.6918851640848467,0.1374482377622286,0.4463694839916821,1.2420464661103718,0.1493155906246604,0.980604236933427,0.1267415228733994,0.2567432208295848,0.4809473556113406,0.1673636068639018,,-168.07647223351665,360.1529444670333,400.60060080456526
2026-06-01T18:39:09,3,13,300133,"ARX(2,1)",True,True,0,-168.07619689927753,360.15239379855507,400.600050136087,1.373398295651382,0.0486487143201944,0.6902635939623382,0.1366653025164641,0.4487313888031135,1.2673979747630726,0.1489522074785202,0.9903011541350888,0.1266543554715379,0.2566395208413656,0.4807701777021048,0.1671556062428313,,-168.07619689926747,360.15239379853494,400.6000501360669
2026-06-01T18:50:18,3,14,300143,"ARX(2,1)",True,True,0,-168.07620095970447,360.15240191940893,400.6000582569409,1.3676657426907737,0.0488995012133653,0.6911821933559223,0.1370585334296324,0.4465545299829673,1.2644769695742226,0.1490682028298065,0.9877754803080572,0.1264399797206856,0.255949948508632,0.481047815038955,0.1677345830621085,,-168.07620094325512,360.15240188651023,400.6000582240422
2026-06-01T19:03:37,3,15,300153,"ARX(2,1)",True,True,0,-168.08242871940698,360.16485743881395,400.6125137763459,1.2986028663092877,0.0483548336534059,0.695601866476554,0.1414280940035166,0.442931015642458,1.238806976110317,0.1517616924092843,0.9885215789137431,0.1247999531932266,0.2532472856954573,0.4840398959562587,0.1691882953017843,,-168.0824287049732,360.1648574099464,400.6125137474784
2026-06-01T19:10:04,3,16,300163,"ARX(2,1)",True,True,0,-168.0802304873526,360.1604609747052,400.60811731223714,1.4082686838261242,0.0485527960563951,0.6901560327608879,0.1323980403670071,0.4457235534939024,1.2889030521374458,0.1469975917377207,0.9926503828742193,0.1269933762251403,0.2556516342300648,0.4811361002873632,0.1673525004531526,,-168.0802304872245,360.160460974449,400.60811731198095
2026-06-01T19:16:11,3,17,300173,"ARX(2,1)",True,True,0,-168.33528056623769,360.67056113247537,401.1182174700073,1.4071980573288745,0.0605308918205556,0.7131957156123684,0.1295141589924131,0.3911656720091518,0.9703665593050248,0.144088654864535,0.8404806301270782,0.1450622537264727,0.2554883135874151,0.4721067872284358,0.1668236924139854,,-168.33528056621395,360.6705611324279,401.1182174699599
2026-06-01T19:24:00,3,18,300183,"ARX(2,1)",True,True,0,-168.07609297828043,360.15218595656086,400.5998422940928,1.3648422304014105,0.0489740378737976,0.691073377347324,0.1367428209533927,0.4480956021197984,1.2635984157071989,0.1490880068725313,0.9846474514790092,0.1263082355842635,0.2564908260584069,0.4811310740684761,0.1673688756682583,,-168.0760929783717,360.1521859567434,400.5998422942753
2026-06-01T19:37:42,3,19,300193,"ARX(2,1)",True,True,0,-168.09106688591817,360.18213377183633,400.6297901093683,1.259694805064513,0.0457178567338526,0.705043688716185,0.1405969272353768,0.4282822662458126,1.3071013572684291,0.1511308487860672,1.0390391708491655,0.1249096873032401,0.2565354205977944,0.4788143835422835,0.1699330672659957,,-168.09106687832053,360.18213375664106,400.629790094173
2026-06-01T20:16:40,3,20,300203,"ARX(2,1)",True,True,0,-168.23931128240594,360.4786225648119,400.9262789023438,1.631395904692574,0.0429558222392771,0.6615283949400271,0.1440010447351073,0.4725901611206191,1.3397158305194437,0.143164459433583,1.1431909856695506,0.1241824207627013,0.2608783571410116,0.4945650962319487,0.1500604483982854,,-168.23931128239644,360.4786225647929,400.9262789023248
2026-06-01T20:28:20,3,21,300213,"ARX(2,1)",True,True,0,-168.07624091673875,360.1524818334775,400.60013817100946,1.36771685955899,0.0490008589169646,0.6907716277729791,0.1372697103345161,0.4483708262522276,1.2497079584402506,0.1492026045224021,0.9842531171650238,0.1270042532111323,0.2565759085011115,0.4805001818042871,0.1673993707447036,,-168.07624091672153,360.15248183344306,400.600138170975
2026-06-01T20:45:57,3,22,300223,"ARX(2,1)",True,True,0,-168.07608481839384,360.1521696367877,400.59982597431963,1.370723548117591,0.0490107112627656,0.6905908971874603,0.1365871877663165,0.4484126927286315,1.258870105352215,0.1490079046157386,0.9849850729248848,0.1266632564819677,0.2567042409992525,0.480933022675792,0.167110206508542,,-168.07608481841737,360.15216963683474,400.5998259743667
2026-06-01T20:54:12,3,23,300233,"ARX(2,1)",True,True,0,-168.07629464433813,360.15258928867627,400.6002456262082,1.3629746303971195,0.0483368168097691,0.6918062546842378,0.1366785053339903,0.4463805529200187,1.275694264941167,0.1490408575237538,0.9945765114049048,0.1261422925358578,0.2567815503861346,0.4806374018110224,0.1674906081551016,,-168.07629464428754,360.1525892885751,400.60024562610704
2026-06-01T21:14:29,3,24,300243,"ARX(2,1)",True,True,0,-168.07603603993024,360.1520720798605,400.59972841739244,1.363566866390791,0.0487745595152016,0.6914235792008566,0.136662893001849,0.4473342915392739,1.2638977418148971,0.1491528390523504,0.9883020704893838,0.1263897667738645,0.2566161186868297,0.4810063256669953,0.1673284404175232,,-168.07603603994278,360.1520720798856,400.5997284174175
2026-06-01T21:20:42,3,25,300253,"ARX(2,1)",True,True,0,-168.08525950584175,360.1705190116835,400.61817534921545,1.440734850394429,0.0506051286543029,0.6830577010239465,0.1409187188377188,0.4587816327557357,1.1994173372262864,0.1476021701929172,0.9581418443558604,0.1291843405951743,0.2581923580974986,0.4773189313222173,0.1678292475810709,,-168.08525951183128,360.17051902366256,400.6181753611945
2026-06-01T21:41:09,3,26,300263,"ARX(2,1)",True,True,0,-168.0761531573819,360.1523063147638,400.59996265229574,1.362725172212763,0.0486525200474294,0.6917976745116481,0.1360264552051741,0.4465527569241848,1.271660774032492,0.1490453153090193,0.9901598381271886,0.1261560097441742,0.2568059296611037,0.4809415784378283,0.1673097155931314,,-168.0761531571241,360.1523063142482,400.5999626517802
2026-06-01T21:51:19,3,27,300273,"ARX(2,1)",True,True,0,-168.0760231483667,360.1520462967334,400.5997026342653,1.3589904105062485,0.048938639973309,0.6917875447215981,0.1367500765349834,0.4467447712573546,1.2600138262303444,0.1493360527235026,0.9858871162865408,0.1264292396956092,0.2567567417032441,0.4808796987658864,0.1673186804874372,,-168.07602314816546,360.1520462963309,400.5997026338629
2026-06-01T22:04:18,3,28,300283,"ARX(2,1)",True,True,0,-168.11174657539885,360.2234931507977,400.67114948832966,1.2864957564195665,0.0447036843318656,0.7013411584928543,0.1615751347702962,0.4353471337635945,1.228047808831937,0.1511197010968854,1.03998808623848,0.1257101656618973,0.25011850881092,0.4803512683150605,0.1748746759755536,,-168.11174654357242,360.22349308714485,400.6711494246768
2026-06-01T22:14:12,3,29,300293,"ARX(2,1)",True,True,0,-168.076807767026,360.153615534052,400.60127187158395,1.3358949855233937,0.0481808592488684,0.6942645471673962,0.1370937249865614,0.4435700469890354,1.273389898222333,0.1498574609910277,0.9976295898950468,0.1259201519589311,0.2565139043655028,0.4801119098540069,0.1683000864325359,,-168.0768077668289,360.1536155336578,400.60127187118974
2026-06-01T22:25:51,3,30,300303,"ARX(2,1)",True,True,0,-168.07652788169975,360.1530557633995,400.60071210093145,1.379121205555079,0.0492078505512902,0.6904409065876602,0.1356896570854663,0.4481100540957823,1.2530916606410007,0.1487341476702163,0.9831109411358204,0.1271705556827352,0.257722608122917,0.4802580550615254,0.1663790329411693,,-168.0765278815706,360.1530557631412,400.6007121006732
2026-06-01T22:33:43,3,31,300313,"ARX(2,1)",True,True,0,-168.07607055077972,360.15214110155944,400.5997974390914,1.3582700832605532,0.0488373785896551,0.6919286844867714,0.1364719495599179,0.4466296395679935,1.2676110311379536,0.1492626043790888,0.988817588549717,0.1261325575838579,0.2567908407896409,0.4809881054968509,0.1672744203774449,,-168.0760705477774,360.1521410955548,400.59979743308674
2026-06-01T22:49:13,3,32,300323,"ARX(2,1)",True,True,0,-168.08561535390913,360.17123070781827,400.6188870453502,1.4621517420643224,0.0511521764349115,0.6823027525106864,0.134061594056563,0.4584690842980884,1.218393106192471,0.1466049261933412,0.9518183736919889,0.1284418915596462,0.2565356862464429,0.4825567500010905,0.1652531325703479,,-168.0856153536602,360.1712307073204,400.61888704485233
2026-06-01T22:59:50,3,33,300333,"ARX(2,1)",True,True,0,-168.07693068746443,360.15386137492885,400.6015177124608,1.327488830922009,0.0487834689660748,0.6951787973796706,0.1366973200282555,0.4428677469945366,1.2675754689941925,0.1500119582655472,0.9879150928171622,0.1253786906177537,0.2566963058259042,0.4814193379810413,0.1676664484502811,,-168.07693068750055,360.1538613750011,400.60151771253305
2026-06-01T23:10:24,3,34,300343,"ARX(2,1)",True,True,0,-168.08114603725994,360.1622920745199,400.60994841205184,1.4435354465055668,0.0498529621585517,0.6830949338633802,0.1337833858704932,0.4574439607860717,1.250784318141185,0.1473181835596423,0.9736487903288534,0.1276627202443692,0.2569487571529996,0.4828180653258929,0.1645419917229043,,-168.08114603653814,360.1622920730763,400.6099484106082
2026-06-01T23:19:11,3,35,300353,"ARX(2,1)",True,True,0,-168.07631606721105,360.1526321344221,400.60028847195406,1.342689602350814,0.0487539979609849,0.6933259901932379,0.1370097825308328,0.4452903490460022,1.2610122430122546,0.1498023984766558,0.98886971024875,0.1261863484137645,0.2566384931477542,0.4810095812345332,0.1675200381428616,,-168.07631606759782,360.15263213519563,400.6002884727276
2026-06-01T23:30:01,3,36,300363,"ARX(2,1)",True,True,0,-168.076091575938,360.152183151876,400.59983948940794,1.3625287822286978,0.048672163791973,0.6917471046120286,0.136492422889583,0.4466914840742419,1.2643237377477694,0.1491364095301176,0.9910576762986356,0.1264510582620952,0.2567257640844684,0.480773393551556,0.1673250143243154,,-168.07609157669415,360.1521831533883,400.59983949092026
2026-06-01T23:42:51,3,37,300373,"ARX(2,1)",True,True,0,-168.0768328410049,360.1536656820098,400.6013220195417,1.3908931036981635,0.0486888419999298,0.6889727206012665,0.1355475657373229,0.450207061728278,1.271119804716872,0.1483970527520677,0.990145866889453,0.1268065078478895,0.2563867735178584,0.4810082605995652,0.1670729129745797,,-168.07683284091203,360.15366568182407,400.601322019356
2026-06-01T23:50:59,3,38,300383,"ARX(2,1)",True,True,0,-168.08512215583823,360.17024431167647,400.6179006492084,1.450588397834474,0.0481286476799974,0.6814098922600036,0.1357666833568977,0.4601076166189687,1.296889422058196,0.1469886061847835,0.9864337978656894,0.1269256693203262,0.2548935091414285,0.4820046900574026,0.1664853050167483,,-168.08512206763533,360.17024413527065,400.6179004728026
2026-06-02T00:09:14,3,39,300393,"ARX(2,1)",True,True,0,-168.08229012466012,360.16458024932024,400.6122365868522,1.3663235133966911,0.0489100215789607,0.6981462804806097,0.1390819092104123,0.435208811122994,1.2334492222856952,0.147162572695824,0.986701031972609,0.1277877208358766,0.2584257217733364,0.4768187471388314,0.1688348788006578,,-168.08229012472074,360.1645802494415,400.61223658697344
2026-06-02T00:20:50,3,40,300403,"ARX(2,1)",True,True,0,-168.07609544432466,360.15219088864933,400.5998472261813,1.3572673168217406,0.0491166616269328,0.6920451785791932,0.1358043518904516,0.4465632540297959,1.2629238430954643,0.1492989035550572,0.9834298505940652,0.1263970052590454,0.2570119796806207,0.4806405589407225,0.1672106456017511,,-168.07609544406742,360.15219088813484,400.5998472256668
2026-06-01T16:32:09,4,2,400023,"ARX(2,1)",True,True,0,-168.09627893385584,360.1925578677117,400.64021420524364,1.4893352268829727,0.0489826274375659,0.6788893734342437,0.127068062385817,0.4635845079873521,1.3353428140642385,0.1453759463605311,0.9998290766760922,0.1257349795137303,0.2585307709368996,0.4825261766326785,0.1638869517171859,,-168.09627893208483,360.19255786416966,400.6402142017016
2026-06-01T16:44:06,4,3,400033,"ARX(2,1)",True,True,0,-168.09263464346967,360.18526928693933,400.6329256244713,1.288110802466648,0.0533093454821115,0.7010858088420214,0.1368315369303716,0.4346176755703543,1.1769781381775946,0.1507731763412476,0.9298097528991872,0.1257104247151142,0.2570843735387942,0.4842534583456264,0.1661725662647983,,-168.09263366932004,360.1852673386401,400.632923676172
2026-06-01T17:08:24,4,5,400053,"ARX(2,1)",True,True,0,-168.2934640054687,360.5869280109374,401.03458434846937,2.0138366900199336,0.0538843587980617,0.6396252466489103,0.1296226387124729,0.5096718532677038,1.1875602671342524,0.1345883065717812,0.8858274754351406,0.1384586602580398,0.2497185429893143,0.4863623492004186,0.1608142321152036,,-168.29346400341245,360.5869280068249,401.03458434435686
2026-06-01T17:27:24,4,6,400063,"ARX(2,1)",True,True,0,-169.00329774872841,362.00659549745683,402.4542518349888,1.8853767008957667,0.0555440371446716,0.5606732878849513,0.1478480769392834,0.6226869061138037,1.1581840577093545,0.1577834878484035,0.7404604707201522,0.1819271910155374,0.2452410756258275,0.4196596296452905,0.1756826652127001,,-169.00329774607496,362.0065954921499,402.4542518296819
2026-06-01T17:48:57,4,8,400083,"ARX(2,1)",True,True,0,-168.0765104750581,360.1530209501162,400.6006772876481,1.3400090307715635,0.0493234928099803,0.6939844185233973,0.1370112231987901,0.4439424458895121,1.2523443341914977,0.1497479800018742,0.979813620732017,0.1261140323454822,0.2568536943107224,0.4810846296307912,0.167438940212333,,-168.07651047504558,360.1530209500912,400.6006772876231
2026-06-01T18:13:21,4,10,400103,"ARX(2,1)",True,True,0,-168.07626451850876,360.15252903701753,400.6001853745495,1.3597393470540111,0.0492369712332866,0.6906010552882323,0.1370172735356785,0.4492441466184304,1.2527341831473258,0.1496318103240025,0.9816313162293684,0.1263356136178215,0.256451785689835,0.4819034213934444,0.1668394962867224,,-168.07626451847716,360.1525290369543,400.6001853744863
2026-06-01T18:30:03,4,11,400113,"ARX(2,1)",True,True,0,-168.07628340136975,360.1525668027395,400.60022314027145,1.3463762028519213,0.0490083917308064,0.6933718862973115,0.1371271403517177,0.44456586681326,1.2538950257964998,0.1496269900021514,0.9846356124209952,0.1260619942198051,0.2567077083634019,0.4815490036351207,0.1671876223245991,,-168.07628340134417,360.15256680268834,400.6002231402203
2026-06-01T18:37:08,4,12,400123,"ARX(2,1)",True,True,0,-170.13978059159152,364.27956118318303,404.727217520715,6.950517663913843,0.0330561794365127,0.5111393354078111,0.1094644730635926,0.7395209454661033,1.1791856261760452,0.0886417618681017,0.8550219814422575,0.1279194003081666,0.2267516074194716,0.5400043571713014,0.1537732522590492,,-170.13978059065465,364.2795611813093,404.72721751884126
2026-06-01T18:48:34,4,13,400133,"ARX(2,1)",True,True,0,-168.0762764096433,360.1525528192866,400.60020915681855,1.362997251133341,0.0491669755860676,0.6908927306865059,0.1356021964591161,0.4478473465596758,1.2693010174523198,0.1492843756497338,0.9846461346860208,0.1258928091606544,0.2566018682075964,0.4819839163910758,0.1667727247289223,,-168.07627640942454,360.1525528188491,400.600209156381
2026-06-01T19:02:43,4,14,400143,"ARX(2,1)",True,True,0,-168.07605391077874,360.1521078215575,400.59976415908943,1.3600692603668396,0.0489383890324156,0.6915887536315012,0.136449759936589,0.4472368511545957,1.259535534120748,0.1493511372083294,0.9870333331189796,0.1265493795216048,0.2568523299093427,0.4810066123679395,0.1671118211053011,,-168.07605391078303,360.15210782156606,400.599764159098
2026-06-01T19:12:44,4,15,400153,"ARX(2,1)",True,True,0,-168.0760289000737,360.1520578001474,400.59971413767937,1.361152010662859,0.048892476442371,0.6916577633445242,0.1369302651640082,0.4468577624936295,1.2605609447353754,0.149253755738704,0.986881930484285,0.1265370562074317,0.2568051346442171,0.4804348277770465,0.1674924959435004,,-168.07602890007408,360.15205780014816,400.5997141376801
2026-06-01T19:22:47,4,16,400163,"ARX(2,1)",True,True,0,-168.07642956754876,360.1528591350975,400.60051547262947,1.35361235224389,0.0485951023692232,0.6918818048146481,0.1358261584370926,0.44597730674378,1.276590632387813,0.1496497877594648,0.995531029799416,0.1260967782104017,0.2565177495809808,0.4809116799046369,0.1673849105922836,,-168.07642956775703,360.15285913551406,400.600515473046
2026-06-01T19:34:49,4,17,400173,"ARX(2,1)",True,True,0,-168.07891156843073,360.15782313686145,400.6054794743934,1.331754030146975,0.0481765125117192,0.6945346357087385,0.1383250834137333,0.4412940810342458,1.274995717862967,0.1503949000743353,1.0010964134097586,0.1263526200961642,0.2554429042789509,0.4790316671676404,0.1707118576598092,,-168.07891156672764,360.1578231334553,400.6054794709872
2026-06-01T19:43:29,4,18,400183,"ARX(2,1)",True,True,0,-168.1412791089236,360.2825582178472,400.7302145553792,1.6702691018718987,0.0469388547074459,0.658994064245026,0.1354568650264903,0.4909912151754846,1.2690444724097365,0.1431141425682077,1.028420336017509,0.1316539423096037,0.2532340026319237,0.4859063031442926,0.1620857429107322,,-168.14127910895834,360.2825582179167,400.73021455544864
2026-06-01T19:53:14,4,19,400193,"ARX(2,1)",True,True,0,-168.0761774744729,360.1523549489458,400.60001128647775,1.367172195413422,0.0491522828845038,0.6909916117379702,0.1359869845554324,0.4478434264760139,1.2664977472967918,0.1489863019636925,0.9836501633560666,0.126442295250454,0.2570476004888611,0.4804951982294649,0.1671761900743469,,-168.0761774745155,360.152354949031,400.60001128656296
2026-06-01T20:02:29,4,20,400203,"ARX(2,1)",True,True,0,-168.07856091755718,360.15712183511437,400.6047781726463,1.3656419368315806,0.0506299819738802,0.6887840057195301,0.13770409084499,0.4515731180848577,1.2228432594454084,0.1499073012889857,0.9601993175170074,0.1268681536997792,0.2568875652882136,0.482072310906029,0.1663331850663134,,-168.07856091757856,360.1571218351571,400.60477817268907
2026-06-01T20:40:30,4,21,400213,"ARX(2,1)",True,True,0,-168.07787660455273,360.15575320910546,400.6034095466374,1.328210772873957,0.0482744775937934,0.6942664350576364,0.1404549684381022,0.4445765190212403,1.2577786153232973,0.1504141422697138,0.9973526929412018,0.1254855465297115,0.2570663413834087,0.4812876763437249,0.1674143194919317,,-168.07787658363463,360.15575316726927,400.6034095048012
2026-06-01T20:58:06,4,22,400223,"ARX(2,1)",True,True,0,-168.07929903293714,360.1585980658743,400.60625440340624,1.299902755749231,0.0492915873792926,0.697916236141953,0.1383958547604855,0.4382498589289349,1.255908241759898,0.1509198933200599,0.9800584272680748,0.1252643559248234,0.2576251321064339,0.4793786838567899,0.1686525783234065,,-168.07929903290818,360.1585980658164,400.6062544033483
2026-06-01T21:11:39,4,23,400233,"ARX(2,1)",True,True,0,-168.07602966494744,360.1520593298949,400.59971566742684,1.3598627406431962,0.0490131221150856,0.6916238784370181,0.136243855182083,0.4472093553674194,1.2617393042183012,0.1492884367465201,0.985409720566496,0.1263853870250475,0.2568106922862885,0.4809534342120797,0.167181459225906,,-168.076029655244,360.152059310488,400.5997156480199
2026-06-01T21:19:11,4,24,400243,"ARX(2,1)",True,True,0,-168.07623185084068,360.15246370168137,400.6001200392133,1.3451557295573466,0.0489057644800022,0.6932502182061787,0.1371988381997528,0.4451597117329418,1.2588669791431957,0.1496471995290076,0.9852031710884736,0.1260753886460651,0.2565758416928657,0.4811743987046613,0.1675424605385132,,-168.07623185075977,360.15246370151954,400.6001200390515
2026-06-01T21:28:14,4,25,400253,"ARX(2,1)",True,True,0,-168.09276367847755,360.1855273569551,400.63318369448706,1.470817235002382,0.0463170758487683,0.6784159471020649,0.1352655403974716,0.4623671491061755,1.3218192615309476,0.1475836381757477,1.0360259483175658,0.1286981665465872,0.2563414413129521,0.4809266759809868,0.1646999695636448,,-168.09276367533732,360.18552735067465,400.6331836882066
2026-06-01T21:56:22,4,27,400273,"ARX(2,1)",True,True,0,-168.0761260147649,360.1522520295298,400.59990836706174,1.354443702726395,0.0487066007089758,0.6922739576825423,0.1363930031204825,0.4462577390112897,1.269834849217973,0.1493614772537824,0.9897828433538228,0.1261806393944383,0.2567227966468589,0.480824473572445,0.1674152524316686,,-168.07612601501404,360.1522520300281,400.59990836756
2026-06-01T22:06:04,4,28,400283,"ARX(2,1)",True,True,0,-168.07606448133967,360.15212896267934,400.5997853002113,1.369223008487243,0.0489182343451669,0.6907725398877518,0.136545948494145,0.4481118568632896,1.26181814790552,0.1490322568132059,0.986416522247261,0.1265673556511417,0.2567092821725994,0.4809600683755385,0.1671155202818992,,-168.07606448133353,360.15212896266706,400.599785300199
2026-06-01T22:16:36,4,29,400293,"ARX(2,1)",True,True,0,-168.17602704606446,360.3520540921289,400.7997104296609,1.602269434294116,0.0509516517493186,0.6727219834887285,0.1156746141930375,0.4683168106828702,1.2481504006449873,0.1431703085746986,0.936440936748624,0.1306426980454189,0.2466148671639538,0.5123604454473973,0.1514695477132232,,-168.17602704296343,360.35205408592685,400.7997104234588
2026-06-01T22:24:08,4,30,400303,"ARX(2,1)",True,True,0,-168.07618130190815,360.1523626038163,400.60001894134825,1.3593565567691577,0.0491553443458023,0.6921335085221774,0.1361427802062763,0.4467289727679208,1.258516709320987,0.1491613549106616,0.9801390423740656,0.1263122363450013,0.2573038457941736,0.4807024446295172,0.1671574847509696,,-168.0761813003231,360.1523626006462,400.60001893817815
2026-06-01T22:52:35,4,33,400333,"ARX(2,1)",True,True,0,-168.0762720862187,360.1525441724374,400.60020050996934,1.3788770480030508,0.0491521805991563,0.6898265901683548,0.1360987663885633,0.4491575138996092,1.2589915663439302,0.1487974785265035,0.9833532674553248,0.1266489508448826,0.2565639620398059,0.4812039614622247,0.1669639312243513,,-168.07627208456506,360.1525441691301,400.6002005066621
2026-06-01T23:01:45,4,34,400343,"ARX(2,1)",True,True,0,-168.0815475176189,360.1630950352378,400.61075137276976,1.406234100465882,0.0495802928179962,0.6905031318952833,0.1407231837898882,0.4476091728016432,1.218957681412828,0.1467840958493129,0.981878350506692,0.1269158190036577,0.2545347915655674,0.4824522681019656,0.1681011945245124,,-168.08154751147072,360.16309502294143,400.6107513604734
2026-06-01T23:13:52,4,35,400353,"ARX(2,1)",True,True,0,-168.07638242154593,360.15276484309186,400.6004211806238,1.347435982441196,0.0494104046282573,0.6928897649708564,0.1364594939321448,0.4456564450719077,1.2511971732466716,0.1495373621890438,0.980439915561972,0.1259089740369874,0.2566187622094441,0.4821104324732245,0.1669383901648258,,-168.0763824374237,360.1527648748474,400.6004212123793
2026-06-01T23:20:27,4,36,400363,"ARX(2,1)",True,True,0,-168.0760819030433,360.1521638060866,400.59982014361856,1.3609066512678445,0.0486950792556749,0.6914926317090143,0.1365683994261083,0.4474557982632192,1.2679589913470577,0.1492271865485172,0.9894953084788998,0.1262029328060661,0.2569028232784373,0.4808127133140166,0.1672721522510688,,-168.07608190299823,360.1521638059965,400.59982014352846
2026-06-01T23:29:45,4,37,400373,"ARX(2,1)",True,True,0,-168.11383825326982,360.22767650653964,400.6753328440716,1.595237251962083,0.0480948709663519,0.6699673048114662,0.1325907120244823,0.4730520609548167,1.3023772308894477,0.1436097022330149,0.9967433520682156,0.1292740319036092,0.254524579146884,0.4797610926073031,0.1672384910789346,,-168.1138383355096,360.2276766710192,400.6753330085512
2026-06-01T23:41:18,4,38,400383,"ARX(2,1)",True,True,0,-168.0780704582033,360.1561409164066,400.6037972539386,1.393814916720017,0.0494753582495738,0.6912743944593093,0.1376837218749216,0.4453076653483078,1.2470738559462635,0.1474761703274438,0.9783909040655254,0.1269442597718707,0.2559682322882891,0.4798008634981476,0.1688392420030991,,-168.07807045819612,360.15614091639225,400.6037972539242
2026-06-01T23:50:16,4,39,400393,"ARX(2,1)",True,True,0,-168.07611034546528,360.15222069093056,400.5998770284625,1.3653755274276047,0.048606670062215,0.6912655961834182,0.136664477768461,0.4473187971586992,1.26709509858915,0.1491181047234364,0.9916316812688766,0.1264705241942679,0.2566176246317689,0.4809110027192215,0.1672534604035806,,-168.0761103454625,360.152220690925,400.59987702845694
2026-06-02T00:09:53,4,40,400403,"ARX(2,1)",True,True,0,-168.0770892885526,360.1541785771052,400.60183491463715,1.3240958475560844,0.048795635476029,0.6953628346104364,0.1372689656868956,0.4422780769318429,1.261063966492224,0.1502366794859135,0.9881480679101328,0.1259183517011063,0.2570184077882567,0.4801389468490186,0.1680779206363998,,-168.0770892880617,360.1541785761234,400.60183491365535
2026-06-01T16:41:10,5,3,500033,"ARX(2,1)",True,True,0,-168.07979394974785,360.1595878994957,400.60724423702766,1.3296595862134974,0.0508284336164229,0.6940977660853856,0.1375836924624058,0.4422307890823167,1.2305849264340336,0.1505301528994846,0.9732956797974872,0.1258209542883827,0.2586492652771546,0.4807161672471843,0.1654182298076784,,-168.07979376941222,360.15958753882444,400.6072438763564
2026-06-01T16:49:57,5,4,500043,"ARX(2,1)",True,True,0,-168.07613752734255,360.1522750546851,400.59993139221706,1.3639203457585127,0.0486441692846767,0.6914354360372759,0.136579953862957,0.4471385611986396,1.268542212952375,0.1491826735560801,0.9910438224865348,0.1263733205793314,0.2566924212778963,0.4810601722667811,0.167009896299293,,-168.07613752738143,360.15227505476287,400.5999313922948
2026-06-01T17:04:18,5,5,500053,"ARX(2,1)",True,True,0,-168.08178145426155,360.1635629085231,400.61121924605504,1.4365633187175786,0.0499824195229337,0.6846771664601261,0.1309619359947086,0.4548513122746059,1.2648088890656008,0.1468005546028021,0.9844317032261968,0.1276777175259778,0.2580665084752884,0.4799913779843029,0.1655738815268825,,-168.08178145422548,360.16356290845096,400.6112192459829
2026-06-01T17:14:56,5,6,500063,"ARX(2,1)",True,True,0,-168.0943220681177,360.1886441362354,400.63630047376734,1.270856853602765,0.0498390108726594,0.7012593856988534,0.1358060298281788,0.4300659063788993,1.2972585650219526,0.1514583958021964,0.9848087336483132,0.1212563327369789,0.2538295515347578,0.491945260691439,0.1632579838383515,,-168.09432206256884,360.18864412513767,400.6363004626696
2026-06-01T17:21:03,5,7,500073,"ARX(2,1)",True,True,0,-168.07715935963398,360.15431871926796,400.6019750567999,1.3398023123586176,0.0496604143844432,0.6927165040625213,0.1369699959779779,0.4461664671797695,1.242965875507546,0.1501711976329783,0.972054892586103,0.1263043903638207,0.2572782124007739,0.480512626088632,0.1672934897557355,,-168.0771593592295,360.154318718459,400.601975055991
2026-06-01T17:35:36,5,8,500083,"ARX(2,1)",True,True,0,-168.0760681966374,360.1521363932748,400.59979273080677,1.3659937855830466,0.0490198967484326,0.6910117933430676,0.1369138817457675,0.4479146405726409,1.256330497830602,0.1491617479462991,0.9853505696665752,0.1265032276450999,0.2567975129999089,0.4811869755305818,0.167013846179367,,-168.076068196631,360.152136393262,400.599792730794
2026-06-01T17:47:43,5,9,500093,"ARX(2,1)",True,True,0,-170.44968161451743,364.89936322903486,405.3470195665668,9.108804456397634,0.0234784372986748,0.4816371851742602,0.1204459021404808,0.7803452559593546,1.2740382011128406,0.0807681462028962,0.8961256404530136,0.1293734472083355,0.2313200212518753,0.5319280128218015,0.1539759486321074,,-170.44968161453997,364.89936322908,405.3470195666119
2026-06-01T18:06:06,5,11,500113,"ARX(2,1)",True,True,0,-168.0848180841335,360.169636168267,400.61729250579896,1.4548501734455492,0.0496558325525149,0.6804672026416196,0.1310834267410965,0.4641765574177722,1.254829390090773,0.1472530696675418,0.98259767854116,0.1274463750988737,0.2566051139050984,0.4870125883714083,0.1613350441542861,,-168.08481808407743,360.16963616815485,400.6172925056868
2026-06-01T18:20:34,5,12,500123,"ARX(2,1)",True,True,0,-168.07704532715783,360.15409065431567,400.6017469918476,1.3794756646896156,0.0482605942804388,0.6900924357942114,0.1352477645579332,0.4479431612431747,1.284379793087269,0.1486238778695935,0.9934588114727102,0.1269947345311095,0.256616569184375,0.4795343781058163,0.1676530854862841,,-168.07704532539418,360.1540906507884,400.6017469883203
2026-06-01T18:33:20,5,13,500133,"ARX(2,1)",True,True,0,-168.07620075475234,360.15240150950467,400.6000578470366,1.3470531130565513,0.0489844728256681,0.6930866161380532,0.1371567886858804,0.445234090484054,1.2567324900318697,0.1496324547459968,0.984851017970064,0.1263822995750254,0.2569311854879745,0.4804877858683535,0.1675782877316582,,-168.07620075469316,360.1524015093863,400.6000578469183
2026-06-01T18:44:41,5,14,500143,"ARX(2,1)",True,True,0,-168.0812014310313,360.1624028620626,400.61005919959456,1.3658321093807746,0.0465850977137382,0.691089844402036,0.1371837174040951,0.4488474282485476,1.3222599370963388,0.1489979306598445,1.0252053795695124,0.1256782536073206,0.2569312098185297,0.4796100728128849,0.1679274140661177,,-168.08120140707422,360.16240281414844,400.6100591516804
2026-06-01T18:52:32,5,15,500153,"ARX(2,1)",True,True,0,-169.69508739854234,363.3901747970847,403.83783113461664,5.616507304984474,0.0341122296146339,0.5086148457870432,0.1229068081699858,0.7251973838215785,1.2414188533142991,0.0988317613946272,1.0223204704906517,0.1322203200027159,0.2366161201063849,0.5285629927756296,0.146930040581067,,-169.69508739561695,363.3901747912339,403.83783112876586
2026-06-01T19:00:27,5,16,500163,"ARX(2,1)",True,True,0,-165.92910588014905,355.8582117602981,396.30586809783006,0.0797411863851391,6.516500018208322,0.4837271558293201,0.0218057522531644,0.657987596298795,1.913988143477837,0.0253891401954216,0.160541743963617,-0.0111639256611153,0.5279918479422258,0.3446461942425629,0.1393518761227085,,-165.92910578361682,355.85821156723364,396.3058679047656
2026-06-01T19:09:30,5,17,500173,"ARX(2,1)",True,True,0,-168.1090053712914,360.2180107425828,400.66566708011476,1.5013725040760388,0.0491535077734533,0.6797616470509474,0.1498435485941276,0.4689056376756058,1.2092667177973613,0.1459063820869729,0.9627961552619092,0.1303869210498468,0.251126954078179,0.4796309161434716,0.1708217545682707,,-168.109005446559,360.218010893118,400.66566723064994
2026-06-01T19:18:47,5,18,500183,"ARX(2,1)",True,True,0,-168.07716616069297,360.15433232138594,400.6019886589179,1.3320798035780363,0.0492527101901038,0.6929909350202074,0.1376154054868551,0.4466220418925246,1.2602635377862568,0.1504573842888704,0.9820720305377432,0.1259133788264038,0.2577494171828329,0.4796253006098546,0.1677153475074,,-168.07716615996617,360.15433231993234,400.6019886574643
2026-06-01T19:37:44,5,19,500193,"ARX(2,1)",True,True,0,-168.07622259648616,360.1524451929723,400.6001015305043,1.3779794539550334,0.0489525132770264,0.6899993003796437,0.1367315668695627,0.4490465712514647,1.2601871270815637,0.1487828095109239,0.9857358287802348,0.1267274989178464,0.2565258922189443,0.4810264379686174,0.1671616973132983,,-168.07622259634672,360.15244519269345,400.6001015302254
2026-06-01T19:55:16,5,20,500203,"ARX(2,1)",True,True,0,-168.07704828509907,360.15409657019813,400.6017529077301,1.3336878216034012,0.0492279548807651,0.6931759201093228,0.1367077521661963,0.445527955921329,1.2528155390385287,0.1503991763652323,0.97885284163917,0.1263386868491808,0.2579070727665604,0.4798035664373897,0.1673771070006562,,-168.07704828502764,360.1540965700553,400.6017529075872
2026-06-01T20:06:21,5,21,500213,"ARX(2,1)",True,True,0,-168.07641219940655,360.1528243988131,400.60048073634505,1.3817302553423465,0.0492883359879257,0.6894943927416105,0.1359218195484314,0.4499387540772857,1.2579400341247515,0.1487162369011218,0.9802732851684408,0.1268188869220333,0.2565596064788513,0.4810624571361864,0.1670605113732359,,-168.07641219923596,360.1528243984719,400.6004807360039
2026-06-01T20:17:04,5,22,500223,"ARX(2,1)",True,True,0,-168.07603031049888,360.15206062099776,400.5997169585297,1.3580679399828577,0.048940009060032,0.6918626864651599,0.136650517056337,0.4467580959204495,1.2616057335367323,0.1493355016345052,0.9854951834592156,0.12632334498327,0.2567073187871466,0.4809533200667104,0.167366282490631,,-168.07603031028674,360.1520606205735,400.59971695810543
2026-06-01T20:47:41,5,24,500243,"ARX(2,1)",True,True,0,-168.08642405546735,360.1728481109347,400.62050444846665,1.2896011309623885,0.0472223517085065,0.6985691247645816,0.1333715612039536,0.4378599287323867,1.3211655962552546,0.1515188673544624,1.0128333831969047,0.1238745722734602,0.2559712747761048,0.4865908236258414,0.1640973291737599,,-168.08642404821936,360.1728480964387,400.62050443397067
2026-06-01T21:03:05,5,25,500253,"ARX(2,1)",True,True,0,-168.10799913046415,360.2159982609283,400.66365459846025,1.4909796800666886,0.0499697737044126,0.6767241982923851,0.145052988036899,0.4674354894959602,1.1341557468680017,0.1477496857736737,0.9647410814537408,0.1327687590798398,0.2548813216557921,0.4829123182723057,0.164165072121847,,-168.10799907655783,360.21599815311566,400.6636544906476
2026-06-01T21:10:59,5,26,500263,"ARX(2,1)",True,True,0,-168.74701173924535,361.4940234784907,401.94167981602266,1.8035956809624316,0.0680937869799625,0.5562028460062884,0.0964627198598136,0.6309190351849666,0.9507258815333685,0.1673003542419184,0.8323116058371199,0.1717277948277838,0.2743094548166964,0.4900817616592522,0.1049690535728747,,-168.74701173925888,361.49402347851776,401.9416798160497
2026-06-01T21:19:59,5,27,500273,"ARX(2,1)",True,True,0,-168.0773686621715,360.154737324343,400.60239366187494,1.4025439279588583,0.0486459715035541,0.6877471923302134,0.1368463627085494,0.4524922541391524,1.2655287658737906,0.1479984635912643,0.9889512769017208,0.1271130187387958,0.2560948229140701,0.4813250653844472,0.1669986381614181,,-168.077368662355,360.15473732471,400.602393662242
2026-06-01T21:41:15,5,29,500293,"ARX(2,1)",True,True,0,-168.07612404767164,360.1522480953433,400.59990443287523,1.3501897766065367,0.0487487297636772,0.6928863743094683,0.1365755533172093,0.4453025864385944,1.2653778132299651,0.1494784363026581,0.988814761404172,0.1261333440019087,0.2568491859009657,0.4808427227734047,0.1674474396966546,,-168.07612404764842,360.15224809529684,400.5999044328288
2026-06-01T21:57:25,5,30,500303,"ARX(2,1)",True,True,0,-168.1231328789732,360.2462657579464,400.69392209547834,1.5432856599228824,0.0564781281290063,0.6717252135028582,0.1257775148616234,0.4770745751769973,1.1967607327103666,0.1454684224660219,0.89287547098403,0.1303627194896684,0.2611489135716877,0.4823197888717637,0.1607820805498488,,-168.1231328789196,360.2462657578392,400.6939220953712
2026-06-01T22:13:34,5,31,500313,"ARX(2,1)",True,True,0,-168.07680844677327,360.15361689354654,400.6012732310785,1.3812621612057874,0.0492193532478813,0.6897586194124868,0.1377758034126541,0.4498033424070023,1.2401079360084457,0.1487387391629467,0.9804033342397276,0.1273483114467386,0.2567891956452596,0.4803025711540708,0.1673507982113178,,-168.07680844673067,360.15361689346133,400.6012732309933
2026-06-01T22:18:27,5,32,500323,"ARX(2,1)",True,True,0,-168.48211563922456,360.9642312784491,401.4118876159811,2.282659854723031,0.0446960442443065,0.6260689495868267,0.1062872825666337,0.5339031291445734,1.4741184895145154,0.1281582738848107,1.0161358580012607,0.1373667364488155,0.252833594771823,0.4827691206691017,0.1581582597088802,,-168.48211563926648,360.96423127853296,401.4118876160649
2026-06-01T22:59:53,5,33,500333,"ARX(2,1)",True,True,0,-168.67839981593454,361.3567996318691,401.80445596940103,1.2708632305152117,0.0692270163560693,0.7140184437446438,0.164525057052879,0.4197239741869386,0.72717595172974,0.1507030373644768,0.7319716785410747,0.1412077749525517,0.2630183729043527,0.4545158790360123,0.1866583816431647,,-168.67839973589145,361.3567994717829,401.8044558093149
2026-06-01T23:10:02,5,34,500343,"ARX(2,1)",True,True,0,-168.56206573540186,361.1241314708037,401.57178780833567,2.2152281230320754,0.0634869270234032,0.6329916381783887,0.1506670466804177,0.515269414625562,0.8680433695723185,0.1311205757422768,0.8044601773788098,0.1420264483296093,0.2543415540099418,0.4924912082503412,0.1522734568276979,,-168.56206573469603,361.12413146939207,401.571787806924
2026-06-01T23:25:48,5,35,500353,"ARX(2,1)",True,True,0,-168.0765524536882,360.1531049073764,400.60076124490837,1.387620626322043,0.0491244114658555,0.6890760956306138,0.1364761708724085,0.4501519433985656,1.2548512753958647,0.1485127849755234,0.9837509397103804,0.1269105083464004,0.2566575700937141,0.4814134174990312,0.1666601191292954,,-168.07655245379254,360.1531049075851,400.600761245117
2026-06-01T23:31:25,5,36,500363,"ARX(2,1)",True,True,0,-168.07623193458448,360.15246386916897,400.6001202067009,1.3566782816455092,0.0491112171436143,0.6930038200633746,0.1361916872713508,0.4448552158229205,1.2552952657933218,0.1491022681679455,0.9839452450323136,0.1264470611788106,0.2573425421006404,0.4810170521129768,0.1666628459717205,,-168.07623193415725,360.1524638683145,400.6001202058465
2026-06-01T23:37:38,5,37,500373,"ARX(2,1)",True,True,0,-168.10220316987795,360.2044063397559,400.65206267728786,1.4612888998531208,0.0529445768370473,0.6796675997080004,0.1376121536848728,0.4636293868855325,1.1332616447158932,0.1479436649847126,0.9176757255029072,0.1320396656330596,0.2575832244018793,0.4810560732066961,0.1642851554336261,,-168.10220315576746,360.2044063115349,400.65206264906686
2026-06-01T23:54:13,5,38,500383,"ARX(2,1)",True,True,0,-168.07648084366605,360.1529616873321,400.60061802486405,1.3631443046498088,0.0494969787643226,0.6908483851262471,0.1367531806434578,0.448473826950533,1.2416343663911942,0.1494562036802808,0.9772151500316631,0.1269004546682243,0.2568422143542775,0.4815571379696073,0.1665604840622015,,-168.0764808436146,360.1529616872292,400.6006180247612
2026-06-02T00:00:32,5,39,500393,"ARX(2,1)",True,True,0,-168.08034994766248,360.16069989532497,400.6083562328569,1.3423694671632114,0.047158988189316,0.6924473685946468,0.1343810616834091,0.4458472235200417,1.3226680084193705,0.1499175348567377,1.0168747789771857,0.1250929397661139,0.2567833012095131,0.4813076205067055,0.1670736597633581,,-168.08034994756622,360.16069989513244,400.6083562326644
2026-06-02T00:06:34,5,40,500403,"ARX(2,1)",True,True,0,-168.0768803041022,360.1537606082044,400.60141694573633,1.3766244018318516,0.0481758695830122,0.6888121637856343,0.1367431228231536,0.4518652638576605,1.2779898218874748,0.1490914487773084,0.995639320847888,0.1267952742698536,0.25721080017204,0.4797543388639046,0.1671850104519009,,-168.0768803041198,360.1537606082396,400.6014169457716
2026-06-01T16:39:17,6,3,600033,"ARX(2,1)",True,True,0,-168.3263273646534,360.6526547293068,401.10031106683874,1.2359854376194828,0.0539410386793454,0.7148960382086409,0.1712128037613619,0.4156919907250602,0.967678145028493,0.1506899543084161,0.872304068084368,0.1295455241033175,0.2499639413618323,0.4549930328912682,0.2002913255744888,,-168.32632736092947,360.6526547218589,401.1003110593909
2026-06-01T16:47:55,6,4,600043,"ARX(2,1)",True,True,0,-168.57641285687401,361.15282571374803,401.60048205128,2.407275206850753,0.0447275053814366,0.6257350603325716,0.118968350334548,0.5384456772173851,1.5241339966515424,0.1233246898942152,1.0694644277490135,0.1270136103546716,0.2546036848156509,0.4767920448473862,0.169202455333096,,-168.57641285913252,361.152825718265,401.600482055797
2026-06-01T16:55:31,6,5,600053,"ARX(2,1)",True,True,0,-168.07610460881506,360.1522092176301,400.59986555516207,1.367622448853402,0.0487646844111945,0.6911465906119337,0.1363000780495586,0.4474708929859181,1.2679153053799408,0.1489839326072469,0.9891472847944331,0.1263760758436234,0.2567334933358976,0.480922024683451,0.1672081529607255,,-168.0761046088018,360.1522092176036,400.5998655551356
2026-06-01T17:05:39,6,6,600063,"ARX(2,1)",True,True,0,-168.07607895644384,360.1521579128877,400.5998142504196,1.3659341982104782,0.0488837812163488,0.6908914439384104,0.1368605254362685,0.448117276302899,1.262037576656547,0.149138766624932,0.9848813200645324,0.1265817615637723,0.2570529535957988,0.4805439769936487,0.1670927741758837,,-168.07607895654252,360.15215791308503,400.599814250617
2026-06-01T17:20:58,6,7,600073,"ARX(2,1)",True,True,0,-168.07606056075127,360.15212112150255,400.5997774590345,1.3549648678661224,0.0488862745851527,0.6920494140137331,0.1370571112842207,0.4467157916968791,1.2600791379216112,0.1494620506595771,0.986568015512312,0.1262674157678963,0.2566241082043116,0.4812075724707182,0.1672758419565798,,-168.07606056075474,360.1521211215095,400.59977745904143
2026-06-01T17:27:48,6,8,600083,"ARX(2,1)",True,True,0,-168.076043957529,360.152087915058,400.59974425258997,1.3594816064071045,0.0490055125294543,0.6919484893448641,0.1364221006864465,0.4464733801149569,1.2627686463243113,0.1492204006302531,0.9847898448372432,0.1262739678436197,0.2567771795213425,0.4809421462206619,0.1673275759757689,,-168.07604395752423,360.15208791504847,400.5997442525804
2026-06-01T17:51:47,6,9,600093,"ARX(2,1)",True,True,0,-168.1004840392481,360.2009680784962,400.64862441602816,1.4106979787683147,0.0535311134956784,0.6887735921019986,0.1423454999406838,0.4486453572055113,1.1224735433631998,0.1481614749059484,0.9224673318553828,0.1305543459250071,0.2572097608575152,0.4800612646529447,0.1666688097718985,,-168.10048403519622,360.20096807039243,400.6486244079244
2026-06-01T18:00:37,6,10,600103,"ARX(2,1)",True,True,0,-168.07670615706405,360.1534123141281,400.60106865166006,1.3829363161798582,0.0488214772858473,0.6879966105763726,0.1360493074209581,0.4521570932627095,1.2619822215911216,0.1489875472151268,0.9828312762917102,0.1273617157203813,0.2569700725059995,0.480112958455816,0.166743250439844,,-168.07670615723475,360.1534123144695,400.6010686520015
2026-06-01T18:15:46,6,11,600113,"ARX(2,1)",True,True,0,-168.07679701099406,360.1535940219881,400.60125035952007,1.336897136882978,0.0496046295718238,0.694008463759448,0.136207949224537,0.4440614319699885,1.252961031932683,0.1498501777827948,0.9771456291776732,0.125690519775759,0.2576742680242576,0.4809547580963815,0.1670241900929766,,-168.07679701097788,360.15359402195577,400.6012503594877
2026-06-01T18:25:41,6,12,600123,"ARX(2,1)",True,True,0,-168.0760357054117,360.1520714108234,400.59972774835535,1.3577026228399518,0.0490437872714092,0.6919626879034555,0.13667593265898,0.4465815606314594,1.2600241920057762,0.1493153650103673,0.9844311430240146,0.1263665587678377,0.2567778008230494,0.480897707316858,0.1673197868090421,,-168.07603570540726,360.15207141081453,400.5997277483465
2026-06-01T18:39:01,6,13,600133,"ARX(2,1)",True,True,0,-168.0848475970705,360.169695194141,400.61735153167297,1.2744187498220438,0.0491912469267711,0.7019741603523266,0.1436283698328359,0.4325259711909719,1.2314923901727604,0.1514129454608009,0.9825749698652436,0.1259418521436308,0.2568649164025862,0.4770637062994592,0.170972872558024,,-168.08484759414472,360.16969518828944,400.6173515258214
2026-06-01T18:49:07,6,14,600143,"ARX(2,1)",True,True,0,-168.07607480740782,360.15214961481564,400.5998059523476,1.3673849606016568,0.0489746294260649,0.6907086846957661,0.1367557117303953,0.4482931272177047,1.257836347799572,0.1491832703808416,0.9860459938152766,0.1265830666521103,0.2564345158015018,0.4813262677566398,0.1671486816793312,,-168.0760748071016,360.1521496142032,400.5998059517352
2026-06-01T18:57:10,6,15,600153,"ARX(2,1)",True,True,0,-168.0760571598542,360.1521143197084,400.59977065724036,1.3580618596261365,0.048901221570092,0.6914756197086318,0.1368013866853424,0.4476107943147466,1.2606883244411362,0.1494667894938446,0.9867410876903282,0.1265072071400832,0.2568835277217871,0.4807698234637974,0.1671731633213391,,-168.0760571598494,360.1521143196988,400.5997706572308
2026-06-01T19:05:35,6,16,600163,"ARX(2,1)",True,True,0,-168.53995940053065,361.0799188010613,401.52757513859325,2.552567434843892,0.0518584369990572,0.6169955851544515,0.1260987748558019,0.5401953458713585,1.2422960518579966,0.1230189865402892,0.943089742229244,0.1337871539641414,0.2546498296849544,0.4837066431597281,0.1611214700607638,,-168.53995937552807,361.07991875105614,401.5275750885881
2026-06-01T19:13:27,6,17,600173,"ARX(2,1)",True,True,0,-168.14600435285666,360.29200870571333,400.7396650432453,1.5739846293633248,0.0432930563794658,0.6798270256401636,0.1496607947097904,0.4557715464865048,1.3656778931455242,0.1416507033281442,1.059886054982185,0.126694053191381,0.2465431702748742,0.483758481700934,0.1729128114687141,,-168.1460043531369,360.2920087062738,400.73966504380576
2026-06-01T19:28:50,6,18,600183,"ARX(2,1)",True,True,0,-168.07609357222884,360.1521871444577,400.59984348198964,1.3512364866131452,0.0489332998652965,0.6927683914247189,0.1365508906739252,0.4456160614104895,1.2626443763036073,0.1494358566097396,0.9866336905027782,0.1261304605784786,0.2568315404375042,0.480940545475393,0.1673591769817773,,-168.07609357222407,360.15218714444813,400.5998434819801
2026-06-01T19:38:34,6,19,600193,"ARX(2,1)",True,True,0,-168.07758035636948,360.15516071273896,400.6028170502709,1.401573626610925,0.049358568941829,0.6874209428958338,0.1375120270274934,0.4526032306577123,1.2398868333048791,0.1483728169722955,0.9793039685411266,0.1276865281259395,0.2562068832104758,0.4818184844635702,0.1663401337396045,,-168.07758035619872,360.15516071239745,400.6028170499294
2026-06-01T19:50:43,6,20,600203,"ARX(2,1)",True,True,0,-168.0885871766815,360.177174353363,400.62483069089495,1.4858328621390249,0.0493558615522804,0.6784817099453203,0.1356329859711357,0.4656946107582177,1.2290580844740748,0.1461152242025723,0.972139053221402,0.1282862564091827,0.2567500091807035,0.4856589738126518,0.1624578288482831,,-168.08858717804634,360.1771743560927,400.62483069362463
2026-06-01T20:00:10,6,21,600213,"ARX(2,1)",True,True,0,-168.07617230861763,360.15234461723526,400.6000009547672,1.3581512181958308,0.04849340724365,0.6918166390902625,0.1362277890564972,0.4465644655380833,1.2723297456304792,0.1493148673630507,0.9914408416493384,0.1263197251364144,0.2568584923520768,0.4805082628170917,0.1674352283582087,,-168.07617230852532,360.15234461705063,400.6000009545826
2026-06-01T20:11:07,6,22,600223,"ARX(2,1)",True,True,0,-168.0765384860839,360.1530769721678,400.60073330969976,1.3743453132166776,0.0491730099078029,0.6908870690143333,0.1372888362758571,0.4479012225128908,1.245397758285445,0.1489012084156563,0.9842970864477814,0.1269451456833805,0.2563072566141086,0.4814974330383186,0.166962815735825,,-168.0765384824216,360.1530769648432,400.6007333023752
2026-06-01T20:26:07,6,23,600233,"ARX(2,1)",True,True,0,-168.09806198065036,360.1961239613007,400.64378029883267,1.3395608283396625,0.0523868257185535,0.6912652190079727,0.1295010405676918,0.4552182433666578,1.171769378786464,0.1500048704974607,0.9355583289177156,0.1276536681323692,0.2571146789632813,0.4883122560455853,0.1599189382372561,,-168.09806197467267,360.1961239493453,400.6437802868773
2026-06-01T20:33:58,6,24,600243,"ARX(2,1)",True,True,0,-168.07618156304983,360.15236312609966,400.6000194636316,1.3523393220409985,0.049272863435119,0.6924719656581971,0.1365513964694125,0.4459874178845893,1.2527519442760278,0.1495146570369395,0.9811719715938576,0.1264535481760641,0.2569065716576745,0.4810895196886232,0.1670739805785602,,-168.07618156307728,360.15236312615457,400.6000194636865
2026-06-01T20:53:22,6,26,600263,"ARX(2,1)",True,True,0,-168.07605020594474,360.1521004118895,400.59975674942143,1.3677701498899193,0.0489495180011597,0.6910133514917252,0.1365742398601917,0.4477591123647657,1.2602931344299906,0.1490580194532525,0.9860984645894876,0.126592959495265,0.2568075159864859,0.4809552783042658,0.1670509296955731,,-168.07605020588727,360.15210041177454,400.5997567493065
2026-06-01T21:04:20,6,27,600273,"ARX(2,1)",True,True,0,-168.08790027546223,360.17580055092446,400.6234568884564,1.4615946926703924,0.0477530744178517,0.6809134038641029,0.1408170350972751,0.4620038745516255,1.248991010403825,0.1471845050324912,1.0092002673026224,0.1278282265861564,0.2566342280533998,0.4843785151161067,0.1637629926484132,,-168.0879002734425,360.175800546885,400.62345688441695
2026-06-01T21:23:54,6,28,600283,"ARX(2,1)",True,True,0,-168.07892204701693,360.15784409403386,400.6055004315658,1.414618616486807,0.0498508177790527,0.6881943448432395,0.1344324092866721,0.4504034095831878,1.2471260278102203,0.1471792901467786,0.9780606843886324,0.1272751819311118,0.2558439770617705,0.4811887434409922,0.167531047935011,,-168.07892204731525,360.1578440946305,400.6055004321624
2026-06-01T21:48:23,6,29,600293,"ARX(2,1)",True,True,0,-168.14782904995542,360.29565809991084,400.7433144374428,1.5292456175383635,0.0465689466668603,0.667743399100176,0.1182476550336336,0.4802130231450462,1.435511079177339,0.1461055393496911,1.0059911992250978,0.1303006206014645,0.2614153127868533,0.4719655141038079,0.163530036134351,,-168.14782905060468,360.29565810120937,400.7433144387413
2026-06-01T21:57:28,6,30,600303,"ARX(2,1)",True,True,0,-168.07604069404294,360.1520813880859,400.59973772561784,1.363374168468788,0.0490074369738441,0.6917114181375746,0.1367961892960448,0.4467424297459534,1.2572960019439905,0.1491069979013533,0.98474928329739,0.1265726274316027,0.2567769463844706,0.4808491345675469,0.1672396485385885,,-168.0760406940538,360.1520813881076,400.5997377256396
2026-06-01T22:03:32,6,31,600313,"ARX(2,1)",True,True,0,-168.11119373440184,360.2223874688037,400.6700438063356,1.4195962857522266,0.0429507484027961,0.6884875025634587,0.1438457319709077,0.4495700618262111,1.382890058880146,0.1462542433768974,1.0881746586269223,0.1257059427279714,0.2600612944842007,0.4718452682803762,0.1699606886676721,,-168.11119373438234,360.2223874687647,400.67004380629663
2026-06-01T22:26:06,6,32,600323,"ARX(2,1)",True,True,0,-168.15805118803314,360.3161023760663,400.76375871359824,1.472337485724656,0.0459118931597172,0.6792765418328481,0.1474013872966553,0.4639967130106596,1.147917435301295,0.1481417439510839,1.0575116297827851,0.1333796129775306,0.2571468464502044,0.4764071304548996,0.1664859710162492,,-168.15805118804985,360.3161023760997,400.76375871363166
2026-06-01T22:37:01,6,33,600333,"ARX(2,1)",True,True,0,-168.07622373276348,360.15244746552696,400.6001038030589,1.3564559808115164,0.0493757138556741,0.6922192701249035,0.1370995262679308,0.4463294202304107,1.2486981384596465,0.1493452041775577,0.979307385925524,0.1264897437074799,0.2567590639999034,0.4810745479416977,0.1672174779612042,,-168.07622373278764,360.1524474655753,400.6001038031072
2026-06-01T22:48:42,6,34,600343,"ARX(2,1)",True,True,0,-168.076031216408,360.152062432816,400.599718770348,1.3575533257610015,0.0488833324597141,0.6921773229952548,0.1367582512790615,0.4460987758339942,1.261385719807269,0.1492946111564513,0.9865171091412418,0.1264410719049035,0.2568261734438397,0.4806827661262826,0.1673748171637616,,-168.07603121648506,360.1520624329701,400.5997187705021
2026-06-01T22:59:51,6,35,600353,"ARX(2,1)",True,True,0,-168.07760173684306,360.15520347368613,400.6028598112181,1.3762812942322469,0.0482139478527721,0.6890346313913593,0.1387789917128072,0.450465024908317,1.2550551217891328,0.1492726574620271,1.0003006706826407,0.1270883881410918,0.2555845047016959,0.4811295393223063,0.1672987753821219,,-168.07760173690724,360.1552034738145,400.6028598113464
2026-06-01T23:07:22,6,36,600363,"ARX(2,1)",True,True,0,-168.0761218476806,360.1522436953612,400.5999000328932,1.3691572264541934,0.0490242544231121,0.6913503091932053,0.1370511742292868,0.4469566477900737,1.2576197264072904,0.1488962778073599,0.9848677654175018,0.1267805969277069,0.256959319983398,0.4801038608354701,0.167495035044436,,-168.07612184767888,360.1522436953577,400.5999000328897
2026-06-01T23:24:34,6,37,600373,"ARX(2,1)",True,True,0,-168.07825502205128,360.15651004410256,400.6041663816345,1.3840344953926382,0.0484847895628658,0.6916104999808838,0.1344939330115356,0.4436560182122708,1.273144198645484,0.1482031841860029,0.9875690006352456,0.127203258157781,0.2549672613085235,0.4816413708387084,0.167938586075877,,-168.07825503009212,360.15651006018425,400.6041663977162
2026-06-01T23:34:07,6,38,600383,"ARX(2,1)",True,True,0,-168.0763965307189,360.1527930614378,400.6004493989698,1.363204284191333,0.0495157601737352,0.6913738802360302,0.1356713339544812,0.4472730042745184,1.254781042494901,0.1491634423239424,0.976713997352083,0.1260613843786431,0.2569072824572823,0.4810860723299314,0.1671732507651796,,-168.07639653073116,360.1527930614623,400.6004493989943
2026-06-01T23:46:35,6,39,600393,"ARX(2,1)",True,True,0,-168.07615624487198,360.15231248974396,400.5999688272759,1.361641830950418,0.0492896826314847,0.6918014658866758,0.1369862050478327,0.4467577490809784,1.2509977246074362,0.1492297606847861,0.9810794678981408,0.1267511905341488,0.2570082771589264,0.4803994122058912,0.1672766702782935,,-168.07615624484575,360.1523124896915,400.59996882722345
2026-06-01T23:54:49,6,40,600403,"ARX(2,1)",True,True,0,-168.0770193337794,360.1540386675588,400.60169500509073,1.3455165768257715,0.0497621284721193,0.6936545343399532,0.1374425084364406,0.4444049506133002,1.2363309980149229,0.1496294829358309,0.9731486414311996,0.1268610073650543,0.2571194950177748,0.4800883277912848,0.1676778658143869,,-168.07701933375105,360.1540386675021,400.60169500503406
2026-06-01T16:35:41,7,3,700033,"ARX(2,1)",True,True,0,-168.07603366322445,360.1520673264489,400.59972366398085,1.3597245757017768,0.0488063832031647,0.6919679768446372,0.1366570857597229,0.4465124872330874,1.2643987415988651,0.1491761790800181,0.987742011557756,0.1262291344971181,0.2567091841587275,0.4808905935743837,0.1674257174739242,,-168.07603366320262,360.15206732640524,400.5997236639372
2026-06-01T16:44:32,7,4,700043,"ARX(2,1)",True,True,0,-168.1218094495971,360.2436188991942,400.69127523672614,1.4456373628467465,0.0560484131399582,0.6812867703226695,0.1407794515096315,0.4623568158656586,1.1033829048018071,0.1480775513024775,0.880899620814972,0.1339358870733161,0.2557728296938704,0.4743736130959111,0.1691222653417167,,-168.12180944964467,360.24361889928934,400.6912752368213
2026-06-01T16:54:21,7,5,700053,"ARX(2,1)",True,True,0,-168.07659444748657,360.15318889497314,400.6008452325051,1.3374259680223306,0.0491327951323688,0.6943204610967295,0.137395769980395,0.4436637826228167,1.251127656467422,0.1498302452960375,0.9838319059227472,0.1260971805624585,0.2570233389561655,0.4809438488619858,0.1674373576436252,,-168.07659444847783,360.15318889695567,400.6008452344876
2026-06-01T17:15:57,7,6,700063,"ARX(2,1)",True,True,0,-168.0760607332452,360.1521214664904,400.5997778040224,1.3548533888850465,0.0488953050068483,0.6924536015753154,0.1366630010960934,0.445776537615193,1.2610920142589337,0.1493636525075591,0.9861601664462885,0.1264946136845975,0.2565346660992931,0.4808654288176077,0.167427471786349,,-168.07606072900276,360.1521214580055,400.5997777955375
2026-06-01T17:34:41,7,7,700073,"ARX(2,1)",True,True,0,-168.07711388964202,360.15422777928404,400.601884116816,1.3538039873328296,0.0500860627154342,0.6916886032008274,0.1365324105937564,0.4469474561028603,1.2365112322288423,0.1497679251259414,0.9683305126188316,0.1272501794890774,0.2566528886808882,0.4807531058546714,0.167181922528365,,-168.07711388998086,360.15422777996173,400.6018841174937
2026-06-01T17:40:49,7,8,700083,"ARX(2,1)",True,True,0,-168.08129713038727,360.16259426077454,400.6102505983065,1.2870692946214328,0.0478075481749246,0.7002082760508991,0.1376921646544117,0.4352325612645367,1.2909364657728477,0.1508822078490019,1.0055131465365204,0.1246383065082802,0.257107975436514,0.4788440818984793,0.1694676294907832,,-168.08129712588482,360.16259425176963,400.6102505893016
2026-06-01T17:58:38,7,9,700093,"ARX(2,1)",True,True,0,-168.07609353462112,360.15218706924225,400.5998434067742,1.367193901656836,0.0491317640833713,0.6911060285255621,0.1366996945926628,0.44791374851679,1.2540654598774852,0.149075646487491,0.982989105895309,0.1267194380056294,0.2566655863420902,0.4809563999169574,0.167174226473862,,-168.07609353462428,360.1521870692485,400.5998434067805
2026-06-01T18:23:07,7,10,700103,"ARX(2,1)",True,True,0,-168.07675410286575,360.1535082057315,400.60116454326345,1.3502222441298315,0.0494400090272837,0.6941597716153396,0.1346840190870445,0.4426061624120636,1.2571147206887578,0.1492159314501076,0.9855860703068264,0.1269478548128704,0.2571912828339274,0.4803316487712205,0.167083012020789,,-168.07675410027042,360.15350820054084,400.6011645380728
2026-06-01T18:35:24,7,11,700113,"ARX(2,1)",True,True,0,-168.18758256787646,360.3751651357529,400.8228214732849,1.6212533870634618,0.0412167873921626,0.6692372303535704,0.1309216662492485,0.4717350295354363,1.4878626400842432,0.1414468309250301,1.1168726303020229,0.1253104260114207,0.2489416921872971,0.4875197185001818,0.1662948659033953,,-168.1875825606865,360.375165121373,400.82282145890497
2026-06-01T18:45:53,7,12,700123,"ARX(2,1)",True,True,0,-168.0761860727078,360.1523721454156,400.60002848294755,1.363287118482404,0.0493058097397257,0.6909300759793812,0.135536837356775,0.4480098474258231,1.2609849072606802,0.1492490315479047,0.9811322557822402,0.1263677773911208,0.2567167486743581,0.4816592317968752,0.1665909233098479,,-168.07618606855715,360.1523721371143,400.6000284746463
2026-06-01T18:52:44,7,13,700133,"ARX(2,1)",True,True,0,-168.07765247227042,360.15530494454083,400.6029612820728,1.407105762580394,0.048875006636692,0.686909906665268,0.1371798716040685,0.4533091196643053,1.2546605334830192,0.1481206934058906,0.9870041164881758,0.1274717813463245,0.2568530407088981,0.4805358051768377,0.1665328799707162,,-168.07765247235957,360.1553049447191,400.60296128225104
2026-06-01T19:02:58,7,14,700143,"ARX(2,1)",True,True,0,-168.08122831361305,360.1624566272261,400.61011296475806,1.4244346512353951,0.0506097649178927,0.6856999239226894,0.1368807684563726,0.453416865370562,1.2163752059577788,0.1476982511547125,0.9576955852171224,0.1287885444566185,0.2563476737164337,0.4803781770915822,0.1667609027811386,,-168.08122831364656,360.1624566272931,400.6101129648251
2026-06-01T19:12:33,7,15,700153,"ARX(2,1)",True,True,0,-168.07636401333636,360.1527280266727,400.6003843642047,1.3719210983506895,0.0484333809005131,0.6907648151460096,0.1361519119875961,0.448032898912881,1.274188200064692,0.148892521230367,0.9947740989248232,0.1263954119906353,0.256687688818601,0.4810749443381529,0.1670288031608408,,-168.07636401350814,360.1527280270163,400.6003843645482
2026-06-01T19:25:29,7,16,700163,"ARX(2,1)",True,True,0,-168.0774140967967,360.1548281935934,400.60248453112536,1.3567331706822117,0.0493126236047691,0.6937693256934926,0.1334344250549068,0.4439010448694622,1.2745380497152523,0.1487868794430744,0.9789965761381394,0.1268026707983964,0.2579720245027241,0.4785904053767039,0.167776604965894,,-168.0774140850223,360.1548281700446,400.60248450757655
2026-06-01T19:36:03,7,17,700173,"ARX(2,1)",True,True,0,-168.0822426427806,360.1644852855612,400.6121416230932,1.44748257954378,0.0497452412648499,0.6819049090028525,0.1346088551399079,0.4604615350128025,1.249974028994412,0.1472305310547146,0.9694500542390282,0.1291528054663696,0.2579436059076506,0.480393431469611,0.1643649439367487,,-168.08224264299247,360.16448528598494,400.6121416235169
2026-06-01T19:50:09,7,18,700183,"ARX(2,1)",True,True,0,-168.0785991309586,360.1571982619172,400.60485459944914,1.3786436550720778,0.0473386799617029,0.6879036854449417,0.1358164851537272,0.4538865697377606,1.2952179777369524,0.1492298262517524,1.0084642109402295,0.1261117346838146,0.256740086857823,0.4812177957771823,0.1665995815856834,,-168.0785991306601,360.1571982613202,400.60485459885217
2026-06-01T19:59:04,7,19,700193,"ARX(2,1)",True,True,0,-168.07613478238858,360.15226956477716,400.5999259023091,1.3659744617917855,0.0485879828444382,0.6913037950743336,0.1370017345032158,0.4469868392879813,1.2654187112798123,0.1490806166643652,0.9919480058046988,0.126562439047327,0.2566241305190443,0.4806026749043887,0.1674210599445551,,-168.0761347822243,360.1522695644486,400.59992590198055
2026-06-01T20:10:13,7,20,700203,"ARX(2,1)",True,True,0,-168.07627554376856,360.1525510875371,400.6002074250691,1.346370026867475,0.0486175176237259,0.6936283009330212,0.1367856489826349,0.4440655495726582,1.26944092134092,0.1494945482391139,0.9914206220804062,0.1260695416531383,0.2567491608936573,0.4805497150527509,0.167707063082796,,-168.07627554375142,360.15255108750284,400.6002074250348
2026-06-01T20:22:17,7,21,700213,"ARX(2,1)",True,True,0,-168.0808854236625,360.161770847325,400.60942718485694,1.2932797053912422,0.0485645006839616,0.7004157212484942,0.1340984271433223,0.4348082121160172,1.2889353837340711,0.1506027026885159,0.9969584290291132,0.1249702976690824,0.2575006771121404,0.4792959274736972,0.1686829158331433,,-168.0808853852573,360.1617707705146,400.6094271080465
2026-06-01T20:38:10,7,22,700223,"ARX(2,1)",True,True,0,-168.0760412453256,360.1520824906512,400.59973882818315,1.3632215341515377,0.0488247080768995,0.6916742025371079,0.1365071131952805,0.4469890132340026,1.264487409432447,0.1490584073879504,0.9881230933261524,0.1263340978121697,0.2568740173825963,0.4807949418718757,0.1672837730765846,,-168.07604124532585,360.1520824906517,400.59973882818366
2026-06-01T20:47:21,7,23,700233,"ARX(2,1)",True,True,0,-168.0804898705063,360.1609797410126,400.6086360785446,1.3003757445458035,0.0490886677021316,0.6988705393599378,0.1338969049334744,0.438153948258008,1.26433723746589,0.150610372798927,0.9904370638645994,0.1262476743813262,0.2594879519103372,0.4789533193956515,0.1661499651259943,,-168.08048986744402,360.16097973488803,400.60863607242
2026-06-01T21:02:45,7,24,700243,"ARX(2,1)",True,True,0,-168.0860592446691,360.1721184893382,400.6197748268701,1.473153079765429,0.0483737191428752,0.6786515382695377,0.1343201410766998,0.4637815402004201,1.2906568822895317,0.1469458011523171,0.9953894350138224,0.1282529541851985,0.2563317749784961,0.4810015009432046,0.1654561232925656,,-168.08605924472283,360.17211848944567,400.6197748269776
2026-06-01T21:10:08,7,25,700253,"ARX(2,1)",True,True,0,-168.0760257583506,360.1520515167012,400.59970785423315,1.3606121690783146,0.0489632253313931,0.6914681869244177,0.1365260332281522,0.4473512656374233,1.2617866007558671,0.1493009054215057,0.9856060557894386,0.126370805275031,0.2567283540149306,0.4809841003157987,0.1672551141386173,,-168.0760257573172,360.1520515146344,400.5997078521664
2026-06-01T21:21:50,7,26,700263,"ARX(2,1)",True,True,0,-168.0760265233974,360.1520530467948,400.59970938432673,1.3625721608625707,0.0489756336035554,0.6914678319232752,0.1369430913742494,0.4473164547295552,1.2583263175652604,0.1491987284750562,0.9852525928132692,0.1264967615116078,0.2566504395807878,0.4809460057543523,0.1673056211622399,,-168.0760265234274,360.1520530468548,400.5997093843868
2026-06-01T21:32:03,7,27,700273,"ARX(2,1)",True,True,0,-168.07683268658496,360.15366537316993,400.6013217107019,1.3317524758022674,0.0489079140273688,0.6955955660208328,0.1364852269815949,0.4414865179122937,1.2684719089994425,0.149640258300229,0.9886757767092712,0.125680469283779,0.2565768062647607,0.4810667541775254,0.1676880369416685,,-168.0768326865812,360.1536653731624,400.6013217106944
2026-06-01T21:44:44,7,28,700283,"ARX(2,1)",True,True,0,-168.07634949714225,360.1526989942845,400.60035533181644,1.3724209936407956,0.049187875337346,0.689193135895337,0.1362244947821664,0.450722541014972,1.2537376221202996,0.1494299316921157,0.982720620657628,0.12735349664473,0.2566176544456834,0.4810261548319278,0.1666040076966219,,-168.07634949691266,360.1526989938253,400.60035533135726
2026-06-01T21:52:29,7,29,700293,"ARX(2,1)",True,True,0,-168.13345909190855,360.2669181838171,400.71457452134905,1.6631274379672918,0.0509934080325107,0.6595457916225047,0.1363247815493811,0.4888802915104105,1.1841814254694287,0.14375087298686,0.9594952256842504,0.1342426405027889,0.2548881520069088,0.4830843405169706,0.1619699439160362,,-168.13345909070642,360.26691818141285,400.7145745189448
2026-06-01T22:01:25,7,30,700303,"ARX(2,1)",True,True,0,-168.07620202868043,360.15240405736085,400.6000603948928,1.347781753567677,0.0490533195311618,0.6929031552240621,0.1366937558167331,0.4455338943439624,1.2605209808212705,0.1496035997166079,0.9831700808108598,0.1261931420021694,0.2568064462918629,0.4805786571239841,0.1676884399216846,,-168.07620203015347,360.15240406030694,400.6000603978389
2026-06-01T22:10:29,7,31,700313,"ARX(2,1)",True,True,0,-168.07605644636067,360.15211289272133,400.5997692302533,1.3635532723173438,0.0491645209621678,0.691586286006728,0.1368112959393841,0.4472380560512883,1.2571405325752054,0.1490914854367991,0.9828263656940438,0.1264527961886373,0.2567080658558233,0.4809737564334376,0.1672974436394212,,-168.07605644631397,360.15211289262794,400.5997692301599
2026-06-01T22:20:28,7,32,700323,"ARX(2,1)",True,True,0,-168.0787790414048,360.1575580828096,400.60521442034155,1.3103381278744777,0.0484632511664479,0.6970798538204082,0.1369480354583829,0.4393437903287239,1.2880236094821618,0.1503442538964534,0.99373770490455,0.1246383281378989,0.2573247171465002,0.4795635311369127,0.1688514414723039,,-168.07877902793248,360.15755805586497,400.6052143933969
2026-06-01T22:28:30,7,33,700333,"ARX(2,1)",True,True,0,-168.0782362915415,360.156472583083,400.6041289206149,1.322190590161504,0.0481114998912431,0.6957094815792939,0.1394797072198489,0.4415636906086212,1.2547238657011617,0.1502873904936322,0.9961499423931184,0.1267132300795651,0.2556364627261185,0.4793975544296571,0.1694416831042908,,-168.07823628964218,360.15647257928435,400.6041289168163
2026-06-01T22:42:22,7,34,700343,"ARX(2,1)",True,True,0,-168.08086624366922,360.16173248733844,400.6093888248704,1.3280480975169766,0.0476270041793661,0.6936654805465162,0.1330745606871121,0.4446265105730432,1.32193254471808,0.150338530623126,1.0070624133434003,0.1243906333078102,0.2570839919689439,0.4821770820187663,0.1665851284772079,,-168.08086624041155,360.1617324808231,400.6093888183551
2026-06-01T22:54:29,7,35,700353,"ARX(2,1)",True,True,0,-168.08306136326553,360.16612272653106,400.613779064063,1.4347623311051982,0.0473176605160864,0.684244877090361,0.1340282698918455,0.4553257951722654,1.3012810306952398,0.147481299178603,1.0165586303201817,0.1269477817536219,0.2560558918719915,0.4827581341668678,0.165295483178911,,-168.08306136325973,360.16612272651946,400.6137790640514
2026-06-01T23:03:01,7,36,700363,"ARX(2,1)",True,True,0,-168.07603959510197,360.15207919020395,400.5997355277359,1.360098689002873,0.0490316672918723,0.6920844862878341,0.1365433770977899,0.4464201925787602,1.2600468471694666,0.1491714980436145,0.9842944974512506,0.1264245940443069,0.2567556287223048,0.4808284302003155,0.1674078308358872,,-168.07603959488412,360.15207918976824,400.5997355273002
2026-06-01T23:09:51,7,37,700373,"ARX(2,1)",True,True,0,-168.08039391430162,360.16078782860325,400.6084441661352,1.3863136429103946,0.0467531010669278,0.6878125194589212,0.1352500426326962,0.4524856844717261,1.3032471654302813,0.1490727498424564,1.0198047516748754,0.1260138168374276,0.2551144040676535,0.4843927520053386,0.1659601596230069,,-168.08039391416156,360.1607878283231,400.6084441658551
2026-06-01T23:21:45,7,38,700383,"ARX(2,1)",True,True,0,-168.1208518217132,360.2417036434264,400.68935998095833,1.6113144916903388,0.0527432560408904,0.6696740558017944,0.1363376101751687,0.4700673223129419,1.210858802205535,0.1430135813924268,0.937412451486014,0.1323604879387961,0.2582096865579626,0.4741273718350262,0.1670465802421115,,-168.12085173090566,360.2417034618113,400.68935979934326
2026-06-01T23:55:55,7,40,700403,"ARX(2,1)",True,True,0,-168.07631900718798,360.15263801437595,400.6002943519079,1.3629995641692831,0.0489238615062765,0.6920332627127168,0.1382651573097605,0.446081600004788,1.2499636159606222,0.1490207885008384,0.9857452410613552,0.1268994977250298,0.2569090179066796,0.4799514198634381,0.167696208231562,,-168.0763190075569,360.1526380151138,400.6002943526457
2026-06-01T16:44:01,8,3,800033,"ARX(2,1)",True,True,0,-168.08339848255008,360.16679696510016,400.6144533026321,1.2733427335860117,0.0487808742072033,0.7000067645800901,0.1344936932233388,0.437821099926266,1.2887084818691434,0.1515395647144777,0.9875923305084404,0.1244909058084312,0.2580513998879933,0.4800386596903543,0.167962793735158,,-168.08339848175893,360.16679696351787,400.6144533010498
2026-06-01T16:54:48,8,4,800043,"ARX(2,1)",True,True,0,-168.07744037216094,360.1548807443219,400.6025370818538,1.3228003686649683,0.0486432460718883,0.6960595482585348,0.1372555462632276,0.4407931594948335,1.27562330998143,0.1499543353742404,0.9889800388825376,0.1253118467063793,0.2568618207256294,0.4802583859725796,0.1683763535402321,,-168.07744037218234,360.1548807443647,400.6025370818966
2026-06-01T17:20:59,8,6,800063,"ARX(2,1)",True,True,0,-168.07647855448755,360.1529571089751,400.60061344650705,1.3796074483156409,0.0493297430868214,0.6892843073817683,0.1373592757128814,0.4504905061985217,1.2471773387861995,0.1489096120474712,0.9791870309148606,0.1268460543953594,0.2565135881741481,0.4813776185143445,0.1669277130449957,,-168.07647855448482,360.15295710896964,400.6006134465016
2026-06-01T17:30:56,8,7,800073,"ARX(2,1)",True,True,0,-168.0768844444632,360.1537688889264,400.60142522645833,1.3436122187464334,0.0477501908403252,0.6941397249154135,0.1385268418607056,0.4434785076268998,1.2697840768799975,0.1496083806232844,0.9971019238150692,0.1264605886910726,0.2570400328837451,0.4803961461004739,0.1672467344107777,,-168.07688444434143,360.15376888868286,400.6014252262148
2026-06-01T17:40:44,8,8,800083,"ARX(2,1)",True,True,0,-168.1381948168485,360.276389633697,400.724045971229,1.6624559157225018,0.0483237744613444,0.6584119132530039,0.134910159961078,0.490184296271642,1.292050794133827,0.1430580582377202,0.9810864344434658,0.131107943085606,0.250217831372264,0.4855826394610216,0.1658981194972976,,-168.13819480928538,360.2763896185708,400.7240459561027
2026-06-01T17:53:13,8,9,800093,"ARX(2,1)",True,True,0,-168.07607011529882,360.15214023059764,400.5997965681296,1.3671016464550625,0.0491198048129873,0.6911489477113596,0.136252976015761,0.4474626581567381,1.2593607387835364,0.1490205236846382,0.983306822685666,0.1265504959227452,0.256859042512105,0.4809848172115177,0.1669854594112488,,-168.07607011532284,360.15214023064567,400.5997965681776
2026-06-01T18:01:32,8,10,800103,"ARX(2,1)",True,True,0,-168.07602531525652,360.15205063051303,400.599706968045,1.3621984669489295,0.0489877628244344,0.6915194085316805,0.1369361670955991,0.447246807631436,1.2589763228730184,0.1491908565841546,0.9849438978013378,0.126467493229802,0.256702525189854,0.4809540571427088,0.1672778274231065,,-168.07602531527112,360.15205063054225,400.5997069680742
2026-06-01T18:10:43,8,11,800113,"ARX(2,1)",True,True,0,-168.07650416173382,360.15300832346765,400.6006646609996,1.381734377442095,0.0484598432109468,0.6894818627736794,0.13640168458142,0.4495874239640669,1.2713207171814314,0.1487296845279132,0.9928034410739692,0.1267697151313349,0.2564664292193381,0.4806493393855712,0.1673111516960662,,-168.0765041617177,360.1530083234354,400.60066466096737
2026-06-01T18:31:45,8,12,800123,"ARX(2,1)",True,True,0,-168.0789033495577,360.1578066991154,400.60546303664734,1.3512524946741071,0.0474745753309152,0.6926780123031971,0.1355501142551681,0.4454732794405716,1.3130315315617305,0.1492223207228388,1.0101766796410203,0.1249198087979377,0.2564818343094946,0.4808592787522301,0.16792495251522,,-168.0789033496058,360.1578066992116,400.6054630367436
2026-06-01T18:44:29,8,13,800133,"ARX(2,1)",True,True,0,-168.0760446999434,360.1520893998868,400.59974573741874,1.3630209787344885,0.0489716490184857,0.6913876913234571,0.1362738886724482,0.4472837915282189,1.2588461129040236,0.149276552471444,0.9856423247675486,0.1265749274845093,0.2568165391763956,0.4811290517283847,0.1670336069206111,,-168.0760446999234,360.15208939984683,400.5997457373788
2026-06-01T18:58:17,8,14,800143,"ARX(2,1)",True,True,0,-168.09381344858355,360.1876268971671,400.63528323469905,1.5173569351761926,0.0499870838258587,0.6752389612247045,0.1300322753478207,0.4677806069457495,1.271671638066204,0.1456514329172957,0.9721764058830328,0.1297190072727908,0.2554830277302491,0.4832105884664363,0.1637130459551546,,-168.0938134486326,360.1876268972652,400.6352832347972
2026-06-01T19:10:38,8,15,800153,"ARX(2,1)",True,True,0,-168.07626092963164,360.1525218592633,400.60017819679524,1.376650375439125,0.0489179486671355,0.6900954900034031,0.1377220352083571,0.4491653550947569,1.257080290645184,0.1488029700327936,0.9861298303086432,0.1267336040051178,0.2562947300268433,0.4810129023060446,0.1674239966697825,,-168.07626093023214,360.1525218604643,400.6001781979962
2026-06-01T19:18:05,8,16,800163,"ARX(2,1)",True,True,0,-168.08060973784103,360.16121947568206,400.608875813214,1.3721729148052946,0.0518378848006267,0.6938484220457515,0.1341199444916903,0.4413655566973103,1.2471936078854555,0.1479815513145479,0.9672358452038268,0.1270295489708292,0.2575638793184923,0.4786293981395605,0.1685106231685136,,-168.08060973804237,360.16121947608474,400.6088758136167
2026-06-01T19:45:23,8,18,800183,"ARX(2,1)",True,True,0,-168.07620535613597,360.15241071227194,400.6000670498039,1.3459756507322176,0.0488925019024727,0.693036656139547,0.1371177123158438,0.445277257563419,1.2634001252324936,0.1496419735600846,0.9872238089895504,0.1261118524543358,0.2569993148444478,0.4804621173233925,0.1676047288578994,,-168.07620535608623,360.15241071217247,400.6000670497044
2026-06-01T19:57:40,8,19,800193,"ARX(2,1)",True,True,0,-168.08096092924606,360.1619218584921,400.6095781960241,1.43809627835066,0.0493584338237484,0.683922270887724,0.1357490023704061,0.4569832241418998,1.2385792775459594,0.1474367610150714,0.983010472676388,0.1290778226032065,0.2570541461467585,0.4793770173544618,0.1663103465573751,,-168.08096091336972,360.16192182673944,400.6095781642714
2026-06-01T20:08:41,8,20,800203,"ARX(2,1)",True,True,0,-168.26521398328958,360.53042796657917,400.9780843041111,1.972325910503127,0.0519289311768024,0.6321837146155503,0.1226319654644099,0.5312059636208739,1.277680775555712,0.1373178862149905,0.940037199560424,0.133028363214236,0.2594575584523909,0.4862593662487827,0.1546487110477811,,-168.26521398025557,360.53042796051113,400.9780842980431
2026-06-01T20:16:27,8,21,800213,"ARX(2,1)",True,True,0,-168.081459566222,360.162919132444,400.61057546997597,1.4143425094066258,0.0480953898131118,0.6883436294199562,0.1394305237474795,0.4498998005528767,1.2379037468401208,0.1476330120929603,0.9950221035500644,0.1305226459127829,0.2552653808353402,0.4776100693512284,0.1685437283453525,,-168.0814595662392,360.1629191324784,400.6105754700104
2026-06-01T20:27:58,8,22,800223,"ARX(2,1)",True,True,0,-168.2400322505044,360.4800645010088,400.9277208385408,1.69852702226268,0.0615951327322951,0.6518361383417607,0.1443226142383274,0.5023852080091972,1.044504126836684,0.1434435492367787,0.8187727920898166,0.1407720566948397,0.2626166335347182,0.4629466908281437,0.1677048916499193,,-168.24003224348576,360.4800644869715,400.92772082450347
2026-06-01T20:37:20,8,23,800233,"ARX(2,1)",True,True,0,-168.0760979567184,360.1521959134368,400.59985225096875,1.3662993553943543,0.0487428032359982,0.691233920018598,0.1362149668508125,0.4472802204816875,1.2672871249533717,0.1490554045482262,0.987572621854669,0.1264143804305214,0.2567665150633068,0.4808215726286661,0.1673097446794276,,-168.0760979534196,360.1521959068392,400.5998522443712
2026-06-01T20:56:43,8,24,800243,"ARX(2,1)",True,True,0,-168.07613376748364,360.1522675349673,400.59992387249923,1.3661299214633982,0.0486461814140058,0.691146375629597,0.136298254015899,0.4478964891356382,1.267266505225748,0.149070918563866,0.9913092783356988,0.1262267127205412,0.2566379126200882,0.4815184077552682,0.1669762299652701,,-168.0761337674768,360.1522675349536,400.59992387248553
2026-06-01T21:04:35,8,25,800253,"ARX(2,1)",True,True,0,-168.0763530057805,360.152706011561,400.60036234909296,1.3458803420612029,0.0492857141285641,0.6934081812376721,0.136539293620487,0.444660015860233,1.2532366133701396,0.149596972357162,0.9803457552907784,0.126452939462484,0.2567758973409236,0.4811723209216735,0.1672660545273931,,-168.07635300587884,360.1527060117577,400.6003623492896
2026-06-01T21:28:46,8,26,800263,"ARX(2,1)",True,True,0,-168.07731517811357,360.15463035622713,400.6022866937591,1.368791192483988,0.0493443244168426,0.6914596234948378,0.135727610866487,0.4495136241100724,1.244089455781621,0.1487239353085742,0.9700881511605794,0.1268909520374793,0.2567589135321381,0.4819333180652593,0.166327390431493,,-168.07731517888934,360.1546303577787,400.6022866953106
2026-06-01T21:37:45,8,27,800273,"ARX(2,1)",True,True,0,-168.07668046334507,360.15336092669014,400.6010172642221,1.3902295099630135,0.0491855245929725,0.6889127291125973,0.1360939572717654,0.4499622167949266,1.258525821258239,0.1484610572009983,0.9830364855435604,0.1271677858147354,0.2563524145682199,0.4815092031755807,0.166558126339896,,-168.07668046324318,360.1533609264864,400.6010172640183
2026-06-01T21:54:45,8,28,800283,"ARX(2,1)",True,True,0,-168.07620145833343,360.15240291666686,400.6000592541988,1.354260379337268,0.0486613709286483,0.6923635487518666,0.1364622271721341,0.4461304032113057,1.2729676978015925,0.1492988773962552,0.990316616668438,0.1260041072814889,0.25673868513479,0.4805943416130299,0.1676385346845822,,-168.07620145838897,360.152402916778,400.6000592543099
2026-06-01T22:01:39,8,29,800293,"ARX(2,1)",True,True,0,-168.08273872785395,360.1654774557079,400.61313379323985,1.286958522953901,0.0493186986583943,0.7004831248814863,0.1345107699277243,0.4365078157911667,1.2753032730958602,0.150134833439577,0.9763237229390882,0.1252373655962743,0.2584104950593114,0.4792165616939998,0.1674726711664813,,-168.0827387212878,360.1654774425756,400.6131337801076
2026-06-01T22:08:12,8,30,800303,"ARX(2,1)",True,True,0,-168.07607111208122,360.15214222416245,400.5997985616944,1.3571840513513975,0.0489795633703454,0.6919721064745746,0.1370970998027418,0.4467962314397166,1.2572758097245151,0.1493980437267514,0.9859549883588294,0.1261986938674102,0.2566834284202249,0.4814093645889534,0.1671689265631856,,-168.07607111210203,360.15214222420406,400.599798561736
2026-06-01T22:19:39,8,31,800313,"ARX(2,1)",True,True,0,-168.0760833692388,360.1521667384776,400.59982307600956,1.368052201582407,0.0489989162140158,0.6912294534396763,0.136411231482928,0.447474861608343,1.2633315203596651,0.1489226216524287,0.984976451294608,0.1264662845492398,0.2567504410233692,0.4809162516701301,0.1671771499406049,,-168.07608336928882,360.15216673857765,400.5998230761096
2026-06-01T22:27:00,8,32,800323,"ARX(2,1)",True,True,0,-169.093584206142,362.187168412284,402.63482474981595,3.205600722007931,0.0447648856537983,0.6225113449624169,0.1279006047224634,0.4967850401982212,1.5315142944987246,0.1095207507767439,1.0763138361974565,0.1213225703039628,0.2553744180211722,0.4664479491410278,0.1799513433456154,,-169.09358420612574,362.1871684122515,402.6348247497834
2026-06-01T22:41:44,8,33,800333,"ARX(2,1)",True,True,0,-168.11235931944773,360.22471863889547,400.6723749764274,1.4570264666947228,0.047457696886691,0.6833280297179259,0.1424010629572619,0.4517471679402799,1.2006837784988826,0.1473513480671715,1.0072503489768356,0.1316678430554386,0.2421653759336977,0.491787620262088,0.1675946931793713,,-168.11235931981554,360.2247186396311,400.67237497716303
2026-06-01T22:52:24,8,34,800343,"ARX(2,1)",True,True,0,-168.07625827860664,360.1525165572133,400.60017289474524,1.376003981938514,0.0490417175802882,0.6904573144552214,0.1369949147334276,0.4486918059807456,1.25253796732527,0.1487849035531377,0.9839751279272422,0.1267474708994038,0.2567401941919884,0.4811980706889099,0.1669784855726592,,-168.076258278626,360.152516557252,400.600172894784
2026-06-01T23:00:33,8,35,800353,"ARX(2,1)",True,True,0,-168.07722047051922,360.15444094103844,400.6020972785704,1.3293189551536897,0.0488351378344185,0.696205037967498,0.1359190437145969,0.4394733379781863,1.271212882302786,0.149630051440374,0.9888662515945338,0.1256196572641541,0.2574608351288802,0.4802813283529355,0.1675022211524486,,-168.07722047104892,360.15444094209784,400.6020972796298
2026-06-01T23:08:28,8,36,800363,"ARX(2,1)",True,True,0,-168.0765661632314,360.1531323264628,400.60078866399476,1.3882600263696745,0.0489234019500252,0.6888330976621968,0.1367171025752075,0.4507023291254634,1.2586777562155536,0.1485851076565027,0.9868529479860636,0.1269584927590996,0.2563393051993064,0.481432471131511,0.1668098601485257,,-168.0765661631217,360.1531323262434,400.60078866377535
2026-06-01T23:14:30,8,37,800373,"ARX(2,1)",True,True,0,-168.0769099176339,360.1538198352678,400.6014761727998,1.385088798848165,0.0494402494594715,0.6889184148312623,0.1365167551719467,0.4508748834862509,1.2607566703338953,0.1485994565307554,0.976318226558133,0.1264523693207704,0.2563759027229206,0.4817489972643415,0.1669826836713535,,-168.07690991754552,360.15381983509104,400.601476172623
2026-06-01T23:25:55,8,38,800383,"ARX(2,1)",True,True,0,-168.0763514002699,360.1527028005398,400.6003591380718,1.344935509670245,0.0488837724132217,0.6926450879167163,0.1372676694755161,0.4458737348039445,1.255981811364985,0.150002263098151,0.9864046433648924,0.1266603419683196,0.256317021929667,0.4810410315541964,0.1674206142379186,,-168.07635140024848,360.15270280049697,400.6003591380289
2026-06-01T23:45:36,8,40,800403,"ARX(2,1)",True,True,0,-168.07604175522476,360.15208351044953,400.5997398479815,1.358467178123928,0.0487696262108718,0.6917715812189685,0.1368171841496664,0.4468340598660868,1.2645658699883278,0.1493478141729663,0.988666250194366,0.1263460668168531,0.2567207576806099,0.4808202784805647,0.1673319415401296,,-168.07604175527126,360.1520835105425,400.5997398480745
2026-06-01T16:42:13,9,3,900033,"ARX(2,1)",True,True,0,-168.07604071236275,360.1520814247255,400.59973776225746,1.3620306920580243,0.0488082082888532,0.69163528885902,0.1367719757618812,0.4469528734453404,1.262279882454505,0.1491938396053905,0.9888383624609404,0.1263375690287494,0.2566494325292856,0.4811962647027698,0.1671901748960073,,-168.07604071235758,360.1520814247152,400.5997377622471
2026-06-01T16:53:32,9,4,900043,"ARX(2,1)",True,True,0,-168.07825012611409,360.15650025222817,400.6041565897601,1.406357927222792,0.0486179788633957,0.6893947935187213,0.1364500302812687,0.4487958304829114,1.271200434898862,0.1473516046219992,0.9925062126421044,0.1271252439290147,0.2576430668418026,0.4787367198622412,0.1675031785732908,,-168.0782501227777,360.1565002455554,400.6041565830873
2026-06-01T17:01:40,9,5,900053,"ARX(2,1)",True,True,0,-168.1286469394138,360.2572938788276,400.7049502163596,1.504495885441531,0.0421641768205877,0.6728108452266468,0.1320096240107321,0.472106851013274,1.3833588929424656,0.1470876569631702,1.0917880267015347,0.1316918062499462,0.2570419789542067,0.4735454373475776,0.1655247621715058,,-168.12864693377912,360.25729386755825,400.7049502050902
2026-06-01T17:15:45,9,6,900063,"ARX(2,1)",True,True,0,-168.07612228541348,360.15224457082695,400.5999009083589,1.3535469303498042,0.0487609908001802,0.6931193524951379,0.136828786881904,0.4447262355454368,1.2618201226221308,0.1492291223345188,0.988698878139847,0.1264089303256246,0.2567531256015363,0.4804649334496357,0.1676841087391371,,-168.07612228539213,360.15224457078426,400.5999009083162
2026-06-01T18:30:15,9,7,900073,"ARX(2,1)",True,True,0,-168.07633647436094,360.1526729487219,400.60032928625384,1.371515816985741,0.0484391647187674,0.6904489248869238,0.1356275788732771,0.448982280294229,1.273056183185495,0.1489111944226975,0.9929763236165352,0.1263273590405013,0.2566404717681674,0.4813015447126595,0.1669375003593045,,-168.07633647316771,360.15267294633543,400.6003292838674
2026-06-01T18:47:29,9,8,900083,"ARX(2,1)",True,True,0,-168.07725187215192,360.15450374430384,400.6021600818358,1.3874035046851203,0.0500207243725533,0.6874299005756546,0.1355505526759726,0.4531739936125005,1.244067520590943,0.1491291889241179,0.9740362686201524,0.126980175684442,0.2561343763755312,0.483314033498165,0.1656797055658994,,-168.07725187135998,360.15450374271995,400.6021600802519
2026-06-01T18:57:32,9,9,900093,"ARX(2,1)",True,True,0,-168.11616779373526,360.2323355874705,400.67999192500247,1.6151810929229924,0.0509194703973091,0.667525607649771,0.1306411727737504,0.4787820428934483,1.2641676378131097,0.1427608773050694,0.973367086852239,0.1295103207292881,0.2582863450255418,0.4803027843807183,0.1633272437964273,,-168.11616779370718,360.23233558741435,400.6799919249463
2026-06-01T19:08:04,9,10,900103,"ARX(2,1)",True,True,0,-168.311971416769,360.623942833538,401.07159917107,1.688013445812553,0.0656966258001505,0.6207653774606785,0.1350095305940645,0.532353038434191,1.0292133485394033,0.1537188418836238,0.8817901364949159,0.1273701051418701,0.2500514238870878,0.5080699025636386,0.152099637572745,,-168.31197142503942,360.6239428500788,401.0715991876108
2026-06-01T19:15:37,9,11,900113,"ARX(2,1)",True,True,0,-168.07602603475917,360.15205206951833,400.5997084070503,1.3598105573241897,0.0490404919643145,0.6918569464034608,0.1368785344209298,0.446639164725639,1.2597122442534732,0.1492420059975269,0.9852351609858578,0.1264269810664545,0.2568215837440221,0.480665968566577,0.1673843237769602,,-168.07602603475266,360.1520520695053,400.59970840703727
2026-06-01T19:39:42,9,12,900123,"ARX(2,1)",True,True,0,-168.0781003773717,360.1562007547434,400.60385709227535,1.412645587484736,0.0493451380570776,0.6869152683764357,0.1362831703756059,0.4530725792441767,1.244309484650756,0.1478805737646896,0.9782418725459138,0.1277700756865683,0.2566549188615002,0.4808772409997421,0.1666937908658055,,-168.0781003776709,360.1562007553418,400.60385709287374
2026-06-01T19:49:06,9,13,900133,"ARX(2,1)",True,True,0,-168.0763777131171,360.1527554262342,400.60041176376615,1.373184492735742,0.0496219839557732,0.6899832742742327,0.1359732271468547,0.4497703718720841,1.2507475183866668,0.1489989982410471,0.976635229453893,0.1265885754401577,0.2568882004222276,0.4814856462035046,0.1666361522148505,,-168.07637771313046,360.1527554262609,400.60041176379286
2026-06-01T19:58:00,9,14,900143,"ARX(2,1)",True,True,0,-168.07640583367646,360.1528116673529,400.6004680048849,1.3609521599280807,0.0496342651023858,0.6924963399682973,0.1370959349714514,0.4459980472613604,1.248372055384322,0.1490275318480489,0.98198588771978,0.1261416543948579,0.2571124089894555,0.4808092311061517,0.1674866254345424,,-168.07640583361766,360.1528116672353,400.60046800476727
2026-06-01T20:18:54,9,16,900163,"ARX(2,1)",True,True,0,-168.07617645537468,360.15235291074936,400.6000092482813,1.362879587500201,0.0490084248292834,0.6912103227512673,0.1357591560107614,0.4478214872313351,1.2563436908544008,0.1493751221921946,0.9847678973099828,0.1267308269582558,0.2564651009592268,0.4822090445717564,0.1663276343039848,,-168.0761764551204,360.1523529102408,400.60000924777273
2026-06-01T20:30:00,9,17,900173,"ARX(2,1)",True,True,0,-168.07617734052099,360.15235468104197,400.6000110185739,1.3657692561964567,0.0488729805160202,0.6909546473499631,0.1357404987747098,0.4480123284924872,1.2704240959016917,0.1491388393144088,0.9873038010730532,0.1262100717817011,0.2566840158911166,0.4813365904628362,0.1670497438768785,,-168.0761772364963,360.15235447299267,400.6000108105246
2026-06-01T20:39:46,9,18,900183,"ARX(2,1)",True,True,0,-168.07603781740042,360.15207563480084,400.5997319723328,1.3659804926673254,0.0489551027825941,0.691288608427576,0.1363581458390922,0.4473494869014242,1.261583144319859,0.1490721058836981,0.98592937604743,0.1265471247576706,0.2568584811183126,0.4807787965797547,0.1671706346466525,,-168.0760378173684,360.1520756347368,400.5997319722687
2026-06-01T20:49:43,9,19,900193,"ARX(2,1)",True,True,0,-168.0764725857238,360.1529451714476,400.60060150897954,1.3761968950498036,0.0483463696734784,0.6902703924346703,0.1369304357954724,0.4484818923800355,1.267868403070483,0.1488615014251333,0.9959786851816106,0.1265804989951996,0.2563145854862381,0.4814246176215417,0.1670027893552943,,-168.07647258592343,360.1529451718469,400.60060150937886
2026-06-01T21:03:12,9,21,900213,"ARX(2,1)",True,True,0,-168.0795558667179,360.1591117334358,400.60676807096775,1.3689781880215477,0.0497177954916146,0.6873991887473309,0.1352269492367239,0.4520960830147344,1.2690363982799024,0.1498264972011225,0.9697350188631082,0.1275481324882164,0.2587843826064939,0.4758407934348308,0.1679218664839036,,-168.07955586516294,360.1591117303259,400.6067680678578
2026-06-01T21:19:04,9,22,900223,"ARX(2,1)",True,True,0,-168.07617857892143,360.15235715784286,400.6000134953748,1.3646357957229642,0.0487214979468782,0.6922739270534242,0.1360926671305371,0.4456320662268096,1.2683775388043883,0.1488403463037306,0.989904834739275,0.1262262042878343,0.256655841546798,0.4811914085829332,0.1672323288050129,,-168.07617858822667,360.15235717645334,400.6000135139853
2026-06-01T21:27:18,9,23,900233,"ARX(2,1)",True,True,0,-168.0760596218104,360.1521192436208,400.59977558115276,1.3677029224793014,0.0490590505197429,0.6909518382582006,0.13669737716296,0.4479020450696107,1.257289354864759,0.1490710833799146,0.9844404223060682,0.1266180827957272,0.2565824116720481,0.4810344978381413,0.167188700087409,,-168.07605962181754,360.15211924363507,400.599775581167
2026-06-01T21:43:34,9,24,900243,"ARX(2,1)",True,True,0,-168.07702303664013,360.15404607328026,400.6017024108122,1.3623395154274436,0.0478080744657921,0.6919599486311264,0.1364295074301769,0.4461674491839646,1.287924526382704,0.1489291383657973,1.004245222309667,0.1260148282230915,0.2564642138641896,0.4807355880704027,0.1675910218165737,,-168.077023036564,360.15404607312803,400.60170241066
2026-06-01T21:52:56,9,25,900253,"ARX(2,1)",True,True,0,-168.07651166541092,360.15302333082184,400.6006796683538,1.377538642601394,0.0485292179010813,0.690119659138045,0.1355481085502302,0.4485527162373477,1.275601718480569,0.1487219402708445,0.9934299298189004,0.1264434859086984,0.2563220633507896,0.4811398195384606,0.167288265902421,,-168.07651166539836,360.1530233307967,400.6006796683287
2026-06-01T22:14:16,9,26,900263,"ARX(2,1)",True,True,0,-168.07691215283782,360.15382430567564,400.6014806432076,1.3378282120426044,0.0496386958564549,0.6941835803902668,0.1373518307977033,0.4435963894389149,1.24353196803998,0.1498475520490004,0.9751337564691124,0.1263398937439485,0.2569959315892527,0.4808704990161818,0.1674432623857373,,-168.07691215284922,360.15382430569844,400.6014806432304
2026-06-01T22:40:22,9,27,900273,"ARX(2,1)",True,True,0,-168.1421910151173,360.2843820302346,400.73203836776656,1.5433157132483093,0.0499160693026403,0.6871680347425729,0.1389837011704379,0.4440736229589503,1.134570802332188,0.1420887164254108,0.9602723466794906,0.129922067866401,0.2451531956602219,0.4931159785192498,0.1668122483178187,,-168.14219101513564,360.2843820302713,400.7320383678032
2026-06-01T22:51:01,9,28,900283,"ARX(2,1)",True,True,0,-168.07621888862417,360.15243777724834,400.6000941147803,1.3684415054455952,0.0491343934161911,0.6906343648695324,0.1370774507217828,0.4481188529769833,1.2495844078219374,0.1492418516863318,0.9828463615459592,0.1270558054918694,0.2563148286343693,0.4812275974333975,0.1670103432768167,,-168.07621888863451,360.15243777726903,400.600094114801
2026-06-01T23:43:14,9,31,900313,"ARX(2,1)",True,True,0,-168.07605181255036,360.1521036251007,400.5997599626327,1.3651730402232585,0.0488105420115238,0.6910902397783715,0.136651601401493,0.4479143678261263,1.261749651748635,0.1491981299534301,0.9880740636834578,0.1265687684037145,0.2566148003345361,0.4811170719115809,0.167055871712478,,-168.0760518128249,360.1521036256498,400.5997599631817
2026-06-01T23:53:58,9,32,900323,"ARX(2,1)",True,True,0,-168.07602574049383,360.15205148098767,400.5997078185196,1.3596453321196695,0.0488519324459888,0.6918908597105223,0.1367702805369898,0.4465811178473886,1.2617990311882177,0.1492556815884776,0.9877741300847738,0.1264559999180172,0.256744619603682,0.4807219521808981,0.1673851836612856,,-168.0760257404945,360.152051480989,400.5997078185209
2026-06-02T00:05:11,9,33,900333,"ARX(2,1)",True,True,0,-168.0761433982209,360.1522867964418,400.59994313397374,1.3651422080354727,0.0492110538816317,0.6912630673449089,0.1368321438977894,0.4475757895196547,1.2505260366250617,0.1491586588076256,0.9814616236330296,0.12678723248691,0.2567522894645077,0.4809932169308747,0.1670616733813093,,-168.07614339865205,360.1522867973041,400.59994313483605
2026-06-02T00:16:11,9,34,900343,"ARX(2,1)",True,True,0,-168.10774189617675,360.2154837923535,400.66314012988545,1.315581320068227,0.0524396980446394,0.70752232222295,0.12573709910296,0.4177077106659886,1.2338047959979697,0.1462172908724253,0.943289318402979,0.1270408141252653,0.2586971224667936,0.4772578007302703,0.1673323581016438,,-168.10774189340958,360.2154837868192,400.6631401243511
2026-06-02T00:32:36,9,35,900353,"ARX(2,1)",True,True,0,-168.08048064232338,360.16096128464676,400.6086176221787,1.302419941209667,0.0475688684761783,0.6983840766774613,0.1364502484266898,0.4376238043052782,1.3024660010844795,0.1504634676184995,1.0081140709961371,0.1249157653037414,0.2570492893166839,0.4808910042659813,0.167555593466972,,-168.0804806434625,360.16096128692493,400.6086176244569
2026-06-02T00:41:58,9,36,900363,"ARX(2,1)",True,True,0,-168.07611014934326,360.15222029868653,400.5998766362185,1.363565529878436,0.0486378759898693,0.6913482652610522,0.1363133070040592,0.4474179308627545,1.2695783751511829,0.1491547073906932,0.990933827939988,0.1263078449056141,0.2567055005079395,0.4808143470922102,0.1673453714367837,,-168.07611014929876,360.1522202985975,400.5998766361295
2026-06-02T00:54:05,9,37,900373,"ARX(2,1)",True,True,0,-168.0760938417394,360.1521876834788,400.59984402101077,1.3585005102240688,0.0488595338867712,0.6919810928450899,0.1366841075297444,0.4462947157409331,1.2585932397077422,0.1493556063899515,0.9875720128491544,0.1264171917880243,0.2563647712626062,0.4818682335884509,0.1668907642275391,,-168.07609384168836,360.1521876833767,400.5998440209087
2026-06-02T01:02:20,9,38,900383,"ARX(2,1)",True,True,0,-168.07651961561984,360.1530392312397,400.60069556877164,1.3822366873323593,0.0488411716783339,0.6895571640192988,0.1358577135694663,0.4497782957401171,1.2715663329904914,0.1485880549445343,0.98751335251231,0.1267281524054518,0.2567297650882336,0.4804386006716001,0.1672732883284205,,-168.0765196156526,360.15303923130523,400.6006955688372
2026-06-02T01:14:47,9,39,900393,"ARX(2,1)",True,True,0,-169.3488742978452,362.6977485956904,403.1454049332224,0.9689125091080928,0.1248221075543142,0.6993641587521936,0.1180831186397271,0.4811255715664436,0.6963275978928275,0.1640284277552453,0.6878768432696346,0.10285239874632,0.2668882355029038,0.5233963136616773,0.1466718127309703,,-169.34887430182533,362.69774860365067,403.1454049411826
2026-06-02T01:26:17,9,40,900403,"ARX(2,1)",True,True,0,-168.07629290383804,360.1525858076761,400.60024214520803,1.373021460620491,0.0493406330023288,0.6912456899437512,0.1354415145539771,0.4467931029244973,1.258031435918202,0.1487008497793022,0.9817107949326584,0.1264537511109182,0.2567244566498005,0.4816529573827563,0.1667075088751367,,-168.07629290386615,360.1525858077323,400.60024214526425
2026-06-01T16:32:00,10,3,1000033,"ARX(2,1)",True,True,0,-168.0760500619574,360.1521001239148,400.59975646144676,1.3597091290366206,0.0488242159214208,0.6917678884422912,0.1366290697582309,0.4465989196457363,1.2637830761754685,0.1493317240627339,0.9881600487702892,0.1262944363170575,0.2569388186215492,0.4811043720145215,0.1670478696610367,,-168.0760500622054,360.1521001244108,400.5997564619428
2026-06-01T16:40:19,10,4,1000043,"ARX(2,1)",True,True,0,-168.0933805589881,360.1867611179762,400.6344174555081,1.2842285814542374,0.0453976602362939,0.7016600594745551,0.136150051149466,0.4316861955341524,1.3709822433264804,0.1504053868395138,1.0467442410518155,0.1236999334328734,0.2579089314561434,0.4772728958008994,0.1695297286281621,,-168.09338055371273,360.18676110742547,400.6344174449574
2026-06-01T16:49:42,10,5,1000053,"ARX(2,1)",True,True,0,-168.07608991005316,360.1521798201063,400.59983615763826,1.3595939664577037,0.0490442109871822,0.691154029024986,0.1367385782728473,0.4481037862724922,1.258736415401296,0.1494571872799676,0.9838346142472216,0.1265777603184011,0.2568434449599382,0.4804228232114012,0.1674003135627324,,-168.0760899100959,360.1521798201918,400.59983615772376
2026-06-01T17:00:58,10,6,1000063,"ARX(2,1)",True,True,0,-168.07616925977675,360.1523385195535,400.59999485708545,1.3671370278884558,0.0490959790250686,0.691015466965202,0.1374196828105869,0.447638460768508,1.251754961069395,0.1490987090279682,0.9817858384015912,0.1267434440861558,0.2569526376584377,0.4805876588371597,0.1673068773757408,,-168.07616926062792,360.15233852125584,400.5999948587878
2026-06-01T17:11:36,10,7,1000073,"ARX(2,1)",True,True,0,-168.71747373581417,361.43494747162833,401.8826038091603,2.8243613768664475,0.0498496558087636,0.6169926597534281,0.1377003511837933,0.5453548399467386,1.179210173325577,0.1170238306586556,0.904865024177432,0.1456930478913697,0.2569616904829754,0.463576013506404,0.1692680732704291,,-168.7174737367331,361.4349474734662,401.88260381099815
2026-06-01T17:23:58,10,8,1000083,"ARX(2,1)",True,True,0,-168.07602020440424,360.1520404088085,400.59969674634044,1.36227552964953,0.0489304320829514,0.6915234937256033,0.1367483997331897,0.4471702304476256,1.2599112899907396,0.1492086426297283,0.9860052446816808,0.1265449966329051,0.2567728276027632,0.4806666245771149,0.1673536903121539,,-168.07602020440942,360.15204040881883,400.5996967463508
2026-06-01T17:37:55,10,9,1000093,"ARX(2,1)",True,True,0,-168.076033297263,360.152066594526,400.59972293205794,1.357736254454892,0.0490286078655009,0.6919801047245441,0.1366079945996955,0.4466023459016313,1.2606009860122664,0.1492980843268719,0.9848230404394755,0.1263756306318254,0.2568120727482863,0.4807326708615871,0.1673445940374536,,-168.07603329758075,360.1520665951615,400.5997229326935
2026-06-01T17:44:42,10,10,1000103,"ARX(2,1)",True,True,0,-168.07714980808288,360.15429961616576,400.6019559536977,1.323894064155562,0.0485729291229103,0.6955465925350526,0.1371304322694458,0.4419811901393498,1.270493311339005,0.1501183495042613,0.9897543140503986,0.125405073218679,0.2567050237838132,0.4807194152762031,0.1681840673279755,,-168.07714980808652,360.15429961617303,400.601955953705
2026-06-01T17:51:23,10,11,1000113,"ARX(2,1)",True,True,0,-168.07725004631095,360.1545000926219,400.60215643015385,1.352086328974921,0.0493827387329413,0.6903470342047773,0.1364979000007955,0.4506841718904255,1.2415909541376249,0.1503524511787036,0.976612897258306,0.1273898885742947,0.2574705285773008,0.4806702526557574,0.166478637620044,,-168.0772479856937,360.1544959713874,400.60215230891936
2026-06-01T18:09:15,10,12,1000123,"ARX(2,1)",True,True,0,-168.07621273891198,360.15242547782395,400.6000818153559,1.3637725744284583,0.0494173767765902,0.6913821755564417,0.1368390518487096,0.4475075558355031,1.2478623849132089,0.1491925792465662,0.9795946218395234,0.1266709608748638,0.2567546401237964,0.4811045066559191,0.1670876573227402,,-168.07621273851737,360.15242547703474,400.6000818145667
2026-06-01T18:25:12,10,13,1000133,"ARX(2,1)",True,True,0,-168.07973636668686,360.1594727333737,400.60712907090567,1.4046645261031263,0.0482932173700578,0.6898475340454555,0.132055957683278,0.4490582968701753,1.2937586845870397,0.1472646751182667,0.9949354280862684,0.1268021764012427,0.2571668992789027,0.4819969464615282,0.1657709036540561,,-168.07973635969927,360.15947271939854,400.6071290569305
2026-06-01T18:39:52,10,14,1000143,"ARX(2,1)",True,True,0,-168.09518321790975,360.1903664358195,400.63802277335145,1.4071432055516255,0.0516002275462241,0.6905570993757185,0.13464953021475,0.4455586235423657,1.1639505177304823,0.1474680580176108,0.9693834387411052,0.1307635215264344,0.2575130385665986,0.4800706645177769,0.1651961110011653,,-168.09518321788158,360.1903664357632,400.6380227732951
2026-06-01T18:50:07,10,15,1000153,"ARX(2,1)",True,True,0,-168.07638474198083,360.15276948396166,400.6004258214936,1.382196995040455,0.0488424208141349,0.6892449608939748,0.1365037110257408,0.4501402180853881,1.2617906278231756,0.148786229120416,0.9878991947677236,0.1270251922452511,0.2569392295321779,0.480539793290455,0.1667661226358737,,-168.0763847419372,360.1527694838744,400.6004258214064
2026-06-01T19:05:12,10,16,1000163,"ARX(2,1)",True,True,0,-168.35250620185957,360.70501240371914,401.1526687412511,1.7291819206288122,0.0562536063278159,0.656957019375902,0.1177784964774109,0.4893349257498974,1.399762031337076,0.1426010524788777,0.8616140284749422,0.1330918657357201,0.2596816179763234,0.4668261320623441,0.1724001324363368,,-168.35250624275005,360.7050124855001,401.15266882303206
2026-06-01T19:17:24,10,17,1000173,"ARX(2,1)",True,True,0,-168.07604197291369,360.15208394582737,400.5997402833593,1.357432568571202,0.0488579187362812,0.6919801882556239,0.136436460841665,0.4466910694187222,1.26362669803801,0.1493578161410508,0.9870817979668892,0.126445746971484,0.2568385838545516,0.4807303750046933,0.1672382354134531,,-168.07604197289098,360.15208394578195,400.5997402833139
2026-06-01T19:26:48,10,18,1000183,"ARX(2,1)",True,True,0,-168.081826069268,360.163652138536,400.61130847606796,1.2778992817729258,0.0485885874690731,0.7005235861891774,0.1379408773385505,0.4347668477070072,1.2778399887221088,0.1513685556048762,0.9960449651247646,0.1239716809185625,0.2565274313459459,0.4815679546704375,0.1684905287261742,,-168.08182607588384,360.1636521517677,400.6113084892996
2026-06-01T19:35:58,10,19,1000193,"ARX(2,1)",True,True,0,-168.07603056560004,360.15206113120007,400.599717468732,1.3570901207559012,0.0489321021436352,0.6920697998504008,0.1366965065253671,0.4464014954449356,1.2607079744155547,0.1493389262705369,0.9864464706795736,0.1263634760642844,0.2566193131560701,0.4809941098646107,0.1673452876904923,,-168.07603056562584,360.1520611312517,400.5997174687837
2026-06-01T19:41:38,10,20,1000203,"ARX(2,1)",True,True,0,-168.1765766618501,360.3531533237002,400.80080966123217,1.1956600923878746,0.0573743336842715,0.7070877786988646,0.1459676337070969,0.431325503466028,1.0542421856495725,0.1547105304643027,0.8530169058964356,0.1279989729025331,0.2559218422789246,0.4820216630409538,0.1697925484384562,,-168.17657666185917,360.3531533237184,400.8008096612503
2026-06-01T19:53:03,10,21,1000213,"ARX(2,1)",True,True,0,-168.081158343735,360.16231668747,400.609973025002,1.2978372288846218,0.049934343475753,0.6957496350086233,0.1365347251631063,0.4440326419438186,1.239168133112785,0.1516206888518257,0.9724682464713902,0.1245603808435724,0.2557718960621661,0.4844489679365104,0.1669530121543823,,-168.08115834371944,360.1623166874389,400.6099730249708
2026-06-01T20:03:45,10,22,1000223,"ARX(2,1)",True,True,0,-168.10296200662862,360.20592401325723,400.6535803507892,1.3441300159539264,0.0494247582710273,0.6972206509734711,0.152702263065547,0.4356459552825651,1.210524261148164,0.1495572915826856,0.9772961271226176,0.1297284884336286,0.2642325851507895,0.4626716744950114,0.1719445904446078,,-168.10296199173027,360.20592398346054,400.6535803209925
2026-06-01T20:10:56,10,23,1000233,"ARX(2,1)",True,True,0,-168.0760328464675,360.152065692935,400.599722030467,1.3598334973631605,0.0489338254300294,0.6917521701959148,0.1371315906678667,0.446922746101645,1.2586896214040686,0.1492993208146637,0.9863257425595652,0.1264769082767861,0.2566875236253279,0.4808662484897872,0.1673744030954955,,-168.07603284644898,360.152065692898,400.5997220304299
2026-06-01T20:33:01,10,24,1000243,"ARX(2,1)",True,True,0,-168.07995658661076,360.1599131732215,400.6075695107535,1.3271715064339784,0.049709536547137,0.6948602110878335,0.1395425435883336,0.4431113331933696,1.2174289320380676,0.150227908031201,0.9717317429468628,0.1271007955428309,0.2573749988742783,0.4776352346116403,0.1693684912359362,,-168.07995657525174,360.1599131505035,400.6075694880354
2026-06-01T20:46:21,10,25,1000253,"ARX(2,1)",True,True,0,-168.07608629882975,360.1521725976595,400.59982893519145,1.357098790932265,0.0488608865825248,0.691703270252484,0.1374530909235627,0.4469884523856522,1.2609141924674736,0.1495196195973132,0.9864539438265344,0.1266233917792913,0.2566456665975374,0.480319042378582,0.1676923374442894,,-168.07608629863955,360.1521725972791,400.5998289348111
2026-06-01T20:55:31,10,26,1000263,"ARX(2,1)",True,True,0,-168.076359311867,360.152718623734,400.60037496126597,1.377068389220817,0.0489414379474695,0.6911508903355451,0.1364822071711827,0.4466178410642604,1.2586032859413954,0.1485598588974509,0.9856533511982394,0.1269385962971844,0.2563287676770623,0.4806586765483102,0.1674959187678883,,-168.07635931186712,360.15271862373424,400.6003749612662
2026-06-01T21:03:50,10,27,1000273,"ARX(2,1)",True,True,0,-168.08247284150167,360.16494568300334,400.6126020205353,1.307381183404119,0.0510825329762954,0.6970186892131996,0.1304095707399263,0.441244574131069,1.2414915970507103,0.1505634709455856,0.9592658462414358,0.1255973718192227,0.2595760687802137,0.4818688688989558,0.1646324553119338,,-168.0824728316853,360.16494566337053,400.6126020009025
2026-06-01T21:15:25,10,28,1000283,"ARX(2,1)",True,True,0,-168.0921161754913,360.1842323509826,400.63188868851455,1.4631940860301802,0.052750388878802,0.6816717941046699,0.1360835986937103,0.4607867127135867,1.177479888743883,0.1468850797148518,0.9308392630416804,0.129835327297015,0.2586555989899874,0.4814508740778672,0.1636308861152031,,-168.092116175336,360.184232350672,400.631888688204
2026-06-01T21:23:36,10,29,1000293,"ARX(2,1)",True,True,0,-168.07835660935115,360.1567132187023,400.60436955623425,1.411915838838026,0.048627429633576,0.6866957018040405,0.1350911012756621,0.4530471981747739,1.2794217556320024,0.1478710476238658,0.992327035253228,0.126865976096012,0.2565062245678476,0.4813640366977477,0.1663517486933349,,-168.07835660868903,360.15671321737807,400.60436955491
2026-06-01T21:36:00,10,30,1000303,"ARX(2,1)",True,True,0,-168.07625526082487,360.15251052164973,400.6001668591817,1.3631603373180232,0.0484999776620902,0.6908982964621717,0.1375243413224001,0.4478078095898447,1.268287442039005,0.1493895875933988,0.9932753006845714,0.1261471221367127,0.2569457162822792,0.4805323381329344,0.1673832613715452,,-168.07625526087946,360.1525105217589,400.6001668592909
2026-06-01T21:44:41,10,31,1000313,"ARX(2,1)",True,True,0,-168.07602031358635,360.1520406271727,400.59969696470466,1.360950605868659,0.048926765900932,0.6917270100885821,0.1364827702708471,0.4469496886807594,1.26229591828261,0.1491991906530713,0.986372108684417,0.1263370049407444,0.2566896930507594,0.4811307571760124,0.1672030370164741,,-168.076020313571,360.152040627142,400.599696964674
2026-06-01T21:55:23,10,32,1000323,"ARX(2,1)",True,True,0,-168.07725069829223,360.15450139658446,400.6021577341164,1.3555465100291813,0.0500431376275195,0.6927957646213221,0.1378900606331479,0.4453929426616995,1.236363237128579,0.1491705373285974,0.9675678588889368,0.1266041080178832,0.2562968492545397,0.4820587485284033,0.1669409091275717,,-168.07725068880387,360.15450137760774,400.6021577151397
2026-06-01T22:03:13,10,33,1000333,"ARX(2,1)",True,True,0,-168.07623181164374,360.1524636232875,400.6001199608194,1.3753400559398423,0.0492642908238782,0.6901331241938622,0.1368599127429479,0.4489587822359357,1.2537549612812655,0.1489070688856926,0.9806893971502166,0.1267845395408608,0.2566460578378581,0.4810243642990153,0.167085835187172,,-168.07623181158033,360.15246362316066,400.6001199606926
2026-06-01T22:20:04,10,34,1000343,"ARX(2,1)",True,True,0,-168.20635369411207,360.41270738822413,400.8603637257561,1.1233914386980093,0.0438391476537517,0.7218984607962622,0.1559437633273904,0.4093181312162608,1.206853333779778,0.1537491539717534,1.0603449930341196,0.1207649763136797,0.2627581109153054,0.4902636044160953,0.1581111822657846,,-168.20635369384985,360.4127073876997,400.8603637252317
2026-06-01T22:38:36,10,35,1000353,"ARX(2,1)",True,True,0,-168.08030465028537,360.16060930057074,400.6082656381027,1.3466034243059677,0.0509801388863303,0.6923831529347932,0.1379333634929154,0.4470780017098312,1.203605933608672,0.1500813549023785,0.956444572345732,0.1274619090468829,0.2575580597143695,0.4804549448129289,0.16701078084578,,-168.08030465038954,360.1606093007791,400.608265638311
2026-06-01T22:49:53,10,36,1000363,"ARX(2,1)",True,True,0,-168.09190967806148,360.18381935612297,400.6314756936549,1.3022810239675748,0.0456412665339317,0.6984304169952793,0.1335979687024691,0.4365881779115963,1.3735738931240464,0.1504000394106276,1.0310893516456316,0.1243397460740425,0.2562225864018219,0.4805301836829216,0.1677326852633401,,-168.09190967815192,360.18381935630384,400.6314756938358
2026-06-01T23:00:03,10,37,1000373,"ARX(2,1)",True,True,0,-168.09360404496852,360.18720808993703,400.634864427469,1.5161782131112684,0.0506677031797485,0.6751809733866394,0.1340227790545584,0.4685226346750091,1.2446529162699485,0.1455230422536579,0.9556652737202722,0.1297106931686845,0.2568785767705986,0.4812452310609427,0.1640450183236928,,-168.09360404551134,360.1872080910227,400.6348644285546
2026-06-01T23:09:46,10,38,1000383,"ARX(2,1)",True,True,0,-168.07638717513174,360.1527743502635,400.60043068779544,1.3742811442095093,0.0487006474960316,0.6909130462981665,0.1380725294432291,0.4473224013238742,1.257342332876965,0.1486969929198819,0.9881886581796786,0.1271758183328178,0.2569232825561764,0.4792752728582169,0.1677340239669239,,-168.0763871742967,360.1527743485934,400.6004306861254
2026-06-01T23:19:48,10,39,1000393,"ARX(2,1)",True,True,0,-168.0862877396341,360.1725754792682,400.6202318168001,1.4548234492768015,0.0490218762098652,0.6793960945631516,0.1349824743995044,0.4661469082286917,1.2369591859425242,0.147748420606901,0.9936635920837223,0.1280741514733507,0.2535539046196166,0.4861057910845394,0.1647330624503753,,-168.08628772790138,360.1725754558028,400.6202317933347
2026-06-01T23:29:49,10,40,1000403,"ARX(2,1)",True,True,0,-168.0828247670621,360.1656495341242,400.61330587165617,1.2703272584490302,0.0491732114954807,0.7014163368287725,0.1385460582118643,0.4351772828967048,1.255828209492036,0.1514319496632765,0.9847501375581834,0.1244900203479469,0.2575958055584417,0.4798839970307015,0.1690370724787291,,-168.08282476743585,360.1656495348717,400.61330587240366
2026-06-01T16:31:12,11,2,1100023,"ARX(2,1)",True,True,0,-168.0762207876661,360.1524415753322,400.60009791286416,1.3602051048746848,0.0485411122990483,0.6918406252233172,0.1375569450884365,0.4464047039308096,1.2612588115096532,0.1493094115680916,0.9932283343544288,0.1264695507101647,0.2565361608514275,0.4807828807672357,0.1674904223965371,,-168.07622078779264,360.15244157558527,400.6000979131172
2026-06-01T16:42:53,11,3,1100033,"ARX(2,1)",True,True,0,-168.079446463936,360.158892927872,400.60654926540394,1.3285798451456476,0.0467964192675922,0.6941585650754923,0.13792284302059,0.4445200659215477,1.3019386932565622,0.1502741538845707,1.0164509812391656,0.125956376888251,0.2572708342852142,0.4786805954339888,0.1682893444333203,,-168.07944646883158,360.15889293766315,400.6065492751951
2026-06-01T16:53:00,11,4,1100043,"ARX(2,1)",True,True,0,-168.0831581362386,360.1663162724772,400.61397261000917,1.350644350813345,0.0454634769094428,0.6917592229676663,0.1382165055795308,0.4480433333455621,1.311676472205359,0.1497249855065693,1.0370632966055389,0.1266842050034716,0.2570885911987192,0.4779700524255626,0.1687356480657511,,-168.08315813711533,360.16631627423067,400.6139726117626
2026-06-01T17:05:20,11,5,1100053,"ARX(2,1)",True,True,0,-168.07715766972643,360.15431533945286,400.6019716769848,1.3333351664980475,0.0496820468963472,0.695041222369451,0.1374455482051789,0.4427479156471517,1.2443266881236514,0.1497437157770043,0.9742188470188156,0.1261233957942584,0.2567939023319412,0.4807373188781682,0.1677950014061592,,-168.07715766960268,360.15431533920537,400.6019716767373
2026-06-01T17:22:06,11,6,1100063,"ARX(2,1)",True,True,0,-168.2646881898641,360.5293763797282,400.97703271726016,1.3856702335468216,0.0703136803964297,0.6942647775434244,0.1272415505492038,0.4377593434283308,0.9864753689704084,0.1483241364708931,0.7771583388840139,0.1255090003605785,0.2621086490424769,0.4997458927906241,0.1524593828190865,,-168.2646879727808,360.5293759455616,400.9770322830936
2026-06-01T17:32:53,11,7,1100073,"ARX(2,1)",True,True,0,-168.08428491930405,360.1685698386081,400.61622617614006,1.4258405842461372,0.0470330716480011,0.6866514167875902,0.1346709030467792,0.45125395309187,1.3243773493748738,0.1470506152320172,1.0151880237862867,0.1260090698899113,0.2552832251088072,0.4826864151000743,0.1666463550102277,,-168.08428486176848,360.16856972353696,400.6162260610689
2026-06-01T17:45:46,11,8,1100083,"ARX(2,1)",True,True,0,-168.08703492651446,360.1740698530289,400.6217261905609,1.3809905565103604,0.0517803122997893,0.6901970951929145,0.1399594432269827,0.448764371095408,1.1663058770154378,0.1490253561002557,0.9383125099697952,0.1288372516243893,0.2555699083326621,0.4813893182001665,0.1677669974522382,,-168.0870349265123,360.1740698530246,400.62172619055656
2026-06-01T17:58:14,11,9,1100093,"ARX(2,1)",True,True,0,-168.07646587348793,360.15293174697587,400.6005880845078,1.337900034223385,0.0489953872447224,0.6941433047257998,0.1371820131729872,0.4437307629692666,1.256230822537786,0.1498187082829905,0.9848096264103936,0.1260938848789313,0.2568632908689857,0.4807763750498576,0.1676234693048156,,-168.0764658734814,360.1529317469628,400.6005880844948
2026-06-01T18:13:53,11,10,1100103,"ARX(2,1)",True,True,0,-168.07606540195928,360.15213080391857,400.5997871414505,1.3570700543807497,0.0491953155372467,0.6922782072879716,0.1367898989482573,0.4461417693678185,1.258513406086562,0.1492547391987979,0.9835926549173044,0.1261988789138702,0.2567394616794186,0.4811198572645853,0.1673476474065466,,-168.07606540153773,360.15213080307547,400.5997871406074
2026-06-01T18:28:45,11,11,1100113,"ARX(2,1)",True,True,0,-168.0761887760513,360.1523775521026,400.6000338896346,1.3482111433971904,0.0487740504048325,0.6924180953591067,0.1369454170741111,0.4461933718775552,1.261367999493171,0.1497656993322718,0.9882137832483144,0.1263356354095975,0.2564834663446818,0.4810208272955326,0.1674450929407886,,-168.07618877615056,360.1523775523011,400.600033889833
2026-06-01T18:49:04,11,12,1100123,"ARX(2,1)",True,True,0,-168.07616132550996,360.1523226510199,400.59997898855187,1.3640768371211929,0.0485855545294629,0.691461457807215,0.1362875679896339,0.447647355226745,1.2685899676874284,0.1490760167659556,0.990683826502967,0.1265496851283036,0.2561360927954024,0.4813814003581153,0.1672536750641148,,-168.07616132559275,360.1523226511855,400.5999789887175
2026-06-01T19:02:33,11,13,1100133,"ARX(2,1)",True,True,0,-168.07647277958023,360.15294555916046,400.6006018966924,1.3424967236386458,0.0492462846345568,0.6936041719662563,0.1369173605007315,0.4447144409350858,1.2553612111566872,0.1496787093103791,0.9806623919286128,0.1257052316734691,0.2566117477003906,0.4823636068251959,0.1668798914577806,,-168.07647277959205,360.1529455591841,400.60060189671606
2026-06-01T19:18:51,11,14,1100143,"ARX(2,1)",True,True,0,-168.08318447115215,360.1663689423043,400.61402527983626,1.356251476793199,0.0479543694715454,0.6917979779034855,0.1441093703489036,0.4452303147939376,1.2081371779512518,0.150389608358814,0.9804712950377702,0.1299100402743463,0.2530515484555686,0.4796013033854193,0.1700443537701238,,-168.0831844704292,360.1663689408584,400.61402527839033
2026-06-01T19:26:06,11,15,1100153,"ARX(2,1)",True,True,0,-168.3927878431377,360.7855756862754,401.2332320238074,1.490700369648488,0.073384687970778,0.6721838469122282,0.1482707740661513,0.4725570282913599,0.8313839869073746,0.1495021625686073,0.746114807461078,0.137886651927467,0.2568693769788475,0.4818085081673505,0.1625682948140062,,-168.39278785535777,360.78557571071553,401.2332320482475
2026-06-01T19:36:22,11,16,1100163,"ARX(2,1)",True,True,0,-168.08284032496027,360.16568064992055,400.6133369874525,1.3663693403978794,0.0464705208178363,0.6907816875571707,0.1340546834662118,0.4481376383966128,1.3275654395099632,0.148809639681357,1.0287254519922406,0.1242077441171908,0.2540384608280021,0.4855578402297586,0.1668920310135343,,-168.08284034675313,360.16568069350626,400.6133370310382
2026-06-01T19:47:15,11,17,1100173,"ARX(2,1)",True,True,0,-168.08325983951363,360.16651967902726,400.6141760165592,1.3014560994114317,0.0513227750148314,0.6984180098138835,0.1379303800818142,0.4381674603314084,1.2067505613270324,0.1508899823270388,0.9536053518010312,0.1260847194305896,0.2570198303103507,0.4812979862984965,0.1679163777466537,,-168.08325983872436,360.1665196774487,400.6141760149807
2026-06-01T20:01:33,11,18,1100183,"ARX(2,1)",True,True,0,-168.07736887655295,360.1547377531059,400.60239409063786,1.3709312083810885,0.0482346492828923,0.6896795643986591,0.1343584582224365,0.4499400709555987,1.287374532854024,0.1492117146902672,1.0013121720506586,0.1265968045014448,0.257996860591888,0.4793385763937348,0.1668841270712851,,-168.0773688755183,360.1547377510366,400.6023940885685
2026-06-01T20:11:16,11,19,1100193,"ARX(2,1)",True,True,0,-168.0832700173827,360.1665400347654,400.61419637229733,1.313722141572678,0.0507820556174009,0.6953231199822267,0.1312708063445687,0.4471648908432225,1.2413499434324955,0.1505031616410094,0.959136420558296,0.1241315821222198,0.2574096693003509,0.48577928204457,0.1644732253514457,,-168.08327000549116,360.1665400109823,400.6141963485143
2026-06-01T20:19:13,11,20,1100203,"ARX(2,1)",True,True,0,-168.07763722814542,360.15527445629084,400.6029307938228,1.3233635645743738,0.0481747060703919,0.6955332909108042,0.1364273735146982,0.4418897675502234,1.2858762266403287,0.1501228354158205,0.9974028503668174,0.125451800498177,0.2571406881653836,0.4797870981117696,0.1681950745116616,,-168.07763722789997,360.15527445579994,400.6029307933319
2026-06-01T20:30:09,11,21,1100213,"ARX(2,1)",True,True,0,-168.07619977755184,360.15239955510367,400.6000558926356,1.359003523483206,0.0484306476638187,0.6918618946683504,0.136663134265601,0.4469430339565035,1.272730891033768,0.1492332506920174,0.9934578345176238,0.1262124415802451,0.2565744383439676,0.480874341406236,0.1675079937707745,,-168.07619977750593,360.15239955501187,400.6000558925438
2026-06-01T20:53:41,11,22,1100223,"ARX(2,1)",True,True,0,-168.07813839565364,360.1562767913073,400.60393312883923,1.3116268451116777,0.0489914698314304,0.6973480310716531,0.1380100150612355,0.4392803488776332,1.2593846262041002,0.150301715324497,0.9822346554904264,0.1256030360659625,0.2574597627755307,0.4792835820584964,0.1686008228159503,,-168.07813839394456,360.1562767878891,400.60393312542107
2026-06-01T21:02:32,11,23,1100233,"ARX(2,1)",True,True,0,-168.07662342478352,360.15324684956704,400.600903187099,1.3881758530455102,0.0493139279666075,0.6887831214968809,0.1362383337958971,0.4508625529089309,1.2540905840058274,0.1485509268549749,0.9797029878018612,0.1269289913729119,0.2568107920461475,0.4809755288543465,0.1667443728219557,,-168.0766234247114,360.1532468494228,400.6009031869548
2026-06-01T21:11:24,11,24,1100243,"ARX(2,1)",True,True,0,-168.07801886549098,360.15603773098195,400.6036940685139,1.342192030870148,0.0482150912550263,0.6967926077986234,0.1356452383932902,0.4383521205893536,1.2799167402579288,0.1488155882974012,0.9993190439128076,0.1255530206992539,0.2582946343347837,0.4798276915659808,0.1671385898081138,,-168.0780188652577,360.1560377305154,400.6036940680473
2026-06-01T21:18:11,11,25,1100253,"ARX(2,1)",True,True,0,-168.47757234829226,360.9551446965845,401.40280103411646,1.087751379973393,0.0598993919053644,0.7388314500525235,0.1863050151896111,0.3732591413159116,0.8292082900176021,0.153733375642446,0.8679892405252372,0.1303058457826254,0.2614090070257979,0.4707489388296771,0.1755333971317209,,-168.47757238684937,360.9551447736988,401.4028011112307
2026-06-01T21:37:08,11,26,1100263,"ARX(2,1)",True,True,0,-168.09182215833104,360.1836443166621,400.63130065419404,1.435168842235602,0.0458256964102309,0.685775481062907,0.1332942349253056,0.4528975318930661,1.3610920637197546,0.1465226705900285,1.0367530042743218,0.1267205187260931,0.2558138660167422,0.478369956742547,0.1683454218947148,,-168.0918221583552,360.1836443167104,400.6313006542424
2026-06-01T21:51:25,11,27,1100273,"ARX(2,1)",True,True,0,-168.07606357404285,360.1521271480857,400.59978348561765,1.3602369384687123,0.0489321334561162,0.6921160597427738,0.1364790798900786,0.4461050237042425,1.2643574429255715,0.149149488629825,0.9866761899935416,0.1264642019539089,0.2569272363801043,0.480145822571392,0.1676789594319486,,-168.0760635740382,360.1521271480764,400.5997834856083
2026-06-01T22:02:11,11,28,1100283,"ARX(2,1)",True,True,0,-168.07784233436877,360.15568466873754,400.6033410062695,1.31919100751925,0.0494460315955807,0.6961893409972173,0.1380631280140107,0.4411691971985119,1.2441878683562435,0.150362710955946,0.9792239527931432,0.1255455164318794,0.256612437789127,0.4818797171479204,0.1677768680884786,,-168.07784233267327,360.15568466534654,400.6033410028785
2026-06-01T22:12:52,11,29,1100293,"ARX(2,1)",True,True,0,-168.07630720135123,360.15261440270245,400.6002707402344,1.356610906766545,0.0492611776656814,0.6925245900254478,0.1367780883880917,0.4453328774817328,1.2488147942135113,0.1492106965739061,0.9803671508336296,0.1264525069183297,0.2561926298580291,0.4815544054099102,0.1674436506880085,,-168.0763072013823,360.1526144027646,400.6002707402965
2026-06-01T22:18:55,11,30,1100303,"ARX(2,1)",True,True,0,-168.07605560569147,360.15211121138293,400.5997675489149,1.365073878076163,0.0489083526967195,0.6911913639409538,0.1361728334647392,0.4476086129653392,1.2646599922301571,0.1491393308533629,0.9865149808583292,0.1266175251585569,0.2567770052609541,0.4805627246349518,0.1673349138412529,,-168.07605560583602,360.15211121167204,400.599767549204
2026-06-01T22:36:27,11,31,1100313,"ARX(2,1)",True,True,0,-168.33347937981154,360.66695875962307,401.114615097155,2.104086745923013,0.0458739300414535,0.6383700772180664,0.1257735653679545,0.5098320562572449,1.3487383386901666,0.1316353906748973,1.0500022634409367,0.1323401882227632,0.2519302327946866,0.4862112694937207,0.1617943752444371,,-168.3334793796986,360.6669587593972,401.1146150969291
2026-06-01T22:44:24,11,32,1100323,"ARX(2,1)",True,True,0,-168.07625930475547,360.15251860951093,400.6001749470429,1.3775179102188049,0.0488834453003402,0.6900504703994135,0.1359870666336831,0.4490556844473805,1.2658776627097326,0.1487411288827195,0.9873952880565728,0.1264905768488402,0.2566496368860771,0.4814279859242544,0.1667721225727178,,-168.07625930472284,360.1525186094457,400.6001749469776
2026-06-01T22:58:40,11,33,1100333,"ARX(2,1)",True,True,0,-168.07960223671853,360.15920447343706,400.606860810969,1.3818108871872663,0.0485234954286841,0.6903988357053304,0.140953152749415,0.449372743766765,1.2224754913265723,0.148689470773958,0.9898074014829984,0.1280295819599642,0.2552798761700375,0.4818791455893783,0.1672888587371243,,-168.07960223641038,360.1592044728208,400.6068608103527
2026-06-01T23:12:20,11,34,1100343,"ARX(2,1)",True,True,0,-168.0760168333278,360.1520336666556,400.59969000418755,1.361225954817117,0.0489508334792942,0.6916591336854336,0.1366501998885549,0.4469568376391656,1.2611269703459245,0.1492189944555018,0.9857545005780852,0.1264423243159319,0.256679549617351,0.480903181167388,0.1673177576469405,,-168.07601683330057,360.15203366660114,400.5996900041331
2026-06-01T23:22:58,11,35,1100353,"ARX(2,1)",True,True,0,-168.0761608875962,360.1523217751924,400.59997811272433,1.3495916509897867,0.0486809720527177,0.6928810340860234,0.1368444198617045,0.4452899669647844,1.2662416858281522,0.1495545531797515,0.990628987893973,0.1260764439112913,0.256711577994926,0.480970711433406,0.1674790821871171,,-168.07616088758004,360.1523217751601,400.599978112692
2026-06-01T23:49:37,11,36,1100363,"ARX(2,1)",True,True,0,-168.07629242259085,360.1525848451817,400.60024118271366,1.3755439526291082,0.0492411609443179,0.6902592795767853,0.1368410252642924,0.4488843960187269,1.2510782607469852,0.148885067882723,0.9796358361044648,0.1270822041192214,0.2569014429506536,0.4808073399061771,0.1669012571926367,,-168.07629242254174,360.1525848450835,400.6002411826154
2026-06-02T00:02:36,11,37,1100373,"ARX(2,1)",True,True,0,-168.08214004949738,360.16428009899477,400.6119364365267,1.4385808241711278,0.0479707589701724,0.6843811458460404,0.1353972198806515,0.4554371641206726,1.2952817005026316,0.1469742845999339,0.9970478607872304,0.1276056651685979,0.2563303892806842,0.4786844613819802,0.168291281399558,,-168.0821400496471,360.1642800992942,400.61193643682617
2026-06-02T00:19:02,11,38,1100383,"ARX(2,1)",True,True,0,-168.58014219576796,361.1602843915359,401.6079407290679,1.703937731550336,0.0795355139209637,0.686932745560357,0.1431341648302661,0.4337706937849352,0.830987544033626,0.1325035133997073,0.7623547608234966,0.1355520626093282,0.2765699393550478,0.4698673517242748,0.1543001196750874,,-168.5801421958352,361.1602843916704,401.6079407292024
2026-06-02T00:48:48,11,39,1100393,"ARX(2,1)",True,True,0,-168.07606720282357,360.15213440564713,400.5997907431791,1.35589508269238,0.0489267310374011,0.6918564136544668,0.1370755154951721,0.447050912695044,1.2602433242205506,0.1494437851846994,0.9852817615900448,0.1261709839804602,0.256796013779236,0.4810656931267164,0.1673385085605153,,-168.07606720279733,360.15213440559467,400.5997907431266
2026-06-02T01:03:35,11,40,1100403,"ARX(2,1)",True,True,0,-168.08469107570164,360.1693821514033,400.61703848893524,1.4508261903346662,0.0507144463615629,0.6809107136635567,0.1375108469006989,0.4623063434227968,1.2071219328175105,0.1476654869956258,0.956122138692083,0.1292422590398756,0.2572628861187165,0.4802287551712595,0.1656806988322216,,-168.08469107569675,360.1693821513935,400.6170384889255
2026-06-01T16:36:14,12,3,1200033,"ARX(2,1)",True,True,0,-168.078422144454,360.156844288908,400.60450062644,1.3207362115518633,0.0501424303430547,0.6953982400781435,0.1357272201734658,0.4404387581053005,1.2625956749409923,0.1502989136863983,0.97490514750874,0.1247019489528258,0.2574808591735506,0.4815578798095891,0.1671070848232443,,-168.07842214445304,360.1568442889061,400.6045006264381
2026-06-01T16:46:41,12,4,1200043,"ARX(2,1)",True,True,0,-168.09781390730006,360.19562781460013,400.6432841521321,1.3247505391078065,0.0534608380594323,0.6944113384076682,0.1405756871281548,0.4440015787694014,1.1311569862973894,0.1512231671225795,0.9269765559889414,0.127481128918582,0.2563461351463289,0.4851200966448874,0.1653157332780985,,-168.09781390450567,360.19562780901134,400.6432841465433
2026-06-01T16:54:04,12,5,1200053,"ARX(2,1)",True,True,0,-168.0760452873178,360.1520905746356,400.5997469121676,1.3586113222638854,0.0488850645315336,0.6920548549201996,0.1367229209044418,0.4463438981996826,1.2628940728680542,0.1492822484670052,0.987575514453352,0.1265252866180686,0.2569732332003589,0.4802440917433447,0.167533582520294,,-168.07604528729894,360.1520905745979,400.5997469121298
2026-06-01T17:04:47,12,6,1200063,"ARX(2,1)",True,True,0,-168.07999615521493,360.15999231042986,400.6076486479618,1.3030249128378062,0.0486410686586678,0.6984894917849821,0.1332880409381297,0.4381457459339345,1.289524077958051,0.1502651860078631,0.9939339314339568,0.1243145421434704,0.2558229215559223,0.4823533185587985,0.1682317212929062,,-168.07999615520157,360.15999231040314,400.6076486479351
2026-06-01T17:12:55,12,7,1200073,"ARX(2,1)",True,True,0,-168.0760460387723,360.1520920775446,400.59974841507653,1.356685650932811,0.0488731482363456,0.6923721170770294,0.1366526071188011,0.4458275953388446,1.2622029115854028,0.149260725218221,0.987517360290906,0.126264285461349,0.25690043650216,0.4809236791448618,0.1672161979587972,,-168.0760460388364,360.1520920776728,400.5997484152048
2026-06-01T17:31:14,12,8,1200083,"ARX(2,1)",True,True,0,-168.1142186302839,360.2284372605678,400.6760935980997,1.3772991717495944,0.0501703140089664,0.6948712475819263,0.1424320848646927,0.4512472422416884,1.240237074033177,0.1462601933577263,0.9276435196634922,0.1335137680913289,0.2587390860776437,0.4614196210163823,0.176437862227887,,-168.1142186197385,360.228437239477,400.67609357700894
2026-06-01T17:37:36,12,9,1200093,"ARX(2,1)",True,True,0,-168.07672363820726,360.1534472764145,400.60110361394646,1.3811339921086432,0.0487343226707952,0.6891029544623491,0.1354410574139885,0.4509278054138589,1.275366329083483,0.1486871977829863,0.9908133549721836,0.1262907369838355,0.255862244401887,0.4821714303923201,0.1668117421110661,,-168.0767236370473,360.1534472740946,400.60110361162657
2026-06-01T17:44:48,12,10,1200103,"ARX(2,1)",True,True,0,-168.07741757616202,360.15483515232404,400.602491489856,1.328752424132465,0.0479189222896761,0.6942678882052653,0.1376423133394653,0.4436102787288555,1.278575412846217,0.1504332062364635,1.001243231509058,0.1261104585467549,0.2563759664999477,0.4801958653551575,0.1682256937449935,,-168.0774175751689,360.1548351503378,400.60249148786977
2026-06-01T17:59:49,12,11,1200113,"ARX(2,1)",True,True,0,-168.07720252553122,360.15440505106244,400.6020613885944,1.329996844737139,0.0488724343932214,0.6945082525705866,0.1380907250741911,0.4437078933047441,1.250371338840477,0.1502332580113289,0.9864448334220094,0.1268857157307671,0.2565833004805288,0.4791650387265786,0.1685642364878855,,-168.07720252495062,360.15440504990124,400.6020613874332
2026-06-01T18:14:56,12,12,1200123,"ARX(2,1)",True,True,0,-168.07608066166478,360.15216132332955,400.5998176608615,1.3602864329554354,0.0490927680996251,0.691716326710191,0.1371420433481037,0.4470026709664137,1.253672660147834,0.1492719056698294,0.9838195145555542,0.1264355795370145,0.2566084249015398,0.4812863183466871,0.1671679450781345,,-168.0760806617647,360.15216132352947,400.5998176610614
2026-06-01T18:30:52,12,13,1200133,"ARX(2,1)",True,True,0,-168.08006486778754,360.1601297355751,400.60778607310704,1.3631698863079045,0.0472758291617459,0.6932792881895314,0.1344745008794777,0.4418425926629166,1.2869903766377,0.1487702030759383,1.0161729132342066,0.1272819092303544,0.2586660343353069,0.4782146339138297,0.1665511658071637,,-168.08006486990973,360.16012973981947,400.6077860773514
2026-06-01T18:36:15,12,14,1200143,"ARX(2,1)",True,True,0,-168.07607232140631,360.15214464281263,400.5998009803446,1.36357074186606,0.0488871851999343,0.691445780031414,0.1362655584136186,0.4472263558825303,1.2643987079327106,0.1491298499212649,0.9868661070724176,0.126185920542831,0.2565617037201028,0.4818591063353367,0.1668486377017054,,-168.07607232151332,360.15214464302665,400.5998009805586
2026-06-01T18:52:52,12,15,1200153,"ARX(2,1)",True,True,0,-168.0760210713081,360.1520421426162,400.59969848014816,1.361563500021666,0.0489240506346799,0.6917253840589899,0.1365687435985063,0.4467326753992504,1.2618699747355773,0.1491872620561246,0.9867937048169166,0.1263658030374738,0.2565971417017231,0.48109094870015,0.1672886828007379,,-168.07602107135287,360.15204214270574,400.5996984802377
2026-06-01T19:07:12,12,16,1200163,"ARX(2,1)",True,True,0,-168.07603022158764,360.1520604431753,400.59971678070724,1.3618329657268178,0.0489885755932067,0.6915085806805199,0.1366484593812239,0.4473863341746216,1.261623058810961,0.1491728275035369,0.985101168213962,0.1263338879047522,0.2568440778281478,0.4809191989120132,0.1672158016852665,,-168.07603022160538,360.1520604432108,400.5997167807427
2026-06-01T19:21:38,12,17,1200173,"ARX(2,1)",True,True,0,-168.0760875675547,360.1521751351094,400.59983147264137,1.370831809679252,0.0489386948320641,0.69066585486878,0.1364657874206261,0.448411422249737,1.260783750557797,0.1489665415713417,0.9853687952484804,0.126679997121025,0.2566869364748694,0.4808047412494016,0.1672125672486293,,-168.0760875683321,360.1521751366642,400.59983147419615
2026-06-01T19:34:20,12,18,1200183,"ARX(2,1)",True,True,0,-168.09393698305888,360.18787396611776,400.6355303036497,1.3311993008819,0.0487226756648447,0.6936222515240104,0.1408851542214626,0.4440610697024227,1.177401347176733,0.1513228507163263,0.9833457015766766,0.1272145759204068,0.2501556690209709,0.4929179244480041,0.1647613319483546,,-168.09393698217926,360.1878739643585,400.63553030189047
2026-06-01T19:41:10,12,19,1200193,"ARX(2,1)",True,True,0,-168.07717000969117,360.15434001938235,400.6019963569143,1.3533916827579184,0.0488550147150626,0.690062941743895,0.1351811666896254,0.4497931277999321,1.2616272344829886,0.1503405728507444,0.9788381252899564,0.1274657042121561,0.256534551810081,0.4816153504254817,0.1660024552892989,,-168.07717000521478,360.1543400104296,400.6019963479615
2026-06-01T19:48:04,12,20,1200203,"ARX(2,1)",True,True,0,-169.6381403658105,363.276280731621,403.72393706915295,1.372189822740827,0.0434290681969049,0.6929203011520376,0.3162569990424596,0.4453344392041387,0.2721958489924003,0.1575701168205737,1.2816412594862998,0.1385909581528287,0.2844777808658494,0.4737494989169091,0.1353473160743158,,-169.63814036465857,363.27628072931714,403.7239370668491
2026-06-01T19:54:36,12,21,1200213,"ARX(2,1)",True,True,0,-168.07825915875532,360.15651831751063,400.6041746550426,1.357231797788253,0.0472114727564201,0.6940268665566377,0.1361961658747358,0.4430643974402063,1.2946051922234805,0.1487094831286482,1.0097830910254664,0.1258141004632929,0.2548755627521792,0.4818836450230502,0.1686067636173329,,-168.07825915852337,360.15651831704673,400.6041746545787
2026-06-01T20:07:36,12,22,1200223,"ARX(2,1)",True,True,0,-168.0760523705942,360.1521047411884,400.59976107872035,1.3649302241778971,0.0491213977006346,0.6911442783684428,0.1364883900057482,0.4478415293974841,1.2573563364240814,0.1491544534717714,0.9838281909005272,0.126423177419785,0.2568785415321616,0.4810533996751003,0.1670453249511341,,-168.07605237019732,360.15210474039463,400.5997610779266
2026-06-01T20:17:50,12,23,1200233,"ARX(2,1)",True,True,0,-168.0761183682273,360.1522367364546,400.59989307398655,1.3503531398327373,0.0489047569191358,0.6929107634075526,0.1366023662777255,0.4453726650615515,1.2640855842940095,0.1494317915180289,0.9865769487974076,0.1261602843394003,0.2570391412370453,0.4805896645877251,0.1674364011096251,,-168.0761183682369,360.1522367364738,400.59989307400576
2026-06-01T20:26:51,12,24,1200243,"ARX(2,1)",True,True,0,-168.12379865735522,360.24759731471045,400.6952536522424,1.6211775424429329,0.0466028697198087,0.6676523923874605,0.1370536441169648,0.4782480120910556,1.2847602520975123,0.1430430590494845,1.029161924701924,0.1305809224166427,0.2530931995581635,0.4830866225802359,0.1653986264531115,,-168.1237986574116,360.2475973148232,400.6952536523552
2026-06-01T20:34:51,12,25,1200253,"ARX(2,1)",True,True,0,-169.34266361486618,362.68532722973237,403.1329835672643,4.336034818582589,0.048197889131068,0.5906260899527971,0.1232809148892952,0.5635163314389997,1.208205462312947,0.0999663395108372,0.9004172710411206,0.1325981877678635,0.2472791742767816,0.4948248212760428,0.1633061151041512,,-169.342663609137,362.685327218274,403.13298355580594
2026-06-01T20:51:24,12,26,1200263,"ARX(2,1)",True,True,0,-168.0763699576526,360.1527399153052,400.60039625283713,1.341360954060151,0.0488994204297067,0.6937767730139178,0.1369283333990671,0.4439582777155808,1.2579339923092776,0.1497500681853682,0.98782585035866,0.1261360595687311,0.2567335643717034,0.4808833696919707,0.1675680771898411,,-168.0763699575461,360.1527399150922,400.60039625262414
2026-06-01T21:00:21,12,27,1200273,"ARX(2,1)",True,True,0,-168.0760234727232,360.1520469454464,400.59970328297834,1.36060182952111,0.0488304281914806,0.6916897976544155,0.1366601498452944,0.4469786452431425,1.2623824621547195,0.1492507412281357,0.9878767441881794,0.1264155181521929,0.2566911805451209,0.4809676210588623,0.1672569016657634,,-168.07602347270898,360.152046945418,400.5997032829499
2026-06-01T21:06:22,12,28,1200283,"ARX(2,1)",True,True,0,-168.07605304577422,360.15210609154843,400.5997624290804,1.3632884354346604,0.0488362542224927,0.691740147312184,0.1369502622135122,0.4467903916772126,1.2597648116674116,0.1491332548940488,0.9870803359828654,0.1264723465486402,0.2563370981816996,0.4811578584738196,0.1674595134641595,,-168.0760530457586,360.1521060915172,400.5997624290492
2026-06-01T21:18:55,12,29,1200293,"ARX(2,1)",True,True,0,-168.0765880256942,360.1531760513884,400.60083238892037,1.33555955186518,0.0488052802437224,0.6946041658613608,0.1370575174361891,0.4425257851508754,1.2602276554323686,0.1498700577140546,0.9893355003702998,0.1260055955653066,0.2566912220017478,0.4809172270546151,0.1676645755170933,,-168.07658802568903,360.15317605137807,400.60083238891
2026-06-01T21:29:33,12,30,1200303,"ARX(2,1)",True,True,0,-168.08770471184357,360.17540942368714,400.6230657612191,1.422823256728893,0.051689254077638,0.6839902226103654,0.1301054205071398,0.4540030848647229,1.2645368065521376,0.1484134576269354,0.9546768454537582,0.1298927632035828,0.259681269243304,0.4759916695946851,0.1639246202169203,,-168.0877047118997,360.1754094237994,400.62306576133136
2026-06-01T21:42:11,12,31,1200313,"ARX(2,1)",True,True,0,-168.08242515629493,360.16485031258986,400.6125066501218,1.3484946776386078,0.0474702730234644,0.6904805507964317,0.139635375982104,0.4526332827924532,1.285532270608259,0.1502481912305901,0.9793132748037312,0.1275427588660722,0.2575028742332975,0.477118032303807,0.1681247756603682,,-168.08242515431016,360.1648503086203,400.6125066461522
2026-06-01T21:51:26,12,32,1200323,"ARX(2,1)",True,True,0,-168.07617537728976,360.1523507545795,400.60000709211147,1.3639675988617184,0.0485993521273482,0.6913048355192294,0.1362913951274554,0.4473850178926638,1.2726358278815837,0.1491356357073311,0.9911981550311711,0.1262352303259165,0.2566380646338723,0.4807793001959825,0.167399003238561,,-168.07617537737656,360.1523507547531,400.60000709228507
2026-06-01T22:06:33,12,33,1200333,"ARX(2,1)",True,True,0,-168.07648446747856,360.15296893495713,400.6006252724891,1.3805500429518327,0.0489405693957088,0.6894187867363817,0.1349343273758748,0.4503392487880123,1.268457312021409,0.1487172656346741,0.987547180190099,0.1262802577116662,0.2565497191323297,0.4820963112084543,0.1664089100113501,,-168.07648446739458,360.1529689347892,400.6006252723211
2026-06-01T22:20:18,12,34,1200343,"ARX(2,1)",True,True,0,-168.07617386437886,360.1523477287577,400.60000406628967,1.3535045859245742,0.0490975582052014,0.6918738086710942,0.1369402015603134,0.4471291417020463,1.2535205869755877,0.1496367378386974,0.982362855837558,0.126628599927709,0.2566718988170432,0.4807203601336938,0.1674462512266766,,-168.07617384460573,360.15234768921147,400.6000040267434
2026-06-01T22:27:19,12,35,1200353,"ARX(2,1)",True,True,0,-168.0804705817455,360.160941163491,400.6085975010229,1.289493106760503,0.0483015848906334,0.6981043167254662,0.1358194079343131,0.4390423320521994,1.2742464391553625,0.1514232439182236,0.9925947162407578,0.1257099360463049,0.2572206074320984,0.4796267032502225,0.1683892149189129,,-168.0804705813556,360.1609411627112,400.6085975002432
2026-06-01T22:47:11,12,37,1200373,"ARX(2,1)",True,True,0,-168.07605916198833,360.15211832397665,400.5997746615086,1.3676942901816818,0.0488603050966153,0.6910623629945815,0.1363891784370846,0.447572718639221,1.2637532716341324,0.1490312216179691,0.987139459255694,0.1265793012398842,0.256766828111064,0.4807386083656407,0.1672307632168368,,-168.07605916198798,360.152118323976,400.5997746615079
2026-06-01T22:54:05,12,38,1200383,"ARX(2,1)",True,True,0,-168.08216267771033,360.16432535542066,400.6119816929526,1.2949613171322958,0.0501664049911847,0.7002750508781279,0.1380861976557724,0.4352534126487348,1.220527171397101,0.1504671761489655,0.9706573527528132,0.1251936440795817,0.2569135794194593,0.4830085941518517,0.1670467452981578,,-168.08216267735972,360.16432535471944,400.6119816922514
2026-06-01T23:02:30,12,39,1200393,"ARX(2,1)",True,True,0,-168.0783670826959,360.1567341653918,400.60439050292376,1.365007887967773,0.0473084340584168,0.6914065669502055,0.1358644128505384,0.4466889790970937,1.3045835648398274,0.1490360956351344,1.012804974136287,0.1258775457148619,0.2567318257411884,0.4799690677518703,0.1678566702081224,,-168.07836708235607,360.15673416471213,400.6043905022441
2026-06-01T23:09:16,12,40,1200403,"ARX(2,1)",True,True,0,-168.07804308811123,360.15608617622246,400.6037425137544,1.4011781800489616,0.050108549480975,0.688200828407807,0.1367029204722151,0.4510418942152686,1.231633140674694,0.1481288888251828,0.9701162662309272,0.1275521868414485,0.2566990330160054,0.4814260232530871,0.1665107409955233,,-168.07804308812788,360.15608617625577,400.6037425137877
2026-06-01T16:38:07,13,3,1300033,"ARX(2,1)",True,True,0,-168.25319355292243,360.50638710584485,400.9540434433768,1.7551918352055311,0.0447774509573405,0.6778908348641492,0.1171535766175657,0.4631386235129452,1.447978474150671,0.1339266917941059,1.101527358292752,0.1239263048727303,0.2630600201122298,0.4766709057081442,0.1649105199720488,,-168.25319354775456,360.5063870955091,400.9540434330411
2026-06-01T16:50:34,13,4,1300043,"ARX(2,1)",True,True,0,-168.07653962340012,360.15307924680025,400.6007355843322,1.336954234158252,0.0487603535938835,0.6939152888988817,0.136439715104133,0.4441845752102833,1.2710771256614035,0.1498584179616251,0.9901318370459182,0.1256843505296178,0.2569372997871131,0.4806884113524575,0.1676952522917905,,-168.07653963312185,360.15307926624365,400.6007356037756
2026-06-01T17:06:46,13,5,1300053,"ARX(2,1)",True,True,0,-168.07606340313967,360.15212680627934,400.5997831438113,1.3656714851877063,0.048763701698248,0.6911219131050652,0.1369074354495562,0.4476800630339729,1.2646166691893284,0.1491313108848756,0.9877685345287406,0.1264608980295135,0.2565274969398748,0.4811230093174657,0.167267220260234,,-168.07606340315908,360.15212680631817,400.5997831438501
2026-06-01T17:15:07,13,6,1300063,"ARX(2,1)",True,True,0,-168.07648895471107,360.15297790942213,400.6006342469541,1.3567784786386716,0.0486462786054802,0.69175112162355,0.1389890246415269,0.4466891415666245,1.2599495470687845,0.1494700194444711,0.989827932332313,0.1260836445002507,0.2565522100067713,0.4823674896750966,0.1664026914429878,,-168.07648895585942,360.15297791171884,400.6006342492508
2026-06-01T17:24:20,13,7,1300073,"ARX(2,1)",True,True,0,-168.0760869257166,360.1521738514332,400.59983018896514,1.3545942998523808,0.04902042701239,0.6923304224127439,0.1369997541157298,0.4461730694247425,1.2557326936575488,0.1494465771375695,0.9846710891247372,0.126525600344016,0.2567671020385406,0.4807328165138324,0.1673973088055662,,-168.07608692516374,360.1521738503275,400.5998301878594
2026-06-01T17:46:21,13,8,1300083,"ARX(2,1)",True,True,0,-168.1444804547133,360.2889609094266,400.73661724695853,1.5935044696663836,0.0429371310903507,0.6749638143697009,0.1359127134033634,0.4635133637532265,1.3939976596601331,0.142033221508527,1.0867311973061873,0.1244291518485413,0.2527205956035103,0.4873510803505463,0.1658083727810578,,-168.14448045244913,360.2889609048983,400.7366172424302
2026-06-01T17:54:28,13,9,1300093,"ARX(2,1)",True,True,0,-168.07753515541873,360.15507031083746,400.6027266483694,1.397602499582589,0.0488258343946402,0.6895661249794944,0.1353128351638683,0.4484002030278841,1.2729437368432766,0.1478590077185017,0.9872362063769798,0.1272809002582667,0.2567314288550894,0.4794854777962899,0.1677636858320545,,-168.07753515560853,360.15507031121706,400.602726648749
2026-06-01T18:03:59,13,10,1300103,"ARX(2,1)",True,True,0,-168.0815733194906,360.1631466389812,400.6108029765131,1.4200743509020166,0.0486696665302853,0.6802313875429572,0.1373789499292365,0.4634720678938544,1.2669276431806076,0.1493957932868725,0.9915167870141276,0.1276534385961828,0.256196071979982,0.4829239950549463,0.1652660297560458,,-168.08157332712975,360.16314665425955,400.6108029917915
2026-06-01T18:19:58,13,11,1300113,"ARX(2,1)",True,True,0,-168.07749170606513,360.15498341213026,400.6026397496622,1.3763128354183771,0.0479491836580724,0.6904546932576938,0.1358044014618937,0.4478670473808372,1.292894557823057,0.1487204406503447,1.0045858373965677,0.1260317151521177,0.2566578274062949,0.4808618767684639,0.1671570285942351,,-168.07749170574118,360.1549834114824,400.6026397490143
2026-06-01T18:54:54,13,12,1300123,"ARX(2,1)",True,True,0,-168.07640791294875,360.1528158258975,400.60047216342946,1.3471670771630215,0.0484934361528395,0.6928725538597513,0.1380376316877676,0.4457085918529006,1.26722919657341,0.1496235536272506,0.9905033785042232,0.1266413888859824,0.2572434844836374,0.4787411312716196,0.1683140364172697,,-168.0764079127154,360.1528158254308,400.6004721629628
2026-06-01T19:03:33,13,13,1300133,"ARX(2,1)",True,True,0,-168.07759835406603,360.15519670813205,400.602853045664,1.3354558579854672,0.048527110855514,0.6949566196965495,0.138993784953961,0.4419545848402831,1.280540808360765,0.1496226759669062,0.9903494722391069,0.1257632173913786,0.2577331430475937,0.4783909954844427,0.1684783823186713,,-168.07759835442832,360.15519670885664,400.6028530463886
2026-06-01T19:21:06,13,14,1300143,"ARX(2,1)",True,True,0,-168.07630401646531,360.15260803293063,400.6002643704626,1.377899885912274,0.0487003844807462,0.690089771836518,0.1366662398177579,0.4487558358030856,1.2647595578866384,0.1487895148277203,0.990034447526679,0.1267530571961688,0.2568478209179221,0.4806734384600121,0.1672118174759446,,-168.0763040163555,360.152608032711,400.6002643702429
2026-06-01T19:32:21,13,15,1300153,"ARX(2,1)",True,True,0,-168.30550485553556,360.6110097110711,401.0586660486031,1.927553469142871,0.0418130666624101,0.640864929665823,0.142532211405029,0.5135829904992909,1.4310925373839614,0.1366611940418512,1.134380677952358,0.1321085268637661,0.2518074328264992,0.4783472789981609,0.1660002192973384,,-168.30550480662072,360.61100961324144,401.0586659507734
2026-06-01T19:41:09,13,16,1300163,"ARX(2,1)",True,True,0,-168.07606458487146,360.1521291697429,400.5997855072749,1.356786578310392,0.0487476562555982,0.6923210920459713,0.1365333161679224,0.4459718432863662,1.2664082902823293,0.1492531372115302,0.989116198937156,0.1262958406022136,0.2566798390649121,0.4807019139240487,0.1675300790415129,,-168.07606458481064,360.1521291696213,400.5997855071532
2026-06-01T19:49:55,13,17,1300173,"ARX(2,1)",True,True,0,-168.0763697671169,360.1527395342338,400.6003958717657,1.3717906073647288,0.0489211220857986,0.6913138320063353,0.1370351306297943,0.4467769794121191,1.2523789860855223,0.1487399216177078,0.986361798313564,0.1262289646319957,0.2562567601493459,0.4823946384829393,0.1668275905610173,,-168.07636976531617,360.15273953063235,400.6003958681643
2026-06-01T20:03:37,13,18,1300183,"ARX(2,1)",True,True,0,-168.0802624162719,360.1605248325438,400.60818117007574,1.3910073300477797,0.0492567910754636,0.6923351787506138,0.1323207352939952,0.4433864868100618,1.2946898492906074,0.1471149951430632,0.9885029009532668,0.1253838855795717,0.2558783326414027,0.4823136825229336,0.1674467512348341,,-168.08026239766986,360.1605247953397,400.60818113287166
2026-06-01T20:17:05,13,19,1300193,"ARX(2,1)",True,True,0,-168.0767739579597,360.1535479159194,400.60120425345133,1.3662957471083812,0.0486051684953772,0.6894257557890816,0.1376887938926759,0.4509072266386063,1.2566094972353368,0.1497694466881934,0.9879102997531306,0.1276259888215663,0.2574734605438462,0.4784094111554158,0.1679302787362155,,-168.07677395794175,360.1535479158835,400.60120425341546
2026-06-01T20:31:39,13,20,1300203,"ARX(2,1)",True,True,0,-168.0874580508281,360.1749161016562,400.62257243918816,1.4787291200996917,0.0479045539732859,0.6789459255875615,0.1337589763472673,0.4636587905812135,1.295835067558488,0.1463992371076456,1.002222233456491,0.1280470258935191,0.2575413016829839,0.4796164823770726,0.1657133845604744,,-168.08745804968265,360.1749160993653,400.62257243689726
2026-06-01T20:39:46,13,21,1300213,"ARX(2,1)",True,True,0,-168.09089539454476,360.1817907890895,400.62944712662147,1.3550316234733182,0.0471244577512688,0.690404479355724,0.1288051988425055,0.4490837066136163,1.3736017988313975,0.1495849554471356,1.0166097607642604,0.1237039530941394,0.2572712496034019,0.4828383680377889,0.1653984071162978,,-168.09089539433364,360.1817907886673,400.6294471261992
2026-06-01T20:52:03,13,22,1300223,"ARX(2,1)",True,True,0,-168.07960520785917,360.15921041571835,400.6068667532503,1.3626337068408034,0.0515683881149673,0.691983263512326,0.1354399015675521,0.4469491115690155,1.2214492735191338,0.1491037888269313,0.9512996651903518,0.1276428046339733,0.2575122113093434,0.4807139570966585,0.1662203996293544,,-168.07960520831432,360.15921041662864,400.6068667541606
2026-06-01T21:05:43,13,23,1300233,"ARX(2,1)",True,True,0,-168.08397413949297,360.16794827898593,400.6156046165179,1.436489649161897,0.0522138824891486,0.6833677242953935,0.1359533837778923,0.4576938406620138,1.2247646423048153,0.1473247508888998,0.9540529062581152,0.1268349418503802,0.2585121740037582,0.4819565921382314,0.1638384674498365,,-168.0839741317629,360.1679482635258,400.6156046010577
2026-06-01T21:15:14,13,24,1300243,"ARX(2,1)",True,True,0,-168.07612081132322,360.15224162264644,400.5998979601784,1.3508620811377683,0.0490883871882205,0.692791943621779,0.1366389442212539,0.4456393182298804,1.2573349601259445,0.149469435358939,0.9841012514545008,0.126260709479757,0.2568276277179103,0.4809688570762891,0.1673281097213888,,-168.07612081127647,360.15224162255294,400.5998979600849
2026-06-01T21:27:32,13,25,1300253,"ARX(2,1)",True,True,0,-168.07626449522687,360.15252899045373,400.6001853279857,1.3778405694298457,0.0490580857834764,0.6901054714775164,0.1366073501343166,0.4491170481267686,1.2585081595013663,0.1487493498993929,0.9846458448697636,0.1268759058941045,0.2571687902637928,0.4800087651402471,0.167277281820711,,-168.0762644952345,360.152528990469,400.600185328001
2026-06-01T21:36:16,13,26,1300263,"ARX(2,1)",True,True,0,-168.08022169697688,360.16044339395376,400.6080997314857,1.424651901761897,0.0496590668768385,0.6856586559281965,0.1306738218980416,0.4539775865199933,1.2630381507648698,0.1474651828170753,0.9787704483207702,0.1272134811453246,0.2569189162688917,0.4812715860617226,0.1657593256370056,,-168.08022169703742,360.16044339407483,400.6080997316068
2026-06-01T21:53:52,13,27,1300273,"ARX(2,1)",True,True,0,-168.15127315155326,360.3025463031065,400.75020264063846,1.1209146702087305,0.0450333957131092,0.7161734403819603,0.1394666097755718,0.4188764227643535,1.326213448089531,0.1574270581470125,1.0697119986462962,0.1167504725079473,0.2550726250924091,0.489642566427501,0.1704138150910296,,-168.15127315157216,360.3025463031443,400.75020264067626
2026-06-01T22:03:47,13,28,1300283,"ARX(2,1)",True,True,0,-168.07990527744636,360.1598105548927,400.60746689242467,1.3245067593249835,0.0500943360634695,0.6956737405082974,0.1383445876510712,0.4419604867913566,1.2133731218321404,0.1504285653726109,0.969026081392816,0.1270501249654486,0.2568509411542186,0.4802690883301369,0.1679682114216749,,-168.07990527700673,360.15981055401346,400.6074668915454
2026-06-01T22:16:33,13,29,1300293,"ARX(2,1)",True,True,0,-168.0765959211029,360.1531918422058,400.60084817973774,1.3881649191181904,0.0488497716546564,0.6888415958899033,0.1361335604193139,0.4506360924021079,1.265857611981723,0.1485534939938852,0.9884839812564704,0.1267284149854255,0.2566137064235266,0.4813670216899046,0.1667002270940262,,-168.07659592107672,360.15319184215343,400.6008481796854
2026-06-01T22:23:06,13,30,1300303,"ARX(2,1)",True,True,0,-168.07889489686164,360.1577897937233,400.60544613125523,1.3294574584704946,0.0502334302300994,0.6944123344365679,0.1397095335126383,0.4434444945243124,1.2219971302097006,0.1503740067249257,0.969755440192184,0.1268265261209352,0.2565127592020987,0.4798540488105944,0.1682055423128499,,-168.07889478680806,360.1577895736161,400.6054459111481
2026-06-01T22:34:16,13,31,1300313,"ARX(2,1)",True,True,0,-168.081993033545,360.16398606709,400.61164240462193,1.4413802481574212,0.0492818975714746,0.6840326453380591,0.1396156027308672,0.4571960214060442,1.222864690692182,0.1471434445704635,0.974582269111931,0.1282548151633283,0.2553575813130044,0.4824590369149183,0.1665935633072975,,-168.08199303362582,360.16398606725164,400.6116424047836
2026-06-01T22:46:32,13,32,1300323,"ARX(2,1)",True,True,0,-168.07616234156148,360.15232468312297,400.5999810206549,1.3583968320279989,0.0489896552525901,0.6924434768485068,0.1373124197306615,0.4457169715770909,1.2633590095497953,0.1490700244312724,0.9840329440384928,0.1264091104361595,0.2568902479049126,0.479818187003953,0.1680143405743439,,-168.0761623415438,360.1523246830876,400.5999810206196
2026-06-01T22:57:01,13,33,1300333,"ARX(2,1)",True,True,0,-168.07718718749032,360.15437437498065,400.6020307125126,1.3405015804613294,0.0496708889274216,0.6933848695321809,0.137658851109243,0.4445872784990121,1.2377294740025802,0.1499725263893372,0.9739777364681584,0.1267895663764423,0.2558033396419933,0.4813898825796097,0.167766445362621,,-168.07718718658543,360.15437437317087,400.6020307107028
2026-06-01T23:12:05,13,34,1300343,"ARX(2,1)",True,True,0,-168.0765362134637,360.1530724269274,400.60072876445935,1.335596039544214,0.0486675947456147,0.6943613081652433,0.1368289540730922,0.4434181475346544,1.267342793198544,0.1498726809843778,0.9903825134227592,0.1258174649205017,0.256951312068069,0.4807466293412275,0.1676188681119524,,-168.0765362134502,360.1530724269004,400.6007287644324
2026-06-01T23:20:19,13,35,1300353,"ARX(2,1)",True,True,0,-168.07627136152652,360.15254272305305,400.600199060585,1.3604719436087562,0.048871206405954,0.6924299021552327,0.1372645600001031,0.4455210164189478,1.2530838715540094,0.1490497385267561,0.9878507503792404,0.1261036688709046,0.2562953816529355,0.4820063942651167,0.16717139605011,,-168.07627136155017,360.15254272310034,400.6001990606323
2026-06-01T23:38:58,13,36,1300363,"ARX(2,1)",True,True,0,-168.07991449321173,360.15982898642346,400.6074853239554,1.3625863437979713,0.0489148749001845,0.6882507332673304,0.1316844918217109,0.4512084187516504,1.3053496404904972,0.1501427148358257,0.992012253616065,0.1259054687460911,0.2585112196700793,0.4806364742691366,0.1654023352107797,,-168.0799144922414,360.15982898448283,400.6074853220148
2026-06-02T00:02:43,13,38,1300383,"ARX(2,1)",True,True,0,-168.0766348774069,360.1532697548138,400.60092609234573,1.377570198801725,0.0490163457600206,0.6905239405479564,0.1371809772825781,0.4481273671621783,1.2458673974959449,0.1487878233995967,0.9848893789749052,0.126825450172175,0.2557972745050005,0.4826762315107001,0.1667249112728844,,-168.0766348774034,360.1532697548068,400.60092609233874
2026-06-02T00:15:37,13,39,1300393,"ARX(2,1)",True,True,0,-168.07739103540746,360.1547820708149,400.60243840834687,1.3708720796524645,0.0476664734147899,0.6907449790476202,0.137617868664051,0.4478865119981808,1.28809377960167,0.1488789579476347,1.0070565238940017,0.126325962174635,0.2566453778458726,0.4799317556016261,0.1678667359773998,,-168.07739103557714,360.1547820711543,400.6024384086862
2026-06-02T00:21:30,13,40,1300403,"ARX(2,1)",True,True,0,-168.07665983078923,360.15331966157845,400.6009759991104,1.3730888657354108,0.0482353614786506,0.6903972834636136,0.1360906931117733,0.4484030003952202,1.281024088689948,0.1488618021691035,0.9983495929108764,0.126163339492854,0.2564463112870199,0.4812960861151045,0.1670968166538279,,-168.07665983086167,360.15331966172334,400.6009759992553
2026-06-01T16:33:25,14,3,1400033,"ARX(2,1)",True,True,0,-168.18890499455847,360.37780998911694,400.8254663266489,1.5811276359794482,0.0573024861598364,0.676846734147777,0.1486233438020953,0.464980209555367,1.0069814750096548,0.1435592892020443,0.8816003529411585,0.1343407763864079,0.2517918500027878,0.4833049917086289,0.1697116215252876,,-168.1889049900866,360.3778099801732,400.8254663177052
2026-06-01T16:51:20,14,4,1400043,"ARX(2,1)",True,True,0,-168.07641994511798,360.15283989023595,400.6004962277679,1.35816788388982,0.049258404020775,0.6915488665205427,0.136660371881101,0.447384634498808,1.2668823139572567,0.149344844322054,0.9814262563079512,0.1256048961425917,0.2568583961277872,0.4815087268444531,0.1673789847087001,,-168.07641994480844,360.15283988961687,400.6004962271488
2026-06-01T17:00:33,14,5,1400053,"ARX(2,1)",True,True,0,-168.07847998423324,360.1569599684665,400.60461630599843,1.3440285927368414,0.0499721205761093,0.692523838879334,0.137580266854299,0.4463366731602796,1.2189985866899304,0.1502035642192248,0.9678101725113902,0.1268359605979565,0.2569933825573299,0.482335781720089,0.1664209265657035,,-168.07847998187782,360.15695996375564,400.6046163012876
2026-06-01T17:16:03,14,6,1400063,"ARX(2,1)",True,True,0,-168.0769321665063,360.1538643330126,400.6015206705446,1.3557112393681616,0.0483772090549153,0.6924959457505834,0.1377383670457264,0.4454241479010956,1.276875229109463,0.1492659501657798,0.9981060292824572,0.1260349712982651,0.2578082753878001,0.4810356532011068,0.166308582338924,,-168.0769321664714,360.1538643329428,400.6015206704748
2026-06-01T17:26:05,14,7,1400073,"ARX(2,1)",True,True,0,-168.07603606245638,360.15207212491276,400.5997284624447,1.3639253011872243,0.0489882352894393,0.6914382429080569,0.1365309667413129,0.4474511862118576,1.2587764748754446,0.1491568713125508,0.9856009178575784,0.1266650219763277,0.2567885994824185,0.4808415825655824,0.1671267094314129,,-168.07603606241778,360.1520721248356,400.5997284623675
2026-06-01T17:36:30,14,8,1400083,"ARX(2,1)",True,True,0,-168.08273876016625,360.1654775203325,400.61313385786445,1.4519498242277715,0.0500551436427518,0.6812903024740604,0.1365745691733901,0.4601546078423832,1.2322862966435224,0.147376848006331,0.9680389489039836,0.1286327440917357,0.2579922664195581,0.480558436863512,0.1646952538813811,,-168.08273879737925,360.1654775947585,400.61313393229045
2026-06-01T17:51:46,14,9,1400093,"ARX(2,1)",True,True,0,-168.07608436338893,360.15216872677786,400.5998250643098,1.3544090238490774,0.0491005514438771,0.692507521746002,0.1365145655258616,0.4457766455740028,1.2575931278765424,0.1493584151231659,0.98352932588013,0.1263033994602439,0.2566133706486809,0.4811960548867994,0.1673202502600263,,-168.07608436338074,360.1521687267615,400.59982506429344
2026-06-01T18:00:38,14,10,1400103,"ARX(2,1)",True,True,0,-168.1014035439777,360.2028070879554,400.6504634254874,1.3513262990310992,0.0546100660592227,0.6921224881890832,0.1313704937528987,0.4467341927261258,1.22691857266351,0.1493185207805354,0.9011277491201924,0.1261656082899995,0.2576472331203241,0.4813685629583892,0.1662650507495608,,-168.10140353794347,360.20280707588694,400.6504634134189
2026-06-01T18:12:25,14,11,1400113,"ARX(2,1)",True,True,0,-168.0766540158923,360.1533080317846,400.60096436931656,1.3814988123238667,0.048793347261256,0.6899540531459425,0.1354763823611412,0.4488510913401067,1.2743582531032105,0.1484668405934373,0.9882589942044552,0.126242235772938,0.2562188205610227,0.4819221641876176,0.1669416987234092,,-168.07665401590418,360.1533080318084,400.6009643693403
2026-06-01T18:25:35,14,12,1400123,"ARX(2,1)",True,True,0,-168.0761722657909,360.1523445315818,400.6000008691137,1.348827029904291,0.0490005397763436,0.693215371465325,0.1367249972339974,0.4447563664801293,1.2587891138496814,0.149440668423488,0.9855991246994824,0.1259676944925935,0.2569306522746807,0.48092974046911,0.1673989639024838,,-168.07617226580527,360.15234453161054,400.6000008691425
2026-06-01T18:38:05,14,13,1400133,"ARX(2,1)",True,True,0,-168.08212750047372,360.16425500094743,400.6119113384794,1.4170044280058016,0.047117530281314,0.6869754261734184,0.1344108081590496,0.4512891633372788,1.3142606470879583,0.1475149990886055,1.0177893822777628,0.1265534172738567,0.2565492924332442,0.480397970973536,0.1669842686602704,,-168.082127500474,360.164255000948,400.61191133848
2026-06-01T18:49:32,14,14,1400143,"ARX(2,1)",True,True,0,-168.0914480834216,360.1828961668432,400.63055250437515,1.281153929357832,0.0514337060976012,0.6999381514693276,0.1408177266474412,0.4383585265624732,1.172451800236768,0.151446853439541,0.9447486403466806,0.1264815046840653,0.2564834337518789,0.4815468922511733,0.1682754450970982,,-168.09144808437256,360.1828961687451,400.630552506277
2026-06-01T19:00:56,14,15,1400153,"ARX(2,1)",True,True,0,-168.0775832653632,360.1551665307264,400.60282286825833,1.4059500513976098,0.0487246136684778,0.6872142840197448,0.1367935935447952,0.4526857207678212,1.2553563974448252,0.1481148493951057,0.9884572395776632,0.127278511514815,0.2559008120164094,0.4821042749427578,0.1664834531572772,,-168.0775832650868,360.1551665301736,400.6028228677055
2026-06-01T19:12:42,14,16,1400163,"ARX(2,1)",True,True,0,-168.0821785784919,360.1643571569838,400.61201349451574,1.304503640333207,0.0485300098665544,0.6968581217794821,0.1319339496057938,0.4395680206055054,1.3127502111286942,0.1507990876183089,0.9956469484338408,0.1247085135494805,0.2588853229816642,0.4782060945262131,0.1684426261366912,,-168.08217857846495,360.1643571569299,400.61201349446185
2026-06-01T19:25:14,14,17,1400173,"ARX(2,1)",True,True,0,-168.07608598323546,360.1521719664709,400.59982830400287,1.3591392532078057,0.0491594527218066,0.6917873517197891,0.1370101113755918,0.4469872309871712,1.255667426663571,0.1492618650406747,0.9815688487378018,0.1264450122794974,0.2567751077693326,0.4808460458647121,0.1673520994024157,,-168.07608568083882,360.15217136167763,400.5998276992096
2026-06-01T19:39:23,14,18,1400183,"ARX(2,1)",True,True,0,-168.0765414178489,360.1530828356978,400.6007391732297,1.3497932815660023,0.049531159455241,0.6932016664460127,0.1369713486986007,0.4449458759559986,1.243315139453725,0.1494625981660502,0.9762715127891648,0.1265796522074396,0.2566974462929431,0.4810187433663219,0.16744003433785,,-168.07654141783337,360.15308283566674,400.6007391731987
2026-06-01T19:55:07,14,19,1400193,"ARX(2,1)",True,True,0,-168.07603730592737,360.15207461185474,400.5997309493867,1.3637476061396898,0.0489804686470514,0.6913904698257479,0.1363369248711415,0.447341602818014,1.2603209835704838,0.1491483325672707,0.9845099296127006,0.1264189878184432,0.2567022122096103,0.4811167244179957,0.1672180430870361,,-168.07603730641847,360.15207461283694,400.5997309503689
2026-06-01T20:04:04,14,20,1400203,"ARX(2,1)",True,True,0,-168.08644492388703,360.17288984777406,400.620546185306,1.256233784718382,0.0475889349308855,0.702120060948812,0.1395445604543062,0.4352655268301732,1.273277875513805,0.1526322233507115,1.0048322584894844,0.1242135132490052,0.2566497900369336,0.4826820471621002,0.1678495544688372,,-168.08644492384266,360.1728898476853,400.6205461852173
2026-06-01T20:09:18,14,21,1400213,"ARX(2,1)",True,True,0,-168.08374604059958,360.16749208119916,400.6151484187311,1.4521936178721755,0.0478067236114918,0.6819333307666386,0.1370461006751972,0.460853158380136,1.2926316236271893,0.146866864773575,1.001666660643922,0.1272854798932984,0.2568797334770574,0.4804840669749829,0.1660913386721639,,-168.08374603830055,360.1674920766011,400.61514841413305
2026-06-01T20:21:37,14,22,1400223,"ARX(2,1)",True,True,0,-168.07606144059366,360.1521228811873,400.5997792187193,1.367532840398276,0.0490507017825329,0.6910042026001892,0.1367628397148221,0.4477853292113745,1.258744292590813,0.1490626638801857,0.9844417534336634,0.1266171916155289,0.2565080484215742,0.481215702343757,0.1670616477105748,,-168.07606144057394,360.1521228811479,400.5997792186798
2026-06-01T20:36:28,14,23,1400233,"ARX(2,1)",True,True,0,-168.10019993560394,360.2003998712079,400.64805620873983,1.54454552706564,0.047639130904043,0.6755038216972293,0.1373513265589207,0.4629690094396917,1.2773709103104365,0.1444167505743038,1.0063641376529775,0.1298056049068462,0.2547677266146454,0.4806682499984541,0.1658461319015343,,-168.10019993567465,360.2003998713493,400.64805620888126
2026-06-01T20:52:41,14,24,1400243,"ARX(2,1)",True,True,0,-168.08739281280975,360.1747856256195,400.62244196315146,1.4502839319788778,0.0470749496062331,0.6826252904854248,0.1346874603616667,0.458253253147477,1.3274866230501667,0.1467731580437592,1.0219735477109475,0.1269770064679516,0.2561828911684147,0.4809146117534436,0.1661191648555823,,-168.08739281004483,360.17478562008966,400.6224419576216
2026-06-01T21:09:39,14,25,1400253,"ARX(2,1)",True,True,0,-168.07629079760915,360.1525815952183,400.60023793275025,1.375992662565815,0.0486811256348102,0.6898973351364668,0.1370375634717396,0.4496081700244037,1.264422563709366,0.1488843248048284,0.9864553034743008,0.1269795430605582,0.2571264046495996,0.4797218885942739,0.1673710609704974,,-168.076290797554,360.152581595108,400.60023793264
2026-06-01T21:30:18,14,26,1400263,"ARX(2,1)",True,True,0,-168.10667870488865,360.2133574097773,400.66101374730925,1.4380240831166116,0.0543653005941525,0.6793063413699097,0.1342190502566959,0.4642148949934243,1.1209150824437668,0.1496376756798837,0.916608010134068,0.1329298268164317,0.260094142894567,0.4792377622998962,0.1622571023051419,,-168.10667870411189,360.21335740822377,400.6610137457557
2026-06-01T21:40:30,14,27,1400273,"ARX(2,1)",True,True,0,-168.0801097073538,360.1602194147076,400.6078757522396,1.428785836714158,0.0494716613666403,0.6849809831861488,0.1379593154148108,0.4555505881640651,1.2288499953107104,0.1476929762487513,0.9769824721730692,0.1285305079421081,0.2560411949072578,0.4812519052181397,0.1663849366583835,,-168.0801097073426,360.16021941468523,400.6078757522172
2026-06-01T21:46:04,14,28,1400283,"ARX(2,1)",True,True,0,-168.08325265340164,360.1665053068033,400.61416164433524,1.349849807759882,0.051140119089712,0.6933454181483134,0.1412703220840176,0.4457710023153463,1.1879296188659885,0.1495186137952576,0.9464635884340288,0.1268348857058346,0.255968926190288,0.4837729147794836,0.1665806426636267,,-168.08325264163176,360.1665052832635,400.6141616207954
2026-06-01T22:05:32,14,29,1400293,"ARX(2,1)",True,True,0,-168.11002177575733,360.22004355151466,400.6676998890466,1.28648002905515,0.0485815013350376,0.7009658326420749,0.1466784961213565,0.4342737567074781,1.1752372951827263,0.1519640666235973,1.0197278639017926,0.1255071149316536,0.257755953691705,0.4848894963473123,0.1655074339208367,,-168.11002177484977,360.22004354969954,400.6676998872315
2026-06-01T22:15:58,14,30,1400303,"ARX(2,1)",True,True,0,-168.0786126050587,360.1572252101174,400.60488154764937,1.3802435958187504,0.0485868620686848,0.6894969012268393,0.1342443367357354,0.4495323977092329,1.3015836094381346,0.1485085198202243,0.9919433637261196,0.126332255069163,0.2571143362894451,0.4790418309325142,0.1678477312731575,,-168.0786126050251,360.1572252100502,400.6048815475822
2026-06-01T22:32:39,14,31,1400313,"ARX(2,1)",True,True,0,-168.07602012046272,360.15204024092543,400.5996965784574,1.3627622289517285,0.0489327239512558,0.6914067973548701,0.1368044725111357,0.447338123127299,1.2610743933686612,0.1491984887863068,0.985926889914758,0.1264479339103811,0.256728820139916,0.4808364445310866,0.1672902709718205,,-168.07602012043986,360.1520402408797,400.5996965784117
2026-06-01T22:46:02,14,32,1400323,"ARX(2,1)",True,True,0,-168.07619144842997,360.15238289685993,400.6000392343919,1.3526613402369627,0.0490663704103893,0.6929416801367841,0.1364676739533032,0.4449318328975885,1.2626921527923527,0.1492935642691884,0.9827136093734882,0.1260116445553556,0.2569252494325046,0.4809733105895885,0.1673466539647513,,-168.0761914484271,360.1523828968542,400.6000392343861
2026-06-01T22:55:09,14,33,1400333,"ARX(2,1)",True,True,0,-168.08209429523484,360.1641885904697,400.61184492800163,1.440178225876174,0.0493934613018192,0.6828980640950072,0.1405807454359066,0.4589027360337002,1.223991866468107,0.1475139071570238,0.978205349228198,0.1280483419542719,0.2552784699923057,0.4824772817080855,0.1663915201441711,,-168.08209429522327,360.16418859044654,400.6118449279785
2026-06-01T23:02:56,14,34,1400343,"ARX(2,1)",True,True,0,-168.0762848236002,360.1525696472004,400.60022598473233,1.358594895867596,0.048543847630338,0.6928714129192972,0.135828325107496,0.4453767174266195,1.267035619470991,0.1490323326708323,0.9911827265088196,0.126701633795689,0.2573550188516421,0.4795546595869475,0.1677704687462571,,-168.07628482349872,360.15256964699745,400.6002259845294
2026-06-01T23:12:44,14,35,1400353,"ARX(2,1)",True,True,0,-168.07605339620392,360.15210679240784,400.5997631299398,1.365335516528066,0.0489442170121913,0.6911018928671803,0.1370822057321951,0.4480714227880666,1.2577664422501955,0.1491485550803508,0.9854158431865444,0.1265268088452824,0.2566651631407609,0.4810727897327498,0.1671942763257018,,-168.07605339613497,360.15210679226993,400.5997631298019
2026-06-01T23:22:57,14,36,1400363,"ARX(2,1)",True,True,0,-168.07613196901337,360.15226393802675,400.5999202755587,1.3704415112243946,0.049252240990911,0.6904658530367448,0.1362472481735024,0.4486957989600914,1.255532068031741,0.1490692832934025,0.9817128090585008,0.1267515004355989,0.2567148740419405,0.4811283329459486,0.1668986866971591,,-168.07613196898876,360.1522639379775,400.5999202755095
2026-06-01T23:42:03,14,37,1400373,"ARX(2,1)",True,True,0,-168.17196347672768,360.34392695345537,400.7915832909873,1.675140613021006,0.0575925449269074,0.6562518644910753,0.1359901445855509,0.4977999523017951,1.0885719572152766,0.1435399308788098,0.8766859269409985,0.1352775362605567,0.2511500648720997,0.4877503009303608,0.1615413394119138,,-168.17196345896735,360.3439269179347,400.79158325546666
2026-06-01T23:52:25,14,38,1400383,"ARX(2,1)",True,True,0,-168.16911555101194,360.3382311020239,400.78588743955584,1.7027686865042568,0.0493485780184604,0.6600184134146686,0.1159473479313116,0.493714857314788,1.3602343139589317,0.141186202567983,0.993788902049121,0.129047427647372,0.2548369818408304,0.4877141199414199,0.1613581118590489,,-168.1691155510078,360.3382311020156,400.78588743954754
2026-06-02T00:03:14,14,39,1400393,"ARX(2,1)",True,True,0,-168.07612762375572,360.15225524751145,400.5999115850434,1.3581402628081796,0.0491278418499033,0.6920671477828559,0.1361727476321023,0.44641871473249,1.2643545681011583,0.1492342330588366,0.9830943189310716,0.1264119202832923,0.2571062759922811,0.4802609003309667,0.1674176488510749,,-168.07612765192798,360.15225530385595,400.5999116413879
2026-06-02T00:13:39,14,40,1400403,"ARX(2,1)",True,True,0,-168.07617934603905,360.1523586920781,400.60001502961006,1.371447291024699,0.0486990111544528,0.6906398689763708,0.1362109703942113,0.4484143033688533,1.268265024733043,0.1489541861574294,0.9890189976187792,0.1265538222113458,0.2565927887077047,0.4811306160455043,0.167167126976768,,-168.0761793460236,360.1523586920472,400.6000150295792
2026-06-01T16:43:37,15,3,1500033,"ARX(2,1)",True,True,0,-170.6086270937433,365.2172541874866,405.66491052501857,7.783038008088174,0.0431524027868954,0.5380111638534295,0.141304826215899,0.6705015648641308,0.8451406580445682,0.0821518433715012,0.7288163870391252,0.1309784357727175,0.2338850975953812,0.5421862487182372,0.146504695267389,,-170.60862707409746,365.2172541481949,405.66491048572686
2026-06-01T17:20:15,15,4,1500043,"ARX(2,1)",True,True,0,-168.07616692887385,360.1523338577477,400.59999019527964,1.3506269032656593,0.0491603927031425,0.6926251259270145,0.136838773968949,0.4458287813801211,1.2547668648569092,0.1495201416675367,0.9835770903534709,0.1261729170900017,0.2565720666617677,0.4815534833591965,0.1671829813708451,,-168.07616692883437,360.15233385766874,400.5999901952007
2026-06-01T17:33:10,15,5,1500053,"ARX(2,1)",True,True,0,-168.07729299656432,360.15458599312865,400.6022423306606,1.3227835726081778,0.0490630064679439,0.6960953077583075,0.1373805519419008,0.4406118484976999,1.258534838952598,0.1501270942373173,0.9828943474999858,0.1260543092397077,0.2570755221453915,0.4797589302054103,0.1683009800911233,,-168.0772929960692,360.1545859921384,400.60224232967033
2026-06-01T17:42:30,15,6,1500063,"ARX(2,1)",True,True,0,-168.11164124881157,360.22328249762313,400.6709388351551,1.5965684232073865,0.04923881282251,0.6739407466273067,0.1333752454601398,0.4675820153415372,1.2576903335979166,0.1420599690448128,0.9860501571701744,0.1302961538404683,0.2546525766270842,0.4792635487865649,0.1673119515422377,,-168.11164124136383,360.22328248272765,400.6709388202596
2026-06-01T17:48:44,15,7,1500073,"ARX(2,1)",True,True,0,-168.14542444786053,360.29084889572107,400.738505233253,1.2508581379077055,0.0423874469400189,0.7080584646834786,0.1372246591365292,0.4225353783259835,1.4150393992987007,0.1502935699946982,1.1380780860480308,0.1177723983343366,0.257092450750025,0.4922957861444134,0.1631008119753819,,-168.14542444786326,360.2908488957265,400.7385052332585
2026-06-01T17:57:00,15,8,1500083,"ARX(2,1)",True,True,0,-168.15898298764984,360.31796597529967,400.7656223128316,1.6095227803679482,0.0439128580888089,0.672402495766531,0.127776453001148,0.4658119189117201,1.4490008736799314,0.1416223052650276,1.086422044807103,0.1276410024320154,0.2550708492503922,0.4776182833135254,0.1671595229016492,,-168.15898298781536,360.3179659756307,400.7656223131627
2026-06-01T18:11:17,15,9,1500093,"ARX(2,1)",True,True,0,-168.07673337484255,360.1534667496851,400.60112308721705,1.3483518049097991,0.0494379228742288,0.692214072673364,0.1381119682839017,0.4471520316270232,1.2428155476144738,0.1499079611389463,0.9806332755274012,0.1262523595846588,0.2562065639015147,0.4826855362529446,0.166798605590287,,-168.0767333747815,360.153466749563,400.60112308709495
2026-06-01T18:19:16,15,10,1500103,"ARX(2,1)",True,True,0,-168.37897606344927,360.75795212689854,401.2056084644305,2.082341512674132,0.0432724834603717,0.6314721896054095,0.1230450260350892,0.5141417903370185,1.494793842715995,0.1334218066452653,1.0986389900595577,0.1309496174984729,0.2531003399083255,0.4855451408104352,0.1588943054137165,,-168.3789760237375,360.757952047475,401.2056083850069
2026-06-01T18:28:20,15,11,1500113,"ARX(2,1)",True,True,0,-168.18687408410727,360.37374816821455,400.8214045057465,1.4790965808296428,0.0624850370101876,0.6760410823709507,0.1307908377137535,0.4730765574002158,1.000544215762345,0.1475979751511701,0.8500341674763026,0.1322040951415271,0.2513398244190264,0.4916162325725307,0.1624650084150738,,-168.1868740932983,360.3737481865966,400.8214045241285
2026-06-01T18:46:56,15,12,1500123,"ARX(2,1)",True,True,0,-168.0760542021115,360.152108404223,400.59976474175494,1.3584673141784915,0.0490732915229542,0.6921690487682485,0.1367475539942293,0.4463232780924875,1.260081166053626,0.1492001270584584,0.9836830414970472,0.1263279997136659,0.2569475444256189,0.4805651356398961,0.167478679133813,,-168.07605420211408,360.15210840422816,400.5997647417601
2026-06-01T18:56:45,15,13,1500133,"ARX(2,1)",True,True,0,-168.07679228375443,360.15358456750886,400.6012409050408,1.388998189578217,0.0485574720310871,0.6889098586941074,0.1373013093759629,0.4502963538253264,1.2661860813433128,0.1484293864470219,0.9925808330880656,0.1271001717223716,0.2565824083080764,0.479785980514739,0.1675396482079258,,-168.07679228369585,360.1535845673917,400.60124090492366
2026-06-01T19:11:29,15,14,1500143,"ARX(2,1)",True,True,0,-168.07779363476624,360.1555872695325,400.6032436070644,1.316540030617566,0.0483790243601922,0.6960540611961045,0.1383281713207774,0.4415365337932136,1.265306888529356,0.150540012306949,0.9957432744808824,0.1255544567176961,0.2563362554158727,0.4813656090732307,0.1679598656020178,,-168.07779363497693,360.15558726995386,400.6032436074858
2026-06-01T19:21:47,15,15,1500153,"ARX(2,1)",True,True,0,-168.07604813188797,360.15209626377595,400.5997526013079,1.3615644090038947,0.0488219382944915,0.6914697407211273,0.1364681724954307,0.4471889441409417,1.2618305100710523,0.1492755896138096,0.9887327699659652,0.1265557343174989,0.2566801597880247,0.4809224232927204,0.167173433632826,,-168.07604813188448,360.1520962637689,400.5997526013009
2026-06-01T19:27:36,15,16,1500163,"ARX(2,1)",True,True,0,-168.07609495958332,360.15218991916663,400.5998462566986,1.362909983636502,0.0488833853848095,0.6912086104196922,0.1359223567663927,0.4476724687336739,1.2677076233240414,0.1492513870272325,0.9869406345349232,0.1264891711519808,0.2569541348580249,0.4806292678537492,0.1671568797497598,,-168.07609495961327,360.15218991922654,400.5998462567585
2026-06-01T19:40:59,15,17,1500173,"ARX(2,1)",True,True,0,-168.70213796813653,361.40427593627305,401.851932273805,2.7969202629123693,0.0449179966043277,0.610099734717778,0.1234456140101901,0.5455035139647014,1.3733714239319974,0.1190133268493457,1.0703416838352686,0.1328114716230036,0.2512431736835324,0.4923746516938622,0.1568009455848793,,-168.70213796474087,361.40427592948174,401.8519322670137
2026-06-01T19:49:31,15,18,1500183,"ARX(2,1)",True,True,0,-168.09718310060725,360.1943662012145,400.64202253874646,1.5052506268248924,0.0492599814908604,0.6714329142242733,0.13230211412651,0.4759357685645274,1.2665152316578348,0.1475469052783505,0.9803149800880692,0.1318415684127422,0.2523950340732175,0.4861900400867687,0.1631244821509886,,-168.09718310064846,360.19436620129693,400.6420225388289
2026-06-01T20:00:14,15,19,1500193,"ARX(2,1)",True,True,0,-168.07630640231855,360.1526128046371,400.60026914216905,1.3513116197874862,0.0489675772921739,0.6936316625452832,0.1369374631504787,0.4434293882747294,1.2653093853877138,0.149136761030617,0.9866541352626844,0.1259056865009174,0.2568534179382001,0.481312486264726,0.1671667704910289,,-168.0763064026259,360.1526128052518,400.60026914278376
2026-06-01T20:17:34,15,20,1500203,"ARX(2,1)",True,True,0,-168.07762780501827,360.15525561003653,400.6029119475685,1.4060499017075518,0.0490862812553378,0.6877346622388325,0.1356464355349019,0.4516375753369652,1.250538189745442,0.1480183730202667,0.9829915970176208,0.1276332295006289,0.2570343632191998,0.4808824772399248,0.1661998781291203,,-168.07762780516333,360.15525561032666,400.6029119478586
2026-06-01T20:25:39,15,21,1500213,"ARX(2,1)",True,True,0,-168.0831785901421,360.1663571802842,400.61401351781615,1.2721632932359326,0.0476303249787786,0.7015950436700288,0.1379103334982544,0.4333497121593593,1.2907537231907718,0.1513641702152971,1.0047541274879952,0.1241881749621354,0.2576921388895649,0.4800339223560241,0.1684490104201981,,-168.08317858593483,360.16635717186966,400.6140135094016
2026-06-01T20:33:39,15,22,1500223,"ARX(2,1)",True,True,0,-168.08081479591797,360.16162959183595,400.6092859293679,1.3881455485082408,0.0465495526915247,0.6886359059939712,0.1372885237708197,0.4494566135583464,1.315000404727906,0.148650605856233,1.021451396787919,0.126646205854582,0.2555571743323394,0.4804100737870709,0.16769781681151,,-168.08081479592582,360.16162959185164,400.6092859293836
2026-06-01T20:49:46,15,24,1500243,"ARX(2,1)",True,True,0,-168.07624125068708,360.15248250137415,400.6001388389061,1.3559653351717753,0.0492008974412922,0.6913621882712786,0.1374185347948203,0.4474962557030874,1.2528298811280636,0.1495488667867231,0.9831612971853494,0.1264093328510524,0.2570701795204351,0.4802769139393271,0.1673349711199652,,-168.07624125067866,360.1524825013573,400.6001388388893
2026-06-01T20:57:36,15,25,1500253,"ARX(2,1)",True,True,0,-168.07620917308637,360.15241834617274,400.6000746837047,1.3518038309525289,0.0485351367469472,0.6926570821816296,0.1364694420758102,0.4456073872418646,1.2719461217378405,0.1494210414824606,0.9927170928678506,0.1260591817185658,0.2568618959547364,0.4806935147107239,0.1674707649325697,,-168.07620917310436,360.1524183462087,400.6000746837407
2026-06-01T21:28:52,15,27,1500273,"ARX(2,1)",True,True,0,-168.08195736141857,360.16391472283715,400.6115710603691,1.3676410651473605,0.0508392767717724,0.6933108667720664,0.1378343228723811,0.4415539767402792,1.2179094048446393,0.1484788721418212,0.9532996230428312,0.1289385330776404,0.257965836914643,0.4742312218349778,0.1699730412199488,,-168.08195735840582,360.16391471681163,400.6115710543436
2026-06-01T21:44:48,15,28,1500283,"ARX(2,1)",True,True,0,-168.08424667002913,360.16849334005826,400.6161496775902,1.453218173746565,0.0501998527188744,0.6814811756405361,0.1408100801100458,0.4608464835945997,1.2152215979316578,0.1472004464962921,0.9628394508017848,0.1288033907436196,0.2554471550509719,0.4814998917121178,0.1663628015939645,,-168.0842466700195,360.168493340039,400.61614967757095
2026-06-01T21:51:44,15,29,1500293,"ARX(2,1)",True,True,0,-168.08264588101193,360.16529176202386,400.6129480995558,1.2806253718672271,0.0489866562908815,0.7014311871457267,0.1345822821546353,0.4343251539150571,1.2653948861009456,0.1504229592854374,0.9812915295836846,0.12423281497045,0.2562896642541886,0.4820231943081257,0.1680390074946353,,-168.08264588020052,360.16529176040103,400.612948097933
2026-06-01T22:08:30,15,30,1500303,"ARX(2,1)",True,True,0,-168.07807580684675,360.1561516136935,400.60380795122546,1.3547234911662225,0.0497620293879719,0.6897165332700106,0.1358297442417097,0.4515355459861429,1.2349702085182377,0.1503931943153195,0.9694145746716112,0.1282136727933032,0.2579908328079918,0.480115008936935,0.1656949011275205,,-168.07807580885705,360.1561516177141,400.60380795524605
2026-06-01T22:25:17,15,31,1500313,"ARX(2,1)",True,True,0,-168.0762516593552,360.1525033187104,400.60015965624234,1.371625568341955,0.0493384523039593,0.6910232757934291,0.1367580793957703,0.4473124540754429,1.2538126678763084,0.1487857589489233,0.9800690007118236,0.1266607719486683,0.2564384897012612,0.4814976125053075,0.1669990011668333,,-168.07625165924475,360.1525033184895,400.6001596560215
2026-06-01T22:43:21,15,32,1500323,"ARX(2,1)",True,True,0,-168.07626345185722,360.15252690371443,400.6001832412464,1.360748158168665,0.0483494638449576,0.691661964500462,0.1369710356708094,0.4474702081631835,1.264787517975213,0.1492815969773995,0.9942835322210284,0.1263292604605967,0.2564904187865202,0.4817207951794479,0.1669141209096136,,-168.07626345328424,360.1525269065685,400.6001832441005
2026-06-01T22:55:53,15,33,1500333,"ARX(2,1)",True,True,0,-168.1088827172986,360.2177654345972,400.66542177212915,1.2309069813939253,0.0431619677586173,0.7051519146498626,0.1341934387087283,0.431228170927938,1.3606167850979511,0.1522263491062764,1.036090164884086,0.1201823276043658,0.2539520244535549,0.4884890106784779,0.1675906354119646,,-168.10888271763463,360.21776543526926,400.6654217728012
2026-06-01T23:09:20,15,34,1500343,"ARX(2,1)",True,True,0,-168.08253177604286,360.1650635520857,400.61271988961767,1.376473295698592,0.0467946892791161,0.6887923594110364,0.1413543557766529,0.4521326346256912,1.308354140580915,0.1487826513825367,1.0234119489929063,0.1251406896257267,0.2547088273222052,0.480269854534693,0.1688442742479358,,-168.0825317757571,360.1650635515142,400.61271988904616
2026-06-01T23:20:48,15,35,1500353,"ARX(2,1)",True,True,0,-168.0761067555467,360.1522135110934,400.59986984862536,1.3584764210712863,0.048958512221234,0.6918925123507561,0.1364768419594728,0.4469483988359435,1.2671107614748922,0.1492352379212267,0.9860049829436875,0.1262288736374734,0.2568222169272958,0.4805106078625961,0.1675156259361651,,-168.0761067555145,360.152213511029,400.59986984856096
2026-06-01T23:53:50,15,37,1500373,"ARX(2,1)",True,True,0,-168.08792011620199,360.17584023240397,400.6234965699359,1.266812090615718,0.0463435329148264,0.703289100218048,0.1395353057707499,0.4312403124136146,1.2974613994818098,0.1512780334193582,1.0328478814802948,0.12366152312236,0.2562952233661448,0.481401123644563,0.1693292476334488,,-168.08792011579456,360.1758402315891,400.6234965691211
2026-06-02T00:15:07,15,38,1500383,"ARX(2,1)",True,True,0,-168.07644036626618,360.15288073253237,400.6005370700643,1.34327486613017,0.0492027297372477,0.6937093890870811,0.1363430434023541,0.4447048865492272,1.258319802389564,0.1494829935608976,0.9803629574048842,0.126291297907799,0.2568619875153531,0.480780096070288,0.1674749853000449,,-168.07644036608602,360.15288073217204,400.600537069704
2026-06-02T00:23:08,15,39,1500393,"ARX(2,1)",True,True,0,-168.07635831137674,360.1527166227535,400.6003729602854,1.3580401479347322,0.0483184778004847,0.6919362184840973,0.1362479713415062,0.4467044925065985,1.273492007701876,0.1493092636699227,0.997443955927354,0.126149363409949,0.2566439438434002,0.4811506197052261,0.1672127877105727,,-168.07635831137958,360.1527166227592,400.6003729602911
2026-06-02T00:36:58,15,40,1500403,"ARX(2,1)",True,True,0,-168.0762631625201,360.1525263250402,400.60018266257214,1.3450096738740178,0.0488057292614356,0.6935514691566325,0.1363176196034606,0.4441266509987122,1.2658277131670876,0.1495962578018421,0.9876030921236204,0.1263376412132329,0.2570110353193274,0.4801533259488393,0.1676522571413563,,-168.0762631625467,360.1525263250934,400.6001826626253
2026-06-01T16:31:48,16,2,1600023,"ARX(2,1)",True,True,0,-168.082739631005,360.16547926201,400.613135599542,1.2735466256211196,0.0484911752491395,0.7018764591283939,0.1374957396422859,0.4328974505873942,1.2657286248230448,0.1513513711591662,0.9986778298000654,0.1243048484620262,0.2580417417400945,0.4804618691643651,0.1682357940184642,,-168.0827396143596,360.1654792287192,400.6131355662512
2026-06-01T16:44:23,16,3,1600033,"ARX(2,1)",True,True,0,-168.07679805833547,360.15359611667094,400.6012524542029,1.3364206645311316,0.0495856920364184,0.6941397882306521,0.1359502461860847,0.4440965612618028,1.250951281369845,0.1498496005948925,0.9769569623065284,0.126061084784291,0.25704622806574,0.4813547827005472,0.167086922925633,,-168.07679805834013,360.15359611668026,400.6012524542122
2026-06-01T16:54:49,16,4,1600043,"ARX(2,1)",True,True,0,-168.0773439729064,360.1546879458128,400.60234428334473,1.3218915554652495,0.0484964449742633,0.6961960558696993,0.1369281875180129,0.4408475618821452,1.272013771380959,0.1501341262281607,0.9937563591011253,0.1255617264932226,0.2571837635590095,0.4797862469050831,0.1684202937561507,,-168.07734397375117,360.15468794750234,400.6023442850343
2026-06-01T17:10:37,16,5,1600053,"ARX(2,1)",True,True,0,-168.07646421259258,360.15292842518517,400.6005847627171,1.3644525859728869,0.0481575249204042,0.6911170066359328,0.1367740883160179,0.4474391998261716,1.2757887679381166,0.1492094148449097,0.9988216044295816,0.1262865542123047,0.2562924733920083,0.4813188225900701,0.1672279754207146,,-168.07646421260912,360.15292842521825,400.6005847627502
2026-06-01T17:18:46,16,6,1600063,"ARX(2,1)",True,True,0,-168.70475455095976,361.4095091019195,401.8571654394515,2.8213566701973645,0.0487405050087688,0.6152294237925706,0.1328592496243672,0.5414400762567302,1.1899520539861737,0.1177792046127602,1.0010859859506056,0.1301875951789553,0.2497012818740991,0.5027044766524903,0.1545919266779011,,-168.70475454268745,361.4095090853749,401.85716542290686
2026-06-01T17:31:45,16,7,1600073,"ARX(2,1)",True,True,0,-168.18631352670974,360.3726270534195,400.82028339095143,1.6448732235038048,0.0493829113895497,0.6456313105811134,0.15359186983445,0.521031625876664,1.1640574717711802,0.1468510653004179,0.9426353163374802,0.1348071196150694,0.2439166636298171,0.4932496365507021,0.1597418798073848,,-168.1863135170471,360.3726270340942,400.82028337162615
2026-06-01T17:52:53,16,9,1600093,"ARX(2,1)",True,True,0,-168.07619968474637,360.15239936949274,400.6000557070247,1.3741118184290446,0.0487158162618724,0.6906515246593357,0.1367790718580943,0.448153617909609,1.265008268947422,0.1487838322647861,0.9901336327506824,0.1265782377508731,0.2567769979311234,0.4806482095650437,0.1672782677488387,,-168.07619968498207,360.15239936996414,400.6000557074961
2026-06-01T18:03:57,16,10,1600103,"ARX(2,1)",True,True,0,-168.07674592850935,360.1534918570187,400.60114819455066,1.3696417101959597,0.0484216916319607,0.6914681204396406,0.1382418360359796,0.4465798856978683,1.260762557773408,0.1490324039371542,0.9976364031188644,0.126890790858684,0.2562115704238029,0.480835487068897,0.1674774651456929,,-168.07674592831842,360.15349185663683,400.6011481941688
2026-06-01T18:25:43,16,12,1600123,"ARX(2,1)",True,True,0,-168.07603038163603,360.15206076327206,400.599717100804,1.36101133208902,0.0490812411604777,0.6917599240143645,0.1363207329862213,0.4469363817997792,1.2595444794313908,0.1491782877316573,0.9850960507381156,0.1264293500718526,0.2569106316754259,0.4808513955476716,0.1671504006697549,,-168.07603038206457,360.15206076412915,400.5997171016611
2026-06-01T18:37:37,16,13,1600133,"ARX(2,1)",True,True,0,-168.0777666542603,360.1555333085206,400.60318964605256,1.35212701553435,0.0487245284779091,0.6925016652614358,0.1401249032575784,0.4451797371066412,1.23833719478235,0.149875436215292,0.9921926600596066,0.1269426080398333,0.2555084671970193,0.48187946319513,0.1677567727557709,,-168.07776665422605,360.1555333084521,400.60318964598406
2026-06-01T19:02:31,16,14,1600143,"ARX(2,1)",True,True,0,-168.46411987846682,360.92823975693364,401.3758960944656,2.344301774993672,0.0544744118769918,0.5943718893489802,0.1260227857290697,0.591709694221044,1.2074074909963672,0.1329886227491473,0.9511948808605069,0.1371092080623158,0.2532947305008695,0.4902229303926922,0.1533673375058727,,-168.46411989693314,360.9282397938663,401.37589613139824
2026-06-01T19:13:48,16,15,1600153,"ARX(2,1)",True,True,0,-168.1482249231439,360.2964498462878,400.7441061838198,1.4437219922040236,0.0597167206921961,0.6817104983364384,0.1354646416106213,0.4610002152247127,1.0617402994801284,0.1482645011082276,0.8459495067746113,0.1320597707152338,0.2556204217497921,0.4860121895128669,0.1620537297234774,,-168.1482249231728,360.2964498463456,400.74410618387753
2026-06-01T19:24:59,16,16,1600163,"ARX(2,1)",True,True,0,-168.17905220888593,360.35810441777187,400.8057607553038,1.2484391694920356,0.0532144763789267,0.6941037693500592,0.1583790659291716,0.4543856706590595,1.0232221960182963,0.1565326713648389,0.9017358178015116,0.1287808315087891,0.2488752435228748,0.4920762059219954,0.1678925788173753,,-168.17905221028124,360.3581044205625,400.8057607580944
2026-06-01T19:48:17,16,17,1600173,"ARX(2,1)",True,True,0,-168.07744997005778,360.15489994011557,400.6025562776475,1.3439984085156853,0.0489677846390366,0.6953890191380165,0.1391369983792461,0.4403952593570077,1.2505933235846824,0.1491937735956565,0.9872692797192248,0.1259173898543103,0.2546205807228094,0.4816576169568522,0.1691734444328781,,-168.07744996918882,360.15489993837764,400.6025562759096
2026-06-01T19:58:02,16,18,1600183,"ARX(2,1)",True,True,0,-168.0833424408013,360.1666848816026,400.61434121913453,1.3884122364060267,0.0501623767194038,0.6890982127285681,0.1293489750075635,0.4494669137026842,1.2993076316232162,0.1478010933764663,0.9776841790267864,0.1262936616681295,0.261614291703556,0.4762262847186867,0.1650676957126384,,-168.0833424407869,360.1666848815738,400.61434121910577
2026-06-01T20:05:10,16,19,1600193,"ARX(2,1)",True,True,0,-168.0823364669429,360.1646729338858,400.61232927141776,1.370251039277442,0.0521913288700553,0.6920177297418859,0.1364062486677315,0.4448405719132288,1.203894984128716,0.1489345437543825,0.9430446124439568,0.1282276303289507,0.2559274404143367,0.4809970165431753,0.1675151838824099,,-168.08233646558574,360.1646729311715,400.6123292687034
2026-06-01T20:15:57,16,20,1600203,"ARX(2,1)",True,True,0,-168.08843485157303,360.17686970314605,400.624526040678,1.2915088700181008,0.051060342729548,0.6971576069575153,0.1419614732520825,0.442663039072494,1.1869794222963956,0.1518394474145443,0.9495720410542128,0.1266880592537952,0.2587506147436705,0.4803060679153446,0.1662233975127451,,-168.08843484609537,360.17686969219073,400.6245260297227
2026-06-01T20:34:28,16,22,1600223,"ARX(2,1)",True,True,0,-168.0760326004346,360.1520652008692,400.5997215384011,1.3606156833148453,0.0489788063187244,0.6916723424365974,0.1362814457999657,0.446943396800117,1.2603823549232072,0.1492520575431686,0.9852908887794696,0.1265249816199976,0.2565976057335774,0.4808042070285804,0.1673930010653085,,-168.07603260043402,360.15206520086804,400.5997215384
2026-06-01T20:44:53,16,23,1600233,"ARX(2,1)",True,True,0,-168.07725904257154,360.1545180851431,400.60217442267503,1.346792486476155,0.0486122417948769,0.6929598564719336,0.1357723264183118,0.4450554103789718,1.2900175371044924,0.1495391207101915,0.992188440239452,0.1254811762002682,0.2572877048803521,0.480848513512602,0.1672879121563906,,-168.0772590397232,360.1545180794464,400.6021744169784
2026-06-01T20:54:26,16,24,1600243,"ARX(2,1)",True,True,0,-168.19426615771235,360.3885323154247,400.83618865295665,1.057923172791562,0.0491401081336632,0.7299737134957335,0.1506407922193811,0.3988275619561205,1.2814785539986309,0.1542696632690869,0.985739538836258,0.1197666809134208,0.2634112441094444,0.4582031705353915,0.1841859265058963,,-168.19426614847117,360.3885322969424,400.8361886344743
2026-06-01T21:06:37,16,25,1600253,"ARX(2,1)",True,True,0,-168.07606520511325,360.1521304102265,400.59978674775846,1.3638950028821426,0.0487303716798933,0.6916640748446911,0.1371940839689606,0.4467545880491654,1.262072302968761,0.1490785955224276,0.98898292076622,0.126475467765349,0.2567432319301031,0.480448047879066,0.1675973809132173,,-168.07606520521648,360.15213041043296,400.5997867479649
2026-06-01T21:15:51,16,26,1600263,"ARX(2,1)",True,True,0,-168.07686408927387,360.15372817854774,400.6013845160797,1.3670927842012053,0.0498435428856964,0.6899857963053041,0.1366774117333824,0.4503727011880064,1.24132756061064,0.1494998005244047,0.97196674371727,0.1268865522293431,0.2567677217637162,0.4824157688126351,0.1658668840142499,,-168.0768640893229,360.1537281786458,400.60138451617775
2026-06-01T21:47:07,16,27,1600273,"ARX(2,1)",True,True,0,-168.08826319997857,360.17652639995714,400.6241827374891,1.4434637735196127,0.0513457297619499,0.6827247745799536,0.1391235588023868,0.4574442510052917,1.176150828163992,0.1475386443599099,0.9496022053091584,0.1289961481357313,0.2554812883645728,0.4826847169296046,0.1660563669415223,,-168.08826320001782,360.17652640003564,400.6241827375676
2026-06-01T21:56:42,16,28,1600283,"ARX(2,1)",True,True,0,-168.07607868587212,360.15215737174424,400.5998137092762,1.3556790520010855,0.0486836026799437,0.6921401110657549,0.1365749369449413,0.4461768151115005,1.2663924176893475,0.1494034804572057,0.9900717655410378,0.1263057417734787,0.256779206496067,0.4807763047250072,0.1673425274062841,,-168.07607868587212,360.15215737174424,400.5998137092762
2026-06-01T22:04:03,16,29,1600293,"ARX(2,1)",True,True,0,-168.07603732830916,360.1520746566183,400.59973099415026,1.3573702171134303,0.0489729149760473,0.6918073677347967,0.136504869367866,0.4469135827419249,1.261448302379192,0.1493985403926314,0.985306743659366,0.1264484275455693,0.2568018633408336,0.4808433881115345,0.1672328713870097,,-168.07603732831774,360.1520746566355,400.5997309941674
2026-06-01T22:15:54,16,30,1600303,"ARX(2,1)",True,True,0,-168.07619337402065,360.1523867480413,400.60004308557325,1.3754496731930663,0.0490534976354421,0.6903599041596679,0.13707252884113,0.4488021696901293,1.2574914729382185,0.1487686141366976,0.98361194237998,0.1267527646494005,0.2566940421984491,0.4806368015341296,0.167330989861924,,-168.07619337402417,360.15238674804834,400.6000430855803
2026-06-01T22:25:34,16,31,1600313,"ARX(2,1)",True,True,0,-168.08181808709915,360.1636361741983,400.61129251173026,1.445338289173418,0.0495587083744103,0.6827170914228096,0.134457580049057,0.4588503193124955,1.2637197576998405,0.1473496962817063,0.9766300112150136,0.1278358271418473,0.2563502215285764,0.4813023745919586,0.1668383291458783,,-168.0818180453628,360.1636360907256,400.6112924282576
2026-06-01T22:32:43,16,32,1600323,"ARX(2,1)",True,True,0,-168.07609220220684,360.1521844044137,400.5998407419456,1.366569543276483,0.0492572983249968,0.690904509176565,0.1368306838487041,0.4482121838936145,1.2558319825332414,0.1491245470650022,0.9820489416163944,0.1265507701621221,0.2566318423454178,0.4811319087222462,0.1671425429562802,,-168.0760923996312,360.1521847992624,400.5998411367944
2026-06-01T22:46:27,16,33,1600333,"ARX(2,1)",True,True,0,-168.08315855043486,360.1663171008697,400.6139734384017,1.433125030077534,0.049719905536476,0.6867842881946921,0.1332273214992679,0.4513237292017141,1.2512342298533032,0.1465393378507053,0.9646864984453716,0.1274826873633036,0.256697514313234,0.4851538153957013,0.1635163639610136,,-168.08315854468472,360.16631708936944,400.6139734269014
2026-06-01T22:56:17,16,34,1600343,"ARX(2,1)",True,True,0,-168.07605777602214,360.1521155520443,400.59977188957623,1.3679640633080232,0.0490276883315079,0.6908250905106633,0.1365974304233644,0.4480313437563557,1.26018837738045,0.1490466190988499,0.9854709198663988,0.1264959176877388,0.2565846746158798,0.4810750729596584,0.1671580713975619,,-168.07605777386024,360.1521155477205,400.5997718852525
2026-06-01T23:09:15,16,35,1600353,"ARX(2,1)",True,True,0,-168.07616070501734,360.1523214100347,400.59997774756664,1.3581443232424066,0.0488571857013539,0.6924133517281239,0.1375498785620887,0.4457913471758365,1.255130844868421,0.1491740951322711,0.9880791829017396,0.126265471778558,0.2566765862810251,0.4810564197690847,0.1673901102558652,,-168.07616070499688,360.15232140999376,400.5999777475257
2026-06-01T23:25:45,16,36,1600363,"ARX(2,1)",True,True,0,-168.07661877409856,360.1532375481971,400.6008938857291,1.3379252669535753,0.0484812697969274,0.6938073514620713,0.1366361209615787,0.4440344242997516,1.2756976732855425,0.1498695732179686,0.9938121907963507,0.1257998062957549,0.2568307336832747,0.4807044913162982,0.1676323365162908,,-168.07661877412045,360.1532375482409,400.6008938857729
2026-06-01T23:37:14,16,37,1600373,"ARX(2,1)",True,True,0,-168.07650081632113,360.15300163264226,400.6006579701742,1.3484525258369116,0.0492729314498313,0.6922521647957597,0.1370935432154948,0.4464058333478704,1.2562106671547035,0.1497386118506569,0.9773161773568356,0.1266102501524106,0.2568863548883597,0.4797311880926448,0.167923889406019,,-168.0765008163589,360.1530016327178,400.60065797024976
2026-06-01T23:46:36,16,38,1600383,"ARX(2,1)",True,True,0,-168.07693891127252,360.15387782254504,400.601534160077,1.3616543090191848,0.0494586479355634,0.690123667707947,0.1342359164593065,0.4503621436572997,1.263801213859351,0.1494358908757722,0.9812023686734616,0.125538517622098,0.2584064276537706,0.4820006822036147,0.1653889401937528,,-168.07693890740313,360.15387781480626,400.6015341523382
2026-06-02T00:05:43,16,39,1600393,"ARX(2,1)",True,True,0,-168.07749377955838,360.15498755911676,400.6026438966487,1.3623022875010222,0.0475060225929209,0.6912763732629594,0.1373948985320707,0.4474518226110191,1.2832539515417118,0.1492714144953375,1.0091874067605473,0.1255459475212506,0.2559631933896509,0.4826478797474484,0.1668791607385398,,-168.07749377953672,360.15498755907345,400.6026438966054
2026-06-02T00:11:32,16,40,1600403,"ARX(2,1)",True,True,0,-168.07824026798897,360.15648053597795,400.6041368735099,1.4157243060158424,0.0489283075025864,0.6860995129043497,0.1356497620670803,0.4547385430411796,1.2644902779358242,0.1477024985502935,0.984442269121171,0.1272215275760216,0.2559583407507724,0.4815439009528573,0.1666911894108878,,-168.07824026827657,360.1564805365531,400.604136874085
2026-06-01T16:31:57,17,3,1700033,"ARX(2,1)",True,True,0,-170.6712099783956,365.3424199567912,405.79007629432317,5.481205726264464,0.0327057414402038,0.5614741859264764,0.1764131644902303,0.6742298453017473,0.940040549546178,0.091536665071016,1.18411337070644,0.1597325180105511,0.2510786065496495,0.4180120208631728,0.202018713022237,,-170.67120863167443,365.34241726334886,405.7900736008808
2026-06-01T16:42:35,17,4,1700043,"ARX(2,1)",True,True,0,-168.07703335672514,360.1540667134503,400.60172305098223,1.3976022940896422,0.0491943454254778,0.6877211999844561,0.1362725681637614,0.4521858538979681,1.2531732724913311,0.148458556917024,0.9827225367150828,0.1273618160712322,0.2569906269655481,0.4805065270857542,0.1667396949393555,,-168.07703335642498,360.15406671284995,400.6017230503819
2026-06-01T17:01:53,17,5,1700053,"ARX(2,1)",True,True,0,-168.07826499576873,360.15652999153747,400.6041863290694,1.311859541020462,0.0485502160780423,0.6973110091477934,0.13567374729151,0.4391461653577993,1.2771061707671687,0.1502502488519405,0.9898308156369876,0.1255021638963623,0.2575869813247244,0.4791605236260655,0.1683437931002231,,-168.07826499625952,360.15652999251904,400.604186330051
2026-06-01T17:24:52,17,6,1700063,"ARX(2,1)",True,True,0,-168.07606690344724,360.1521338068945,400.59979014442644,1.365845100715888,0.0488008165736139,0.6909886416036352,0.1363486548303041,0.4477790516952862,1.2655620826451162,0.1491445312216594,0.9888748036046738,0.1265084004411582,0.2568005052650025,0.4807144942068398,0.1672069040148907,,-168.0760669034466,360.1521338068932,400.5997901444251
2026-06-01T17:30:24,17,7,1700073,"ARX(2,1)",True,True,0,-168.08625040160638,360.17250080321276,400.6201571407447,1.2644900837795645,0.0472118391694102,0.7035896616978088,0.1362154496381627,0.4296208195150719,1.309600481743473,0.1513017236868656,1.0093786227533423,0.122858639018387,0.2579954321694254,0.4804279145999818,0.1689238105263919,,-168.08625040030023,360.17250080060046,400.6201571381324
2026-06-01T17:42:15,17,8,1700083,"ARX(2,1)",True,True,0,-168.07696776871106,360.1539355374221,400.60159187495407,1.384396495414087,0.0488580957813477,0.6895026139850797,0.1387575139400647,0.4491495845577569,1.2444623928530725,0.1486426555508593,0.984000471430974,0.1276329698385794,0.2570646240287781,0.4800710550428435,0.1667728435991371,,-168.0769677675732,360.1539355351464,400.6015918726784
2026-06-01T18:06:40,17,9,1700093,"ARX(2,1)",True,True,0,-168.07653427682612,360.15306855365225,400.6007248911842,1.3435650694750516,0.0493441971893903,0.693248213601316,0.1368169278047899,0.4458293238871623,1.2507377868053615,0.1496863899388458,0.9786296654229582,0.1265213856267178,0.2573953295802929,0.4804437135153728,0.1672122568287274,,-168.07653427673745,360.1530685534749,400.6007248910069
2026-06-01T18:23:53,17,10,1700103,"ARX(2,1)",True,True,0,-168.08105897637375,360.1621179527475,400.60977429027946,1.311953875044004,0.0488769920787672,0.6974442910516965,0.1423849895413106,0.438424300887428,1.2274825686636734,0.1505382566603711,0.9879286747847184,0.1250280941045529,0.2550333027865905,0.4847940020932084,0.1675107220531368,,-168.0810589748045,360.16211794960907,400.609774287141
2026-06-01T18:31:14,17,11,1700113,"ARX(2,1)",True,True,0,-168.07629734547623,360.15259469095247,400.6002510284844,1.3430014934972418,0.0486285433006314,0.693605380724827,0.1369605689180768,0.4444463943092038,1.2664634287916845,0.1496583422740559,0.990283450482252,0.1258812027527327,0.2567156669248865,0.4810740199670418,0.1675764339072632,,-168.07629734563807,360.15259469127614,400.6002510288081
2026-06-01T18:43:17,17,12,1700123,"ARX(2,1)",True,True,0,-168.07616230119407,360.15232460238815,400.5999809399201,1.3706172541197346,0.0489166307118234,0.6913706767902685,0.1361563008503676,0.4468050967163609,1.2605477956319713,0.1488948923909107,0.9864673778896768,0.1268826086960283,0.2565851842604594,0.480585840118667,0.1673805487090923,,-168.0761623012224,360.1523246024448,400.5999809399768
2026-06-01T18:54:51,17,13,1700133,"ARX(2,1)",True,True,0,-168.0824343122065,360.164868624413,400.6125249619449,1.2770168688413883,0.0488148228942298,0.6995785926882857,0.1354909212111615,0.4376407317201165,1.2799649776190227,0.1514902035314376,0.9892843411528296,0.1244872460244274,0.2583022060210768,0.4779035896692866,0.1693103268294509,,-168.08243431312485,360.1648686262497,400.61252496378165
2026-06-01T19:09:51,17,14,1700143,"ARX(2,1)",True,True,0,-168.07637036537923,360.15274073075847,400.6003970682904,1.3798289505073265,0.0492742596561233,0.6898958941799658,0.1364989305178346,0.4496570573889806,1.2581622296742332,0.1486019389442062,0.9804837740384664,0.126727430372756,0.2568167415758526,0.4805790903447073,0.1672439364704114,,-168.0763703651188,360.1527407302376,400.6003970677696
2026-06-01T19:19:40,17,15,1700153,"ARX(2,1)",True,True,0,-168.07630499829077,360.15260999658153,400.6002663341135,1.3640357917038424,0.0493673646397361,0.6912705206251123,0.1378124791317313,0.447599167671238,1.2463096944169587,0.1492078611609993,0.978016683777342,0.1269232061017724,0.2566384894362195,0.4805826415686739,0.1674044293754323,,-168.0763049982402,360.1526099964804,400.6002663340124
2026-06-01T19:36:09,17,16,1700163,"ARX(2,1)",True,True,0,-168.0764141367396,360.1528282734792,400.60048461101115,1.3480164070013256,0.0492217316864954,0.6928316639675266,0.1376338066134915,0.4458311935730534,1.2462920785486615,0.1496667870860444,0.9811026774305368,0.1264779433558172,0.256788577837435,0.4810299750909312,0.1672971524176446,,-168.07641413622184,360.1528282724437,400.6004846099757
2026-06-01T19:42:00,17,17,1700173,"ARX(2,1)",True,True,0,-168.16798028382186,360.3359605676437,400.7836169051757,1.1023440266645042,0.0427210610819676,0.7224944321979351,0.1420815207890197,0.4065360423567903,1.3868693695837724,0.1556984575515464,1.1087646845854455,0.1179314254799724,0.2569889654839987,0.479472880145609,0.1738926456166439,,-168.16798028377667,360.3359605675533,400.7836169050853
2026-06-01T19:49:13,17,18,1700183,"ARX(2,1)",True,True,0,-168.08309687666065,360.1661937533213,400.61385009085325,1.459208805724872,0.0483756032886918,0.6811887269152131,0.1372468806660784,0.4602821736113886,1.2627023682421783,0.1471538811745328,0.9953650613207308,0.1285269982259167,0.2556932442350782,0.4809343280532572,0.1665172816305953,,-168.083096876667,360.166193753334,400.6138500908659
2026-06-01T19:57:47,17,19,1700193,"ARX(2,1)",True,True,0,-168.0761238756473,360.1522477512946,400.5999040888266,1.3675803988096775,0.0489504794024297,0.6908212291291491,0.136708061156556,0.4483434850153315,1.2628855014259264,0.1490704600854936,0.9846206300875,0.126122921933983,0.2566353325097786,0.4816587958717737,0.1670526355382898,,-168.07612387563108,360.15224775126217,400.5999040887941
2026-06-01T20:09:11,17,20,1700203,"ARX(2,1)",True,True,0,-168.07721244961743,360.15442489923487,400.6020812367668,1.3704599587941306,0.0479132001414063,0.6908156819949931,0.1352952339462579,0.4476327326780876,1.2906219274679234,0.1489469918678245,1.0037698969804287,0.1265146305552579,0.2568048402626747,0.4800988741140691,0.1673389787135826,,-168.07721244969574,360.1544248993915,400.6020812369234
2026-06-01T20:17:42,17,21,1700213,"ARX(2,1)",True,True,0,-168.0775028540413,360.1550057080826,400.6026620456146,1.4014899036257351,0.0484548758218047,0.6870883419182982,0.1361081049813819,0.4535002188419995,1.2679925327354131,0.1483251159447957,0.9942532358471928,0.1273532318723565,0.2567289151537184,0.4804635276922046,0.1667512857288223,,-168.07750286311676,360.1550057262335,400.6026620637655
2026-06-01T20:24:56,17,22,1700223,"ARX(2,1)",True,True,0,-168.07657700212127,360.15315400424254,400.6008103417745,1.3606812078962682,0.0485289233896062,0.6917266505798886,0.1372174203983219,0.44657716559582,1.2541169030735095,0.1494023820642193,0.9935544133945188,0.1270652220661378,0.2568975165827106,0.4806874476827616,0.1668481977218066,,-168.0765770025409,360.1531540050818,400.6008103426137
2026-06-01T20:32:39,17,23,1700233,"ARX(2,1)",True,True,0,-168.07619941161065,360.1523988232213,400.60005516075324,1.3712082275811224,0.0486373932416017,0.691155065910811,0.1361883625395949,0.4475579271565936,1.267148451238936,0.1487924192778933,0.991071246588062,0.1263818272664233,0.2569402116720634,0.4809735002330437,0.1670479630267004,,-168.07619941168292,360.15239882336584,400.6000551608978
2026-06-01T20:51:44,17,24,1700243,"ARX(2,1)",True,True,0,-168.10042106228698,360.20084212457397,400.6484984621059,1.448761171749832,0.0443376539468303,0.6828114858145872,0.1359960566986065,0.4577305960149131,1.3634209201143304,0.1469602857958098,1.070540380595206,0.1261477339561958,0.2552788828887636,0.4814638185852408,0.166889594027466,,-168.10042106227394,360.2008421245479,400.64849846207983
2026-06-01T21:10:17,17,25,1700253,"ARX(2,1)",True,True,0,-169.55061993319123,363.10123986638246,403.5488962039144,1.5460210527368587,0.0547595438233137,0.7137935970652738,0.155166374475464,0.4468659047096375,0.6305167917925826,0.1308422134478537,1.001579397529335,0.150176114392828,0.3100006235628637,0.4326727702384667,0.1485819533986546,,-169.550619933289,363.101239866578,403.54889620411
2026-06-01T21:25:06,17,26,1700263,"ARX(2,1)",True,True,0,-168.07613239076062,360.15226478152124,400.5999211190532,1.3687058942010837,0.0486060576356724,0.6912497193439533,0.1368735632867247,0.4472198842012569,1.2657304827023508,0.1489464879013689,0.990876721956615,0.1265317438360666,0.2565730553003052,0.4808023616105307,0.1673930794884384,,-168.07613238867123,360.15226477734245,400.5999211148744
2026-06-01T21:54:59,17,28,1700283,"ARX(2,1)",True,True,0,-168.08149967102844,360.1629993420569,400.61065567958883,1.441648951954206,0.0480826003116108,0.6838184922820809,0.1363717646989465,0.4566323051363856,1.27796260194525,0.1470072049787314,0.9898377867244588,0.1277299389103427,0.2576797981209255,0.4801913993991596,0.1655317986527649,,-168.08149973283236,360.1629994656647,400.6106558031967
2026-06-01T22:10:36,17,29,1700293,"ARX(2,1)",True,True,0,-168.0760455011196,360.1520910022392,400.59974733977117,1.3590623272478353,0.0487557886403773,0.6918427633140235,0.1368310200826279,0.4466624153151499,1.263847158751207,0.1493000013822289,0.9892166933973904,0.1262410205463439,0.2566200549146238,0.4811975078216493,0.1672456686485064,,-168.0760455010851,360.1520910021702,400.59974733970216
2026-06-01T22:22:14,17,30,1700303,"ARX(2,1)",True,True,0,-168.07973605161862,360.15947210323725,400.6071284407692,1.4261337070953362,0.0486462417365816,0.685945472865568,0.1375788542831831,0.4532112457384136,1.2723257581235357,0.1472129208049878,0.9854316611552044,0.127250248146681,0.2562373202738331,0.4811658230139533,0.1667995051179815,,-168.07973603684383,360.15947207368765,400.6071284112196
2026-06-01T22:31:19,17,31,1700313,"ARX(2,1)",True,True,0,-168.08127580541606,360.1625516108321,400.61020794836406,1.447565477391079,0.0495837517378292,0.6830046279441702,0.1362544598683364,0.4581343615241843,1.2431335597832454,0.1470780777983903,0.9745040106628776,0.1284719716386599,0.2562576048507579,0.481175568602529,0.1660659893790128,,-168.08127580550797,360.16255161101594,400.6102079485479
2026-06-01T23:17:23,17,34,1700343,"ARX(2,1)",True,True,0,-168.07638741332545,360.1527748266509,400.60043116418285,1.3738644948623362,0.0485116729848634,0.6908489347989792,0.1353577940264628,0.4476416428931908,1.2696888742400507,0.1488156683936215,0.9933188840901572,0.1266960862594025,0.2570275098732902,0.4805793643834824,0.167069308991177,,-168.0763874132977,360.1527748265954,400.6004311641274
2026-06-01T23:21:59,17,35,1700353,"ARX(2,1)",True,True,0,-168.07619729240332,360.15239458480664,400.6000509223386,1.3480767556766824,0.0489976744459144,0.6932259307101033,0.136434914434086,0.4447422475644499,1.264132811490675,0.1495523583784031,0.9855950036483488,0.1262788994108118,0.2570076950816483,0.4805911853230031,0.1674776828918273,,-168.07619729235375,360.1523945847075,400.60005092223946
2026-06-02T00:09:11,17,36,1700363,"ARX(2,1)",True,True,0,-168.07619286749662,360.15238573499323,400.6000420725252,1.3489394164585509,0.0490556312576563,0.6926983461798502,0.1366794882077158,0.4454706125032849,1.255783033774651,0.1496890899412102,0.984515719899746,0.1263427213597632,0.2567122209633883,0.4809623320318997,0.1673142415695957,,-168.07619285680448,360.15238571360896,400.6000420511409
2026-06-02T00:17:41,17,37,1700373,"ARX(2,1)",True,True,0,-168.07973739746268,360.15947479492536,400.6071311324573,1.37018927184798,0.046848705362352,0.6906846601116216,0.1395375075883576,0.4472129111877639,1.2901350430248717,0.1488188615902723,1.0140009780080066,0.1259818084458069,0.2590196158103338,0.4765914400111908,0.1680396176757578,,-168.079737399633,360.159474799266,400.60713113679793
2026-06-02T00:33:18,17,38,1700383,"ARX(2,1)",True,True,0,-168.07744500896882,360.15489001793765,400.6025463554696,1.3635381269897071,0.0492387569710836,0.6912572482300454,0.1337348469844705,0.4469037157351855,1.283560566561113,0.1491001130092275,0.9857576226674032,0.1269333329132924,0.2581314243614496,0.4772031421277822,0.1680286813831342,,-168.07744500998842,360.15489001997685,400.6025463575088
2026-06-02T00:44:43,17,39,1700393,"ARX(2,1)",True,True,0,-168.07620714987442,360.15241429974884,400.6000706372808,1.3722356735541044,0.0486529237254434,0.6911095080658277,0.1364094936494946,0.4473268169442535,1.2674797895125771,0.1487725716641852,0.9892251801297496,0.126674185330284,0.2568960770126979,0.4801881379145566,0.1674015914792432,,-168.07620714885755,360.1524142977151,400.6000706352471
2026-06-02T00:52:41,17,40,1700403,"ARX(2,1)",True,True,0,-168.0804093093114,360.1608186186228,400.60847495615474,1.2937326519720185,0.0478740410474169,0.6999236260512506,0.1361475994778403,0.4374885011736503,1.2823927244603617,0.1506272148865972,0.996075467460724,0.1256125079132372,0.2578186742886769,0.4794854431358289,0.1682951841013368,,-168.08040923262598,360.160818465252,400.6084748027839
2026-06-01T16:36:13,18,3,1800033,"ARX(2,1)",True,True,0,-168.12463538162524,360.2492707632505,400.69692710078243,1.467392767710196,0.0480989063912518,0.6802851659816842,0.1356077892465864,0.4586182818579951,1.1489929804988186,0.1484327699327919,1.0076010271642886,0.1359490593501917,0.2542602611621692,0.4820319706071697,0.1622421671512785,,-168.12463538146704,360.2492707629341,400.6969271004661
2026-06-01T16:50:53,18,4,1800043,"ARX(2,1)",True,True,0,-168.07634215234177,360.15268430468353,400.6003406422155,1.3441290364405674,0.0487551761954052,0.692674799729497,0.1371059245753658,0.4461632567261134,1.2653418071288478,0.1498776755681241,0.989762976394194,0.1263302519827752,0.2567437372332936,0.480723116517967,0.1674584409581483,,-168.07634215664768,360.15268431329537,400.6003406508273
2026-06-01T17:01:03,18,5,1800053,"ARX(2,1)",True,True,0,-168.07606404972807,360.15212809945615,400.5997844369881,1.3582458835485869,0.048961697853934,0.6921197983053332,0.1368555484883229,0.446396367648335,1.2562182877555983,0.1492833004889047,0.9853934457677987,0.1264689262833947,0.2565118084708311,0.4813688947032317,0.1671935802285397,,-168.07606404972194,360.15212809944387,400.5997844369758
2026-06-01T17:07:13,18,6,1800063,"ARX(2,1)",True,True,0,-169.33158601108943,362.66317202217886,403.1108283597108,4.372702446641346,0.0449500651394765,0.5428070587761769,0.1122099143967439,0.6647654128691861,1.3310643247087708,0.1050739697739111,0.9304103440721646,0.1313083506464136,0.2434970467012383,0.5128644737789396,0.1502130904137919,,-169.33158601295992,362.66317202591983,403.1108283634518
2026-06-01T17:27:01,18,7,1800073,"ARX(2,1)",True,True,0,-168.07650442062737,360.15300884125475,400.6006651787867,1.3820081938305235,0.0492578104540604,0.6896942220458296,0.1366986349185949,0.4493375679826245,1.2478832557716832,0.1487380528208466,0.9809700984277988,0.1270767814986377,0.2566090657053886,0.4816781628638285,0.1664494898190306,,-168.07650442114107,360.15300884228213,400.6006651798141
2026-06-01T17:44:18,18,8,1800083,"ARX(2,1)",True,True,0,-168.0760274033982,360.1520548067964,400.59971114432835,1.3623026629757335,0.048880553495682,0.691525051285939,0.1368636248290257,0.4472516427486033,1.259601171792376,0.1492024725610562,0.9863420577884536,0.1264969941353348,0.2568904928947405,0.4808491412594271,0.1671798652957785,,-168.0760274034218,360.1520548068436,400.59971114437553
2026-06-01T18:01:38,18,9,1800093,"ARX(2,1)",True,True,0,-168.0763800427955,360.152760085591,400.60041642312297,1.3804663833650583,0.0492907363031761,0.6899496635240093,0.1363366362692934,0.4491410664443179,1.2517154780595832,0.1487096076496163,0.9814806177777656,0.1268090034809561,0.2566511839360353,0.4816732245008791,0.1666047475429575,,-168.0763800481605,360.152760096321,400.60041643385296
2026-06-01T18:08:02,18,10,1800103,"ARX(2,1)",True,True,0,-168.079967587002,360.159935174004,400.60759151153593,1.3187737135239703,0.0499676668245218,0.6964897898768544,0.1387787233683809,0.4409572352759584,1.217035044291173,0.15042831459211,0.9739029964942516,0.1264979231551023,0.2569142468644895,0.4820612513091918,0.1667975730284613,,-168.07996758607644,360.15993517215287,400.6075915096848
2026-06-01T18:21:52,18,11,1800113,"ARX(2,1)",True,True,0,-168.70569728692075,361.4113945738415,401.85905091137346,2.831950527959368,0.055523114187571,0.5888357121388138,0.1106340204072163,0.5850788697852319,1.1426540482061391,0.122467177316237,0.9003100325405445,0.141305778623122,0.2469983681126343,0.4966711631488154,0.151584563722939,,-168.70569725315391,361.41139450630783,401.8590508438398
2026-06-01T18:29:16,18,12,1800123,"ARX(2,1)",True,True,0,-168.07611861157847,360.15223722315693,400.5998935606889,1.3578478260273283,0.048621519275703,0.6919539399347542,0.1369563264774279,0.4468109518257677,1.2648148586883623,0.1492740780474004,0.9894583393975532,0.1262498316024319,0.2569519775912816,0.4803756439401456,0.1677938720002578,,-168.07611861159754,360.1522372231951,400.599893560727
2026-06-01T19:06:16,18,13,1800133,"ARX(2,1)",True,True,0,-168.07636492093076,360.1527298418615,400.60038617939347,1.345152608434084,0.0487155743547626,0.6943318430738131,0.1366374142046827,0.4430163499890615,1.2630465026830164,0.1493282741296548,0.9905165556706844,0.1258277197290971,0.2567297466197396,0.4814382972441954,0.1674235033431838,,-168.07636491277373,360.15272982554745,400.6003861630794
2026-06-01T19:19:11,18,14,1800143,"ARX(2,1)",True,True,0,-169.0911930664068,362.1823861328136,402.63004247034553,3.374112008447121,0.0551893166376438,0.60347798646066,0.1606161950252092,0.5633952336129896,0.9275305702743832,0.1106911472861287,0.8374511704707952,0.1419560645241572,0.2502360233803161,0.4980084642611287,0.153978201594322,,-169.0911930664064,362.1823861328128,402.63004247034473
2026-06-01T19:35:59,18,15,1800153,"ARX(2,1)",True,True,0,-168.08913436208053,360.17826872416106,400.625925061693,1.4997749568342789,0.0492321579037001,0.6793614942992589,0.1332359914206029,0.4643580171087242,1.2627700583068258,0.1452523135788167,0.9787758605659408,0.1284801920328072,0.2558865403914156,0.48250864800646,0.1653388903035325,,-168.08913436176027,360.17826872352055,400.6259250610525
2026-06-01T19:44:59,18,16,1800163,"ARX(2,1)",True,True,0,-168.0783217870407,360.1566435740814,400.60429991161334,1.4136283442629671,0.0494524052679866,0.6864066015697193,0.1370866911180717,0.4538784893064401,1.2400018517897955,0.1479181975157883,0.9783282528701732,0.1275206151306419,0.2559212279873349,0.4823700425237812,0.1662889043178484,,-168.07832178720523,360.15664357441045,400.6042999119424
2026-06-01T20:00:07,18,17,1800173,"ARX(2,1)",True,True,0,-168.07622813357798,360.15245626715597,400.6001126046879,1.3473139750328,0.0491418932362663,0.6932686992376026,0.1366161053154123,0.4448921457656179,1.2565809237013092,0.1495419160583874,0.9821584330428544,0.1263349367919505,0.2569580600601204,0.4804758261654209,0.1676118936586552,,-168.0762281336065,360.152456267213,400.60011260474494
2026-06-01T20:11:09,18,18,1800183,"ARX(2,1)",True,True,0,-168.07747439482654,360.1549487896531,400.60260512718503,1.3197301050621724,0.0485352220221422,0.6963597049987879,0.1376463870565318,0.4407336026637548,1.2718381702037114,0.1501970140743352,0.9920026687971176,0.1256180805671019,0.2571464373938315,0.479805176227726,0.168241361841887,,-168.07747439477845,360.1549487895569,400.6026051270889
2026-06-01T20:37:39,18,20,1800203,"ARX(2,1)",True,True,0,-170.28304510235597,364.56609020471194,405.0137465422439,2.235625762033516,0.0671211187967049,0.5845565160828483,0.3394063116475844,0.6183034343244959,0.2671151719775533,0.1441066721050453,0.7488787232232512,0.156412037190955,0.2513448302677703,0.4950959115483178,0.1469883150629365,,-170.28304510235253,364.56609020470506,405.013746542237
2026-06-01T20:46:24,18,21,1800213,"ARX(2,1)",True,True,0,-168.07732075015844,360.15464150031687,400.6022978378488,1.3462809713817503,0.0478640504353041,0.6933054780246023,0.1359041207136798,0.4445574664778965,1.2939279487941906,0.149440834411352,1.0040108562833638,0.1254843916806954,0.2568969123409306,0.4804819878258552,0.1676963422525304,,-168.07732075015522,360.15464150031045,400.6022978378424
2026-06-01T20:59:40,18,22,1800223,"ARX(2,1)",True,True,0,-168.07838239421946,360.1567647884389,400.6044211259709,1.3731394591312325,0.0475746842182425,0.6881298915054158,0.1373091203283794,0.4543111358874372,1.2839255411628,0.1496105718518526,1.001733368994743,0.1255306996024519,0.2562114070379314,0.4836674135472436,0.1658484323722134,,-168.0783796614959,360.1567593229918,400.6044156605237
2026-06-01T21:08:12,18,23,1800233,"ARX(2,1)",True,True,0,-168.07707302406516,360.1541460481303,400.60180238566227,1.3761539237057434,0.050231215286825,0.6902563549112246,0.135237326159674,0.4490534353756125,1.2408330532646508,0.1487739082616372,0.9679350716351056,0.1267672493569497,0.2567164448118231,0.4819685931875381,0.1665193592534984,,-168.07707302433823,360.15414604867647,400.6018023862084
2026-06-01T21:17:16,18,24,1800243,"ARX(2,1)",True,True,0,-168.07627093439677,360.15254186879355,400.6001982063255,1.3513642184877055,0.0486332252902083,0.69166693354941,0.13690467292857,0.4477904108341785,1.2656671058878493,0.1497640617286153,0.9906531573050962,0.1262882674880659,0.2564287642062599,0.4808065069292413,0.167574872345519,,-168.07627093441408,360.15254186882817,400.6001982063601
2026-06-01T21:29:22,18,25,1800253,"ARX(2,1)",True,True,0,-168.07603771856225,360.1520754371245,400.59973177465645,1.3634888567015084,0.048850042894046,0.6914012012440335,0.1369035638149709,0.4471938680714181,1.2596292703075038,0.1492070031858365,0.9875330111189004,0.1265603846548347,0.2566732400160507,0.4808628722310146,0.1672614360667524,,-168.07603771855162,360.15207543710324,400.5997317746352
2026-06-01T21:39:57,18,26,1800263,"ARX(2,1)",True,True,0,-168.07976047401309,360.15952094802617,400.6071772855581,1.3116256989200337,0.0477638669551563,0.6969544299388939,0.1349933751738193,0.4395639674713514,1.3041892304140856,0.1501399183405081,1.0065708684086407,0.1245307863068029,0.2563943507154304,0.481154745977339,0.168004504077865,,-168.07976047240672,360.15952094481344,400.6071772823454
2026-06-01T21:57:17,18,27,1800273,"ARX(2,1)",True,True,0,-168.07616906150128,360.15233812300255,400.5999944605345,1.3582068915006715,0.0491645807487023,0.6922021839212704,0.1373998153397516,0.4460658617600947,1.250148714842176,0.1492799225327244,0.9816886722163304,0.1266855537846228,0.256695687833261,0.4807017749091826,0.1674501909827663,,-168.07616906150403,360.15233812300806,400.59999446054
2026-06-01T22:20:29,18,28,1800283,"ARX(2,1)",True,True,0,-168.12291395206972,360.24582790413945,400.6934842416714,1.2246358029174549,0.0490693010325056,0.7125562531035122,0.1194779558742334,0.4203764064229843,1.2450778311272392,0.1508356894927634,1.007406694962187,0.1232624460171061,0.2600456420603034,0.4857926660724357,0.165343420619039,,-168.12291395129083,360.24582790258165,400.6934842401136
2026-06-01T22:28:51,18,29,1800293,"ARX(2,1)",True,True,0,-169.5319292937838,363.0638585875676,403.51151492509956,5.125834454000088,0.0377934392546472,0.5485070335779852,0.11956228615991,0.6502812841947737,1.344054803793484,0.097145853198301,0.9864487938382333,0.1264107473378466,0.2395392866065447,0.5197107096334629,0.1532695259736366,,-169.53192929297228,363.06385858594456,403.5115149234765
2026-06-01T22:40:59,18,30,1800303,"ARX(2,1)",True,True,0,-168.07603567366544,360.1520713473309,400.59972768486284,1.3612409582774143,0.0488439134722822,0.6916902789041364,0.1365282823018725,0.4469233898232267,1.2648036999495038,0.149176054401606,0.9879519377085124,0.126245798687939,0.2566882624661122,0.4811824710674444,0.1671798332788307,,-168.07603567369227,360.1520713473845,400.5997276849165
2026-06-01T22:49:03,18,31,1800313,"ARX(2,1)",True,True,0,-168.07608459823135,360.1521691964627,400.59982553399465,1.3522487101019458,0.0490421068389888,0.6925566189697892,0.1367619531335502,0.4458668718383906,1.2594028325636126,0.1494394451396282,0.9849639560695684,0.1262386035336099,0.256715843721343,0.4809485676260322,0.167443917214642,,-168.0760845982178,360.1521691964356,400.59982553396753
2026-06-01T23:07:29,18,32,1800323,"ARX(2,1)",True,True,0,-168.07627548203303,360.15255096406605,400.600207301598,1.3722142116680571,0.0494588182994775,0.6906398006316518,0.1355178132914725,0.4482208910521677,1.2566429715483922,0.1488791124765685,0.9785484480158236,0.1267883794300144,0.2569590540873059,0.4808301292351515,0.1668595520210538,,-168.07627547913927,360.15255095827854,400.6002072958105
2026-06-01T23:14:48,18,33,1800333,"ARX(2,1)",True,True,0,-168.07618018312593,360.15236036625186,400.6000167037838,1.35935025146239,0.0488690529552212,0.6907145898390464,0.1366368366115413,0.4489813529596458,1.2642689051792304,0.1495535191354111,0.9875955130566144,0.1262494913144504,0.2565315364449018,0.481649329200188,0.1668056527874202,,-168.0761801830903,360.1523603661806,400.6000167037125
2026-06-01T23:29:06,18,34,1800343,"ARX(2,1)",True,True,0,-168.0761451092913,360.1522902185826,400.59994655611456,1.350614177072874,0.0487055944335972,0.6924801088909573,0.1370600177550495,0.4462799923290091,1.2641460638058355,0.1495853009927988,0.9880988210485856,0.1263844254677322,0.2570633203634305,0.4801998474037887,0.1676159182773143,,-168.07614510937498,360.15229021874995,400.5999465562819
2026-06-01T23:44:32,18,35,1800353,"ARX(2,1)",True,True,0,-168.08688220219793,360.17376440439585,400.6214207419278,1.2792939641094585,0.0476044544679373,0.7020278100965196,0.1429099134740619,0.4315486519568414,1.261622349667128,0.1514507194981654,1.017768716963653,0.1239530597152243,0.2548676368652067,0.4816440128709576,0.1699547029193406,,-168.08688220024402,360.17376440048804,400.62142073802
2026-06-01T23:55:01,18,36,1800363,"ARX(2,1)",True,True,0,-168.0772196685294,360.1544393370588,400.60209567459077,1.3778455341544196,0.0483328106089981,0.6922324417711915,0.1365541988983295,0.4434779921901216,1.2668392219762905,0.1483205404830352,0.995670651241447,0.1268570792505178,0.2566544191682061,0.4801687729333956,0.1676520507407656,,-168.07721966777598,360.154439335552,400.6020956730839
2026-06-02T00:02:39,18,37,1800373,"ARX(2,1)",True,True,0,-168.0768903468133,360.1537806936266,400.6014370311585,1.38590273229496,0.0494726995570431,0.6894951153521753,0.1367702965981653,0.4496673468278074,1.2402718256501732,0.1485897290899843,0.9790880967176708,0.1272524676791626,0.2565001155475411,0.4812526534885119,0.1669399913243057,,-168.07689034673282,360.15378069346565,400.6014370309976
2026-06-02T00:12:12,18,38,1800383,"ARX(2,1)",True,True,0,-168.40055314065495,360.8011062813099,401.24876261884185,1.028950111422188,0.0575165404694484,0.7390268713716168,0.1823033930835661,0.3863923112680389,0.910324652101581,0.1562216651263973,0.8449887779209571,0.1252878839561406,0.2601637583445287,0.4722833501494269,0.1776207762720036,,-168.4005531634499,360.8011063268998,401.24876266443175
2026-06-02T00:19:47,18,39,1800393,"ARX(2,1)",True,True,0,-168.07608441601394,360.1521688320279,400.59982516955984,1.3561224495251305,0.0488237333647493,0.6921763256000703,0.1371577793804084,0.4467670219077873,1.2585671964732603,0.1493681800169413,0.985939608544532,0.1267206918791199,0.2566968773764005,0.4804000247072689,0.1676080252711712,,-168.07608441613394,360.1521688322679,400.59982516979983
2026-06-02T00:28:54,18,40,1800403,"ARX(2,1)",True,True,0,-168.12002981764007,360.24005963528015,400.6877159728121,1.609862098549215,0.0519784537464035,0.6655352307125529,0.1386117748439554,0.4791647756800521,1.1826756224983468,0.1438912391032899,0.9403504641389108,0.1318160005598712,0.2521504534140242,0.4838923191763821,0.1653425887580057,,-168.12002981763763,360.24005963527526,400.6877159728072
2026-06-01T16:32:17,19,3,1900033,"ARX(2,1)",True,True,0,-168.07845416507024,360.1569083301405,400.60456466767243,1.349892402617949,0.0497908866121233,0.6935034499061108,0.1406353989300298,0.4448349866817454,1.2199155786494442,0.1491503711421714,0.9702232042184972,0.1266312850346027,0.256040989601593,0.4814424238981817,0.1679174642724336,,-168.0784541361574,360.1569082723148,400.6045646098468
2026-06-01T16:42:35,19,4,1900043,"ARX(2,1)",True,True,0,-168.07874153567676,360.1574830713535,400.60513940888546,1.4034089272188983,0.048919055970557,0.6886326821787863,0.1316579292941015,0.4492313291307695,1.2833318388711268,0.1478013181682591,0.9901364942149776,0.1274626272276021,0.257429089799011,0.4797059584688902,0.1665303507672678,,-168.0787415357504,360.1574830715008,400.6051394090328
2026-06-01T16:54:42,19,5,1900053,"ARX(2,1)",True,True,0,-168.07637361692667,360.15274723385335,400.6004035713853,1.38201941959274,0.0491660087032952,0.6897386384345241,0.1368271703458733,0.4492766988106434,1.2538413218788096,0.1486338461161708,0.9828136245507249,0.1269913407888036,0.2564544528842471,0.4809333683116637,0.1671530128324858,,-168.07637361674506,360.1527472334901,400.60040357102207
2026-06-01T17:06:39,19,6,1900063,"ARX(2,1)",True,True,0,-168.08663506870056,360.1732701374011,400.62092647493307,1.4660263186167393,0.0484047505042698,0.6787420231427552,0.1321640144455058,0.4655826531903494,1.293512817614392,0.1471693594736534,0.997955009838372,0.1291948158552182,0.2547463362284614,0.4805429671001613,0.1665919119168736,,-168.08663506878577,360.17327013757154,400.6209264751035
2026-06-01T17:15:15,19,7,1900073,"ARX(2,1)",True,True,0,-170.34310629067778,364.68621258135556,405.1338689188875,8.385405270487865,0.0201961411534108,0.4706373966505049,0.1264448899961111,0.8124732262611347,1.3429178220261355,0.085080644587578,0.9324519413096276,0.1273487804224954,0.227205192938355,0.53651447249469,0.1544003541298092,,-170.34310628700575,364.6862125740115,405.13386891154346
2026-06-01T17:21:51,19,8,1900083,"ARX(2,1)",True,True,0,-168.07605412622104,360.1521082524421,400.59976458997403,1.3582845013361249,0.048921814821946,0.6923240288003337,0.136799546728505,0.4458914946732717,1.2604941086326276,0.1492026696417877,0.9865163055152816,0.1265050701953111,0.2570588394736359,0.480161025333823,0.1675298624090968,,-168.0760541261933,360.1521082523866,400.59976458991855
2026-06-01T17:32:25,19,9,1900093,"ARX(2,1)",True,True,0,-168.19779216819526,360.3955843363905,400.8432406739225,1.5159185196343954,0.0382872459286787,0.6719144136142479,0.1279096414205454,0.4718213856302993,1.5170349138159878,0.1474200475372128,1.1739026192775723,0.1308719810776232,0.2557822256649218,0.4769195782322466,0.1642979396541887,,-168.19779215168023,360.39558430336047,400.8432406408924
2026-06-01T17:45:34,19,10,1900103,"ARX(2,1)",True,True,0,-168.0783506786584,360.1567013573168,400.6043576948488,1.4111970477628613,0.0499413011611259,0.6864964657750627,0.1367977039488186,0.4535924603883609,1.236723576617955,0.1479891240083725,0.9728883609649552,0.1278552065025987,0.2565845967468652,0.480362427837656,0.166967153615191,,-168.07835067739643,360.15670135479286,400.6043576923248
2026-06-01T17:58:42,19,11,1900113,"ARX(2,1)",True,True,0,-168.07661963891476,360.1532392778295,400.6008956153615,1.3786990961465262,0.0485510207147768,0.6885688493765469,0.1382551469430566,0.4514145582672245,1.2620915064559772,0.1492827138015368,0.987749904286775,0.1269998558808622,0.257181619994447,0.480008648715262,0.1671047627605051,,-168.07661963885135,360.1532392777027,400.60089561523466
2026-06-01T18:13:02,19,12,1900123,"ARX(2,1)",True,True,0,-168.08296344871485,360.1659268974297,400.61358323496165,1.425650809739023,0.0475750176994824,0.6874437223736473,0.1376379894136071,0.4500154625844462,1.277993427418316,0.147195836192102,1.0165379671605368,0.1255175941990332,0.2557072604940132,0.4841983508498273,0.166424929207347,,-168.0829634486704,360.1659268973408,400.6135832348728
2026-06-01T18:33:02,19,13,1900133,"ARX(2,1)",True,True,0,-168.07609248798173,360.15218497596345,400.5998413134954,1.3662662600855602,0.0487385145079002,0.6914576314437664,0.1364626537827388,0.4467729925876001,1.265190502749649,0.1489701698047933,0.9891147661154784,0.1265867998496369,0.2566461186178974,0.4804279860933162,0.1675420449070879,,-168.07609248500685,360.1521849700137,400.59984130754566
2026-06-01T18:44:36,19,14,1900143,"ARX(2,1)",True,True,0,-168.07654572569493,360.15309145138986,400.6007477889218,1.3383724118526077,0.0491189372518472,0.69375192513781,0.1378235014459265,0.4444206275670159,1.25259510115971,0.149919535823378,0.9818393182165464,0.126169545760581,0.2570212248571602,0.4805049314370747,0.1676654334350721,,-168.07654572568202,360.15309145136405,400.600747788896
2026-06-01T18:54:58,19,15,1900153,"ARX(2,1)",True,True,0,-168.13987323615112,360.27974647230224,400.7274028098342,1.6790388886658676,0.0482416304394042,0.6578413577103688,0.1323193426126508,0.4911622722002096,1.3011666223427432,0.1426550945846774,1.006945686288244,0.1291203472476943,0.2532520818115089,0.4880767720577121,0.1613586457369807,,-168.1398732372383,360.2797464744766,400.72740281200856
2026-06-01T19:06:48,19,16,1900163,"ARX(2,1)",True,True,0,-168.0799606573188,360.1599213146376,400.60757765216954,1.2970023525051633,0.0482026865950126,0.6984053414069809,0.1378618742603937,0.4384515943298525,1.2580133818753598,0.1509590910099386,0.9977585655531386,0.1249484471631576,0.2561406064293789,0.4824830296124447,0.1679003063359553,,-168.07996065742296,360.1599213148459,400.6075776523778
2026-06-01T19:26:07,19,17,1900173,"ARX(2,1)",True,True,0,-168.45389374922158,360.90778749844316,401.3554438359751,1.9739032879667933,0.0708418052435674,0.6098538875717531,0.130383555993131,0.558249143093205,0.9675144021743805,0.1456080999567315,0.7695202581129135,0.1466033461397428,0.2656503516358961,0.4720944124663108,0.1575492950492891,,-168.45389374923903,360.90778749847806,401.35544383601
2026-06-01T19:42:28,19,18,1900183,"ARX(2,1)",True,True,0,-168.0762319345124,360.1524638690248,400.60012020655677,1.3467993402072382,0.0486857704981267,0.6933137668195931,0.1373051430600634,0.4446707561392344,1.2656481010880667,0.1495316450405754,0.9904676417197712,0.1261585269866871,0.2569490467414168,0.4800401827844587,0.1679348649592454,,-168.07623193450095,360.1524638690019,400.60012020653386
2026-06-01T19:51:40,19,19,1900193,"ARX(2,1)",True,True,0,-168.076023313344,360.152046626688,400.59970296421994,1.3623547070730389,0.0489574863172099,0.6914422888974644,0.1366338074609778,0.4472932174368867,1.2611823875281736,0.1492171739537623,0.98534223757289,0.126556097536173,0.2568191723778294,0.4806049338036782,0.1673272646823108,,-168.07602331332868,360.1520466266573,400.5997029641893
2026-06-01T20:11:25,19,20,1900203,"ARX(2,1)",True,True,0,-168.07697073319255,360.1539414663851,400.60159780391706,1.3786645910795736,0.0502596634191464,0.6897088826277822,0.1355423506587053,0.4497810846282802,1.243315970437029,0.1487816674723625,0.9695667603847162,0.1268356001508859,0.2570100908879444,0.4817287789905581,0.1661601195397108,,-168.0769707336745,360.153941467349,400.60159780488095
2026-06-01T20:35:40,19,21,1900213,"ARX(2,1)",True,True,0,-168.14783222408374,360.2956644481675,400.74332078569944,1.5700499534302468,0.0456069225041776,0.6605246678691198,0.154332001039882,0.4919216494770271,1.218537891571473,0.1487183589571554,1.0101607133931818,0.1420264158687848,0.2495150682679388,0.4698590373219131,0.1710417991818428,,-168.1478322144436,360.2956644288872,400.7433207664192
2026-06-01T20:46:17,19,22,1900223,"ARX(2,1)",True,True,0,-168.07605660854716,360.1521132170943,400.5997695546263,1.3631146056975858,0.0487742187202879,0.691689440503577,0.1367484916928789,0.4470280354688123,1.2655095488285086,0.149048826943709,0.987655176725952,0.1264297245898621,0.2568736758485342,0.4804161244621495,0.1674746167120395,,-168.07605660804794,360.15211321609587,400.5997695536278
2026-06-01T20:56:16,19,23,1900233,"ARX(2,1)",True,True,0,-168.076036323146,360.152072646292,400.599728983824,1.359536354488099,0.0489399720080063,0.6916349808844442,0.1370745681338726,0.4471905293152304,1.2590974785476832,0.1493008118667177,0.9848643982130626,0.1264797955497267,0.2566637957732396,0.4809477441821231,0.1672840466721914,,-168.0760363231313,360.1520726462626,400.5997289837945
2026-06-01T21:09:43,19,24,1900243,"ARX(2,1)",True,True,0,-168.08461669403226,360.1692333880645,400.6168897255965,1.2773866649676064,0.0500638579292086,0.6992388619075317,0.1379367796199853,0.4409415612229983,1.227501477284327,0.1516375831826055,0.9669686579004914,0.1257325297719358,0.2587458677412576,0.4786042101638937,0.1681883136405934,,-168.08461668435066,360.1692333687013,400.6168897062333
2026-06-01T21:18:53,19,25,1900253,"ARX(2,1)",True,True,0,-168.0760433504466,360.1520867008932,400.5997430384252,1.3603831669926842,0.04889048800436,0.691571149946227,0.1367256371200334,0.4472795415762118,1.2632769868330835,0.1492716027402863,0.9856039831255208,0.1263074309172443,0.2566217795937132,0.4811225228016079,0.1672939748687296,,-168.07604335048217,360.15208670096433,400.5997430384963
2026-06-01T21:34:00,19,26,1900263,"ARX(2,1)",True,True,0,-168.07603067643277,360.15206135286553,400.5997176903975,1.3629026382256009,0.0489402163474431,0.6915774848368129,0.1365326538097781,0.446991165596411,1.261233867420098,0.1491103096566195,0.9858425488622884,0.1265342301535675,0.2569394895255534,0.4805677266063819,0.1672130284337851,,-168.0760306762739,360.1520613525478,400.5997176900797
2026-06-01T21:40:46,19,27,1900273,"ARX(2,1)",True,True,0,-169.64817229632564,363.2963445926513,403.74400093018323,5.409212068526203,0.0431980666723083,0.5456150402725295,0.1142014584341202,0.623865425386047,1.253720281084208,0.0955430348339339,0.9976824261945332,0.1328527626686383,0.2363094222539759,0.5208019289256801,0.1507683984038249,,-169.64817226975728,363.29634453951456,403.7440008770465
2026-06-01T21:46:36,19,28,1900283,"ARX(2,1)",True,True,0,-168.08355028618323,360.16710057236645,400.6147569098984,1.454481987630716,0.0507187122419436,0.6813068241796169,0.1353003047939185,0.4609386870958497,1.2214153076836785,0.1472387760045628,0.9615301742082092,0.1291889226267621,0.2558745752265942,0.4821580713671791,0.16531973896428,,-168.08355028630365,360.1671005726073,400.6147569101393
2026-06-01T21:59:20,19,29,1900293,"ARX(2,1)",True,True,0,-168.0798082013079,360.1596164026158,400.6072727401478,1.3540113906864637,0.0469202250647142,0.6934726967140585,0.1360161937172067,0.4438857679099359,1.3130427134993037,0.1488072218025555,1.021303617504098,0.1246832200582839,0.2558463914698131,0.482078087442082,0.1678809402283279,,-168.0798082003442,360.1596164006884,400.60727273822033
2026-06-01T22:11:21,19,30,1900303,"ARX(2,1)",True,True,0,-168.07778653732157,360.15557307464314,400.6032294121751,1.3697422539875752,0.0473682437369508,0.6909379021423068,0.1367847007246427,0.4477707933887553,1.2957324638938714,0.1489300557079601,1.0094370545158389,0.1261852428466482,0.2566314626907133,0.4800575465652251,0.1676806695772369,,-168.07778653731165,360.1555730746233,400.60322941215526
2026-06-01T22:21:22,19,31,1900313,"ARX(2,1)",True,True,0,-168.07679741882686,360.1535948376537,400.60125117518567,1.393383801234192,0.0489456549296253,0.6880436868810565,0.1359260250492492,0.4519615055126866,1.2617088241144858,0.1485122201855861,0.9853216746612344,0.1269487155373923,0.2565239166711013,0.4816274361013946,0.1664158590730358,,-168.07679741882143,360.15359483764286,400.6012511751748
2026-06-01T22:32:04,19,32,1900323,"ARX(2,1)",True,True,0,-168.076064943405,360.15212988681,400.5997862243419,1.3563228094209454,0.0487551516895872,0.6922639991096601,0.1370384681440423,0.4460742108997217,1.2596444350799598,0.1493471619806547,0.9879437349066876,0.1265046194275426,0.2568332725156654,0.4806838382601928,0.1673500119077331,,-168.07606494353684,360.15212988707367,400.5997862246056
2026-06-01T22:41:02,19,33,1900333,"ARX(2,1)",True,True,0,-168.07604310951132,360.15208621902264,400.5997425565546,1.358217814703991,0.0488399449123701,0.6919290043315028,0.1364978045789973,0.4465114528508394,1.265447944135726,0.1492967429649087,0.9877789285549988,0.1262801468062674,0.2567171365691933,0.4809966722606522,0.1672556225464602,,-168.07604310949517,360.1520862189903,400.59974255652224
2026-06-01T23:10:55,19,35,1900353,"ARX(2,1)",True,True,0,-168.07640087948286,360.1528017589657,400.6004580964977,1.3816516790408389,0.049315247447096,0.6894240909279683,0.1355455468958663,0.4498169331947039,1.2569832205578435,0.14875228452845,0.981034753275174,0.1268334280744733,0.2567395102254024,0.4815606047278552,0.1664167469211292,,-168.07640086207962,360.15280172415925,400.6004580616912
2026-06-01T23:20:28,19,36,1900363,"ARX(2,1)",True,True,0,-168.08117533742177,360.16235067484354,400.6100070123755,1.4023792894712444,0.0477538570078641,0.6921120623818421,0.1352739053741149,0.4438169993470819,1.2772826851454246,0.1466395665297753,1.003131619280861,0.1273110690585405,0.2534698560940485,0.4812433150017481,0.1687799454459171,,-168.0811753375991,360.1623506751982,400.6100070127301
2026-06-01T23:28:23,19,37,1900373,"ARX(2,1)",True,True,0,-168.07603042192818,360.15206084385636,400.5997171813883,1.362174938157871,0.0489274429722138,0.691726901679115,0.1366476017671195,0.4468603284227407,1.25956806953331,0.1491316367891856,0.9866036735173852,0.1264132799767488,0.2565211240515268,0.4811722510496332,0.1672880893108918,,-168.0760304221067,360.1520608442134,400.59971718174535
2026-06-01T23:38:41,19,38,1900383,"ARX(2,1)",True,True,0,-168.07712278521132,360.15424557042263,400.6019019079546,1.355879524070846,0.0499312289055959,0.6925319751985687,0.1370075402018425,0.4459347583555708,1.233278509515046,0.1493508792790235,0.9693610770951444,0.1267082766840111,0.256141830415162,0.4822988937514024,0.1669726354963042,,-168.07712278304626,360.1542455660925,400.6019019036245
2026-06-01T23:56:18,19,39,1900393,"ARX(2,1)",True,True,0,-168.0760595401817,360.1521190803634,400.59977541789533,1.3619827583491482,0.0489131422679625,0.6911682274984283,0.1370864256336616,0.447828792967105,1.2567214568022202,0.1493387712089472,0.9854919691270246,0.1266062942861028,0.2567044236472522,0.4809063468203537,0.1671839545751228,,-168.07605954021085,360.1521190804217,400.5997754179537
2026-06-02T00:10:30,19,40,1900403,"ARX(2,1)",True,True,0,-168.07616285868315,360.1523257173663,400.59998205489825,1.3651704744588875,0.0493086801457447,0.6915093631831479,0.1368496922316946,0.4470625778521845,1.2502539705954845,0.1490884147256097,0.9803071457574224,0.1267343036619674,0.2566961213447402,0.4809590156328137,0.1672028176068174,,-168.0761628580372,360.1523257160744,400.5999820536064
2026-06-01T16:54:59,20,4,2000043,"ARX(2,1)",True,True,0,-168.07608611649044,360.1521722329809,400.59982857051284,1.3520727910986277,0.0488366129304388,0.6926112881507239,0.1365763420580277,0.4458301819350693,1.2640957656482523,0.1494194519866117,0.9879151651668862,0.126154557001815,0.2568437110269987,0.4807907037724963,0.1674234603910299,,-168.07608611667683,360.15217223335367,400.5998285708856
2026-06-01T17:07:13,20,5,2000053,"ARX(2,1)",True,True,0,-168.09506989959704,360.19013979919407,400.637796136726,1.2307027625138718,0.0485968438659291,0.7070133078992741,0.1418137698276686,0.4272512549852637,1.2965893035704552,0.1516996376970558,0.9871736648018052,0.1201202033794622,0.2576798465562692,0.4814420826003953,0.170578662247209,,-168.0950698968216,360.1901397936432,400.6377961311752
2026-06-01T17:34:15,20,7,2000073,"ARX(2,1)",True,True,0,-170.73059861457378,365.46119722914756,405.9088535666795,4.183243384404206,0.0716841504292147,0.5831066584379931,0.2276212506231865,0.5797584058529517,0.3659532339709368,0.1047517738451046,0.7871396746485286,0.1553108676160963,0.2600095119395043,0.4812035337517352,0.1486442856655882,,-170.73059861451273,365.4611972290255,405.9088535665574
2026-06-01T17:44:43,20,8,2000083,"ARX(2,1)",True,True,0,-168.08377949645302,360.16755899290604,400.615215330438,1.4033746005844312,0.048874206515182,0.6866151304261819,0.1419687091575174,0.4530083364786739,1.2158238438418942,0.1487342574854718,0.9908764365256508,0.1279454177260042,0.254542375158072,0.4795014353911266,0.1705468708876987,,-168.0837794772081,360.1675589544162,400.6152152919482
2026-06-01T17:53:01,20,9,2000093,"ARX(2,1)",True,True,0,-168.07968906704536,360.15937813409073,400.6070344716227,1.4271492037876394,0.0492301821496,0.6852424138796149,0.135822186434877,0.4548417216945821,1.266517803071141,0.1474672776178799,0.9770843718962772,0.1280503948658645,0.2566304114784282,0.4795156820822562,0.1670340274509344,,-168.07968906703917,360.15937813407834,400.6070344716103
2026-06-01T18:02:53,20,10,2000103,"ARX(2,1)",True,True,0,-168.0761488775829,360.1522977551658,400.59995409269777,1.35667312449551,0.0491626254144172,0.6919269342457057,0.1361091641436999,0.4468808634346778,1.2541503363737394,0.1494479412914263,0.983983501626885,0.1264259465398972,0.2563887403798349,0.4817669304872886,0.1669720153194758,,-168.07614887758717,360.15229775517435,400.5999540927063
2026-06-01T18:12:30,20,11,2000113,"ARX(2,1)",True,True,0,-168.07614322698896,360.1522864539779,400.5999427915099,1.3658911855225682,0.0493035693897734,0.6909495489769617,0.136627519129209,0.4481486609194899,1.2529502239505217,0.1491869601084461,0.9798615711646362,0.126807915537518,0.2566875497310124,0.4808447664746474,0.1671999113311418,,-168.07614322373524,360.1522864474705,400.5999427850024
2026-06-01T18:22:04,20,12,2000123,"ARX(2,1)",True,True,0,-168.07630941340884,360.1526188268177,400.6002751643496,1.3774670433256242,0.0488256116900723,0.6895165603777778,0.1368394973227821,0.4499521372065292,1.2603089872225173,0.1489115756312815,0.9889138635885542,0.1264145782543508,0.2562742528629142,0.4817631585439876,0.1669393859808339,,-168.07630940596783,360.15261881193567,400.6002751494676
2026-06-01T18:30:50,20,13,2000133,"ARX(2,1)",True,True,0,-168.076029473453,360.152058946906,400.59971528443793,1.363025155129802,0.0490255658676242,0.6914367811841624,0.1366258229755621,0.447111768182669,1.2587157048289626,0.1492075761779705,0.9844662111956418,0.126590850831693,0.2567535925194755,0.4807121267754132,0.1672991781444087,,-168.0760294734813,360.1520589469626,400.59971528449455
2026-06-01T18:51:14,20,14,2000143,"ARX(2,1)",True,True,0,-168.1377693004795,360.275538600959,400.72319493849096,1.1168222184651628,0.0466836729580864,0.7173554109280768,0.1376546593379728,0.4169863156608596,1.2941578863806171,0.1564851744373349,1.0088458371922016,0.1225493205853759,0.2618665348529852,0.4702980914136738,0.1746304755434103,,-168.13776930332978,360.27553860665955,400.7231949441915
2026-06-01T19:03:50,20,15,2000153,"ARX(2,1)",True,True,0,-168.0760564428611,360.1521128857222,400.59976922325416,1.3577479231913163,0.0490196921477298,0.692026462699102,0.1370274794352077,0.4464882871834194,1.2623395352312838,0.1492787556953878,0.9854386322378548,0.126240732075751,0.2568934789516262,0.4807773676178631,0.1674126226189798,,-168.07605644288276,360.1521128857655,400.5997692232975
2026-06-01T19:12:24,20,16,2000163,"ARX(2,1)",True,True,0,-168.0762410994454,360.1524821988908,400.6001385364228,1.3442685210792469,0.0488410055611392,0.6934146243865831,0.1365957881627814,0.4448392876348797,1.2629262180809728,0.1496578497519884,0.9876482650511352,0.1262429581180136,0.2567790780340335,0.4805236895292327,0.1676711550725455,,-168.07624109911924,360.1524821982385,400.6001385357704
2026-06-01T19:36:20,20,18,2000183,"ARX(2,1)",True,True,0,-168.07606467492255,360.1521293498451,400.59978568737705,1.3589689528428095,0.0488702695427642,0.6917539302344716,0.1368536299324031,0.4466108696633198,1.2655873985729065,0.1493300476361905,0.988360189094444,0.1263147580546381,0.25680827952803,0.4806358687651295,0.1673142052689068,,-168.07606467093274,360.1521293418655,400.5997856793974
2026-06-01T19:41:53,20,19,2000193,"ARX(2,1)",True,True,0,-168.07614716805688,360.15229433611375,400.5999506736457,1.3649020531308116,0.0485282955943872,0.6913294833953629,0.1366206846023244,0.4471577894844701,1.268732410894648,0.149094333925138,0.9924131860704084,0.1263622709058694,0.2566424017408992,0.4806870520090777,0.1675402376101593,,-168.07614716819182,360.15229433638365,400.5999506739156
2026-06-01T19:51:58,20,20,2000203,"ARX(2,1)",True,True,0,-168.07641607894192,360.15283215788384,400.6004884954158,1.3705557137469315,0.0489089458314229,0.690023124594317,0.1349388936054266,0.4496954783689021,1.2622237050239609,0.1491772226923632,0.9862544951326888,0.1265664067785078,0.2580214700238886,0.4805296789837176,0.1662874322090465,,-168.07641607890957,360.15283215781915,400.6004884953511
2026-06-01T20:00:09,20,21,2000213,"ARX(2,1)",True,True,0,-168.07638141700193,360.15276283400385,400.6004191715358,1.3672012202052304,0.0484674754527727,0.6907314902292965,0.1366866950093772,0.4476499200787475,1.2728864579754338,0.1490822760777694,0.9938183226728664,0.1262762806826403,0.2576023712210045,0.4799829524193797,0.1671009040113366,,-168.076381415718,360.152762831436,400.600419168968
2026-06-01T20:17:59,20,22,2000223,"ARX(2,1)",True,True,0,-168.10084358394738,360.20168716789476,400.6493435054267,1.4993287095432035,0.0536888802158887,0.6720946489197891,0.1364660470150113,0.4751878934386787,1.2067092477380614,0.1472709009894684,0.9227128947628452,0.128733901011749,0.2565984672322074,0.4844219132855742,0.1626393272326309,,-168.10084358051313,360.20168716102626,400.6493434985582
2026-06-01T20:27:16,20,23,2000233,"ARX(2,1)",True,True,0,-168.07603410715384,360.1520682143077,400.59972455183964,1.3644259567754358,0.048892744865914,0.6914523151946415,0.1365666590861468,0.4471033464169298,1.2632072654978015,0.1490923258228851,0.9864844435947104,0.1265292089676418,0.2568057270753358,0.4806015189957397,0.1673423457180815,,-168.0760341071496,360.1520682142992,400.5997245518312
2026-06-01T20:40:59,20,24,2000243,"ARX(2,1)",True,True,0,-168.07844894320937,360.15689788641873,400.6045542239507,1.3090893315767462,0.0482867529159853,0.6975444968397775,0.1366814476405886,0.4386916824503425,1.278784299564849,0.150476175216086,0.9984858456940526,0.1252980985597651,0.2571278295250664,0.4798352624390948,0.1684607221424895,,-168.0784489431034,360.1568978862068,400.6045542237388
2026-06-01T20:47:39,20,25,2000253,"ARX(2,1)",True,True,0,-168.0761451909652,360.1522903819304,400.59994671946237,1.359582513266259,0.0490485107840839,0.6921245250067521,0.1368541487816704,0.4464465776585907,1.2544961488887258,0.1491888637699928,0.9858731172285874,0.1262225684295762,0.2571312718656491,0.4813640339857201,0.1669090298749752,,-168.07614519097464,360.1522903819493,400.5999467194813
2026-06-01T21:00:11,20,26,2000263,"ARX(2,1)",True,True,0,-168.0760834206008,360.1521668412016,400.5998231787336,1.3582353790453727,0.048677836994421,0.6917828549697622,0.1371739320155253,0.4468281477325932,1.2655682027072388,0.1493492796425846,0.990651300179628,0.1263300280881065,0.2565588724940026,0.4807533541389024,0.1675164625030824,,-168.07608342067635,360.1521668413527,400.5998231788847
2026-06-01T21:11:38,20,27,2000273,"ARX(2,1)",True,True,0,-168.0776985467919,360.1553970935838,400.60305343111577,1.3887223922181666,0.049939775627652,0.6876903523863712,0.1370206136765941,0.4527802056396618,1.2319461260722877,0.1490556606740557,0.9705684399770926,0.1270944898605646,0.2574507220626908,0.4818849918377466,0.1658481166131531,,-168.07769854762225,360.1553970952445,400.6030534327765
2026-06-01T21:22:04,20,28,2000283,"ARX(2,1)",True,True,0,-168.07612259815812,360.15224519631624,400.5999015338482,1.3540549298489328,0.0486909528940051,0.6922798778483866,0.136683568818892,0.4460791368599853,1.2684832036123304,0.1494102936993556,0.9900550592887416,0.1262698421366537,0.2569908701300948,0.4801675597876921,0.1676383394843682,,-168.07612259822636,360.1522451964527,400.5999015339847
2026-06-01T21:32:35,20,29,2000293,"ARX(2,1)",True,True,0,-168.07614720392422,360.15229440784844,400.5999507453804,1.3570998089145097,0.0487575470805575,0.6922246211401087,0.1366526769668345,0.4465632330738412,1.2634985778515322,0.1491614241729861,0.988018141982761,0.1261063822481025,0.2565079252394759,0.4819956810383418,0.166692914520694,,-168.07614720334806,360.1522944066961,400.59995074422807
2026-06-01T21:43:58,20,30,2000303,"ARX(2,1)",True,True,0,-168.0790718583637,360.1581437167274,400.60580005425936,1.4054140312355063,0.0505356639980587,0.6888814307042755,0.1346062367946574,0.4506412240883167,1.248497333112699,0.1474747546384489,0.9638248174154432,0.1275201836719496,0.2573084586321792,0.4807114419048801,0.166090797726805,,-168.07907185833932,360.15814371667864,400.6058000542106
2026-06-01T22:04:08,20,31,2000313,"ARX(2,1)",True,True,0,-168.09070719482006,360.1814143896401,400.62907072717206,1.3215007636960618,0.0478952530366635,0.6945808557439871,0.1269831134444064,0.4411597300645415,1.3606413363986387,0.1503337550729427,1.023377712517218,0.1242724670957126,0.2588769030282596,0.4798824041511041,0.1647909658139897,,-168.09070719724718,360.1814143944944,400.6290707320263
2026-06-01T22:09:34,20,32,2000323,"ARX(2,1)",True,True,0,-168.07617001953815,360.1523400390763,400.59999637660826,1.3484787181578486,0.048686289021735,0.692966400532475,0.136938921066736,0.4451391497874191,1.2655926905925206,0.1495721689763881,0.9900894883317316,0.1262295653795969,0.2568335368055358,0.4805480717637796,0.1676167583328935,,-168.07617001957993,360.15234003915987,400.5999963766918
2026-06-01T22:18:05,20,33,2000333,"ARX(2,1)",True,True,0,-168.0830744753248,360.1661489506496,400.61380528818154,1.4439592020052103,0.0513088860362436,0.6824143934328546,0.1350827906251611,0.4596173769334008,1.2183593533665398,0.1474941337746832,0.9568075070079364,0.1287138203010334,0.2562305886152321,0.4813499954492908,0.1662396305198544,,-168.0830744588843,360.1661489177686,400.6138052553006
2026-06-01T22:27:59,20,34,2000343,"ARX(2,1)",True,True,0,-168.0773354445867,360.1546708891734,400.60232722670537,1.3513057295229969,0.0490018436743615,0.6929908014765811,0.1369142295307485,0.4455899159438929,1.2544100374317797,0.1496014126303943,0.9929522204434094,0.1261803677138357,0.2568108174168536,0.4824614434363866,0.1656593371644999,,-168.07733544383484,360.1546708876697,400.6023272252016
2026-06-01T22:38:34,20,35,2000353,"ARX(2,1)",True,True,0,-168.07717872176426,360.1543574435285,400.60201378106046,1.3286419569350902,0.0489993661208425,0.6942502214686739,0.134981899253525,0.443185138107271,1.263984225642206,0.1503800160435035,0.987885256481612,0.1265160730213516,0.2574535280279426,0.4797173507854517,0.1674331419881719,,-168.07717872133097,360.15435744266193,400.6020137801939
2026-06-01T22:54:17,20,36,2000363,"ARX(2,1)",True,True,0,-168.0809576560088,360.1619153120176,400.60957164954954,1.4232769680909032,0.0502598593385541,0.6862419664782328,0.1338446075568169,0.453484378695433,1.2653239631461264,0.1474634810283559,0.9696600284344044,0.126049187909926,0.2564458810979675,0.4847861391299347,0.1647806449836061,,-168.08095765600694,360.1619153120139,400.6095716495458
2026-06-01T23:05:49,20,37,2000373,"ARX(2,1)",True,True,0,-168.07738322171866,360.1547664434373,400.6024227809693,1.3859027574420923,0.0488925262161241,0.6899023969623866,0.1362880781419111,0.4490217486537536,1.2516864943613075,0.1480426919962583,0.9824674529938096,0.125736682317388,0.2571865909290159,0.4827831986599132,0.1663114671275437,,-168.0773832246167,360.1547664492334,400.6024227867654
2026-06-01T23:12:17,20,38,2000383,"ARX(2,1)",True,True,0,-168.07669649005805,360.1533929801161,400.60104931764806,1.3701016156152168,0.0491513506184046,0.6906018730703843,0.1359130105797507,0.449380624951451,1.265339989894838,0.1486790192872006,0.9863651698828896,0.1253308253655679,0.2560639743510129,0.484199556622537,0.16585229553995,,-168.07669648906457,360.1533929781291,400.601049315661
2026-06-01T23:29:04,20,39,2000393,"ARX(2,1)",True,True,0,-168.08102926973032,360.16205853946065,400.6097148769926,1.4370175912038552,0.0502438361712792,0.6838314846224446,0.1375808077576406,0.4572130675058644,1.2368576597370462,0.1473333909809569,0.9668156993487906,0.128082313269596,0.2550450872714645,0.4825286819299985,0.1664912923630689,,-168.08102926989898,360.16205853979795,400.6097148773299
2026-06-01T23:44:12,20,40,2000403,"ARX(2,1)",True,True,0,-168.07626616989438,360.15253233978876,400.6001886773207,1.3446122520916186,0.0487868950833784,0.6935019527925396,0.1366611398886094,0.4444989449819371,1.2668975298244185,0.1495836629649163,0.987430467422315,0.1261496295817546,0.2570404489384573,0.4801821898488453,0.1677631962577875,,-168.0762661698618,360.1525323397236,400.6001886772556
2026-06-01T16:29:59,21,2,2100023,"ARX(2,1)",True,True,0,-168.0770707449135,360.154141489827,400.60179782735895,1.356233271804155,0.0497218106160963,0.6932512775689699,0.1378503734938026,0.4441497828006474,1.2360673601981047,0.1491599163736144,0.9708786908485714,0.1266475119826308,0.2564894245464239,0.4813116087408718,0.1673842340382816,,-168.07707074334894,360.1541414866979,400.6017978242298
2026-06-01T16:42:22,21,3,2100033,"ARX(2,1)",True,True,0,-168.0895578965393,360.1791157930786,400.62677213061056,1.4691908869673296,0.0472499479861045,0.680308954873562,0.1340598665014955,0.460560399665976,1.3273136670940997,0.146393485190752,1.0129970725798545,0.1274188086076788,0.25622289086467,0.4797557175874963,0.1669262143026287,,-168.08955789434992,360.17911578869985,400.6267721262318
2026-06-01T17:00:52,21,5,2100053,"ARX(2,1)",True,True,0,-169.45121881310385,362.9024376262077,403.35009396373965,4.798472859027448,0.0464285033675713,0.5482217512131634,0.1211005246822653,0.6436598148945204,1.187796954688486,0.1005707747331858,0.9109257989143362,0.1314019550480499,0.2446463818352346,0.5155841785332574,0.1497339632190793,,-169.4512188080535,362.902437616107,403.350093953639
2026-06-01T17:15:47,21,6,2100063,"ARX(2,1)",True,True,0,-168.08020464878913,360.16040929757827,400.6080656351102,1.363439430411665,0.0503510555253075,0.690879602816605,0.132608988943432,0.4486942675922263,1.2518897289564692,0.1491790639134852,0.9625760668515734,0.1253256745213805,0.2548528797617045,0.4887118817320526,0.1639936695804637,,-168.08020464881497,360.16040929762994,400.6080656351619
2026-06-01T17:24:12,21,7,2100073,"ARX(2,1)",True,True,0,-168.07602769270653,360.15205538541306,400.599711722945,1.3582524684113082,0.0489155098593495,0.6918789963916951,0.136877673246849,0.4466157287919248,1.2597841215112724,0.1493512760075619,0.9863269889779244,0.1263967828450059,0.256653025314091,0.4809980337725544,0.1673057454780844,,-168.07602769261112,360.15205538522224,400.5997117227542
2026-06-01T17:35:33,21,8,2100083,"ARX(2,1)",True,True,0,-168.08521833333913,360.17043666667826,400.6180930042102,1.4561044702889387,0.0498789571774847,0.6807481514668217,0.1331362078105698,0.4631106702552933,1.2757230463810052,0.1469352177882351,0.9678805222803224,0.128236972909284,0.2580393860265449,0.4781976185556126,0.1665546513912429,,-168.0852183333525,360.170436666705,400.6180930042369
2026-06-01T17:45:43,21,9,2100093,"ARX(2,1)",True,True,0,-168.08393455276655,360.1678691055331,400.61552544306505,1.272014066309899,0.04761277170144,0.7025406225879595,0.1379051745783762,0.4313463304580081,1.290349195211554,0.1510081608755406,1.011446808741945,0.1244341222390345,0.2569410778159132,0.4797170174018427,0.1693972741680246,,-168.0839345526415,360.167869105283,400.6155254428149
2026-06-01T17:51:52,21,10,2100103,"ARX(2,1)",True,True,0,-168.07615450312898,360.15230900625795,400.5999653437899,1.3497672236756315,0.0488205739492521,0.6923178176793254,0.1370257250869609,0.4465675542690187,1.2633529764410532,0.1496238598740246,0.9877224101989625,0.1261089815452661,0.2569493409413282,0.4806990463252291,0.1674512443881241,,-168.07615450311152,360.15230900622305,400.599965343755
2026-06-01T18:00:37,21,11,2100113,"ARX(2,1)",True,True,0,-168.07607961841416,360.1521592368283,400.59981557436026,1.3667080558775084,0.0487558017992605,0.6912460131668754,0.1369475435206401,0.4476025393802545,1.2647975689605542,0.149011897278599,0.9886416800313992,0.1265394503291686,0.2568457490728533,0.4803408454244121,0.1674751459726138,,-168.07607961831252,360.15215923662504,400.599815574157
2026-06-01T18:09:20,21,12,2100123,"ARX(2,1)",True,True,0,-168.07771793905061,360.15543587810123,400.6030922156332,1.3635094296239614,0.0495878765279465,0.6902008675537981,0.1344882932308885,0.4497050711553266,1.2713646580704163,0.1493128617643561,0.9718901993818474,0.1261526867004333,0.2565904897329884,0.4814809910442832,0.1669841835395561,,-168.07771793925343,360.15543587850686,400.6030922160388
2026-06-01T18:17:02,21,13,2100133,"ARX(2,1)",True,True,0,-168.13382587874608,360.26765175749216,400.7153080950241,1.633133392612256,0.0468136572310107,0.6656542357567266,0.1271402159771383,0.4815094257098178,1.3601621718840158,0.1421975284239077,1.0181016659471105,0.1278985621331797,0.2562015272731986,0.4835498286163919,0.1630663072398508,,-168.1338258833287,360.2676517666574,400.7153081041894
2026-06-01T18:27:00,21,14,2100143,"ARX(2,1)",True,True,0,-168.07660332763828,360.15320665527656,400.6008629928085,1.3445959316943306,0.0494329289685152,0.693700502897163,0.1377097598268177,0.4441730142506225,1.2441327790230174,0.1496147793910563,0.9779095309850204,0.1264023088272565,0.2568453728771309,0.480864347365133,0.1675423193367404,,-168.07660332764257,360.15320665528515,400.6008629928171
2026-06-01T18:49:48,21,15,2100153,"ARX(2,1)",True,True,0,-170.11858404162382,364.23716808324764,404.6848244207796,2.465990699583521,0.0409866483439456,0.5454733685124717,0.2207905222975193,0.6734988578429238,0.5017648790719266,0.1501886513716574,1.18792083454226,0.1583307388549075,0.2772649425731402,0.4883549805146007,0.1301484226681342,,-170.11858403416548,364.23716806833096,404.6848244058629
2026-06-01T19:22:04,21,17,2100173,"ARX(2,1)",True,True,0,-168.07742516853756,360.1548503370751,400.60250667460707,1.344040264397287,0.048388755763849,0.6925393032538585,0.1359794777672051,0.4460891456794703,1.2923090288002237,0.1497401286888633,0.9941927946997092,0.1257267089541865,0.2573952256648982,0.4790943021593487,0.1681407805664648,,-168.07742516863772,360.15485033727543,400.6025066748074
2026-06-01T19:32:11,21,18,2100183,"ARX(2,1)",True,True,0,-168.07609683887546,360.1521936777509,400.59985001528287,1.3581968418349206,0.0486407410421935,0.692066501736481,0.1370672495791431,0.4462463919443556,1.2642186679238587,0.1492563873044394,0.9913235166114984,0.1263384293967812,0.2565616454940158,0.4808438003554513,0.1674984087676446,,-168.0760968388763,360.1521936777526,400.5998500152846
2026-06-01T19:42:34,21,19,2100193,"ARX(2,1)",True,True,0,-168.07609286019618,360.15218572039237,400.5998420579243,1.3572401151670004,0.0492331015814195,0.6920031584033977,0.1365648872595126,0.4466289201031551,1.255679297255444,0.1493278658234783,0.9814726880472427,0.1264554454377799,0.2569233051689125,0.4807212317352213,0.167293827390146,,-168.07609286018993,360.15218572037986,400.5998420579118
2026-06-01T20:13:13,21,21,2100213,"ARX(2,1)",True,True,0,-168.07636057343632,360.15272114687264,400.6003774844046,1.3731340672144738,0.0492599055593105,0.690160233425402,0.1374717914145419,0.4492417927917374,1.246333837362636,0.1490148739125843,0.9799828118602154,0.1271909965090856,0.2565649748976605,0.4806274888510987,0.1672096370399393,,-168.07636057333372,360.15272114666743,400.6003774841994
2026-06-01T20:23:53,21,22,2100223,"ARX(2,1)",True,True,0,-168.07602148189505,360.1520429637901,400.59969930132206,1.3600410961755272,0.0489155825693569,0.6917640953793287,0.1364037241991216,0.4469213942666603,1.2621262186357862,0.1492500807983292,0.9868722961356536,0.1263568714744912,0.2567191733083497,0.4810663858418434,0.1672156200549739,,-168.0760214819008,360.1520429638016,400.5996993013336
2026-06-01T20:38:21,21,23,2100233,"ARX(2,1)",True,True,0,-168.08046106143985,360.1609221228797,400.60857846041165,1.3077241929006056,0.047273032019434,0.6982986299973544,0.1356309852135786,0.4376447096175133,1.3087020260398483,0.1502117526441082,1.010955786991924,0.1245739719834039,0.2572230178819591,0.4800965303902453,0.1685473978148448,,-168.0804610611666,360.1609221223332,400.6085784598652
2026-06-01T21:06:11,21,24,2100243,"ARX(2,1)",True,True,0,-168.07709204742054,360.15418409484107,400.601840432373,1.328096420814928,0.0488120748389311,0.6946718169690768,0.1376887014587559,0.4440813190269852,1.2590442366792025,0.1503735482818488,0.9848766278177008,0.1264078214152926,0.2568496173047541,0.4798919147328275,0.1682977816868048,,-168.07709204942827,360.15418409885655,400.6018404363885
2026-06-01T21:40:51,21,26,2100263,"ARX(2,1)",True,True,0,-168.07612004953577,360.15224009907155,400.5998964366035,1.3640883528763357,0.049397223497654,0.6913279717199676,0.1359524193404197,0.4474843246885578,1.255594415256166,0.1491392027630855,0.9806601309643996,0.1264173767144726,0.2569207749196851,0.4811516896068529,0.1670247122545162,,-168.07612004956707,360.15224009913413,400.5998964366661
2026-06-01T22:08:38,21,28,2100283,"ARX(2,1)",True,True,0,-168.0772879935014,360.1545759870028,400.6022323245347,1.3388560493968726,0.0493994974061882,0.6933076073502472,0.1347048405019366,0.4458272989116019,1.2567892136125878,0.1497331531339579,0.9752660905415798,0.1255774240020748,0.2562296745688485,0.4828285422416771,0.1670946603011646,,-168.07728799236563,360.1545759847313,400.60223232226326
2026-06-01T22:22:32,21,29,2100293,"ARX(2,1)",True,True,0,-168.07747479346466,360.1549495869293,400.6026059244613,1.3276477285403971,0.0480838225289234,0.6948256333694173,0.1369149452823256,0.4418334368016892,1.2821474388396217,0.1503069367866777,0.9997366780296648,0.1255288159806636,0.2562339918975401,0.4807659448179518,0.1683870760222871,,-168.077474791903,360.154949583806,400.602605921338
2026-06-01T22:36:46,21,30,2100303,"ARX(2,1)",True,True,0,-168.07669957063052,360.15339914126105,400.601055478793,1.38740315323028,0.0493501393325377,0.6889431378459301,0.135968971500679,0.4502433552738725,1.2526111311184085,0.14859716397775,0.9803711670226202,0.1274678554307351,0.2568041864657737,0.4796534284517704,0.1675523817853181,,-168.07669957053167,360.15339914106335,400.6010554785953
2026-06-01T22:49:57,21,31,2100313,"ARX(2,1)",True,True,0,-168.0760800741251,360.1521601482502,400.5998164857821,1.3661478565903202,0.0488756522269862,0.6910476704170918,0.1369808806077202,0.4479539008318635,1.257338272158797,0.1491791073145784,0.9869887821368212,0.1266869645215252,0.2565663417234046,0.4812808714477961,0.1669962153915702,,-168.07608007407583,360.15216014815167,400.5998164856836
2026-06-01T23:02:08,21,32,2100323,"ARX(2,1)",True,True,0,-168.07800032414173,360.15600064828345,400.6036569858154,1.35944048024147,0.0474385673881183,0.6936017496461543,0.1365938485633001,0.4425992759504701,1.28659043858953,0.1487483048615714,1.011144530768149,0.1254543845829066,0.256373117467979,0.48197822041001,0.1670990405669887,,-168.0780003211139,360.1560006422278,400.60365697975976
2026-06-01T23:08:41,21,33,2100333,"ARX(2,1)",True,True,0,-168.0834173730131,360.1668347460262,400.61449108355816,1.3617432240531084,0.0523442772556901,0.6916778917548925,0.12998510243144,0.4479029108853258,1.205663798200414,0.1494177877358863,0.944566352716226,0.1272489114984223,0.2583652765511972,0.4820702430793134,0.1654736723193238,,-168.08341737304286,360.1668347460857,400.6144910836177
2026-06-01T23:20:54,21,34,2100343,"ARX(2,1)",True,True,0,-168.07686675520463,360.15373351040927,400.6013898479412,1.3944257436487693,0.0488650409524016,0.6880837690033417,0.136479309322539,0.4514651676167038,1.2600659857617678,0.1484077511850036,0.9862757173983516,0.1274122960672275,0.2566201035130437,0.4803916939323707,0.1667698234995446,,-168.07686675510158,360.15373351020315,400.6013898477351
2026-06-01T23:55:33,21,36,2100363,"ARX(2,1)",True,True,0,-168.08449468600526,360.1689893720105,400.61664570954247,1.440041364990739,0.0488566403412372,0.6848672043771562,0.1393001818933301,0.4525514948979197,1.2380734720871536,0.1475683146053423,0.9985572619986524,0.1270591905977487,0.2533363084170017,0.4865045836364643,0.1658167792424912,,-168.08449468606443,360.16898937212886,400.6166457096608
2026-06-02T00:06:10,21,37,2100373,"ARX(2,1)",True,True,0,-168.07627458136542,360.15254916273085,400.6002055002628,1.350564885548693,0.0493452758143305,0.6922487555573921,0.1365153195449978,0.4470187194907984,1.2540684888386993,0.1495882441281808,0.9811056994804036,0.1263111226791768,0.2570072653676232,0.4806741557541398,0.1672068813654214,,-168.0762745812221,360.1525491624442,400.60020549997614
2026-06-02T00:17:42,21,38,2100383,"ARX(2,1)",True,True,0,-168.0767717514762,360.1535435029524,400.60119984048436,1.3931218275983432,0.0488488327364003,0.688469523682352,0.1365871281417354,0.4508942901400468,1.2616833360450892,0.1484061822647078,0.987773678284576,0.1268915798995194,0.2566476601531408,0.4810928449023606,0.1668657890202886,,-168.07677175146324,360.1535435029265,400.6011998404584
2026-06-02T00:29:40,21,39,2100393,"ARX(2,1)",True,True,0,-168.08226797007012,360.16453594014024,400.6121922776722,1.2778285053206853,0.0478023760339607,0.7008436548932951,0.1375165991845597,0.4345725124993831,1.2766685527851989,0.1513984265820029,1.0042103240436286,0.1247558133620335,0.2576179019187555,0.4802320907203912,0.1679035826981636,,-168.0822679544043,360.1645359088086,400.61219224634056
2026-06-02T00:47:08,21,40,2100403,"ARX(2,1)",True,True,0,-170.335723710638,364.671447421276,405.11910375880797,8.36541522360046,0.0225417345377885,0.4725336725602751,0.1207136378629943,0.8045352651189035,1.3425399588334002,0.0847371613459319,0.9174121633795508,0.1268273773374675,0.2313708050867549,0.5355059136929076,0.1518127752496206,,-170.335723711348,364.671447422696,405.119103760228
2026-06-01T16:34:06,22,3,2200033,"ARX(2,1)",True,True,0,-168.07635838132387,360.15271676264774,400.6003731001797,1.3793513633747116,0.0489038565808042,0.6897501107829015,0.1360090623668862,0.4490772979497986,1.2677342608437694,0.1487597134267464,0.9863129004818728,0.1267735622787642,0.256876133442091,0.4802964420807711,0.1672905524279551,,-168.07635838125037,360.15271676250075,400.6003731000327
2026-06-01T16:43:47,22,4,2200043,"ARX(2,1)",True,True,0,-168.07635507191793,360.15271014383586,400.6003664813678,1.37804199510701,0.0494194052125895,0.6898321123861563,0.1368728814643735,0.4494125814166737,1.2504558337116187,0.1488193658210089,0.9789807807795512,0.1268686992916521,0.256694799679056,0.4808341125367582,0.1671244742834695,,-168.0763550720739,360.1527101441478,400.60036648167977
2026-06-01T16:54:39,22,5,2200053,"ARX(2,1)",True,True,0,-168.07648364743739,360.15296729487477,400.6006236324067,1.367466719197593,0.048875635655344,0.6903330711728476,0.1383533485120507,0.4486003662464733,1.254848174400087,0.149285117976538,0.9904163431108972,0.1267937687364382,0.2556186382522935,0.4811077978791934,0.1678823821553877,,-168.0764836474055,360.152967294811,400.6006236323429
2026-06-01T17:06:03,22,6,2200063,"ARX(2,1)",True,True,0,-168.08437537809897,360.16875075619794,400.6164070937299,1.4206950199938764,0.0509174937571004,0.6868934218401556,0.1362039030536419,0.453304822142236,1.195168383276665,0.1473788438222189,0.9507753984681104,0.1285230278260392,0.2540033771511769,0.4858198621380027,0.165218442367139,,-168.084375359729,360.168750719458,400.61640705698994
2026-06-01T17:20:30,22,7,2200073,"ARX(2,1)",True,True,0,-170.13153153422417,364.26306306844833,404.7107194059803,7.127703025158812,0.0272123227047311,0.4796336315960715,0.1179317447224086,0.7942330431131956,1.3168589418112535,0.0905265598431456,0.9141534584799152,0.1274431739090112,0.2293801298429047,0.5396726261801745,0.1486250470241599,,-170.13153153435434,364.2630630687087,404.7107194062406
2026-06-01T17:29:14,22,8,2200083,"ARX(2,1)",True,True,0,-168.0770948853817,360.1541897707634,400.6018461082954,1.3549571368070303,0.0498940065545589,0.6912585464891975,0.1377602774636699,0.4480745355257214,1.235765913658601,0.1496544180274787,0.9786151395802226,0.1261712402904706,0.2573056098343182,0.4814844157644798,0.1666992442880319,,-168.07709488368374,360.1541897673675,400.6018461048994
2026-06-01T17:57:45,22,9,2200093,"ARX(2,1)",True,True,0,-168.07639488834064,360.1527897766813,400.60044611421324,1.3445144121781931,0.0486850474149506,0.6928311146147398,0.137993622794898,0.4449081681166228,1.2627094167447188,0.1497568850674265,0.989108869710318,0.1263103251433972,0.2564406733698293,0.4805107388852284,0.1678529481560111,,-168.0763948883349,360.1527897766698,400.60044611420176
2026-06-01T18:10:20,22,10,2200103,"ARX(2,1)",True,True,0,-168.0801916222796,360.1603832445592,400.6080395820912,1.433540075525933,0.0489728912691367,0.6845378733700842,0.1350144170440745,0.4553338395845024,1.2560546670926216,0.1473730068096207,0.9880244094339808,0.1267258460450976,0.2554786309143497,0.4843573735646874,0.1653421527686063,,-168.08019161870297,360.16038323740594,400.6080395749379
2026-06-01T18:52:31,22,12,2200123,"ARX(2,1)",True,True,0,-168.07632481871127,360.15264963742254,400.6003059749545,1.3540947617053876,0.0483272507778516,0.692668232516642,0.1372958764111869,0.4453189346903622,1.2723856257068993,0.1493006528055619,0.996363003453942,0.1262124955389163,0.2566974703234053,0.4802498223272579,0.1677886399729796,,-168.07632481872304,360.1526496374461,400.600305974978
2026-06-01T19:11:11,22,13,2200133,"ARX(2,1)",True,True,0,-168.07604264937908,360.15208529875815,400.5997416362901,1.3626903835498998,0.0488694694222109,0.6915339479729781,0.1361770020323649,0.4472742882520076,1.2603577610451129,0.1492097868687985,0.9866982046739956,0.1265944741928744,0.2565604269808689,0.481187990889961,0.1671298362868583,,-168.0760426494366,360.1520852988732,400.5997416364052
2026-06-01T19:18:45,22,14,2200143,"ARX(2,1)",True,True,0,-168.07665154765485,360.1533030953097,400.60095943284165,1.3366754624421324,0.0491657526482372,0.6944788253004962,0.1371822910453559,0.4435361778972432,1.257158790572276,0.1497166270550621,0.9816410179809832,0.1262904516467293,0.2577085556618492,0.4793839697823454,0.1677352307817805,,-168.0766515521293,360.1533031042586,400.60095944179056
2026-06-01T19:35:23,22,15,2200153,"ARX(2,1)",True,True,0,-168.07708914948074,360.1541782989615,400.60183463649344,1.3519264306362182,0.0481209645590951,0.691859412718052,0.1360184486443637,0.4471622815201063,1.291476346653203,0.1495191608637424,0.9988300046952264,0.1256194173895291,0.2567557955446267,0.4808367905252117,0.1674882026579364,,-168.07708914829064,360.1541782965813,400.6018346341132
2026-06-01T19:50:13,22,16,2200163,"ARX(2,1)",True,True,0,-168.07614149661248,360.15228299322496,400.5999393307569,1.360217888738083,0.0485289206246001,0.6915900321679317,0.1365149992813873,0.4470754073799821,1.2702195623969068,0.1493168556753466,0.9922414483761914,0.1265513666954564,0.2566885702523331,0.4805232499779633,0.1673974283202872,,-168.07614149669533,360.15228299339066,400.5999393309226
2026-06-01T20:12:49,22,17,2200173,"ARX(2,1)",True,True,0,-168.0776180570801,360.1552361141602,400.6028924516921,1.3443951948384127,0.0499655259247748,0.6933186511499919,0.138090415512017,0.4464332844742563,1.234111170404902,0.1496077400354362,0.9689679520500204,0.1267207913091656,0.2582184589611322,0.4792873593746333,0.1673220019294743,,-168.07761805655656,360.1552361131131,400.6028924506451
2026-06-01T20:26:59,22,18,2200183,"ARX(2,1)",True,True,0,-168.07696393821726,360.1539278764345,400.6015842139665,1.375931609992569,0.0480870484342936,0.6900388316943142,0.1353504464448025,0.4493144167050142,1.2831681048307522,0.1487823316845464,0.9995782547622196,0.1257111110720957,0.2563926272218859,0.4822728269490484,0.1668439275415133,,-168.07696393950135,360.1539278790027,400.60158421653466
2026-06-01T20:36:34,22,19,2200193,"ARX(2,1)",True,True,0,-168.07652760136222,360.15305520272443,400.6007115402564,1.373635348830924,0.0490317756208901,0.6904861971804244,0.1350585287472382,0.448411065310061,1.2737116110222613,0.1487668417311695,0.9841435807779888,0.1265328679719749,0.2568819010391883,0.4803569387575701,0.167309273546134,,-168.07652760136608,360.15305520273216,400.6007115402641
2026-06-01T20:42:19,22,20,2200203,"ARX(2,1)",True,True,0,-168.07636273922108,360.15272547844216,400.6003818159741,1.3410527675935215,0.0486780454267679,0.6938402701127524,0.1366473299299,0.4441215287693872,1.268394425115949,0.1496914903237164,0.9905147924981224,0.1259343128890115,0.2568205518207415,0.4808636960121623,0.1675381244257686,,-168.07636273924123,360.15272547848247,400.6003818160144
2026-06-01T20:49:45,22,21,2200213,"ARX(2,1)",True,True,0,-168.07725487895667,360.15450975791333,400.6021660954453,1.396731387245608,0.0495269938585959,0.6874544011005517,0.1361104241338132,0.4526920901412406,1.2579522739115063,0.1484277644601807,0.9762865122874304,0.1270398680455265,0.2564437038622418,0.4814399500605937,0.1667391633075233,,-168.07725487780493,360.15450975560987,400.6021660931418
2026-06-01T20:56:47,22,22,2200223,"ARX(2,1)",True,True,0,-168.08470983044364,360.1694196608873,400.61707599841924,1.4321577174331854,0.050726654787445,0.6838441204412471,0.1364422955799471,0.4562920669907912,1.2466730034789717,0.1474681975960367,0.953172878917843,0.1249979891748039,0.2571907155973293,0.4853433408069536,0.1647360714400808,,-168.08470983039922,360.16941966079844,400.6170759983304
2026-06-01T21:10:10,22,23,2200233,"ARX(2,1)",True,True,0,-168.07677486954964,360.1535497390993,400.60120607663123,1.382114237161294,0.0490807877992536,0.6896764685182126,0.1345493234963382,0.4505055508618558,1.2571472066031966,0.1487636627775388,0.9877103620202394,0.1267878433378575,0.2567120622644326,0.4823383083541815,0.1659387039072618,,-168.07677486950803,360.15354973901606,400.601206076548
2026-06-01T21:22:46,22,24,2200243,"ARX(2,1)",True,True,0,-168.078153605298,360.156307210596,400.603963548128,1.316609822908985,0.0483418029540292,0.6964781920118244,0.1369879355264983,0.4394372483589315,1.2737151816069985,0.1504344348815834,0.9920967869802316,0.1247661647236397,0.2565477363478857,0.4826857980117941,0.166944820595706,,-168.07815359836314,360.1563071967263,400.60396353425824
2026-06-01T21:32:10,22,25,2200253,"ARX(2,1)",True,True,0,-168.29674258277024,360.59348516554047,401.0411415030724,2.033544725333237,0.0472803576969877,0.6399627589188361,0.1313788261671766,0.5000559357327685,1.3037350050153007,0.1342913520235582,0.9750512489527456,0.1356096932102717,0.2600648589972356,0.4756745426135513,0.1619009926454359,,-168.29674258270177,360.59348516540354,401.0411415029355
2026-06-01T21:47:55,22,26,2200263,"ARX(2,1)",True,True,0,-168.08133634961325,360.1626726992265,400.61032903675846,1.3181771220409244,0.0473460509702041,0.6955030818233845,0.1349574204767534,0.4417275434283284,1.3219739260318966,0.150087868752535,1.0059042387368384,0.1249597563144905,0.2579479553830858,0.4779008882266296,0.1687771315549238,,-168.08133631679112,360.16267263358225,400.6103289711142
2026-06-01T22:03:51,22,27,2200273,"ARX(2,1)",True,True,0,-168.08631136460167,360.17262272920334,400.6202790667353,1.408996880988791,0.0532604498149682,0.6891667719177826,0.1323699530987704,0.453402540433638,1.2032238036482243,0.1469623328965904,0.9442975863421982,0.1265819585087607,0.2576675955688399,0.4862666668192426,0.1631413003351489,,-168.0863113644672,360.1726227289344,400.6202790664664
2026-06-01T22:14:34,22,28,2200283,"ARX(2,1)",True,True,0,-168.07663957585635,360.1532791517127,400.60093548924465,1.3681034963767438,0.0483578505041687,0.6912960968030399,0.134870884973111,0.4469690345564286,1.278030202905488,0.148827318604374,0.9975565286458676,0.1261241097552995,0.2569149612808121,0.4815790601321907,0.1665731987918674,,-168.07663957586956,360.1532791517391,400.6009354892711
2026-06-01T22:27:24,22,29,2200293,"ARX(2,1)",True,True,0,-168.07602734149893,360.15205468299786,400.5997110205298,1.3640951538111907,0.0489676468953303,0.6913281457927135,0.1366929380955611,0.447534902501344,1.2598882977963566,0.1491459777591221,0.984931671721954,0.1265352392225521,0.2568127357647171,0.4807882693987584,0.1672319602105529,,-168.07602734149273,360.15205468298547,400.5997110205174
2026-06-01T22:37:43,22,30,2200303,"ARX(2,1)",True,True,0,-168.36891091185583,360.73782182371167,401.1854781612436,2.1770905069565067,0.0465177753664631,0.6374258810010518,0.1450253537089113,0.5179363160967839,1.2339622949440476,0.1298753283378555,1.0199214116762736,0.1373469798940578,0.2555447040653528,0.480604418467215,0.1612432616764366,,-168.3689112348416,360.7378224696832,401.18547880721513
2026-06-01T22:55:41,22,31,2200313,"ARX(2,1)",True,True,0,-168.07986489403493,360.15972978806985,400.6073861256018,1.3282084526391709,0.0471227683630417,0.6955077864707201,0.1374263634578894,0.4418113957337787,1.2968410346022603,0.149897619384965,1.0196125409053944,0.1242878133038738,0.2562857732569324,0.4839001902157337,0.1664737350220604,,-168.07986489409984,360.1597297881997,400.6073861257317
2026-06-01T23:08:52,22,32,2200323,"ARX(2,1)",True,True,0,-168.07603917269302,360.15207834538603,400.599734682918,1.363630799834961,0.0490436183058285,0.6912033583497691,0.1364785324359146,0.4475964302513778,1.2588158169520631,0.1492421229149912,0.9844460669426444,0.1266651976558392,0.2568521336007231,0.4805234190784463,0.1672854279180293,,-168.07603917275316,360.1520783455063,400.5997346830383
2026-06-01T23:21:42,22,33,2200333,"ARX(2,1)",True,True,0,-168.12165590304346,360.2433118060869,400.6909681436189,1.4459923866331383,0.0474475639476806,0.686333482608779,0.1462024477025568,0.4527408921529299,1.1838852384614058,0.146480880126428,1.0374138274240183,0.1267121422998367,0.2558840397733437,0.4899749084123788,0.1626882586634568,,-168.1216559021364,360.2433118042728,400.6909681418048
2026-06-01T23:48:31,22,35,2200353,"ARX(2,1)",True,True,0,-168.07646835537943,360.15293671075887,400.6005930482908,1.3731486066294931,0.0482860704522523,0.6904953831813724,0.1363774200792069,0.4482638110760505,1.2734288330037702,0.1489733397971459,0.99605978554443,0.12634906654047,0.2560489404974232,0.4817863392609756,0.1670780983321599,,-168.07646835533828,360.15293671067656,400.6005930482085
2026-06-01T23:59:15,22,36,2200363,"ARX(2,1)",True,True,0,-168.09857530746467,360.19715061492934,400.6448069524613,1.461358174981226,0.0450358293680229,0.6810212419877327,0.1350805408771871,0.4593715793412902,1.3599341572049777,0.1467445176756122,1.058640306151487,0.1264638945675637,0.2547505784052015,0.4816856336776492,0.1669176453473461,,-168.0985753075098,360.1971506150196,400.6448069525516
2026-06-02T00:17:43,22,37,2200373,"ARX(2,1)",True,True,0,-168.21292659869863,360.42585319739726,400.8735095349292,1.385616124509781,0.0639850134484889,0.6837612974494651,0.1414112401893186,0.4590541476196872,0.9809960979309056,0.1503915603660302,0.8081181411024574,0.1306411636007645,0.2538799876995335,0.4958384782196855,0.1574193056831532,,-168.21292659872657,360.42585319745314,400.8735095349851
2026-06-02T00:31:43,22,38,2200383,"ARX(2,1)",True,True,0,-168.0869067161131,360.1738134322262,400.62146976975816,1.2732425827589644,0.0475793250037891,0.7008490176343689,0.1351245039155416,0.4344764446856734,1.3314945727085108,0.1514732207395317,1.009444891072543,0.1235440052803648,0.2584331317027538,0.47861714523129,0.1687928699503883,,-168.08690670497464,360.1738134099493,400.6214697474812
2026-06-02T00:44:04,22,39,2200393,"ARX(2,1)",True,True,0,-168.135575655786,360.271151311572,400.71880764910395,1.3775762844636756,0.0592340337389275,0.6751784143806846,0.1349298388622276,0.4768365244810627,1.1273806172459817,0.1531301758375853,0.8665826452866362,0.1276739798798932,0.2576535699293564,0.4897546010445311,0.1588177459597245,,-168.13557565577167,360.2711513115433,400.7188076490753
2026-06-02T00:58:48,22,40,2200403,"ARX(2,1)",True,True,0,-168.1141629747977,360.2283259495954,400.67598228712734,1.4387528213773313,0.0436802645986293,0.685897736621904,0.1311975978133118,0.4494091526038676,1.433602432741772,0.1462242438527512,1.0713737630036082,0.1247947702951015,0.2558181697796522,0.4807603174646694,0.1673080348305133,,-168.11416295459833,360.22832590919666,400.6759822467286
2026-06-01T16:36:56,23,3,2300033,"ARX(2,1)",True,True,0,-168.0773122388647,360.1546244777294,400.60228081526134,1.3773722837420588,0.0477781254008096,0.68957929740283,0.1360509689557293,0.4498485530503693,1.289820242780302,0.1488737257321913,1.0029785411976573,0.1262092327639931,0.2563808961485792,0.4809203984883794,0.1673532405719309,,-168.077312238736,360.154624477472,400.602280815004
2026-06-01T16:46:03,23,4,2300043,"ARX(2,1)",True,True,0,-168.2295808113696,360.4591616227392,400.90681796027116,1.6456679544250654,0.060128032572778,0.6609010236989719,0.1260715707878495,0.4822337539630892,1.030625662015311,0.1446247019474754,0.8277509864113689,0.1450662978911642,0.2603616899755682,0.4684739719765734,0.1602002723425301,,-168.22958078616944,360.45916157233887,400.9068179098708
2026-06-01T16:55:44,23,5,2300053,"ARX(2,1)",True,True,0,-168.08535584039942,360.17071168079883,400.6183680183308,1.273547428439083,0.047188476267538,0.7010769185377322,0.1345865013194686,0.4345644232525297,1.3196881099325597,0.1512790486792814,1.0166924406637738,0.12308911792841,0.2567985145945962,0.481423346512437,0.1683653683577946,,-168.0853558389606,360.1707116779212,400.61836801545314
2026-06-01T17:03:41,23,6,2300063,"ARX(2,1)",True,True,0,-168.0761056471551,360.1522112943102,400.59986763184213,1.3572965705255686,0.0489629468087667,0.6924165896434222,0.1371727711620293,0.4459903364188826,1.2565151478346273,0.1492393778033584,0.9858882858004212,0.1261974328165535,0.256301032039024,0.4818137879280949,0.1671751352119723,,-168.0761056471955,360.152211294391,400.59986763192296
2026-06-01T17:09:43,23,7,2300073,"ARX(2,1)",True,True,0,-168.07696788410476,360.1539357682095,400.6015921057415,1.3926788872315663,0.0490931735259513,0.6887365187944773,0.1370110396971066,0.4498326742654058,1.2494188601470295,0.1483685367588801,0.9845156758057712,0.1270104410053764,0.2566428337712774,0.4807702246135778,0.1670932775307595,,-168.07696788382074,360.1539357676415,400.60159210517344
2026-06-01T17:25:07,23,8,2300083,"ARX(2,1)",True,True,0,-168.15485537414915,360.3097107482983,400.75736708583025,1.0966656409635376,0.049405127949621,0.7240222967374783,0.1374778525757104,0.4029191786730591,1.205431215188682,0.1562909003457033,0.9885365747481232,0.1209394728024007,0.2555376366320478,0.4863019777492346,0.1695356466823793,,-168.15485536272172,360.3097107254434,400.7573670629754
2026-06-01T17:40:35,23,9,2300093,"ARX(2,1)",True,True,0,-168.09293368915047,360.18586737830094,400.6335237158329,1.333576942203863,0.0506257634308259,0.6925693519632273,0.1359238471011398,0.4483608026688078,1.2135822834780945,0.1501332924948598,0.9247099692288951,0.1279675933505494,0.2620675028907484,0.4755397022079036,0.1670166218504836,,-168.0929336813217,360.1858673626434,400.6335237001754
2026-06-01T17:55:06,23,10,2300103,"ARX(2,1)",True,True,0,-168.08508376644534,360.1701675328907,400.6178238704226,1.4544398732026165,0.0488242355611344,0.6820314719138095,0.1419898410944055,0.4595714885731271,1.2251070434826064,0.1473917497776608,0.9874480342472156,0.1278837954233898,0.2550925659896004,0.4845627680414714,0.1651713865346603,,-168.0850837664496,360.1701675328992,400.6178238704312
2026-06-01T18:00:58,23,11,2300113,"ARX(2,1)",True,True,0,-168.07650024979267,360.15300049958535,400.6006568371173,1.3795824497461928,0.0487148728768533,0.6897214308562604,0.1357849244011136,0.4492487986078228,1.2727698513906516,0.1487183156425649,0.9882385562585012,0.1266645657471029,0.2570107725104177,0.4809928662508264,0.1665539873615446,,-168.07650025026797,360.15300050053594,400.6006568380679
2026-06-01T18:09:51,23,12,2300123,"ARX(2,1)",True,True,0,-168.07620391047448,360.15240782094895,400.6000641584809,1.3475656795031714,0.0490965117435505,0.6929632448505538,0.137036582135179,0.4454657087711755,1.25621104463267,0.1496313208530177,0.9829536178192536,0.126309789655055,0.256821593992486,0.4810134712739065,0.1673070059420781,,-168.07620391046476,360.1524078209295,400.6000641584615
2026-06-01T18:19:49,23,13,2300133,"ARX(2,1)",True,True,0,-168.07603112858413,360.15206225716827,400.5997185947002,1.3589345554873673,0.0488943279195175,0.6917863033954073,0.1370446236379592,0.4470307105123324,1.260967066859462,0.1492967003876274,0.9868767786678124,0.1263443129936459,0.2567255708505077,0.4810228762991426,0.1672560475043311,,-168.07603112857157,360.15206225714314,400.5997185946751
2026-06-01T18:33:14,23,14,2300143,"ARX(2,1)",True,True,0,-168.09350912778956,360.1870182555791,400.6346745931111,1.4730597412838755,0.0528309289586899,0.6766945733070897,0.1320580271315458,0.467618845818131,1.186208764982193,0.147622836985776,0.932658818002039,0.1304056741720304,0.2577320738244532,0.4819750754162257,0.162662570393138,,-168.0935091276961,360.1870182553922,400.63467459292417
2026-06-01T18:46:31,23,15,2300153,"ARX(2,1)",True,True,0,-168.07868417139832,360.15736834279664,400.6050246803286,1.4186244791115878,0.0488666357482238,0.6858400839705225,0.1376543941995132,0.4548887408353653,1.2443735386356398,0.1478934307372212,0.9841747277432318,0.1278492647827233,0.2557459829446312,0.4816775458784739,0.1666895458227213,,-168.07868414807706,360.1573682961541,400.60502463368607
2026-06-01T19:01:26,23,16,2300163,"ARX(2,1)",True,True,0,-168.08355025916956,360.1671005183391,400.61475685587106,1.332263688139344,0.0465166636967413,0.6916949850682126,0.1394770189404362,0.4484687346838744,1.295931865482982,0.1510160637488098,1.0188755741002709,0.1278138147032399,0.2536972331301017,0.4837854855210531,0.1667429463888786,,-168.08355025917717,360.16710051835435,400.6147568558863
2026-06-01T19:17:01,23,17,2300173,"ARX(2,1)",True,True,0,-168.22529442759998,360.45058885519995,400.8982451927319,1.5484431358797623,0.0637682041027038,0.6937330249417347,0.1284115726720034,0.4300743299223028,1.0551338502409804,0.1397263594542523,0.8320136760300563,0.1327859247687717,0.2646845179864891,0.469281639538659,0.1682114395142741,,-168.22529440609554,360.4505888121911,400.89824514972304
2026-06-01T19:25:45,23,18,2300183,"ARX(2,1)",True,True,0,-168.07658078648916,360.1531615729783,400.6008179105103,1.350079729024372,0.0494173354675078,0.6927192409381732,0.1376836903257012,0.4461242039580342,1.241389828812934,0.1495575047777426,0.9788770010755358,0.1263795634208769,0.2566744163657351,0.4810699273011635,0.1675718209652122,,-168.07658078648956,360.1531615729791,400.6008179105111
2026-06-01T19:37:25,23,19,2300193,"ARX(2,1)",True,True,0,-168.07624182600284,360.1524836520057,400.60013998953764,1.3479562679647248,0.0492272061347174,0.6927933871040671,0.1362207414780245,0.4454393046234006,1.2570951336253484,0.1496660923616957,0.9812875805743072,0.126248330351418,0.2567724382997479,0.4812046030666857,0.1671903502619274,,-168.07624182576478,360.1524836515296,400.6001399890615
2026-06-01T19:59:57,23,20,2300203,"ARX(2,1)",True,True,0,-168.09846518833115,360.1969303766623,400.64458671419425,1.3399609535258443,0.0544146996607392,0.6922026881550225,0.1343563052509246,0.4388487501972289,1.2317579405931234,0.1494496776902221,0.926178053797942,0.1266271623479615,0.260695170977319,0.4710850638175873,0.1702199503523987,,-168.0984651906692,360.1969303813384,400.6445867188704
2026-06-01T20:21:06,23,22,2300223,"ARX(2,1)",True,True,0,-168.07602700053033,360.15205400106066,400.5997103385926,1.3580343772673624,0.0489818083602991,0.6920736680307559,0.1366605938336864,0.446359760261349,1.2601972692193246,0.1492832270113029,0.9855770619422848,0.1263579929154818,0.2567320604837733,0.4810556527159723,0.1672294669491647,,-168.07602700041775,360.1520540008355,400.59971033836746
2026-06-01T20:28:35,23,23,2300233,"ARX(2,1)",True,True,0,-168.0842336397299,360.1684672794598,400.61612361699173,1.4476793540268087,0.0473625156152025,0.6839305371416935,0.1338450229936035,0.4562869500530828,1.2664429880384107,0.1471833864630249,1.0091724450166295,0.1279626929639506,0.2559576332934409,0.4836846148104282,0.1646840435442406,,-168.0842336396766,360.1684672793532,400.6161236168852
2026-06-01T20:39:06,23,24,2300243,"ARX(2,1)",True,True,0,-168.07602790747222,360.15205581494445,400.5997121524764,1.3589925191691063,0.0489853696940757,0.6920169737766733,0.1365761794954284,0.4464801190048486,1.2602292614787478,0.1492382867951304,0.9850030593581924,0.1264415670029331,0.2568661442531555,0.4806342444780351,0.1673732354143985,,-168.07602790746574,360.1520558149315,400.5997121524634
2026-06-01T20:54:56,23,26,2300263,"ARX(2,1)",True,True,0,-168.0760859116406,360.1521718232812,400.59982816081316,1.3632368813860165,0.0489831577970236,0.6909706793425072,0.1364377348036355,0.4484251495077826,1.2586302227005333,0.1492755810929194,0.9860073298929872,0.1264025391135014,0.2564539750884246,0.4816129636511815,0.1669123605527614,,-168.0760859114805,360.152171822961,400.59982816049296
2026-06-01T21:09:10,23,27,2300273,"ARX(2,1)",True,True,0,-168.07983042162414,360.1596608432483,400.6073171807802,1.356578906971532,0.0492329448126555,0.6886260364467558,0.135422295728614,0.4547646488371352,1.277802891291438,0.150322485520541,0.9803756553356696,0.1253571296855143,0.2553702642737936,0.4853108917529785,0.1662465969093403,,-168.0798304209323,360.1596608418646,400.60731717939655
2026-06-01T21:17:34,23,28,2300283,"ARX(2,1)",True,True,0,-168.0761264400777,360.1522528801554,400.59990921768735,1.3678199785150709,0.0486246282675811,0.6912691062680436,0.1364305690103439,0.4474350683735764,1.2680307261408086,0.1489419533749342,0.9898195511209352,0.1265459371980614,0.2569197539846135,0.4804967480268676,0.1673332521402459,,-168.0761264399473,360.1522528798946,400.59990921742656
2026-06-01T21:26:21,23,29,2300293,"ARX(2,1)",True,True,0,-168.07622574880702,360.15245149761404,400.600107835146,1.349463423137803,0.0492618336547468,0.6926624958748268,0.1363197866038953,0.4456023913760649,1.256423006073077,0.1496610238731899,0.9818088540050656,0.1263879451244875,0.2570259991382116,0.4812899576353697,0.1668891665368847,,-168.0762257485291,360.1524514970582,400.6001078345902
2026-06-01T21:37:24,23,30,2300303,"ARX(2,1)",True,True,0,-171.0240194417675,366.048038883535,406.49569522106697,0.2866346536637469,0.4459478595329544,0.6834986415203512,0.0980745906641336,0.4531888842223969,0.5166568814180863,0.2970329915570162,0.4419953271126016,0.1621672470227717,0.2982618930310843,0.4200452270389636,0.1365563819052408,,-171.02401944132038,366.0480388826408,406.4956952201727
2026-06-01T21:48:54,23,31,2300313,"ARX(2,1)",True,True,0,-168.07741860931282,360.15483721862563,400.6024935561576,1.3240004811922188,0.0482079199563017,0.6952160441716616,0.1373087516366161,0.4420304786988053,1.2784179767789268,0.1502591547163644,0.9977389824112498,0.1254577941292913,0.2572239401134442,0.4796448841814236,0.1683347010188519,,-168.07741861154994,360.1548372230999,400.60249356063184
2026-06-01T21:56:09,23,32,2300323,"ARX(2,1)",True,True,0,-168.07603472139226,360.1520694427845,400.5997257803165,1.3635417400523984,0.0489590754335482,0.6913319976450595,0.136503502903894,0.4473438647276991,1.2621419183357114,0.1492116040841095,0.9870033570857908,0.1264034364787583,0.2568899166424375,0.4807860349614704,0.1671705930610394,,-168.0760347213725,360.152069442745,400.59972578027697
2026-06-01T22:21:07,23,34,2300343,"ARX(2,1)",True,True,0,-168.07604921366794,360.1520984273359,400.59975476486784,1.3677124456375187,0.0490200246720979,0.6909422662279027,0.1364803110446036,0.4478677878053788,1.260417001444966,0.1490622890426847,0.9850809748374754,0.1265325529360754,0.2567320750959575,0.4809641988574351,0.1671359989175019,,-168.07604921366055,360.1520984273211,400.59975476485306
2026-06-01T22:36:51,23,35,2300353,"ARX(2,1)",True,True,0,-168.07718041040692,360.15436082081385,400.6020171583458,1.371010654341671,0.0482307858714477,0.6905266595912486,0.1356392329865705,0.4486227374868599,1.290576737505282,0.1489484250353882,0.9993877745275612,0.1262037794068666,0.2566011268519275,0.4814834537206829,0.1667211860544138,,-168.0771804106003,360.1543608212006,400.60201715873256
2026-06-01T23:34:31,23,36,2300363,"ARX(2,1)",True,True,0,-168.19552193979771,360.39104387959543,400.8387002171274,1.8260542797676351,0.0539726220131304,0.651650087771791,0.1304141572864949,0.4982311569031142,1.2098496968384396,0.1380325418250431,0.9131334500470932,0.1337053167625681,0.2580278475388298,0.4805969873015065,0.1608236547921893,,-168.1955219398276,360.3910438796552,400.8387002171872
2026-06-01T23:50:09,23,37,2300373,"ARX(2,1)",True,True,0,-168.10808479014858,360.21616958029716,400.6638259178291,1.5493830574273604,0.0463808778320429,0.6727742106347657,0.132628234439812,0.470227207929497,1.3419759164128529,0.144868881422766,1.0268604054190749,0.1294493058549806,0.2550854192364123,0.4794919664198116,0.1667021320711194,,-168.10808479019812,360.21616958039624,400.6638259179282
2026-06-01T23:56:36,23,38,2300383,"ARX(2,1)",True,True,0,-169.70753238487248,363.41506476974496,403.8627211072769,1.9326166670747933,0.0535849903525073,0.6399472277869301,0.1974441596760723,0.527802608003194,0.4238833963503309,0.1456658474356608,1.0835770987348832,0.1684086612882916,0.2703050267378677,0.454004144165494,0.1486641963260705,,-169.7075323585841,363.4150647171682,403.86272105470016
2026-06-02T00:12:37,23,39,2300393,"ARX(2,1)",True,True,0,-168.07617075353625,360.1523415070725,400.59999784460445,1.3475768339817449,0.0488595926945728,0.6933475280711812,0.1365459409991612,0.4447003598260038,1.2643444126932504,0.1494627938433508,0.9878980324390058,0.1259625703458181,0.2567498068477924,0.4811032471934928,0.1674373557779562,,-168.0761707535357,360.1523415070714,400.59999784460337
2026-06-02T00:19:11,23,40,2300403,"ARX(2,1)",True,True,0,-168.1303849603022,360.2607699206044,400.70842625813634,1.6128529239209923,0.0457077983273753,0.6723841938726205,0.1308551326290767,0.466605411281885,1.3527473959072591,0.1421053739829657,1.0462331973938856,0.128209907826296,0.2572266296373404,0.4819900377839043,0.1632804077634673,,-168.130384958526,360.260769917052,400.708426254584
2026-06-01T16:29:37,24,2,2400023,"ARX(2,1)",True,True,0,-168.07609346800962,360.15218693601923,400.5998432735512,1.370554644771651,0.049032880902063,0.6906430789638689,0.1364321037638408,0.4483848356334707,1.2608082639452742,0.1489777295930737,0.985313897060352,0.1267396862395639,0.2569035533994888,0.4804459582800703,0.1672266319899541,,-168.076093468053,360.152186936106,400.59984327363793
2026-06-01T16:34:26,24,3,2400033,"ARX(2,1)",True,True,0,-168.0762421294187,360.1524842588374,400.60014059636933,1.3614484217406448,0.0494173529591437,0.6914592729429203,0.136719224955518,0.4472250839361482,1.2502393845338602,0.1493567075335101,0.9776156211400736,0.1266620796366478,0.2566389351069563,0.4814875781871439,0.1669492670842837,,-168.0762421291232,360.1524842582464,400.6001405957783
2026-06-01T16:50:08,24,4,2400043,"ARX(2,1)",True,True,0,-168.0762157249069,360.1524314498138,400.60008778734573,1.346123556523074,0.0489505009353561,0.6932904080738687,0.1364332605029101,0.4448749041456967,1.2649287899152597,0.149552960887831,0.9857786359917056,0.1260402834015498,0.2568302498840632,0.4809162489910255,0.1674502798870202,,-168.07621572452007,360.15243144904014,400.6000877865721
2026-06-01T17:03:28,24,5,2400053,"ARX(2,1)",True,True,0,-168.0760328779753,360.1520657559506,400.59972209348257,1.363422044760498,0.0489411473634729,0.6912718685264504,0.1365546792460881,0.4475576253186403,1.2599031396167542,0.1492215194228988,0.9864083790154582,0.1265603601308746,0.2564987782600573,0.4811360940551937,0.1671545160780849,,-168.07603287877032,360.15206575754064,400.5997220950726
2026-06-01T17:26:12,24,6,2400063,"ARX(2,1)",True,True,0,-168.07603131405926,360.15206262811853,400.5997189656505,1.361352037169332,0.0489933308753394,0.691438363144588,0.1370006864074743,0.4471913152149372,1.2582209242204585,0.1493163197453292,0.9849386089366922,0.1265551465869347,0.2566761030806699,0.4809337110368976,0.1672279203446111,,-168.07603131425796,360.1520626285159,400.5997189660479
2026-06-01T17:43:23,24,7,2400073,"ARX(2,1)",True,True,0,-168.07628737397422,360.15257474794845,400.6002310854804,1.3506561583391945,0.0486231620240843,0.692352537503859,0.1369979719803413,0.4460068593066863,1.2703563221590248,0.149562323365349,0.9903982720871431,0.1259588317181018,0.2560042401651212,0.4819628943618242,0.1672796042995644,,-168.07628737388166,360.1525747477633,400.60023108529526
2026-06-01T17:51:42,24,8,2400083,"ARX(2,1)",True,True,0,-168.0760289816283,360.1520579632566,400.59971430078855,1.3621723146583526,0.0488196052948084,0.6915184844732772,0.1366669656226779,0.4470758906443554,1.2624871297196838,0.1492310513568283,0.9878074800866438,0.1265647744187636,0.2568782602374859,0.4805725162586967,0.167272291840294,,-168.07602898165854,360.1520579633171,400.599714300849
2026-06-01T18:04:34,24,9,2400093,"ARX(2,1)",True,True,0,-168.07683568080395,360.1536713616079,400.60132769913986,1.3314171619721085,0.0486592888463605,0.6942652985446471,0.1380914394530459,0.4437627635501849,1.2574245309041885,0.1501955942065129,0.9892810207619352,0.1262997234809932,0.2567454212551769,0.4801832023349272,0.1679407829542327,,-168.0768356801682,360.1536713603364,400.6013276978683
2026-06-01T18:18:03,24,10,2400103,"ARX(2,1)",True,True,0,-168.07604270227228,360.15208540454455,400.5997417420765,1.3640727995450042,0.0488739015176554,0.691309990068884,0.1364459083788143,0.4473341102710454,1.2617146892720503,0.1491777368366837,0.9866499141199682,0.1266215085728253,0.2570640645731624,0.4803847461624641,0.1671827679230718,,-168.07604270212488,360.15208540424976,400.5997417417817
2026-06-01T18:29:29,24,11,2400113,"ARX(2,1)",True,True,0,-168.0760700184822,360.1521400369644,400.59979637449635,1.3591135650567736,0.0487534350712734,0.691525257433078,0.1365827602084476,0.4473801753574548,1.2666113251113544,0.14935077572741,0.9889222826742764,0.1263165994879442,0.2568722636293044,0.4805477678353843,0.1674045031966244,,-168.07607001846333,360.15214003692665,400.5997963744586
2026-06-01T18:42:04,24,12,2400123,"ARX(2,1)",True,True,0,-168.0894929540371,360.1789859080742,400.62664224560615,1.4646805451770688,0.0462693999021723,0.6807820491526577,0.1355231123576513,0.4598679837352357,1.3228533786928696,0.1467745781233831,1.0271121348602192,0.1272091818527076,0.2566574615215676,0.480341211888405,0.1662180883428558,,-168.08949295397278,360.1789859079456,400.6266422454775
2026-06-01T18:56:31,24,13,2400133,"ARX(2,1)",True,True,0,-168.07650430083925,360.1530086016785,400.60066493921045,1.3379541020502066,0.0488526208483571,0.6944029401067463,0.1369084775695853,0.4433190821778928,1.2630410801099443,0.1497398053879032,0.990381940076967,0.1260019451167516,0.2565299007321408,0.4809965853188963,0.1678075791674388,,-168.07650430079553,360.15300860159107,400.600664939123
2026-06-01T19:13:54,24,14,2400143,"ARX(2,1)",True,True,0,-168.0760285751403,360.1520571502806,400.59971348781255,1.3597196693655362,0.0488884439168939,0.6919843975027142,0.1369709821191666,0.446468416658811,1.2600364204588854,0.1492260291152404,0.9870028952409574,0.1263865353585011,0.2567856925711175,0.4807969677856447,0.1673776385905513,,-168.07602857515332,360.15205715030663,400.5997134878386
2026-06-01T19:29:11,24,15,2400153,"ARX(2,1)",True,True,0,-168.07674350045193,360.15348700090385,400.6011433384358,1.391468188117169,0.0487846705978073,0.6884531916936433,0.1361564027114069,0.4512846597233254,1.26641865879816,0.1484646396639312,0.9889052284609404,0.126772404820483,0.2564378145896404,0.4813740230512409,0.1667887378583863,,-168.07674350054634,360.1534870010927,400.60114333862464
2026-06-01T19:40:36,24,16,2400163,"ARX(2,1)",True,True,0,-168.07988378339255,360.1597675667851,400.60742390431705,1.4288982937819663,0.0497020265511631,0.6847837777232973,0.134764491110769,0.4553221826744272,1.2499520924827432,0.1476215299731341,0.9732659560326202,0.1277986079724674,0.2548487995408067,0.4821853872729676,0.1669372807770667,,-168.07988378234808,360.1597675646961,400.6074239022281
2026-06-01T19:55:15,24,17,2400173,"ARX(2,1)",True,True,0,-168.09667550139932,360.19335100279864,400.6410073403306,1.4881415288840694,0.0535740418298426,0.6759448790874157,0.1343181198090513,0.4702963064189175,1.2330772971434836,0.1465296277562843,0.9329985320212626,0.1299913492895443,0.2578952516847704,0.4777860041832947,0.1651392716648529,,-168.09667549630626,360.1933509926125,400.6410073301445
2026-06-01T20:08:12,24,18,2400183,"ARX(2,1)",True,True,0,-168.07685784010664,360.1537156802133,400.60137201774523,1.3923287260625186,0.0490584932465677,0.6887629808966683,0.1363541590333511,0.4507424993216095,1.2589871468212888,0.1482927224952138,0.9810435581378888,0.1270558508848269,0.2573353449446801,0.4806563707399393,0.1666128057888023,,-168.07685784019742,360.15371568039484,400.6013720179268
2026-06-01T20:23:45,24,19,2400193,"ARX(2,1)",True,True,0,-168.07601973805183,360.15203947610365,400.5996958136356,1.3602668543886356,0.0489596562436793,0.6917927264127746,0.1368535852264956,0.4468045401360743,1.2595339714676366,0.1492328316554232,0.9858365926847452,0.1264001448670929,0.2566793855081307,0.4809723313835775,0.1673133930766597,,-168.07601973803244,360.1520394760649,400.5996958135968
2026-06-01T20:48:37,24,20,2400203,"ARX(2,1)",True,True,0,-168.0760193157094,360.1520386314188,400.59969496895076,1.3606454713660443,0.0489719776188851,0.6916022920086243,0.1366715362498074,0.4471521420941344,1.2599969274728464,0.1492804012784548,0.9854296156554484,0.1264653399605509,0.2567005743592191,0.4809986170803502,0.1672246064341998,,-168.0760193157454,360.1520386314908,400.5996949690228
2026-06-01T21:20:06,24,21,2400213,"ARX(2,1)",True,True,0,-168.07704736962455,360.1540947392491,400.60175107678106,1.3252763395213276,0.0490537147399894,0.6954838697734935,0.1372722697283138,0.4418676545901416,1.261052804681652,0.1500709793362936,0.9842135403975396,0.1256920434436344,0.2569760507338097,0.4802714228124471,0.1681239163234114,,-168.07704736979397,360.1540947395879,400.60175107711984
2026-06-01T21:31:35,24,22,2400223,"ARX(2,1)",True,True,0,-169.85924443429383,363.71848886858766,404.1661452061196,5.919376511420393,0.0484583907870008,0.5300327845398434,0.1146035043608736,0.6849210267981277,1.1419634746125558,0.0929558727713383,0.778246349297025,0.1310321783362693,0.2452998818075287,0.5098173824334602,0.1556847808823227,,-169.8592444341641,363.7184888683282,404.1661452058602
2026-06-01T22:09:05,24,24,2400243,"ARX(2,1)",True,True,0,-168.75089655165834,361.5017931033167,401.94944944084864,2.5279878181085924,0.0704300614170427,0.5907642008314289,0.1583683055991865,0.5763010267337002,0.8546258804271206,0.1308677339842721,0.7865176998557778,0.1399577921775815,0.2574229284401811,0.4991685048629271,0.1460670178616546,,-168.75089655835805,361.5017931167161,401.94944945424805
2026-06-01T22:20:15,24,25,2400253,"ARX(2,1)",True,True,0,-168.07617618504037,360.15235237008073,400.6000087076127,1.3624466672741258,0.0487997362445497,0.690676322122183,0.1377980172753387,0.448990234864476,1.2566960190955976,0.1494673648752223,0.9868310967009716,0.1266118990257268,0.2564318004988839,0.4810638534446907,0.1672574399961541,,-168.0761761850367,360.1523523700734,400.60000870760535
2026-06-01T22:31:29,24,26,2400263,"ARX(2,1)",True,True,0,-168.12859262935467,360.25718525870934,400.7048415962413,1.4515140299245497,0.0445598469506511,0.6819205695496318,0.1266492435077651,0.4585445094436685,1.4679947279081222,0.1462141093032633,1.0746354405560494,0.124337597409823,0.2574992616775127,0.4778587580990736,0.167148144765092,,-168.12859262934572,360.25718525869144,400.7048415962234
2026-06-01T22:55:17,24,27,2400273,"ARX(2,1)",True,True,0,-168.07767247386928,360.15534494773857,400.6030012852705,1.398963152354441,0.0486017411493316,0.6883057018815807,0.1337409065083546,0.4507860009673828,1.2788855775267731,0.1480670511655625,0.9893634522960156,0.1270211114065558,0.2570495766904792,0.4800475633362276,0.1669482369039878,,-168.07767247387494,360.1553449477499,400.6030012852818
2026-06-01T23:02:44,24,28,2400283,"ARX(2,1)",True,True,0,-168.07918878741356,360.1583775748271,400.60603391235907,1.3093377076366497,0.0493982677919484,0.6971756821905987,0.135170499908581,0.4389617779826379,1.2746396658320986,0.150347854918395,0.9790462238825822,0.1254872119093478,0.2570316205394189,0.4793385582543196,0.1688367900699061,,-168.0791887852732,360.1583775705464,400.6060339080784
2026-06-01T23:12:03,24,29,2400293,"ARX(2,1)",True,True,0,-168.076073318645,360.15214663729,400.59980297482196,1.3597804557526394,0.0491329578899296,0.6919441383789394,0.1369065210879034,0.4465734273273201,1.2544182403171436,0.149233589092787,0.9828839496741848,0.1264515493934646,0.256560434347566,0.4812543285159912,0.1672362971036869,,-168.07607331864796,360.1521466372959,400.5998029748279
2026-06-01T23:23:20,24,30,2400303,"ARX(2,1)",True,True,0,-168.23575232341284,360.4715046468257,400.91916098435763,1.4434462789617908,0.0381913208278242,0.6855158072222483,0.1172659333462326,0.4464441606230455,1.556082158622521,0.1481626104911231,1.2075152756650174,0.1290171743746888,0.2497622141787673,0.4790965200611928,0.1706362729571639,,-168.23575232350197,360.471504647004,400.9191609845359
2026-06-01T23:29:29,24,31,2400313,"ARX(2,1)",True,True,0,-168.07624302377883,360.15248604755766,400.6001423850896,1.3709001958592657,0.0487794034413484,0.6912533558260435,0.1360475299206654,0.4473042784462956,1.2703128224995763,0.1486963937815844,0.9882385925559448,0.126568735834738,0.2567568081672314,0.480650183006833,0.167253093392444,,-168.0762430233035,360.152486046607,400.60014238413896
2026-06-01T23:37:48,24,32,2400323,"ARX(2,1)",True,True,0,-168.0766108140241,360.1532216280482,400.60087796558014,1.340590399963588,0.0493208322202111,0.694513189244478,0.1368252780623004,0.4428473207421089,1.2524092205304544,0.1495317198009823,0.9788265332250304,0.1264037492225841,0.2572066893123045,0.4800728605006371,0.1677386274146703,,-168.07661081402256,360.1532216280451,400.600877965577
2026-06-01T23:46:13,24,33,2400333,"ARX(2,1)",True,True,0,-168.0803819352763,360.1607638705526,400.60842020808457,1.306803521222835,0.0473367567996226,0.6991170549455856,0.1351895563269749,0.4368918117189407,1.2930088921909355,0.1500157031660085,1.0122032772994256,0.1242185275473402,0.2578416021518973,0.4815466345509381,0.1673518541828056,,-168.08038191575974,360.1607638315195,400.6084201690514
2026-06-01T23:57:02,24,34,2400343,"ARX(2,1)",True,True,0,-168.0760312458723,360.1520624917446,400.5997188292765,1.3609640712948456,0.0490125711452406,0.6919543713545592,0.1365503303729673,0.4465675203986064,1.2601951431763694,0.1491293451627137,0.985497020197178,0.1263663488269264,0.2569116085727944,0.4808047086895043,0.167338429869858,,-168.07603124586362,360.15206249172724,400.5997188292592
2026-06-02T00:03:50,24,35,2400353,"ARX(2,1)",True,True,0,-168.07736278013925,360.1547255602785,400.60238189781046,1.3369777980964646,0.0491133448087214,0.6932817548586873,0.1393622800489246,0.445166966307245,1.2384065078328248,0.1504131201394308,0.9803594929435252,0.1268783231290056,0.2565541754220535,0.4813138517002884,0.1669781612734547,,-168.07736278902752,360.15472557805504,400.602381915587
2026-06-02T00:24:56,24,36,2400363,"ARX(2,1)",True,True,0,-168.08127896098992,360.16255792197984,400.6102142595118,1.4384873184466518,0.0501748356868089,0.6831541149570738,0.1368216276486864,0.4579679407167915,1.2272537680729694,0.1476326834577653,0.964468177408193,0.1288508080912084,0.2562083055378544,0.4809426041827764,0.1662653180723163,,-168.08127896109733,360.16255792219465,400.6102142597266
2026-06-02T00:36:54,24,37,2400373,"ARX(2,1)",True,True,0,-168.07629295366553,360.15258590733106,400.600242244863,1.3446964161805792,0.0487121636560918,0.693671661971841,0.1376140982381655,0.4442524874164545,1.2618784771163478,0.1494956456548644,0.987986579696028,0.126095236492165,0.2572082619038225,0.4799749219649523,0.1677631780265643,,-168.07629291303775,360.1525858260755,400.60024216360745
2026-06-02T00:59:58,24,38,2400383,"ARX(2,1)",True,True,0,-168.07724451946717,360.15448903893434,400.6021453764663,1.3839586528401628,0.049347990267604,0.6874599699895474,0.1352164542247668,0.453748119854028,1.2562843810368218,0.1489956694653115,0.9760648500856026,0.1266874172051693,0.2559604735724078,0.4830927343628292,0.166132460718852,,-168.07724452017652,360.15448904035304,400.602145377885
2026-06-02T01:08:58,24,39,2400393,"ARX(2,1)",True,True,0,-168.07606226297037,360.15212452594074,400.5997808634727,1.354980791272689,0.0490228224994915,0.6921813183981649,0.1369358035516394,0.4463676368368342,1.257737717252938,0.1494277908621654,0.9853754105135024,0.1262796876678239,0.256710179404202,0.4810957938782718,0.1673101811308617,,-168.0760622628792,360.1521245257584,400.59978086329033
2026-06-02T01:29:19,24,40,2400403,"ARX(2,1)",True,True,0,-168.1093208266891,360.2186416533782,400.66629799091015,1.259916064650816,0.0448273394793666,0.6988392947967378,0.1404412867245447,0.4410971221543758,1.2748035040986525,0.1514446037002581,1.0273526181006716,0.1247876892451971,0.2562929276877989,0.4704508453240911,0.1755166542491447,,-168.10932083404856,360.2186416680971,400.6662980056291
2026-06-01T16:30:21,25,2,2500023,"ARX(2,1)",True,True,0,-168.3396613440481,360.6793226880962,401.12697902562815,2.0149582974948133,0.0607415846870335,0.6324623930694744,0.1339188400652422,0.5181776592533291,1.005646655450604,0.1367810350709704,0.8685515789626687,0.1422764242873973,0.250162449773992,0.4883830791939279,0.1571958890589695,,-168.33966130540813,360.67932261081626,401.1269789483482
2026-06-01T16:42:55,25,3,2500033,"ARX(2,1)",True,True,0,-168.07603122846527,360.15206245693054,400.5997187944625,1.3621909510348782,0.0489675417017439,0.6917639775193203,0.1365016988147351,0.4468607833714361,1.260876919774386,0.1491064196543549,0.9861792057484534,0.1262135249052842,0.2565873495195148,0.4813933898635437,0.1671944831138641,,-168.07603122846768,360.15206245693537,400.5997187944673
2026-06-01T16:54:59,25,4,2500043,"ARX(2,1)",True,True,0,-168.07605379720616,360.1521075944123,400.59976393194427,1.356920797938512,0.048947789858311,0.6922651556587636,0.1362792288835069,0.4462001836533781,1.2604992593398725,0.1492723021257875,0.9850934676363732,0.1263439101772162,0.2565769894479999,0.481282712738648,0.1671764207232314,,-168.07605379866612,360.15210759733225,400.5997639348642
2026-06-01T17:13:23,25,6,2500063,"ARX(2,1)",True,True,0,-168.07989334451997,360.15978668903995,400.6074430265719,1.3985548481796102,0.0480055176045088,0.6858447565821553,0.1368491805462693,0.4548178099603251,1.2821928485825629,0.1489980595686597,0.99505337426697,0.1259861026193401,0.2578816475993797,0.4815701082271978,0.1669292256219172,,-168.07988855616605,360.1597771123321,400.60743344986406
2026-06-01T17:24:05,25,7,2500073,"ARX(2,1)",True,True,0,-168.07725176298027,360.15450352596054,400.6021598634925,1.3854687396305476,0.0485476813217327,0.690403909953977,0.1350504016002091,0.4473481826057276,1.2833846579644037,0.148108968299321,0.9926670837531804,0.1266340863826396,0.257112994430044,0.4796768022675146,0.1673577970594669,,-168.07725176267985,360.1545035253597,400.60215986289165
2026-06-01T17:33:02,25,8,2500083,"ARX(2,1)",True,True,0,-168.076078835376,360.152157670752,400.59981400828394,1.368587716507056,0.0490160866324305,0.6908343756239982,0.1370499652336768,0.4480095095582161,1.2569148424463528,0.1490920672330267,0.984556934874618,0.126615198918181,0.2568110031939591,0.4809394875662879,0.1671214765207913,,-168.0760788353813,360.1521576707626,400.5998140082946
2026-06-01T17:40:28,25,9,2500093,"ARX(2,1)",True,True,0,-168.23108400037665,360.4621680007533,400.90982433828526,1.1252769928980415,0.0556565038213218,0.7200175732224571,0.1286225379284513,0.4182677427603796,1.0282198088235073,0.1556260005014226,0.905185170990268,0.1251681402774446,0.2557820909548696,0.4878125754434907,0.1687750944396534,,-168.23108396770743,360.46216793541487,400.9098242729468
2026-06-01T17:52:48,25,10,2500103,"ARX(2,1)",True,True,0,-168.08438051753424,360.1687610350685,400.61641737260044,1.4435267282758368,0.0493894229950506,0.6829180583022183,0.141768319111393,0.4583111430504546,1.2097295841476543,0.147555336846181,0.9770226122408704,0.1282617554094167,0.2558251215247236,0.4841077350958965,0.164576526861518,,-168.08438051000132,360.16876102000265,400.6164173575346
2026-06-01T18:04:25,25,11,2500113,"ARX(2,1)",True,True,0,-168.0761951017529,360.1523902035058,400.6000465410377,1.3600821933488358,0.0492312501425621,0.6916474807277404,0.1373071928997231,0.4472524912754552,1.248859601976266,0.1493064890202469,0.9813707348826616,0.1263605536944732,0.2567187302818743,0.4814422646989389,0.1670579919335128,,-168.0761951017017,360.1523902034034,400.60004654093535
2026-06-01T18:16:59,25,12,2500123,"ARX(2,1)",True,True,0,-168.07614152922355,360.1522830584471,400.59993939597905,1.3539257546323848,0.0489264788204606,0.6926302193067179,0.1371300020382774,0.445350738931258,1.2588929789293866,0.149430960520095,0.9885863160145576,0.1263178638945999,0.2566165201022331,0.4809653059227535,0.1673315358694053,,-168.0761415292002,360.1522830584004,400.5999393959323
2026-06-01T18:25:28,25,13,2500133,"ARX(2,1)",True,True,0,-168.07620151916535,360.1524030383307,400.60005937586266,1.3666972944601012,0.0491407966958847,0.6909101987588621,0.1373924152000542,0.4480721002094587,1.2497142161952697,0.1492122954670113,0.9837239147543486,0.1268956523505372,0.2563284298679381,0.4811681556746499,0.1672152516394679,,-168.07620151863807,360.15240303727614,400.6000593748081
2026-06-01T18:35:41,25,14,2500143,"ARX(2,1)",True,True,0,-168.0932977580215,360.186595516043,400.63425185357494,1.523705342812101,0.049751061812538,0.6763527328035516,0.1341466506223729,0.4669370990662179,1.2399805091868994,0.1451320865662117,0.9732380309971476,0.1292074515947813,0.2548222777425085,0.4835688868904391,0.1647189700551495,,-168.09329829428356,360.1865965885671,400.6342529260991
2026-06-01T18:47:57,25,15,2500153,"ARX(2,1)",True,True,0,-168.07728338542745,360.1545667708549,400.60222310838685,1.3342112406559148,0.0489634372419475,0.6932942105625486,0.1354933133218753,0.4459865336134062,1.258226795497682,0.1503399815296156,0.986537718731334,0.1253464414511895,0.2556770168427252,0.4847016141016576,0.1660679043461101,,-168.07728338308152,360.15456676616304,400.602223103695
2026-06-01T18:58:29,25,16,2500163,"ARX(2,1)",True,True,0,-168.07621764670205,360.1524352934041,400.60009163093605,1.3621632478735428,0.0488879757171029,0.6920210361931184,0.1352034249000628,0.4462817291077314,1.270477378370593,0.1489775853286199,0.9866394017235164,0.1265146746683081,0.2570676283831434,0.480293443604514,0.1672546430934006,,-168.07621764674542,360.15243529349084,400.6000916310228
2026-06-01T19:03:47,25,17,2500173,"ARX(2,1)",True,True,0,-168.0761941064746,360.1523882129492,400.60004455048113,1.3757146746059576,0.0489092834674522,0.6904081630173488,0.1367709313925794,0.4483333039082984,1.2582543523101215,0.1488071184649717,0.986807302816231,0.1267450244909997,0.2564777104343128,0.4811453750547951,0.1670743071305767,,-168.07619410653814,360.1523882130763,400.6000445506082
2026-06-01T19:17:56,25,18,2500183,"ARX(2,1)",True,True,0,-168.07617139998462,360.15234279996923,400.5999991375012,1.362454857981894,0.0488430388759289,0.6908813032374325,0.1360470508173318,0.4479902222582768,1.2694747621880709,0.1493693475435757,0.9886170352285846,0.1261866577180268,0.2572516923458497,0.4805225099578982,0.1671998146055815,,-168.07617140002827,360.15234280005654,400.5999991375885
2026-06-01T19:30:53,25,19,2500193,"ARX(2,1)",True,True,0,-168.1612900829731,360.3225801659462,400.77023650347815,1.5499950592157823,0.0563095721775674,0.6501984870333707,0.1289444906788179,0.5129059197075,1.161495760115203,0.1506137311071365,0.9288803766979278,0.124997837270092,0.2514080990340085,0.5056942332581378,0.1532190669418967,,-168.16129008137364,360.3225801627473,400.7702365002792
2026-06-01T19:40:53,25,20,2500203,"ARX(2,1)",True,True,0,-168.0760373295938,360.1520746591876,400.59973099671953,1.3633279439677888,0.0489801117130611,0.6915116875226303,0.1367644539180761,0.4471346391508942,1.258002689579002,0.1491518150822842,0.9860551168461674,0.1264351325485569,0.2566187653129332,0.4812692781754779,0.1671141039709819,,-168.07603732926486,360.1520746585297,400.5997309960617
2026-06-01T19:51:11,25,21,2500213,"ARX(2,1)",True,True,0,-168.07967856993312,360.15935713986624,400.6070134773982,1.4118882118879528,0.0473635033383824,0.6868480717769071,0.1361693308119035,0.4524852112144863,1.2916550851486743,0.1478514743071865,1.0101987538437631,0.1268992568460468,0.2559210678733394,0.4811918704317025,0.1670829350066816,,-168.0796785701197,360.1593571402394,400.6070134777714
2026-06-01T20:15:01,25,22,2500223,"ARX(2,1)",True,True,0,-168.09043311636336,360.1808662327267,400.62852257025867,1.365478079121106,0.050080584012106,0.696240141970285,0.1323783992232926,0.4411597035593527,1.2590408952458587,0.1471106197999366,0.946848946355788,0.1281812366146902,0.2558135878145587,0.473905763039594,0.1716353195774572,,-168.090433110531,360.180866221062,400.62852255859394
2026-06-01T20:24:02,25,23,2500233,"ARX(2,1)",True,True,0,-168.07681719736132,360.15363439472264,400.6012907322546,1.3818962911686714,0.0495745479466388,0.6893002305173905,0.1371720273896789,0.4504693040153649,1.2389355269206033,0.1488610319226222,0.9763690773162134,0.1270440591458683,0.256499510135574,0.4816404517696434,0.1666692775449315,,-168.07681719749743,360.15363439499487,400.6012907325268
2026-06-01T20:31:00,25,24,2500243,"ARX(2,1)",True,True,0,-168.0762279804157,360.1524559608314,400.60011229836334,1.3530271843035726,0.0490881966998427,0.691930479233622,0.1360667700770415,0.447117936239247,1.257360668321336,0.1495681606045704,0.9866118381255814,0.1263135848639009,0.2566494282935538,0.4819040804468503,0.1666687825480067,,-168.07622798051375,360.1524559610275,400.60011229855945
2026-06-01T20:42:14,25,25,2500253,"ARX(2,1)",True,True,0,-168.0842406735124,360.1684813470248,400.61613768455675,1.3166214074421645,0.0495954264555097,0.6970090422286819,0.1387677983637752,0.4394655924154501,1.215941786431079,0.150533812274032,0.9930963199561614,0.1244113955456891,0.2540674647899595,0.4858353552725933,0.1683185019654215,,-168.08424067354076,360.1684813470815,400.6161376846135
2026-06-01T20:51:25,25,26,2500263,"ARX(2,1)",True,True,0,-168.11430332587133,360.22860665174267,400.6762629892746,1.3621700139968125,0.0551703042183715,0.6893588739010347,0.1378752856526,0.4526340476100911,1.0867275887384251,0.1509055342442504,0.9115378609289264,0.1307188004599346,0.2569998341675326,0.4849856177230166,0.1627275288800896,,-168.11430332817633,360.22860665635267,400.6762629938846
2026-06-01T21:05:28,25,27,2500273,"ARX(2,1)",True,True,0,-168.15013901918923,360.30027803837845,400.7479343759104,1.609831466029464,0.0458001892193409,0.6632216590831843,0.1355903412602437,0.4850972776183116,1.408143423928392,0.1429828786802876,1.0186096749790434,0.1287553979238911,0.2567568582703927,0.4771904527587379,0.1658369252716854,,-168.15013901724686,360.3002780344937,400.74793437202567
2026-06-01T21:12:41,25,28,2500283,"ARX(2,1)",True,True,0,-168.2205175350225,360.441035070045,400.88869140757697,1.83929104476246,0.0504111064840622,0.6335793621312783,0.1475281671340085,0.5338241173933149,1.1936033549213638,0.1412632553476854,0.9658460841150815,0.1374385178485866,0.2559994841191704,0.4763779985685888,0.1616056344492734,,-168.22051754105144,360.44103508210287,400.8886914196348
2026-06-01T21:25:29,25,29,2500293,"ARX(2,1)",True,True,0,-168.07603593893205,360.1520718778641,400.59972821539606,1.3632353248495876,0.0490106973792406,0.6916545278135322,0.136959262727327,0.4469665225379765,1.2592559376191126,0.1490835450802817,0.9848800827861058,0.1263241187002358,0.2566193389191313,0.4811878210709602,0.1672749897643015,,-168.0760359389066,360.1520718778132,400.5997282153451
2026-06-01T21:44:29,25,30,2500303,"ARX(2,1)",True,True,0,-168.07653155297038,360.15306310594076,400.6007194434727,1.3685642344196016,0.0493387854291462,0.6894771482203964,0.1356947799371658,0.4503753190998499,1.2553104043077503,0.1495471844121945,0.9804162217633016,0.1261825547485216,0.256948187762097,0.4831417129499771,0.1655148536380402,,-168.07653155289398,360.153063105788,400.6007194433199
2026-06-01T21:56:56,25,31,2500313,"ARX(2,1)",True,True,0,-168.13788883485302,360.27577766970603,400.723434007238,1.6450502764144912,0.0456826093619882,0.6666435364934692,0.1305583508785372,0.4767734951431849,1.3622422029429475,0.1418230130931108,1.0371012964379085,0.1295382995641626,0.2554435693863511,0.4809097311761557,0.1645213023694145,,-168.13788883407767,360.27577766815534,400.7234340056873
2026-06-01T22:09:54,25,32,2500323,"ARX(2,1)",True,True,0,-168.07603734634012,360.15207469268023,400.5997310302122,1.36098343467982,0.0490283092012289,0.6913161695952577,0.1364658686959616,0.4474567072701217,1.259964547015119,0.1493489810941206,0.9845517773695536,0.1265910802856155,0.2568609974329993,0.4808311744619891,0.1670696679177424,,-168.07603734630288,360.15207469260577,400.5997310301377
2026-06-01T22:21:20,25,33,2500333,"ARX(2,1)",True,True,0,-168.0762044885002,360.1524089770004,400.60006531453234,1.3499267595065696,0.0491742840830252,0.6925484450149159,0.1360146340238788,0.445937756461408,1.259560514421861,0.1496750482960728,0.9838193102737244,0.1262558187610852,0.2574582113952052,0.4805297922798291,0.1671402949940076,,-168.0762044884196,360.1524089768392,400.6000653143712
2026-06-01T22:44:05,25,34,2500343,"ARX(2,1)",True,True,0,-168.18505754283916,360.3701150856783,400.8177714232103,1.6028921604858872,0.0450379757015578,0.6723029632775258,0.1153182593974064,0.4565824675002286,1.481641499778225,0.14313163126531,1.0654268387310677,0.1306203218480566,0.2582344673077902,0.4784995930143895,0.1604326840402494,,-168.18505754312048,360.37011508624096,400.8177714237729
2026-06-01T22:51:18,25,35,2500353,"ARX(2,1)",True,True,0,-168.07712232083344,360.1542446416669,400.60190097919883,1.3255650155844343,0.0489230655017609,0.6950845610422316,0.1357067673411289,0.4428083042124245,1.270596969782929,0.1501708701748274,0.986815748111028,0.1256893362603729,0.2570794414992192,0.4803299726721107,0.1678953607928805,,-168.0771223204872,360.1542446409744,400.6019009785064
2026-06-01T23:06:23,25,36,2500363,"ARX(2,1)",True,True,0,-168.12075938113364,360.2415187622673,400.68917509979923,1.4733248237763177,0.0537843134116732,0.6751870163039793,0.1152857972683191,0.4714430162080324,1.2829735555373032,0.1471837968642989,0.9205925107344805,0.1276368255401267,0.2625846023081042,0.4825596206648098,0.1571465084911678,,-168.12075937282134,360.2415187456427,400.6891750831746
2026-06-01T23:13:42,25,37,2500373,"ARX(2,1)",True,True,0,-169.3850679509961,362.7701359019922,403.21779223952416,4.55486925581772,0.0475698588750742,0.5463482563608777,0.1187018010073549,0.6558868159556709,1.1822748311422036,0.1031249423521371,0.8867918762987138,0.1319062542513895,0.2432223686517208,0.5166938691093843,0.149656125014183,,-169.3850679504323,362.7701359008646,403.21779223839656
2026-06-01T23:49:55,25,38,2500383,"ARX(2,1)",True,True,0,-168.07602478460424,360.1520495692085,400.59970590674044,1.3599618776373203,0.0489406253893659,0.6917490862932529,0.1365200414867641,0.4468964272255628,1.2600609674785104,0.1493008301268258,0.9860479193997044,0.126373023365338,0.2567957774842723,0.481030007730976,0.1671965885281882,,-168.0760247845693,360.1520495691386,400.5997059066706
2026-06-02T00:01:21,25,39,2500393,"ARX(2,1)",True,True,0,-168.12660935929037,360.25321871858074,400.7008750561127,1.4741001723944476,0.0564872670588171,0.6768314138238787,0.1420361793669971,0.4708853884494349,1.0842638838746377,0.1478686101186783,0.8858727763547107,0.1314812951535575,0.2607571782788638,0.479765796018943,0.1632878814485688,,-168.12660936277985,360.2532187255597,400.7008750630917
2026-06-02T01:11:52,25,40,2500403,"ARX(2,1)",True,True,0,-168.1046374126905,360.209274825381,400.65693116291294,1.4132562640910735,0.0479507303890752,0.6808342142001564,0.1228199353900273,0.4622355187291376,1.3859563402344834,0.1498723926406458,1.032967772906754,0.1243045142894313,0.2570423552808054,0.4885998789561568,0.1610043916951038,,-168.1046374127255,360.209274825451,400.65693116298297
2026-06-01T16:40:40,26,3,2600033,"ARX(2,1)",True,True,0,-168.07607953076422,360.15215906152844,400.5998153990604,1.360508779612623,0.0486711308701918,0.691589591686833,0.1366423215064676,0.4471050027628823,1.262692878908493,0.1493201712292061,0.9899087200372576,0.1265204809813175,0.2566705718674833,0.4805849953372644,0.1675562433203027,,-168.07607953066656,360.1521590613331,400.5998153988651
2026-06-01T16:51:14,26,4,2600043,"ARX(2,1)",True,True,0,-168.08027444085226,360.1605488817045,400.6082052192365,1.3799730931719398,0.048695584935921,0.6944293019909913,0.1334547763567989,0.4390913592322361,1.28428618516401,0.1471770003163916,0.9939581356343452,0.1263027946805515,0.2581485518637768,0.4765996198157649,0.1693437736507134,,-168.08027444086636,360.1605488817327,400.6082052192647
2026-06-01T16:59:57,26,5,2600053,"ARX(2,1)",True,True,0,-168.07645290280828,360.15290580561657,400.6005621431485,1.3563475674294458,0.0493285850423376,0.692661729469292,0.1354085497106077,0.4456323621534993,1.2539599147654248,0.1494499149245685,0.9832722328952443,0.1264022627660267,0.2559532691811297,0.4829000514837808,0.1666520762610868,,-168.07645290283426,360.1529058056685,400.6005621432005
2026-06-01T17:10:27,26,6,2600063,"ARX(2,1)",True,True,0,-168.0760253563398,360.1520507126796,400.5997070502116,1.3599047813479463,0.0489466299415657,0.6919703081250709,0.1367024840283842,0.4465153701712285,1.2615508977558123,0.149199325550352,0.9860212359217598,0.1264205539891086,0.2568454323942591,0.480565349715921,0.167420796028216,,-168.07602535638333,360.15205071276665,400.5997070502986
2026-06-01T17:19:29,26,7,2600073,"ARX(2,1)",True,True,0,-168.07717403470673,360.15434806941346,400.6020044069454,1.3488904288208374,0.0475631287545601,0.6926191492785112,0.1378556221083254,0.4457100851795709,1.2850221691540586,0.1495285344609187,1.0057819193914126,0.1259410126174125,0.2563813438549683,0.4807562455123153,0.1677653716323628,,-168.0771740346178,360.1543480692356,400.6020044067676
2026-06-01T17:29:39,26,8,2600083,"ARX(2,1)",True,True,0,-168.0769581240034,360.1539162480068,400.60157258553875,1.372279852494611,0.0480325309485239,0.6911302080536308,0.1356848325773787,0.4468367251838527,1.286042836439232,0.1486743160506827,0.999606724044109,0.1259299848293204,0.2563281678340794,0.4817282402403816,0.1671471488206773,,-168.07695812402633,360.15391624805267,400.6015725855846
2026-06-01T17:38:50,26,9,2600093,"ARX(2,1)",True,True,0,-168.0764165189993,360.1528330379986,400.6004893755306,1.3445973205072168,0.0490231157592081,0.6920904418016411,0.1370688797938651,0.4468781213268061,1.2577499553697826,0.1500625628265625,0.9843710147269148,0.1263208497811668,0.2570986102188825,0.4801840047618377,0.1676483315035304,,-168.0764165189998,360.1528330379996,400.60048937553154
2026-06-01T17:44:18,26,10,2600103,"ARX(2,1)",True,True,0,-168.07618083194086,360.1523616638817,400.6000180014137,1.3490920621098084,0.0486391817704184,0.6929800218369855,0.136730850444911,0.4452217442359288,1.268140738896731,0.1494843332284336,0.9910180541862385,0.1260561070781688,0.2567686637837187,0.480679040478605,0.167652654680386,,-168.07618083195734,360.1523616639147,400.6000180014466
2026-06-01T17:53:27,26,11,2600113,"ARX(2,1)",True,True,0,-168.08638150685113,360.17276301370225,400.6204193512342,1.4402560562730489,0.0464965656916621,0.6843300270311938,0.137340726352496,0.4560169234226478,1.3247626661905392,0.1467363486924724,1.0228996243133075,0.1271912287965278,0.255906340101208,0.4800919468643867,0.1671010555579941,,-168.08638150068194,360.1727630013639,400.62041933889583
2026-06-01T18:01:58,26,12,2600123,"ARX(2,1)",True,True,0,-168.1110545098005,360.222109019601,400.669765357133,1.336742238691699,0.0434791944819559,0.6955058206701338,0.1329940842414103,0.4385190525465776,1.394498857605997,0.1493223148047678,1.1011033164435282,0.1209034404647927,0.2568386352626925,0.4880030934744441,0.1637860390416613,,-168.1110545067151,360.2221090134302,400.66976535096217
2026-06-01T18:11:35,26,13,2600133,"ARX(2,1)",True,True,0,-168.0760315387942,360.1520630775884,400.5997194151204,1.3597474646664005,0.0489338344859567,0.6916395991192158,0.1367319649967994,0.4471916538713269,1.26300298278401,0.1492736907813878,0.986787599120391,0.1262217384873304,0.2567192100233967,0.4810515560046558,0.167316745853269,,-168.07603153855212,360.15206307710423,400.5997194146362
2026-06-01T18:18:46,26,14,2600143,"ARX(2,1)",True,True,0,-168.08997461441896,360.1799492288379,400.6276055663699,1.433075738687518,0.0463636116351805,0.6856136555971702,0.1353841251961413,0.4515813789144475,1.3231607518186286,0.1475580085679702,1.0441174565318414,0.127457313111318,0.2559477843363774,0.4785496114617963,0.1676446997207162,,-168.08997459198392,360.17994918396784,400.6276055214998
2026-06-01T18:33:05,26,15,2600153,"ARX(2,1)",True,True,0,-168.0824935100646,360.1649870201292,400.61264335766117,1.3810377065388817,0.0476149140274014,0.6935943453118734,0.1319622999589644,0.4443266838756585,1.3162522090036946,0.1466436031666775,1.0054991001096134,0.1238526427213817,0.2569804761977732,0.4835654847569258,0.1657135739380626,,-168.08249351009417,360.16498702018833,400.6126433577203
2026-06-01T18:48:02,26,16,2600163,"ARX(2,1)",True,True,0,-168.07604459782618,360.15208919565237,400.5997455331843,1.3621365340962173,0.0488878254109703,0.6917001141592278,0.1366665349094956,0.4468985270275198,1.2590784380465,0.1492081116864509,0.9871088784732694,0.1265591482863108,0.2566059886216804,0.4808466310745501,0.1673339989203231,,-168.07604459782516,360.1520891956503,400.5997455331823
2026-06-01T19:09:40,26,17,2600173,"ARX(2,1)",True,True,0,-168.08177108135152,360.16354216270304,400.611198500235,1.440063871759022,0.0499386420816615,0.6829307778841721,0.1380624119096958,0.4587864486749541,1.2201769555667328,0.147726618674435,0.971239040709257,0.1288256530196288,0.2561625216933774,0.4819500877398318,0.1656547917925553,,-168.0817710813126,360.1635421626252,400.6111985001572
2026-06-01T19:25:32,26,18,2600183,"ARX(2,1)",True,True,0,-168.62625377408827,361.25250754817654,401.7001638857085,2.623179507208526,0.0452355463689324,0.6092147945929351,0.1226708866142386,0.5515010170282926,1.4360824022196086,0.1223995183479641,1.0702518439885118,0.131355084769309,0.2529807533072088,0.4876730572123512,0.1573237437532569,,-168.62625377443345,361.2525075488669,401.70016388639885
2026-06-01T19:31:21,26,19,2600193,"ARX(2,1)",True,True,0,-168.08398440136688,360.16796880273375,400.6156251402657,1.4568245128943051,0.0489137749186355,0.6800792113504537,0.1344654631340746,0.4613741358729564,1.2633953064096894,0.1472989292750983,0.98939577631465,0.1288516495493948,0.2591161525147121,0.4771800264621212,0.1654734273386306,,-168.08398439804688,360.16796879609376,400.6156251336257
2026-06-01T19:41:26,26,20,2600203,"ARX(2,1)",True,True,0,-168.0770593077465,360.154118615493,400.601774953025,1.389350260086943,0.0490143756612347,0.6904543440298991,0.136546215171786,0.4474804411759326,1.2557353527710575,0.1482546251892385,0.9807158049345504,0.1274291001311303,0.2567070248044545,0.4810776894253084,0.166796364726946,,-168.07705930823897,360.15411861647794,400.6017749540099
2026-06-01T19:49:37,26,21,2600213,"ARX(2,1)",True,True,0,-168.0782354893749,360.1564709787498,400.60412731628173,1.3181956294396435,0.0477688077270888,0.6967066882987316,0.136799314489739,0.4402700717791271,1.2848024427302187,0.1501579982283972,1.0044654627468097,0.1254752203465986,0.2574566171719691,0.4792092946538323,0.1684694114423649,,-168.07823548946598,360.156470978932,400.6041273164639
2026-06-01T19:58:52,26,22,2600223,"ARX(2,1)",True,True,0,-168.07656719899163,360.15313439798325,400.6007907355152,1.357810668730171,0.0492616583148797,0.6911325074107448,0.1361116638139057,0.4493397453815006,1.252238889320077,0.1495235953961754,0.979814498065942,0.1258095654504875,0.2566437608323994,0.4819464179500009,0.1669887093282462,,-168.0765671989963,360.1531343979926,400.6007907355245
2026-06-01T20:13:32,26,23,2600233,"ARX(2,1)",True,True,0,-168.10405926348687,360.20811852697375,400.6557748645057,1.3439928145454096,0.0545267223302903,0.6919822819422066,0.1379166543881037,0.4471589344973434,1.126115656156872,0.1506655787779303,0.9005653963981841,0.1278730951438449,0.2569599971921014,0.4860960061005215,0.1635731003497538,,-168.10405926276496,360.2081185255299,400.6557748630619
2026-06-01T20:18:59,26,24,2600243,"ARX(2,1)",True,True,0,-168.07814747049252,360.15629494098505,400.603951278517,1.4152163253486794,0.0489830121382385,0.685647469975325,0.1353686787999095,0.4550446990060283,1.260302265013176,0.1480386225147538,0.9865804077517792,0.1276500275749527,0.2565627519439276,0.4813965328049416,0.1660790005653286,,-168.07814727408294,360.1562945481659,400.6039508856978
2026-06-01T20:28:44,26,25,2600253,"ARX(2,1)",True,True,0,-168.10883153102884,360.2176630620577,400.66531939958963,1.4437745698514122,0.0505701092214628,0.6766480127029278,0.1322369531550125,0.4703099186273061,1.2705351163307903,0.1489546359370372,0.9435992644415924,0.124752513018135,0.2487990309916699,0.500546913754354,0.1596032780687221,,-168.1088315132319,360.2176630264638,400.66531936399576
2026-06-01T20:42:08,26,26,2600263,"ARX(2,1)",True,True,0,-168.07798448823974,360.15596897647947,400.6036253140114,1.3175630554630893,0.0486297937373386,0.6962874435114701,0.1390749177303738,0.4415755480051924,1.25042105915772,0.1503562026656877,0.98822994729237,0.126172586392703,0.2574518544850934,0.4788787255746026,0.1686698787208454,,-168.077984219345,360.15596843869,400.603624776222
2026-06-01T20:59:53,26,27,2600273,"ARX(2,1)",True,True,0,-168.08233763941172,360.16467527882344,400.6123316163554,1.2880457226828854,0.049021245149018,0.6966491546527083,0.1422725121479666,0.4427071938955231,1.2463614454494814,0.1520283535094888,0.9829548209929352,0.1256597286209508,0.2574445711838616,0.478204672762973,0.1691643495143721,,-168.08233764102732,360.16467528205465,400.6123316195866
2026-06-01T21:36:20,26,29,2600293,"ARX(2,1)",True,True,0,-168.08756188510947,360.17512377021893,400.6227801077509,1.4447665619781456,0.0464154191893954,0.6829788677679104,0.1435630716754385,0.455703963391834,1.2845559100035622,0.1476723220846422,1.0188172728296312,0.1281467491222182,0.2540528537021101,0.4783059459520747,0.169289998457669,,-168.08756188501116,360.1751237700223,400.6227801075543
2026-06-01T21:47:23,26,30,2600303,"ARX(2,1)",True,True,0,-168.08167255785258,360.16334511570517,400.6110014532371,1.3939429697270336,0.0474100780339893,0.6863334242605931,0.1365988707175228,0.4554966199146769,1.3151037856347487,0.1485211280352716,1.0098897375069038,0.1244294195826279,0.2556896941338928,0.4847572631017574,0.1658616673236838,,-168.08167255722535,360.16334511445075,400.6110014519827
2026-06-01T21:59:55,26,31,2600313,"ARX(2,1)",True,True,0,-168.0823991960071,360.1647983920142,400.61245472954613,1.4362492969987315,0.0504422030046922,0.6845951799183382,0.1337377223271227,0.4559056070168336,1.2339794711958991,0.1473032940180858,0.9584186417800749,0.1277614565085095,0.2586199605278227,0.4817311922551632,0.1639477620887773,,-168.08239919600518,360.1647983920104,400.6124547295423
2026-06-01T22:09:44,26,32,2600323,"ARX(2,1)",True,True,0,-168.07706650830326,360.1541330166065,400.6017893541385,1.3871372480952942,0.048133647613479,0.6886240996183196,0.1355848586674672,0.4500365653515429,1.2779659996351664,0.1488095201103559,0.9968121478077407,0.1270044161837709,0.2567096556376736,0.4810787577136091,0.1664067893555164,,-168.07706650862366,360.1541330172473,400.60178935477927
2026-06-01T22:25:08,26,34,2600343,"ARX(2,1)",True,True,0,-168.076055403038,360.152110806076,400.59976714360795,1.3578294135553528,0.0490623978974515,0.6920276421048174,0.1367306185870342,0.4465603166803485,1.2564249807194243,0.1493090275403978,0.9834863590428492,0.1263895677342344,0.2567962979407003,0.4810966013711403,0.1671863896062443,,-168.07605540322817,360.15211080645634,400.5997671439883
2026-06-01T22:39:01,26,35,2600353,"ARX(2,1)",True,True,0,-168.07610140599434,360.1522028119887,400.5998591495206,1.3546537145079136,0.0490251824802278,0.6921682145904936,0.1356406306576689,0.4466279725289909,1.263409090626748,0.14942815314335,0.9858812075131004,0.1262712028468353,0.2569211341613849,0.4811288591551186,0.1669864332661627,,-168.07610139336552,360.15220278673104,400.599859124263
2026-06-01T22:50:25,26,36,2600363,"ARX(2,1)",True,True,0,-168.08107572437288,360.16215144874576,400.6098077862777,1.3097467525029547,0.0476776963827536,0.6968879010035727,0.1350919274534826,0.4402959377567046,1.3155510127897916,0.1502154405753941,1.005891698022672,0.1236921533143327,0.2583162116256762,0.4808052429453691,0.1671721262565063,,-168.08107572187754,360.1621514437551,400.60980778128703
2026-06-01T23:00:59,26,37,2600373,"ARX(2,1)",True,True,0,-168.0760331126999,360.1520662253998,400.59972256293173,1.3659006383910486,0.0489357568124441,0.6912833461643894,0.1365356349321328,0.4473943617644964,1.2608386239063565,0.1490624877989016,0.9860655281306352,0.1264878805990532,0.2567099264651947,0.4809227663588967,0.1672442751816582,,-168.07603311954136,360.1520662390827,400.5997225766147
2026-06-01T23:15:08,26,38,2600383,"ARX(2,1)",True,True,0,-168.07608096797765,360.1521619359553,400.59981827348724,1.3687844180556157,0.0490571415303783,0.6908142051239995,0.1366109266531809,0.448094094956276,1.257208048428781,0.1490865284638429,0.9847495523892033,0.1265576173401945,0.2564500044815545,0.4814690146454834,0.1670137422797802,,-168.0760809679954,360.1521619359908,400.5998182735228
2026-06-01T23:23:03,26,39,2600393,"ARX(2,1)",True,True,0,-168.07610529257607,360.15221058515215,400.5998669226841,1.358615820504057,0.0488203179187902,0.6919916228785452,0.1369018091736272,0.4468597955219826,1.261182378900207,0.1492357068570149,0.9851438373001528,0.1265493261937151,0.2572547110428777,0.4796426868974721,0.1677059670548064,,-168.0761052927554,360.15221058551083,400.5998669230428
2026-06-01T16:32:21,27,2,2700023,"ARX(2,1)",True,True,0,-168.07659917397064,360.15319834794127,400.6008546854732,1.3378345850630655,0.0485541959035448,0.6946814846709075,0.1381774060881497,0.4434537379690093,1.264786887538862,0.1496089544892226,0.9883546907254992,0.1257859770227594,0.2570496807049071,0.4802161267533252,0.1680151022910538,,-168.07659917371296,360.1531983474259,400.6008546849579
2026-06-01T16:47:41,27,3,2700033,"ARX(2,1)",True,True,0,-168.0760276927069,360.1520553854138,400.59971172294576,1.3586431879609622,0.0488963706823235,0.691941994042396,0.1365465785067017,0.4467321833941585,1.2621511503145542,0.1492886474822519,0.9862172453030918,0.1264904772870123,0.2567569948614932,0.4807267495481986,0.1673961038261402,,-168.07602769271182,360.15205538542364,400.5997117229556
2026-06-01T17:17:24,27,4,2700043,"ARX(2,1)",True,True,0,-168.08275851191277,360.16551702382554,400.6131733613575,1.434371947597841,0.0502518173802743,0.6836671809053094,0.1357606979646369,0.4608155229636742,1.2423399314249222,0.1474212115483474,0.9668584736844696,0.1280535577661832,0.25751033935913,0.4794053237485439,0.1656540068410988,,-168.08275851189234,360.1655170237847,400.6131733613166
2026-06-01T17:29:08,27,5,2700053,"ARX(2,1)",True,True,0,-168.076165747403,360.152331494806,400.59998783233794,1.357882517635945,0.0491330951258857,0.6921189632111505,0.1351373048709594,0.4466063237787109,1.260812776106432,0.1492481190328186,0.9849841364406648,0.1261671555058109,0.2573446597216624,0.4813840969280183,0.166527528191569,,-168.0761657473759,360.1523314947518,400.5999878322838
2026-06-01T17:43:36,27,6,2700063,"ARX(2,1)",True,True,0,-168.2854234733332,360.5708469466664,401.01850328419835,1.179305145709641,0.0584631629115973,0.7183367140496759,0.1701111687871226,0.4111362050982766,0.9209016399566782,0.1548630539148281,0.8816366533445387,0.1315608447357455,0.2634396572784879,0.4764242176680165,0.1667830753714918,,-168.28542346798224,360.5708469359645,401.0185032734965
2026-06-01T17:52:27,27,7,2700073,"ARX(2,1)",True,True,0,-168.07804724262525,360.1560944852505,400.60375082278244,1.3941756112829629,0.04900899683341,0.6910746672193355,0.1379891347134395,0.4462557331377896,1.244005144201533,0.1476699210587541,0.9815587233747372,0.1275161398318472,0.2556878562425309,0.4794990143410196,0.1687011199853171,,-168.07804723432315,360.1560944686463,400.6037508061783
2026-06-01T18:09:17,27,8,2700083,"ARX(2,1)",True,True,0,-168.08002971350416,360.1600594270083,400.6077157645403,1.3320437002975842,0.0468988182019672,0.6952005819937178,0.1376592893392351,0.4418882930988501,1.2732858170724444,0.1504017235463072,1.0137346490429024,0.1285614623814786,0.2568311308425204,0.4778418754749441,0.1683433623571386,,-168.0800297119937,360.1600594239874,400.6077157615193
2026-06-01T18:25:17,27,9,2700093,"ARX(2,1)",True,True,0,-168.08727609067705,360.1745521813541,400.62220851888605,1.4423935886673498,0.0461335974643425,0.6847157219642109,0.1364560332934157,0.4548102572468568,1.3219936632305371,0.1467146642818313,1.032822663529455,0.1265861551012004,0.2559375607164785,0.4802779429818081,0.1674709077331325,,-168.0872760905304,360.1745521810608,400.6222085185928
2026-06-01T18:34:12,27,10,2700103,"ARX(2,1)",True,True,0,-168.07676699521429,360.15353399042857,400.6011903279605,1.3720330517785926,0.0499717738752619,0.6906155657756934,0.1354614573504506,0.4482222553862432,1.2424052286948988,0.1489545607385234,0.9708689509886956,0.1271559160438049,0.2571499349996987,0.4807017990153818,0.1667248284740785,,-168.07676699518987,360.15353399037974,400.6011903279117
2026-06-01T18:46:17,27,11,2700113,"ARX(2,1)",True,True,0,-168.08118893597992,360.16237787195985,400.6100342094918,1.426787533293074,0.0473513259394487,0.6856232666369989,0.1362616976333272,0.4532767553138636,1.286745339637884,0.1473791382816971,0.996805734410942,0.1261780349106327,0.2555509626730873,0.4832084740054437,0.1669232894760381,,-168.08118893344732,360.16237786689464,400.6100342044266
2026-06-01T18:59:50,27,12,2700123,"ARX(2,1)",True,True,0,-168.07750473825206,360.1550094765041,400.6026658140361,1.3815041632500449,0.0477878421526294,0.6896286018692511,0.136757435316208,0.4492348165548825,1.2900451815072438,0.1486028330191271,1.004431267657969,0.1262201688550353,0.2563223215331324,0.480626487215943,0.1675432737654501,,-168.0775047360557,360.1550094721114,400.6026658096433
2026-06-01T19:20:52,27,14,2700143,"ARX(2,1)",True,True,0,-168.08373272727238,360.16746545454475,400.6151217920767,1.4387063436071226,0.0472825233991712,0.6852710494625317,0.1361380822399443,0.4528596927986774,1.2972736993616751,0.1468212037767671,1.0167133308344516,0.1273813633471754,0.2545087839623264,0.4800028127339442,0.1685371671721507,,-168.0837327272236,360.1674654544472,400.6151217919792
2026-06-01T19:37:12,27,15,2700153,"ARX(2,1)",True,True,0,-168.64032815113586,361.2806563022717,401.7283126398037,1.2893181504984224,0.0690122061050987,0.6714430197622836,0.1307135795810638,0.4913035174960336,0.7998991054485654,0.1638182204269302,0.8536590248465878,0.1277577013265377,0.2296429823222074,0.5585065043138987,0.1322874658746435,,-168.64032816592345,361.2806563318469,401.72831266937885
2026-06-01T19:52:42,27,16,2700163,"ARX(2,1)",True,True,0,-168.076129781718,360.152259563436,400.59991590096797,1.3569786398708048,0.0491810890951898,0.6922661216680521,0.1371034837122672,0.446240305919812,1.2526873834104628,0.149312852686192,0.981516421588396,0.1263971855810849,0.256797926635182,0.480891076025202,0.167363280797767,,-168.07612978170607,360.15225956341214,400.5999159009441
2026-06-01T20:05:13,27,17,2700173,"ARX(2,1)",True,True,0,-168.07605423921336,360.1521084784267,400.5997648159587,1.3593017863364292,0.0488639732644442,0.6922275358645621,0.1369910461522265,0.4460707606821478,1.2590846321169986,0.1491763044183198,0.9871206340270996,0.1262738909921613,0.2565270645346024,0.481077499867118,0.1674840431300643,,-168.07605423872053,360.15210847744106,400.599764814973
2026-06-01T20:17:23,27,18,2700183,"ARX(2,1)",True,True,0,-168.490809291736,360.981618583472,401.429274921004,2.123765942377374,0.0396859911382006,0.6258755632521401,0.114342885489118,0.523486417014848,1.583812017001335,0.1348170787512136,1.1555736430114287,0.1389605526782422,0.257861920734278,0.4737717143542471,0.1570550192202428,,-168.49080928748364,360.9816185749673,401.4292749124992
2026-06-01T20:33:36,27,19,2700193,"ARX(2,1)",True,True,0,-168.15948952142236,360.3189790428447,400.76663538037667,1.2816968122376706,0.0616868284649819,0.7002206889756055,0.1219606742118408,0.4314399700537213,1.1009119516114496,0.1517978947793141,0.846685195285113,0.1261008516022227,0.2596398781411185,0.4829455091204725,0.1645704234950976,,-168.1594894063359,360.3189788126717,400.7666351502037
2026-06-01T20:45:22,27,20,2700203,"ARX(2,1)",True,True,0,-168.07605213121064,360.1521042624213,400.59976059995324,1.3595555945016378,0.0487966722419356,0.6919414053128574,0.136770961471091,0.4464463947947347,1.260256268618303,0.1492995713377925,0.9883935590607846,0.1264524021766364,0.2566063457831956,0.4811145406383118,0.1673024804981515,,-168.07605213204022,360.15210426408044,400.5997606016124
2026-06-01T20:57:43,27,21,2700213,"ARX(2,1)",True,True,0,-168.08426901636903,360.16853803273807,400.61619437027,1.42583518664711,0.0481039513201955,0.6858630602920848,0.1306082708877067,0.4533526151406952,1.3211592194863824,0.1473226460449301,1.0107248324452132,0.1276856250722587,0.25561334303876,0.4811336883523454,0.1660510688950024,,-168.08426901691817,360.16853803383634,400.6161943713683
2026-06-01T21:13:23,27,22,2700223,"ARX(2,1)",True,True,0,-168.07611044678478,360.15222089356956,400.5998772311015,1.3647899674253696,0.0492550505260666,0.6913270333281402,0.136813952852344,0.4474235684485121,1.2529626272639038,0.1491329289878332,0.9807583306725784,0.1266441739822441,0.2567504112484147,0.4809657664231186,0.1671604846003792,,-168.07611044677424,360.1522208935485,400.5998772310804
2026-06-01T21:25:05,27,23,2700233,"ARX(2,1)",True,True,0,-168.0760565793844,360.1521131587688,400.5997694963008,1.3676345282619102,0.0489226232743203,0.6908648493328383,0.1366218017960171,0.4480614478319634,1.2617035179607354,0.1490742191191905,0.986953434945831,0.1264657161392938,0.2566101769131155,0.4812716170431402,0.167018544955022,,-168.07605657940985,360.1521131588197,400.59976949635166
2026-06-01T21:36:38,27,24,2700243,"ARX(2,1)",True,True,0,-168.1185033396514,360.2370066793028,400.68466301683475,1.623357124032371,0.0490488640136014,0.6679985324211553,0.1388143591302905,0.4780306338345348,1.2436358063071773,0.1426103250009566,0.988777128084964,0.1315521717324738,0.2567748840052821,0.4779228771637277,0.1656780204023381,,-168.11850332246252,360.23700664492503,400.684662982457
2026-06-01T21:52:29,27,25,2700253,"ARX(2,1)",True,True,0,-168.08038359152036,360.1607671830407,400.60842352057267,1.310633801017704,0.0487164577931262,0.6963813341491017,0.1343166115141864,0.4411518668091116,1.3067615703713218,0.1502024761083596,1.001072365099031,0.1237878541809656,0.2582760255799963,0.4798833215348266,0.1677682234007017,,-168.08038356235554,360.16076712471107,400.608423462243
2026-06-01T22:12:41,27,26,2700263,"ARX(2,1)",True,True,0,-168.08286370163216,360.1657274032643,400.6133837407963,1.4549415164567996,0.0498244077459201,0.6812131905784146,0.1368850020770119,0.4616361670931443,1.2414533586452188,0.1471502635848173,0.9676577937327584,0.1281111970643281,0.2555727892585945,0.482548142152821,0.1661291017710694,,-168.08286369698533,360.16572739397066,400.6133837315026
2026-06-01T22:22:42,27,27,2700273,"ARX(2,1)",True,True,0,-168.09083553796452,360.18167107592905,400.629327413461,1.4570227337565111,0.046993244991572,0.6813692911094974,0.1300214925145311,0.4595136263140881,1.333465466786974,0.1467587204139198,1.021722587926312,0.1271138178861766,0.2560317280167036,0.4845360011516136,0.1639465968789927,,-168.09083553477657,360.1816710695531,400.629327407085
2026-06-01T22:44:57,27,29,2700293,"ARX(2,1)",True,True,0,-168.07668754098077,360.15337508196154,400.6010314194935,1.3377459287176745,0.0484805845694195,0.6941105204800818,0.1364694764612344,0.4438234716001322,1.2778330931529271,0.1497247979609534,0.9942164191844995,0.1257002614032744,0.2570172387330009,0.4801024442252284,0.1680034918531728,,-168.07668754097054,360.1533750819411,400.601031419473
2026-06-01T23:03:16,27,30,2700303,"ARX(2,1)",True,True,0,-168.07604723825432,360.15209447650864,400.5997508140406,1.3573118551477177,0.0490625795351545,0.6920795356190436,0.1365300345513001,0.4464746274907313,1.2610592706403898,0.1492951947582835,0.9844766824346154,0.1262424659948168,0.2570002922092745,0.4809262022463201,0.1671363634351952,,-168.07604723794913,360.15209447589825,400.5997508134302
2026-06-01T23:18:49,27,31,2700313,"ARX(2,1)",True,True,0,-168.07653137147008,360.15306274294016,400.6007190804721,1.3410002952622146,0.0489323143903529,0.6943486594560441,0.1364528034356735,0.4430060619114234,1.2671496006948384,0.149577755075823,0.992072084553688,0.12537825499493,0.25696731798513,0.481305840871126,0.1676192196821465,,-168.07653137162748,360.15306274325496,400.6007190807869
2026-06-01T23:36:42,27,32,2700323,"ARX(2,1)",True,True,0,-168.0878432794235,360.175686558847,400.623342896379,1.4950200092392034,0.0491384235453713,0.6777513350439087,0.1362971522209499,0.4649543755953086,1.2529330311022584,0.1461278010108024,0.983985512208144,0.1293604387632524,0.2561779580275107,0.4806690615281024,0.1654037534954525,,-168.08784327884985,360.1756865576997,400.6233428952317
2026-06-01T23:50:25,27,33,2700333,"ARX(2,1)",True,True,0,-168.09583500814216,360.1916700162843,400.6393263538163,1.341558671801745,0.0506861406718918,0.6944016167517304,0.14204807712957,0.4429063683906366,1.1522666966707729,0.1510925787582169,0.9710798341899136,0.1290168808112731,0.2534489353520676,0.4830480145289178,0.1689032072672065,,-168.09583501732726,360.1916700346545,400.6393263721865
2026-06-02T00:05:30,27,34,2700343,"ARX(2,1)",True,True,0,-168.59939061758848,361.19878123517697,401.6464375727089,2.537777863907759,0.043406874869278,0.619912288014815,0.1198756390902116,0.5385185360062017,1.4396976853273378,0.1232262206567013,1.0192035951936336,0.1345659192630476,0.2572853096663607,0.4693540257547249,0.1684837264422787,,-168.5993906170051,361.1987812340102,401.64643757154215
2026-06-02T00:14:01,27,35,2700353,"ARX(2,1)",True,True,0,-168.07636144094965,360.1527228818993,400.60037921943126,1.357348434501998,0.0487126211508306,0.6926184897612664,0.1354430263399144,0.4448820649907659,1.2751643381511204,0.1491445894420699,0.9942142708360816,0.1261805320057623,0.2568908371205268,0.4806019456716325,0.1673108150030979,,-168.07636144152897,360.1527228830579,400.6003792205898
2026-06-02T00:30:32,27,36,2700363,"ARX(2,1)",True,True,0,-168.1381498769385,360.276299753877,400.723956091409,1.6373835832054513,0.0527248753116152,0.6687299357995332,0.121874323093559,0.4730004931302329,1.281608460528944,0.1420842442709314,0.9349831405826372,0.1318577446263825,0.2589877898099533,0.4780699620925854,0.1635552807721748,,-168.13814986816482,360.27629973632963,400.7239560738616
2026-06-02T00:43:44,27,37,2700373,"ARX(2,1)",True,True,0,-168.07735611876964,360.1547122375393,400.60236857507124,1.319939689389671,0.0487879981938986,0.6962705197673241,0.1369300539301755,0.4407974662307631,1.2689306206339737,0.150149384492932,0.9896355887131808,0.1253592295334549,0.2568350640604419,0.4807132339000934,0.168093793066866,,-168.07735611859994,360.1547122371999,400.6023685747318
2026-06-02T00:53:12,27,38,2700383,"ARX(2,1)",True,True,0,-168.11396920600123,360.22793841200246,400.6755947495344,1.6134894649796656,0.0496526372932534,0.6690197969416006,0.1336650119196201,0.4749111782103373,1.2548408436150131,0.1427658716223256,0.9773923610180952,0.1301441059951302,0.2551567775304009,0.4818698641998205,0.1650033334611687,,-168.1139692101416,360.2279384202832,400.67559475781513
2026-06-02T01:11:50,27,39,2700393,"ARX(2,1)",True,True,0,-168.07619644353952,360.15239288707903,400.600049224611,1.3472537066610952,0.0487879823572769,0.6929707074568797,0.1367634137803804,0.4450122976685075,1.2666377215256026,0.1496010888342261,0.988319276353362,0.1261451466349212,0.2570031280579129,0.4804513671896667,0.1674851028723508,,-168.07619644354497,360.15239288708995,400.6000492246219
2026-06-02T01:22:16,27,40,2700403,"ARX(2,1)",True,True,0,-168.07696612774103,360.15393225548206,400.601588593014,1.340107792478537,0.0481959184706669,0.6941861272841805,0.1360855465629679,0.4432951622984055,1.2856521878868676,0.1495910431150592,0.9984419729034752,0.1258957261464476,0.2570529860840874,0.4797078491916978,0.1680014381096975,,-168.07696612769683,360.15393225539367,400.6015885929256
2026-06-01T16:30:43,28,2,2800023,"ARX(2,1)",True,True,0,-168.07841047153383,360.15682094306766,400.6044772805996,1.408331936924258,0.0488613226594885,0.6887049060945918,0.1378058926987633,0.4490773512331433,1.2498311265985096,0.1476425189078374,0.9899390358954494,0.1279237468907856,0.2564205951991777,0.4796670372401933,0.1673334066895883,,-168.07841047063133,360.15682094126265,400.6044772787946
2026-06-01T16:39:57,28,3,2800033,"ARX(2,1)",True,True,0,-168.07805669096498,360.15611338192997,400.6037697194619,1.3171776564212063,0.048470430964556,0.6960861822819877,0.1380537986651011,0.4418674444086368,1.2698366845039173,0.1503482459338642,0.994214045868718,0.1247830405414932,0.2553075788524339,0.4831158039483437,0.1676921683071321,,-168.07805668586278,360.15611337172555,400.6037697092575
2026-06-01T16:48:38,28,4,2800043,"ARX(2,1)",True,True,0,-168.09615762445742,360.19231524891484,400.6399715864468,1.272231645460104,0.045384446603341,0.6987848688179872,0.1343906281237382,0.438359579678967,1.3759040346681597,0.1516873296971814,1.045892169629309,0.1232098955888859,0.2588461027898192,0.4757308052401801,0.1704771767354192,,-168.09615762459987,360.19231524919974,400.6399715867317
2026-06-01T17:00:05,28,5,2800053,"ARX(2,1)",True,True,0,-168.07606513277685,360.1521302655537,400.59978660308565,1.35915393261271,0.0490331742230191,0.6918271632624555,0.1371548324777195,0.4469656854687006,1.2552594560613446,0.1493051307718185,0.9843066785598392,0.1264480842684632,0.2565248145367987,0.4810895077291995,0.1674324511731149,,-168.0760651327268,360.1521302654536,400.5997866029856
2026-06-01T17:13:47,28,6,2800063,"ARX(2,1)",True,True,0,-168.07693961351123,360.15387922702246,400.6015355645544,1.3838747925084978,0.0489611331936888,0.6903086036326742,0.1374156606251503,0.4486082091964383,1.2431629291932318,0.1484558965247982,0.9843469906951616,0.1270792229706819,0.2559755757061228,0.4815012609945863,0.1675106545929291,,-168.07693961362463,360.15387922724926,400.6015355647812
2026-06-01T17:25:22,28,7,2800073,"ARX(2,1)",True,True,0,-168.07852571586648,360.15705143173295,400.6047077692649,1.3062747773605223,0.0487791047851618,0.6980975482908595,0.1369776787742482,0.4382417727714988,1.2608891291962572,0.1504721584742368,0.9868148329351616,0.1257627827235075,0.2574820933871806,0.4790700215545357,0.1686198940442202,,-168.0785257143217,360.1570514286434,400.60470776617535
2026-06-01T17:42:25,28,8,2800083,"ARX(2,1)",True,True,0,-168.077510346034,360.155020692068,400.60267702959993,1.3631046243247709,0.0476854213855726,0.6912354991448127,0.1360939547354902,0.4475322424080011,1.295778629501183,0.1491885316083978,1.0066133702521192,0.1258118450416495,0.2567019634841287,0.4810330945810008,0.1670908706796474,,-168.07751034602956,360.1550206920591,400.6026770295911
2026-06-01T17:48:52,28,9,2800093,"ARX(2,1)",True,True,0,-168.07672602733132,360.15345205466264,400.6011083921946,1.3819509243930814,0.0490402810965076,0.6879320018497149,0.13644844884203,0.4535171432044433,1.2567078520322523,0.1491071493979286,0.9830894780749958,0.1267441520746045,0.2563301441516211,0.4823502614099469,0.1662292346815521,,-168.07672603085726,360.1534520617145,400.60110839924647
2026-06-01T18:01:09,28,10,2800103,"ARX(2,1)",True,True,0,-168.07606713375714,360.15213426751427,400.5997906050462,1.3632480932387108,0.0491873222829317,0.6913414364394422,0.1367473645837259,0.4474157600135187,1.2548928528343757,0.1492235278548827,0.9825075584562796,0.1264724726214686,0.2567017641340506,0.4810965560603616,0.1671837207514058,,-168.07606713375384,360.1521342675077,400.5997906050396
2026-06-01T18:13:25,28,11,2800113,"ARX(2,1)",True,True,0,-168.11298695894686,360.2259739178937,400.6736302554257,1.280394922752785,0.0558063730940475,0.7048052021574004,0.1364804259073095,0.4215509323434595,1.2399580462312134,0.1508397314468043,0.9637916382017016,0.1208152953761768,0.2596320569668196,0.4880168981751528,0.1615064069430485,,-168.11298695900084,360.22597391800167,400.6736302555336
2026-06-01T18:19:08,28,12,2800123,"ARX(2,1)",True,True,0,-168.07638465282855,360.1527693056571,400.60042564318906,1.37344062899012,0.0490907439337414,0.6898494222048128,0.1367421635391694,0.450183102744088,1.2560391373899162,0.1490573373345404,0.9858850303983696,0.1261033454224336,0.2565229439720085,0.4815058180691809,0.1674737538220909,,-168.07638465289892,360.15276930579785,400.6004256433298
2026-06-01T18:29:15,28,13,2800133,"ARX(2,1)",True,True,0,-168.0762134555579,360.1524269111158,400.60008324864776,1.3762021852480997,0.0490641135852089,0.6902473812346309,0.1366314304632254,0.4486173119565476,1.255602185208646,0.1488445189910834,0.9852543892181176,0.1267788038046245,0.2566016129938385,0.4810854145617296,0.1670233411958412,,-168.07621345485865,360.1524269097173,400.6000832472493
2026-06-01T18:42:25,28,14,2800143,"ARX(2,1)",True,True,0,-168.71317487469605,361.4263497493921,401.87400608692406,2.8430428633450044,0.053779149521959,0.6074096438270508,0.1350983814967743,0.5452653870232095,1.0930896107107049,0.1193164659961942,0.9190581642956692,0.1390757717217902,0.2462989887832577,0.4948851027282293,0.1569360430819545,,-168.71317485642788,361.42634971285577,401.8740060503877
2026-06-01T18:54:41,28,15,2800153,"ARX(2,1)",True,True,0,-168.07910517383135,360.1582103476627,400.60586668519466,1.29993800348609,0.0487116221698337,0.6984113668645175,0.1364263487002171,0.4378245866962121,1.274622864917014,0.1506321431913657,0.9900629604108836,0.1247116104743986,0.2572256156146919,0.4811309595474116,0.1677861003756291,,-168.07910517388004,360.1582103477601,400.605866685292
2026-06-01T19:07:17,28,16,2800163,"ARX(2,1)",True,True,0,-168.0761697179516,360.1523394359032,400.5999957734351,1.3525012861028225,0.048606089402798,0.6921927986036293,0.137687791183383,0.4462566054882931,1.2646280683116091,0.1495748362815177,0.9878748534618944,0.1265701511802706,0.2566950034457905,0.4804633524951391,0.1674587990611424,,-168.07616971794351,360.15233943588703,400.599995773419
2026-06-01T19:13:21,28,17,2800173,"ARX(2,1)",True,True,0,-168.078526079126,360.157052158252,400.60470849578394,1.411178438323618,0.0483049168381411,0.685858387226271,0.1351491703555662,0.455444691121156,1.2781466701674498,0.1480489955568616,0.997889733953586,0.1270329658547855,0.2562142712091618,0.4816961311057802,0.1662584446998019,,-168.07852607909268,360.15705215818537,400.6047084957173
2026-06-01T19:26:47,28,18,2800183,"ARX(2,1)",True,True,0,-168.0760415458139,360.1520830916278,400.59973942915974,1.362803016853526,0.04878328769817,0.6914475674929186,0.1366263791526316,0.4471931761306987,1.2652382054112443,0.1491792813097312,0.9887181469061984,0.1263216761222991,0.2566998778707789,0.4809768912173975,0.1672688068194494,,-168.07604154583385,360.1520830916677,400.5997394291997
2026-06-01T19:38:34,28,19,2800193,"ARX(2,1)",True,True,0,-168.07647212449402,360.15294424898804,400.60060058652,1.3846676717430064,0.0487976976498426,0.6890251755040521,0.1364002888112981,0.4503195546452784,1.2655092605096827,0.1486761383059122,0.9882211130305604,0.1268230061647931,0.2568698683525307,0.4808369326512449,0.1668665403422693,,-168.07647212402796,360.1529442480559,400.6006005855879
2026-06-01T19:50:34,28,20,2800203,"ARX(2,1)",True,True,0,-168.0775271127369,360.1550542254738,400.60271056300576,1.3385500646390975,0.0494869097144637,0.6921612532482384,0.1368582297273198,0.4474963846915827,1.241337816007226,0.1502882063082931,0.9768036330623028,0.1259263205907111,0.2571079669584743,0.4806977125776989,0.1673479518292992,,-168.0775271074427,360.1550542148854,400.60271055241736
2026-06-01T20:00:45,28,21,2800213,"ARX(2,1)",True,True,0,-168.07603393751953,360.15206787503905,400.599724212571,1.3604481996184314,0.0489368465787729,0.6920417699885361,0.1363878467720877,0.4463458497253449,1.2627271268532227,0.149152665181182,0.9864087770769244,0.1264443225602684,0.2569603100687403,0.480706708812144,0.1672264583724356,,-168.0760339370892,360.1520678741784,400.5997242117104
2026-06-01T20:12:10,28,22,2800223,"ARX(2,1)",True,True,0,-168.0760466773215,360.152093354643,400.59974969217495,1.3625147568114977,0.0487413520279937,0.6915178070761094,0.1367258471533526,0.447132155331082,1.263877205977331,0.1491895965273278,0.989543137122622,0.1263957365594822,0.256679479021413,0.4809518099080364,0.1672634698980372,,-168.07604667731846,360.1520933546369,400.59974969216887
2026-06-01T20:32:26,28,23,2800233,"ARX(2,1)",True,True,0,-168.07630339098324,360.1526067819665,400.60026311949844,1.3728316936754026,0.0486047606241166,0.6903523114116972,0.1366915881704967,0.4485268466061857,1.2711962262176415,0.1489597160188737,0.9900949217456588,0.1268213973555305,0.2570310929146774,0.4796550745956438,0.1676177056991594,,-168.0763033909568,360.1526067819136,400.6002631194456
2026-06-01T20:42:14,28,24,2800243,"ARX(2,1)",True,True,0,-168.07604018181274,360.1520803636255,400.59973670115744,1.3620705857870608,0.0488086043776831,0.6916056391563546,0.1366864927050356,0.44678763921423,1.261797974973602,0.1492324295170717,0.988568131244682,0.1264523847200792,0.2567600045388981,0.4808260438196927,0.1672911230570848,,-168.0760401817751,360.1520803635502,400.5997367010822
2026-06-01T20:55:51,28,25,2800253,"ARX(2,1)",True,True,0,-168.0806403868208,360.1612807736416,400.60893711117353,1.3507314915447952,0.0489026312632549,0.6890258546790804,0.1418388524563277,0.4540237707425248,1.2284646742737628,0.1502749075962386,0.9839550299011622,0.1278124309187576,0.2555944430887869,0.4793276292771573,0.168326305551503,,-168.0806403860361,360.1612807720722,400.60893710960414
2026-06-01T21:03:20,28,26,2800263,"ARX(2,1)",True,True,0,-168.0762220147053,360.1524440294106,400.60010036694257,1.3592730706148173,0.0490070293900795,0.6923440796626358,0.1374832649508927,0.4457642340557124,1.2505727433006246,0.1491823441571899,0.9835009671111316,0.1268866649669141,0.2563260976076494,0.4803552099628371,0.1679109346095288,,-168.07622201291844,360.15244402583687,400.6001003633688
2026-06-01T21:16:22,28,27,2800273,"ARX(2,1)",True,True,0,-168.08417619974153,360.16835239948307,400.616008737015,1.4333809955380865,0.0478330053940718,0.685487952015117,0.1327152376362261,0.4532832921591701,1.2688570761464804,0.1468445531793121,1.0051445794212102,0.1253198898885406,0.2582410965236178,0.4835238225331519,0.1647597572088509,,-168.0841761931385,360.168352386277,400.6160087238089
2026-06-01T21:30:41,28,28,2800283,"ARX(2,1)",True,True,0,-168.07620638262182,360.15241276524364,400.6000691027756,1.372681688532329,0.0491808566661189,0.6910933120718743,0.1371638918104563,0.4471655038600811,1.256887569074573,0.1487735389652956,0.9831711882661228,0.1266672175848126,0.2569078252552516,0.4803264570290549,0.1674123379783761,,-168.07620638226223,360.15241276452446,400.6000691020564
2026-06-01T21:54:16,28,29,2800293,"ARX(2,1)",True,True,0,-168.0767079255585,360.153415851117,400.60107218864897,1.3725708791028866,0.0489475945004674,0.6909979764688883,0.1355103386092918,0.4476063810201858,1.258208400657829,0.1486461333455887,0.9908328551363668,0.1266753043856935,0.2570230783381663,0.4804419743389571,0.1666826557211822,,-168.0767079245471,360.15341584909413,400.6010721866261
2026-06-01T22:05:12,28,30,2800303,"ARX(2,1)",True,True,0,-168.07618044312363,360.15236088624727,400.6000172237792,1.3483636569629998,0.0487609699639521,0.6930932200211397,0.136408327701755,0.4450376102622863,1.268028754094022,0.1494787851902745,0.9887912948816464,0.1260311992642007,0.2568424037689605,0.4807990844987859,0.1674593934272118,,-168.07618044313966,360.1523608862793,400.6000172238113
2026-06-01T22:14:06,28,31,2800313,"ARX(2,1)",True,True,0,-168.0760399235944,360.1520798471888,400.59973618472077,1.3665351533037984,0.0488991924213648,0.6912451399021587,0.1365832381377702,0.4474038301472002,1.2617214451251906,0.1490577710005397,0.9864332738385028,0.12651688739185,0.256674726836976,0.4810196551506253,0.1671785954111564,,-168.07603992363528,360.15207984727056,400.5997361848025
2026-06-01T22:25:46,28,32,2800323,"ARX(2,1)",True,True,0,-168.07694530720397,360.15389061440794,400.6015469519399,1.3963895283524907,0.0491650725780903,0.6876836933536824,0.1356121948418077,0.452175477244548,1.2612146688283876,0.1484367121392188,0.9833068481095696,0.127028041859291,0.256502329782002,0.4812094097913969,0.1666946290240641,,-168.0769453074259,360.1538906148518,400.6015469523837
2026-06-01T22:36:32,28,33,2800333,"ARX(2,1)",True,True,0,-168.07626327104197,360.15252654208393,400.6001828796159,1.3546257422609524,0.0487163858929093,0.6929980147223817,0.1360793946339457,0.4444180449321183,1.2629407444003071,0.1492526171017487,0.989729195255416,0.1259078147018158,0.2567081020746081,0.4822403779031423,0.1666899115253866,,-168.0762632674055,360.15252653481093,400.6001828723429
2026-06-01T22:44:13,28,34,2800343,"ARX(2,1)",True,True,0,-168.07611919412778,360.15223838825557,400.5998947257875,1.3707497813278904,0.048999039630319,0.6910830584274467,0.1368180971055362,0.4475881450608411,1.2606458657816908,0.1488162459737997,0.984442699857585,0.1267161699629758,0.256592393280777,0.4806821425575532,0.1673364045237799,,-168.07611919418446,360.1522383883689,400.59989472590087
2026-06-01T22:56:36,28,35,2800353,"ARX(2,1)",True,True,0,-168.07681257789176,360.1536251557835,400.60128149331547,1.3941809150182942,0.0488657202599792,0.6882458922424476,0.1365894497310615,0.4511415453453345,1.2600310083502673,0.1483935247273011,0.987204221155832,0.1270214426820649,0.2565444801176321,0.4811380828175589,0.1667694755835059,,-168.07681257792984,360.1536251558597,400.6012814933917
2026-06-01T23:05:51,28,36,2800363,"ARX(2,1)",True,True,0,-168.08216997036072,360.16433994072145,400.6119962782534,1.293168115365086,0.050112111693265,0.7003205394683806,0.1356245644506993,0.4344356753145598,1.2442920520006024,0.1508097054710251,0.9703570215365512,0.1240301605746776,0.2551263660461434,0.4849437385532803,0.1677903049197408,,-168.08216997032545,360.1643399406509,400.61199627818286
2026-06-01T23:19:24,28,37,2800373,"ARX(2,1)",True,True,0,-168.0768602162061,360.1537204324122,400.6013767699441,1.3802861896737542,0.0489441605354248,0.6898872354280678,0.1384499321742873,0.4485100716443062,1.2418504765196212,0.148905344907175,0.9789084703672424,0.1271580494416263,0.2561231729668021,0.4812650486469085,0.1673411277549905,,-168.07686021640018,360.1537204328004,400.6013767703323
2026-06-01T23:33:39,28,38,2800383,"ARX(2,1)",True,True,0,-168.0761251265339,360.1522502530678,400.59990659059974,1.3652789432612509,0.0492452766787777,0.6910871655618473,0.1370419723389862,0.4478664180816225,1.2527681792147185,0.1491652769673999,0.980895217353548,0.1266039794382505,0.2564832980117181,0.481101940530044,0.1673500007087468,,-168.07612512583066,360.1522502516613,400.59990658919327
2026-06-01T23:38:45,28,39,2800393,"ARX(2,1)",True,True,0,-168.0767947789858,360.1535895579716,400.60124589550355,1.3914462235624618,0.0493567842827673,0.6882437045184114,0.1362935823368645,0.4513728686802236,1.2492747040128391,0.1486192510860136,0.979501981106997,0.1273692871546924,0.2566753643021982,0.4811406349593857,0.166508041205427,,-168.0767947789499,360.1535895578998,400.60124589543176
2026-06-01T23:59:57,28,40,2800403,"ARX(2,1)",True,True,0,-168.07619205441176,360.1523841088235,400.6000404463555,1.3646032548540965,0.0491571630057751,0.6914560148396522,0.1372241658479483,0.4473653599328003,1.249499978469358,0.1490928329142835,0.9826244067034856,0.1266620041322908,0.2562230888880706,0.4813872616087981,0.1672714278231436,,-168.07619205251143,360.15238410502286,400.6000404425548
2026-06-01T16:47:44,29,4,2900043,"ARX(2,1)",True,True,0,-168.09566749264462,360.19133498528925,400.6389913228212,1.3289668973735127,0.0448168762618359,0.6889023556162953,0.1470177580191594,0.4558245751590056,1.3057905320553764,0.1515394538000296,1.034631750719171,0.1297064487447239,0.2538010766600642,0.4765888399398083,0.1688422509844921,,-168.09566750181335,360.1913350036267,400.63899134115866
2026-06-01T16:59:38,29,5,2900053,"ARX(2,1)",True,True,0,-168.07640433139414,360.1528086627883,400.60046500032024,1.3709696387349608,0.0484256604260259,0.6903060074349481,0.1361402006030475,0.4488133759553282,1.2757947743217253,0.1490137252796771,0.9953910058874612,0.1263915418502423,0.2566518005393562,0.4807299419601822,0.1672169267176622,,-168.07640433137237,360.15280866274475,400.6004650002767
2026-06-01T17:09:54,29,6,2900063,"ARX(2,1)",True,True,0,-171.06562302548082,366.13124605096164,406.5789023884936,0.2566951006334182,0.4635825445699535,0.7002464698923937,0.1337677755686048,0.3937585050533997,0.4697035463869941,0.3159568034202658,0.4592889449477672,0.1095059076143533,0.3190190053070265,0.4794826578437606,0.1300040787840957,,-171.0656230247178,366.1312460494356,406.5789023869676
2026-06-01T17:20:47,29,7,2900073,"ARX(2,1)",True,True,0,-168.07977643685564,360.1595528737113,400.60720921124323,1.397045308178381,0.0492275353462346,0.6875687650739399,0.1380470077946708,0.4516637637657911,1.2330251512947246,0.1485042744992502,0.966041882636208,0.1289257259695174,0.2596407370229011,0.4759784140477372,0.1671120569011897,,-168.07977643642556,360.1595528728511,400.6072092103831
2026-06-01T17:33:33,29,8,2900083,"ARX(2,1)",True,True,0,-168.10403084578138,360.20806169156276,400.6557180290947,1.4739249005878985,0.0449183615911791,0.6785419737405826,0.1345267512318341,0.4662026429275686,1.3592003645134128,0.1470896375778091,1.059397355105968,0.1257597747363648,0.2533829368679166,0.4854996329280173,0.1669692239357471,,-168.10403084566053,360.20806169132106,400.655718028853
2026-06-01T17:41:35,29,9,2900093,"ARX(2,1)",True,True,0,-170.89046717304575,365.7809343460915,406.22859068362345,0.3473263281216951,0.3665103489489241,0.6298428035803587,0.1910430449128717,0.4490181381432624,0.6597795751604767,0.3059046178219307,0.4927263564347756,0.1222628883233015,0.3208755434864367,0.4082866566117435,0.1714520218179251,,-170.8904671731525,365.780934346305,406.22859068383696
2026-06-01T17:56:58,29,10,2900103,"ARX(2,1)",True,True,0,-168.08049483212926,360.1609896642585,400.6086460017905,1.2932395811501856,0.0484820062939912,0.6976634252583583,0.1405437155224124,0.4395166017071553,1.2513237554609302,0.151574749686331,0.9857730572040676,0.1258644709565593,0.2562857327086562,0.4799058006506428,0.1695431675067487,,-168.08049483121547,360.1609896624309,400.6086459999629
2026-06-01T18:05:53,29,11,2900113,"ARX(2,1)",True,True,0,-168.07778748109592,360.15557496219185,400.6032312997238,1.3915905964576498,0.0500873800169073,0.6883851537920981,0.1379288142735305,0.4517039178941703,1.23041800473712,0.1484771225168068,0.9692289191385904,0.1268219825696396,0.2563213794530176,0.4827955279967245,0.1662377275425348,,-168.07778748103863,360.15557496207725,400.6032312996092
2026-06-01T18:28:10,29,12,2900123,"ARX(2,1)",True,True,0,-168.07608516381973,360.15217032763945,400.5998266651714,1.36696178058968,0.0487580965003052,0.69092058914355,0.1367761244178368,0.4479704152001686,1.261635093020285,0.1491596409986514,0.989030626171623,0.1266089591403573,0.2567031614774036,0.4811211022737131,0.1670628736114034,,-168.07608516381632,360.15217032763263,400.5998266651646
2026-06-01T18:40:36,29,13,2900133,"ARX(2,1)",True,True,0,-168.0760851439261,360.1521702878522,400.59982662538414,1.3707876266412014,0.0489339609344944,0.6906735858985869,0.1365215041448393,0.4482630487618277,1.261286732635149,0.1489874370247774,0.9865506122965004,0.1266203552450493,0.2566669022095546,0.480934973006255,0.1671794836910381,,-168.07608514390947,360.15217028781893,400.5998266253509
2026-06-01T18:56:13,29,14,2900143,"ARX(2,1)",True,True,0,-168.08198630764608,360.16397261529215,400.6116289528241,1.292091286631367,0.0491236150494566,0.698773327721737,0.1340549095321677,0.4377107289302173,1.297876017245605,0.1506811524274964,0.9866312041913636,0.1240983622949796,0.2573839373505653,0.4812263067044719,0.1675035993037833,,-168.08198628988026,360.1639725797605,400.6116289172925
2026-06-01T19:04:48,29,15,2900153,"ARX(2,1)",True,True,0,-168.076158378688,360.152316757376,400.59997309490797,1.3721443314794923,0.0487301245633612,0.6908561986663896,0.1365661311115674,0.4477787467482628,1.2654360886145708,0.1488767440123174,0.9873004577579224,0.1266302806539788,0.2566313749239994,0.4809229977092524,0.1671454660094165,,-168.07615837867422,360.15231675734844,400.5999730948804
2026-06-01T19:16:22,29,16,2900163,"ARX(2,1)",True,True,0,-168.0760833764965,360.152166752993,400.599823090525,1.3666878881138111,0.0487380943052013,0.6911270814970301,0.1364809393532375,0.4475092965904558,1.2667043022919977,0.1490702373021441,0.9894412166137128,0.1263953821279563,0.2566126033983423,0.4808825165523596,0.1673487315381959,,-168.07608337651175,360.1521667530235,400.59982309055545
2026-06-01T19:24:06,29,17,2900173,"ARX(2,1)",True,True,0,-168.0763427906208,360.1526855812416,400.60034191877355,1.3600777695903796,0.0495938700787152,0.6915096877051594,0.1367617003749883,0.4473650650994042,1.2461353681109464,0.1493614850858512,0.9759555114502262,0.1265876726656533,0.2567409849539091,0.4812609684386549,0.1670164675693888,,-168.07634279064706,360.1526855812941,400.6003419188261
2026-06-01T19:34:11,29,18,2900183,"ARX(2,1)",True,True,0,-168.08200226737307,360.16400453474614,400.6116608722781,1.4486369462855049,0.050034007263245,0.6828293399421925,0.1354161507621632,0.4579899717904444,1.2320609745675506,0.147127037887976,0.9728073951389647,0.1283078394426693,0.255466796472938,0.4830922300082212,0.1652688348932651,,-168.08200226736562,360.16400453473125,400.6116608722632
2026-06-01T19:47:19,29,19,2900193,"ARX(2,1)",True,True,0,-168.08952008689047,360.17904017378095,400.6266965113129,1.4175613193104626,0.0517540243203553,0.6841890124399668,0.1401520785909481,0.4612028390316152,1.1892257242019195,0.1480013393331203,0.9410900793178756,0.1280470098648353,0.2518065858871797,0.4898185078985747,0.1642034726051695,,-168.08952008567522,360.17904017135044,400.6266965088824
2026-06-01T20:01:00,29,20,2900203,"ARX(2,1)",True,True,0,-168.07606118521713,360.15212237043426,400.5997787079662,1.3638643669147512,0.048854465334081,0.6910671454944712,0.1371983139334588,0.4479290863167887,1.258889037888324,0.1492516009979072,0.9866866725041994,0.1267071766617341,0.2568473159104337,0.4804109056690724,0.1673844122277971,,-168.0760611852015,360.152122370403,400.59977870793495
2026-06-01T20:12:19,29,21,2900213,"ARX(2,1)",True,True,0,-168.0760446829461,360.1520893658922,400.59974570342416,1.3581958392026847,0.0489550751879189,0.6921479575513765,0.1365592311344015,0.446190055610239,1.2595722686745756,0.1492464665098869,0.9870813613144483,0.126323237767473,0.2566392334274444,0.4811502971057039,0.1672516744501995,,-168.07604468290376,360.1520893658075,400.59974570333947
2026-06-01T20:25:37,29,22,2900223,"ARX(2,1)",True,True,0,-168.0763049352817,360.1526098705634,400.6002662080954,1.373923633373242,0.0485953317518818,0.6906601913077445,0.1367140698939539,0.4479909344058614,1.2672917830574184,0.1487763068906262,0.9918492706232136,0.1269578939194618,0.2568197030444891,0.4797722408508744,0.1676726759784314,,-168.07630493478638,360.1526098695728,400.6002662071047
2026-06-01T20:36:27,29,23,2900233,"ARX(2,1)",True,True,0,-168.0760534807388,360.1521069614776,400.59976329900957,1.364557197524523,0.0489751952891914,0.6912160786501252,0.1364601331828636,0.4474568733072572,1.2642609267809228,0.1491264806489812,0.9857725063310524,0.1264616023390731,0.2568344022874206,0.4808190537564853,0.1671550687814695,,-168.07605348073776,360.1521069614755,400.59976329900746
2026-06-01T20:47:19,29,24,2900243,"ARX(2,1)",True,True,0,-168.0941873632379,360.1883747264758,400.63603106400774,1.5049961190487773,0.0471438976715834,0.6780720469163488,0.133802189219974,0.4635996113919621,1.3187453038276398,0.1453233914929262,1.0128219470801147,0.1281347826480942,0.2562802352749355,0.479694084371607,0.1664943865363477,,-168.0941873637429,360.1883747274858,400.6360310650177
2026-06-01T21:10:52,29,25,2900253,"ARX(2,1)",True,True,0,-168.87400329233452,361.74800658466904,402.195662922201,3.04365543056406,0.0628300029098396,0.5730264000263409,0.1250545695972091,0.6129316742860077,1.030058234221098,0.120584916038835,0.8069209650948421,0.1320959180653966,0.251716622102433,0.5088073250504416,0.148513695550178,,-168.8740032783641,361.7480065567282,402.1956628942602
2026-06-01T21:21:12,29,26,2900263,"ARX(2,1)",True,True,0,-168.08208221594185,360.1641644318837,400.61182076941566,1.292059830400261,0.0482460688359713,0.699090705722762,0.13275605674941,0.4361828624189473,1.3059470299375693,0.150786146425868,1.0012044785657606,0.1242476728076911,0.2586703346244574,0.4787684172477606,0.1681311205545616,,-168.08208221420608,360.16416442841216,400.6118207659441
2026-06-01T21:36:54,29,27,2900273,"ARX(2,1)",True,True,0,-168.1029699831707,360.2059399663414,400.65359630387337,1.34586741475687,0.0477758046007498,0.7044653850993178,0.1447880919494253,0.4192283063282507,1.2370930133176514,0.1471097623728066,1.021509264158622,0.1251785649996491,0.2532674073975371,0.4855614447973867,0.1679631481586249,,-168.1029699748778,360.2059399497556,400.65359628728754
2026-06-01T21:46:34,29,28,2900283,"ARX(2,1)",True,True,0,-168.3026566666274,360.6053133332548,401.05296967078675,2.0318567006784582,0.046657540895329,0.649095362825812,0.126059405739702,0.4932643821645688,1.3619414989247267,0.1314303054217133,1.0144242997420914,0.13518604213482,0.2584472329787587,0.4718420431320779,0.1648720286749564,,-168.30265666112334,360.6053133222467,401.0529696597786
2026-06-01T22:03:05,29,29,2900293,"ARX(2,1)",True,True,0,-168.07605159093185,360.1521031818637,400.59975951939566,1.3560306366529464,0.0488952087109577,0.6921300986229166,0.1362931676413421,0.446543322660544,1.26449908980757,0.1493387668414985,0.9870104142872068,0.1262470107131983,0.2568485766251763,0.4808703167232412,0.1672956134134771,,-168.07605159094842,360.15210318189685,400.5997595194288
2026-06-01T22:14:13,29,30,2900303,"ARX(2,1)",True,True,0,-168.09386342286092,360.18772684572184,400.6353831832538,1.4839028767888292,0.0458322063310126,0.6788997441842574,0.137249318566439,0.4610741388127889,1.3196773905601875,0.1464327319214578,1.0320556546646296,0.1294892518355567,0.256026033809493,0.479022093357344,0.1656604841734761,,-168.09386342641147,360.18772685282295,400.6353831903549
2026-06-01T22:25:58,29,31,2900313,"ARX(2,1)",True,True,0,-168.07627272230098,360.15254544460197,400.6002017821339,1.3431806957045438,0.0487558755954563,0.6935469581680413,0.1368794958369341,0.444638166397916,1.2624456561866626,0.1496940958202325,0.9882348771749104,0.1260569805185861,0.2569702214163417,0.4807853489078481,0.1674123279318298,,-168.07627272236834,360.1525454447367,400.60020178226864
2026-06-01T22:35:25,29,32,2900323,"ARX(2,1)",True,True,0,-168.07604951547233,360.15209903094467,400.5997553684766,1.3571135959179537,0.0488130241660017,0.6923104455195157,0.1368199687249824,0.4458744712049963,1.261865942163299,0.1492745180516774,0.9883441847481034,0.126322467328886,0.2565780328977098,0.4809100820601285,0.1675142694943864,,-168.0760495154903,360.1520990309806,400.59975536851255
2026-06-01T22:56:32,29,34,2900343,"ARX(2,1)",True,True,0,-168.14009902915527,360.28019805831053,400.7278543958425,1.563965273014173,0.0553456745023011,0.6650844174365566,0.1412277864048308,0.4844994126526324,1.077131130178646,0.1469975345678771,0.9075586770601674,0.1333002638100962,0.2577029040347051,0.4852716513432581,0.1598385248690915,,-168.14009901893508,360.2801980378701,400.7278543754021
2026-06-01T23:12:54,29,35,2900353,"ARX(2,1)",True,True,0,-168.07626309199668,360.15252618399336,400.6001825215253,1.3672887314587452,0.0494797698443515,0.6916395804814257,0.13617508474585,0.4466649597769547,1.2507454982888877,0.1489043838320442,0.9781977962062228,0.1266909740127973,0.256719445430728,0.4808976432000821,0.1672047133233849,,-168.07626309231966,360.1525261846393,400.6001825221713
2026-06-01T23:31:42,29,36,2900363,"ARX(2,1)",True,True,0,-168.07733507757212,360.15467015514423,400.6023264926762,1.3796361456111417,0.0478170057090754,0.6895575800089845,0.1368999285967264,0.4498335659952288,1.2883673606608612,0.1486974590660134,1.0030192943689542,0.1264041887812738,0.2563146470072416,0.4805367599576763,0.1675221949565353,,-168.0773350776153,360.1546701552306,400.6023264927625
2026-06-01T23:48:11,29,37,2900373,"ARX(2,1)",True,True,0,-168.08311942950564,360.1662388590113,400.61389519654324,1.2804246569348765,0.0484406814763529,0.7005809346291932,0.1378789923393659,0.4358921512870253,1.2434519402197957,0.1516130641267063,0.995832313946052,0.1263471677931738,0.2571699044672771,0.4797670578991191,0.1684093510324688,,-168.0831194290946,360.1662388581892,400.6138951957212
2026-06-01T23:56:28,29,38,2900383,"ARX(2,1)",True,True,0,-168.0882675091749,360.1765350183498,400.62419135588175,1.4714797908764088,0.046977604417007,0.6812043456326426,0.1359804530122118,0.4603435093726179,1.268230336813166,0.14656814935785,1.0116601650187904,0.1307066240815139,0.2556766007173334,0.4769171454531117,0.1682222222865987,,-168.08826750937533,360.17653501875066,400.6241913562826
2026-06-02T00:16:15,29,39,2900393,"ARX(2,1)",True,True,0,-168.65833992137536,361.3166798427507,401.76433618028267,2.4831708329460933,0.0595590221072045,0.6320892449036558,0.1299412159995126,0.5068602350460689,0.9544697965469514,0.1218740788633319,0.8585247772287563,0.1405923500355781,0.2432806132643243,0.5049752156140019,0.1518928673598232,,-168.65833992123692,361.3166798424738,401.7643361800058
2026-06-02T00:25:22,29,40,2900403,"ARX(2,1)",True,True,0,-168.09377097446875,360.1875419489375,400.63519828646946,1.4652601034085575,0.0472055623815301,0.6870262392401686,0.1317969037541297,0.44805757249056,1.3398165915145992,0.144809126415795,1.0180751026418358,0.1271710588200218,0.257546406281787,0.4773685109142693,0.1677708567753545,,-168.09377096933497,360.18754193866994,400.6351982762019
2026-06-01T16:47:41,30,3,3000033,"ARX(2,1)",True,True,0,-168.07949495409207,360.15898990818414,400.6066462457161,1.298429003354198,0.0487045362096434,0.6984072826014032,0.1358500516710507,0.4379595245158068,1.2835609148712053,0.1507093919849619,0.9940723792506568,0.1245867565483362,0.2575083180656705,0.480098784413809,0.1683022465583691,,-168.07949496313475,360.1589899262695,400.6066462638015
2026-06-01T16:55:42,30,4,3000043,"ARX(2,1)",True,True,0,-168.07650567065645,360.1530113413129,400.60066767884484,1.3614550104670105,0.0497059131982185,0.6916320033636489,0.1363326054254264,0.4478418950053859,1.247780480554198,0.149176015763229,0.9731551591693928,0.1268178145361596,0.2569651190676117,0.4808099093095828,0.1669578466861324,,-168.07650567065156,360.1530113413031,400.6006676788351
2026-06-01T17:03:18,30,5,3000053,"ARX(2,1)",True,True,0,-168.07604435101325,360.1520887020265,400.59974503955846,1.3632383657798433,0.049061997523282,0.6914550416559637,0.1364478671234117,0.4473520217080216,1.2578918586432684,0.1491908011335501,0.983333724820204,0.1265728093263277,0.2567652940964343,0.4809291909304145,0.1671491175413301,,-168.07604435100723,360.15208870201445,400.5997450395464
2026-06-01T17:16:44,30,6,3000063,"ARX(2,1)",True,True,0,-168.07607885102703,360.15215770205407,400.599814039586,1.3654194075754749,0.0490482056967531,0.6910530496010088,0.1373519568978363,0.4474325761157217,1.2595217561621213,0.1491687013742659,0.9846807198686944,0.1264463339696962,0.2568460736126178,0.4805013433987977,0.1674001947640467,,-168.0760788480884,360.1521576961768,400.5998140337088
2026-06-01T17:24:34,30,7,3000073,"ARX(2,1)",True,True,0,-168.07639362501698,360.15278725003395,400.6004435875659,1.3432208948102815,0.0484978595338146,0.6936278208194707,0.137279493565102,0.4444230296411792,1.2673675320165911,0.1496601871245706,0.9937653371766806,0.1257668772277231,0.2566772948246741,0.4812766882987939,0.1674255933329561,,-168.07639362517665,360.1527872503533,400.60044358788525
2026-06-01T17:35:12,30,8,3000083,"ARX(2,1)",True,True,0,-168.13739742717752,360.27479485435504,400.722451191887,1.4320656145529918,0.0559295221514286,0.6879052260846633,0.127115448576666,0.4417894570290073,1.2386532474008565,0.146909346577912,0.933691594995488,0.1399808397179353,0.2662688473596915,0.4538711498800921,0.1677022253622212,,-168.13739742730607,360.27479485461214,400.7224511921441
2026-06-01T17:41:27,30,9,3000093,"ARX(2,1)",True,True,0,-168.0761731982555,360.152346396511,400.60000273404296,1.3671324058240006,0.0489143380873623,0.6907573460142021,0.1375260586037174,0.4488117743239919,1.253728307299286,0.1491617222225066,0.9857587515924195,0.1264603241132608,0.2565340850267533,0.4815531208373644,0.1670678299374459,,-168.0761731958685,360.15234639173707,400.600002729269
2026-06-01T17:48:01,30,10,3000103,"ARX(2,1)",True,True,0,-168.07670816357978,360.15341632715956,400.6010726646915,1.3684631383224652,0.0491230641680271,0.691893543169396,0.1377518470258449,0.4452932879891892,1.2433150654333307,0.1489496836587906,0.9839987832969233,0.1274258863848858,0.2567789887000707,0.4799379240513348,0.1674033384738882,,-168.07670816327152,360.15341632654304,400.601072664075
2026-06-01T17:57:15,30,11,3000113,"ARX(2,1)",True,True,0,-168.07607499644726,360.1521499928945,400.5998063304265,1.3563710926357049,0.0490109672483327,0.6922834974697792,0.1368391141744546,0.4459298097638249,1.2568143265256255,0.1493171217235685,0.9855570573696784,0.1263630110317264,0.2567103960161212,0.4812225621233647,0.1670857873123261,,-168.07607499647264,360.1521499929453,400.5998063304773
2026-06-01T18:09:16,30,12,3000123,"ARX(2,1)",True,True,0,-168.10287434668223,360.20574869336446,400.6534050308964,1.3594551851847805,0.0440867489280034,0.6926573966229446,0.1392043839162737,0.4406104103106005,1.295983891765525,0.1504200876292506,1.0752462178769722,0.1278308733795998,0.2513721501307695,0.4835922424148409,0.1677765459492068,,-168.1028743412097,360.2057486824194,400.6534050199514
2026-06-01T18:17:50,30,13,3000133,"ARX(2,1)",True,True,0,-168.0762975401736,360.1525950803472,400.6002514178792,1.3475701974421774,0.048495975707631,0.6930216216807916,0.1364425358568024,0.4451065413919904,1.272310099690202,0.1495583506682101,0.993118409425394,0.1259262423976639,0.2565763891398064,0.4812126194347852,0.1674627903735777,,-168.07629754019086,360.15259508038173,400.6002514179137
2026-06-01T18:29:24,30,14,3000143,"ARX(2,1)",True,True,0,-168.10863854657043,360.21727709314086,400.6649334306728,1.335162809439144,0.0431460740809075,0.6984815229478609,0.1437262101206056,0.4298645982664392,1.352299106287552,0.148791022720083,1.094628998908882,0.1254426847988441,0.2514441471697419,0.4806250858308438,0.1715340752886112,,-168.1086385466238,360.2172770932476,400.6649334307796
2026-06-01T18:43:21,30,15,3000153,"ARX(2,1)",True,True,0,-168.08007054822497,360.16014109644993,400.6077974339819,1.3068576652315012,0.050193017084065,0.6977995323310103,0.1373689565066665,0.4386166866808538,1.2291931630341522,0.1506134287701952,0.966614404560804,0.12639262431882,0.2575620933793434,0.4795977877559716,0.1680296409871672,,-168.0800705497337,360.1601410994674,400.60779743699936
2026-06-01T19:10:06,30,16,3000163,"ARX(2,1)",True,True,0,-168.07616545376936,360.1523309075387,400.5999872450707,1.3744141967742547,0.0488578524878462,0.6904721630051366,0.1368491735501961,0.4480942082158644,1.2599435989443175,0.1488510743088526,0.9866027373830878,0.1268816621086,0.2566963468887683,0.4804886923457348,0.1672573616050151,,-168.0761654537334,360.1523309074668,400.5999872449988
2026-06-01T19:20:13,30,17,3000173,"ARX(2,1)",True,True,0,-168.07623039298815,360.1524607859763,400.60011712350826,1.349242354003342,0.0489573578574781,0.6938599527396802,0.1363147113108123,0.4436627659083575,1.2618654325042895,0.1492501123231126,0.985641173418116,0.1262582004282709,0.2567433216799405,0.4805826143464995,0.1676732857328609,,-168.07623039301018,360.1524607860204,400.6001171235523
2026-06-01T19:36:07,30,18,3000183,"ARX(2,1)",True,True,0,-168.07948173974302,360.15896347948603,400.606619817018,1.3138151895404102,0.0499284244029385,0.6965016804699771,0.1387276920301711,0.4410636699902475,1.230686027084896,0.150450975079164,0.9663057365985712,0.1264466095797619,0.2569101066882767,0.479232583135329,0.1688366685859914,,-168.0794817346463,360.1589634692926,400.6066198068245
2026-06-01T20:16:10,30,19,3000193,"ARX(2,1)",True,True,0,-168.07779472062123,360.15558944124245,400.6032457787744,1.3256765141142508,0.049880457324752,0.6945412820916962,0.1354868592280393,0.4442856489999641,1.2446781249337402,0.1505694709376314,0.9744021966932046,0.1258363739273209,0.2571428685111523,0.4823387959315424,0.1665076563974797,,-168.077794714172,360.155589428344,400.603245765876
2026-06-01T20:30:46,30,20,3000203,"ARX(2,1)",True,True,0,-168.08369983590032,360.16739967180064,400.6150560093326,1.403639573000149,0.0463334564868684,0.6856277560808758,0.136060937265954,0.4555154758012933,1.329454067008376,0.1484442629239633,1.0254116643799025,0.1258543795264987,0.256546230917631,0.4812940837604563,0.1667017648421036,,-168.083699835941,360.167399671882,400.61505600941393
2026-06-01T20:40:29,30,21,3000213,"ARX(2,1)",True,True,0,-168.07624680913477,360.15249361826955,400.6001499558015,1.344211406041452,0.0487536413788647,0.6935587895412059,0.1367372612229063,0.4446730484804573,1.2640288439993206,0.1496107618664687,0.9889118448716916,0.1260446318687112,0.2569140409487608,0.4806447094995594,0.1676385904786558,,-168.0762468091878,360.1524936183756,400.6001499559076
2026-06-01T20:48:38,30,22,3000223,"ARX(2,1)",True,True,0,-168.08307485816326,360.1661497163265,400.61380605385847,1.4304016699740705,0.0500619357289786,0.6849758710063195,0.1371068297214097,0.4555277908057806,1.2214160334402149,0.1472853196334946,0.9643801708007806,0.1309622620335922,0.2584819963744024,0.4745472035780568,0.1671160904089443,,-168.0830748483465,360.166149696693,400.613806034225
2026-06-01T20:59:49,30,23,3000233,"ARX(2,1)",True,True,0,-168.4108327063574,360.8216654127148,401.2693217502468,2.168440791733731,0.0438791186778115,0.6349557363931986,0.1194854576397485,0.5173455692521833,1.4641963882728095,0.1295412472691378,1.0721518915234414,0.1290903566318686,0.2481566395217074,0.4992526577217007,0.1554742020479876,,-168.4108326961799,360.8216653923598,401.2693217298918
2026-06-01T22:37:15,30,24,3000243,"ARX(2,1)",True,True,0,-168.08242070734914,360.1648414146983,400.61249775223024,1.300863112545778,0.0505305603224733,0.6991873151703074,0.133091117036417,0.4364016650761433,1.2446207644350755,0.1505839789540205,0.9583927789008728,0.1256017740148678,0.2571411580661649,0.4803648314848493,0.1684340124308044,,-168.08242069972334,360.1648413994467,400.6124977369786
2026-06-01T22:54:39,30,25,3000253,"ARX(2,1)",True,True,0,-168.076111021248,360.152222042496,400.599878380028,1.3551695790954936,0.049081113269038,0.692075885573331,0.1361695867258829,0.4466452099716698,1.2619436151460248,0.1494778957037165,0.9849749424462284,0.126166270480954,0.2566808984878474,0.4818844454576518,0.166768198632308,,-168.07611102121658,360.15222204243315,400.5998783799651
2026-06-01T23:00:30,30,26,3000263,"ARX(2,1)",True,True,0,-168.07736384929277,360.15472769858553,400.6023840361175,1.3771408748589773,0.0497277785159546,0.6897442890699965,0.1351482461747712,0.4492945401976671,1.2355610595160131,0.1490558967778616,0.979978318774254,0.1269006999658397,0.256319668733927,0.4833974035826883,0.1655479200425023,,-168.07736384930132,360.15472769860264,400.6023840361346
2026-06-01T23:12:10,30,27,3000273,"ARX(2,1)",True,True,0,-168.07613899744064,360.1522779948813,400.5999343324132,1.373537049349141,0.0490889140137139,0.6902967538228639,0.1364020714484301,0.448821171574705,1.2580592493374427,0.1489468498876078,0.9835615242854926,0.1267314432160927,0.2567769924883338,0.4809867373796343,0.1669629295517651,,-168.07613899738942,360.15227799477884,400.5999343323108
2026-06-01T23:27:59,30,28,3000283,"ARX(2,1)",True,True,0,-168.0776174896405,360.155234979281,400.60289131681293,1.3531271085985652,0.050068101352595,0.6919353511557846,0.1382332269495297,0.4472453836915622,1.23404637447249,0.1498524572001814,0.967566243198452,0.1268986689199455,0.2553695447200426,0.4821446667765609,0.167832345379387,,-168.07761742718807,360.15523485437615,400.6028911919081
2026-06-01T23:58:45,30,30,3000303,"ARX(2,1)",True,True,0,-168.07717722071422,360.15435444142844,400.6020107789604,1.3662342059707822,0.0488598727781255,0.6926118988744197,0.1350561629747701,0.4437019022717364,1.2503028068407829,0.1489805416457054,0.9830318618035152,0.1283007240142521,0.2573266698796121,0.4790557244438576,0.1670751717899655,,-168.0771772206528,360.1543544413056,400.6020107788376
2026-06-02T00:08:14,30,31,3000313,"ARX(2,1)",True,True,0,-168.1818823329052,360.3637646658104,400.81142100334233,1.7653358506609365,0.0457217989995564,0.659579462764524,0.1360495041159012,0.4803310515891492,1.28995168708075,0.1397204566093717,1.0431756325677526,0.1328365286919511,0.2533202828972595,0.4797745021464609,0.1643738950092492,,-168.18188232355266,360.3637646471053,400.81142098463727
2026-06-02T00:15:28,30,32,3000323,"ARX(2,1)",True,True,0,-168.07603944504012,360.15207889008025,400.5997352276122,1.364619916204196,0.0490454385279824,0.690990925586856,0.1366206921514536,0.4479256859226672,1.2607927502580514,0.1492184260713437,0.9849279168615178,0.1265122045906849,0.2566964080853732,0.4808129871535269,0.1672737916073909,,-168.07603944507173,360.15207889014346,400.5997352276754
2026-06-02T00:23:34,30,33,3000333,"ARX(2,1)",True,True,0,-168.0910324469711,360.1820648939422,400.62972123147415,1.417539198275856,0.0478509097999768,0.6877633514418795,0.1424865917134498,0.4479851482938319,1.202750242213921,0.1478349948090537,0.9896799728095116,0.1288842418733018,0.2599063053360987,0.4805218885823718,0.1626074630008435,,-168.09103244586743,360.18206489173485,400.6297212292668
2026-06-02T00:33:42,30,34,3000343,"ARX(2,1)",True,True,0,-168.09307503364295,360.1861500672859,400.63380640481785,1.5239517469650656,0.0499176257934278,0.6751691892939544,0.1345747863143035,0.4681382517750883,1.2462852657234087,0.1453715426598822,0.9714935378848076,0.1296775702473801,0.2563337091968058,0.4814064368135349,0.1644670920690725,,-168.09307503200677,360.18615006401353,400.6338064015455
2026-06-02T00:41:33,30,35,3000353,"ARX(2,1)",True,True,0,-168.07775027015225,360.1555005403045,400.60315687783645,1.327343743350495,0.0493784215358288,0.6941009823036773,0.136013888826398,0.4454122346860572,1.2559511934636545,0.1503652617417496,0.9742672788613794,0.1258176013343263,0.2561651820839432,0.4814479584664798,0.1679763049642305,,-168.077750259061,360.155500518122,400.60315685565394
2026-06-02T00:53:23,30,36,3000363,"ARX(2,1)",True,True,0,-168.07603329133462,360.15206658266925,400.5997229202012,1.358098822027406,0.0489725693153073,0.6919338616302856,0.1368113132817902,0.4465131922316687,1.2595797238376034,0.1493095087778712,0.9865051466763256,0.1262841759631622,0.2567039030554622,0.4810242163319576,0.1672921940457865,,-168.07603329092456,360.1520665818491,400.59972291938107
2026-06-02T01:11:07,30,37,3000373,"ARX(2,1)",True,True,0,-168.08419516830122,360.16839033660244,400.6160466741344,1.416775621365652,0.0489130740912542,0.6871854708423184,0.1420153107610446,0.4524784823613208,1.2830439605999346,0.1466395638867559,0.9801181599037528,0.1265751909072145,0.2540950501905578,0.4806899622530204,0.1691057156757212,,-168.08419516335312,360.16839032670623,400.6160466642382
2026-06-02T01:21:39,30,38,3000383,"ARX(2,1)",True,True,0,-168.07639135761912,360.15278271523823,400.6004390527702,1.3417937731328948,0.0490968249950662,0.693980602319461,0.1371125049293267,0.4439800014391303,1.2555681866634376,0.1495957812672877,0.983040081342418,0.125861872369884,0.2565899848042056,0.4816659849204094,0.1674076071841149,,-168.076391357595,360.15278271519,400.600439052722
2026-06-02T01:38:24,30,39,3000393,"ARX(2,1)",True,True,0,-168.18213835048695,360.3642767009739,400.81193303850586,1.6976419049712357,0.0477216791859038,0.6493925706604399,0.127275876409501,0.5054786248906795,1.4094455872082785,0.1432635406737339,1.0251217937486898,0.125167326747514,0.254418463652639,0.4854590993325194,0.1632439635564763,,-168.18213834699787,360.36427669399575,400.8119330315277
2026-06-02T01:52:40,30,40,3000403,"ARX(2,1)",True,True,0,-168.07608654725414,360.15217309450827,400.5998294320402,1.3531196948851378,0.0487552189537828,0.692619769046576,0.136951129936135,0.4454701582678775,1.2640458154145089,0.1493812974238132,0.9882650464686876,0.1261067193074497,0.2567033479346749,0.4811033445994319,0.1673863521194463,,-168.07608654725686,360.1521730945137,400.5998294320457
2026-06-01T16:42:10,31,3,3100033,"ARX(2,1)",True,True,0,-168.0760342265065,360.152068453013,400.59972479054494,1.3638678536247892,0.0488334681752034,0.6913088963545047,0.1370347961184581,0.4474663567521791,1.2610741078959435,0.1491806813682909,0.987070115890928,0.1265706283393107,0.2567554598735725,0.4805280798129988,0.1674643804755324,,-168.0760342264736,360.1520684529472,400.5997247904792
2026-06-01T16:56:23,31,4,3100043,"ARX(2,1)",True,True,0,-168.08907651304176,360.1781530260835,400.6258093636155,1.4781903841732538,0.0484905669806126,0.6791652974978367,0.1318570762625043,0.4620824557317863,1.3119930678895897,0.1463705918037764,0.9974260149511496,0.1279424938292629,0.2576024408585959,0.4790503335363276,0.1659129481393073,,-168.08907651027715,360.1781530205543,400.6258093580863
2026-06-01T17:07:03,31,5,3100053,"ARX(2,1)",True,True,0,-168.07815312098026,360.1563062419605,400.6039625794925,1.4142763676045829,0.0487294058839702,0.6868299624386319,0.1355086977419912,0.453090198555966,1.2634598384813092,0.1477326631481041,0.9903332055316294,0.1272498144024218,0.2563886331614368,0.481055815502309,0.1668884968487666,,-168.07815312044116,360.1563062408823,400.6039625784143
2026-06-01T17:20:46,31,6,3100063,"ARX(2,1)",True,True,0,-168.09466566845563,360.18933133691127,400.6369876744432,1.4329510377794177,0.0530190586987803,0.6842048039383877,0.1402108354881361,0.4565469988825215,1.144064325673971,0.1478996254113748,0.9296814878715997,0.1290026229531476,0.2558615112897068,0.4850038296746016,0.1644434518624286,,-168.09466567087523,360.18933134175046,400.6369876792824
2026-06-01T17:35:56,31,7,3100073,"ARX(2,1)",True,True,0,-168.07804624708956,360.1560924941791,400.6037488317111,1.3229668001537418,0.0487762938654738,0.6949371988830114,0.1365226180808655,0.4430349063747155,1.2815438796624798,0.1501498436723354,0.9920734949591872,0.1239312306772235,0.2568515578891638,0.4834358802995197,0.1669474685520502,,-168.07804624756722,360.15609249513443,400.6037488326664
2026-06-01T17:51:18,31,8,3100083,"ARX(2,1)",True,True,0,-168.07759677304128,360.15519354608256,400.6028498836145,1.4054494767690626,0.0485864218310296,0.6876576663235012,0.1366895375524776,0.4515095286207565,1.2621409523633484,0.1480225440260039,0.992283018061542,0.1271601564138174,0.2562732375922418,0.4811866439717918,0.1668496204712575,,-168.07759677304074,360.1551935460815,400.60284988361343
2026-06-01T18:13:36,31,9,3100093,"ARX(2,1)",True,True,0,-168.08741797180505,360.1748359436101,400.62249228114206,1.31354270456497,0.0455171828422318,0.6973659051075637,0.1419183178081628,0.4395706165313126,1.2987025792493665,0.1504404347193572,1.046903851653246,0.1248578284471884,0.257934624856757,0.4787397908543253,0.1687925459957995,,-168.08741795717677,360.17483591435354,400.6224922518855
2026-06-01T18:31:33,31,10,3100103,"ARX(2,1)",True,True,0,-168.07714094309515,360.1542818861903,400.60193822372224,1.3402427558660934,0.0489008709124029,0.6919529256401666,0.1346465340855317,0.4471018348436369,1.2742461991867944,0.1502332488128744,0.9946529192656556,0.125446390779054,0.2563384977014188,0.4820570402466995,0.1671172822914762,,-168.07714093494897,360.15428186989794,400.6019382074299
2026-06-01T18:54:02,31,11,3100113,"ARX(2,1)",True,True,0,-168.0764408073273,360.1528816146546,400.6005379521865,1.3816686909664475,0.0487019920529997,0.6892848148360621,0.136451570230894,0.4496718991626259,1.263203464353068,0.1488197027872468,0.9906425937104936,0.1270304517276383,0.2565635613429119,0.4802986948347292,0.1672794929418589,,-168.0764408065371,360.1528816130742,400.60053795060617
2026-06-01T19:02:40,31,12,3100123,"ARX(2,1)",True,True,0,-168.08010541659422,360.16021083318844,400.6078671707204,1.3907126579648568,0.0474136885186984,0.6924818536735915,0.1394200140293983,0.4431568897546347,1.289687716868591,0.1473325314746235,1.0079829323534344,0.1272507020110902,0.2565104257423909,0.477042376146802,0.1695675290149387,,-168.08010541462673,360.16021082925346,400.6078671667854
2026-06-01T19:16:29,31,13,3100133,"ARX(2,1)",True,True,0,-168.07729291624526,360.1545858324905,400.60224217002246,1.39201775617343,0.0482153988982378,0.6885434769078247,0.1376281653811997,0.4510769068555489,1.2766258717520809,0.1483418130808446,0.9933118040543876,0.1271001475610869,0.2559322816308118,0.4796662635273294,0.1682560686384935,,-168.07729291621877,360.15458583243753,400.6022421699695
2026-06-01T19:30:26,31,14,3100143,"ARX(2,1)",True,True,0,-168.0784214291541,360.1568428583082,400.60449919584016,1.316505013109936,0.0488411477666421,0.6964344438972299,0.1352274050538419,0.4399753152247174,1.2792427006090494,0.1502707063899438,0.9990944913266692,0.1250187850505365,0.2584986644126767,0.4795078468468522,0.167465794367325,,-168.0784214278816,360.1568428557632,400.6044991932952
2026-06-01T19:37:21,31,15,3100153,"ARX(2,1)",True,True,0,-168.0761288375105,360.152257675021,400.599914012553,1.3649230904637182,0.0488605835989233,0.6916572637492914,0.136088581570691,0.4471599319700796,1.258373415856188,0.1490087731828206,0.9864485668912528,0.1265264034613462,0.257005653441458,0.4815077206153382,0.1666586786750412,,-168.07612883768067,360.15225767536134,400.5999140128933
2026-06-01T19:48:49,31,16,3100163,"ARX(2,1)",True,True,0,-168.07786961962685,360.1557392392537,400.60339557678566,1.317094018819538,0.0481153461597514,0.6954953850026165,0.1382188017626688,0.4426272235478766,1.274064750061967,0.1505718568745039,0.9959592878848628,0.1249062385285712,0.2569831431704561,0.480987009287145,0.1679307041425806,,-168.07786961983402,360.15573923966804,400.6033955772
2026-06-01T19:59:15,31,17,3100173,"ARX(2,1)",True,True,0,-168.07618945799206,360.1523789159841,400.60003525351607,1.3687256533832906,0.0485341789037702,0.6909394006717946,0.136609407046684,0.4476109947639698,1.269770211956088,0.1490131653683138,0.9923223033691896,0.1266136150525922,0.2567257252318199,0.4802911269524537,0.1674826026508319,,-168.07618945802884,360.15237891605767,400.6000352535896
2026-06-01T20:14:16,31,18,3100183,"ARX(2,1)",True,True,0,-168.07626878736988,360.15253757473977,400.6001939122717,1.3513683790609796,0.0483366136039668,0.6920106118514191,0.1364012078235628,0.4467603504659456,1.2684764711849552,0.1497425699978363,0.9905873520081152,0.1263703081653072,0.256615316198696,0.4813252741352785,0.1670237708937021,,-168.07626878740487,360.15253757480974,400.6001939123417
2026-06-01T20:28:04,31,19,3100193,"ARX(2,1)",True,True,0,-168.07612738913627,360.15225477827255,400.5999111158045,1.373125202804057,0.0489547500379414,0.6902948771718942,0.1368605573836597,0.4487314143850461,1.2583546351292396,0.148975114513495,0.9849773883568572,0.1268009727862732,0.2566071886067402,0.4808790180768256,0.1671355879042113,,-168.07612738805483,360.15225477610966,400.5999111136416
2026-06-01T20:45:22,31,20,3100203,"ARX(2,1)",True,True,0,-168.07628455892632,360.15256911785264,400.6002254553846,1.353551833613769,0.0485590672110252,0.6920189553509806,0.1368105739933705,0.4463442549968301,1.2710903565320224,0.1495124406492321,0.994135603310814,0.1259093096316677,0.2560272101544299,0.4817123649019134,0.1674433001948272,,-168.07628455910503,360.15256911821007,400.600225455742
2026-06-01T20:52:34,31,21,3100213,"ARX(2,1)",True,True,0,-168.07604805593994,360.15209611187987,400.5997524494118,1.3610521717054034,0.0490902727274617,0.6918335158513317,0.1367092245184597,0.446622866627763,1.258673926995448,0.1491856375428024,0.983069942954558,0.1264339549786466,0.2568278540484268,0.4808776200365457,0.1672604741510752,,-168.07604805600897,360.15209611201794,400.5997524495499
2026-06-01T21:03:33,31,22,3100223,"ARX(2,1)",True,True,0,-168.55851576028846,361.1170315205769,401.56468785810887,2.553579425650358,0.0481171573698054,0.617303259877775,0.1304218904319417,0.5421496146379532,1.3235967221920748,0.1225531590109284,0.974934055190744,0.1380889780921339,0.2556114951500752,0.4702954298022308,0.1671173268598016,,-168.5585157812009,361.1170315624018,401.56468789993374
2026-06-01T21:16:05,31,23,3100233,"ARX(2,1)",True,True,0,-168.07622146577384,360.1524429315477,400.60009926907964,1.3753595151393785,0.0487178007852703,0.6902723182355494,0.1365897469771728,0.4487392936870619,1.2659704456562575,0.1488284022098985,0.9879813746923892,0.1268894883384762,0.2568457781283882,0.4800849130577285,0.1673999723721267,,-168.07622146577108,360.15244293154217,400.6000992690741
2026-06-01T21:24:09,31,24,3100243,"ARX(2,1)",True,True,0,-168.07968000494358,360.15936000988717,400.6070163474191,1.3018240271921226,0.0494839815475829,0.6992533868623516,0.1364505722172114,0.4357959700787392,1.2448652612672513,0.1504777063051098,0.9798912340671092,0.1254630295079182,0.2578071183124961,0.4810414833037369,0.1673510536974714,,-168.07968000428204,360.1593600085641,400.607016346096
2026-06-01T21:33:52,31,25,3100253,"ARX(2,1)",True,True,0,-168.07717610855326,360.1543522171065,400.6020085546385,1.3233978231775765,0.0487297894735728,0.6955523566978579,0.1364921690157031,0.4422295321886247,1.2709489333657853,0.1501652792462825,0.9888052058991688,0.1254526393440463,0.2570235468599454,0.4808061333121295,0.1677710829434671,,-168.07717610848107,360.15435221696214,400.6020085544941
2026-06-01T21:44:28,31,26,3100263,"ARX(2,1)",True,True,0,-168.0819752128833,360.1639504257666,400.61160676329854,1.4525501329655692,0.0493412612827315,0.6833209204388211,0.1355127007799797,0.4580249787948131,1.2490745878481322,0.1465733317155479,0.9782405557969366,0.1272116993748993,0.2561575961869367,0.483093056637805,0.1657490963651578,,-168.08197517280968,360.16395034561936,400.6116066831513
2026-06-01T22:00:30,31,27,3100273,"ARX(2,1)",True,True,0,-168.07634809794953,360.15269619589907,400.600352533431,1.364846466531605,0.0482510863733313,0.6915355809153673,0.1368739675504908,0.4468259318257613,1.2760884230431897,0.1490965282261376,0.9941058607760244,0.126457542174143,0.2568291086025527,0.4802237897744132,0.1675210982739464,,-168.0763480941971,360.1526961883942,400.60035252592616
2026-06-01T22:15:50,31,28,3100283,"ARX(2,1)",True,True,0,-168.08835926565047,360.17671853130093,400.6243748688329,1.4819655997959456,0.0490497979146309,0.6825065311807091,0.1369711271197526,0.4560221773708617,1.2286661414352074,0.1457845813154181,0.988624238008706,0.1293831945325424,0.2549600520195271,0.4818174023678093,0.1662231719376385,,-168.08835926535636,360.1767185307127,400.6243748682447
2026-06-01T22:23:15,31,29,3100293,"ARX(2,1)",True,True,0,-168.18635672373532,360.37271344747063,400.8203697850026,1.157640893210205,0.0510414043439245,0.7164510900275671,0.1377617080972403,0.4170890196353885,1.133890166790275,0.1539663589977135,1.0092150741590291,0.1181473797564495,0.2592245658445115,0.5013914124718013,0.158577750246126,,-168.18635645269512,360.37271290539024,400.8203692429222
2026-06-01T22:30:26,31,30,3100303,"ARX(2,1)",True,True,0,-168.07606027686944,360.1521205537389,400.59977689127084,1.3627476738857076,0.0487590338586105,0.6916133862734763,0.1365160094334453,0.4468625147234987,1.266729058739379,0.1490981661319788,0.9890004184544556,0.1263241286254755,0.2566799843434557,0.4809886499027123,0.167230496289245,,-168.0760602766159,360.1521205532318,400.5997768907637
2026-06-01T22:43:36,31,31,3100313,"ARX(2,1)",True,True,0,-168.07628182018314,360.1525636403663,400.60021997789823,1.376134817937068,0.0490195157537734,0.6904031042725208,0.1372887775837239,0.4484845412096853,1.2519665527094668,0.1488259356198836,0.9846258410158472,0.1267790713372655,0.2564308889488226,0.4814590159992041,0.1670172952839834,,-168.07628181906995,360.1525636381399,400.6002199756719
2026-06-01T22:52:19,31,32,3100323,"ARX(2,1)",True,True,0,-168.07603080806393,360.15206161612787,400.5997179536598,1.363036687691941,0.0488903411785504,0.6913105784144659,0.1366811014420806,0.4476052864449814,1.2618041397736377,0.1492092359009869,0.986986496950772,0.1265691643602529,0.2566764524602703,0.4806136213210494,0.167433655863414,,-168.0760308080935,360.152061616187,400.5997179537189
2026-06-01T23:11:30,31,33,3100333,"ARX(2,1)",True,True,0,-168.0764791100604,360.1529582201208,400.60061455765276,1.3849461886466432,0.0492530663991411,0.6890654603338113,0.1367639085026988,0.4503623295884997,1.2532682608857977,0.148664474612114,0.9813316257483816,0.1268361509210133,0.2565240021074129,0.4812587093290369,0.1669515425022914,,-168.07647910999776,360.1529582199955,400.6006145575275
2026-06-01T23:23:05,31,34,3100343,"ARX(2,1)",True,True,0,-168.0771312719443,360.1542625438886,400.60191888142054,1.3927903326401578,0.0492758954305578,0.6884485812536493,0.1352544402041513,0.4510402648820596,1.2655637911021724,0.1485352408834763,0.9825282398196854,0.1274776354657891,0.2567739559718324,0.480843084145251,0.1667992432738002,,-168.07713127097037,360.15426254194074,400.6019188794727
2026-06-01T23:52:29,31,36,3100363,"ARX(2,1)",True,True,0,-170.23551667430849,364.47103334861697,404.9186896861489,7.721290971387448,0.0246744592678441,0.4740365420315742,0.1227568271979705,0.8039344071900917,1.2835189146395354,0.0879041910781728,0.929460742782062,0.1271489152338704,0.2276521118476622,0.5428875487350486,0.1490608885432534,,-170.23551667425258,364.4710333485052,404.9186896860371
2026-06-02T00:16:24,31,37,3100373,"ARX(2,1)",True,True,0,-168.07688627220108,360.15377254440216,400.6014288819341,1.3325696483438945,0.0485935425080996,0.6938768281606628,0.1366678537331854,0.4443196887335728,1.2733811772212291,0.150118481642741,0.9947556370467932,0.1257101411934312,0.2573762987150811,0.4801432253305023,0.1675692962998908,,-168.07688627213042,360.15377254426085,400.6014288817928
2026-06-02T00:48:20,31,39,3100393,"ARX(2,1)",True,True,0,-168.07613910934793,360.15227821869587,400.5999345562278,1.3636384267478263,0.0485475916548136,0.6914094389004904,0.1372512160288061,0.4474784586956923,1.2644438265487954,0.1491532969021805,0.9912527887314676,0.1263163723826587,0.2562320577167837,0.4818062360166552,0.1670703487366957,,-168.07613910929572,360.15227821859145,400.5999345561234
2026-06-02T00:53:32,31,40,3100403,"ARX(2,1)",True,True,0,-168.07683960975703,360.15367921951406,400.601335557046,1.3327682261182174,0.0483626092557407,0.694841557713373,0.1366151251339128,0.4429849008720471,1.273435330755479,0.149842300505066,0.9961067134637313,0.1254798910890258,0.2570014279991185,0.4807652108557605,0.1678045897224372,,-168.07683960865677,360.15367921731354,400.6013355548455
2026-06-01T16:38:25,32,3,3200033,"ARX(2,1)",True,True,0,-168.09683606778603,360.19367213557206,400.641328473104,1.4229676166767034,0.0484020782427893,0.6816821883376936,0.1316602915481228,0.4572885218096421,1.3559906571061322,0.1483148493961848,0.9897696010770796,0.1242669732820006,0.2542075791732368,0.4830233196066883,0.1674938551112152,,-168.0968360641435,360.193672128287,400.64132846581896
2026-06-01T16:44:43,32,4,3200043,"ARX(2,1)",True,True,0,-168.0861086032883,360.1722172065766,400.61987354410854,1.466801353749884,0.0482957182692641,0.678410402051231,0.1336889044499412,0.465236806786782,1.2932768033115376,0.1473476669058775,1.0011240013244114,0.1286156176618351,0.2571698259277548,0.4791533241489328,0.1657569615580021,,-168.08610860323387,360.17221720646774,400.6198735439997
2026-06-01T16:53:32,32,5,3200053,"ARX(2,1)",True,True,0,-168.08154534133834,360.1630906826767,400.61074702020863,1.2937461551232785,0.0485830314386065,0.6984851346180846,0.1333521229862757,0.4396888594457567,1.2982709486305075,0.1508604342821081,0.9921809746686204,0.1248766246930894,0.2585629343541473,0.4784070218794987,0.168403130117805,,-168.08154534020315,360.1630906804063,400.6107470179383
2026-06-01T17:10:26,32,6,3200063,"ARX(2,1)",True,True,0,-168.07945038496104,360.15890076992207,400.606557107454,1.318948046250277,0.0492814199852571,0.695557617626174,0.1428211051577259,0.4439547124791316,1.2415299872843786,0.1502058520295666,0.9822627253735444,0.1256827562087928,0.2554372190403484,0.48086747003433,0.1693481275891473,,-168.07945037612973,360.15890075225946,400.6065570897914
2026-06-01T17:22:09,32,7,3200073,"ARX(2,1)",True,True,0,-168.07859252886306,360.1571850577261,400.60484139525806,1.3640413820330948,0.0502346386375216,0.6908548148141067,0.1398334077909848,0.4486540261431391,1.2145303425643097,0.1493647136227054,0.9679433537733432,0.1269999549024501,0.2561497280910422,0.4808520360609172,0.1679964120011845,,-168.0785925286405,360.157185057281,400.604841394813
2026-06-01T17:31:01,32,8,3200083,"ARX(2,1)",True,True,0,-168.07625936035726,360.1525187207145,400.60017505824646,1.3763731807267623,0.0491650482445465,0.690254226825153,0.1367205079918838,0.4489105366371658,1.2528563633328775,0.1488148396099768,0.9822576266703053,0.1266374714104784,0.2563413231750767,0.4816721923484099,0.1669809104067534,,-168.07625936080314,360.15251872160627,400.6001750591382
2026-06-01T17:39:02,32,9,3200093,"ARX(2,1)",True,True,0,-168.0824539625976,360.1649079251952,400.6125642627272,1.296055366978428,0.0507734064339922,0.6972840241858471,0.1373463760455797,0.4394674260297213,1.2194420819546683,0.1516794066827763,0.9696248751299786,0.1254343766013109,0.2576319288881473,0.4810539812810804,0.1680851334426995,,-168.08245380027995,360.1649076005599,400.6125639380919
2026-06-01T17:46:40,32,10,3200103,"ARX(2,1)",True,True,0,-168.07608712257885,360.1521742451577,400.59983058268966,1.3673671416795938,0.0486816218301638,0.6910708855756602,0.1366952245822132,0.4477597165171919,1.2636815705195783,0.1490535769358894,0.9899677096776412,0.1265376423324261,0.2566449461684837,0.4809584649658578,0.1672011183563943,,-168.07608712259736,360.1521742451947,400.59983058272667
2026-06-01T17:57:24,32,11,3200113,"ARX(2,1)",True,True,0,-168.11581994141886,360.2316398828377,400.6792962203697,1.436986596295103,0.0484821114499704,0.6775491738524525,0.1458669984016869,0.4585992402872111,1.2504862540537354,0.1482049794632653,0.953574340110552,0.1260685593688833,0.2477660426337898,0.4934524161228032,0.1628984118647521,,-168.11581994018903,360.23163988037805,400.67929621791
2026-06-01T18:08:14,32,12,3200123,"ARX(2,1)",True,True,0,-168.07644143218437,360.15288286436873,400.6005392019007,1.378707426432502,0.0494873352407611,0.6898467895279866,0.1357881547603177,0.4493339714283268,1.253168696328558,0.1488003120423738,0.9769623729946986,0.1270264704517102,0.256565235964683,0.4810437786171027,0.1669838016061502,,-168.07644143197845,360.1528828639569,400.60053920148886
2026-06-01T18:16:21,32,13,3200133,"ARX(2,1)",True,True,0,-168.0760692852868,360.1521385705736,400.59979490810554,1.355341007399446,0.0489120214526312,0.6923602390655088,0.1367303047992486,0.4461303763052771,1.260199934977221,0.1493720688513168,0.9871046380586188,0.126128920100164,0.2565844536030758,0.4812256565015796,0.16737774167364,,-168.07606928527534,360.1521385705507,400.5997949080826
2026-06-01T18:32:45,32,14,3200143,"ARX(2,1)",True,True,0,-168.07605034871642,360.15210069743284,400.5997570349648,1.3631460699915758,0.0488184578193028,0.6918286924199841,0.1364616827875427,0.4465541240196312,1.2639434902736757,0.1490520073282719,0.9881229318985292,0.1263753633341285,0.2569465446082938,0.4806058878439568,0.1672983995163445,,-168.07605034872637,360.15210069745274,400.5997570349847
2026-06-01T18:43:57,32,15,3200153,"ARX(2,1)",True,True,0,-168.07603303293797,360.15206606587594,400.5997224034079,1.3634443242079133,0.0490321140318693,0.6914110271266426,0.1364196273811975,0.4473770887752381,1.2593334742136757,0.1491671083653923,0.9843403680708472,0.1264433096106306,0.2566927143720878,0.4812818514428382,0.1670270884764096,,-168.07603303297918,360.1520660659584,400.5997224034903
2026-06-01T19:01:13,32,16,3200163,"ARX(2,1)",True,True,0,-168.07995230975519,360.15990461951037,400.6075609570423,1.306020213459135,0.0474592497830069,0.6984395294578158,0.1376766702498764,0.4371869575404553,1.291065807390387,0.1505126048575358,1.012388946876955,0.1249984707372189,0.2563683377657626,0.4805428915931386,0.1687919285238389,,-168.07995232419154,360.1599046483831,400.60756098591503
2026-06-01T19:14:44,32,17,3200173,"ARX(2,1)",True,True,0,-168.07627065069238,360.15254130138476,400.6001976389167,1.354092183706803,0.0491355156379116,0.6916394600206175,0.1360984376934969,0.4472490326958659,1.2646520706764088,0.1495464399445202,0.9815086293463964,0.1263682159944598,0.2569328188128669,0.4805213580857713,0.1673014197082026,,-168.07627065076667,360.15254130153335,400.6001976390653
2026-06-01T19:20:25,32,18,3200183,"ARX(2,1)",True,True,0,-169.21997905246417,362.43995810492834,402.8876144424603,1.374313820636515,0.1152081884758358,0.6744546303774341,0.0740190208745177,0.5108467723866368,0.682296656759405,0.1512413147494642,0.6096227549927505,0.124354532229318,0.2486169887764937,0.5603353862098708,0.1165971232009644,,-169.21997903268573,362.43995806537146,402.8876144029034
2026-06-01T19:30:02,32,19,3200193,"ARX(2,1)",True,True,0,-168.07617218213505,360.1523443642701,400.60000070180206,1.3728012956338638,0.0487348417567438,0.6905299927553067,0.1364096364017233,0.4483222797834483,1.267229868735616,0.148844846185853,0.9892747457936464,0.1264782401058056,0.2567691782654305,0.4808209921317415,0.1671199005414608,,-168.07617218213446,360.1523443642689,400.60000070180087
2026-06-01T19:36:50,32,20,3200203,"ARX(2,1)",True,True,0,-168.07802596864718,360.15605193729436,400.6037082748263,1.4137112327203616,0.0490628772794205,0.6861487072494978,0.1368216585880501,0.4542507298854685,1.2510846100063613,0.14802895330693,0.9838640048620372,0.1277791161830786,0.2564080826394044,0.480949413192368,0.1665988140209783,,-168.07802596864383,360.15605193728766,400.6037082748196
2026-06-01T19:50:20,32,21,3200213,"ARX(2,1)",True,True,0,-169.12306513106302,362.24613026212603,402.693786599658,1.1108054254936135,0.1078826614978871,0.6479366943475362,0.1469066184084543,0.4860648664394738,0.9498364209844564,0.1676458661976743,0.7004326530039487,0.1448439898774615,0.2459444565321963,0.4587210329378401,0.1738746098711538,,-169.12306513105378,362.2461302621076,402.6937865996395
2026-06-01T19:56:55,32,22,3200223,"ARX(2,1)",True,True,0,-168.07831897043172,360.15663794086345,400.6042942783954,1.3606666054751595,0.0486302150176273,0.6882997408265801,0.1328563576605146,0.4529395589235689,1.2872180600005352,0.1502232875358009,0.9922675435086546,0.1257216721193312,0.2562211453530966,0.4832837044446608,0.1661423535436375,,-168.0783189704947,360.1566379409894,400.60429427852137
2026-06-01T20:07:43,32,23,3200233,"ARX(2,1)",True,True,0,-168.09558373159894,360.19116746319787,400.6388238007298,1.5103885515737854,0.0481680162065055,0.6770405707674458,0.1333650946622267,0.4646598796791377,1.3190673444149377,0.1451487146940591,0.9988960333622436,0.1271413534569189,0.2567856098784845,0.4813598737089154,0.1653597871241384,,-168.0955837320676,360.1911674641352,400.6388238016672
2026-06-01T20:37:23,32,25,3200253,"ARX(2,1)",True,True,0,-168.0798326051457,360.1596652102914,400.60732154782335,1.3612207928184583,0.0508872656296502,0.691463734289865,0.1382276851276356,0.447548837627531,1.20486118192253,0.1494782210428424,0.9554378344884508,0.1276189689039888,0.2573121990678485,0.480945940240147,0.1665919981364444,,-168.07983260531495,360.1596652106299,400.60732154816185
2026-06-01T20:51:32,32,26,3200263,"ARX(2,1)",True,True,0,-168.07632027467963,360.15264054935926,400.6002968868912,1.355751097825784,0.0488675755877052,0.6925190857971533,0.1366155830855132,0.4450097380440504,1.2636437376053906,0.1492479325201727,0.9899666248754448,0.1255122351563692,0.2561725223571156,0.4831055903375683,0.1666332640773367,,-168.07632027719546,360.1526405543909,400.6002968919229
2026-06-01T21:02:11,32,27,3200273,"ARX(2,1)",True,True,0,-168.23824149680874,360.4764829936175,400.92413933114943,1.650477825210237,0.0585431655207952,0.6784404952839731,0.1326820909214579,0.4475177596833748,1.0015516558660755,0.1402571445386968,0.8890884785411802,0.1313442862498786,0.259935870270525,0.4893651168010805,0.1588833193645998,,-168.23824145947503,360.47648291895007,400.924139256482
2026-06-01T21:12:32,32,28,3200283,"ARX(2,1)",True,True,0,-168.12760243335984,360.2552048667197,400.70286120425163,1.4890599327808036,0.0507808220549497,0.6809761638177326,0.1577107077225618,0.4565619917492602,1.1439905255876952,0.1457766507669698,0.945925011775217,0.1354858947104191,0.2463805714787895,0.4804208190420712,0.1722470784851954,,-168.12760242554293,360.25520485108586,400.7028611886178
2026-06-01T21:21:04,32,29,3200293,"ARX(2,1)",True,True,0,-168.07614358503136,360.1522871700627,400.5999435075947,1.355002442430964,0.0491992956151789,0.692874312310436,0.136599577253684,0.4449006774585693,1.2575342754622365,0.1492352842063504,0.9822764719960448,0.1262154995064401,0.2568909377051787,0.4808742953979237,0.1674810857078978,,-168.07614358504225,360.1522871700845,400.5999435076165
2026-06-01T21:59:24,32,32,3200323,"ARX(2,1)",True,True,0,-168.0760395300479,360.1520790600958,400.59973539762774,1.3596709187700828,0.0489695715003696,0.6920527973520352,0.1368846486652227,0.4461949239330605,1.2589450920220824,0.1492091031005331,0.9849187689495392,0.1263045854449427,0.2567386928408864,0.4810358193303112,0.1672936888634777,,-168.0760395300901,360.1520790601802,400.59973539771215
2026-06-01T22:13:37,32,33,3200333,"ARX(2,1)",True,True,0,-168.07610629872323,360.15221259744646,400.5998689349784,1.3657820840562018,0.0487291384667294,0.691099777613661,0.1365452655021952,0.4477253171056479,1.2683849917602197,0.1490872575140478,0.9900760220058604,0.1261975064909808,0.2567025246620743,0.4810355656946228,0.1672768417371035,,-168.07610629875836,360.1522125975167,400.5998689350487
2026-06-01T22:25:03,32,34,3200343,"ARX(2,1)",True,True,0,-168.08231998543965,360.1646399708793,400.61229630841126,1.338707896855868,0.0514644725477708,0.692511686783428,0.1362821462789494,0.4478164026176894,1.1996767188559667,0.1505186980190383,0.9474251540593932,0.1276542820432506,0.2557217722793379,0.4829211892580723,0.1665167673546643,,-168.08231998896963,360.16463997793926,400.6122963154712
2026-06-01T22:38:19,32,35,3200353,"ARX(2,1)",True,True,0,-168.25570428341473,360.51140856682946,400.9590649043614,1.9628812074822624,0.0495076153195431,0.6497282985668213,0.1331024569168176,0.4932389194564289,1.2402358676812684,0.1339735097812533,1.004896470205158,0.1334150394198883,0.2563003090024934,0.4778394931563305,0.164545272178416,,-168.25570424865825,360.5114084973165,400.9590648348485
2026-06-01T22:48:46,32,36,3200363,"ARX(2,1)",True,True,0,-168.1000912103155,360.200182420631,400.64783875816295,1.5547952982452091,0.0489499358034024,0.6726864500005306,0.1353292643189548,0.4706537037115112,1.2716054377426194,0.1444146228219111,0.9862747734638434,0.1298180971207461,0.2564772747572037,0.478847561850133,0.1661039263525149,,-168.10009121005396,360.2001824201079,400.6478387576399
2026-06-01T23:03:45,32,37,3200373,"ARX(2,1)",True,True,0,-169.15431169599236,362.3086233919847,402.7562797295167,3.797224539266856,0.0421540907280872,0.5437429501481997,0.1253838750923734,0.6679199022984713,1.3693313949791968,0.1122054617459769,1.025391441253472,0.1288921432381308,0.2416681768031993,0.51631749999714,0.1489861923384441,,-169.15431169373568,362.30862338747136,402.7562797250033
2026-06-01T23:18:08,32,38,3200383,"ARX(2,1)",True,True,0,-168.07941416439144,360.1588283287829,400.6064846663148,1.298126827134695,0.0489884934731613,0.6993479985039084,0.137271085491527,0.4369088439014366,1.265732513298908,0.1503624542823412,0.9849028130087892,0.1245184771059686,0.2569940605460368,0.4803189712483063,0.168828630438822,,-168.07941417073283,360.15882834146566,400.6064846789976
2026-06-01T23:26:46,32,39,3200393,"ARX(2,1)",True,True,0,-168.0762464715085,360.152492943017,400.600149280549,1.3585648837054716,0.0492832667907649,0.6916632434246421,0.1354081155838129,0.4473729779727677,1.2639749228394332,0.1492860899508701,0.9804912606992008,0.126245731676911,0.2570124160085575,0.4810677481481508,0.166997708317222,,-168.07624647139212,360.15249294278425,400.6001492803162
2026-06-01T23:39:03,32,40,3200403,"ARX(2,1)",True,True,0,-168.07800911917417,360.15601823834834,400.6036745758803,1.3136421007769568,0.0490016294794909,0.6965484064078782,0.1385931993844282,0.4406875207572133,1.260527751932988,0.1502709249635896,0.988837775642869,0.1253541145121124,0.2575149487069765,0.4795322715653722,0.1683605910613942,,-168.0780090851469,360.1560181702938,400.60367450782576
2026-06-01T16:40:33,33,2,3300023,"ARX(2,1)",True,True,0,-168.07812455429195,360.1562491085839,400.60390544611585,1.320445754384164,0.0478624900444373,0.695619028997161,0.1364553959215629,0.4416672525594097,1.2888709009697057,0.150245096596426,0.998160928975977,0.1255427368564181,0.2578512819127841,0.4796899324788399,0.1675009818614999,,-168.0781245590655,360.156249118131,400.6039054556629
2026-06-01T16:52:03,33,3,3300033,"ARX(2,1)",True,True,0,-168.30352433458026,360.6070486691605,401.0547050066925,2.0478707869623864,0.0583470843978086,0.6321453015504106,0.1309349430911878,0.5275739339397687,1.1606358444095255,0.1348735335988479,0.887153965662128,0.1369825289499648,0.2549987830507445,0.4840887735615262,0.1580424564168594,,-168.3035243369764,360.6070486739528,401.0547050114848
2026-06-01T17:18:58,33,5,3300053,"ARX(2,1)",True,True,0,-168.07656518202225,360.1531303640445,400.60078670157645,1.383755375775862,0.048474543476373,0.6894657649723089,0.1362968341669218,0.4495658660290637,1.2695677381505095,0.1485869606215054,0.9931828246211822,0.126517499177741,0.2564934263526595,0.4811677879728819,0.1671114418450512,,-168.07656518200156,360.1531303640031,400.6007867015351
2026-06-01T17:33:18,33,6,3300063,"ARX(2,1)",True,True,0,-168.1602358277537,360.3204716555074,400.76812799303934,1.677971217200651,0.0449702421855349,0.6597860225927014,0.1317437254271801,0.4836164518015983,1.382982683112876,0.1423521075377869,1.065677735081941,0.1272315466686619,0.2555096191269367,0.4859097993873129,0.1614873310855552,,-168.1602358277534,360.3204716555068,400.7681279930388
2026-06-01T17:42:42,33,7,3300073,"ARX(2,1)",True,True,0,-168.07635229199133,360.15270458398265,400.6003609215146,1.357999431872041,0.0483641606529356,0.6923610984666447,0.1368027151815253,0.4455629035546464,1.274593346410272,0.1492091901184788,0.9969169958732506,0.1262085555674944,0.2569403385775723,0.4802940763426707,0.1675454233686565,,-168.07635229200102,360.15270458400204,400.600360921534
2026-06-01T17:56:49,33,8,3300083,"ARX(2,1)",True,True,0,-168.07646607639606,360.1529321527921,400.60058849032407,1.354827925311775,0.0483803154874998,0.6925468959148865,0.1359166470841213,0.4456465145893306,1.280909282742652,0.1492197278435201,0.99589811045486,0.1259711110827659,0.2569208123163959,0.4806101486216121,0.1673595149922951,,-168.07646607641243,360.15293215282486,400.6005884903568
2026-06-01T18:14:40,33,9,3300093,"ARX(2,1)",True,True,0,-168.07607176257017,360.15214352514033,400.5997998626723,1.354434028883169,0.0489428995918359,0.6925262642568651,0.1362047537369463,0.445750053009825,1.2626027397050317,0.1493885941232121,0.9863859079519588,0.1263896325616575,0.2569259263981552,0.4805592014783984,0.1674480256965899,,-168.07607176267882,360.15214352535764,400.5997998628896
2026-06-01T18:27:07,33,10,3300103,"ARX(2,1)",True,True,0,-168.07646955839328,360.15293911678657,400.6005954543185,1.3579249189082518,0.0486676829428118,0.6909270994893603,0.1378320258666234,0.447851516190366,1.2586109233738283,0.1497612478927592,0.991739091216614,0.127199206755122,0.2563684582212924,0.4806404676897073,0.1668713907306884,,-168.07646956732668,360.15293913465337,400.6005954721853
2026-06-01T18:44:07,33,11,3300113,"ARX(2,1)",True,True,0,-168.0778699968589,360.1557399937178,400.60339633124977,1.3193718020464522,0.0496201040342103,0.6956699583874887,0.1361566474420898,0.4420582890859557,1.252775332171312,0.1504642348380969,0.9752569499090218,0.1254829073653729,0.2571622093792972,0.4820844472021623,0.1669928526384963,,-168.07786997313082,360.15573994626163,400.6033962837936
2026-06-01T19:08:20,33,13,3300133,"ARX(2,1)",True,True,0,-168.1442429003034,360.2884858006068,400.73614213813875,1.4066023873613045,0.0414901264021942,0.6883552547994938,0.1339084276352061,0.4539186334602287,1.46579809202537,0.1467398289606962,1.140246579307281,0.1223969554016739,0.2606859031603021,0.4765650082617499,0.1675370156367814,,-168.1442428997252,360.2884857994504,400.7361421369824
2026-06-01T19:24:55,33,14,3300143,"ARX(2,1)",True,True,0,-168.07668864197112,360.15337728394223,400.6010336214742,1.3490257765232276,0.0492711818866227,0.693847167576884,0.135416386851472,0.4434407218582101,1.2711901238047827,0.1491422795510713,0.9819418155708868,0.1262595800368746,0.2575216841779342,0.4794252553538969,0.1677039104417306,,-168.07668859347456,360.1533771869491,400.60103352448107
2026-06-01T19:33:35,33,15,3300153,"ARX(2,1)",True,True,0,-168.07872625449517,360.15745250899033,400.6051088465223,1.339022022537837,0.0481156514023007,0.6964440345875436,0.1351535816162538,0.4375673293988875,1.2864665239260018,0.1491392495094591,1.0077892482703508,0.1256054056373799,0.2575841711945602,0.4787558321274512,0.1685623646047973,,-168.07872625449127,360.15745250898254,400.6051088465145
2026-06-01T19:39:23,33,16,3300163,"ARX(2,1)",True,True,0,-168.08588976448183,360.17177952896367,400.6194358664956,1.4630322718114734,0.0475224635207239,0.6801978655410119,0.1335043776993582,0.4609667749308089,1.298590354282111,0.1470689301292025,1.0081176010524044,0.1273565990419095,0.2571444357999546,0.4820744079821492,0.1643689141894567,,-168.08588976446646,360.1717795289329,400.61943586646487
2026-06-01T19:51:47,33,17,3300173,"ARX(2,1)",True,True,0,-168.0766250281299,360.1532500562598,400.6009063937918,1.3419081803770552,0.0485571761453257,0.6934699212974664,0.1359841992351967,0.4444750582855241,1.2780925255528128,0.1495948508537231,0.9917368094323183,0.1258173586591516,0.2565676750056131,0.4809402898553901,0.1675794974119704,,-168.07662502882297,360.1532500576459,400.6009063951778
2026-06-01T20:01:27,33,18,3300183,"ARX(2,1)",True,True,0,-168.07800162378805,360.1560032475761,400.60365958510806,1.3717262432345505,0.0481956083903271,0.6897867277898272,0.1344673700598987,0.4494827408318043,1.300557460080283,0.1489573925114275,0.9961599318731414,0.1258894154188513,0.2564805513665313,0.4811096808053248,0.1670918575660984,,-168.07800162375088,360.15600324750176,400.6036595850337
2026-06-01T20:08:55,33,19,3300193,"ARX(2,1)",True,True,0,-168.0808056234946,360.1616112469892,400.60926758452115,1.4127397493716471,0.0498273361054862,0.688303421785856,0.1396122752083001,0.4506733069938256,1.212451778272272,0.1475548553464073,0.9756316135705968,0.127688897703616,0.2557206758593016,0.4821802445623276,0.1669309666300351,,-168.08080562346936,360.1616112469387,400.6092675844707
2026-06-01T20:22:25,33,20,3300203,"ARX(2,1)",True,True,0,-168.07638078432416,360.1527615686483,400.60041790618027,1.3663536214523466,0.0485240075322872,0.6917278119296543,0.1351654088771703,0.4464658902978839,1.274659588424126,0.1488559752151266,0.9926856635745668,0.1266202945156528,0.2570620034958762,0.4796676725347004,0.1677049374202456,,-168.07638078478408,360.15276156956816,400.6004179071001
2026-06-01T20:35:55,33,21,3300213,"ARX(2,1)",True,True,0,-168.07921482612846,360.1584296522569,400.6060859897889,1.355233165683115,0.0490794585948248,0.6939216371609519,0.1350231468233195,0.4419244259252745,1.26157242834518,0.1491943441711465,0.991273008312644,0.1249514019571916,0.2523450673206435,0.4866860291421117,0.1681084390051883,,-168.07921482496204,360.1584296499241,400.606085987456
2026-06-01T20:51:32,33,22,3300223,"ARX(2,1)",True,True,0,-168.0760584020017,360.1521168040034,400.59977314153537,1.3571871053652151,0.0491196367266157,0.6919096265628902,0.1363617553967781,0.4467776831386186,1.2574058342297776,0.149383686843042,0.9836992124189043,0.1264519903417792,0.2568860957522431,0.480988653346005,0.167094405717361,,-168.07605840200205,360.1521168040041,400.5997731415361
2026-06-01T21:05:44,33,23,3300233,"ARX(2,1)",True,True,0,-168.0778636367619,360.1557272735238,400.60338361105573,1.323478401425252,0.0486406779611205,0.6949921548123158,0.1365298921767224,0.4437285002260372,1.270973200233923,0.1502365220368899,0.9844624006990372,0.1259658098206725,0.256070625114086,0.4793336886622184,0.1691549389115273,,-168.07786363675814,360.1557272735163,400.6033836110482
2026-06-01T21:12:35,33,24,3300243,"ARX(2,1)",True,True,0,-168.10244806921344,360.2048961384269,400.6525524759588,1.466629660844582,0.0456848961662173,0.6805256370409536,0.128198020378965,0.4610559356017914,1.3843987683438546,0.1463408612433913,1.048097435571217,0.1264171660161011,0.2554487319896048,0.4828384364270346,0.1652794801502551,,-168.10244806310175,360.2048961262035,400.65255246373545
2026-06-01T21:32:10,33,25,3300253,"ARX(2,1)",True,True,0,-168.10078838563248,360.20157677126497,400.6492331087969,1.4460667956154014,0.0451513417043092,0.6799022379045977,0.1339389945395461,0.4595438045391337,1.3295864353337243,0.1489259442719288,1.0602098466490304,0.1288876736439253,0.250759562790439,0.4884259155848562,0.1634792219143636,,-168.10078837610882,360.20157675221765,400.6492330897496
2026-06-01T21:43:25,33,26,3300263,"ARX(2,1)",True,True,0,-168.0761808263054,360.1523616526108,400.60001799014276,1.3543466290958628,0.048711671006596,0.6922158799721811,0.1362964317290901,0.4463519326826274,1.2711660645515064,0.1494234043266155,0.9910824096184502,0.1260074063932158,0.2566567079761388,0.4812294999919253,0.1673908869817911,,-168.0761808264046,360.1523616528092,400.60001799034114
2026-06-01T21:50:08,33,27,3300273,"ARX(2,1)",True,True,0,-168.07610824956072,360.15221649912144,400.5998728366534,1.3688628997651902,0.0488654486396182,0.6903786935015696,0.1369847899303043,0.4489144290786063,1.260543592959846,0.1491295500150274,0.9875674073551064,0.1266739217769164,0.2566647699467361,0.4808368856135391,0.1671425628961562,,-168.07610824921306,360.1522164984261,400.5998728359581
2026-06-01T22:03:11,33,28,3300283,"ARX(2,1)",True,True,0,-168.0760794808335,360.152158961667,400.59981529919895,1.3536792995495093,0.0488162321113721,0.692375342747323,0.1370275437721426,0.4459581129576395,1.2602108994389118,0.1494691812029951,0.9880246584113256,0.1263805131903335,0.2568175210198004,0.4808496979442339,0.1672999591819342,,-168.0760794808287,360.1521589616574,400.5998152991893
2026-06-01T22:14:56,33,29,3300293,"ARX(2,1)",True,True,0,-168.0766307223431,360.1532614446862,400.6009177822182,1.3510059152064469,0.0490629472602938,0.6934363814132101,0.136304905313757,0.4455954497847124,1.2514852965793692,0.1492845893902705,0.9833729029769096,0.1262481777881184,0.2554272025233515,0.4819187720343483,0.1682622113676827,,-168.07663072248528,360.1532614449705,400.6009177825025
2026-06-01T22:22:15,33,30,3300303,"ARX(2,1)",True,True,0,-168.0762667087404,360.1525334174808,400.60018975501276,1.3666784580763798,0.0485116635499406,0.690978917048973,0.1356402244453491,0.4479582920128296,1.2718367598886149,0.1490053168610568,0.9915580669409813,0.1266865439389746,0.2565787644438485,0.4809429603746059,0.1668847902177013,,-168.07626670685303,360.15253341370607,400.600189751238
2026-06-01T22:33:58,33,31,3300313,"ARX(2,1)",True,True,0,-168.6121718563281,361.2243437126562,401.67200005018816,2.629701364577325,0.0532815415003739,0.5932779730490364,0.1175779100345657,0.5874829624129677,1.1370842641265588,0.1276076800921888,0.9363974190799594,0.144633749007731,0.255575584101782,0.4851061638253963,0.1514703077771124,,-168.6121718564308,361.2243437128616,401.6720000503936
2026-06-01T22:45:40,33,32,3300323,"ARX(2,1)",True,True,0,-168.38627866105463,360.77255732210926,401.2202136596412,1.6290410451044113,0.0678351169137501,0.6477086538554317,0.132403726599679,0.5035495951624366,0.9056972681221408,0.151554204524031,0.8289708658007011,0.1304115218855479,0.251927037676685,0.5342154627850917,0.1310845313584165,,-168.38627838984058,360.7725567796812,401.2202131172131
2026-06-01T23:15:04,33,33,3300333,"ARX(2,1)",True,True,0,-168.07919282087408,360.15838564174817,400.6060419792801,1.3330436334502358,0.0471012683820867,0.6943257835578304,0.1400054901629168,0.442906330337274,1.271747598532562,0.1502133439098744,1.013523839113995,0.1267593324905827,0.2576215495151129,0.4782883000829625,0.1680444606385648,,-168.0791928208171,360.1583856416342,400.60604197916615
2026-06-01T23:30:57,33,34,3300343,"ARX(2,1)",True,True,0,-169.57828575080958,363.15657150161917,403.6042278391511,5.243062597880182,0.0330234968350536,0.5451007839359939,0.1207763514620102,0.65320223708235,1.4318321675734549,0.097001685198582,1.0449141678727991,0.1260755285192137,0.2366833008087958,0.5206663167540029,0.154941431280721,,-169.5782857535309,363.1565715070618,403.60422784459377
2026-06-01T23:56:43,33,36,3300363,"ARX(2,1)",True,True,0,-168.07603568427965,360.1520713685593,400.59972770609124,1.3560979420112689,0.048871201631917,0.6921799501199086,0.1367641309536171,0.4462812667345585,1.2620550032241524,0.1493624034358029,0.9868011531493122,0.1263615539016317,0.2567451092146324,0.4808445170964232,0.1673690329748173,,-168.07603568427416,360.1520713685483,400.5997277060803
2026-06-02T00:08:41,33,37,3300373,"ARX(2,1)",True,True,0,-168.0762027327156,360.1524054654312,400.6000618029631,1.3562705889510582,0.0490242275306935,0.6919328838791549,0.1354344990773659,0.4473792373032354,1.2597364027831592,0.1494981159365713,0.986713083084927,0.126645724599045,0.2566683222960742,0.4812986154059934,0.1668534919109084,,-168.07620273273864,360.1524054654773,400.6000618030092
2026-06-02T00:20:44,33,38,3300383,"ARX(2,1)",True,True,0,-168.07605586927718,360.15211173855437,400.5997680760863,1.3600767882024074,0.0490370904333093,0.6918224229573957,0.136238074836948,0.4466568037674922,1.2588829884658788,0.149270553254285,0.985937809031518,0.1264428179406775,0.256598901348236,0.4815618239035589,0.1668503337598089,,-168.0760558685147,360.1521117370294,400.5997680745613
2026-06-02T00:28:49,33,39,3300393,"ARX(2,1)",True,True,0,-168.09007832143783,360.18015664287566,400.6278129804076,1.3537932888867472,0.0491041495492422,0.6901238248518725,0.1395754437855986,0.4478910130569249,1.190362320355577,0.1513062974072011,0.9941131107442316,0.1274208786883017,0.2548704669186168,0.4833497817909563,0.1664739180026483,,-168.09007832119926,360.1801566423985,400.62781297993047
2026-06-02T00:38:30,33,40,3300403,"ARX(2,1)",True,True,0,-168.0764872717138,360.1529745434276,400.60063088095956,1.3727684977573913,0.0493554384363588,0.6907277771423942,0.1372108156036951,0.4480803436879924,1.2430490598218271,0.148946255408718,0.9809848575055988,0.1265833690203084,0.2565782895300411,0.4818055304587627,0.1668622652020464,,-168.07648727100883,360.15297454201766,400.6006308795496
2026-06-01T16:33:11,34,3,3400033,"ARX(2,1)",True,True,0,-168.08957437984418,360.17914875968836,400.6268050972203,1.3098756833943217,0.0451860360116676,0.6974446772178806,0.1372103281681679,0.4382385619732922,1.3573223637312442,0.1502296817711242,1.0519744724943492,0.1247886627958569,0.257116890913921,0.4774392381734201,0.1694567345406502,,-168.0895743787084,360.1791487574168,400.6268050949488
2026-06-01T16:40:16,34,4,3400043,"ARX(2,1)",True,True,0,-168.07823315725707,360.15646631451415,400.6041226520461,1.3163132876727175,0.0491071645361185,0.6962850924289343,0.1362177851206035,0.4416350276815771,1.253995954392057,0.1504907635789862,0.9785909279074928,0.1265421773558809,0.2586372025107862,0.4780191352654077,0.168002763166894,,-168.07823315137858,360.1564663027572,400.6041226402891
2026-06-01T16:52:00,34,5,3400053,"ARX(2,1)",True,True,0,-168.07672124813,360.15344249626,400.601098833792,1.3783459697131737,0.0493366084856098,0.6898130788316076,0.137734891261593,0.4494800416602564,1.239432561785028,0.1489066621548137,0.9797658259633472,0.1273190323528474,0.2564049959966709,0.4812074881189839,0.166822539170933,,-168.0767212477874,360.1534424955748,400.60109883310673
2026-06-01T17:05:58,34,6,3400063,"ARX(2,1)",True,True,0,-168.07633056058773,360.15266112117547,400.6003174587074,1.3729211983904652,0.0493367965108404,0.6907707232002646,0.1371739549824803,0.4479784329434245,1.247578268780741,0.1488715321402339,0.9798023359503736,0.126616353520203,0.2564444165722603,0.4819019884610201,0.1667823390668927,,-168.0763305605625,360.152661121125,400.60031745865695
2026-06-01T17:20:13,34,7,3400073,"ARX(2,1)",True,True,0,-168.07901310071196,360.1580262014239,400.6056825389559,1.30230560672219,0.0485985856347658,0.6971258217549606,0.13697136393102,0.4407814064621229,1.262279485909656,0.1512050741596514,0.9920353395217476,0.1253790712205995,0.2563884548689676,0.481845135402532,0.1679189350455865,,-168.07901288511658,360.1580257702332,400.6056821077651
2026-06-01T17:33:40,34,8,3400083,"ARX(2,1)",True,True,0,-168.10021997918926,360.2004399583785,400.6480962959105,1.411240758297604,0.0444117378299858,0.6900851182897235,0.1323703160608027,0.4442243365204714,1.3947111034253106,0.1466776322144947,1.0607801672259258,0.1263293968682139,0.2570367923056394,0.4761853169961245,0.1686414944026941,,-168.1002199792635,360.200439958527,400.64809629605895
2026-06-01T17:43:17,34,9,3400093,"ARX(2,1)",True,True,0,-168.08241651055226,360.1648330211045,400.6124893586365,1.4492790526420696,0.0503968727993903,0.6839347005047245,0.1328451962783969,0.4560085257028436,1.2486312905944117,0.1466223530464346,0.9715274552234578,0.1269597573796175,0.2571914661895051,0.4839419023146117,0.1641979590789824,,-168.0824165087214,360.1648330174428,400.61248935497474
2026-06-01T17:54:27,34,10,3400103,"ARX(2,1)",True,True,0,-168.0760272616237,360.1520545232474,400.59971086077934,1.3613816432717738,0.0489182083844306,0.6916133591528506,0.1369569148591993,0.4471706407729544,1.2590481790804116,0.149227148069803,0.9860614980803244,0.1263538118436432,0.2566401906229078,0.4811466587161629,0.1672936597196507,,-168.07602726162884,360.1520545232577,400.5997108607896
2026-06-01T18:09:09,34,11,3400113,"ARX(2,1)",True,True,0,-168.07637794562388,360.15275589124775,400.6004122287797,1.33969329447009,0.0489544512302205,0.6939663482086644,0.1364158378903541,0.4439943956333865,1.261040381564818,0.149767519882464,0.9866989921395474,0.1260004809116562,0.2567948122813909,0.4808851007520998,0.1675933448502514,,-168.07637794559002,360.15275589118005,400.600412228712
2026-06-01T18:21:50,34,12,3400123,"ARX(2,1)",True,True,0,-168.07707715676872,360.15415431353745,400.6018106510694,1.358908101549904,0.049335815347163,0.6920905760710476,0.1361799281805903,0.4466397388284104,1.2652844672558847,0.1490421635102781,0.9740130622917524,0.125553921974283,0.2570506115200883,0.4806946299720106,0.1677952639674945,,-168.0770771567719,360.1541543135438,400.60181065107577
2026-06-01T18:35:10,34,13,3400133,"ARX(2,1)",True,True,0,-168.07615913026498,360.15231826052997,400.5999745980619,1.366006195598772,0.0493150069580974,0.6913889577990542,0.1364788038216232,0.447426626787791,1.2541819443053603,0.1490067593292562,0.9793786975465842,0.1267882724433816,0.2568308713384153,0.4806070853434021,0.1672054533827605,,-168.07615913028962,360.15231826057925,400.5999745981112
2026-06-01T18:43:23,34,14,3400143,"ARX(2,1)",True,True,0,-168.07626703804524,360.1525340760905,400.60019041362244,1.346635213504704,0.0488111798784949,0.6930022689291986,0.1368680194124389,0.4456122529762227,1.267132244337691,0.1495416275707367,0.9868351545760372,0.1257689862029258,0.2564023813833391,0.4814017278585099,0.167601727128779,,-168.07626703723162,360.15253407446323,400.6001904119952
2026-06-01T18:50:58,34,15,3400153,"ARX(2,1)",True,True,0,-168.0761066809743,360.1522133619486,400.59986969948056,1.3530231365419614,0.0491140698012853,0.6926779114836399,0.1364089181951925,0.4455190394500852,1.2599714267507678,0.1493805139858662,0.9834698399991656,0.1264257272546046,0.2569017091121151,0.4804024110378043,0.16754823900577,,-168.07610668087693,360.15221336175387,400.5998696992858
2026-06-01T19:08:27,34,16,3400163,"ARX(2,1)",True,True,0,-168.0773261872953,360.1546523745906,400.6023087121226,1.327953046776921,0.0488555796141043,0.6943669611277137,0.1371946904968247,0.4432077614195435,1.2545804828315843,0.1505769982372048,0.9814074179268656,0.1264174353880307,0.2566185221202077,0.4821566375777279,0.1665483578614544,,-168.07732618733866,360.1546523746773,400.60230871220926
2026-06-01T19:18:41,34,17,3400173,"ARX(2,1)",True,True,0,-168.36690043362196,360.73380086724393,401.1814572047759,1.7895792160947046,0.063915639645361,0.6289514043535605,0.1263412146784317,0.5460205769959647,0.9642979300866094,0.1443656474106765,0.7840377509251563,0.1427477101309827,0.2648950561893033,0.4881017698573699,0.1419386978388164,,-168.36690045980328,360.73380091960655,401.1814572571385
2026-06-01T19:38:48,34,18,3400183,"ARX(2,1)",True,True,0,-168.07902349289537,360.15804698579075,400.6057033233227,1.4038608835619888,0.047856821401449,0.6873861226504253,0.1351620391818888,0.4516203025520094,1.2970311372373458,0.1479980832824874,1.0045561329920212,0.126576920673918,0.2562767520583094,0.4801238567000933,0.1676618653911954,,-168.07902349299178,360.1580469859836,400.6057033235155
2026-06-01T19:55:24,34,19,3400193,"ARX(2,1)",True,True,0,-168.07604137167272,360.15208274334543,400.5997390808774,1.359506607157034,0.0489307190345067,0.6918714163063134,0.1369509837789633,0.4465960742096989,1.258920707547196,0.1492749450371009,0.9858851911479126,0.1266459332734479,0.2569740469091038,0.4802421706897148,0.1674481548931695,,-168.07604137169517,360.15208274339034,400.5997390809223
2026-06-01T20:03:10,34,20,3400203,"ARX(2,1)",True,True,0,-168.07611823726592,360.15223647453183,400.5998928120638,1.3671810033092278,0.048872558877801,0.6904772476289334,0.1366483643651183,0.4486834044568655,1.2609464100751977,0.1492887726315914,0.987172474966998,0.1263112488840217,0.2565998905502383,0.4819473961926439,0.1666987721704562,,-168.07611823641713,360.15223647283426,400.5998928103662
2026-06-01T20:12:18,34,21,3400213,"ARX(2,1)",True,True,0,-168.07617034835883,360.15234069671766,400.5999970342496,1.3744429504035052,0.0490177606873735,0.6906503477418473,0.1365737906978441,0.4483585906859581,1.2584844875868186,0.1487779712775714,0.9859085456667795,0.1266670197881319,0.2568289386931035,0.480768499536059,0.1671060206147853,,-168.07617034677693,360.15234069355387,400.5999970310858
2026-06-01T20:22:12,34,22,3400223,"ARX(2,1)",True,True,0,-171.08919403549322,366.17838807098644,406.6260444085184,0.3571245072092526,0.3681629618015724,0.6171153394897236,0.0690336586611818,0.5195087422169544,0.6422419725780134,0.3169365383065408,0.5238655458448471,0.1294732128501474,0.3242608143428394,0.4268467919320837,0.1675836098016926,,-171.08919403535427,366.1783880707085,406.6260444082405
2026-06-01T20:39:51,34,23,3400233,"ARX(2,1)",True,True,0,-168.08415760215883,360.16831520431765,400.6159715418496,1.4564092615376525,0.048289640446166,0.6808561685133611,0.1343173224548983,0.4607771222690808,1.296790322449478,0.1470305348084926,0.996444921596818,0.1277658680457771,0.2565026547730116,0.4798192612346132,0.1664744911423841,,-168.084157602228,360.168315204456,400.615971541988
2026-06-01T20:50:09,34,24,3400243,"ARX(2,1)",True,True,0,-168.076145211249,360.152290422498,400.59994676003,1.3579053870246822,0.0491300447591573,0.6924719567958503,0.1376472386480403,0.4451123658402542,1.256923365329606,0.1491781693665139,0.9852600993836844,0.1262980586144979,0.2566121000425805,0.4806588668722911,0.1677527729666007,,-168.07614521127178,360.1522904225436,400.5999467600755
2026-06-01T20:55:37,34,25,3400253,"ARX(2,1)",True,True,0,-168.31802785090002,360.63605570180005,401.083712039332,1.4171817049961395,0.0729376237230828,0.6760505320253336,0.1306642432546522,0.4769534402396842,0.9528535537044884,0.1500758366340777,0.7371530808530865,0.1342774260099547,0.2614836847858143,0.4827866954330412,0.1584502196161066,,-168.31802698386514,360.6360539677303,401.08371030526223
2026-06-01T21:04:18,34,26,3400263,"ARX(2,1)",True,True,0,-168.07603155952043,360.15206311904086,400.5997194565728,1.3627205407701828,0.0489268905031339,0.6916946166387608,0.1364808935504738,0.4468434201471477,1.2604029710768896,0.1491050078237477,0.9863842107259418,0.1263782261275385,0.2568580698683071,0.4808793565851523,0.1672895547376884,,-168.07603155950238,360.1520631190048,400.5997194565367
2026-06-01T21:09:22,34,27,3400273,"ARX(2,1)",True,True,0,-168.07634331227092,360.15268662454184,400.6003429620738,1.3735258528555725,0.0484815512076379,0.6903215463376443,0.1360411923431015,0.4487318347882618,1.2730719310244103,0.148881136445583,0.9935530118744236,0.1265204887440541,0.25640294846179,0.4811053417079793,0.167135525075119,,-168.07634331219418,360.1526866243884,400.6003429619203
2026-06-01T21:24:35,34,28,3400283,"ARX(2,1)",True,True,0,-168.07613719782054,360.1522743956411,400.59993073317304,1.3658985476289645,0.0490655725211192,0.6913465162806111,0.1370052359262163,0.4472585600256261,1.2518722275962109,0.1490826453516245,0.9837516429424334,0.1267662506735352,0.2568963956711609,0.4806807685498301,0.1671535935934302,,-168.07613719841248,360.15227439682496,400.5999307343569
2026-06-01T21:32:17,34,29,3400293,"ARX(2,1)",True,True,0,-168.07601674645866,360.1520334929173,400.5996898304493,1.361429119465325,0.0489110789788087,0.691663010888099,0.1367616260067837,0.446939938618664,1.260903806554313,0.1492090271835057,0.986607910918412,0.1264078282977032,0.2567183474851198,0.480898340657464,0.1673120854653386,,-168.07601674647373,360.15203349294745,400.5996898304794
2026-06-01T21:53:04,34,31,3400313,"ARX(2,1)",True,True,0,-168.15449847430872,360.30899694861745,400.7566532861494,1.7180729036268088,0.0477965263869095,0.6508428018168292,0.1371354934104923,0.5016015079706693,1.2750314153031037,0.1429419535947291,1.0045262756120354,0.131719928615147,0.252542564010638,0.4873957941322906,0.1606861066380365,,-168.15449847426964,360.3089969485393,400.7566532860712
2026-06-01T22:20:38,34,32,3400323,"ARX(2,1)",True,True,0,-168.77903164782015,361.5580632956403,402.00571963317225,2.16042308824115,0.0769885979155886,0.5374485166707198,0.1134603550024929,0.6546890162472624,1.139023100886673,0.1477508642916026,0.7644600677505302,0.149412708185584,0.2412615134272238,0.4808582650783792,0.1542754684428252,,-168.779031647583,361.558063295166,402.005719632698
2026-06-01T22:31:47,34,33,3400333,"ARX(2,1)",True,True,0,-168.07604646787962,360.15209293575924,400.5997492732912,1.3659177963989069,0.0488597432248974,0.6912477078321638,0.1365388755751468,0.4473697337824351,1.2637996810562926,0.1490833495221513,0.9867950961592664,0.1266001079310433,0.2567050014429199,0.4806818797441219,0.1672909490875495,,-168.0760464678622,360.1520929357244,400.5997492732564
2026-06-01T22:40:48,34,34,3400343,"ARX(2,1)",True,True,0,-170.53300257870075,365.0660051574015,405.51366149493344,9.701614861140945,0.0189590106833077,0.4720209784246115,0.1214469381376288,0.8011349884441774,1.3519244508497306,0.0791611827716018,0.9361616450765992,0.1285466460670928,0.2315060571722023,0.5328429656133673,0.1539614223255157,,-170.5330024027988,365.0660048055976,405.5136611431296
2026-06-01T22:49:12,34,35,3400353,"ARX(2,1)",True,True,0,-168.07854473519694,360.1570894703939,400.60474580792584,1.3163458694563137,0.0499997189378612,0.6960276489868419,0.137010185588791,0.4409997841496273,1.2391904387520607,0.1506090583932448,0.9705728590042608,0.1256928483575422,0.2574768552921901,0.4813306613343807,0.1672011027281464,,-168.07854473537995,360.1570894707599,400.6047458082919
2026-06-01T23:01:21,34,36,3400363,"ARX(2,1)",True,True,0,-168.10451641988098,360.20903283976196,400.6566891772939,1.5147372353532336,0.0508655203023706,0.673769458181956,0.1417204033522725,0.4711642678055194,1.1515818016024213,0.1469727008374357,0.958207828331624,0.131572821286042,0.2542231991082754,0.4852879129116716,0.1634242305337422,,-168.10451641982831,360.20903283965663,400.6566891771886
2026-06-01T23:06:47,34,37,3400373,"ARX(2,1)",True,True,0,-168.0763636571295,360.152727314259,400.60038365179093,1.3820056176231388,0.0489401061967136,0.6894427141186137,0.1360922848736471,0.4500627010877766,1.2633808985039992,0.1486769012611637,0.985954462889698,0.1267676893807743,0.2565404608155579,0.481462332034087,0.1667212617400599,,-168.0763636576772,360.1527273153544,400.6003836528864
2026-06-01T23:18:40,34,38,3400383,"ARX(2,1)",True,True,0,-168.10022715836493,360.20045431672986,400.6481106542618,1.4266541519502125,0.0522539554417788,0.6862887947655731,0.1431989513409686,0.45115599738968,1.125398978643218,0.1482691847831128,0.942824975681556,0.1300169380728412,0.2561385909878996,0.4819049118557685,0.1661436963161775,,-168.10022715834756,360.2004543166952,400.6481106542271
2026-06-01T23:38:55,34,39,3400393,"ARX(2,1)",True,True,0,-168.09840479770978,360.19680959541955,400.6444659329515,1.5325357100121904,0.0480983999925256,0.6774657857080485,0.1315138177127458,0.4629284867894267,1.3064313057732406,0.1442383720656124,0.9974644940092852,0.1285836321294951,0.2569357822558429,0.4805052980603149,0.1649678478520225,,-168.09840479396655,360.1968095879331,400.64446592546506
2026-06-01T23:58:38,34,40,3400403,"ARX(2,1)",True,True,0,-168.07637512328483,360.15275024656967,400.6004065841016,1.3513486398518364,0.0483748645778887,0.6934683531228047,0.1369871746249736,0.4441139108255709,1.2708750626833296,0.1492383891653957,0.9961901807317538,0.1260340970779281,0.2564205775881648,0.4810549505021075,0.1676683395802883,,-168.07637513106886,360.1527502621377,400.60040659966967
2026-06-01T16:35:14,35,2,3500023,"ARX(2,1)",True,True,0,-168.07602947664367,360.15205895328734,400.5997152908193,1.3599965137693222,0.048959420356356,0.6918314131994122,0.1365708321043744,0.4468227741352684,1.2616630674394418,0.1492265382245523,0.9856807173256996,0.1262423983034577,0.2566055416493468,0.4813481353810589,0.1672301824524849,,-168.07602947662565,360.1520589532513,400.5997152907833
2026-06-01T16:55:59,35,4,3500043,"ARX(2,1)",True,True,0,-168.47169033452062,360.94338066904123,401.3910370065732,2.050255828582398,0.060054720780133,0.6358719321222853,0.17073614890067,0.513399382859381,0.8837774724000288,0.1354951187788894,0.8439306229169353,0.1402000137447649,0.2428958761047854,0.4999502453783649,0.1580500773721247,,-168.4716903141294,360.9433806282588,401.3910369657908
2026-06-01T17:07:40,35,5,3500053,"ARX(2,1)",True,True,0,-168.08574957735706,360.1714991547141,400.6191554922461,1.453253530327366,0.0512708201387074,0.6811390913230712,0.1349861367745712,0.4614621631502348,1.2016092902695996,0.1474264052193403,0.9505739077015556,0.1294660081082919,0.2568510205335084,0.4814263361429213,0.1649587800527051,,-168.0857495200496,360.1714990400992,400.6191553776312
2026-06-01T17:20:22,35,6,3500063,"ARX(2,1)",True,True,0,-168.12818077082483,360.25636154164965,400.7040178791816,1.1431188371996102,0.0502419790661047,0.7187601130370606,0.1317374007427174,0.4083533154513132,1.30261679192276,0.1534259592061641,0.9784459609899456,0.117708453773625,0.259499844873936,0.4804795171850312,0.1705245281820399,,-168.1281807794659,360.2563615589318,400.70401789646377
2026-06-01T17:40:33,35,7,3500073,"ARX(2,1)",True,True,0,-168.07610691988793,360.15221383977587,400.5998701773078,1.3627090220303069,0.048614643672066,0.691574622265999,0.1364537389475479,0.4469114235125064,1.2695219920720453,0.1491345062657808,0.9911992525547034,0.1263003605014443,0.2566869573180272,0.4808906389924084,0.1673113930995778,,-168.07610691985113,360.15221383970226,400.5998701772342
2026-06-01T17:48:50,35,8,3500083,"ARX(2,1)",True,True,0,-168.0779733815015,360.155946763003,400.60360310053494,1.31520121869698,0.0492206960454396,0.6970839498210099,0.1376655932813389,0.4393334949655977,1.250374335087196,0.1502956710386415,0.9821459107276111,0.1258952596214573,0.2575635267522285,0.4795158330072328,0.1683383513752962,,-168.07797338149084,360.15594676298167,400.6036031005136
2026-06-01T17:58:00,35,9,3500093,"ARX(2,1)",True,True,0,-168.07604080397283,360.15208160794566,400.5997379454776,1.3581904311244042,0.0490500336334012,0.6922194153613418,0.1365036435747086,0.4460572839430126,1.2587617474361612,0.1492488847573592,0.9848592029494344,0.1264076502488992,0.2567841098911455,0.4809497936309808,0.1672348191381138,,-168.07604080398562,360.15208160797124,400.5997379455032
2026-06-01T18:14:17,35,10,3500103,"ARX(2,1)",True,True,0,-168.07609335271871,360.15218670543743,400.5998430429694,1.3549145006282528,0.0488570986229558,0.6926081947438716,0.1371831424443325,0.4455555135324971,1.25811418409542,0.1493081527204363,0.9876720884916128,0.1262316540669402,0.2566631227007556,0.4810370760086798,0.1674483991257505,,-168.07609335221494,360.1521867044299,400.5998430419618
2026-06-01T18:27:13,35,11,3500113,"ARX(2,1)",True,True,0,-168.07662557770595,360.1532511554119,400.60090749294386,1.3832972211134125,0.0486393726722969,0.6889076353622169,0.1375168477863396,0.4501623301053186,1.2685819955578117,0.1489295351255613,0.9909134566380612,0.1271564522935913,0.2566198798737951,0.4801680897754259,0.1673174795704571,,-168.0766255796666,360.1532511593332,400.6009074968652
2026-06-01T18:35:35,35,12,3500123,"ARX(2,1)",True,True,0,-168.0792257839247,360.1584515678494,400.60610790538135,1.315991237295637,0.04911587841822,0.6971574686459955,0.1399951752663326,0.4390853079871771,1.233560204569022,0.1504787361048142,0.981870654876586,0.1263562120328348,0.2563755613370986,0.4794557216847273,0.168950383905497,,-168.07922578195178,360.15845156390355,400.6061079014355
2026-06-01T18:47:49,35,13,3500133,"ARX(2,1)",True,True,0,-168.1106498747816,360.2212997495632,400.6689560870951,1.291050768533921,0.0555357293261163,0.701050611225536,0.137937153995322,0.4324217156046519,1.129297132594569,0.1511768515685908,0.8969130883063569,0.1276871985469563,0.2577557684175704,0.4821492708698738,0.1672292543416116,,-168.11064987208275,360.22129974416555,400.6689560816975
2026-06-01T18:56:12,35,14,3500143,"ARX(2,1)",True,True,0,-168.07626834860912,360.15253669721824,400.6001930347502,1.3684501040497252,0.0485801398118357,0.6902667725321769,0.1372237780559171,0.4493120332839262,1.2679602090059048,0.1492048371724448,0.992526134781401,0.1264516228803631,0.2561513671743495,0.4810533508409478,0.1675030126059468,,-168.07626834862458,360.1525366972492,400.6001930347811
2026-06-01T19:12:24,35,15,3500153,"ARX(2,1)",True,True,0,-168.0767090966795,360.153418193359,400.60107453089097,1.3829861149404952,0.0484492269684292,0.6893642629505146,0.1359042701462343,0.4498483271074621,1.2772369994099066,0.1486009724660446,0.9931985677247004,0.1262498651804897,0.2566017470810491,0.4813232988351928,0.1669647518943825,,-168.07670909671157,360.15341819342314,400.6010745309551
2026-06-01T19:23:30,35,16,3500163,"ARX(2,1)",True,True,0,-168.08146921429494,360.1629384285899,400.61059476612184,1.3040322066099153,0.0506515922387799,0.6977078302447843,0.1376230374736443,0.4405221261761526,1.2166759918139514,0.1507601968105063,0.9624687118154428,0.1257716234219374,0.2574884124322067,0.4805553867962003,0.1680852055958199,,-168.08146921428929,360.16293842857857,400.6105947661105
2026-06-01T19:33:53,35,17,3500173,"ARX(2,1)",True,True,0,-168.09046558003848,360.18093116007697,400.6285874976089,1.3063193149241308,0.0452052371726479,0.6949883149845905,0.1364921624883481,0.4463386391036864,1.3249033953410638,0.1518765241867694,1.0388318647801116,0.122688485121065,0.2596687521304238,0.4834518582604624,0.1652100568119829,,-168.0904655771526,360.1809311543052,400.6285874918372
2026-06-01T19:51:37,35,18,3500183,"ARX(2,1)",True,True,0,-168.07611783864655,360.1522356772931,400.59989201482506,1.3624975354927302,0.0490019453303251,0.6914962642316341,0.1365090618862373,0.4464174884005419,1.2665379855890937,0.1492102773077669,0.986968191060853,0.1263783099325165,0.2564638900568313,0.4808402357671762,0.1675153222216671,,-168.07611783865775,360.1522356773155,400.59989201484746
2026-06-01T20:07:31,35,19,3500193,"ARX(2,1)",True,True,0,-168.07823497412744,360.1564699482549,400.60412628578683,1.3407140386931822,0.0504546904223964,0.6922837312733483,0.1369934103793929,0.4467299232318147,1.233310497783224,0.1501808922647201,0.962329694595001,0.1262594776488468,0.2568140614650377,0.4808254715499724,0.1674931752765483,,-168.0782349737988,360.1564699475976,400.6041262851296
2026-06-01T20:21:56,35,20,3500203,"ARX(2,1)",True,True,0,-168.0761623731837,360.1523247463674,400.59998108389937,1.3530964232094955,0.0490611763087711,0.6918592659191516,0.1361886419925296,0.4473493357207152,1.2607007234141574,0.1495718122261668,0.9833090278095912,0.1264558809889617,0.2570842333183631,0.4803888210360635,0.1673152487943842,,-168.07616238043173,360.15232476086345,400.5999810983954
2026-06-01T20:34:41,35,21,3500213,"ARX(2,1)",True,True,0,-169.4109875142367,362.8219750284734,403.26963136600534,1.2392533399579533,0.0559005373857203,0.7136153943191361,0.1483111514875742,0.4613001270851511,0.6725024802513632,0.1505693804825494,0.918879135421593,0.0985941467032048,0.305932737284826,0.5159872006509963,0.1408400245488794,,-169.41098751411462,362.8219750282293,403.2696313657612
2026-06-01T20:47:24,35,22,3500223,"ARX(2,1)",True,True,0,-168.07635535984073,360.15271071968147,400.6003670572134,1.3753444568333848,0.0490497987409216,0.6913535886966365,0.1372346628530042,0.4467298086167782,1.2542914308933186,0.1485494106726775,0.982839617353922,0.1267377122200247,0.2562427883764347,0.4808819387199381,0.1675791459370511,,-168.07635535998946,360.1527107199789,400.6003670575109
2026-06-01T21:32:02,35,24,3500243,"ARX(2,1)",True,True,0,-168.0760351449564,360.1520702899128,400.59972662744474,1.3582169812496043,0.0490401590053359,0.6918810003763842,0.1364832346817203,0.4467345083638034,1.2591063916573522,0.1493295838864733,0.9853850206643172,0.1264058544278223,0.2566845238247066,0.4808920271235367,0.1673339138312959,,-168.07603514493815,360.15207028987635,400.5997266274083
2026-06-01T21:37:48,35,25,3500253,"ARX(2,1)",True,True,0,-168.07622530657156,360.1524506131431,400.60010695067507,1.347922132363846,0.0492521000171128,0.6929610484153618,0.136993968995942,0.4452104465535164,1.2548529501128076,0.1495595453491889,0.9821062231137208,0.1261458847035917,0.256648054419496,0.4810569997352215,0.1675089478308585,,-168.0762253063201,360.1524506126402,400.6001069501722
2026-06-01T21:46:48,35,26,3500263,"ARX(2,1)",True,True,0,-168.07656081759143,360.15312163518286,400.6007779727148,1.3383147928124697,0.0488976940060706,0.693515513461357,0.1361436561239798,0.4451298688205174,1.2678552614896643,0.1499033735948195,0.9851643023863546,0.1259019749587412,0.256546632431577,0.4811347155977069,0.1675455806504209,,-168.0765608174973,360.1531216349946,400.60077797252654
2026-06-01T21:57:16,35,27,3500273,"ARX(2,1)",True,True,0,-169.38171025847012,362.76342051694024,403.2110768544722,4.516627411559507,0.0385835609378931,0.5731658424345842,0.1212782606892769,0.60389098323852,1.3881861156202535,0.0998294868600582,1.00863099837536,0.1322068132755439,0.2457601279109046,0.502053796470983,0.1558604715422944,,-169.38171026020595,362.7634205204119,403.2110768579439
2026-06-01T22:09:01,35,28,3500283,"ARX(2,1)",True,True,0,-169.13516926669652,362.27033853339304,402.717994870925,3.275506989168015,0.0542538921320837,0.5737175417078655,0.1819114514424147,0.6014014281068085,0.8514884389762631,0.1184300635279378,0.8714443544036284,0.1472049681559525,0.2541310165670628,0.4882588301128631,0.1536753791705315,,-169.13516926677903,362.27033853355806,402.71799487109
2026-06-01T22:19:16,35,29,3500293,"ARX(2,1)",True,True,0,-168.07853704313726,360.1570740862745,400.6047304238065,1.3157493090421617,0.047940683743563,0.6960091521282531,0.1368637911987757,0.4419406450063077,1.2904602094229225,0.1504225254319387,1.0047020440947652,0.1249909991268028,0.2566490534525049,0.4809835619414335,0.1680055587844116,,-168.07853704147567,360.15707408295134,400.6047304204833
2026-06-01T22:25:50,35,30,3500303,"ARX(2,1)",True,True,0,-168.0838916517105,360.167783303421,400.61543964095296,1.445255285612533,0.0488679573516238,0.6840162778456728,0.1400387251442303,0.4602752584876056,1.228856618911618,0.1464171319804211,0.9756024133003884,0.1268343408171976,0.2551839042529602,0.4853114015162836,0.1650888074114257,,-168.08389164751887,360.16778329503774,400.6154396325697
2026-06-01T22:41:19,35,31,3500313,"ARX(2,1)",True,True,0,-168.08074493807743,360.16148987615486,400.6091462136868,1.3288578313306638,0.0509293969526106,0.694048727986629,0.1393027194539196,0.4449001186795755,1.2056349505103712,0.1504665716767338,0.9593867367698472,0.1262404579652967,0.2563639955407747,0.4829978475485191,0.1669151512872164,,-168.08074494288792,360.16148988577584,400.6091462233078
2026-06-01T22:51:42,35,32,3500323,"ARX(2,1)",True,True,0,-168.07638413015474,360.1527682603095,400.6004245978414,1.3645490506116402,0.048360435530629,0.6912018559861521,0.1359865930691193,0.4474007430543925,1.2784337688597684,0.1491146539761295,0.9956069738247192,0.1262170467092739,0.2566281282231418,0.4807267927010284,0.1674604714800078,,-168.07638413018006,360.1527682603601,400.6004245978921
2026-06-01T23:13:36,35,34,3500343,"ARX(2,1)",True,True,0,-168.07867099895276,360.1573419979055,400.6049983354375,1.3416500353326437,0.0504804304117881,0.6940899827470105,0.1378162581414624,0.4433783104632917,1.2177513502074466,0.1497545543207168,0.964976162062714,0.1269502471018377,0.2566643444491125,0.4816310344130381,0.1668014848419884,,-168.0786707026494,360.1573414052988,400.60499774283073
2026-06-01T23:29:59,35,35,3500353,"ARX(2,1)",True,True,0,-168.08196080449687,360.16392160899375,400.6115779465257,1.4249950475816966,0.0477724942114983,0.686988810992383,0.1364552295974987,0.4497899768229322,1.2542172555842117,0.1477871657196774,1.0008224421976586,0.1304347341765768,0.2555354895648339,0.4798647134852355,0.1662877973557899,,-168.08196080459382,360.16392160918764,400.6115779467196
2026-06-01T23:37:27,35,36,3500363,"ARX(2,1)",True,True,0,-168.08046989806013,360.16093979612026,400.6085961336522,1.408749086518429,0.0493110912005387,0.6877028627715668,0.1410683228301059,0.4534639265840729,1.2147360590321712,0.1477698593441151,0.9752011847654944,0.128383894615313,0.2563700721324949,0.4803364831788447,0.1670131608582513,,-168.08046989823026,360.1609397964605,400.6085961339925
2026-06-01T23:50:53,35,37,3500373,"ARX(2,1)",True,True,0,-168.07759732010913,360.15519464021827,400.6028509777502,1.316893238768323,0.0489356932050373,0.6958663100086027,0.1369915441049243,0.4421618329177535,1.259569973268419,0.1503800095822945,0.98456829504621,0.125385009244402,0.2569532607679595,0.480989910230468,0.1678965014611919,,-168.07759732210485,360.1551946442097,400.60285098174165
2026-06-02T00:01:00,35,38,3500383,"ARX(2,1)",True,True,0,-168.07636702573626,360.1527340514725,400.6003903890045,1.38197183728993,0.0489202314559835,0.6895252490286937,0.1363444881059943,0.4496770191076289,1.2627501631234908,0.1487010327634125,0.9854404731262736,0.1270324349429866,0.256998624574059,0.4800408505536184,0.1672114814152978,,-168.076367025783,360.152734051566,400.6003903890979
2026-06-02T00:15:32,35,39,3500393,"ARX(2,1)",True,True,0,-168.076589377414,360.153178754828,400.60083509235994,1.3894863612625925,0.0490027032774797,0.688689338028364,0.1365994600790885,0.4508274915950783,1.258396744761238,0.1485360477278467,0.9851735966628894,0.1270512201227051,0.2565492824695031,0.4810148022810259,0.1668582617946958,,-168.07658937745413,360.15317875490825,400.6008350924402
2026-06-02T00:36:44,35,40,3500403,"ARX(2,1)",True,True,0,-168.11415336952243,360.22830673904485,400.6759630765768,1.5061640007921624,0.0463640518718129,0.6766994281320375,0.1259484316067621,0.4651774222460558,1.4039848241680426,0.1452335566056257,1.0305494764386984,0.1257740982758186,0.2566629592576738,0.4826795931801888,0.16400573569014,,-168.11415333088203,360.22830666176407,400.675962999296
2026-06-01T16:42:06,36,3,3600033,"ARX(2,1)",True,True,0,-168.07747536235726,360.1549507247145,400.6026070622465,1.3369456533452164,0.0487543341160378,0.695039457406951,0.1370652938348748,0.4425638636168192,1.2703400611848188,0.1494170682258651,0.9913864197892044,0.1253399186537809,0.2573877430048241,0.4774185279235384,0.1701536235475465,,-168.0774753623382,360.1549507246764,400.60260706220834
2026-06-01T16:58:14,36,4,3600043,"ARX(2,1)",True,True,0,-168.07605832088765,360.1521166417753,400.59977297930726,1.3541653910861002,0.0488703249925968,0.692263800319937,0.1367397632366728,0.4462870063990458,1.2625285150162422,0.1494269111195133,0.98742249915155,0.1262631431984616,0.2566366837515052,0.481096685433328,0.1672941718345142,,-168.0760583208736,360.1521166417472,400.5997729792791
2026-06-01T17:10:39,36,5,3600053,"ARX(2,1)",True,True,0,-168.0760785649736,360.1521571299472,400.5998134674792,1.362755545566319,0.0490969990180054,0.691955060194966,0.1362414484090101,0.4461082734020029,1.2609753609635923,0.1490019120230287,0.9842633860821536,0.1264409615127473,0.2570086846053708,0.4803935487504866,0.1673547080725438,,-168.0760785649737,360.1521571299474,400.59981346747935
2026-06-01T17:16:42,36,6,3600063,"ARX(2,1)",True,True,0,-168.07607417222533,360.15214834445067,400.5998046819826,1.3538882354897783,0.0488230591126152,0.6922872063239086,0.1364264130025347,0.4461100288394496,1.264735643159951,0.1494711624960916,0.9882376296541958,0.1262635485150144,0.2567507247086916,0.4811001220799969,0.1671842430663811,,-168.07607417219646,360.1521483443929,400.59980468192487
2026-06-01T17:33:19,36,7,3600073,"ARX(2,1)",True,True,0,-168.08123764515267,360.16247529030534,400.6101316278373,1.39831493254695,0.0476116516077395,0.6897136154733388,0.1328787734271072,0.4477684026193032,1.3166288397858297,0.1474975393473926,1.0144658172946242,0.1255369619734155,0.2558831267616329,0.4821789995107087,0.1670961201737541,,-168.08123764429425,360.1624752885885,400.6101316261205
2026-06-01T17:46:05,36,8,3600083,"ARX(2,1)",True,True,0,-168.07718871283632,360.15437742567264,400.6020337632046,1.393831820619646,0.0484579203292466,0.6872512633287917,0.1352643191239247,0.4531166529763719,1.2725031030400435,0.1487388801152582,0.9924501049856366,0.127417351653908,0.2561041275580484,0.4811415914163625,0.1667019970696656,,-168.07718871281764,360.1543774256353,400.6020337631672
2026-06-01T17:57:09,36,9,3600093,"ARX(2,1)",True,True,0,-168.07608119070412,360.15216238140823,400.5998187189402,1.3645177777656032,0.0487442346538209,0.6910772736786693,0.1365241102302929,0.4478449068925796,1.2662494963791455,0.1491908562327311,0.9891358101515172,0.1262783406650982,0.2566118407272511,0.4815066973372477,0.1669204030303551,,-168.07608119069334,360.1521623813867,400.5998187189186
2026-06-01T18:06:57,36,10,3600103,"ARX(2,1)",True,True,0,-168.07610356547315,360.1522071309463,400.59986346847825,1.3536197017552585,0.0488734545338011,0.6923384434924845,0.1374447585208115,0.445918099452958,1.2613965662527236,0.1495170204243957,0.9879608103314406,0.1264339630592709,0.2566597407491773,0.4804925294515859,0.16759076656768,,-168.076103565499,360.152207130998,400.59986346853
2026-06-01T18:15:27,36,11,3600113,"ARX(2,1)",True,True,0,-168.19738871828304,360.3947774365661,400.842433774098,1.6822380128203702,0.0518171641099553,0.6387863157539941,0.1409889618703143,0.5265956335563414,1.1610994749192554,0.1476300236270205,0.9078910700954372,0.1404067880500391,0.2450785903080286,0.479633352355816,0.1676452281032247,,-168.19738868774894,360.3947773754979,400.8424337130298
2026-06-01T18:24:56,36,12,3600123,"ARX(2,1)",True,True,0,-168.07612131746498,360.15224263492996,400.5998989724619,1.3580474098949795,0.049275264188823,0.6921381960009362,0.1366345602453532,0.4463618352735181,1.2574837822092089,0.1491574917626879,0.9821380261817644,0.1265878389312942,0.2567601857068552,0.480551380092667,0.1674543634356938,,-168.07612131519917,360.1522426303983,400.59989896793024
2026-06-01T18:38:45,36,13,3600133,"ARX(2,1)",True,True,0,-168.07634691921078,360.15269383842156,400.6003501759535,1.3795106793440062,0.0491919460579493,0.6903964013527423,0.1362431571702832,0.4484891070984509,1.2554837009829911,0.1485371698173394,0.9827113315747612,0.1265439115384564,0.2566617407042704,0.4816373436080826,0.1666528769118958,,-168.07634691848634,360.1526938369727,400.6003501745046
2026-06-01T18:59:21,36,14,3600143,"ARX(2,1)",True,True,0,-168.07784604098384,360.1556920819677,400.60334841949964,1.39459563655461,0.0483120145969112,0.6874670214059894,0.1383394477545391,0.4529873600507331,1.2516959415641693,0.1490061827056832,0.9926254199306108,0.1279019350843352,0.257027971165839,0.480309252003899,0.166312421650371,,-168.07784603475795,360.1556920695159,400.6033484070479
2026-06-01T19:10:33,36,15,3600153,"ARX(2,1)",True,True,0,-168.07873835221005,360.1574767044201,400.60513304195206,1.3117796087643043,0.0482135420462794,0.6973290886080314,0.1368187877638379,0.4403414393157463,1.2810377394921713,0.1501492685787864,0.9915056354779757,0.1256579859257146,0.2583278659462044,0.477358855971521,0.169376986036049,,-168.07873835224353,360.15747670448707,400.605133042019
2026-06-01T19:20:11,36,16,3600163,"ARX(2,1)",True,True,0,-168.08100176213205,360.1620035242641,400.60965986179605,1.4282330659488296,0.0479239683463422,0.6849590936572238,0.1354011256185222,0.455718937121504,1.2952032407828766,0.1472168281157818,0.9976113321811688,0.1279982790178625,0.2566201658929279,0.4789969976375227,0.1671570955536873,,-168.0810017620635,360.16200352412693,400.6096598616589
2026-06-01T19:36:05,36,17,3600173,"ARX(2,1)",True,True,0,-170.23007083242055,364.4601416648411,404.90779800237306,6.386436609780964,0.031268318648572,0.5390417298513007,0.2055172809952497,0.6568348645074549,0.92034631044411,0.0907429048746879,1.015136619526681,0.1352058779431241,0.2214432825900645,0.5140735433869579,0.1767711987080546,,-170.2300708266451,364.4601416532902,404.9077979908221
2026-06-01T19:59:28,36,18,3600183,"ARX(2,1)",True,True,0,-168.07947307450758,360.15894614901515,400.6066024865471,1.3112117820632283,0.0476830269384283,0.6976976383854373,0.1408305369597219,0.4375587857930514,1.2766691390327576,0.1502275809133437,1.0028116958352902,0.1240305106281098,0.2554149878974687,0.481706289190342,0.1697067813191489,,-168.0794730734168,360.1589461468336,400.6066024843656
2026-06-01T20:09:44,36,19,3600193,"ARX(2,1)",True,True,0,-168.08507673318564,360.1701534663713,400.61780980390324,1.352491492686737,0.0463171066028415,0.6938024192738187,0.1349807491772271,0.4434189542990853,1.3534335038236696,0.1485889940185422,1.0266015968894953,0.1242494049177556,0.2566840085058108,0.4805936627237847,0.168093806705465,,-168.08507673441818,360.1701534688364,400.6178098063683
2026-06-01T20:19:14,36,20,3600203,"ARX(2,1)",True,True,0,-168.0765585423336,360.1531170846672,400.60077342219915,1.38530802734669,0.0492288514451648,0.6888452897745181,0.1372247828063537,0.4508481642688978,1.253476403464309,0.1487788968587036,0.9814178937575646,0.1269458572576434,0.2567504489895106,0.4804888222593397,0.1672166029800265,,-168.07655854206055,360.1531170841211,400.60077342165306
2026-06-01T20:31:50,36,21,3600213,"ARX(2,1)",True,True,0,-168.07886780470275,360.1577356094055,400.60539194693746,1.410701051233906,0.049104954825296,0.6871832191518622,0.1340822789319976,0.4523944519986033,1.2536323903106172,0.1475245398007021,0.9738586839418684,0.127413029467553,0.2558494302143581,0.4812430071629617,0.1670397702469232,,-168.0788678058703,360.1577356117406,400.6053919492725
2026-06-01T20:41:08,36,22,3600223,"ARX(2,1)",True,True,0,-168.07604974367734,360.1520994873547,400.59975582488664,1.356674419543966,0.0490219913938018,0.6922433593281594,0.1367350885095935,0.4462597856740481,1.2581144022459851,0.1492973062852701,0.9841475979404628,0.1264043066494286,0.2567103893974336,0.4808138810936849,0.1674728632458978,,-168.07604974368127,360.15209948736253,400.5997558248945
2026-06-01T21:05:10,36,24,3600243,"ARX(2,1)",True,True,0,-168.07744475579,360.15488951158,400.60254584911195,1.320448860414223,0.0486891697713076,0.695637244829619,0.1357996009811138,0.4419532604561159,1.2699153473166969,0.1502445513948671,0.9888714049917404,0.1254066325813448,0.2563701787041004,0.4815279712259638,0.167724121691889,,-168.07744475151878,360.1548895030376,400.6025458405695
2026-06-01T21:14:31,36,25,3600253,"ARX(2,1)",True,True,0,-168.07624282950815,360.1524856590163,400.60014199654825,1.378389222842903,0.049087664858608,0.6898978632193193,0.1366817776501549,0.449266549726387,1.257959461171151,0.1487708543760639,0.9836311545468992,0.1268544188872824,0.2565060338820118,0.4808537815132483,0.1671934081561583,,-168.07624282946676,360.1524856589336,400.6001419964655
2026-06-01T21:28:06,36,26,3600263,"ARX(2,1)",True,True,0,-168.07662051287195,360.1532410257439,400.60089736327586,1.3701402540353402,0.04969592787471,0.6898968423225472,0.1349555667052132,0.4494382242928942,1.2490628380235145,0.1492704695824595,0.9776351596730402,0.1264907088669219,0.255774923292732,0.4834296345792727,0.166114496502808,,-168.07662051318374,360.1532410263675,400.6008973638994
2026-06-01T21:46:26,36,27,3600273,"ARX(2,1)",True,True,0,-168.07652639617916,360.1530527923583,400.6007091298903,1.35461798056914,0.0482592374723006,0.6925550946838829,0.1359088593397117,0.4453885140982257,1.2790249336229207,0.1493280266409474,0.999010492396571,0.1258273884935267,0.2567230682895397,0.4811523277701878,0.1672873092419537,,-168.07652639660614,360.1530527932123,400.6007091307442
2026-06-01T22:02:17,36,28,3600283,"ARX(2,1)",True,True,0,-168.07893261189747,360.15786522379494,400.6055215613269,1.3310501102798535,0.0469906640003613,0.6939552291259306,0.1374961725229112,0.4448628171556286,1.3015175681161626,0.1500068908505417,1.01148690264822,0.1257779811042979,0.2563278780999301,0.4803135329192752,0.1678537734305449,,-168.07893261237442,360.15786522474883,400.6055215622808
2026-06-01T22:11:59,36,29,3600293,"ARX(2,1)",True,True,0,-168.07634631961037,360.15269263922073,400.6003489767527,1.360506963174411,0.0485173537576251,0.6922692544066407,0.136681559180478,0.4458745685623465,1.2722266117850858,0.1489564697664318,0.995378448576785,0.1264123370150306,0.2567071912657208,0.4798276091978278,0.1677937035031389,,-168.0763463193715,360.152692638743,400.600348976275
2026-06-01T22:20:17,36,30,3600303,"ARX(2,1)",True,True,0,-168.10853076822852,360.21706153645704,400.664717873989,1.4455824436421183,0.0462175491972934,0.682365442989373,0.1354269996282411,0.4575643166641643,1.406981800248167,0.147116853411601,1.0366140825493384,0.1247061775273647,0.2579410763631237,0.4754012698172171,0.1695792509053065,,-168.1085307682127,360.2170615364254,400.6647178739573
2026-06-01T22:26:17,36,31,3600313,"ARX(2,1)",True,True,0,-168.07613490674055,360.1522698134811,400.59992615101305,1.3586509164829468,0.0487555622002651,0.6918346266860101,0.136116398086345,0.4470624698301171,1.270229603673963,0.1492196287240335,0.98899441111236,0.1263022881844149,0.2565359764478759,0.4806938850112379,0.1675672672580658,,-168.07613490698336,360.1522698139667,400.59992615149866
2026-06-01T22:37:53,36,32,3600323,"ARX(2,1)",True,True,0,-168.09391857005534,360.1878371401107,400.6354934776426,1.3948392119529536,0.0528184465612568,0.6905256014626976,0.1404545461967063,0.4487746454202897,1.2238176942548622,0.1465943469145233,0.9258083469117464,0.1237318595115116,0.2537016338786065,0.4874790331074874,0.1668920565048181,,-168.09391857007685,360.1878371401537,400.63549347768566
2026-06-01T22:51:15,36,33,3600333,"ARX(2,1)",True,True,0,-168.077764666801,360.155529333602,400.60318567113393,1.3606308303165338,0.0501829299920954,0.6918825869020234,0.1376466909509697,0.4479119373297955,1.2230663270102362,0.1492902951167516,0.9663875824203052,0.1270830690156414,0.2569807558286941,0.4810053896716794,0.1671285420968891,,-168.0777646512285,360.155529302457,400.60318563998896
2026-06-01T23:02:27,36,34,3600343,"ARX(2,1)",True,True,0,-168.07607688294894,360.1521537658979,400.59981010342983,1.3669046510473726,0.0490725827935486,0.6912074056242934,0.137023611220188,0.4474355032903166,1.2554251539181307,0.1490582654298181,0.983479296345846,0.1266923625517808,0.2567727534966056,0.4806230306383542,0.1673442135004714,,-168.07607688281055,360.1521537656211,400.59981010315306
2026-06-01T23:19:44,36,35,3600353,"ARX(2,1)",True,True,0,-168.0760449632603,360.1520899265206,400.59974626405256,1.366832695466514,0.0488963783296958,0.6910293096973822,0.1364523028437806,0.447724786720199,1.262923563677628,0.1490918715867864,0.9868905811187836,0.1265462301274932,0.2567502260268245,0.480898402686346,0.1671249557618255,,-168.07604496328116,360.1520899265623,400.5997462640943
2026-06-01T23:30:29,36,36,3600363,"ARX(2,1)",True,True,0,-168.0767264382657,360.1534528765314,400.60110921406334,1.3776834807705156,0.0495222883383491,0.6901961256494301,0.1362313482528478,0.4500674826409035,1.2507162636015097,0.1485359899053485,0.9761665206782184,0.1267159112988326,0.256075671308109,0.4805776968116945,0.1679869908044667,,-168.0767264360817,360.1534528721634,400.6011092096954
2026-06-01T23:43:42,36,37,3600373,"ARX(2,1)",True,True,0,-168.08037610602355,360.1607522120471,400.60840854957905,1.3630733823895869,0.0478661633874974,0.6868800349896916,0.1347363330294967,0.4574472935191119,1.2908422118059069,0.150001511240218,0.9893734805876774,0.1263168735238659,0.257596718312941,0.4796581319745717,0.1666603885713887,,-168.08037609609437,360.16075219218874,400.6084085297207
2026-06-02T00:06:47,36,38,3600383,"ARX(2,1)",True,True,0,-168.0796571058999,360.1593142117998,400.6069705493318,1.3015752821494986,0.0493891701691028,0.6990146363141441,0.1378688379311563,0.4369115521776119,1.25530058717999,0.1504490428505626,0.9757766750877428,0.1259580602790824,0.2575430346590565,0.4779523978903017,0.1694041698804931,,-168.07965726368806,360.1593145273761,400.6069708649081
2026-06-02T00:27:51,36,39,3600393,"ARX(2,1)",True,True,0,-168.07895524959758,360.15791049919517,400.6055668367271,1.390723688434689,0.0475971418470728,0.6883223491033124,0.1344326653386256,0.4510406872814099,1.304808161192324,0.1484460811241527,1.0085425011642626,0.1263815711582584,0.2564707600804345,0.4806915282667466,0.167020647147614,,-168.07895524918808,360.15791049837617,400.6055668359081
2026-06-02T00:35:43,36,40,3600403,"ARX(2,1)",True,True,0,-168.07602449610658,360.15204899221317,400.5997053297451,1.36018373025967,0.048853182762974,0.6918197517922916,0.1368599034530999,0.4467215774192363,1.261316246342271,0.149236487921565,0.9875656572547632,0.1263472675386731,0.256598794466449,0.4810639432427753,0.167343544994499,,-168.07602449613137,360.15204899226273,400.5997053297947
2026-06-01T16:41:02,37,3,3700033,"ARX(2,1)",True,True,0,-168.07630076749115,360.1526015349823,400.60025787251425,1.3514813756976634,0.0493313075816488,0.6925940863514537,0.1371774331522623,0.4457488960998256,1.2477543660245536,0.1495509579914275,0.98057558137094,0.1263709991113463,0.2568211909123245,0.4810714386896466,0.1672615244053848,,-168.0763007674921,360.1526015349842,400.6002578725162
2026-06-01T16:53:05,37,4,3700043,"ARX(2,1)",True,True,0,-168.07606457238322,360.15212914476643,400.5997854822984,1.3569608483801894,0.0487132021809517,0.692162378975768,0.1371020863990767,0.4461310080038114,1.2645918405688197,0.1492872853814543,0.9880906828984496,0.1263049337768927,0.2565303291357184,0.4807272414321015,0.1677027403080151,,-168.07606457229556,360.1521291445912,400.5997854821231
2026-06-01T17:04:05,37,5,3700053,"ARX(2,1)",True,True,0,-168.1763113379025,360.352622675805,400.80027901333693,1.6440837952105511,0.0412154144715101,0.667165203977036,0.1331720006318281,0.477293392204309,1.4325945154052804,0.1411927410016774,1.1186680833778837,0.1264644866853413,0.2544074127311266,0.4820432843910452,0.1657811615487285,,-168.17631133815885,360.3526226763177,400.8002790138496
2026-06-01T17:13:16,37,6,3700063,"ARX(2,1)",True,True,0,-168.33905291654446,360.6781058330889,401.1257621706209,1.9406045657268265,0.0537464993144515,0.6065688209664628,0.1266427214415771,0.5777263063891106,1.0945150799100931,0.1446435596990914,0.9123595580804468,0.1431198102662408,0.2529235743896096,0.502303020557679,0.1391077190125479,,-168.33905288687404,360.6781057737481,401.12576211128
2026-06-01T17:21:21,37,7,3700073,"ARX(2,1)",True,True,0,-168.07626793951098,360.15253587902197,400.6001922165539,1.3511471450379793,0.0489324697338076,0.6938490490342497,0.1368170400395564,0.4436241677229171,1.2562436635930487,0.1491964835260846,0.9845868302427504,0.1265452458228517,0.2567162739779987,0.4808698256531507,0.1674495102902502,,-168.07626793954992,360.15253587909984,400.6001922166318
2026-06-01T17:33:04,37,8,3700083,"ARX(2,1)",True,True,0,-168.07974439635058,360.15948879270115,400.6071451302331,1.3319318809774243,0.0469090510682616,0.6932093605061095,0.1401664620359867,0.4466665698982884,1.299737615699486,0.1501572978984937,1.0129707443707026,0.1246531984977443,0.2562563528615939,0.4819475336353836,0.167487794418588,,-168.07974439635564,360.1594887927113,400.6071451302432
2026-06-01T17:41:51,37,9,3700093,"ARX(2,1)",True,True,0,-168.07626806854697,360.15253613709393,400.6001924746259,1.3549908652702078,0.0482920124197698,0.693026010994348,0.1370158189396929,0.4449172933817265,1.2708163086989008,0.1491319690988073,0.993773366980748,0.1263356842079458,0.256476777040046,0.480522208316171,0.1677076407775368,,-168.0762680685866,360.15253613717323,400.6001924747052
2026-06-01T17:50:28,37,10,3700103,"ARX(2,1)",True,True,0,-168.31719759336337,360.63439518672675,401.0820515242587,2.0604274366949578,0.0542905817853887,0.6450961517250918,0.1388091149064788,0.4967451938765714,1.101890899802761,0.1322257946698219,0.909456892307388,0.1374530163961083,0.2572320569239003,0.4798107593692817,0.1611494112588,,-168.31719760464318,360.6343952092864,401.0820515468183
2026-06-01T17:59:36,37,11,3700113,"ARX(2,1)",True,True,0,-168.07649663946404,360.1529932789281,400.60064961646003,1.3366816578481389,0.0487356739067453,0.6943369283920755,0.1368664152767809,0.4432337736204454,1.2671168084693305,0.1497930451996391,0.9897418674410374,0.1257462612688633,0.2567977085402853,0.4808823337933745,0.1676623550244552,,-168.07649663948928,360.15299327897856,400.6006496165105
2026-06-01T18:15:50,37,12,3700123,"ARX(2,1)",True,True,0,-168.07645466083005,360.1529093216601,400.60056565919206,1.3415113726761905,0.0486507151826994,0.6930653360901318,0.136845033389531,0.4455737918638645,1.2721815098334732,0.1498484467220334,0.9902870826675,0.1258218956510716,0.2567929160610689,0.4807519636980748,0.167625260346386,,-168.07645466075067,360.15290932150134,400.6005656590333
2026-06-01T18:42:21,37,13,3700133,"ARX(2,1)",True,True,0,-168.52735770562327,361.05471541124655,401.5023717487785,1.9389323866960733,0.0625014217816707,0.6461856543550393,0.1313229209905286,0.5107537222932433,1.3308297665326183,0.1323243136687204,0.794546154482294,0.1410761877710517,0.2702640696236476,0.4326328632780736,0.1798506638398342,,-168.52735769044514,361.0547153808903,401.50237171842224
2026-06-01T18:52:10,37,14,3700143,"ARX(2,1)",True,True,0,-168.07644918209888,360.15289836419777,400.6005547017297,1.346989601934386,0.0483266542641075,0.6930114128856959,0.1373430841519632,0.444891395728948,1.271293618346621,0.1496538359209635,0.9969189643311054,0.1261751699611848,0.2567360149155419,0.4800922241804706,0.1679025665104298,,-168.07644918099805,360.1528983619961,400.60055469952806
2026-06-01T19:02:13,37,15,3700153,"ARX(2,1)",True,True,0,-168.0816312967578,360.1632625935156,400.61091893104754,1.2778096259344576,0.0484867157140221,0.7002951902036834,0.1381687986879852,0.4357964979351709,1.265410385899653,0.1514925315515424,0.992563621810158,0.1246396312448531,0.2563077341701934,0.4808474970743679,0.1691468731517427,,-168.08163129676166,360.1632625935233,400.61091893105527
2026-06-01T19:14:24,37,16,3700163,"ARX(2,1)",True,True,0,-168.20510904579396,360.4102180915879,400.8578744291199,1.6409640631779103,0.0417873807672002,0.6576063352533205,0.1345846348690104,0.5010656881630632,1.298242000178695,0.1449529759931702,1.102322908581188,0.136485277861058,0.2648834459352069,0.4635158119276035,0.1660347556692261,,-168.20510903846133,360.41021807692266,400.8578744144546
2026-06-01T19:30:43,37,17,3700173,"ARX(2,1)",True,True,0,-168.07611283704694,360.15222567409387,400.5998820116258,1.3535878788085596,0.0489766145148597,0.6926387669433844,0.1374185701556745,0.4458095291875001,1.2558385954242963,0.1493469415926028,0.9854253399280763,0.1263173957807252,0.2567923324602552,0.4809997872158699,0.1673353567450389,,-168.0761128370367,360.1522256740734,400.59988201160536
2026-06-01T19:46:17,37,18,3700183,"ARX(2,1)",True,True,0,-168.08449322416607,360.16898644833213,400.6166427858641,1.4122617590037416,0.0463345873134381,0.6887686406354646,0.1454122381854319,0.4502317832273121,1.2670943252978064,0.1465597608129291,1.0077601561167118,0.1259577405199932,0.2548335122054757,0.4785622689788126,0.1706246228012622,,-168.08449322407336,360.1689864481467,400.61664278567866
2026-06-01T19:56:31,37,19,3700193,"ARX(2,1)",True,True,0,-174.58589356013994,373.1717871202799,413.6194434578118,0.6842890986853551,0.137788318495255,0.6910426090725476,0.6124626005208614,0.4006393673220779,0.2496047622155008,0.2201414517036926,0.5620894807763718,0.1964988809226273,0.3083125098944116,0.3688332504846039,0.1443066604110968,,-174.58589356009563,373.17178712019125,413.6194434577232
2026-06-01T20:06:37,37,20,3700203,"ARX(2,1)",True,True,0,-168.0790026823322,360.1580053646644,400.60566170219636,1.3708322152496,0.0479616241123175,0.6913282236337237,0.1413390906669932,0.448167457214743,1.257242751707592,0.1485875063340782,1.006445169132551,0.1252676755653505,0.2546371997964045,0.4835804075192044,0.168195032810272,,-168.0790026830249,360.1580053660498,400.60566170358175
2026-06-01T20:30:04,37,22,3700223,"ARX(2,1)",True,True,0,-168.0766806571197,360.1533613142394,400.6010176517714,1.3344964197288824,0.0485464400731328,0.6947078057649343,0.1369324459229332,0.4427928583554157,1.2731728802786515,0.1497748136372293,0.9922433364346812,0.125600815130431,0.2568846799734177,0.4806568017202899,0.1678465711576481,,-168.07668065707065,360.1533613141413,400.60101765167326
2026-06-01T20:51:09,37,24,3700243,"ARX(2,1)",True,True,0,-168.0771933316727,360.1543866633454,400.60204300087736,1.3398720009208471,0.0485896770737871,0.6926165676293037,0.1379797900693732,0.4460957452280785,1.2667172447419548,0.1501544118515406,0.9853434455284416,0.1271490600810478,0.2577076310493258,0.4767289202595792,0.1690897743994265,,-168.07719333162242,360.15438666324485,400.6020430007768
2026-06-01T21:05:30,37,25,3700253,"ARX(2,1)",True,True,0,-168.0776037035796,360.1552074071592,400.60286374469115,1.394072205016297,0.0496815954556584,0.6888974442091563,0.1368456117375361,0.4510494242731132,1.232962078372296,0.1482945528562791,0.973077414588264,0.1276642109214907,0.2567768442944373,0.4806010416170796,0.1669909971172375,,-168.0776037023114,360.1552074046228,400.60286374215474
2026-06-01T21:16:01,37,26,3700263,"ARX(2,1)",True,True,0,-168.07604008206812,360.15208016413624,400.5997365016682,1.3568868229003734,0.0489769026584727,0.6918847526470834,0.136724735152304,0.4469289134409046,1.2604359068048447,0.1493551820620403,0.9857699217627768,0.1263329906743715,0.2568488936954923,0.4808888050792649,0.1672382622209629,,-168.07604008206368,360.15208016412737,400.5997365016593
2026-06-01T21:34:11,37,28,3700283,"ARX(2,1)",True,True,0,-168.07642397525348,360.15284795050695,400.6005042880389,1.3457223722913478,0.0491739687775585,0.6932055520446504,0.137710976719044,0.445385157572079,1.253055322935201,0.1496929088778013,0.981033371943224,0.1267042566815413,0.2573470368309213,0.4794957588409984,0.1676634276860338,,-168.0764239752559,360.1528479505118,400.6005042880437
2026-06-01T21:42:33,37,29,3700293,"ARX(2,1)",True,True,0,-168.14153318785935,360.2830663757187,400.73072271325066,1.6344725666619866,0.0470691182531012,0.667116132202853,0.135265496752906,0.4771820012804584,1.2789989989341015,0.1416983751188503,0.9963061210618296,0.1253656127483239,0.2491287932807689,0.5029134807777669,0.1579965399219531,,-168.14153318796204,360.2830663759241,400.730722713456
2026-06-01T21:54:41,37,30,3700303,"ARX(2,1)",True,True,0,-168.0807478279734,360.1614956559468,400.60915199347875,1.4063492473351786,0.0495024694360009,0.6894768503663311,0.1394166333339853,0.4465989993981867,1.220199300698144,0.1476608651124828,0.9796163639311192,0.1281353842191933,0.2559901501842599,0.4790786997435736,0.1687754162124343,,-168.08074782614807,360.16149565229614,400.6091519898281
2026-06-01T22:01:31,37,31,3700313,"ARX(2,1)",True,True,0,-168.07632508499466,360.15265016998933,400.6003065075213,1.3432170650631483,0.0490602042551637,0.6936998389016767,0.1366947533594739,0.4443799964635537,1.261548350192239,0.1496196162461377,0.9849948218472002,0.125956514514389,0.2568182945862448,0.4803994629209516,0.1681257656972413,,-168.0763250835135,360.152650167027,400.6003065045589
2026-06-01T22:24:31,37,32,3700323,"ARX(2,1)",True,True,0,-168.08159966733513,360.16319933467025,400.6108556722022,1.4226301873484049,0.0509244590103599,0.685815742455868,0.1353438164669074,0.4545770978669705,1.21754006152874,0.1476245353449516,0.954050110577015,0.1278866878953975,0.2549625849887332,0.4838470918698909,0.1660183950682612,,-168.0815996673466,360.1631993346932,400.6108556722252
2026-06-01T22:43:06,37,33,3700333,"ARX(2,1)",True,True,0,-168.16364674829222,360.32729349658445,400.7749498341164,1.5515855575206805,0.0605000982339127,0.6614327629517954,0.1386460767854406,0.4905101468736199,1.0600800680240572,0.1481621085089455,0.8544627655737586,0.1324551720418292,0.2574503667399155,0.4852611237068389,0.1592943645113486,,-168.16364674819653,360.32729349639305,400.774949833925
2026-06-01T22:50:34,37,34,3700343,"ARX(2,1)",True,True,0,-168.07763426862823,360.15526853725646,400.6029248747884,1.395991985627934,0.0499810789444388,0.6877549799985073,0.1353482366475803,0.4516666919447837,1.2479232755384702,0.1484211209853772,0.9690712275081922,0.1277546743223613,0.2564338792819742,0.4805015953023822,0.1669467515934987,,-168.07763426850988,360.15526853701977,400.6029248745517
2026-06-01T23:04:24,37,35,3700353,"ARX(2,1)",True,True,0,-168.08203064162225,360.1640612832445,400.61171762077646,1.281627031325192,0.0482188727413594,0.6993283024078452,0.1390148799061306,0.4385266429515357,1.2590484430721218,0.1515763132519103,0.9981540865560128,0.1242394641372011,0.2562784968262724,0.4837939491791033,0.1672410426538446,,-168.0820306415693,360.1640612831386,400.61171762067056
2026-06-01T23:17:22,37,36,3700363,"ARX(2,1)",True,True,0,-168.07606254364913,360.15212508729826,400.5997814248302,1.358454466529013,0.0490208360141987,0.6916365927107162,0.1367513653521382,0.4471896817606237,1.2567721398556178,0.1494550708086953,0.9854255242996064,0.1264580413942389,0.2566515330944139,0.4812326797636533,0.1671679805320778,,-168.07606254341826,360.1521250868365,400.5997814243685
2026-06-01T23:31:24,37,37,3700373,"ARX(2,1)",True,True,0,-168.07662754648803,360.15325509297605,400.600911430508,1.3387751569533095,0.0483343703413612,0.6935684257483851,0.1368139375808885,0.4448622681808159,1.2699423686053213,0.149883721985031,0.9957737591738972,0.1258783149508175,0.2569829244856637,0.4809558589970931,0.1672988550419581,,-168.07662754697793,360.15325509395586,400.6009114314878
2026-06-01T23:41:12,37,38,3700383,"ARX(2,1)",True,True,0,-168.07605892072303,360.15211784144606,400.599774178978,1.3651477086890598,0.0490461222308495,0.6912971114557904,0.1369911937651025,0.4474560974089689,1.2556602259960885,0.1491534478632193,0.984366809002144,0.1266838334445849,0.2565995448130734,0.480972347008427,0.1672577484376372,,-168.07605892056355,360.1521178411271,400.5997741786591
2026-06-01T23:53:26,37,39,3700393,"ARX(2,1)",True,True,0,-168.07638603388506,360.1527720677701,400.60042840530207,1.3788584075432548,0.0493925199566114,0.6898003135106017,0.1367176708739826,0.4494381763825716,1.2487276983641986,0.148833205431957,0.9792862398941696,0.1270147130806485,0.2565907722535546,0.4811099634137449,0.1669562147230144,,-168.07638603384962,360.15277206769923,400.6004284052312
2026-06-01T23:58:56,37,40,3700403,"ARX(2,1)",True,True,0,-168.07606857268766,360.1521371453753,400.5997934829073,1.3660260262439792,0.0489899192073348,0.6907814039894984,0.1361740381113257,0.4480581377571401,1.2633522795971814,0.1491649028187564,0.9857383569089936,0.126406755679741,0.2566490444423661,0.4812359670483132,0.1670161093080643,,-168.07606857272742,360.15213714545484,400.5997934829868
2026-06-01T16:42:58,38,3,3800033,"ARX(2,1)",True,True,0,-168.0766740152664,360.1533480305328,400.60100436806476,1.3359182373346352,0.0489349249912455,0.6945534347609778,0.1378603288499215,0.442931388651465,1.2541987754366428,0.1498713878430523,0.9853721897276004,0.1264461339358265,0.257180808568674,0.4793675261523943,0.1681806890433085,,-168.07667401540812,360.15334803081623,400.6010043683482
2026-06-01T16:59:03,38,4,3800043,"ARX(2,1)",True,True,0,-168.07606168949522,360.15212337899044,400.5997797165224,1.3592813619654285,0.0490595295527758,0.6918050164100175,0.1369517816894236,0.4468304603474493,1.2556250582780482,0.1493087068962599,0.9846088635821462,0.1263770543404782,0.2565035903030956,0.4814822085517865,0.1671617795504221,,-168.0760616896153,360.1521233792306,400.59977971676255
2026-06-01T17:12:16,38,5,3800053,"ARX(2,1)",True,True,0,-168.07627270143263,360.15254540286526,400.6002017403972,1.349718603819855,0.0487266536431768,0.6924592381040049,0.1372826212903944,0.4463499814726507,1.2583289777517177,0.1497125636841174,0.9888276333205624,0.1267924673033545,0.2568957290467825,0.4796857249837065,0.1678471245189791,,-168.07627270141256,360.1525454028251,400.6002017403571
2026-06-01T17:19:01,38,6,3800063,"ARX(2,1)",True,True,0,-168.07724216026048,360.15448432052096,400.6021406580529,1.3257518008589309,0.0492624411900234,0.6953796238897335,0.1354226891768048,0.441654457166884,1.2689773186348492,0.1500129228348419,0.9855310641026084,0.1251363675648477,0.257783000725127,0.4807975773309772,0.1673146420124284,,-168.07724216010024,360.1544843202005,400.6021406577324
2026-06-01T17:24:23,38,7,3800073,"ARX(2,1)",True,True,0,-168.08386768647136,360.16773537294273,400.6153917104747,1.452467659994663,0.0493010249732769,0.6811408215827689,0.1356898469329376,0.4619359392132542,1.2563781991232466,0.1475307563539456,0.9905805554868856,0.1261356749486083,0.2559595269351589,0.4857914614040497,0.1637744337701158,,-168.0838676864658,360.1677353729316,400.61539171046354
2026-06-01T17:36:06,38,8,3800083,"ARX(2,1)",True,True,0,-170.0667265847103,364.1334531694206,404.58110950695254,3.932793016884303,0.0520830954398114,0.5946739128527697,0.1639375688935135,0.5565778477145014,0.6493812424784305,0.1082447429968198,0.9774141186304766,0.1212811345339699,0.2354511230927517,0.5765272609824703,0.1217306493634755,,-170.06672652919784,364.1334530583957,404.5811093959276
2026-06-01T17:52:52,38,9,3800093,"ARX(2,1)",True,True,0,-168.07608531783404,360.1521706356681,400.59982697320004,1.370279355793059,0.049068813831357,0.6906975762671566,0.13662890388664,0.4482592380661165,1.2576408502653171,0.1490113675714642,0.9840884465810594,0.126681045832417,0.2566650088164304,0.4809611309156226,0.167128291116252,,-168.07608531781966,360.1521706356393,400.5998269731713
2026-06-01T18:09:40,38,10,3800103,"ARX(2,1)",True,True,0,-168.07707724550008,360.15415449100016,400.6018108285321,1.3817203215359817,0.0499644636606018,0.6897205803913973,0.1369595042036281,0.4497679531863339,1.235500026194336,0.1487259623354438,0.9704115876699908,0.1272938809554376,0.2567299261104181,0.481025788454199,0.1669104199153581,,-168.07707724531855,360.1541544906371,400.60181082816905
2026-06-01T18:20:18,38,11,3800113,"ARX(2,1)",True,True,0,-168.07786352206818,360.15572704413637,400.6033833816683,1.333044263596028,0.0492909376538454,0.6952481107594795,0.1366240847955817,0.440652886181652,1.2578065812926986,0.1497018243081637,0.982540342559882,0.1239528594708739,0.2554577913878686,0.4847411908998486,0.1675907052340076,,-168.07786352210087,360.15572704420174,400.6033833817337
2026-06-01T18:32:43,38,12,3800123,"ARX(2,1)",True,True,0,-168.0765441579846,360.1530883159692,400.6007446535012,1.3800088497843448,0.0483953481363045,0.6899027339613351,0.1359941435975399,0.4491325136897252,1.2733100318655737,0.1486881255173099,0.9949157163627422,0.1265870382228952,0.2565224954473384,0.4812575561749102,0.1668833327767,,-168.07654415815273,360.15308831630546,400.6007446538374
2026-06-01T18:56:14,38,13,3800133,"ARX(2,1)",True,True,0,-169.8184472774896,363.6368945549792,404.0845508925112,1.3526149248318275,0.0484515812282635,0.681297120913454,0.3978138851957698,0.4683117995898246,0.1711400690643701,0.1647645066125316,1.0751058583154809,0.1381921631113723,0.2651091749377236,0.5127831506626804,0.1271012608394492,,-169.8184473444549,363.6368946889098,404.0845510264418
2026-06-01T19:03:01,38,14,3800143,"ARX(2,1)",True,True,0,-168.08404765187976,360.1680953037595,400.61575164129147,1.4600719348303306,0.0492288061903725,0.6808586429508575,0.1386055696766499,0.4620151292390895,1.2255643555576077,0.1472057785803196,0.9784108529579146,0.1288104401663796,0.2563743421233422,0.4812102412778717,0.1659217436699649,,-168.08404765186748,360.16809530373496,400.6157516412669
2026-06-01T19:37:28,38,15,3800153,"ARX(2,1)",True,True,0,-169.23107854135037,362.46215708270074,402.9098134202327,4.009174611841594,0.0400644406539749,0.5599283199077184,0.1188145921622434,0.6279153194091776,1.3751414141060172,0.1074497456296268,1.0853793445568476,0.1292170309169164,0.2407610322245024,0.515732269566452,0.1509877795812946,,-169.23107854134992,362.46215708269983,402.9098134202318
2026-06-01T19:45:49,38,16,3800163,"ARX(2,1)",True,True,0,-168.07609783839558,360.15219567679117,400.5998520143231,1.352990323108871,0.048838831045105,0.6923487548017634,0.1364151221219684,0.4461863913142326,1.2626322216513026,0.1495334809055961,0.9886233967878364,0.1264418603107814,0.2568674616398539,0.4808473218182393,0.1671938567641954,,-168.07609783840348,360.15219567680697,400.5998520143389
2026-06-01T19:58:48,38,17,3800173,"ARX(2,1)",True,True,0,-168.07608086924677,360.15216173849353,400.5998180760255,1.3592051907330736,0.0488214082577905,0.691875468183493,0.1369597470583182,0.4469263191311198,1.2572200662831057,0.1492893134219565,0.9876772568492576,0.1264470301185998,0.256515280101099,0.4812194726187691,0.1673163565118646,,-168.07608091087013,360.15216182174026,400.5998181592722
2026-06-01T20:07:39,38,18,3800183,"ARX(2,1)",True,True,0,-168.07620109922846,360.1524021984569,400.60005853598886,1.3766039718763885,0.049047535873645,0.6898957402322139,0.1365324409787904,0.4492820529282491,1.2582468216312426,0.1489002846327289,0.98459874540495,0.1269599004797241,0.2566628841507535,0.4805961783454445,0.1671789423634516,,-168.0762010999599,360.1524021999198,400.6000585374517
2026-06-01T20:17:43,38,19,3800193,"ARX(2,1)",True,True,0,-168.07635493744036,360.1527098748807,400.60036621241267,1.378815473840558,0.0486256741880541,0.6897982880133166,0.1363512659718121,0.4496741999868857,1.2668689507298752,0.148764777710488,0.9897790807598424,0.1264701759206635,0.2560865926575637,0.4818956198132213,0.166991119819404,,-168.07635493740588,360.15270987481176,400.6003662123437
2026-06-01T20:31:56,38,20,3800203,"ARX(2,1)",True,True,0,-168.08006285432776,360.1601257086555,400.6077820461875,1.3281923494388572,0.0499809338494688,0.6943341484647466,0.1402052696476368,0.444569138830047,1.2118085224434554,0.1504815642823276,0.9641910284995716,0.1269682787092955,0.2561275010817943,0.4825939847516621,0.1667942866462963,,-168.0800628561603,360.1601257123206,400.6077820498526
2026-06-01T20:43:59,38,21,3800213,"ARX(2,1)",True,True,0,-168.07607826655482,360.15215653310963,400.5998128706416,1.3678746990710802,0.0489893799437982,0.6912443629223146,0.1370639715016777,0.4473963009051998,1.2570810844016975,0.1489638644575269,0.9848515101469992,0.1264692015437722,0.2564939556714938,0.4813052952354704,0.1672153569117527,,-168.0760782665599,360.1521565331198,400.59981287065176
2026-06-01T20:54:45,38,22,3800223,"ARX(2,1)",True,True,0,-168.07791161608114,360.1558232321623,400.60347956969423,1.3804984406026044,0.0493254258914529,0.6922005856345589,0.1372840272743519,0.4468088248251424,1.2352281412462818,0.1478849281752567,0.9772549571571632,0.1278169686964416,0.2562974857253358,0.4788581956772959,0.1685697872717538,,-168.07791161523613,360.15582323047227,400.6034795680042
2026-06-01T21:03:36,38,23,3800233,"ARX(2,1)",True,True,0,-168.0767336037421,360.1534672074842,400.60112354501615,1.383508128529538,0.0493112392222383,0.6890791061979856,0.1376375437870088,0.4507332834951358,1.2439314187349864,0.1488899101804515,0.9768759329411508,0.1271970723991002,0.256520242403715,0.4813305741740278,0.1669282629208619,,-168.07673360389873,360.15346720779746,400.6011235453294
2026-06-01T21:13:19,38,24,3800243,"ARX(2,1)",True,True,0,-168.07606947581326,360.1521389516265,400.59979528915846,1.3613364925882303,0.0489157028811768,0.6914986441709667,0.1361958203414128,0.4471787821820314,1.266767624522307,0.1492324973454564,0.9866929148318652,0.1264105617469785,0.2569809939618278,0.4805260801200562,0.1672480531107615,,-168.0760694758095,360.152138951619,400.59979528915096
2026-06-01T21:25:25,38,25,3800253,"ARX(2,1)",True,True,0,-168.07632135404907,360.15264270809814,400.6002990456301,1.359633229702465,0.0495829912730255,0.6916386914547699,0.1368924525100348,0.4472552090925988,1.24760165055632,0.1493475068797525,0.976115022316855,0.1267963391162994,0.2570048727802139,0.4805152288964287,0.1672413659819998,,-168.07632135407596,360.1526427081519,400.6002990456839
2026-06-01T21:44:56,38,26,3800263,"ARX(2,1)",True,True,0,-168.1376297290169,360.2752594580338,400.72291579556577,1.494463668546461,0.0466489469652216,0.6742139675258109,0.1309640632887201,0.471282308820154,1.4504167616699708,0.1464622971091963,1.0476816650057934,0.1248432087216522,0.2514459445963081,0.4842180771802444,0.1675133582934611,,-168.13762973359678,360.2752594671936,400.7229158047255
2026-06-01T22:13:55,38,28,3800283,"ARX(2,1)",True,True,0,-168.1294781521798,360.2589563043596,400.7066126418915,1.641427722078406,0.0474807431109153,0.6679797737722916,0.1385933708142104,0.4726614187411265,1.2486012513030116,0.1424464599818851,1.0165273174824454,0.132596923857844,0.2531974428429157,0.4802329873648754,0.1659076047640614,,-168.12947815230842,360.25895630461685,400.7066126421488
2026-06-01T22:25:26,38,29,3800293,"ARX(2,1)",True,True,0,-168.07611878176974,360.1522375635395,400.5998939010714,1.3500736313134936,0.0489500362535141,0.6927698752180422,0.1364095577117306,0.4455158755393429,1.2632656197720762,0.1495066745955753,0.9860747362733832,0.1261220809934909,0.2567398866351889,0.4809674410660046,0.1674469432333718,,-168.0761187817447,360.1522375634894,400.59989390102135
2026-06-01T22:35:52,38,30,3800303,"ARX(2,1)",True,True,0,-168.07609167877908,360.15218335755816,400.5998396950901,1.366075276939551,0.0490774033627444,0.691132163757939,0.1371000990968172,0.4476228622954756,1.253709843279555,0.149150211335838,0.9835559530654736,0.1267031583054478,0.2564462306279128,0.4811117003177152,0.1672399059371119,,-168.07609167873952,360.15218335747903,400.599839695011
2026-06-01T22:50:15,38,31,3800313,"ARX(2,1)",True,True,0,-168.08553009007795,360.1710601801559,400.61871651768786,1.4742692456666104,0.0483477852339702,0.680121998388288,0.1341371402092883,0.4615329617161883,1.2713375620482432,0.1466050477617166,0.997114897668718,0.1280112670941292,0.2562099185486662,0.4835763526126157,0.164441861584333,,-168.08553008930187,360.17106017860374,400.6187165161357
2026-06-01T22:58:59,38,32,3800323,"ARX(2,1)",True,True,0,-168.1802973196072,360.3605946392144,400.80825097674636,1.5810666190048694,0.0454264318536862,0.6776887962503456,0.1181197479002743,0.4536551486950758,1.4976608175096005,0.1417981612303917,1.0726247086071703,0.1247465403519468,0.256981345574082,0.4840322228510734,0.1619261854366888,,-168.1802973142876,360.3605946285752,400.8082509661072
2026-06-01T23:12:17,38,33,3800333,"ARX(2,1)",True,True,0,-168.08576243469173,360.17152486938346,400.6191812069154,1.4790930176796884,0.0492058168486191,0.6803179737264279,0.1366594354633222,0.4619213719109076,1.2375821617553804,0.1461568492524136,0.9772937203439293,0.1291710393605729,0.2549669793064154,0.4816159273740543,0.166218585438737,,-168.08576243206394,360.1715248641279,400.61918120165984
2026-06-01T23:22:56,38,34,3800343,"ARX(2,1)",True,True,0,-168.07688209289475,360.1537641857895,400.60142052332145,1.3601433211705731,0.0482152816981492,0.6905259924767712,0.1353422928538659,0.449177794114263,1.2861675621973578,0.1494673355550764,0.9953422507094648,0.1257848174309675,0.2566934195222369,0.4816268231690269,0.1668460869626636,,-168.0768820928779,360.1537641857558,400.6014205232877
2026-06-01T23:43:43,38,36,3800363,"ARX(2,1)",True,True,0,-168.07657369220675,360.1531473844135,400.60080372194545,1.383368116969582,0.0493078884622396,0.689379614928018,0.1368909205531732,0.4499932015183484,1.248088093283438,0.1487048049347289,0.9788852923661228,0.1274132494451044,0.2570768280806446,0.4799632197420396,0.1670615635216483,,-168.07657369195016,360.1531473839003,400.6008037214322
2026-06-01T23:58:23,38,37,3800373,"ARX(2,1)",True,True,0,-168.08332186112762,360.16664372225523,400.6143000597872,1.4117773393267925,0.0507997305436398,0.683921784377305,0.1397796460833169,0.4577360033931871,1.191069750393925,0.1491369565589403,0.9571215640606366,0.129427993337263,0.2568254546945323,0.48084335642029,0.1658000144526519,,-168.08332186049088,360.16664372098177,400.6143000585137
2026-06-02T00:18:17,38,39,3800393,"ARX(2,1)",True,True,0,-168.08195337560494,360.1639067512099,400.61156308874183,1.449027490024293,0.0492836381787918,0.6816120976379662,0.1364096645779291,0.4606611292609429,1.2426279976204135,0.1473573816985671,0.973810998956567,0.1285271157043804,0.257538823743098,0.4802956353458,0.1652803500715557,,-168.08195336269392,360.16390672538785,400.6115630629198
2026-06-02T00:29:47,38,40,3800403,"ARX(2,1)",True,True,0,-168.13291826299974,360.2658365259995,400.7134928635314,1.62283212147022,0.0511721640675701,0.6677164941479686,0.1286438936998603,0.4759658410728255,1.2074572998705546,0.1433328050282318,0.9333428304115048,0.1392948632956728,0.2609984928653494,0.4716411353290933,0.1621387103501926,,-168.13291826021774,360.26583652043547,400.7134928579674
2026-06-01T16:35:19,39,3,3900033,"ARX(2,1)",True,True,0,-168.0791100470114,360.1582200940228,400.60587643155475,1.405856422483688,0.0497181424884574,0.6897356772987173,0.1377714278552963,0.446651245577934,1.2386806262251646,0.1476749879962018,0.982332924713023,0.1271924712373197,0.2569895862385858,0.4807261224981298,0.1667106589445093,,-168.07911004703814,360.1582200940763,400.6058764316082
2026-06-01T16:52:51,39,4,3900043,"ARX(2,1)",True,True,0,-168.07608223492548,360.15216446985096,400.5998208073829,1.3682573540955365,0.0491218907884529,0.6910937838707909,0.1366486071637134,0.4479046032753018,1.25667541722854,0.1489799572204231,0.983523555237408,0.1265901488431219,0.2567293340295304,0.4811869447957222,0.1670499675473525,,-168.07608223495015,360.1521644699003,400.59982080743225
2026-06-01T17:01:00,39,5,3900053,"ARX(2,1)",True,True,0,-168.0762615340111,360.1525230680222,400.6001794055542,1.3741316005075117,0.0488496837738875,0.6907400687602292,0.1373537918970517,0.4478265373485827,1.256247131752973,0.1487952653186012,0.9864236422704588,0.1268851921461888,0.2567850889798431,0.4797946222584272,0.1678895309583158,,-168.0762615338328,360.1525230676656,400.6001794051976
2026-06-01T17:09:33,39,6,3900063,"ARX(2,1)",True,True,0,-168.07602543036018,360.15205086072035,400.5997071982523,1.3599880823547954,0.0489732160709168,0.6915868006808201,0.1368047733464204,0.4471153295173537,1.2601379225735885,0.1492947285520063,0.9851891202198456,0.1263561119569739,0.2566722671404168,0.4809953560616891,0.1672861579446131,,-168.0760254279329,360.1520508558658,400.59970719339776
2026-06-01T17:17:29,39,7,3900073,"ARX(2,1)",True,True,0,-168.09979697683255,360.1995939536651,400.64725029119705,1.338197044818983,0.0439349041306315,0.6953871377674117,0.1347178358457756,0.4401932106254148,1.3833559033628955,0.1490554501987689,1.0794332795640822,0.1218425064946355,0.2551254333081868,0.485257224062243,0.1680291063894811,,-168.09979697268227,360.19959394536454,400.6472502828965
2026-06-01T17:41:28,39,8,3900083,"ARX(2,1)",True,True,0,-168.07673973811475,360.1534794762295,400.60113581376146,1.3873256156790503,0.04904799367639,0.6888972641722846,0.1355941461479992,0.4500833294257429,1.2702595116433375,0.1484806770615246,0.9858129929847806,0.1268283519880927,0.2564967036774589,0.4812380517415894,0.1666808067517163,,-168.0767397381111,360.1534794762222,400.6011358137541
2026-06-01T17:53:09,39,9,3900093,"ARX(2,1)",True,True,0,-168.08350568930734,360.1670113786147,400.61466771614664,1.2730470290004685,0.0493279253790931,0.7015330108268373,0.1363761002862039,0.4343773258121854,1.243116415938344,0.1514993488078733,0.9814119523202796,0.1260561341369388,0.258842367107802,0.4780147017118594,0.168316406181564,,-168.0835056893906,360.1670113787812,400.61466771631314
2026-06-01T18:00:50,39,10,3900103,"ARX(2,1)",True,True,0,-168.0768513411292,360.1537026822584,400.6013590197904,1.3900663915443376,0.048612040906779,0.6886183704340603,0.1355528260146593,0.4509010916245833,1.2692056880796494,0.1485399763512526,0.991723959245963,0.1267211028766156,0.2561345570314777,0.4824113924503985,0.1661820880335744,,-168.07685133929073,360.15370267858145,400.6013590161134
2026-06-01T18:12:26,39,11,3900113,"ARX(2,1)",True,True,0,-168.08560515299664,360.17121030599327,400.6188666435252,1.3397437837905837,0.0497552341360511,0.6938681363867214,0.1315376126732153,0.4429417695153176,1.2859343514990778,0.1495183652698659,0.9584153246478436,0.1284362112142519,0.2590035349745334,0.4734552963051566,0.1696098541962772,,-168.08560516388576,360.1712103277715,400.6188666653034
2026-06-01T18:17:48,39,12,3900123,"ARX(2,1)",True,True,0,-168.0767795553524,360.1535591107048,400.60121544823676,1.3338869137578695,0.0484423980030155,0.693962880501011,0.1365290109541341,0.4440761357046663,1.2665709093544553,0.1502287406707368,0.9937512426220614,0.1260036829475221,0.2569997409180827,0.4812224360837802,0.1670369784509659,,-168.0767795550588,360.1535591101176,400.6012154476496
2026-06-01T18:29:03,39,13,3900133,"ARX(2,1)",True,True,0,-168.07614007678757,360.15228015357513,400.5999364911071,1.367821209499872,0.0489203860586499,0.6911307653979297,0.1366014262089229,0.4472684864752296,1.260349486506968,0.1489165857936604,0.9856327567311038,0.1265188629381795,0.2559900837444655,0.4815294809720013,0.1672777053332447,,-168.0761400600141,360.1522801200282,400.59993645756015
2026-06-01T18:45:57,39,14,3900143,"ARX(2,1)",True,True,0,-168.07633415678265,360.1526683135653,400.60032465109725,1.369888198605539,0.0485970275393652,0.6906551571286881,0.1364175673548759,0.4483843048211358,1.2744229801320712,0.1490126077380113,0.9905614669594612,0.1266989521432918,0.2569424961644774,0.4797165227620255,0.1676401877356751,,-168.07633415622428,360.1526683124485,400.6003246499805
2026-06-01T18:57:46,39,15,3900153,"ARX(2,1)",True,True,0,-168.08442078246162,360.16884156492324,400.6164979024552,1.466740604007558,0.0499029112771627,0.6804353419725011,0.1349053987260405,0.4631439967995539,1.2485103196832723,0.1463994578597103,0.967628001784024,0.128016579169071,0.2562447356649838,0.481624667410246,0.1657856646907646,,-168.08442078252278,360.1688415650456,400.6164979025775
2026-06-01T19:08:48,39,16,3900163,"ARX(2,1)",True,True,0,-168.07611195569905,360.1522239113981,400.59988024893005,1.370913518815152,0.0489043378017503,0.6906745297047949,0.1371415741160029,0.4483984615491482,1.257880871597671,0.148939177144126,0.985488925636006,0.1266763648598385,0.256846141182782,0.4805446494890764,0.1673067343511222,,-168.07611195587413,360.15222391174825,400.5998802492802
2026-06-01T19:17:30,39,17,3900173,"ARX(2,1)",True,True,0,-168.07608380055274,360.1521676011055,400.5998239386374,1.3530922957817009,0.0490438495021726,0.6923269817331676,0.136716643674429,0.446268248074977,1.2578815296572037,0.1494747809379807,0.9846462308985828,0.1263230489046346,0.2568612404259092,0.4808401746695127,0.1673243947678526,,-168.07608380055473,360.15216760110945,400.5998239386414
2026-06-01T19:28:14,39,18,3900183,"ARX(2,1)",True,True,0,-168.07611567533536,360.1522313506707,400.59988768820267,1.35977086139229,0.0490214923267032,0.6925221355969867,0.136797961424317,0.4454318861764025,1.25993535521158,0.149041068934916,0.984547889492354,0.126103787030426,0.2566551952566439,0.4816038524784753,0.1672156782620643,,-168.0761156753562,360.1522313507124,400.59988768824434
2026-06-01T19:53:47,39,19,3900193,"ARX(2,1)",True,True,0,-168.0819608915138,360.1639217830276,400.61157812055956,1.293518488461617,0.0474505784896813,0.6966635637822075,0.1353692170307559,0.4415395895962004,1.292296704858379,0.1514484206279087,1.0115905873979631,0.1241898995195432,0.2566524120288651,0.4837143865963895,0.1661372159637269,,-168.08196089469877,360.16392178939753,400.6115781269295
2026-06-01T20:04:52,39,20,3900203,"ARX(2,1)",True,True,0,-168.1446665685779,360.2893331371558,400.73698947468773,1.3295252095401764,0.039412331283359,0.6914907237345829,0.1419040993404719,0.4481459928174239,1.4273861647510873,0.1519054292074802,1.150327083051486,0.1244975905194165,0.2489252220443179,0.4918970779581678,0.1656899516674128,,-168.14466657873191,360.28933315746383,400.7369894949958
2026-06-01T20:17:53,39,21,3900213,"ARX(2,1)",True,True,0,-168.08032609237262,360.16065218474523,400.6083085222772,1.36031205888812,0.0510265083448487,0.6913195352050757,0.1371404821561279,0.4479674462316769,1.200583949854863,0.1496263664343289,0.9558391996342612,0.1275865230358518,0.2567765489511309,0.4820546504478959,0.1663272055366067,,-168.0803260923691,360.1606521847382,400.6083085222701
2026-06-01T20:25:12,39,22,3900223,"ARX(2,1)",True,True,0,-168.07643112446542,360.15286224893083,400.6005185864628,1.359901508338983,0.0482480670264291,0.692226251979726,0.1376973294634818,0.4456328183863427,1.268379525306805,0.1491009791411281,0.9976498129038268,0.1260259078586584,0.2566529662477951,0.4804662282259532,0.1679092401813975,,-168.07643112444964,360.1528622488993,400.6005185864312
2026-06-01T20:37:23,39,23,3900233,"ARX(2,1)",True,True,0,-168.07606705023358,360.15213410046715,400.5997904379991,1.368927640556694,0.0489590893930502,0.6909328788432545,0.1368183344871448,0.4478812117710696,1.2592583664354844,0.1490174242854331,0.9858438995231016,0.1266474024804064,0.2568641243950457,0.4807193393623274,0.1671765630004264,,-168.07606705005952,360.15213410011904,400.599790437651
2026-06-01T20:56:24,39,24,3900243,"ARX(2,1)",True,True,0,-168.09206828852504,360.1841365770501,400.63179291458204,1.5163761649100431,0.0482761355926989,0.6781926050593877,0.1344341510885053,0.464120539758651,1.2622418028588969,0.1450339442839308,0.9895423007210296,0.1294265001328901,0.2552170860784237,0.4825331783610233,0.1652534459089917,,-168.09206828705317,360.18413657410633,400.6317929116383
2026-06-01T21:02:13,39,25,3900253,"ARX(2,1)",True,True,0,-168.0770310738473,360.1540621476946,400.60171848522657,1.363189759572421,0.0480174412553428,0.6919525550914063,0.1355932216432014,0.4466657680504,1.2819841576464917,0.1488764170562704,1.0019267879549851,0.1261221847546195,0.2580654414298335,0.478965363409893,0.1674812449741,,-168.0770310738639,360.1540621477278,400.60171848525977
2026-06-01T21:08:44,39,26,3900263,"ARX(2,1)",True,True,0,-168.12401598945667,360.24803197891333,400.6956883164453,1.5875878113672377,0.0474033292737272,0.6756975891978547,0.1259808815184812,0.4609680379880526,1.344644427596639,0.1420686338311857,1.0096300687910924,0.1293762195816923,0.2591397434550133,0.4732325711246644,0.1686280235099269,,-168.1240159908645,360.248031981729,400.69568831926097
2026-06-01T21:18:47,39,27,3900273,"ARX(2,1)",True,True,0,-168.07614865374245,360.1522973074849,400.59995364501685,1.3688607747103387,0.048995774857808,0.6909708173348034,0.1372122266973711,0.4479067782503083,1.2536226996170925,0.1490461318508245,0.9859369545914276,0.1266065264309349,0.2564203046899178,0.4813382453167606,0.1671798840894967,,-168.07614865377565,360.1522973075513,400.5999536450833
2026-06-01T21:29:56,39,28,3900283,"ARX(2,1)",True,True,0,-168.07612710777198,360.15225421554396,400.5999105530759,1.3536215428442908,0.0486149204970381,0.6925687568635632,0.1365119163578871,0.4456901223018266,1.2691003587323515,0.1493654258347041,0.9908192359495884,0.1261302241770227,0.2567761500036543,0.4808470622814667,0.1674197188829072,,-168.07612710773356,360.1522542154671,400.5999105529991
2026-06-01T21:40:40,39,29,3900293,"ARX(2,1)",True,True,0,-168.10651383016886,360.21302766033773,400.6606839978697,1.57046463454021,0.0480826129088493,0.6688549027868788,0.1321610411285686,0.4764501109908146,1.2919725923815086,0.1447554082354321,1.0067089790331922,0.1300536670914603,0.2569734727392492,0.4805228796463654,0.1634147083509288,,-168.10651382912445,360.2130276582489,400.66068399578086
2026-06-01T21:48:45,39,30,3900303,"ARX(2,1)",True,True,0,-168.07606575381982,360.15213150763964,400.5997878451716,1.3566827892921338,0.0491082255041392,0.6920135149171475,0.1364863842109146,0.4466933871393299,1.25875698219789,0.1493643353060808,0.983048264741488,0.1264814134937216,0.2569128731881345,0.4808410605835207,0.1671305080137201,,-168.07606575380527,360.15213150761053,400.5997878451425
2026-06-01T22:01:16,39,31,3900313,"ARX(2,1)",True,True,0,-168.08228595302347,360.16457190604694,400.6122282435789,1.4046834542506552,0.0464805022322531,0.6901357577883918,0.1396402565126719,0.4508643546027418,1.255144225711354,0.1474340913404674,0.9989257321371052,0.130038414538945,0.254060180571879,0.4775531581673533,0.1704897415391927,,-168.08228595296225,360.1645719059245,400.61222824345646
2026-06-01T22:13:14,39,32,3900323,"ARX(2,1)",True,True,0,-169.5777906388413,363.1555812776826,403.60323761521454,3.293517996693744,0.0814511472409328,0.5548928596838586,0.1175980545444795,0.6905312459679105,0.6677623617625555,0.1206819288565934,0.7256240366003918,0.1359473677262412,0.2489668796765736,0.5407445654176021,0.132545389644935,,-169.57779067416172,363.1555813483234,403.6032376858554
2026-06-01T22:30:59,39,33,3900333,"ARX(2,1)",True,True,0,-168.07725566625427,360.15451133250855,400.6021676700405,1.3286197948248415,0.0494673530526283,0.6943299679548834,0.1361406068124439,0.4439729479211556,1.2643628715246602,0.1502962038207277,0.9801223193506904,0.1262240862090296,0.2577672855101966,0.4792488951003646,0.1676211483115845,,-168.07725566625027,360.15451133250053,400.6021676700325
2026-06-01T22:39:23,39,34,3900343,"ARX(2,1)",True,True,0,-168.12211177640756,360.24422355281513,400.6918798903471,1.58151769076167,0.0470762068093756,0.6664775869237886,0.1432519795079498,0.4784440012823958,1.2464247859133355,0.145366159207032,1.0325245556011076,0.1325602950992668,0.2538252318888442,0.4767331641639031,0.1672891521691154,,-168.12211177573184,360.2442235514637,400.6918798889956
2026-06-01T22:51:12,39,35,3900353,"ARX(2,1)",True,True,0,-168.11740634925266,360.2348126985053,400.6824690360373,1.425014212288956,0.0487637189783931,0.6872674480254515,0.1394937960325728,0.4534212851205945,1.128957845617671,0.148178905211117,0.9922768573791476,0.1316397637954202,0.2544776058742058,0.4835192803881141,0.1642364912346222,,-168.11740634930862,360.23481269861725,400.6824690361492
2026-06-01T23:26:37,39,37,3900373,"ARX(2,1)",True,True,0,-168.0886267695386,360.1772535390772,400.62490987660914,1.3615314789399382,0.047578981278598,0.6893395433856816,0.147428335760393,0.451551577927854,1.2247442179317545,0.1498945626975363,1.016260998390024,0.1261894556422707,0.2525288159166749,0.4849077826062138,0.1686533684615246,,-168.0886267658952,360.1772535317904,400.6249098693223
2026-06-01T23:35:52,39,38,3900383,"ARX(2,1)",True,True,0,-168.08798144453354,360.1759628890671,400.62361922659903,1.493962549303833,0.0489448901725442,0.6788932462917768,0.1337324079251289,0.4628158146622249,1.2678622898307177,0.1458452512370509,0.9849943996333048,0.1285528318655265,0.2559674521221974,0.4832568896121785,0.1643376365532216,,-168.08798144594374,360.1759628918875,400.6236192294194
2026-06-01T23:44:43,39,39,3900393,"ARX(2,1)",True,True,0,-168.0761111409704,360.1522222819408,400.59987861947275,1.3536939373158297,0.0490148859125611,0.6924838417044307,0.1363560322114481,0.4459234231447229,1.2607938000501595,0.1493683552627625,0.9834895804882638,0.1263175530859621,0.2568925792344949,0.4803946056062856,0.167674229487237,,-168.0761111412001,360.1522222824002,400.59987861993216
2026-06-01T23:56:28,39,40,3900403,"ARX(2,1)",True,True,0,-168.0800011241588,360.1600022483176,400.60765858584955,1.3039223746089803,0.0481335523508407,0.698382453015937,0.1337457099352735,0.4377548904326903,1.291365013612116,0.1503430027977818,1.0014076876311104,0.1238076523156209,0.2569969797285139,0.4835475511712602,0.1667569580067631,,-168.08000112381356,360.1600022476271,400.6076585851591
2026-06-01T16:33:40,40,2,4000023,"ARX(2,1)",True,True,0,-168.0763368908047,360.1526737816094,400.60033011914135,1.3822291321961977,0.0490333264943839,0.6894814220165612,0.1364670594728229,0.4498371290610911,1.2581350787762495,0.1487145279126513,0.984304097529758,0.1268860351028132,0.2566461541910913,0.48110004927611,0.1668957839018325,,-168.07633689074436,360.1526737814887,400.6003301190207
2026-06-01T16:42:44,40,3,4000033,"ARX(2,1)",True,True,0,-168.14808143248302,360.29616286496605,400.743819202498,1.5136997630158435,0.0419333686708477,0.6712610472507908,0.138055106039626,0.4802360016933711,1.4114078000033037,0.1462275360585164,1.1201399939282546,0.1246516857225249,0.252306267200525,0.4890168415577833,0.1624482634765383,,-168.14808135006268,360.29616270012536,400.7438190376573
2026-06-01T16:55:18,40,4,4000043,"ARX(2,1)",True,True,0,-168.2391000498445,360.478200099689,400.92585643722094,1.5195024436196574,0.0512364122886549,0.687219831840867,0.1842041736373461,0.4588040393325736,1.0294882211367204,0.1402609971319767,0.8766701529509431,0.1267169568854122,0.2470515940882362,0.4877008872204081,0.1751074458638246,,-168.2391000498602,360.4782000997204,400.9258564372524
2026-06-01T17:05:51,40,5,4000053,"ARX(2,1)",True,True,0,-168.27396234855422,360.54792469710844,400.9955810346404,1.685169447307632,0.0484987349649195,0.6526465159164713,0.1119830231073401,0.4913559006976081,1.5344940322833285,0.1407041952310823,1.0626557936338303,0.1207888895405629,0.2547285681859785,0.4904927488768856,0.1619242846727116,,-168.273962348348,360.547924696696,400.995581034228
2026-06-01T17:15:58,40,6,4000063,"ARX(2,1)",True,True,0,-168.0762990976512,360.1525981953024,400.60025453283436,1.371499277068628,0.0494997383993526,0.690172701304934,0.136944004517167,0.4492503734403952,1.2494629556771732,0.1490450342970274,0.9780107407739668,0.1267532840969009,0.2567613292998827,0.4807666135016091,0.1671672783551128,,-168.0762990976702,360.1525981953404,400.6002545328723
2026-06-01T17:23:40,40,7,4000073,"ARX(2,1)",True,True,0,-168.07633427917483,360.15266855834966,400.6003248958816,1.3557497786031358,0.0488922533546843,0.690828614081342,0.1364870231653562,0.4483923892681487,1.2670793852344455,0.1497442263447347,0.9876307014406126,0.1258265054105471,0.2573640322742861,0.4812762694900585,0.1665554748785812,,-168.0763342793034,360.1526685586068,400.6003248961388
2026-06-01T17:34:50,40,8,4000083,"ARX(2,1)",True,True,0,-168.2953992318707,360.5907984637414,401.03845480127336,1.351453071727088,0.0561552546577241,0.6784761314149725,0.1934795552985424,0.4698248995592311,0.9601435936329112,0.1542130240497957,0.8567851725854091,0.1395790813728931,0.2686696662899214,0.4520879110842646,0.1701033080042548,,-168.295399155105,360.59079831021,401.038454647742
2026-06-01T17:40:34,40,9,4000093,"ARX(2,1)",True,True,0,-168.08262019176192,360.16524038352384,400.6128967210558,1.4580948838914736,0.0497191081879688,0.6821818879729026,0.1349141739738746,0.4590200041859782,1.2566398813638269,0.1466697278613546,0.9751179193671756,0.1279184154174326,0.255906144310596,0.4822410224139939,0.1658120769798719,,-168.08262019199944,360.1652403839989,400.6128967215308
2026-06-01T17:52:36,40,10,4000103,"ARX(2,1)",True,True,0,-168.0760604769584,360.1521209539168,400.59977729144873,1.3626912677846086,0.0491273530372115,0.6912808611053971,0.1368605261485055,0.4477189088041093,1.255525517621564,0.1492489732871431,0.9828497631384416,0.1266113897757791,0.2567374183688962,0.4808522504030789,0.1672230512693786,,-168.07606047692076,360.1521209538415,400.5997772913735
2026-06-01T18:01:15,40,11,4000113,"ARX(2,1)",True,True,0,-171.6363871519601,367.2727743039202,407.72043064145214,0.6736835811629903,0.0681675576354755,0.7348710385414173,0.2173464595147547,0.451981166996001,0.7969110510220807,0.1829946149475294,1.306216363541147,0.0662451701979607,0.2369035419353313,0.5785996592998306,0.1505013771906155,,-171.6363871519609,367.2727743039218,407.7204306414537
2026-06-01T18:15:54,40,12,4000123,"ARX(2,1)",True,True,0,-168.08063950885224,360.1612790177045,400.60893535523644,1.4192884478274863,0.0504397259527653,0.6870060211007122,0.1363746323655192,0.452042516104331,1.2273106682395205,0.1475400428482757,0.956820637363074,0.1281846062569689,0.2562202252274793,0.4812926017606722,0.1665471101255831,,-168.0806395086896,360.16127901737923,400.6089353549112
2026-06-01T18:26:27,40,13,4000133,"ARX(2,1)",True,True,0,-168.07653521735253,360.15307043470506,400.600726772237,1.381161995253985,0.0494736524407817,0.6895591954548858,0.1361270400027429,0.4500792631901153,1.2501198221224532,0.1486333746923215,0.9773259467133466,0.1270171474728022,0.2568625636997271,0.4803594525598649,0.1671571451693498,,-168.07653521690864,360.1530704338173,400.6007267713492
2026-06-01T18:32:10,40,14,4000143,"ARX(2,1)",True,True,0,-168.07602218066475,360.1520443613295,400.59970069886145,1.3590361470620118,0.0489527842324777,0.6917805100017943,0.1365699669963299,0.4468445109527115,1.260310151627702,0.1493081630887333,0.986130024989752,0.1264209758298224,0.2567330005281954,0.4809087373104986,0.1672761172925212,,-168.07602218075164,360.1520443615033,400.5997006990352
2026-06-01T18:41:16,40,15,4000153,"ARX(2,1)",True,True,0,-168.99357056273138,361.98714112546276,402.4347974629947,3.460490155924637,0.0458150424186481,0.576658689367286,0.1257613697011394,0.5951985392794515,1.3711136801370811,0.1123680732403761,0.9979104009524074,0.1320718516678934,0.2512088967750871,0.4920993424918996,0.1575685938594152,,-168.99357055045496,361.9871411009099,402.4347974384419
2026-06-01T19:01:42,40,16,4000163,"ARX(2,1)",True,True,0,-168.18025693345925,360.3605138669185,400.80817020445045,1.6853369630868655,0.0449230598502948,0.6563727983966996,0.1262041573222472,0.4921742825946973,1.3768077420897815,0.144565618577636,1.0054909642761962,0.1314547585834039,0.2553622163080642,0.4930315803379632,0.1549737683592078,,-168.180256908645,360.36051381729,400.80817015482194
2026-06-01T19:11:46,40,17,4000173,"ARX(2,1)",True,True,0,-168.07610432603443,360.15220865206885,400.5998649896008,1.3511738713919963,0.0489417741342426,0.692665449861928,0.1366454827952724,0.4456810087821087,1.2636364453275464,0.1494412415570416,0.9861262310037964,0.1261400191740758,0.2568045935295062,0.4806795079198265,0.1675304142871017,,-168.07610432603082,360.15220865206163,400.5998649895936
2026-06-01T19:20:04,40,18,4000183,"ARX(2,1)",True,True,0,-168.07620867448531,360.15241734897063,400.6000736865026,1.3653382300562396,0.0486760620263128,0.6908752630689781,0.1364030966421575,0.4482793813142713,1.2716046957747114,0.1491498475150666,0.9908295086106044,0.1264181669739751,0.2571050280278782,0.4799153022078726,0.1675537531281923,,-168.0762086744914,360.1524173489828,400.6000736865148
2026-06-01T19:30:36,40,19,4000193,"ARX(2,1)",True,True,0,-168.07610708624634,360.1522141724927,400.59987051002463,1.3582033337285542,0.0491466819639608,0.6920555784737912,0.1372668689255594,0.4465519875677891,1.255396842911758,0.1492475309160929,0.982403478695874,0.1261224707612753,0.2568086113274705,0.4814630838712049,0.1670649050429062,,-168.07610708624503,360.15221417249006,400.599870510022
2026-06-01T19:38:03,40,20,4000203,"ARX(2,1)",True,True,0,-168.08774880257192,360.17549760514385,400.6231539426758,1.472802619783807,0.0474349489862765,0.6808865153104305,0.1385129045900999,0.4605195713749998,1.24353549062985,0.1466342204069534,1.0049506015397325,0.1294165992421812,0.255450125565312,0.4813966316131819,0.166112435432292,,-168.08774879279662,360.17549758559323,400.6231539231252
2026-06-01T19:48:10,40,21,4000213,"ARX(2,1)",True,True,0,-168.07612548145312,360.15225096290624,400.5999073004382,1.3492707715225911,0.0489069642774747,0.6929105176135726,0.1366109979490438,0.4452184941895024,1.2622600480580128,0.1495111726059873,0.9866656027725826,0.1261567714137265,0.2568583640951638,0.4807249907713122,0.1674916532779398,,-168.07612548145408,360.15225096290817,400.5999073004401
2026-06-01T19:57:30,40,22,4000223,"ARX(2,1)",True,True,0,-168.08307709059588,360.16615418119176,400.6138105187237,1.439781504637556,0.0476508787669478,0.6837098694563056,0.1357628111660148,0.4565036167594265,1.2808783186274575,0.1473660542770734,1.009306488433498,0.1292141029474316,0.2582850981942838,0.4761929370537722,0.1670686555166485,,-168.0830770849958,360.1661541699916,400.6138105075236
2026-06-01T20:09:44,40,23,4000233,"ARX(2,1)",True,True,0,-168.0787108353456,360.1574216706912,400.60507800822313,1.351479230896951,0.0473914735281213,0.6896647116532736,0.1392229354453545,0.4507552784826737,1.284781843826109,0.150088951071658,1.0088068319046632,0.1260733968471122,0.2560650623920716,0.4815368564637386,0.1666843390632543,,-168.0787108083265,360.157421616653,400.60507795418494
2026-06-01T20:21:01,40,24,4000243,"ARX(2,1)",True,True,0,-168.0760260200821,360.1520520401642,400.5997083776962,1.3623193916161933,0.0489150280688393,0.6915702159577448,0.1367086772469851,0.4471618984462011,1.2626096135837075,0.1491640180005413,0.9859083294272272,0.1264527136466904,0.2567158899195542,0.4807269920464836,0.1673926295917378,,-168.0760260137776,360.1520520275552,400.5997083650872
2026-06-01T20:39:53,40,25,4000253,"ARX(2,1)",True,True,0,-168.0760383972414,360.1520767944828,400.59973313201476,1.3623094313608808,0.0488293257268582,0.6915064368032996,0.1369329461198797,0.4472347748623578,1.2603465084842942,0.149213067463277,0.9880738370312,0.126488411681498,0.2567119458118795,0.4809552733644899,0.1672167697464611,,-168.07603839721526,360.1520767944305,400.59973313196247
2026-06-01T20:46:20,40,26,4000263,"ARX(2,1)",True,True,0,-168.07606817607075,360.1521363521415,400.59979268967345,1.357129402199447,0.0488773638239916,0.6921975595292539,0.1370770680895079,0.446171325198996,1.2582906777098029,0.1492841906950611,0.98681850488701,0.1261974265974938,0.2566152723666977,0.4814920394141119,0.1671795778240124,,-168.07606817610915,360.1521363522183,400.5997926897503
2026-06-01T20:54:37,40,27,4000273,"ARX(2,1)",True,True,0,-168.08172006143832,360.16344012287664,400.6110964604086,1.4421724224980428,0.0482112449801761,0.6854468754714987,0.1388630990981574,0.4537341811977644,1.2547630910482603,0.1467968996369448,0.9908439675392398,0.1273769421531893,0.2546519467846683,0.4838425755062422,0.1661455869348054,,-168.08172005949567,360.16344011899133,400.6110964565233
2026-06-01T21:12:29,40,28,4000283,"ARX(2,1)",True,True,0,-168.08348724634027,360.16697449268054,400.6146308302125,1.382931696830875,0.0478763368154626,0.6946738439599582,0.1341423855334805,0.4364620166677012,1.2844712585194111,0.1474615074011994,1.0143060985641923,0.1260025701436293,0.258855330140329,0.4794394453179504,0.1665481258535827,,-168.083487056362,360.166974112724,400.614630450256
2026-06-01T21:27:06,40,29,4000293,"ARX(2,1)",True,True,0,-168.33491213149097,360.66982426298193,401.1174806005139,2.0606805374657458,0.0443345983301743,0.6486540876075826,0.1332331070431519,0.4864856069520668,1.3518695530698,0.1312311408372775,1.0648017562641825,0.1385184451842414,0.2563820739204556,0.4680712970062136,0.1661869831015025,,-168.3349121316427,360.6698242632854,401.1174806008174
2026-06-01T21:43:23,40,30,4000303,"ARX(2,1)",True,True,0,-168.07606205246975,360.1521241049395,400.59978044247146,1.3636980797791924,0.0489012352877913,0.6914125610408917,0.1362207119178366,0.4472027769737534,1.2654668578314836,0.1491539796230925,0.9868901357850046,0.1264741021598353,0.2564466048846238,0.481123329454245,0.1672979557250469,,-168.07606205248723,360.15212410497446,400.5997804425064
2026-06-01T21:55:42,40,31,4000313,"ARX(2,1)",True,True,0,-168.07631899130098,360.15263798260196,400.6002943201339,1.378979497223401,0.0492966110075345,0.6897089251933527,0.1362729884116247,0.4497290249054537,1.2528151657049875,0.1488127482014689,0.9809032007228324,0.1268260342150406,0.2566021698575957,0.4813528982508905,0.1668471473680851,,-168.07631899123123,360.15263798246247,400.6002943199944
2026-06-01T22:08:24,40,32,4000323,"ARX(2,1)",True,True,0,-168.09573188630253,360.19146377260506,400.639120110137,1.4393196827966617,0.0449696880507967,0.6822821287853217,0.1362759469410394,0.4595876120383906,1.3634037806378247,0.147450661340935,1.0536365963956769,0.1254359613867278,0.2561197993691194,0.4822864942153415,0.1662842614945155,,-168.0957318827223,360.1914637654446,400.63912010297656
2026-06-01T22:21:21,40,33,4000333,"ARX(2,1)",True,True,0,-168.0784242282217,360.1568484564434,400.60450479397537,1.3082211910094836,0.0489725659734221,0.6973036871155734,0.1372155164578011,0.4393066740067566,1.2726336504725415,0.1503918272211838,0.9880367412465776,0.1246538271668832,0.2565061939913813,0.4809396108025051,0.1686090218521329,,-168.07842422828958,360.1568484565792,400.6045047941111
2026-06-01T22:35:31,40,34,4000343,"ARX(2,1)",True,True,0,-168.13056284338464,360.2611256867693,400.70878202430123,1.508912700831589,0.0457570261602624,0.6903952466219213,0.1584789562750252,0.4488077032707308,1.231959847725985,0.1410208844339605,1.000926308376606,0.1271706766978559,0.2471770106924828,0.487287619697917,0.1724735696460906,,-168.13056284340956,360.2611256868191,400.7087820243511
2026-06-01T22:46:52,40,35,4000353,"ARX(2,1)",True,True,0,-168.27768182998113,360.55536365996227,401.0030199974942,2.035407548300806,0.0512094263587918,0.6379015039429458,0.1296196532511885,0.5130666334175947,1.2381875577947177,0.1337602054421923,0.9512226014890288,0.1351829383569441,0.255668361581182,0.4828634170554941,0.1591097000024138,,-168.2776818297097,360.5553636594194,401.00301999695137
2026-06-01T22:56:41,40,36,4000363,"ARX(2,1)",True,True,0,-168.08352474467335,360.1670494893467,400.61470582687866,1.430248646060875,0.0490575426373641,0.6890737878739815,0.1391068786120712,0.4441965985329562,1.2607295596015533,0.1465357240375152,0.987145159700581,0.1272826226794056,0.2577496116478686,0.479569648918543,0.1672869564984186,,-168.08352465865812,360.16704931731624,400.6147056548482
2026-06-01T23:05:34,40,37,4000373,"ARX(2,1)",True,True,0,-168.0992177424939,360.1984354849878,400.64609182251974,1.49429332030062,0.0468438915262756,0.6743688065548821,0.1345559200163789,0.4699657329018084,1.3134006583938318,0.1465150743793058,1.0370059010338517,0.1264701195170799,0.2524652233359314,0.485541810746849,0.1656528191217042,,-168.09921772343725,360.1984354468745,400.6460917844065
2026-06-01T23:14:29,40,38,4000383,"ARX(2,1)",True,True,0,-168.09187829590257,360.18375659180515,400.6314129293371,1.2785604189054574,0.0454829781424595,0.7019751024453939,0.1388978841745521,0.43221127029476,1.3197321636421178,0.1508307279706193,1.0538374440168408,0.1246126835125707,0.2558677773469044,0.4779377696210775,0.1710705006027588,,-168.09187829599568,360.18375659199137,400.6314129295233
2026-06-01T23:21:21,40,39,4000393,"ARX(2,1)",True,True,0,-168.08767323951304,360.1753464790261,400.623002816558,1.290367262401418,0.0514620214854818,0.6998007727283249,0.1401791481700885,0.4366131800311753,1.1851317217364918,0.1512861283363849,0.9499320423129228,0.1272870846881784,0.2574347938426734,0.4798212238339553,0.1679018117926193,,-168.08767323943425,360.1753464788685,400.62300281640046
2026-06-01T23:31:33,40,40,4000403,"ARX(2,1)",True,True,0,-168.56093887372253,361.12187774744507,401.569534084977,2.576467840188228,0.0534050506278758,0.6136577314472813,0.1123630189033003,0.5521798074517597,1.2327015681362763,0.1226057296444231,0.9476514606619706,0.1373870813181195,0.2541656383241706,0.4889478922493298,0.1548567335836648,,-168.56093886590796,361.1218777318159,401.5695340693479
2026-06-01T16:30:49,41,2,4100023,"ARX(2,1)",True,True,0,-168.07623913307287,360.15247826614575,400.6001346036777,1.3442739792588243,0.048816250732748,0.6934847749893371,0.1369355494189034,0.4446595285036018,1.2617167157293516,0.1496091824029661,0.988114215587814,0.1260770817368755,0.2567449030272908,0.4808101732827394,0.1675870087880621,,-168.07623913595714,360.1524782719143,400.60013460944623
2026-06-01T16:39:17,41,3,4100033,"ARX(2,1)",True,True,0,-169.07925661406486,362.1585132281297,402.6061695656617,3.5357431879501666,0.0523940746052121,0.5786410064033675,0.1161539412821163,0.5977210788928893,1.307446230290866,0.1115854221579288,0.8619630565687757,0.1372136494273588,0.2616644985749972,0.4786029150704168,0.1580174455501308,,-169.0792565947133,362.1585131894266,402.6061695269586
2026-06-01T17:10:29,41,5,4100053,"ARX(2,1)",True,True,0,-168.07620088725076,360.1524017745015,400.6000581120335,1.362322897259979,0.0489228552153717,0.690692157269972,0.1357986899744298,0.4492741041623173,1.2664704835303453,0.1493579696288343,0.9865672227513208,0.1261852093886419,0.2565857579578254,0.4815381632187305,0.1669208413785953,,-168.0762008870218,360.1524017740436,400.6000581115756
2026-06-01T17:23:36,41,6,4100063,"ARX(2,1)",True,True,0,-168.07608773440916,360.1521754688183,400.59983180635027,1.3630412985974774,0.048768722346451,0.6921004819807682,0.1364490225788883,0.4458223557042922,1.2636181899267307,0.1490450631647643,0.9883728179521596,0.1264169331982894,0.256691174015106,0.4808675664467713,0.167312399813363,,-168.07608773446378,360.1521754689276,400.5998318064595
2026-06-01T17:31:23,41,7,4100073,"ARX(2,1)",True,True,0,-168.07617721678255,360.1523544335651,400.60001077109706,1.3694426669754851,0.0491075822200621,0.6908111531195015,0.1355675901726065,0.4484901507716476,1.2607614796594728,0.1489354292407036,0.9863037317706574,0.1262715015800711,0.2563639681917898,0.4820113186348985,0.1667073574016943,,-168.076177220691,360.152354441382,400.60001077891394
2026-06-01T17:40:51,41,8,4100083,"ARX(2,1)",True,True,0,-168.10948667253894,360.21897334507787,400.6666296826098,1.3887608780863354,0.0443583424472761,0.6937215965034695,0.1302231746346827,0.4355725566294063,1.414059473986229,0.1471118314646437,1.0770886185830897,0.1256448581225539,0.2586878890033274,0.4740500359913633,0.16930175597909,,-168.10948666940027,360.21897333880054,400.6666296763325
2026-06-01T17:49:46,41,9,4100093,"ARX(2,1)",True,True,0,-168.07616569840656,360.1523313968131,400.59998773434506,1.3598769966090103,0.0493028542954962,0.6916630248195399,0.1366311434284486,0.4470523065561355,1.2509867395039531,0.1493319637440228,0.9795875001914156,0.126789004497726,0.2568402213591539,0.4806610018251429,0.1672332169965501,,-168.07616569829958,360.15233139659915,400.5999877341311
2026-06-01T17:58:38,41,10,4100103,"ARX(2,1)",True,True,0,-168.07619663393933,360.15239326787867,400.6000496054106,1.3635201239122023,0.0485012149511065,0.6912326235076615,0.1371296361490203,0.4473990514254273,1.269235430685785,0.1492264230115367,0.9936702435058938,0.1263144371745687,0.2563236157984055,0.4811657867526873,0.167282971290073,,-168.07619663388786,360.1523932677757,400.6000496053077
2026-06-01T18:09:24,41,11,4100113,"ARX(2,1)",True,True,0,-168.07608278915197,360.15216557830394,400.5998219158359,1.3572292785383993,0.0487572235008438,0.6918623452696241,0.1373282087103691,0.4467505043791292,1.259653861720758,0.1494174221870683,0.988492504054276,0.1266149350243677,0.2564413306844664,0.4806397258726074,0.1675936993383204,,-168.07608278915518,360.1521655783104,400.5998219158423
2026-06-01T18:20:56,41,12,4100123,"ARX(2,1)",True,True,0,-168.07610947213422,360.15221894426844,400.5998752818004,1.3508058296923544,0.0488604679042767,0.6927838436433732,0.1366464063960583,0.445342085500692,1.264361509668222,0.1494657633867308,0.9870055622376018,0.1262528868045996,0.2567376471342544,0.4806612719257523,0.1675686558434573,,-168.07610947214238,360.15221894428475,400.5998752818167
2026-06-01T18:34:14,41,13,4100133,"ARX(2,1)",True,True,0,-168.07706723482826,360.1541344696565,400.6017908071885,1.3290071541496693,0.0494149004816222,0.6954811759952676,0.136243778135206,0.441743457665896,1.2602139302676592,0.149855944748576,0.979279856812168,0.1255283567226031,0.257032782829398,0.4810109014657465,0.167691042288766,,-168.07706723256234,360.1541344651247,400.60179080265664
2026-06-01T18:44:34,41,14,4100143,"ARX(2,1)",True,True,0,-168.07605874001206,360.1521174800241,400.59977381755607,1.357653128624284,0.0491157138272811,0.6919938763590897,0.1368643227910821,0.4464335107006774,1.2594123507624146,0.1493094674339312,0.9837092335760323,0.126392004087813,0.2565385528955573,0.4808083755063932,0.1675172963573198,,-168.0760587405616,360.1521174811232,400.5997738186552
2026-06-01T19:02:22,41,15,4100153,"ARX(2,1)",True,True,0,-168.14692607350298,360.29385214700596,400.7415084845379,1.2125045229159566,0.0521358732452579,0.7071770157217544,0.1441842918155741,0.4173698908117346,1.1092853508828386,0.155262586862166,0.9593293558391036,0.131787138196259,0.2625689611729914,0.4719291427032035,0.166839742354665,,-168.1469259747848,360.2938519495696,400.7415082871016
2026-06-01T19:11:59,41,16,4100163,"ARX(2,1)",True,True,0,-168.13227241826678,360.26454483653356,400.7122011740655,1.6685217618400223,0.0489008245749385,0.6604281160680335,0.1301483472570102,0.4881421309269309,1.2796981740167694,0.1426661884672348,0.9847172968894172,0.1317510944022979,0.2570181492130109,0.4812713985066345,0.1616372188589888,,-168.13227241723746,360.2645448344749,400.71220117200687
2026-06-01T19:39:22,41,17,4100173,"ARX(2,1)",True,True,0,-168.0765059735096,360.1530119470192,400.60066828455115,1.3470451637215766,0.0495829817804379,0.6932354458269567,0.1362879257005204,0.4450970346333286,1.2505963097692063,0.1495174227954726,0.9759656462826862,0.1262520512183213,0.2566835380601287,0.4809043161155992,0.1675235282426944,,-168.07650597349192,360.15301194698384,400.6006682845158
2026-06-01T19:57:45,41,18,4100183,"ARX(2,1)",True,True,0,-168.07638681909904,360.1527736381981,400.60042997573004,1.366969700757131,0.0485178139659462,0.6908929959316454,0.1359573795640041,0.4478150547649585,1.2781969710245102,0.1490476223070883,0.9928509350899516,0.1261508748657177,0.2571515011347655,0.4806295217164747,0.1670815674901501,,-168.07638681891618,360.15277363783235,400.6004299753643
2026-06-01T20:12:36,41,19,4100193,"ARX(2,1)",True,True,0,-168.07615572377756,360.1523114475551,400.5999677850871,1.3690378983209708,0.0491845607627634,0.6905082496312506,0.1372992607967006,0.4487051030222683,1.2542020437897388,0.1491295219264026,0.981841830924464,0.1267004812703882,0.2569239072015942,0.4810328271835304,0.1668535030256211,,-168.07615572384216,360.1523114476843,400.5999677852163
2026-06-01T20:20:52,41,20,4100203,"ARX(2,1)",True,True,0,-168.07668540600145,360.1533708120029,400.60102714953484,1.3791118191684593,0.0490503282973896,0.6902832027736047,0.1390464784305816,0.4480948758690719,1.2459460126339623,0.1486910849729187,0.9803484406388842,0.1269176998499216,0.2560232032552048,0.48120334362101,0.1674985718021427,,-168.07668540754736,360.1533708150947,400.6010271526266
2026-06-01T20:28:37,41,21,4100213,"ARX(2,1)",True,True,0,-168.0782825329656,360.1565650659312,400.60422140346316,1.3274857238340851,0.0483920965821459,0.6946370433846296,0.1379044684395025,0.4430287656057418,1.2594971914626891,0.1502650919352682,0.987634547205295,0.1271100965250543,0.2576645745231157,0.4755718651160727,0.1696781011274747,,-168.0782825279921,360.1565650559842,400.6042213935161
2026-06-01T20:38:20,41,22,4100223,"ARX(2,1)",True,True,0,-168.07602728144192,360.15205456288385,400.5997109004158,1.3587957820849794,0.0490400341242992,0.6918181204592023,0.1365329752907579,0.4466815692578502,1.2604498614239437,0.1493317557792324,0.9853005225202918,0.1264513074332252,0.2567744423875281,0.4808201795281397,0.1672479880198896,,-168.07602728064438,360.1520545612888,400.5997108988207
2026-06-01T20:49:47,41,23,4100233,"ARX(2,1)",True,True,0,-168.08757742766795,360.1751548553359,400.62281119286786,1.4828148991928798,0.0476247705053495,0.6784696281549843,0.1373465487633268,0.4636621684858673,1.2799450325306982,0.1465433480732391,1.005665953944146,0.1286337062428587,0.2555260489261418,0.4805002668489316,0.1664375511555608,,-168.08757742329408,360.17515484658816,400.6228111841201
2026-06-01T21:05:23,41,24,4100243,"ARX(2,1)",True,True,0,-168.07881853272676,360.1576370654535,400.60529340298547,1.3320727415728637,0.0497055601908075,0.6940619186282057,0.1393105653977348,0.44487320562314,1.21934222961128,0.1504397671198109,0.9718884608332404,0.1269335362594739,0.256387417953913,0.4814749925702702,0.1675082032571991,,-168.07881853271527,360.1576370654305,400.6052934029625
2026-06-01T21:27:42,41,25,4100253,"ARX(2,1)",True,True,0,-168.0873049665055,360.174609933011,400.622266270543,1.4451871510159795,0.046666826868191,0.6828973314554184,0.1323499370952338,0.4587442166925505,1.3276980607697764,0.1470563188286908,1.0237473486541808,0.1279750562186772,0.2553875660408977,0.4805406744859229,0.1666357152665827,,-168.0873049668506,360.1746099337012,400.6222662712332
2026-06-01T21:40:50,41,26,4100263,"ARX(2,1)",True,True,0,-168.12590822578255,360.2518164515651,400.69947278909706,1.4163856238177313,0.0557515759716434,0.6772822324941423,0.1389560819794989,0.4596882143199127,1.112275822568801,0.1521721048629195,0.8932147937640847,0.1386846308030343,0.2550626656481516,0.4784151090938707,0.1626537912969449,,-168.12590821987197,360.25181643974395,400.6994727772759
2026-06-01T21:53:51,41,27,4100273,"ARX(2,1)",True,True,0,-168.07709717809547,360.15419435619094,400.6018506937229,1.3789321900977465,0.048157038926617,0.6892239549876171,0.1358589527302528,0.4506061483211729,1.286429392385881,0.1487890809197661,0.9969300490014792,0.1265185688890446,0.2568590848509332,0.4797686083007203,0.1676501196750115,,-168.07709717831705,360.1541943566341,400.6018506941661
2026-06-01T22:12:17,41,28,4100283,"ARX(2,1)",True,True,0,-168.07716563147505,360.1543312629501,400.60198760048206,1.3270839977847952,0.0495061094369324,0.6951788853285852,0.1368419560953422,0.4425589786219258,1.2520389235352565,0.1500666826153767,0.977593666124138,0.1258730209869697,0.2570314192022348,0.4806199860569408,0.1677882191457901,,-168.07716563134306,360.1543312626861,400.6019876002181
2026-06-01T22:29:59,41,29,4100293,"ARX(2,1)",True,True,0,-168.07828821398948,360.15657642797896,400.6042327655109,1.3611879791771642,0.0474209647765948,0.6921659829232419,0.1361283065486057,0.4464692677391165,1.303885891122057,0.148921625505807,1.0113405825636823,0.125836088303909,0.2572289775285264,0.4792465504189595,0.1681258721600805,,-168.07828821547224,360.1565764309445,400.6042327684765
2026-06-01T22:40:32,41,30,4100303,"ARX(2,1)",True,True,0,-168.0809023602898,360.1618047205796,400.60946105811155,1.3389689784524694,0.0467695865675235,0.6945649699087325,0.1356684755794091,0.4421235523529901,1.3248399850173893,0.1495636842691808,1.0226462355536887,0.1248740426419691,0.2571615947697219,0.4795997883216814,0.1684420571247821,,-168.08090235966813,360.16180471933626,400.6094610568682
2026-06-01T22:46:29,41,31,4100313,"ARX(2,1)",True,True,0,-168.76546299530935,361.5309259906187,401.97858232815065,2.7468565858763405,0.0444798953225417,0.588745612483815,0.1108385540205387,0.5811095872924078,1.5564001518840398,0.1228304540639079,1.0713860341343249,0.1326176062974796,0.2534724266676266,0.4859448058332401,0.1553240086597067,,-168.7654629837386,361.5309259674772,401.9785823050091
2026-06-01T22:57:36,41,32,4100323,"ARX(2,1)",True,True,0,-168.09387836147448,360.18775672294896,400.6354130604809,1.4952003416264563,0.0514270182305978,0.6781120249432981,0.1393922104095872,0.46033169093783,1.2333029741677335,0.1460194424333706,0.9469779849287548,0.1301757655412469,0.2563647779655262,0.4774310517034869,0.1669686033326768,,-168.09387836146158,360.18775672292315,400.6354130604551
2026-06-01T23:31:04,41,34,4100343,"ARX(2,1)",True,True,0,-168.08466029735644,360.1693205947129,400.6169769322448,1.469712159719523,0.0484827320471528,0.6805831982160738,0.1337543412546845,0.4610685113783136,1.275880885504385,0.1465891360448771,0.995540417197285,0.1279010183930859,0.2554847882110138,0.4829595145002364,0.1652587371814122,,-168.08466028579917,360.1693205715983,400.61697690913024
2026-06-01T23:39:48,41,35,4100353,"ARX(2,1)",True,True,0,-168.07606488962585,360.1521297792517,400.59978611678366,1.3573213608711518,0.0490909069107653,0.6924124187383386,0.1364284927201116,0.4458334799510194,1.258668753857674,0.1492238630042876,0.9841443354391428,0.1262511023105453,0.2565576459370542,0.4813868848734146,0.167258775064417,,-168.07606488962858,360.1521297792572,400.5997861167891
2026-06-01T23:52:57,41,36,4100363,"ARX(2,1)",True,True,0,-168.38992175956645,360.7798435191329,401.22749985666485,2.255788688842957,0.0501844384461197,0.6139207476717614,0.132845242019669,0.5501919217207722,1.2163454186848537,0.1321539631729086,0.958507576817658,0.1393491577347175,0.2505480014664251,0.4868027400051333,0.1569585936360407,,-168.38992174191446,360.7798434838289,401.2274998213609
2026-06-02T00:01:02,41,37,4100373,"ARX(2,1)",True,True,0,-168.15259224482315,360.3051844896463,400.75284082717826,1.3461850291969155,0.0426121928265521,0.7018344901369279,0.1325851999479635,0.4186209148494625,1.4568442182599313,0.1465650358390573,1.1357426214897028,0.1214296500785945,0.2610362219330241,0.4778299225656792,0.1663905932241881,,-168.15259224484086,360.3051844896817,400.7528408272137
2026-06-02T00:13:17,41,38,4100383,"ARX(2,1)",True,True,0,-168.07687460995174,360.1537492199035,400.60140555743544,1.3956279949316297,0.0492200434489083,0.6882388256980683,0.136294529734607,0.4515222059039636,1.2563892554079277,0.148311356161556,0.9827547102074674,0.1270750563702777,0.2564636180698067,0.4812845085659123,0.1667767424621878,,-168.07687461001086,360.1537492200217,400.6014055575537
2026-06-02T00:23:13,41,39,4100393,"ARX(2,1)",True,True,0,-168.0783400118666,360.1566800237332,400.60433636126515,1.4173597453245843,0.0490392838464305,0.6856017178354964,0.1349914788280396,0.4544883786360029,1.2639062445706233,0.1480098052641678,0.985631952177651,0.1277387823001287,0.2567592654381044,0.4806777889583916,0.1664603164681106,,-168.0783400116748,360.1566800233496,400.6043363608816
2026-06-02T00:31:39,41,40,4100403,"ARX(2,1)",True,True,0,-168.33969262205653,360.67938524411306,401.127041581645,2.068572303353195,0.0440884825483649,0.6325790378563388,0.1298868046802466,0.5132185964767634,1.4258567837206972,0.133356486895862,1.0541907981571474,0.1331923910423536,0.2564423331574846,0.4764429078606955,0.1632851558674718,,-168.339692621967,360.679385243934,401.127041581466
2026-06-01T16:36:10,42,3,4200033,"ARX(2,1)",True,True,0,-168.07639041780436,360.1527808356087,400.6004371731407,1.368307541171644,0.0483977556634409,0.6905593699129735,0.1362183572061706,0.4485499718412958,1.277498221554202,0.1490647944581904,0.9938415114913706,0.1264214319373261,0.2569020190163841,0.480486476314017,0.1671218566709838,,-168.07639041785131,360.15278083570263,400.6004371732346
2026-06-01T16:51:03,42,4,4200043,"ARX(2,1)",True,True,0,-168.07855289919672,360.15710579839345,400.6047621359254,1.3115018351335308,0.047781362290516,0.6968507715574189,0.1374563884332862,0.4400808680933472,1.2835094153188729,0.1504489816516221,1.0037017724875563,0.1247841351853089,0.2568622815608487,0.4806285237501451,0.1683950534948983,,-168.07855289795364,360.1571057959073,400.6047621334392
2026-06-01T16:58:21,42,5,4200053,"ARX(2,1)",True,True,0,-168.0814937872914,360.1629875745828,400.61064391211477,1.305472591934976,0.0507483707702861,0.698320004903908,0.1375013607634486,0.4384815948701588,1.2172177180488977,0.1505077376217284,0.9598641481813964,0.125656981806381,0.2565802538446354,0.4829079890858812,0.1672010586504657,,-168.081493785473,360.16298757094603,400.610643908478
2026-06-01T17:09:06,42,6,4200063,"ARX(2,1)",True,True,0,-168.08075046323347,360.16150092646694,400.6091572639989,1.4229686315807066,0.0507498672300895,0.6857179307207697,0.1361643643693856,0.4555222581615929,1.2226893889893922,0.147461872924375,0.9582924538255346,0.1272649806096989,0.2568145025092352,0.4819839015151407,0.1663901600455861,,-168.08075046323663,360.16150092647325,400.6091572640052
2026-06-01T17:16:00,42,7,4200073,"ARX(2,1)",True,True,0,-168.07633898024608,360.15267796049216,400.6003342980241,1.3781578832833652,0.048894914799162,0.6899213972485231,0.1378487465948985,0.4489532021663854,1.2539977940545155,0.1488508406411244,0.9862911989415358,0.1269798891176176,0.2565990930375958,0.4804894608839226,0.1673899113119935,,-168.07633898089705,360.1526779617941,400.6003342993261
2026-06-01T17:34:02,42,8,4200083,"ARX(2,1)",True,True,0,-168.328843169556,360.657686339112,401.10534267664394,1.763850987931807,0.0402455021819363,0.6319976173317906,0.1523939501377315,0.5443808483841175,1.404650479591527,0.1443145201565237,1.1742365157997126,0.123481572959621,0.2493270292340555,0.4920857363576625,0.1633862583071608,,-168.32884316955145,360.6576863391029,401.1053426766349
2026-06-01T17:45:15,42,9,4200093,"ARX(2,1)",True,True,0,-168.07631089900514,360.1526217980103,400.6002781355422,1.3748509174864272,0.0486973498634055,0.6906526450604517,0.1374658197857622,0.447827774324342,1.2596191307163829,0.1487516718179293,0.9852157671032846,0.1270951060701021,0.256276272918223,0.4798097928075266,0.1681133714248721,,-168.07631089902645,360.1526217980529,400.60027813558486
2026-06-01T17:56:08,42,10,4200103,"ARX(2,1)",True,True,0,-169.62104861616726,363.2420972323345,403.68975356986647,5.406962841340253,0.0324664206669524,0.5320850890343661,0.1206399401206244,0.6811069332563315,1.4520540370262751,0.0968443678439098,1.050387988736473,0.1265620094312902,0.2364908813939028,0.5217178842597298,0.1537732858232799,,-169.62104861661365,363.2420972332273,403.6897535707593
2026-06-01T18:28:20,42,11,4200113,"ARX(2,1)",True,True,0,-168.81630912532847,361.63261825065695,402.0802745881889,1.6765443358275542,0.1105943036343294,0.6296695739163897,0.1183692268611745,0.4764319085187759,0.908704071273167,0.1509668396148792,0.6686511403290626,0.1566470358596342,0.2575805072436768,0.4787322225138292,0.1424758925049919,,-168.81630912531116,361.63261825062233,402.0802745881543
2026-06-01T18:38:08,42,12,4200123,"ARX(2,1)",True,True,0,-168.07754687518081,360.15509375036163,400.6027500878936,1.3829623531378352,0.0499807911677512,0.6896592886815617,0.1375384146977623,0.4495612484475202,1.2267509206592686,0.148742043816975,0.9705792225027337,0.1273708307684917,0.2564968443429208,0.4816213680793996,0.166641405830473,,-168.07754687503825,360.1550937500765,400.60275008760846
2026-06-01T19:00:08,42,14,4200143,"ARX(2,1)",True,True,0,-168.07610852909136,360.1522170581827,400.59987339571467,1.356597802861249,0.0492467259407712,0.692186603262929,0.1365507722662049,0.4463385366070992,1.2539223469140273,0.1493362015448229,0.982106338064508,0.1264668789487434,0.256689119387042,0.4812094313158411,0.1671963857241138,,-168.07610852906848,360.15221705813696,400.5998733956689
2026-06-01T19:21:03,42,15,4200153,"ARX(2,1)",True,True,0,-168.07644249398342,360.15288498796684,400.6005413254988,1.3512188210221616,0.0490520853519149,0.6920795666595608,0.135204986671533,0.4468027822409058,1.273268818143913,0.1494848989612398,0.9885687175804884,0.126108715151951,0.256209323064869,0.4812957826160688,0.1673373184825805,,-168.07644249311318,360.15288498622635,400.6005413237583
2026-06-01T19:33:47,42,16,4200163,"ARX(2,1)",True,True,0,-168.07655572951745,360.1531114590349,400.60076779656686,1.3437933468512606,0.048498031602484,0.6947750132706054,0.1378886511891986,0.4418513685022147,1.266978126243255,0.1493023402282689,0.9921131337418718,0.1258746163412015,0.2567841066639785,0.4799667880589588,0.1684190078430032,,-168.07655572941266,360.1531114588253,400.6007677963573
2026-06-01T19:54:34,42,17,4200173,"ARX(2,1)",True,True,0,-168.13184543497545,360.2636908699509,400.71134720748285,1.626608771059432,0.0460097606704298,0.666238220468259,0.1320529089063036,0.47956457371614,1.357743483421542,0.1426025824523072,1.0331329097983766,0.1276185533683531,0.2543339168574534,0.484079363231367,0.1641845832541534,,-168.13184543233783,360.2636908646757,400.71134720220766
2026-06-01T20:04:35,42,18,4200183,"ARX(2,1)",True,True,0,-168.0763591913132,360.1527183826264,400.60037472015836,1.344726973286014,0.0491896198607618,0.6926208215764745,0.1356258055872419,0.4456773863882723,1.261851574565685,0.1499312248849197,0.9833309205625562,0.1260962221464514,0.2569253079759139,0.4809969820040768,0.1672118800866485,,-168.07635919126287,360.15271838252573,400.6003747200577
2026-06-01T20:13:03,42,19,4200193,"ARX(2,1)",True,True,0,-168.1264405789338,360.2528811578676,400.70053749539954,1.4069791756650556,0.0542955062938516,0.694843487194188,0.1375657473211891,0.4446881263853042,1.0855217898939793,0.1458330134081777,0.8962266368265875,0.129949219118256,0.261164179426845,0.4760517650019618,0.1685419567313678,,-168.1264405789302,360.25288115786043,400.7005374953924
2026-06-01T20:24:55,42,20,4200203,"ARX(2,1)",True,True,0,-168.08075101256574,360.1615020251315,400.60915836266344,1.430722056586503,0.047823518401527,0.6850447999664421,0.1395610437750038,0.4537884897189831,1.2564002315930087,0.147517152489618,0.9984646345571316,0.1282734757335016,0.2553256960063383,0.4810428055557014,0.1672175820847242,,-168.0807510109364,360.1615020218728,400.6091583594048
2026-06-01T20:39:03,42,21,4200213,"ARX(2,1)",True,True,0,-168.0769682457625,360.153936491525,400.6015928290569,1.393837876651624,0.0493882009436421,0.6878805032955174,0.1365117602510183,0.4522264715091751,1.248300813354104,0.1485959169748825,0.9775448452547074,0.1272529247760823,0.2565020787628735,0.481743198648055,0.1663826894554701,,-168.07696824575547,360.15393649151093,400.6015928290429
2026-06-01T20:53:19,42,22,4200223,"ARX(2,1)",True,True,0,-168.0760651147933,360.1521302295866,400.59978656711854,1.3625556150403406,0.0487032519323472,0.6915699209947012,0.1362943020510864,0.4469674653973173,1.2653755245092302,0.149148206231881,0.9891120062837352,0.1266405677591866,0.2568341994668398,0.4804153287793413,0.1673310709871761,,-168.07606511480327,360.15213022960654,400.5997865671385
2026-06-01T21:03:22,42,23,4200233,"ARX(2,1)",True,True,0,-168.08636144716175,360.1727228943235,400.62037923185545,1.292443316939363,0.0460306526154841,0.7007208841498119,0.1383643087240652,0.4332321260726585,1.3170601328130993,0.1502104901240831,1.0394033310062645,0.1242324293078964,0.2570137958234016,0.4788798864939662,0.1692646095698629,,-168.08636144432216,360.1727228886444,400.6203792261763
2026-06-01T21:17:37,42,24,4200243,"ARX(2,1)",True,True,0,-168.07675564112756,360.1535112822551,400.6011676197871,1.3904652393063832,0.0492539215377864,0.6886867182510206,0.1370930547714802,0.450694480524684,1.249210301835504,0.1485620465362633,0.9817816620843683,0.1272355255786027,0.2565456453740932,0.4806739089055898,0.1671871721176286,,-168.07675564118006,360.1535112823601,400.60116761989207
2026-06-01T21:24:53,42,25,4200253,"ARX(2,1)",True,True,0,-168.07950493112298,360.15900986224597,400.6066661997779,1.3262221992827867,0.0504205225979749,0.6942188575346055,0.1355025326778417,0.44484018604911,1.2432062368197474,0.1501657345894701,0.9591890010497452,0.1252549699343924,0.2566761337047116,0.4827229124944954,0.1671173366279739,,-168.07950492911846,360.1590098582369,400.60666619576887
2026-06-01T21:31:18,42,26,4200263,"ARX(2,1)",True,True,0,-168.8458410860672,361.6916821721344,402.13933850966635,3.154291132097352,0.0496264715926356,0.5838784668491999,0.1247687224395035,0.59817321773891,1.2301356261613487,0.1163510802713129,0.9513731449269432,0.1312175839005437,0.240386928628977,0.5116376054759142,0.1544180956124893,,-168.84584108605534,361.6916821721107,402.1393385096426
2026-06-01T21:38:32,42,27,4200273,"ARX(2,1)",True,True,0,-168.07606356588872,360.15212713177743,400.5997834693094,1.3546614915115358,0.0490403980955307,0.6921709120941202,0.1363934135915393,0.4465652854954619,1.2617059422657702,0.1494159430121238,0.9850763023376744,0.1262409337860308,0.2567484553710726,0.4810697041918185,0.1672563639360135,,-168.07606356584918,360.1521271316984,400.5997834692303
2026-06-01T21:54:08,42,28,4200283,"ARX(2,1)",True,True,0,-168.0761545054902,360.1523090109804,400.59996534851234,1.3538289736625546,0.0491703419691067,0.6927651187150481,0.136773709249996,0.4454583291976219,1.257014673782329,0.1493221435249192,0.981615757940707,0.1262829758791995,0.256421566343479,0.4813510672025817,0.1674358934137398,,-168.0761545054441,360.1523090108882,400.59996534842014
2026-06-01T22:00:27,42,29,4200293,"ARX(2,1)",True,True,0,-168.08197673848898,360.16395347697795,400.6116098145099,1.4413488727223418,0.0481970352835018,0.6860004925027299,0.1367037121123276,0.4516573176127101,1.2822750991610588,0.1465724633052428,0.9990823704730722,0.1274810436111169,0.2554451699567151,0.4804564929556213,0.1677009258583147,,-168.08197673997824,360.1639534799565,400.6116098174885
2026-06-01T22:26:43,42,30,4200303,"ARX(2,1)",True,True,0,-168.09730979939832,360.19461959879663,400.6422759363286,1.4918058763573634,0.0528378962206306,0.6740473393543036,0.1345210818855858,0.4743088465119118,1.1792321968924226,0.1474098960658984,0.935026160522142,0.1303401630509175,0.2545242230704413,0.4859845695248905,0.1632944908686478,,-168.09730979520765,360.1946195904153,400.64227592794725
2026-06-01T22:39:45,42,31,4200313,"ARX(2,1)",True,True,0,-168.07606129498066,360.1521225899613,400.5997789274933,1.3594876560510591,0.0487763433730971,0.6912842320775093,0.1370614233491917,0.4477125568384361,1.2619238008237224,0.1494477496263574,0.988110136949908,0.1265208544422165,0.2565694724680933,0.4809568326308515,0.1672789748093312,,-168.07606129509173,360.15212259018347,400.5997789277154
2026-06-01T22:54:30,42,32,4200323,"ARX(2,1)",True,True,0,-168.07641420012442,360.15282840024884,400.6004847377808,1.3478392779948272,0.0487909148740245,0.6943085033746086,0.1378695398035322,0.4433249504332592,1.2549268721594806,0.149231814967929,0.986880147293315,0.1263575029806509,0.2568782731432201,0.4803454013219292,0.1680622779163294,,-168.0764142001265,360.152828400253,400.60048473778494
2026-06-01T23:06:46,42,33,4200333,"ARX(2,1)",True,True,0,-168.0760613585236,360.1521227170472,400.59977905457913,1.358786949104399,0.0487796867191993,0.6920440727319822,0.1372705677676745,0.446237664186648,1.2643637423123115,0.1492438790612475,0.988195706850338,0.1262511230879291,0.2564656435365757,0.4809816692584485,0.1675650396004775,,-168.07606135855465,360.15212271710925,400.5997790546412
2026-06-01T23:18:53,42,34,4200343,"ARX(2,1)",True,True,0,-168.07610148684387,360.15220297368774,400.5998593112197,1.3514087976132472,0.0488170010528545,0.6928876098156864,0.136830022783007,0.4451013186099409,1.2636692365109956,0.1494058950856273,0.9882793258230048,0.1261725045203279,0.2567262424561849,0.4808019438591444,0.1675341417850876,,-168.07610148686933,360.15220297373867,400.5998593112706
2026-06-01T23:28:19,42,35,4200353,"ARX(2,1)",True,True,0,-168.07789031057968,360.15578062115935,400.6034369586913,1.3667800731552795,0.047810281287634,0.690527190721986,0.1379522879223976,0.4489826890333196,1.2921610138173472,0.1490350377819878,1.00835586438937,0.1256418030806156,0.2575852651976547,0.4797699188403044,0.1673523184689573,,-168.0778903107431,360.1557806214862,400.60343695901815
2026-06-01T23:41:05,42,36,4200363,"ARX(2,1)",True,True,0,-168.07687872330223,360.15375744660446,400.6014137841364,1.3872859723477078,0.0486158324485794,0.6892388344107362,0.1369926900334206,0.450003364558076,1.2671830102889874,0.1484960252352552,0.9943288436030476,0.1269695290678452,0.2572357087378292,0.4800830340933889,0.166699774392216,,-168.07687872894508,360.1537574578901,400.6014137954221
2026-06-01T23:55:30,42,37,4200373,"ARX(2,1)",True,True,0,-168.07620470691273,360.15240941382547,400.6000657513574,1.3666112813805753,0.0487636168076471,0.6916945138054731,0.1373681146904252,0.4468076336717125,1.2663644626345285,0.1487420620742864,0.9883295781597028,0.1262712734630449,0.2567489690156748,0.4798658495071267,0.167989780286964,,-168.07620470802777,360.15240941605555,400.6000657535875
2026-06-02T00:03:14,42,38,4200383,"ARX(2,1)",True,True,0,-168.07670503169237,360.15341006338474,400.6010664009167,1.3847263151741769,0.0485429216483377,0.6889791766885812,0.1374889114052533,0.4504691708862313,1.266918211640225,0.1488197814552243,0.9927573603071674,0.1267784394931623,0.2571756943598069,0.4805508816324467,0.1668479265667522,,-168.07670503127213,360.15341006254425,400.6010664000762
2026-06-02T00:17:49,42,39,4200393,"ARX(2,1)",True,True,0,-168.07617399600065,360.1523479920013,400.60000432953325,1.3626071945602245,0.0491860878360813,0.6921780866118671,0.1366806192426405,0.4461517587994339,1.252352179387512,0.1489908126583563,0.9827654185181228,0.1261378369775368,0.2565489116436437,0.4819301863642512,0.1670332774264132,,-168.0761739955338,360.1523479910676,400.60000432859954
2026-06-02T00:31:26,42,40,4200403,"ARX(2,1)",True,True,0,-168.07635053040445,360.1527010608089,400.60035739834086,1.3556731099058594,0.048417089402731,0.6914252915103537,0.1363807579915665,0.4476858457299743,1.269900559373326,0.1496224878508039,0.9931199321890593,0.1267607914750849,0.2566403218672139,0.4795336531962927,0.1679908936799053,,-168.07635053025854,360.1527010605171,400.600357398049
2026-06-01T16:36:38,43,3,4300033,"ARX(2,1)",True,True,0,-168.07736710056048,360.15473420112096,400.6023905386529,1.3467274460564205,0.0498448032018743,0.692939607951636,0.1385275698474091,0.4453466585462002,1.2294009066171523,0.1497769579629563,0.971867712892962,0.1269624746331487,0.256724955779289,0.4808537887763048,0.167335225350687,,-168.0773671000872,360.1547342001744,400.6023905377064
2026-06-01T16:52:23,43,4,4300043,"ARX(2,1)",True,True,0,-168.0762475072641,360.1524950145282,400.60015135206015,1.357598359270328,0.0491432675147884,0.6913168330334158,0.1378489835348534,0.4482122819971167,1.2544362809556673,0.1495816678268418,0.9850125942229976,0.1265450972764309,0.2571699761647686,0.4803314846274589,0.1672751947436328,,-168.0762475067054,360.1524950134108,400.6001513509427
2026-06-01T17:05:37,43,5,4300053,"ARX(2,1)",True,True,0,-171.03630839506536,366.0726167901307,406.5202731276627,0.3191387443372607,0.3660254294901284,0.6474066502385063,0.1797963981661479,0.4335166990113446,0.6473382717579396,0.3062184175500917,0.514486385273732,0.1056018934478142,0.3265246371110447,0.430515351259731,0.1527319691761747,,-171.03630839505527,366.07261679011054,406.5202731276425
2026-06-01T17:19:11,43,6,4300063,"ARX(2,1)",True,True,0,-168.08289064062188,360.16578128124377,400.6134376187757,1.442371955311684,0.0477248240106563,0.6842649424031179,0.1365094685192315,0.4570106506412952,1.2653553637832504,0.1467355067438631,1.005572579871738,0.1264507252682257,0.2551058918155238,0.4849351418091644,0.1656524414245994,,-168.08289064053895,360.1657812810779,400.61343761860985
2026-06-01T17:29:06,43,7,4300073,"ARX(2,1)",True,True,0,-168.13724189813104,360.2744837962621,400.722140133794,1.6030502105098463,0.0513921421871586,0.6763662452362097,0.1298693105692906,0.46038849683627,1.226457388215968,0.1408537761271674,0.9194093331263704,0.1331927318738217,0.261935584825693,0.4668688996533711,0.1691705420915697,,-168.13724189006166,360.2744837801233,400.7221401176553
2026-06-01T17:40:15,43,8,4300083,"ARX(2,1)",True,True,0,-168.07648631232934,360.1529726246587,400.6006289621906,1.384278876867461,0.0492699595036282,0.6895939875405829,0.1366639027208313,0.4491630519550504,1.2547036559269316,0.1486966379892925,0.9837916947613914,0.1271385945139233,0.2566732317628538,0.4807466501783863,0.1669868706859505,,-168.0764863118597,360.1529726237194,400.60062896125135
2026-06-01T17:55:48,43,9,4300093,"ARX(2,1)",True,True,0,-168.0783493307773,360.1566986615546,400.6043549990866,1.333917508272456,0.0484424263219251,0.6939971117325837,0.1397319035561073,0.4441981457598611,1.2433606855772223,0.1499973809769577,0.9909663587802016,0.1254304775049244,0.2540720156750012,0.4834658669790369,0.1686259854290699,,-168.07834932667168,360.15669865334337,400.6043549908753
2026-06-01T18:06:17,43,10,4300103,"ARX(2,1)",True,True,0,-168.08568666831758,360.17137333663516,400.6190296741671,1.312519763443227,0.0467762177334601,0.6966589994710921,0.1315620103989458,0.4393078880528185,1.3151218641598632,0.1502437470721296,1.004863314435616,0.1237379199828583,0.2543036839381238,0.4894059172652528,0.16415449547233,,-168.08568666639414,360.1713733327883,400.6190296703202
2026-06-01T18:20:01,43,11,4300113,"ARX(2,1)",True,True,0,-168.07765766591552,360.15531533183105,400.602971669363,1.3343159048698932,0.0500285660877816,0.6934674483339237,0.1334434297059015,0.4443979691440177,1.2517540682507955,0.1501920022884399,0.9727449463704416,0.126309014728081,0.2568276569876156,0.4815856142404641,0.1666400833505436,,-168.07765766503906,360.1553153300781,400.60297166761006
2026-06-01T18:29:01,43,12,4300123,"ARX(2,1)",True,True,0,-168.0865795691105,360.173159138221,400.620815475753,1.4754335534005736,0.0485558370156447,0.679651787789621,0.1376533748935962,0.461813407631386,1.2558358366304956,0.1467223129084716,0.993426850858668,0.1301817184741189,0.2586152994242854,0.4759768395620602,0.1661785087899092,,-168.08657956900885,360.1731591380177,400.6208154755497
2026-06-01T18:36:45,43,13,4300133,"ARX(2,1)",True,True,0,-168.09084186296604,360.1816837259321,400.62934006346404,1.378644210285342,0.0466658858093931,0.6858283564537985,0.1448961041553598,0.4573433574269748,1.265363614379723,0.1500648564309866,1.0391457925106646,0.1254016914722493,0.2556886426169937,0.4849029528132225,0.1651887378046967,,-168.09084186295723,360.18168372591447,400.6293400634464
2026-06-01T18:50:28,43,14,4300143,"ARX(2,1)",True,True,0,-168.1089449205262,360.2178898410524,400.66554617858435,1.439576785781741,0.0445506911982816,0.6850046426333053,0.1296526985587504,0.4524354664255282,1.4209645273858906,0.1466353602935441,1.0564883619029517,0.1269658461067086,0.2569312460697808,0.4755412507116818,0.1689134426994412,,-168.10894491937705,360.2178898387541,400.66554617628606
2026-06-01T19:04:13,43,15,4300153,"ARX(2,1)",True,True,0,-168.12969482482617,360.25938964965235,400.7070459871843,1.365048964354887,0.0569144209713145,0.6963971524306671,0.1403749130766713,0.4406744897518436,1.1388976781106337,0.1474494942341136,0.860090790303295,0.1290849742374477,0.2600087192288412,0.4777155615517037,0.1671107324737098,,-168.12969482686202,360.25938965372404,400.707045991256
2026-06-01T19:18:06,43,16,4300163,"ARX(2,1)",True,True,0,-168.0762155590761,360.1524311181522,400.60008745568416,1.3451337792328135,0.04883290166949,0.69343259477512,0.1366500648060201,0.4445945368318091,1.2641400711820248,0.149600015708921,0.9875693792636796,0.1260682793244475,0.2567128816726828,0.4808377479013155,0.1676206894943375,,-168.07621555908918,360.1524311181784,400.6000874557103
2026-06-01T19:28:48,43,17,4300173,"ARX(2,1)",True,True,0,-168.07643023235568,360.15286046471135,400.6005168022433,1.380483907040912,0.0488892415346833,0.6897321565647425,0.1371764496110065,0.4496398949309151,1.2516735387490625,0.1488576450564496,0.9854386404912296,0.1273309702072118,0.2566127043356927,0.4806067291904926,0.1670905652759537,,-168.07643023237637,360.15286046475273,400.6005168022847
2026-06-01T19:52:35,43,18,4300183,"ARX(2,1)",True,True,0,-168.07609784027312,360.15219568054624,400.5998520180782,1.3526951628475812,0.0490958981940822,0.6923171735415569,0.1367476118091304,0.446350513374473,1.2575077269745691,0.1495139908158429,0.9840547307502358,0.1262430445999292,0.2568176347208428,0.4811833142820514,0.1671689661230163,,-168.07609784028114,360.1521956805623,400.5998520180942
2026-06-01T20:08:07,43,19,4300193,"ARX(2,1)",True,True,0,-168.07828193187316,360.1565638637463,400.6042202012783,1.3113439932486326,0.0484234582696695,0.6972013246764333,0.1369531353398494,0.4395888984423508,1.2795958100875744,0.1502945986420573,0.9923762044124196,0.1249908994065036,0.2563625426765671,0.481211714843345,0.1682453759769585,,-168.07828193351875,360.1565638670375,400.6042202045695
2026-06-01T20:20:49,43,20,4300203,"ARX(2,1)",True,True,0,-168.08848314797717,360.17696629595434,400.6246226334863,1.46627795860585,0.0514387070639894,0.6862271140041963,0.1330997200082437,0.4522997434338368,1.2111622643110302,0.1451033756537129,0.9571092681894448,0.1276113276513018,0.2558508752481468,0.4844835312417387,0.1651895391942013,,-168.08848314988734,360.1769662997747,400.6246226373066
2026-06-01T20:35:49,43,21,4300213,"ARX(2,1)",True,True,0,-168.1005366499098,360.2010732998196,400.64872963735155,1.4375365411858294,0.0474396749046786,0.6829279782643688,0.1263892378727986,0.4573508537277055,1.364448618192988,0.1466502332105725,1.036114916602907,0.1236038123693293,0.2541662767325247,0.4910934426918447,0.1602569682956134,,-168.10053664477076,360.2010732895415,400.6487296270735
2026-06-01T21:07:30,43,22,4300223,"ARX(2,1)",True,True,0,-168.07608702139783,360.15217404279565,400.5998303803276,1.364370809700573,0.0487179392882382,0.6914008630341523,0.1371056616084938,0.4470459964846023,1.2607158760709711,0.1491684224829027,0.9897292093083452,0.1265897626211253,0.2565902482147787,0.4808999545056568,0.1672193800876209,,-168.0760870214759,360.1521740429518,400.59983038048375
2026-06-01T21:18:36,43,23,4300233,"ARX(2,1)",True,True,0,-168.07621503250118,360.15243006500236,400.6000864025343,1.3750954035875946,0.0487746025111742,0.6904907085193264,0.1368104895677172,0.4481926419082842,1.2618866029587343,0.148855364360963,0.986904442170345,0.1266641075303482,0.2568683522984028,0.4807053530818487,0.1670302155069599,,-168.07621503077405,360.1524300615481,400.60008639908006
2026-06-01T21:27:47,43,24,4300243,"ARX(2,1)",True,True,0,-168.076531059426,360.153062118852,400.60071845638396,1.363657114079455,0.0488992801280047,0.6909924487224112,0.1374567917330414,0.4474726076139744,1.267248259533519,0.149348280255203,0.9911406354621614,0.1259187234750275,0.2555676134989252,0.4832565310906733,0.1664430085291429,,-168.07653105963243,360.15306211926486,400.6007184567968
2026-06-01T21:55:49,43,25,4300253,"ARX(2,1)",True,True,0,-168.44281165087367,360.88562330174733,401.3332796392793,2.20461346712407,0.0622320640944574,0.6171988626641649,0.1142917048603757,0.551574486394085,1.137421237636153,0.1315675304913734,0.8163560153841783,0.1320693818701333,0.2619616177489224,0.4944157441404214,0.1473709397239107,,-168.44281163899936,360.8856232779987,401.3332796155306
2026-06-01T22:11:46,43,26,4300263,"ARX(2,1)",True,True,0,-168.07764987871707,360.15529975743414,400.6029560949661,1.3812436888720054,0.0478680769078823,0.6888232118406635,0.1367166892430917,0.4507477938158798,1.2878066252816665,0.1489462814084822,1.0062255165227016,0.1266293356124635,0.2566660457858155,0.4802168527178038,0.167382658364852,,-168.07764987893313,360.15529975786626,400.6029560953982
2026-06-01T22:20:29,43,27,4300273,"ARX(2,1)",True,True,0,-168.07844186462444,360.1568837292489,400.6045400667808,1.3589374271739814,0.0476503533144489,0.6920602213748249,0.1347781694881786,0.44624700205496,1.3080241274948914,0.1490404105955258,1.0073926281521717,0.1248472647218764,0.2566349378976308,0.4818702476106101,0.1671188502730423,,-168.0784418612419,360.1568837224838,400.6045400600158
2026-06-01T22:27:06,43,28,4300283,"ARX(2,1)",True,True,0,-168.07616403428779,360.15232806857557,400.5999844061075,1.371823458493055,0.0492400846583991,0.6906376080446058,0.1365343199863285,0.4481696112022232,1.253058695058294,0.1489804312659619,0.9819112293314683,0.12685079893932,0.2567287403172048,0.4810789101788242,0.1669050888736101,,-168.07616403428702,360.15232806857404,400.599984406106
2026-06-01T22:35:06,43,29,4300293,"ARX(2,1)",True,True,0,-168.08048674803854,360.1609734960771,400.60862983360903,1.4120163333625204,0.050571126860419,0.6875342499244084,0.1380397001605532,0.4514434981037228,1.2163130051632138,0.1476524356227072,0.9568762021686152,0.1281121150678074,0.2565216668258515,0.4809706062950417,0.1667874075715237,,-168.08048672051083,360.16097344102167,400.6086297785536
2026-06-01T22:44:46,43,30,4300303,"ARX(2,1)",True,True,0,-168.07779058627438,360.15558117254875,400.6032375100807,1.3295331671990696,0.0483764820637125,0.6937364800082478,0.1384745712507927,0.4437629131414478,1.273087985280342,0.1501619813759856,0.9890720797689212,0.1250572928138829,0.2581628128581554,0.4807740691861315,0.1666976104961852,,-168.07779047336075,360.1555809467215,400.6032372842535
2026-06-01T23:00:53,43,32,4300323,"ARX(2,1)",True,True,0,-168.07717886348777,360.15435772697555,400.6020140645075,1.3484257734856455,0.0496516428027696,0.6928744509317127,0.1356224234086016,0.4456397009906416,1.245265465499157,0.1496084114622659,0.9774217764286948,0.1254442937265066,0.255436480338102,0.4854807443868161,0.1657564506892011,,-168.0771788639466,360.1543577278932,400.6020140654252
2026-06-01T23:10:40,43,33,4300333,"ARX(2,1)",True,True,0,-168.07662207024447,360.15324414048894,400.6009004780209,1.3703025364897587,0.0482147047874175,0.6906864628226214,0.1356771295669946,0.4479609158602186,1.2819415268052172,0.1489738187835798,0.9978243200907416,0.1264566328227465,0.2567775769740258,0.4803658256067641,0.1673517949012608,,-168.0766220701476,360.1532441402952,400.6009004778272
2026-06-01T23:22:41,43,34,4300343,"ARX(2,1)",True,True,0,-168.0765641356035,360.153128271207,400.60078460873893,1.3650965595572884,0.0490355545208751,0.6923579865941119,0.1376251636221659,0.4454571369456443,1.2469093316310762,0.149059169979988,0.980911091584511,0.1275505824884349,0.2570432591114612,0.479429452163274,0.1679284710811782,,-168.07656374542583,360.15312749085166,400.6007838283836
2026-06-01T23:30:03,43,35,4300353,"ARX(2,1)",True,True,0,-168.0766424307566,360.1532848615132,400.60094119904517,1.356905141357938,0.0482038910836912,0.6925113458129747,0.1362383404547348,0.4453749017515397,1.278147863698281,0.1492414768008383,1.0004895079091036,0.1263001151232793,0.2569126019465388,0.4803792842191954,0.1676251148348515,,-168.07664243082246,360.1532848616449,400.6009411991769
2026-06-01T23:41:47,43,36,4300363,"ARX(2,1)",True,True,0,-168.14926747667351,360.29853495334703,400.746191290879,1.715792971262568,0.0511049697656971,0.6552096313812187,0.129240736880378,0.4950728637095227,1.2395966464942407,0.1417733336345081,0.9492422235341036,0.1331814206808323,0.2580029838170035,0.4775642684973087,0.1634392496559416,,-168.14926747461627,360.2985349492325,400.7461912867645
2026-06-01T23:49:37,43,37,4300373,"ARX(2,1)",True,True,0,-168.0765945764225,360.153189152845,400.60084549037697,1.3371192815389674,0.0487665769142073,0.693630153074909,0.1365899398232388,0.4445549930172123,1.2709505247520354,0.1499065074465465,0.9876119166923432,0.1259036825512657,0.2572198233995245,0.4801693356237907,0.1676558374979894,,-168.07659457368808,360.15318914737617,400.6008454849081
2026-06-02T00:06:13,43,38,4300383,"ARX(2,1)",True,True,0,-168.0954508411043,360.1909016822086,400.6385580197406,1.3456463532907776,0.0463439736281752,0.6894961020644178,0.138170549389157,0.4580059881774517,1.3369580822065148,0.1503622134975758,1.039320451287182,0.1209452129769394,0.2556657854631468,0.490135337557284,0.1653660716218054,,-168.09545076809297,360.1909015361859,400.6385578737178
2026-06-02T00:14:54,43,39,4300393,"ARX(2,1)",True,True,0,-168.09952717265966,360.1990543453193,400.6467106828513,1.4557381678462604,0.053112176704844,0.681332170519979,0.1405042516206155,0.4592154315305218,1.1456539142276445,0.1480781060768679,0.938257046773882,0.1334469524859192,0.2533112869906557,0.4796173999427492,0.1664329090170029,,-168.09952717278907,360.19905434557813,400.6467106831101
2026-06-02T00:35:33,43,40,4300403,"ARX(2,1)",True,True,0,-168.08356251140677,360.16712502281354,400.6147813603455,1.4534613496647486,0.0480144359068266,0.681928010184402,0.1356490796462241,0.4584988527969789,1.2888390182012466,0.1472907293980483,1.0009556058459923,0.1280503065359575,0.2547853849578913,0.4827259661553386,0.1658206502108793,,-168.0835625150336,360.1671250300672,400.6147813675992
2026-06-01T16:38:10,44,3,4400033,"ARX(2,1)",True,True,0,-168.07612781385046,360.1522556277009,400.5999119652329,1.3595300343359458,0.0491086331833935,0.6924294002846495,0.1370704608838654,0.4455461363348105,1.2553139419203592,0.1491113450603869,0.9842377615265934,0.1267544512295671,0.2566442500028843,0.4802428016878616,0.167616698422987,,-168.07612781366973,360.15225562733946,400.5999119648714
2026-06-01T16:57:59,44,4,4400043,"ARX(2,1)",True,True,0,-168.14169389915332,360.28338779830665,400.7310441358386,1.65169327042204,0.0531453086587138,0.6647292896666578,0.1371158353667609,0.479735065485818,1.1375756294405293,0.1427913358796491,0.9523281556286906,0.1324609015952154,0.25573440988689,0.4871730443200575,0.1598440832777366,,-168.141693895431,360.283387790862,400.73104412839393
2026-06-01T17:06:54,44,5,4400053,"ARX(2,1)",True,True,0,-168.35223922057045,360.7044784411409,401.15213477867286,2.138590151294138,0.0451773676332273,0.6218886890828378,0.1309314892217445,0.5436456684410411,1.3012991555355735,0.1344876923302667,1.0362731958505924,0.1374767576790929,0.2563489568705747,0.4780701530622356,0.1616553858924415,,-168.35223921531346,360.7044784306269,401.1521347681589
2026-06-01T17:22:59,44,6,4400063,"ARX(2,1)",True,True,0,-168.07746599403015,360.1549319880603,400.60258832559225,1.3695538651085348,0.0500586078783272,0.6911477144372018,0.1382180202920793,0.4476935833199469,1.2257950177077657,0.1490990801386575,0.9696492429682456,0.127132565053555,0.2571245161849922,0.4808319074204811,0.1670709069277764,,-168.0774659940384,360.1549319880768,400.6025883256088
2026-06-01T17:40:38,44,7,4400073,"ARX(2,1)",True,True,0,-168.08313177284919,360.16626354569837,400.6139198832303,1.415147367306862,0.0516386899101152,0.6864488248121071,0.1317368660104398,0.4543744639363586,1.2477385658735924,0.1478173607629911,0.9482926055831444,0.1277272725822148,0.2593408868841424,0.4800046360071851,0.1651415964280655,,-168.0831317728042,360.1662635456084,400.61391988314034
2026-06-01T17:55:56,44,8,4400083,"ARX(2,1)",True,True,0,-170.37559251148502,364.75118502297005,405.198841360502,8.615080316052673,0.0211642123469802,0.4731079247065728,0.1203977332562325,0.7983528006775088,1.3658033485807155,0.0835676982861073,0.9321219477319828,0.1272932509612899,0.2295122463734493,0.5363562761262964,0.1525557133102132,,-170.3755925111212,364.7511850222424,405.1988413597744
2026-06-01T18:07:28,44,9,4400093,"ARX(2,1)",True,True,0,-168.07969516153483,360.15939032306966,400.6070466606016,1.3403720587253576,0.0483726176641344,0.6910474385033875,0.1396146536412143,0.4487972316034754,1.2761660340128194,0.1506991385370158,1.0048472001457511,0.1256505378746481,0.2600187986694945,0.4778503101306812,0.1669103905246348,,-168.0796951610272,360.1593903220544,400.60704665958633
2026-06-01T18:13:06,44,10,4400103,"ARX(2,1)",True,True,0,-168.07609829194845,360.1521965838969,400.59985292142886,1.3684573978823151,0.0490609648621573,0.6912985868848196,0.1368735108587079,0.447202144016399,1.2555079815396295,0.1489419893782854,0.9836717977889234,0.126619468126345,0.2565867694997289,0.4811513072847789,0.1671839213827544,,-168.07609829206564,360.1521965841313,400.5998529216632
2026-06-01T18:20:59,44,11,4400113,"ARX(2,1)",True,True,0,-168.10290928623098,360.20581857246196,400.6534749099939,1.311756386472094,0.0525193228586387,0.7012439317894859,0.1447412039122891,0.4320051284372131,1.1727826775263672,0.1492977696818393,0.9264844226713024,0.1307097781784788,0.2568094250191293,0.4666863152354336,0.1762876160675206,,-168.1029092862271,360.2058185724542,400.6534749099861
2026-06-01T18:30:21,44,12,4400123,"ARX(2,1)",True,True,0,-168.34980739173278,360.69961478346556,401.1472711209975,1.8302081423253995,0.0404462347813308,0.677812394990277,0.1305046723557948,0.4536933368846539,1.528880715929296,0.1308870689503673,1.1586752226899175,0.130276684409574,0.2514258258839248,0.4742220656371292,0.1742191098611372,,-168.3498073913667,360.6996147827334,401.1472711202654
2026-06-01T18:51:02,44,13,4400133,"ARX(2,1)",True,True,0,-168.07715836031807,360.15431672063613,400.6019730581681,1.325452639989044,0.048404183550392,0.6954945057842468,0.1366876009712898,0.441960800537127,1.2751539480512233,0.1500900681896688,0.99457935816041,0.12545183148986,0.2567055901201294,0.4809636347511162,0.1679637413671825,,-168.07715836034845,360.1543167206969,400.6019730582289
2026-06-01T18:59:04,44,14,4400143,"ARX(2,1)",True,True,0,-168.07684954451207,360.15369908902414,400.6013554265561,1.3802652381652871,0.0498058038537466,0.6897209424779807,0.1368936452067749,0.4493370514353944,1.2387060772509195,0.1488013167312576,0.972533439127908,0.1271190986649498,0.2567572662194176,0.4813882827277091,0.1666167745084145,,-168.07684954583436,360.1536990916687,400.6013554292007
2026-06-01T19:06:25,44,15,4400153,"ARX(2,1)",True,True,0,-168.07618280108645,360.1523656021729,400.60002193970485,1.357039876176686,0.0487186314316729,0.6920044695865182,0.1382725670572564,0.4463501131409538,1.2616010844629664,0.1493467936818446,0.9909326953087076,0.1261295611265792,0.2565185722447721,0.4808651866634142,0.1676386299870208,,-168.07618279930085,360.1523655986017,400.60002193613366
2026-06-01T19:25:38,44,16,4400163,"ARX(2,1)",True,True,0,-168.07669882726339,360.15339765452677,400.6010539920587,1.3822930624708742,0.0483323347253761,0.6891813469073976,0.1365793839837765,0.4500039296128151,1.2760380807616494,0.1487502258235099,0.9956380971153338,0.1266658881919588,0.2566671674137851,0.4804895656675154,0.1671940438723903,,-168.0766988272273,360.1533976544546,400.6010539919865
2026-06-01T19:42:03,44,18,4400183,"ARX(2,1)",True,True,0,-168.07628410326708,360.15256820653417,400.6002245440661,1.378099828946696,0.0491777198113625,0.689520719970105,0.136718220610699,0.4499727397235671,1.2565726841229656,0.1488682623640298,0.9815010022988746,0.1267279420179775,0.2566896996633416,0.4811118492634182,0.1669268148694049,,-168.07628410349685,360.1525682069937,400.6002245445256
2026-06-01T19:58:00,44,19,4400193,"ARX(2,1)",True,True,0,-168.0782798975132,360.1565597950264,400.60421613255835,1.3451201907947097,0.0475486001558936,0.6916878209697602,0.1394226956960771,0.4484779994533188,1.258570371818341,0.1503001643351409,1.0038321883357988,0.125974464784545,0.2560770402557931,0.4812978070289408,0.1678432374804377,,-168.07827989227877,360.15655978455754,400.6042161220895
2026-06-01T20:12:53,44,20,4400203,"ARX(2,1)",True,True,0,-168.0772085222422,360.1544170444844,400.60207338201633,1.324924522223042,0.0485578892388085,0.6953451315758628,0.1373851415816521,0.4419374943654416,1.2747350901049297,0.1500521105491722,0.9918007732210796,0.1252942445539612,0.2570078385744028,0.4799974265626275,0.1683810974552343,,-168.0772085225062,360.1544170450124,400.6020733825444
2026-06-01T20:30:46,44,21,4400213,"ARX(2,1)",True,True,0,-168.1711941873486,360.3423883746972,400.79004471222913,1.7337143441073095,0.0551026840123118,0.6543192183209008,0.1237041298401864,0.4961401851862104,1.2251551055643095,0.1411625328780551,0.9009085592258818,0.1316744918656262,0.2576731019906453,0.4849692153718316,0.1589328517222313,,-168.17119418373943,360.34238836747886,400.7900447050108
2026-06-01T20:41:43,44,22,4400223,"ARX(2,1)",True,True,0,-168.08769083593668,360.17538167187337,400.6230380094053,1.3656905011890643,0.0472680545310151,0.686550518368275,0.1316140532800649,0.4562684827337644,1.3475730442627365,0.1502546327176602,1.0089389092405538,0.123914028846651,0.2578559825585152,0.4846135171556967,0.1640574666402566,,-168.0876908338579,360.1753816677158,400.6230380052477
2026-06-01T20:53:37,44,23,4400233,"ARX(2,1)",True,True,0,-168.08583535001856,360.1716707000371,400.61932703756906,1.4528784061021642,0.0468763314488894,0.6822473314319913,0.1362162915975676,0.4595250675161747,1.2922330976182994,0.1470572561780183,1.0166401240856484,0.1293651916745176,0.2559925240245597,0.4764623856085155,0.1685804257211394,,-168.0858353467762,360.1716706935524,400.6193270310844
2026-06-01T21:01:05,44,24,4400243,"ARX(2,1)",True,True,0,-168.07649479386018,360.15298958772036,400.6006459252523,1.3815864689688266,0.0492323262722233,0.6895271831574757,0.1374871261000838,0.4494682526393908,1.2529293267304809,0.1486623027385769,0.9817961880141048,0.1267647266434993,0.2569758880720694,0.4806671730159393,0.1667478792057081,,-168.07649479405077,360.1529895881015,400.60064592563344
2026-06-01T21:15:00,44,25,4400253,"ARX(2,1)",True,True,0,-168.0779262976708,360.1558525953416,400.6035089328736,1.3979552686592285,0.0485961785474418,0.6873961197441474,0.1385212426987207,0.4522269627402095,1.2495308815641029,0.1487253477033059,0.993376891214268,0.1282061101485268,0.2566848981023258,0.4793687463133372,0.1671776008001722,,-168.0779262976116,360.1558525952232,400.6035089327552
2026-06-01T21:27:29,44,26,4400263,"ARX(2,1)",True,True,0,-168.07657823825636,360.1531564765127,400.6008128140447,1.3422415511984946,0.0494223323832919,0.6938259490054284,0.1368249919236545,0.4442770398192377,1.2482759378745032,0.1496913321596416,0.9796038654006723,0.1266642535771101,0.2572979555401264,0.4798238108671547,0.1676401440051104,,-168.07657823816274,360.1531564763255,400.60081281385743
2026-06-01T21:36:26,44,27,4400273,"ARX(2,1)",True,True,0,-168.07602984596502,360.15205969193005,400.599716029462,1.3578975183251032,0.0488927901429517,0.6922608838993286,0.1367439403540019,0.446189875734599,1.2614278065567506,0.1492071486853066,0.9864504432245716,0.1263340187433309,0.2567760593590672,0.480767277411289,0.1674401803135583,,-168.07602984596923,360.15205969193846,400.5997160294704
2026-06-01T21:43:08,44,28,4400283,"ARX(2,1)",True,True,0,-168.0775604937628,360.1551209875256,400.60277732505756,1.318739857569163,0.049012098272673,0.6957958989189155,0.1368286153411205,0.4416036098644839,1.2593826782166482,0.1504243040824416,0.9826131959018344,0.1263238251776253,0.2572265890911888,0.4797088629740253,0.16795127717919,,-168.07756049313065,360.1551209862613,400.6027773237933
2026-06-01T21:55:30,44,29,4400293,"ARX(2,1)",True,True,0,-168.07604915258798,360.15209830517597,400.5997546427079,1.3663874855303442,0.0488700517195359,0.6910243903944334,0.1367352925644589,0.4477415456996571,1.2597741417812534,0.1491362384900208,0.986340259649228,0.1264403400345606,0.2567916683845249,0.4811098752304985,0.1670711346210828,,-168.07604915238667,360.15209830477335,400.5997546423053
2026-06-01T22:04:30,44,30,4400303,"ARX(2,1)",True,True,0,-168.07910313575465,360.1582062715093,400.60586260904125,1.4233747587468992,0.0491181352720894,0.6848924246148334,0.1352670313590101,0.4562810127812562,1.2698982709854745,0.1477061276520675,0.982868576643272,0.1272784494485187,0.2572359526521299,0.4806849354716833,0.166266463843778,,-168.07910313584384,360.1582062716877,400.6058626092196
2026-06-01T22:19:26,44,31,4400313,"ARX(2,1)",True,True,0,-168.07606097695012,360.15212195390023,400.5997782914322,1.3662440338345128,0.0490803106747494,0.6909893628939772,0.1360496630281265,0.448001647385142,1.2610739385374574,0.1491421309469105,0.9841734542789302,0.1265353779892911,0.256692574359888,0.4812169846810982,0.1669794342495222,,-168.07606097695918,360.1521219539184,400.5997782914503
2026-06-01T22:31:09,44,32,4400323,"ARX(2,1)",True,True,0,-168.0766907344845,360.153381468969,400.6010378065009,1.3369743926661497,0.049029446258153,0.6934583222516401,0.1382753513711582,0.4447349169479635,1.256893091857472,0.1500898363393596,0.9847083294467952,0.1264271129477423,0.2569238094391393,0.4808644389772568,0.1671340625181192,,-168.0766907344893,360.1533814689786,400.6010378065105
2026-06-01T22:57:00,44,33,4400333,"ARX(2,1)",True,True,0,-168.53610625698076,361.0722125139615,401.51986885149347,2.501535193220263,0.0559973139605036,0.6253123007388717,0.1184483300072738,0.5244274173644206,1.1626914318473232,0.123249459756045,0.8870300768800153,0.1373838162301761,0.2510188333123195,0.4942104104360713,0.1555640288860797,,-168.53610624957608,361.07221249915216,401.5198688366841
2026-06-01T23:11:45,44,34,4400343,"ARX(2,1)",True,True,0,-168.0763521569532,360.1527043139064,400.60036065143834,1.3806055902414065,0.0491000669473763,0.6896066298040483,0.1368048788308699,0.4499176562267251,1.2530036833870573,0.1487612475642505,0.9829815932435266,0.1268359512073198,0.256339430794254,0.4813553363616045,0.1670798996634018,,-168.0763521569222,360.1527043138444,400.6003606513764
2026-06-01T23:19:46,44,35,4400353,"ARX(2,1)",True,True,0,-168.07610266165418,360.15220532330835,400.5998616608403,1.3638122062810356,0.0492299713279821,0.6915809993193339,0.1366716558345948,0.4469659937476337,1.253708935116289,0.1490597383426662,0.9833155588469136,0.1263850871272372,0.2567696859984972,0.4812641098975915,0.1670939653687202,,-168.07610266278772,360.15220532557544,400.5998616631074
2026-06-01T23:29:36,44,36,4400363,"ARX(2,1)",True,True,0,-169.42502706217795,362.8500541243559,403.29771046188785,1.34872547017507,0.0940668876708162,0.7163777507268203,0.1938859250095246,0.4003566381894844,0.4587207842232986,0.1492692051763094,0.7093504011639018,0.1495759491181867,0.2513015175506132,0.5112466002409346,0.1337557776001523,,-169.42502705300006,362.8500541060001,403.2977104435321
2026-06-01T23:38:18,44,37,4400373,"ARX(2,1)",True,True,0,-168.0951826191635,360.190365238327,400.63802157585894,1.473659054478715,0.0460663320649619,0.6785714160984577,0.1423172999092409,0.4616730697909139,1.2878112382117668,0.1470351843027686,1.0360871432344103,0.1268425285649051,0.2535890047701884,0.480088909161297,0.1691275589735527,,-168.0951826191099,360.1903652382198,400.6380215757517
2026-06-01T23:46:43,44,38,4400383,"ARX(2,1)",True,True,0,-169.08835701452546,362.1767140290509,402.62437036658287,3.686299060021832,0.0465106936924992,0.5567023475207317,0.1307123181575034,0.6391786600148758,1.1826390836534042,0.1126026297956157,0.9798774438025162,0.1357966645246257,0.2457795218940356,0.5079403948831923,0.1497600294094776,,-169.08835701716885,362.1767140343377,402.6243703718697
2026-06-02T00:06:43,44,39,4400393,"ARX(2,1)",True,True,0,-168.07742886112777,360.15485772225554,400.6025140597875,1.3851264520038966,0.0498837071848707,0.6882574145631777,0.1381549039904898,0.4518518494705214,1.231474984506666,0.1489927756203515,0.9712578352120008,0.1276535354846661,0.2561001459557816,0.4813268461018663,0.1669081784578016,,-168.07742886138607,360.15485772277214,400.6025140603041
2026-06-02T00:14:12,44,40,4400403,"ARX(2,1)",True,True,0,-168.08506286705222,360.17012573410443,400.6177820716364,1.3300727716313547,0.0499337227257713,0.6945489637847666,0.1420841146036804,0.4445084495867037,1.1831749480500269,0.1504409346603552,0.9695396155788952,0.1278696244573656,0.2570471022029976,0.4821342777702017,0.1660347204571799,,-168.08506198443237,360.17012396886474,400.6177803063967
2026-06-01T16:45:11,45,3,4500033,"ARX(2,1)",True,True,0,-168.0766571889703,360.1533143779406,400.60097071547256,1.338393788538663,0.0484790710854742,0.6939248834729072,0.1360140810892492,0.4438367325310228,1.2774648212546875,0.149820218219712,0.9944634657053896,0.1258195399625686,0.2569017420602715,0.4807156668903597,0.1675368944395726,,-168.07665718929184,360.1533143785837,400.6009707161156
2026-06-01T17:11:47,45,4,4500043,"ARX(2,1)",True,True,0,-168.09073093508653,360.18146187017305,400.629118207705,1.476666400462776,0.04999266040846,0.6796503812420909,0.1393942064808443,0.4655862117194609,1.1955816971632762,0.1470143907798605,0.964101757921929,0.128750747876352,0.2580699353094057,0.4813934091769807,0.1650870731263514,,-168.09073093494203,360.18146186988406,400.629118207416
2026-06-01T17:22:42,45,5,4500053,"ARX(2,1)",True,True,0,-168.07977744822156,360.1595548964431,400.6072112339751,1.385925226156933,0.0502869970184337,0.6891609288774181,0.1361012694303693,0.4513122005801584,1.2095325711623528,0.1488848368058485,0.9695804911930196,0.1278511039218784,0.2566675886544439,0.4835769240011135,0.165085064379793,,-168.0797774482241,360.1595548964482,400.60721123398014
2026-06-01T17:31:20,45,6,4500063,"ARX(2,1)",True,True,0,-168.076339679478,360.152679358956,400.60033569648795,1.3689285152032735,0.0487683572781525,0.6915162481083407,0.1370576630828759,0.4468677298079641,1.2583151538868291,0.148944546463233,0.9922617632334976,0.1265984928137145,0.2566814292530702,0.480967952363418,0.1672220974516278,,-168.0763396794434,360.1526793588868,400.6003356964188
2026-06-01T18:04:10,45,7,4500073,"ARX(2,1)",True,True,0,-168.0761582512858,360.1523165025716,400.59997284010353,1.363969242939239,0.0491362751542139,0.6917688212404557,0.1354964986995395,0.4467924249422207,1.260918245715739,0.1490413455687929,0.981993489379459,0.1267126456983368,0.2572192091175994,0.480754965378274,0.1667959652866877,,-168.07615825254828,360.15231650509656,400.5999728426285
2026-06-01T18:12:33,45,8,4500083,"ARX(2,1)",True,True,0,-168.07621271461304,360.15242542922607,400.600081766758,1.3470686325822887,0.0486544268832398,0.6929895351698703,0.1367059672446663,0.4452522318757726,1.268407057278024,0.149619615129343,0.9902727727156216,0.1260316160295108,0.2567613421116749,0.4808065864873518,0.1675396117751304,,-168.07621271452183,360.15242542904366,400.6000817665756
2026-06-01T18:28:24,45,9,4500093,"ARX(2,1)",True,True,0,-168.0761494509943,360.1522989019886,400.59995523952057,1.3710781760457775,0.0490465708621075,0.691116548650878,0.1367563286518897,0.4472530452226863,1.259204311806556,0.1488285216273228,0.984591619626619,0.1267942299553064,0.256806513969912,0.4799746960450746,0.167614859456998,,-168.07614945097424,360.1522989019485,400.5999552394805
2026-06-01T18:38:43,45,10,4500103,"ARX(2,1)",True,True,0,-168.07641754896,360.15283509792,400.60049143545194,1.3821775260780105,0.0491055508903176,0.6901152342931465,0.1371774325194964,0.4485825603502313,1.2546581671399588,0.1485224342685689,0.9837468611650078,0.127008151662465,0.2569341138005765,0.4803248487988591,0.1671851823186131,,-168.07641754901772,360.15283509803544,400.6004914355674
2026-06-01T19:04:32,45,11,4500113,"ARX(2,1)",True,True,0,-168.07605439630248,360.15210879260496,400.5997651301369,1.3624025247405975,0.0488130743113956,0.6913415178758804,0.1362913614295437,0.447390683011462,1.2661676661715735,0.1492082179975271,0.9887329137144952,0.1263272343380995,0.2567198960779465,0.481057177131296,0.1671230357542776,,-168.0760543961834,360.1521087923668,400.59976512989874
2026-06-01T19:11:35,45,12,4500123,"ARX(2,1)",True,True,0,-168.0864260217699,360.1728520435398,400.6205083810718,1.299200366667087,0.046833807934937,0.6954663288852319,0.1433096893856459,0.4426864944324603,1.2985898446426178,0.151860861453844,1.0318651187750076,0.1257335652731067,0.2570556092878941,0.4794528817592078,0.1676983413372162,,-168.0864260237243,360.1728520474486,400.62050838498055
2026-06-01T19:35:15,45,14,4500143,"ARX(2,1)",True,True,0,-168.07958662307237,360.15917324614475,400.6068295836767,1.324344282267544,0.0481613235736365,0.6940013237154404,0.135094679023583,0.4472713496718856,1.286642885485569,0.1502746470672039,1.0045727741547643,0.123969339546401,0.2554580001825326,0.4854826565030518,0.1661209097461331,,-168.07958662024276,360.1591732404856,400.6068295780175
2026-06-01T19:41:04,45,15,4500153,"ARX(2,1)",True,True,0,-168.0761247255634,360.1522494511268,400.59990578865876,1.3635527876937503,0.0488232482665246,0.6915353347949823,0.136847643261998,0.4470641096763452,1.2651584722337312,0.1490876043427885,0.98520124280301,0.1262355520790659,0.2565098904710025,0.4815090394883508,0.1670942717139162,,-168.07612472558984,360.15224945117967,400.5999057887116
2026-06-01T19:50:02,45,16,4500163,"ARX(2,1)",True,True,0,-168.07678384826204,360.1535676965241,400.60122403405603,1.3786488664286762,0.0495119030649941,0.6898707307105404,0.1371220752112324,0.4495680617254284,1.2383393374227916,0.1489595097869528,0.9753134364312211,0.1274710136849888,0.2566894756813848,0.4811008589675888,0.1666737805352631,,-168.07678384831382,360.15356769662765,400.6012240341596
2026-06-01T20:09:37,45,17,4500173,"ARX(2,1)",True,True,0,-168.07608515739915,360.1521703147983,400.59982665233025,1.357233740926769,0.048958734936167,0.6919813239298748,0.1373151388564705,0.446615152191298,1.2610601578986187,0.1493183750578605,0.9849569582010382,0.1265056082740446,0.257142532824952,0.4802638604875486,0.1672826752385263,,-168.07608515726793,360.15217031453585,400.5998266520678
2026-06-01T20:20:07,45,18,4500183,"ARX(2,1)",True,True,0,-168.07996962297557,360.15993924595114,400.6075955834831,1.4120083099781158,0.0473271206835077,0.6874935725285697,0.1364467963529363,0.4508449167301123,1.2943226154211482,0.1477660075337587,1.0097674610863647,0.1273001125868973,0.256701949799188,0.4805407850832794,0.1664526988392769,,-168.07996962272745,360.1599392454549,400.6075955829869
2026-06-01T20:34:32,45,19,4500193,"ARX(2,1)",True,True,0,-168.07602085407837,360.15204170815673,400.5996980456887,1.3606606368041585,0.0490035578741034,0.691761750408579,0.1366348425455781,0.4467945060488469,1.2593212998125454,0.1492374055368799,0.9852808814915448,0.1265138675117306,0.2567244227509783,0.4807946071615131,0.1673286564460821,,-168.07602085410625,360.1520417082125,400.5996980457445
2026-06-01T20:45:00,45,20,4500203,"ARX(2,1)",True,True,0,-168.0760658241866,360.1521316483732,400.59978798590515,1.366566075211576,0.0491275342268307,0.6908601884189881,0.1366002689201005,0.4481551388807608,1.2573092556224064,0.1491700588858018,0.9830734544104772,0.126564859001885,0.2568211653835539,0.4810743321133828,0.1669880842530047,,-168.07606582425927,360.15213164851855,400.5997879860505
2026-06-01T20:52:18,45,21,4500213,"ARX(2,1)",True,True,0,-168.07608184292064,360.1521636858413,400.59982002337324,1.3566762429810957,0.0489333160756263,0.6917914581767021,0.1367419703064829,0.4475183719392219,1.259387208086978,0.149405729426858,0.9854188685460016,0.126431401763298,0.2569480254312655,0.4808742991528178,0.167067247985327,,-168.07608184293156,360.1521636858631,400.5998200233951
2026-06-01T21:01:53,45,22,4500223,"ARX(2,1)",True,True,0,-168.07923640848048,360.15847281696097,400.6061291544929,1.3234237682004304,0.0477303300804876,0.6949758196057075,0.1360269733865164,0.4419258722441968,1.3057724827429549,0.1504406486247509,1.0084996181413528,0.1257352809064123,0.2573344026911382,0.4787718543519694,0.1683988634980686,,-168.07923641239125,360.1584728247825,400.60612916231446
2026-06-01T21:14:43,45,23,4500233,"ARX(2,1)",True,True,0,-168.0878983384584,360.1757966769168,400.6234530144487,1.4815106736422294,0.0503114958012107,0.6780530691316573,0.1374621304285881,0.4649837485115666,1.2100395312375951,0.146900036997098,0.9664804997352624,0.1295821677006221,0.2559981146619164,0.4820821209263384,0.1648373649909975,,-168.08789833859993,360.17579667719986,400.6234530147318
2026-06-01T21:23:27,45,24,4500243,"ARX(2,1)",True,True,0,-168.0933735900582,360.1867471801164,400.63440351764837,1.4474259092344215,0.0518738151606166,0.6843745024658676,0.1318869264550837,0.454184270092283,1.2539463021064463,0.1460640120697262,0.9385308572305504,0.1246026665794293,0.2600879107696651,0.4835269138673322,0.1644799111720109,,-168.0933735884156,360.1867471768312,400.6344035143632
2026-06-01T21:30:27,45,25,4500253,"ARX(2,1)",True,True,0,-168.07765455836272,360.15530911672545,400.6029654542574,1.3389531470366538,0.0485426912534068,0.6918072675570255,0.1356218081217686,0.4486514521303441,1.2786683387328392,0.1503094545039088,0.993124870284688,0.125945283226799,0.2580118779040002,0.4803418536581703,0.1660458850485846,,-168.07765455280745,360.1553091056149,400.6029654431469
2026-06-01T21:38:20,45,26,4500263,"ARX(2,1)",True,True,0,-168.57117027883902,361.14234055767804,401.58999689521,2.351107319274603,0.0635151902393638,0.5987437623320837,0.12548521762727,0.5373237127914962,1.116889493817394,0.1320795611517774,0.9513876588317444,0.1376778508267473,0.2399253555528412,0.503009725220874,0.153562385297116,,-168.57117017501866,361.1423403500373,401.5899966875693
2026-06-01T21:45:00,45,27,4500273,"ARX(2,1)",True,True,0,-168.07713324484502,360.15426648969003,400.601922827222,1.350567024309271,0.0489800555726086,0.6955064119687687,0.1371038513653017,0.4415206631849107,1.2570655283238767,0.1486344314126489,0.9863468572186092,0.1251239425273582,0.2555610028332394,0.4823819977016971,0.1687008500488861,,-168.07713280355392,360.15426560710785,400.6019219446398
2026-06-01T22:09:42,45,28,4500283,"ARX(2,1)",True,True,0,-168.0902754023291,360.1805508046582,400.62820714219015,1.3438455184442517,0.0524007015447331,0.6920091461632447,0.1428345241881144,0.4470918747059269,1.1540487890448912,0.1505506082676655,0.9344818137520708,0.1280122257394387,0.2564348060221084,0.4825522135197639,0.1662530818811587,,-168.0902754010067,360.1805508020134,400.6282071395453
2026-06-01T22:35:36,45,29,4500293,"ARX(2,1)",True,True,0,-168.07662556026807,360.15325112053614,400.6009074580681,1.338800649929784,0.0493420539917515,0.6945517568664388,0.1357771216391193,0.4429147194024849,1.2590809630228983,0.1495987597675099,0.9796858059367568,0.1260567700002184,0.2569923813973048,0.4808079751308435,0.1674611392365646,,-168.07662556025784,360.1532511205157,400.6009074580476
2026-06-01T22:45:16,45,30,4500303,"ARX(2,1)",True,True,0,-168.07779456649277,360.15558913298554,400.6032454705175,1.4066159636091884,0.0497807404842362,0.6875325083758118,0.135464116870674,0.451943032170883,1.2500927926960126,0.147906683340696,0.9737578999408354,0.1272066206032896,0.2568465880621804,0.4813489421024495,0.1663493963302553,,-168.07779456635245,360.1555891327049,400.60324547023686
2026-06-01T23:07:45,45,31,4500313,"ARX(2,1)",True,True,0,-168.08357861653423,360.16715723306845,400.6148135706004,1.3547815105282397,0.0464587930710174,0.6898277411632703,0.1388986940782956,0.4518631895242051,1.2916321012327208,0.1501435630576107,1.0324084268124414,0.1269338894653295,0.2576333147435595,0.479190785363376,0.1662718068409794,,-168.0835786164933,360.1671572329866,400.61481357051855
2026-06-01T23:15:09,45,32,4500323,"ARX(2,1)",True,True,0,-168.08864699570313,360.17729399140626,400.6249503289382,1.4819790536527526,0.0505998309492473,0.6842534426789554,0.1350052826476364,0.4544264185110691,1.2332804802460824,0.1450072522096315,0.9761795127219928,0.1266753456153673,0.2556880093040545,0.4850853514529624,0.1651687253320121,,-168.08864699588707,360.1772939917741,400.6249503293061
2026-06-01T23:27:10,45,33,4500333,"ARX(2,1)",True,True,0,-168.07846971236557,360.15693942473115,400.6045957622631,1.4099792964673536,0.0481891108719122,0.6866015454468131,0.1355436335007209,0.4533969424627033,1.2846724449743818,0.1479351625279482,0.9973537914122288,0.126985381065676,0.2564735351042497,0.4807682424848077,0.1668333130086137,,-168.07846971236617,360.15693942473234,400.6045957622643
2026-06-01T23:38:15,45,34,4500343,"ARX(2,1)",True,True,0,-168.07621942289995,360.1524388457999,400.60009518333186,1.37656224032924,0.0489886001254846,0.6902366105762717,0.1363756577855188,0.44862379914778,1.263977203920987,0.1487341903060529,0.9859830946294192,0.1265409516991073,0.2568818951173642,0.4809057805131993,0.1669717156889005,,-168.0762194246765,360.152438849353,400.60009518688497
2026-06-01T23:47:25,45,35,4500353,"ARX(2,1)",True,True,0,-168.07618182956014,360.1523636591203,400.60001999665224,1.3651822942567249,0.0490710002240667,0.6910202612830265,0.135868034803728,0.4476682672457838,1.268833779779106,0.149128426702853,0.9861221293285076,0.1260100786343915,0.2571681750244878,0.4811310065260902,0.1668799209600565,,-168.07618182962966,360.1523636592593,400.6000199967913
2026-06-02T00:05:31,45,36,4500363,"ARX(2,1)",True,True,0,-168.07768881747313,360.15537763494626,400.6030339724782,1.4068635504273512,0.0486939416927527,0.6879274809207874,0.1360698041599001,0.4508586306704241,1.2680076803884948,0.1478762253607482,0.989949611194684,0.1271981238436186,0.2564928200105217,0.4805053441492594,0.1671211984892219,,-168.07768881775618,360.1553776355124,400.6030339730443
2026-06-02T00:19:07,45,37,4500373,"ARX(2,1)",True,True,0,-168.07693243532995,360.1538648706599,400.60152120819185,1.3930044367106185,0.0487288937137083,0.6877266331087036,0.1358972189009353,0.4523847844540385,1.26846900410287,0.1486135984829643,0.9893755426260996,0.1268391361099712,0.2560830149205553,0.4821173809270228,0.1664485924565493,,-168.0769324353245,360.15386487064893,400.6015212081809
2026-06-02T00:43:50,45,38,4500383,"ARX(2,1)",True,True,0,-168.07606939209325,360.1521387841865,400.59979512171844,1.3635847090867534,0.0492273223938548,0.691386280375623,0.1367843505019264,0.4472397661834658,1.2556898438681894,0.1492030208735854,0.9821178868472912,0.1265739842262997,0.2567588024401301,0.4808083799173875,0.1673059701112114,,-168.0760693921166,360.1521387842332,400.5997951217652
2026-06-02T00:59:30,45,39,4500393,"ARX(2,1)",True,True,0,-168.1974318379141,360.3948636758282,400.8425200133602,1.1216912829824897,0.0545093889440442,0.7202326156203659,0.156252132966364,0.4084394497742549,1.0410651615153856,0.1565838032283166,0.9196559143489405,0.1248918637794326,0.2557458174782847,0.4847692699116946,0.1697328200452394,,-168.1974318357192,360.3948636714384,400.8425200089704
2026-06-02T01:34:20,45,40,4500403,"ARX(2,1)",True,True,0,-168.08545081214322,360.17090162428644,400.6185579618184,1.4631523379142817,0.0488311596882811,0.6800696438378104,0.1421804102833765,0.4630380211684102,1.2388443007245722,0.1472901073179409,0.9810195049223116,0.1272474693458169,0.2549222216093592,0.4835468848903295,0.1665003687237266,,-168.08545081462427,360.17090162924853,400.6185579667805
2026-06-01T16:31:35,46,2,4600023,"ARX(2,1)",True,True,0,-168.0760257691851,360.1520515383702,400.59970787590214,1.3606721036905427,0.0490050937976642,0.691618460860509,0.1366925394558759,0.4470101977785096,1.2593112678019196,0.1492821324695029,0.9846698226396414,0.1265814849889626,0.2568107487962182,0.4806562706645606,0.1672950104021417,,-168.07602500735084,360.1520500147017,400.5997063522336
2026-06-01T16:55:04,46,3,4600033,"ARX(2,1)",True,True,0,-168.07630056735087,360.15260113470174,400.6002574722337,1.3564319717264397,0.0493899892342168,0.6917131245627042,0.1358981501397793,0.4475082959822934,1.2582196632032243,0.1494922515961984,0.9783148171138782,0.1265245993949863,0.2568282700851459,0.4814762948990984,0.1667701928507452,,-168.07630056770128,360.15260113540256,400.6002574729345
2026-06-01T17:06:39,46,4,4600043,"ARX(2,1)",True,True,0,-168.16099329079327,360.32198658158654,400.7696429191185,1.6785518398718728,0.0501927234662519,0.6637683550975708,0.1472680636116134,0.4850409242219894,1.1634433867216427,0.1409159059554458,0.9583078158065166,0.1315093555492114,0.2532103061250649,0.4964133438360552,0.1545988888356531,,-168.16099328623403,360.32198657246806,400.76964291
2026-06-01T17:20:30,46,5,4600053,"ARX(2,1)",True,True,0,-168.0761240314353,360.1522480628706,400.5999044004026,1.3533994070598818,0.0491333940714608,0.6922308335636738,0.1368534076274015,0.4461879453075711,1.2560654948392218,0.1495346239757983,0.9820494796440578,0.1265314788485458,0.2567665511508974,0.4807236375586721,0.1673785087284425,,-168.07612403143042,360.15224806286085,400.5999044003928
2026-06-01T17:47:42,46,6,4600063,"ARX(2,1)",True,True,0,-168.0762440859903,360.1524881719806,400.6001445095126,1.369412903214082,0.0488989981509027,0.6909476731374318,0.1358643812638865,0.4477496658558441,1.2696016610228775,0.1489744989030705,0.988063240003305,0.1266442039746946,0.2572428080162212,0.4797536388316799,0.1672704379035486,,-168.076244069518,360.152488139036,400.600144476568
2026-06-01T18:02:51,46,7,4600073,"ARX(2,1)",True,True,0,-153.42346686536877,330.84693373073753,371.2945900682695,9.799562506563074,3.077953747352064,0.7951038504581138,0.8956437517285051,0.3630528556227866,1.5003002916340687e-14,0.0170580565717446,0.0801761586808349,0.0733221644004563,0.2707932192947747,0.6470751755102793,0.0722302309348011,,-153.42346681922595,330.8469336384519,371.2945899759839
2026-06-01T18:24:51,46,9,4600093,"ARX(2,1)",True,True,0,-168.07687568523744,360.1537513704749,400.60140770800683,1.3840887318836803,0.048724440353934,0.6889748271244063,0.1350633356792447,0.4507992371018779,1.278361794069832,0.1485075419371807,0.9904944706892204,0.1263837874437481,0.2573294248374156,0.4803596135486859,0.1668228521871617,,-168.07687568537523,360.15375137075046,400.6014077082824
2026-06-01T18:33:03,46,10,4600103,"ARX(2,1)",True,True,0,-168.0765704672747,360.1531409345494,400.60079727208137,1.3353097445769284,0.0488276675322796,0.6945231139556984,0.1361283879536363,0.443332929301705,1.2679775085590064,0.1498062440973026,0.988538620142254,0.125814526636602,0.2570515814195941,0.4808858302750745,0.1673763811583299,,-168.07657046729426,360.1531409345885,400.6007972721205
2026-06-01T18:38:27,46,11,4600113,"ARX(2,1)",True,True,0,-168.07615114857316,360.1523022971463,400.5999586346783,1.3634671765789277,0.0487873448261086,0.6915331987324557,0.1373382905984204,0.4469952504617576,1.2556533905974794,0.149255975212435,0.9887706443635994,0.1267381931359399,0.2566394474552377,0.4809690381683369,0.1672131443197018,,-168.07615114851842,360.15230229703684,400.5999586345688
2026-06-01T18:52:19,46,12,4600123,"ARX(2,1)",True,True,0,-168.0760739380612,360.1521478761224,400.59980421365435,1.369720562539902,0.048909737561593,0.6906405556180432,0.1365677741016054,0.4482636656920524,1.2619936340293103,0.1490440961228069,0.9865945127295678,0.1266173037708444,0.2567877797405821,0.4807552911987101,0.1671558937566824,,-168.0760739380547,360.1521478761094,400.5998042136413
2026-06-01T19:18:17,46,13,4600133,"ARX(2,1)",True,True,0,-168.08246688498286,360.1649337699657,400.6125901074977,1.4140948664646729,0.0498590239461197,0.6884554681962287,0.140970222010162,0.4494123138496937,1.2066934844718504,0.1478474949525481,0.9650762064045462,0.1297358515603327,0.2568769570666681,0.4768745091084762,0.169035316249482,,-168.0824668604629,360.1649337209258,400.6125900584577
2026-06-01T19:29:26,46,14,4600143,"ARX(2,1)",True,True,0,-168.07752294266055,360.1550458853211,400.60270222285305,1.3731841254845545,0.0488529806867477,0.6895535788682976,0.1363617046005174,0.4497195928550327,1.246054036291666,0.149128674446723,0.9914961878654144,0.1259468120351138,0.2563461538885938,0.4836143881056595,0.1656682179303768,,-168.07752294268448,360.15504588536896,400.6027022229009
2026-06-01T19:46:32,46,15,4600153,"ARX(2,1)",True,True,0,-168.1586321719297,360.3172643438594,400.76492068139135,1.65538580205388,0.0473763059180665,0.6608722969032457,0.1263641032182633,0.4870142863243444,1.412376199743332,0.1423328606290312,1.0217273875448694,0.1275264006627356,0.2558789634737701,0.4788210213577038,0.1658060125556519,,-168.15863216980188,360.31726433960375,400.7649206771357
2026-06-01T20:10:01,46,16,4600163,"ARX(2,1)",True,True,0,-168.84830083265877,361.69660166531753,402.1442580028495,2.8633989657308057,0.0407932426795311,0.5921216055999783,0.1135143063608866,0.5774541926438733,1.543733086666994,0.1201754440685388,1.1631474912853612,0.1233989715893094,0.2444227551354216,0.5139150416559451,0.1494233499396071,,-168.8483008299984,361.6966016599968,402.1442579975288
2026-06-01T20:22:33,46,17,4600173,"ARX(2,1)",True,True,0,-168.07627532548094,360.15255065096187,400.6002069884938,1.347820648599333,0.0487843428028878,0.6924874969061177,0.1366573250433449,0.4456863356673423,1.2696137308565896,0.1496870427009743,0.9890671681079548,0.1258951270980181,0.2573113652988908,0.4805490154633724,0.167267975037322,,-168.07627532548483,360.15255065096966,400.6002069885016
2026-06-01T20:39:44,46,18,4600183,"ARX(2,1)",True,True,0,-168.08556749961463,360.17113499922925,400.6187913367612,1.475407991258187,0.0490856422899228,0.6777342040003338,0.1362428900918191,0.4670978763386853,1.2487633443036028,0.1471809630571845,0.9780209701307884,0.1295740816119562,0.2567872525660258,0.4803811602324382,0.165394011951319,,-168.08556749704871,360.17113499409743,400.6187913316294
2026-06-01T20:52:22,46,19,4600193,"ARX(2,1)",True,True,0,-168.08432965432075,360.1686593086415,400.61631564617346,1.45819628824595,0.0491537048817401,0.6805031439236857,0.1326317162683843,0.4621080940006686,1.2870833803297304,0.1470570519654409,0.9830882909363876,0.1277637837416458,0.2577498958213287,0.4796660159061924,0.1657220083823251,,-168.0843296543116,360.1686593086232,400.6163156461552
2026-06-01T21:03:32,46,20,4600203,"ARX(2,1)",True,True,0,-168.1053674526186,360.2107349052372,400.65839124276914,1.534457911592234,0.0456552600041753,0.677429196881958,0.1372678226276528,0.4613042930745053,1.3168993375739733,0.1440763656040583,1.0398094754839688,0.1290959051255922,0.2534797638005187,0.48015260809057,0.1676640338044722,,-168.10536741488556,360.2107348297711,400.6583911673031
2026-06-01T21:30:12,46,21,4600213,"ARX(2,1)",True,True,0,-168.076066184029,360.152132368058,400.59978870558996,1.359930423698043,0.0488243058360731,0.691656083256202,0.1367119277133029,0.4468644692114314,1.264748257532247,0.1492817875914142,0.9874681733810856,0.1266819608546701,0.2564184231723032,0.4806816733723998,0.1674357004133518,,-168.07606618403224,360.1521323680645,400.5997887055965
2026-06-01T21:41:37,46,22,4600223,"ARX(2,1)",True,True,0,-168.0762052454107,360.1524104908214,400.60006682835336,1.3738930397496498,0.0487406251763597,0.6909118392980456,0.1368238859101042,0.4478450629038512,1.2614790900859043,0.1487658346743456,0.9889414403491462,0.1269276828274782,0.2564637239190813,0.4805063727197577,0.1674743165065783,,-168.0762052454312,360.1524104908624,400.6000668283944
2026-06-01T21:50:32,46,23,4600233,"ARX(2,1)",True,True,0,-168.07605500246933,360.15211000493866,400.5997663424706,1.358056021769216,0.0490392652391667,0.6919410733024483,0.1371708681284001,0.4464807403537436,1.2593980052235327,0.1492812617586955,0.9858413367951973,0.1262438981360933,0.2565275396578098,0.481168465119361,0.1672726636304892,,-168.07605500234342,360.15211000468685,400.5997663422188
2026-06-01T22:01:24,46,24,4600243,"ARX(2,1)",True,True,0,-168.076163027158,360.152326054316,400.59998239184796,1.3632945183428928,0.0491953978899936,0.691312833019409,0.1360190644113897,0.4474567139305725,1.2618363071791403,0.1491326824273793,0.9829237133250172,0.1258318610132119,0.2566060493225558,0.4823413521522665,0.1666837590807025,,-168.0761630274211,360.1523260548422,400.59998239237416
2026-06-01T22:32:48,46,25,4600253,"ARX(2,1)",True,True,0,-168.07697985182608,360.15395970365216,400.6016160411841,1.375901957042597,0.0497143102154422,0.6911227571695349,0.1371775961423888,0.4468186450298484,1.2360578754870808,0.1487541796939947,0.9749616155040716,0.1271481139459116,0.2572796584456777,0.4804298683263044,0.1669816657570556,,-168.0769798525806,360.1539597051612,400.60161604269314
2026-06-01T22:42:15,46,26,4600263,"ARX(2,1)",True,True,0,-168.07686220107337,360.15372440214674,400.6013807396787,1.3822814463971496,0.0496731245260161,0.688917552982402,0.1368762392264524,0.4509744462821778,1.2397464894465575,0.1489771601450404,0.9736025054776288,0.127320452353026,0.2563933292097047,0.4816018565220543,0.1666315052443523,,-168.07686220106842,360.15372440213685,400.6013807396688
2026-06-01T22:51:50,46,27,4600273,"ARX(2,1)",True,True,0,-168.07758195903403,360.15516391806807,400.6028202556,1.3226598953764288,0.0491478643003213,0.6951230532362672,0.1356520252145014,0.4420145154834602,1.2660113006462306,0.1504781801421812,0.980370363357665,0.126124019356753,0.2569475962978589,0.4801165652784004,0.167871424225337,,-168.07758195791646,360.15516391583293,400.6028202533649
2026-06-01T23:07:46,46,28,4600283,"ARX(2,1)",True,True,0,-168.07781933090808,360.15563866181617,400.6032949993481,1.322782179682222,0.0488414972931564,0.6962457860140715,0.1387923185482256,0.4402211371703518,1.246084426769454,0.1500452196679907,0.985538398033181,0.1265592149017116,0.256685446103912,0.4796194423094154,0.1684823707032843,,-168.077819310147,360.155638620294,400.60329495782594
2026-06-01T23:15:08,46,29,4600293,"ARX(2,1)",True,True,0,-168.9992428394812,361.9984856789624,402.4461420164944,0.80558401012258,0.1038155359076267,0.7613840674634053,0.1420912442062195,0.3277782788554249,0.972674416191787,0.1595429328701708,0.7610857322049009,0.0838663987688169,0.2687805988276289,0.4992833091794599,0.1772174570451371,,-168.9992428364102,361.9984856728204,402.44614201035233
2026-06-01T23:27:38,46,30,4600303,"ARX(2,1)",True,True,0,-168.07637377627645,360.1527475525529,400.60040389008486,1.3759733729433143,0.0493906621562489,0.6900086252341519,0.1367224465424472,0.4489987537357423,1.2468447896144197,0.1489417210597617,0.9800652334332736,0.127011684075772,0.2565205937150986,0.481168155238411,0.1669859666629714,,-168.07637377627725,360.1527475525545,400.60040389008645
2026-06-01T23:35:07,46,31,4600313,"ARX(2,1)",True,True,0,-168.07675906521612,360.15351813043225,400.6011744679642,1.376733616388966,0.048836793294815,0.6908211432445208,0.1346939207894636,0.447713918932353,1.2678674702612118,0.1488215858368522,0.9871560271534784,0.1275215905701361,0.2568287271096959,0.4791411899848712,0.1681126619035964,,-168.07675906680657,360.1535181336131,400.601174471145
2026-06-02T00:11:14,46,32,4600323,"ARX(2,1)",True,True,0,-168.07699561958194,360.1539912391639,400.6016475766958,1.3646302152420076,0.0497626130628828,0.6911976335697043,0.1376076102614872,0.4477467776815165,1.2310514309774538,0.1493090640094541,0.9731651644323136,0.1271260275747773,0.2565885795312775,0.4810619360652451,0.1671737090163141,,-168.07699561966135,360.15399123932275,400.6016475768547
2026-06-02T00:24:42,46,33,4600333,"ARX(2,1)",True,True,0,-168.89746649658449,361.79493299316897,402.2425893307009,0.7751227484296608,0.0830313632445836,0.7689371301672433,0.1778847789834058,0.3356220331111613,0.8637021502398421,0.1648353419015555,0.7551524508568397,0.1191897396019851,0.258601292187654,0.4795427919476031,0.1770220988438466,,-168.89746649651445,361.7949329930289,402.24258933056086
2026-06-02T00:39:10,46,34,4600343,"ARX(2,1)",True,True,0,-168.09532552955585,360.1906510591117,400.63830739664365,1.5118846934740138,0.0503163530108168,0.6799693237373327,0.1310380463066358,0.4594053368239219,1.2143371982278626,0.1450370381615749,0.9724032771892804,0.1307640562988656,0.2570585723811801,0.4823336450885718,0.1634648255607521,,-168.0953255295484,360.1906510590968,400.6383073966288
2026-06-02T00:58:18,46,35,4600353,"ARX(2,1)",True,True,0,-168.07641339591135,360.1528267918227,400.60048312935464,1.3509167459579468,0.0492882542587733,0.6938069947917236,0.1358863705669744,0.4432705178186704,1.254758764332197,0.1491751415228903,0.9820103728636116,0.1258467741316064,0.2571893308388053,0.4810287025090172,0.167472057463778,,-168.07641339524147,360.15282679048295,400.6004831280149
2026-06-02T01:09:49,46,36,4600363,"ARX(2,1)",True,True,0,-168.07607250920708,360.15214501841416,400.5998013559461,1.3532527939681611,0.0489246847351679,0.6924667437785145,0.1365829473140397,0.4459400169560742,1.2619271719172898,0.1493804464443663,0.9865350147383376,0.1261994169584961,0.256597641060328,0.4811955448130164,0.1673190024348476,,-168.0760725091735,360.152145018347,400.599801355879
2026-06-02T01:40:55,46,38,4600383,"ARX(2,1)",True,True,0,-168.07669997682945,360.1533999536589,400.60105629119084,1.386043086579421,0.0492472936846951,0.6891784634463097,0.136375006565999,0.4506672956621909,1.2484900614499568,0.148673509463809,0.9805154663282816,0.127111342904404,0.2566004800534555,0.4823827302240282,0.1659712530414135,,-168.0766999774632,360.1533999549264,400.6010562924584
2026-06-02T01:49:35,46,39,4600393,"ARX(2,1)",True,True,0,-168.07664947685413,360.15329895370826,400.6009552912402,1.3391317013418842,0.0488166358539726,0.6932668159572271,0.1389241784519054,0.4453201936275312,1.2584617026134612,0.1499629537333738,0.984156979920644,0.1263681633062719,0.2569297530879238,0.4802277757396226,0.167664978173627,,-168.07664947508948,360.15329895017896,400.6009552877109
2026-06-02T02:01:05,46,40,4600403,"ARX(2,1)",True,True,0,-168.07759252188154,360.1551850437631,400.60284138129504,1.3856934644453482,0.0501688355580252,0.6868931903271018,0.1348711310460108,0.4542735224498792,1.250163084881313,0.1491356448153357,0.96919793347176,0.1271994688416323,0.2568585260257936,0.4812020019061758,0.1661924547747854,,-168.07759252098708,360.15518504197416,400.6028413795061
2026-06-01T16:35:52,47,3,4700033,"ARX(2,1)",True,True,0,-168.0928145684883,360.1856291369766,400.63328547450857,1.432854369220372,0.0535104583668054,0.6809153578066157,0.1402966884702888,0.4638872064425317,1.165229376133282,0.1482746987352817,0.9271299277747862,0.1273937074209982,0.2566606513173459,0.4837884953165809,0.1650615546229241,,-168.0928145572443,360.1856291144886,400.6332854520206
2026-06-01T16:53:13,47,4,4700043,"ARX(2,1)",True,True,0,-168.0764416600328,360.1528833200656,400.60053965759755,1.3380891697373185,0.0488423162252515,0.69430093534108,0.1369790632073414,0.4433253386243724,1.2616845414695372,0.1497872196576967,0.987858169469542,0.126119521453953,0.2567713352112553,0.4803998365646791,0.167864162124133,,-168.07644166014734,360.1528833202947,400.6005396578266
2026-06-01T17:02:46,47,5,4700053,"ARX(2,1)",True,True,0,-168.07808811817995,360.1561762363599,400.60383257389185,1.363028173400789,0.0496934238656074,0.691440556421033,0.139274005744349,0.4473444223607479,1.2184401028801473,0.1494220567469276,0.9740370763689428,0.1272912062094383,0.2561913900384716,0.4815554951056851,0.1672833377954924,,-168.07808811820112,360.15617623640225,400.6038325739342
2026-06-01T17:13:11,47,6,4700063,"ARX(2,1)",True,True,0,-168.0760532718644,360.1521065437288,400.59976288126074,1.364297107596299,0.0488952632668075,0.6914318067324614,0.136774819167134,0.4475692181925704,1.2575040960546455,0.1491308844644303,0.9852157767470586,0.1267317549450785,0.2567519409763235,0.4806023492356274,0.1673976026873899,,-168.07605327098943,360.15210654197887,400.5997628795108
2026-06-01T17:34:58,47,8,4700083,"ARX(2,1)",True,True,0,-168.08123390150936,360.1624678030187,400.6101241405507,1.2887558659755156,0.0476703838947007,0.6992211940366593,0.1369641292508933,0.4372137593854559,1.2965131045569542,0.1510321455079095,1.0076971599231177,0.1242002753594447,0.2570468151725139,0.4804664245115808,0.1686202050810943,,-168.08123390158565,360.1624678031713,400.6101241407033
2026-06-01T17:49:48,47,9,4700093,"ARX(2,1)",True,True,0,-168.07607116454773,360.15214232909545,400.5997986666274,1.3671601925583932,0.0491345325733703,0.690920877017611,0.1362552771625042,0.4480865768357501,1.2586280623913442,0.1491009374055012,0.9830907471142886,0.1267012335876765,0.256929888806893,0.4807124129674627,0.1670466832660691,,-168.07607116454687,360.1521423290937,400.5997986666257
2026-06-01T18:24:52,47,11,4700113,"ARX(2,1)",True,True,0,-168.07878069466662,360.15756138933324,400.6052177268652,1.3241555966703265,0.0480340600707428,0.6947904885334821,0.1370097801463679,0.4431445596385667,1.2904788216540788,0.1499992936152181,1.004959436726338,0.1250642735927495,0.2558995004910022,0.4787219026486881,0.1700031538113776,,-168.07878070461555,360.1575614092311,400.6052177467631
2026-06-01T18:34:25,47,12,4700123,"ARX(2,1)",True,True,0,-168.07610334540988,360.15220669081975,400.5998630283517,1.3595321399412446,0.0486663300349987,0.6923025275671111,0.1367776522686856,0.4456873182779788,1.2647540178018333,0.1491700371040679,0.9910401312596844,0.1262954696040766,0.2565919316563556,0.4811371987656723,0.1672973655512439,,-168.07610334479827,360.15220668959654,400.5998630271285
2026-06-01T19:01:52,47,14,4700143,"ARX(2,1)",True,True,0,-168.07607783489817,360.15215566979634,400.5998120073283,1.354745885285369,0.0488517645634057,0.6922178476856556,0.1367728206751577,0.4462309610920347,1.2598432926216254,0.1494718671619785,0.9879750572057984,0.126521744788128,0.2568258431253721,0.4806348919494392,0.1673755829759158,,-168.07607783489837,360.15215566979674,400.5998120073287
2026-06-01T20:15:46,47,15,4700153,"ARX(2,1)",True,True,0,-168.0761355013973,360.1522710027946,400.59992734032653,1.366557583253895,0.048784578753705,0.6908243226559999,0.135721254004685,0.4483267804851412,1.2686798535522863,0.1491457032275774,0.9883201393642708,0.1264457849122564,0.2567386848228783,0.4807849766238742,0.1672303093734087,,-168.07613549702023,360.15227099404046,400.5999273315724
2026-06-01T20:25:56,47,16,4700163,"ARX(2,1)",True,True,0,-168.08376149961143,360.16752299922285,400.6151793367548,1.443487858306432,0.0473095115594856,0.6834670334842257,0.132834475162505,0.4575913531852286,1.299540486652339,0.1471187223178487,1.0125264503000215,0.1272540271722385,0.2561259625893992,0.4827711496324922,0.1648569683498205,,-168.0837615549253,360.1675231098506,400.61517944738256
2026-06-01T20:35:05,47,17,4700173,"ARX(2,1)",True,True,0,-168.08321692809227,360.16643385618454,400.6140901937165,1.3985282187310006,0.0513429501379519,0.6897828189144881,0.1411739440595905,0.4452998981488566,1.2123433027586896,0.1482037674775418,0.971055214560027,0.12559513680818,0.2578055138459599,0.4820397719610786,0.1661326870969852,,-168.08321691427733,360.16643382855466,400.6140901660866
2026-06-01T20:48:43,47,18,4700183,"ARX(2,1)",True,True,0,-168.07861801459194,360.1572360291839,400.60489236671583,1.3042115635051292,0.0486469280934028,0.6981492045994777,0.1378037940926738,0.4381770123182767,1.26203529740217,0.1505715186619504,0.990529769223713,0.1254203046393844,0.2568746704499828,0.4800646181033116,0.1686560317994574,,-168.07861801482187,360.15723602964374,400.6048923671757
2026-06-01T21:00:42,47,19,4700193,"ARX(2,1)",True,True,0,-168.08240544476791,360.16481088953583,400.6124672270678,1.2836476947424065,0.047622326255945,0.7006635010771125,0.1389497863017383,0.4347987762841714,1.265562849652106,0.1511603455144687,1.0090743002721327,0.1248024253264461,0.2566812223081119,0.4815236247420131,0.1682080539589274,,-168.08240544504844,360.1648108900969,400.6124672276288
2026-06-01T21:07:14,47,20,4700203,"ARX(2,1)",True,True,0,-168.07607981730206,360.1521596346041,400.59981597213607,1.3653353445781018,0.0491171947907101,0.6912350640649918,0.1371547198295043,0.447651021671425,1.254428752431901,0.1491115317657609,0.9835298557680624,0.1265243167657658,0.2568054766210746,0.4808182463709459,0.1672858882872677,,-168.0760798173077,360.1521596346154,400.5998159721473
2026-06-01T21:17:38,47,21,4700213,"ARX(2,1)",True,True,0,-168.1349789160281,360.2699578320562,400.71761416958816,1.4441794878413217,0.0416602018036472,0.6848544582689485,0.1335858381137729,0.4522106130544827,1.4664344729919108,0.1464639582138719,1.117602099073049,0.1264130625623641,0.2559521199206963,0.4763169089728986,0.1691775251814737,,-168.13497891483354,360.2699578296671,400.71761416719903
2026-06-01T21:25:16,47,22,4700223,"ARX(2,1)",True,True,0,-168.0979087403191,360.1958174806382,400.64347381817015,1.4721052288326062,0.0530464331180517,0.6779277319681914,0.1294501080679386,0.4670615637764049,1.234630744272092,0.1469529679997716,0.9217827758902318,0.1293375179575633,0.2609231701247353,0.4784876714758596,0.1632962288666387,,-168.0979087404004,360.1958174808008,400.6434738183328
2026-06-01T21:48:10,47,23,4700233,"ARX(2,1)",True,True,0,-168.34621571967227,360.69243143934455,401.1400877768765,2.0518182717244646,0.0560641929699266,0.6413604744384531,0.1260080770206229,0.5241801057068662,1.0439073686655842,0.1333046200957193,0.8828350495134467,0.1409607414795877,0.2520761064447153,0.4866783509217519,0.1595995521792003,,-168.34621571070286,360.6924314214057,401.1400877589377
2026-06-01T22:03:24,47,24,4700243,"ARX(2,1)",True,True,0,-168.10300110834544,360.2060022166909,400.65365855422283,1.427931464862346,0.052662572308249,0.6888843483484901,0.1406893282853683,0.4489558549652779,1.1221894828712564,0.1471042203455641,0.9237614401628892,0.1289489127818973,0.254216900120066,0.486565940474415,0.1651753616058933,,-168.10300100409395,360.2060020081879,400.6536583457199
2026-06-01T22:17:38,47,25,4700253,"ARX(2,1)",True,True,0,-168.16535256581463,360.33070513162926,400.7783614691612,1.6021790489784755,0.0584962146074193,0.6688401383619178,0.1356175119411038,0.4779771471734774,1.0570835561155203,0.1442647029632432,0.8654526847749752,0.1361325222297382,0.2573356536566676,0.4781197458560828,0.1645842907463533,,-168.16535256588827,360.3307051317765,400.7783614693085
2026-06-01T22:30:41,47,26,4700263,"ARX(2,1)",True,True,0,-168.0763864902588,360.1527729805176,400.6004293180496,1.3749582590707314,0.0490748502635182,0.690136762438073,0.1373373382615092,0.4485974719417184,1.2661639243582683,0.1488555460269277,0.9842949110257432,0.1263414909683176,0.2562404976711682,0.4810465789301152,0.1674898325605713,,-168.07638649047436,360.1527729809487,400.6004293184807
2026-06-01T22:46:50,47,27,4700273,"ARX(2,1)",True,True,0,-168.07730054568066,360.1546010913613,400.60225742889327,1.3977087002977326,0.0485389862627724,0.6881277589322246,0.1378987496166304,0.4505387157569665,1.2583498028890552,0.1483546252814561,0.9925902318995729,0.1273293282461601,0.2563700823892104,0.4804216685415965,0.1672251640151041,,-168.0773005460032,360.1546010920064,400.6022574295383
2026-06-01T23:04:37,47,29,4700293,"ARX(2,1)",True,True,0,-168.07797053185016,360.1559410637003,400.60359740123226,1.4114861612809302,0.0486057156556332,0.6869350988192581,0.1361403167486631,0.4526912768833526,1.268919573209645,0.1478516413248279,0.990869500548804,0.1274653713593078,0.2566881278185428,0.480052906882172,0.1670887146439737,,-168.07797053183629,360.15594106367257,400.6035974012045
2026-06-01T23:11:57,47,30,4700303,"ARX(2,1)",True,True,0,-168.07610859910395,360.1522171982079,400.59987353573985,1.365091560906504,0.0490576789362721,0.6908239029528138,0.1356468811933008,0.4484125209491152,1.2650597390130438,0.1492141963372821,0.9858298760297518,0.1265123480777258,0.2570655693820666,0.4806750967709028,0.166957767578539,,-168.07610859912435,360.1522171982487,400.5998735357807
2026-06-01T23:28:47,47,31,4700313,"ARX(2,1)",True,True,0,-140.4635961836708,304.9271923673416,345.37484870487356,4.831677235830765,2.03238883993866,0.7858776669959473,0.2162450856130664,0.3922011034385709,0.2510299898226306,0.0491898255511949,0.1900903322435335,0.0282726645052372,0.345298421679281,0.6705197430312299,0.0532837444786288,,-140.46359618414192,304.92719236828384,345.3748487058158
2026-06-01T23:43:19,47,32,4700323,"ARX(2,1)",True,True,0,-168.07742131468612,360.15484262937224,400.6024989669042,1.3253809935962224,0.0482520699874008,0.6953167335511284,0.1377953704817033,0.4419390987969467,1.2673489977818433,0.150265547551528,0.9993921046847238,0.1257923119410672,0.2566225545586854,0.4807076553810208,0.1679123428357329,,-168.07742131469195,360.1548426293839,400.6024989669159
2026-06-01T23:55:20,47,33,4700333,"ARX(2,1)",True,True,0,-168.0762072131069,360.1524144262138,400.60007076374575,1.3539973296929977,0.0485425297861096,0.6928200139687517,0.1373844198123227,0.4454089337510923,1.2650614285007833,0.1493026398488948,0.9922723584673704,0.1261279645148484,0.2569073517446945,0.4802783409629983,0.1679975412644305,,-168.07620719130577,360.15241438261154,400.6000707201435
2026-06-02T00:05:45,47,34,4700343,"ARX(2,1)",True,True,0,-168.0906421627459,360.1812843254918,400.62894066302374,1.4789333523041288,0.0505712226132022,0.6793285348088881,0.1387997910555895,0.4640744280977094,1.186183503773426,0.1469486231588551,0.9525119627243092,0.1305849522637883,0.2566651671165184,0.4820958057164637,0.1642352288861819,,-168.09064216216763,360.18128432433525,400.6289406618672
2026-06-02T00:14:26,47,35,4700353,"ARX(2,1)",True,True,0,-168.0774596131887,360.1549192263774,400.60257556390934,1.4046449309438864,0.0486682548691898,0.6874121442905134,0.1367658138115393,0.4518971922539018,1.262127079018317,0.1481762345241714,0.989123392373644,0.1276827529371121,0.2563595944536463,0.4800842443775154,0.167241895668167,,-168.07745961318727,360.15491922637455,400.6025755639065
2026-06-02T00:33:22,47,36,4700363,"ARX(2,1)",True,True,0,-168.08500454571038,360.17000909142075,400.6176654289527,1.4760662320537827,0.0489157521603582,0.6796062412738544,0.135744790844754,0.4620973369596002,1.2606496121400743,0.1466289575643548,0.9895325635566122,0.1283769816430086,0.2556317228456933,0.4822704708778318,0.1654253122058652,,-168.08500447086402,360.17000894172804,400.61766527926
2026-06-02T00:41:58,47,37,4700373,"ARX(2,1)",True,True,0,-168.0797129066586,360.1594258133172,400.6070821508492,1.4316746444560475,0.0492536681981778,0.6843430516357791,0.1345773760269238,0.4557460689567678,1.2628429467405184,0.1475651607269165,0.980878413354236,0.1284541377576664,0.2569504160774106,0.479545782723342,0.1663108072471736,,-168.07971290667842,360.15942581335685,400.6070821508888
2026-06-02T00:51:39,47,38,4700383,"ARX(2,1)",True,True,0,-168.07604042123836,360.1520808424767,400.5997371800087,1.359446284635169,0.048887742621973,0.6916342915379267,0.1364938387100606,0.4471353465490864,1.2640368357050151,0.1492847401399784,0.9865338961328376,0.1263057460808548,0.2569086870555747,0.4807844697253521,0.1671837778926795,,-168.0760404233527,360.1520808467054,400.59973718423737
2026-06-02T01:11:11,47,39,4700393,"ARX(2,1)",True,True,0,-168.076096625944,360.152193251888,400.59984958941993,1.357728993483296,0.0491175095324795,0.6921602590807524,0.1367108107326091,0.4462676976809325,1.2536482259090778,0.1493129609948017,0.9837228702843724,0.1264753262689014,0.2566693632424004,0.4812978449863429,0.1671115839269767,,-168.0760966212664,360.1521932425328,400.5998495800648
2026-06-02T01:24:25,47,40,4700403,"ARX(2,1)",True,True,0,-168.08596540394507,360.17193080789013,400.6195871454221,1.3324809386861214,0.0469382543850114,0.6944942882594854,0.1439131044166678,0.4411069119050947,1.2412241771019328,0.1502012122879155,1.0202710685129852,0.1243043551168606,0.2530904841393242,0.4866369170769504,0.1678667528504765,,-168.08596540280536,360.1719308056107,400.61958714314267
2026-06-01T16:35:43,48,3,4800033,"ARX(2,1)",True,True,0,-168.08532285839138,360.17064571678276,400.6183020543147,1.298188234601776,0.050695664108506,0.6972807882316903,0.1378647498374745,0.4399808803784977,1.1936545554384737,0.151427803772716,0.9635181167766464,0.1260354671508347,0.2568783421213941,0.4832236172924107,0.1664627340603264,,-168.08532285483045,360.1706457096609,400.61830204719286
2026-06-01T16:52:30,48,4,4800043,"ARX(2,1)",True,True,0,-168.10387052680755,360.2077410536151,400.65539739114706,1.3308291279613669,0.0449597103232217,0.7045714972212624,0.1313946720179462,0.4274934373299644,1.3842205912537948,0.146098770208969,1.0525841397590483,0.1210472483218201,0.2543980898677156,0.4861108372261368,0.1691999062404624,,-168.1038705262061,360.2077410524122,400.65539738994414
2026-06-01T17:06:48,48,5,4800053,"ARX(2,1)",True,True,0,-168.08096067622512,360.16192135245024,400.6095776899822,1.2821467522578531,0.0486798986999457,0.7000460080220369,0.137446564620889,0.436220120131963,1.2645634411428963,0.1512500390447656,0.9912351993784932,0.1245733116272978,0.2571104819941148,0.480936973334531,0.1683270197159299,,-168.08096067622853,360.16192135245706,400.609577689989
2026-06-01T17:19:37,48,6,4800063,"ARX(2,1)",True,True,0,-168.0766309676498,360.1532619352996,400.60091827283156,1.3770447753900437,0.0481015912091433,0.6897703520159922,0.1367055883677876,0.4497527824769262,1.277231249186256,0.1488475210404143,0.9965749892081636,0.1266521519244622,0.2566176246513488,0.4806142153061094,0.1672579350998236,,-168.07663096766188,360.15326193532377,400.6009182728557
2026-06-01T17:33:43,48,7,4800073,"ARX(2,1)",True,True,0,-168.0768515338032,360.1537030676064,400.60135940513834,1.3642594622194049,0.0481750532679456,0.6912872388404483,0.1353982891290824,0.4474385635648739,1.288546486271609,0.1490210289908179,0.9971227345127314,0.1261189650141251,0.2566936830095324,0.4808345473080831,0.167280849673822,,-168.07685153265442,360.15370306530883,400.6013594028408
2026-06-01T17:40:57,48,8,4800083,"ARX(2,1)",True,True,0,-168.0917188901197,360.1834377802394,400.63109411777134,1.267010113053473,0.0495181722864303,0.70194730984949,0.1426307227688081,0.4321733795555249,1.1927031935390522,0.1521839618636521,0.982096479540414,0.1256019443798794,0.2545293965504795,0.4843826812512382,0.1679794497177175,,-168.09171888961205,360.18343777922405,400.631094116756
2026-06-01T17:51:06,48,9,4800093,"ARX(2,1)",True,True,0,-168.08144315609474,360.16288631218947,400.6105426497214,1.2967479381175306,0.049304375452093,0.6997303332359895,0.1399239360342899,0.4365105857264308,1.2267814865655042,0.150602021345391,0.9817394145518265,0.1252946548153824,0.2574758851780984,0.4819514433125044,0.1672465407276988,,-168.0814431541506,360.1628863083012,400.6105426458332
2026-06-01T18:03:39,48,10,4800103,"ARX(2,1)",True,True,0,-168.11506604856896,360.2301320971379,400.6777884346699,1.5918213818692537,0.0516080502032379,0.6735912078271779,0.138133107896571,0.466684587049163,1.2245674445623598,0.1424767042341143,0.9394423428120476,0.1301764972779648,0.2566954814054435,0.479378212312279,0.1659229046097238,,-168.11506469027609,360.23012938055217,400.6777857180841
2026-06-01T18:11:37,48,11,4800113,"ARX(2,1)",True,True,0,-168.09101444368844,360.1820288873769,400.6296852249088,1.4001975232431247,0.0511151354638315,0.6901869567682959,0.1239968506849782,0.4444870471794133,1.2898783903734132,0.1473883946357792,0.97235185568419,0.1245018564507765,0.2600359576108065,0.4890084831620206,0.1588410149805588,,-168.09101443810556,360.1820288762111,400.6296852137431
2026-06-01T18:26:10,48,12,4800123,"ARX(2,1)",True,True,0,-168.07604925864408,360.15209851728815,400.5997548548201,1.3611670484526033,0.0490820870315852,0.691842699406934,0.1364721118595787,0.4465553775428085,1.2573150609003385,0.149197137072782,0.9847616994636555,0.1263411525855114,0.2566464429439518,0.4814534755178281,0.1670233012673516,,-168.07604925863063,360.15209851726127,400.5997548547932
2026-06-01T18:35:23,48,13,4800133,"ARX(2,1)",True,True,0,-168.0763063553194,360.1526127106388,400.60026904817073,1.3496953439099484,0.0486142993542113,0.6927147301443852,0.1376206931199654,0.4456444249172441,1.271399447721411,0.1494673205043539,0.9898289006301318,0.125980740057897,0.2570324889554676,0.4801206815397421,0.1678997321541522,,-168.07630635531353,360.15261271062707,400.600269048159
2026-06-01T18:43:49,48,14,4800143,"ARX(2,1)",True,True,0,-168.07667142731407,360.15334285462814,400.6009991921601,1.3351369980211798,0.0491269596013026,0.6951245679848608,0.1368357021264591,0.4419188680864392,1.255696609242469,0.1497039397767232,0.9832258089649112,0.1259268825422921,0.2569165204851982,0.4809491807942027,0.1675407427696016,,-168.0766714272977,360.1533428545954,400.60099919212735
2026-06-01T18:51:59,48,15,4800153,"ARX(2,1)",True,True,0,-168.07631047177725,360.1526209435545,400.60027728108645,1.3705158470897425,0.0486008170069924,0.6901381325393339,0.1359525091018333,0.4490946391404034,1.273858498185394,0.1491059228217251,0.99139562581737,0.1266152819293629,0.256929422811215,0.4803368076485336,0.1671875561122869,,-168.07631047182798,360.152620943656,400.6002772811879
2026-06-01T19:07:35,48,16,4800163,"ARX(2,1)",True,True,0,-168.07611404824846,360.1522280964969,400.59988443402887,1.3599986943042652,0.0492910177320291,0.6915750938127194,0.1366898428729578,0.4470567626391927,1.2555873082638112,0.1493523713749629,0.9809054234497846,0.1263036422653405,0.256709604514504,0.4813094794065073,0.167078493393719,,-168.07611404819153,360.15222809638306,400.599884433915
2026-06-01T19:16:13,48,17,4800173,"ARX(2,1)",True,True,0,-168.66363544061835,361.3272708812367,401.77492721876865,2.485082954394008,0.0621613138022357,0.6395563597754756,0.1357316679950297,0.4928726221144878,0.9635502659326088,0.1224082710735369,0.8390978090562221,0.1447328999623462,0.2664867627184669,0.4615673217467159,0.1648599608491629,,-168.66363544041988,361.32727088083976,401.7749272183717
2026-06-01T19:31:36,48,18,4800183,"ARX(2,1)",True,True,0,-168.0881747785457,360.1763495570914,400.62400589462334,1.441907565079912,0.0472044016003962,0.6849460952912365,0.1301726651098165,0.454655848292091,1.3287400211510008,0.1464132419581761,1.0272738029939912,0.1256349317573995,0.2554884067434894,0.4841587487581907,0.1652011905039885,,-168.08817478348976,360.1763495669795,400.6240059045115
2026-06-01T19:45:29,48,19,4800193,"ARX(2,1)",True,True,0,-168.0760483584541,360.1520967169082,400.59975305444016,1.3594119115474348,0.049124041954938,0.6916254989928495,0.1365982625258283,0.4471508022047463,1.2589423598335203,0.1493123073123107,0.9834258260741604,0.1264914467921202,0.2569084470514048,0.4805630442211026,0.1673692774742683,,-168.0760483582896,360.1520967165792,400.5997530541112
2026-06-01T19:54:44,48,20,4800203,"ARX(2,1)",True,True,0,-168.07610285988557,360.15220571977113,400.5998620573031,1.371113186087127,0.048899698385941,0.6904071859755214,0.1363338007801635,0.4486872227211778,1.2634422349030123,0.149021140615046,0.986601862631768,0.126603812543301,0.2566507546783944,0.4809419255242333,0.1671187478678478,,-168.07610285988957,360.1522057197791,400.59986205731104
2026-06-01T20:18:38,48,21,4800213,"ARX(2,1)",True,True,0,-168.07603169730083,360.15206339460167,400.5997197321336,1.3579937123427583,0.0488206169311878,0.6919000724432541,0.1368055816503151,0.4466918513168602,1.2630513913255397,0.1493245051529557,0.9874002481303268,0.1264056069345544,0.2565792946417083,0.4809260793418782,0.1673720941259278,,-168.07603169726394,360.1520633945279,400.59971973205984
2026-06-01T20:28:04,48,22,4800223,"ARX(2,1)",True,True,0,-168.0761534545182,360.1523069090364,400.59996324656834,1.357730493127712,0.0487202087950982,0.691951611222574,0.1370119389508048,0.446318253737852,1.2675821771176958,0.1493499209856457,0.9923165493068276,0.1260434833143436,0.2568506631968426,0.4810395675780601,0.1673069663851989,,-168.07615345367583,360.15230690735166,400.5999632448836
2026-06-01T20:43:07,48,23,4800233,"ARX(2,1)",True,True,0,-168.078555903098,360.157111806196,400.60476814372794,1.330373805449259,0.0479247531328637,0.6965756244181931,0.1360105631288629,0.4416565183920315,1.269649887167351,0.1493201834561787,1.0018213905240152,0.125688507953814,0.2590928551964595,0.4801786213312471,0.1663171169287134,,-168.07855590047308,360.1571118009461,400.6047681384781
2026-06-01T20:51:50,48,24,4800243,"ARX(2,1)",True,True,0,-168.14864354168589,360.29728708337177,400.7449434209037,1.4806858145932675,0.055717091893346,0.6811508229767785,0.1460741548552749,0.4589560350685262,1.0382000814582422,0.147811280597468,0.8920446195188206,0.1363148356529365,0.2545220402866367,0.4822652113209691,0.1659526787558337,,-168.14864353886736,360.2972870777347,400.7449434152667
2026-06-01T21:08:04,48,25,4800253,"ARX(2,1)",True,True,0,-168.07901651827945,360.1580330365589,400.60568937409084,1.3561460353476409,0.0480564563830815,0.6933674398066786,0.1314802082618303,0.4433244663716855,1.3008633353628212,0.1493889204931241,1.00495044284717,0.1265797575187349,0.2563483031576469,0.4813862450188473,0.1669647350212295,,-168.07901651807302,360.15803303614604,400.605689373678
2026-06-01T21:19:57,48,26,4800263,"ARX(2,1)",True,True,0,-168.07643528700567,360.15287057401133,400.6005269115433,1.340863105351191,0.0484275466563641,0.6941726306955439,0.1376560365180264,0.4435051088188253,1.2664142121652264,0.149648286908509,0.9914893080164684,0.126165599157767,0.2563727229789502,0.4806414207056167,0.1680173800128412,,-168.07643528630103,360.15287057260207,400.600526910134
2026-06-01T21:26:55,48,27,4800273,"ARX(2,1)",True,True,0,-168.07606338813792,360.15212677627585,400.5997831138078,1.3676268952912105,0.0488001823602136,0.6909805707184673,0.136597846572543,0.4478339824466208,1.2637730948194636,0.1490614725469707,0.9884172935527248,0.1265342215656847,0.2565981146993339,0.4808968460848528,0.1672849155296919,,-168.0760633881223,360.1521267762446,400.5997831137765
2026-06-01T21:36:37,48,28,4800283,"ARX(2,1)",True,True,0,-168.09184347747833,360.18368695495667,400.6313432924886,1.4387542883568378,0.050605290003977,0.6832342096962084,0.1371073312367567,0.4567002725012725,1.1755856272109642,0.1481043411961314,0.9496947930973104,0.1274101894279198,0.252528155142987,0.4921930353174523,0.1629089805834795,,-168.09184347757838,360.1836869551568,400.6313432926887
2026-06-01T21:48:18,48,29,4800293,"ARX(2,1)",True,True,0,-168.07880562668862,360.15761125337724,400.6052675909092,1.3809200103252803,0.0474858437354167,0.6897820467875733,0.1355685095321628,0.4495251516710882,1.3046518991237552,0.1484420869196737,1.0117288713709136,0.1253707053443592,0.2559069415310268,0.4815693513127462,0.1676129453395076,,-168.07880562307594,360.1576112461519,400.6052675836838
2026-06-01T22:06:31,48,31,4800313,"ARX(2,1)",True,True,0,-168.07611261317294,360.1522252263459,400.59988156387783,1.3538407847924083,0.0486353346162996,0.6921365175934416,0.136827989608188,0.4465496282849431,1.2668590562103357,0.1494965757158876,0.9903441851242968,0.1261669289113654,0.2567173125773316,0.4811280343309023,0.1672601473478763,,-168.07611261319437,360.15222522638874,400.5998815639207
2026-06-01T22:18:05,48,32,4800323,"ARX(2,1)",True,True,0,-168.08567712247566,360.1713542449513,400.61901058248327,1.441027478539578,0.0473639991005783,0.6839171465857244,0.1331948811305116,0.4557297918609972,1.326713552457744,0.1469100227786081,1.0076620510083696,0.1270568801372749,0.256371492254434,0.4796364061509184,0.1671360109010271,,-168.08567711056168,360.1713542211233,400.6190105586553
2026-06-01T22:37:42,48,33,4800333,"ARX(2,1)",True,True,0,-168.14163587827665,360.2832717565533,400.73092809408524,1.5829252215695395,0.0549416154755864,0.6761331135592303,0.1298773724586029,0.4568772046128417,1.1194062819632529,0.1431732140911496,0.9025634421021912,0.1349258851509061,0.2564537420736756,0.4841157804471669,0.1596468005537392,,-168.14163587747782,360.28327175495565,400.7309280924876
2026-06-01T23:00:03,48,34,4800343,"ARX(2,1)",True,True,0,-168.10433757161763,360.20867514323527,400.6563314807672,1.2722988124121737,0.0502752041516249,0.7055756486633713,0.141785877058925,0.4223268681766807,1.1749067064820506,0.1513484939821275,0.9637444212392534,0.130367492343951,0.2560315612398964,0.4702378894833702,0.175612257569865,,-168.10433756338855,360.2086751267771,400.65633146430906
2026-06-01T23:09:03,48,35,4800353,"ARX(2,1)",True,True,0,-168.07694935114154,360.1538987022831,400.601555039815,1.3697020880330817,0.0500187575486507,0.68955080120984,0.1362522982256957,0.4508986733982218,1.2411870063315154,0.1493165135530281,0.969722531718088,0.126634298076354,0.2568772024407402,0.4821410952115481,0.1661867343918123,,-168.07694935139247,360.15389870278494,400.6015550403169
2026-06-01T23:23:15,48,36,4800363,"ARX(2,1)",True,True,0,-168.0934493349257,360.1868986698514,400.63455500738337,1.263882688505501,0.0508495590083712,0.7006556699092681,0.1417354685365504,0.4372409486805834,1.1761682859318734,0.1525088024222604,0.9519898073069368,0.1255523717201362,0.2565436519834881,0.4846490095859223,0.1664202363136233,,-168.09344931805225,360.1868986361045,400.63455497363645
2026-06-01T23:32:26,48,37,4800373,"ARX(2,1)",True,True,0,-168.08051406791424,360.1610281358285,400.6086844733604,1.337398884669047,0.046798698289627,0.6929799868134637,0.1339986466954665,0.4451301631382194,1.3073051824762985,0.1502880990934342,1.0157874560914897,0.1272639217227053,0.2590049281074179,0.4759080763015071,0.1677464038791964,,-168.08051407430622,360.16102814861244,400.6086844861444
2026-06-01T23:42:22,48,38,4800383,"ARX(2,1)",True,True,0,-168.07605711336618,360.15211422673235,400.5997705642643,1.3605252694286802,0.0488921300092751,0.6918116976165618,0.1361401709634533,0.4468948045168559,1.2622714107081492,0.1492065218157555,0.9860878647956643,0.1262144309702112,0.2567127532656976,0.4810337242828595,0.1674780714156271,,-168.07605711355495,360.1521142271099,400.59977056464186
2026-06-01T23:52:10,48,39,4800393,"ARX(2,1)",True,True,0,-168.0762637609086,360.1525275218172,400.60018385934916,1.3627414185146698,0.0494127782788377,0.6909189102573472,0.1361066006848628,0.4481526147160758,1.2529412761632186,0.1493931486303925,0.9775630934833924,0.1266166098615276,0.2572160765257663,0.4811698507764035,0.1665487214529225,,-168.07626376272566,360.1525275254513,400.6001838629833
2026-06-02T00:01:03,48,40,4800403,"ARX(2,1)",True,True,0,-168.07612922745687,360.15225845491375,400.5999147924457,1.3732323150033978,0.0490041364055,0.6902979113544567,0.1362548268772904,0.4487722935776845,1.2606937660183406,0.1489570424061219,0.9849125302320008,0.1266237630051034,0.256662890539289,0.4812285941520037,0.1669232770913567,,-168.07612922740856,360.1522584548171,400.59991479234907
2026-06-01T16:30:31,49,2,4900023,"ARX(2,1)",True,True,0,-168.25635456060795,360.5127091212159,400.96036545874784,1.9680314092809577,0.0477663412419474,0.6393863025461953,0.1336601564487936,0.5150074605757461,1.3042493873426138,0.1355423796295116,1.013391581302124,0.1344703240357918,0.2539218921662244,0.4828657457713012,0.1617784000165626,,-168.2563545386207,360.5127090772414,400.9603654147734
2026-06-01T16:47:10,49,3,4900033,"ARX(2,1)",True,True,0,-168.07671031882393,360.15342063764786,400.6010769751798,1.3405445086271464,0.0489448774282567,0.6923615981714161,0.1371230095551082,0.4465581188553394,1.2571550688385067,0.1502965356746119,0.98483518165003,0.1270231035890636,0.2574486908037008,0.4789387464377364,0.1675968951940088,,-168.07671005436558,360.15342010873115,400.6010764462631
2026-06-01T16:58:20,49,4,4900043,"ARX(2,1)",True,True,0,-168.07607218047067,360.15214436094135,400.5998006984733,1.3602981258143307,0.0489066377225674,0.6914545474161496,0.1362398112825832,0.4474830190073275,1.2647108549884032,0.1493704854683742,0.986145694022394,0.1267007187238673,0.2567662838594189,0.4806786833709244,0.1672035162629803,,-168.0760721804907,360.1521443609814,400.5998006985134
2026-06-01T17:06:50,49,5,4900053,"ARX(2,1)",True,True,0,-168.08089160746272,360.16178321492544,400.6094395524574,1.3002496131809451,0.0495051135402617,0.6962906419662386,0.1363563321642045,0.4419930911713208,1.2632194034235886,0.1512237090271539,0.970924944859548,0.1244180483410626,0.2566946571958236,0.4835225646452807,0.1671656195557178,,-168.08089160427446,360.1617832085489,400.60943954608086
2026-06-01T17:26:11,49,6,4900063,"ARX(2,1)",True,True,0,-168.0807884147042,360.1615768294084,400.6092331669403,1.3279040041829662,0.0469719249767784,0.6950044263140079,0.1322057411238918,0.4422849609683104,1.3056191297004132,0.1504291665549312,1.0185623458353528,0.1259810748343533,0.2558358815135542,0.4816506568036537,0.167735325474849,,-168.08078841470808,360.16157682941616,400.6092331669481
2026-06-01T17:35:28,49,7,4900073,"ARX(2,1)",True,True,0,-168.0760378095438,360.1520756190876,400.59973195661956,1.3623930572738665,0.0488075942065517,0.691763767210091,0.1370311518447289,0.4465705088625465,1.2621701217088248,0.1491400272487165,0.987100505337708,0.1264654643303415,0.2567402996476303,0.4808575749704616,0.1673305564910881,,-168.0760378094191,360.1520756188382,400.5997319563701
2026-06-01T17:46:44,49,8,4900083,"ARX(2,1)",True,True,0,-168.07754476475182,360.15508952950364,400.6027458670356,1.3705441638885083,0.0486810555050112,0.6916916412158948,0.1367289132578883,0.4465470945623281,1.2815004996708863,0.148696185328588,0.9868961252447822,0.1266436973292834,0.258301961460108,0.4772509636207653,0.1681254480207288,,-168.07754476470137,360.15508952940274,400.6027458669347
2026-06-01T18:02:53,49,9,4900093,"ARX(2,1)",True,True,0,-168.07721992140108,360.15443984280216,400.6020961803341,1.378466159584036,0.0492738093097255,0.6905792680365032,0.138238470096404,0.4473891619225594,1.240057643070428,0.1489038772177183,0.9822804438648168,0.1279663596087196,0.2554835175266744,0.4808052790972486,0.1680165114445095,,-168.0772199938252,360.1544399876504,400.6020963251824
2026-06-01T18:15:43,49,10,4900103,"ARX(2,1)",True,True,0,-168.0912041933774,360.1824083867548,400.63006472428674,1.5023686002900214,0.0500390449906013,0.679893791033314,0.1302371245954624,0.4604613056447217,1.271449436520523,0.1450640552317935,0.9729195654041712,0.1287227607996086,0.2554518103151719,0.4812178779849598,0.166185103459671,,-168.09120418937718,360.1824083787544,400.6300647162863
2026-06-01T18:26:07,49,11,4900113,"ARX(2,1)",True,True,0,-168.5429295314824,361.0858590629648,401.53351540049675,2.5055227625754486,0.0498345069781216,0.6056312104612388,0.1223126156765146,0.5551460632006633,1.3726324723750654,0.1262015295270664,1.0206725281458586,0.1315996632039696,0.2536459056161733,0.4909659836717057,0.1549675031219669,,-168.54292952633338,361.0858590526668,401.5335153901987
2026-06-01T18:42:18,49,12,4900123,"ARX(2,1)",True,True,0,-168.07606860228822,360.15213720457643,400.5997935421084,1.356193302101039,0.0488320187000742,0.691757298455847,0.1365173314263311,0.4471764433669549,1.2625862910150003,0.1494899669743802,0.9872855814711832,0.126563685227886,0.2569325217690387,0.4804817252334769,0.1672682763847011,,-168.07606860233454,360.1521372046691,400.599793542201
2026-06-01T19:00:42,49,13,4900133,"ARX(2,1)",True,True,0,-168.09060711100204,360.1812142220041,400.62887055953604,1.5067501032079431,0.0490482712054607,0.6800605442826719,0.1360130585371583,0.4596728192147886,1.2634679712874115,0.1449077760611213,0.9845969757343096,0.1288122887455031,0.2558807406675346,0.4819365176847735,0.1651670201845687,,-168.0906071108763,360.18121422175267,400.6288705592846
2026-06-01T19:11:56,49,14,4900143,"ARX(2,1)",True,True,0,-168.07660665597047,360.15321331194093,400.6008696494729,1.3522332252216571,0.0482870174974064,0.6925580157042517,0.1367543260579992,0.4455596966872504,1.283158455973875,0.1493469454149067,0.99508374722676,0.1258132913920227,0.2566402442211981,0.4807317929728436,0.1676294110663072,,-168.0766066559747,360.1532133119494,400.60086964948135
2026-06-01T19:26:33,49,15,4900153,"ARX(2,1)",True,True,0,-168.07857218120694,360.1571443624139,400.6048006999458,1.402453698720686,0.0484203758014978,0.689112921840317,0.1401179953281397,0.4489247106621168,1.2465507710611423,0.1479673920286079,0.9882260100616912,0.1286808945055139,0.2556428914156742,0.4784115152103554,0.1686677402072324,,-168.07857218126128,360.15714436252256,400.6048007000545
2026-06-01T19:36:51,49,16,4900163,"ARX(2,1)",True,True,0,-169.0480566330735,362.096113266147,402.5437696036789,3.325865873070959,0.037756432371499,0.579094749983537,0.1196697461880621,0.5924009704763696,1.556596248893026,0.1141953583437983,1.1514586926155876,0.1308706723351962,0.2427653975802722,0.5018857840667108,0.155934353107907,,-169.04805660768824,362.0961132153765,402.5437695529084
2026-06-01T19:51:54,49,17,4900173,"ARX(2,1)",True,True,0,-168.07648721520093,360.15297443040185,400.6006307679338,1.3422933080670965,0.0489606522660909,0.6928771373595336,0.1359342087174332,0.4458757545902504,1.268741685603452,0.1499893010674794,0.9906113807604292,0.1260717960806818,0.2565182204391012,0.481116374829459,0.1673819267591517,,-168.07648721430573,360.15297442861146,400.6006307661434
2026-06-01T19:58:29,49,18,4900183,"ARX(2,1)",True,True,0,-168.07952122568884,360.1590424513777,400.6066987889096,1.4206216647893246,0.0482623971421809,0.6868166742051509,0.1352421568369599,0.4529741898606648,1.286798733430729,0.1472796881355809,0.9954195543151332,0.1268381117973029,0.2571157725317007,0.48022072211534,0.1668854567366642,,-168.07952122171588,360.15904244343176,400.6066987809637
2026-06-01T20:18:20,49,20,4900203,"ARX(2,1)",True,True,0,-168.08772041409676,360.17544082819353,400.6230971657255,1.4219547507203991,0.0505318216801329,0.685536950482104,0.1321654855786638,0.4577718879394458,1.284172492926366,0.1471158230718405,0.9557506443730732,0.1266073933810508,0.2593685599819754,0.4774462405515365,0.1683333089186704,,-168.0877204140698,360.1754408281396,400.62309716567154
2026-06-01T20:26:21,49,21,4900213,"ARX(2,1)",True,True,0,-168.51868943697582,361.03737887395164,401.4850352114836,2.486592577120244,0.0470053185367057,0.6190741463999568,0.1264473093763241,0.5400998129386283,1.326795383675307,0.1241649086570799,1.0143548777545717,0.1331525763102275,0.2578218643362563,0.4827955415802537,0.1581914303111659,,-168.5186894377398,361.0373788754796,401.48503521301154
2026-06-01T20:35:12,49,22,4900223,"ARX(2,1)",True,True,0,-168.09148413810283,360.18296827620566,400.6306246137376,1.306835494699775,0.0515781998275074,0.6919885401947977,0.1388519128363259,0.4548871606405186,1.210155496770904,0.1520791469219351,0.9559953995923852,0.1274164768943211,0.2526329079385631,0.4824513283998332,0.1687253479027338,,-168.09148413685088,360.18296827370176,400.6306246112337
2026-06-01T20:50:23,49,23,4900233,"ARX(2,1)",True,True,0,-168.0771957538766,360.1543915077532,400.60204784528514,1.360205749874418,0.0480011383973352,0.6922870626909671,0.1350692635378266,0.4454889018290552,1.2926981692875434,0.1489831230801486,1.0027290725774305,0.1256713738857335,0.2571675711583157,0.4802155499963907,0.1676465330334766,,-168.0771957538683,360.1543915077366,400.6020478452685
2026-06-01T20:58:25,49,24,4900243,"ARX(2,1)",True,True,0,-168.0763586525288,360.1527173050576,400.60037364258955,1.3787616214645686,0.0492820819069035,0.6900930050046985,0.1365930094421398,0.4488424557082671,1.2501290264766085,0.1487827178018394,0.9814524454021284,0.1270581295682781,0.25639723252148,0.4810688183771874,0.1671500621205449,,-168.0763586525377,360.1527173050754,400.60037364260734
2026-06-01T21:09:04,49,25,4900253,"ARX(2,1)",True,True,0,-168.07605702220104,360.1521140444021,400.59977038193404,1.355480853566667,0.0490019394113459,0.6921412659333088,0.1363957774727257,0.4465743701084815,1.259687595120753,0.1493938027738341,0.9852889763169466,0.1262587094487768,0.2567482018888162,0.4813557035675522,0.1670849749786439,,-168.0760570221615,360.152114044323,400.59977038185497
2026-06-01T21:20:14,49,26,4900263,"ARX(2,1)",True,True,0,-168.07614104578695,360.1522820915739,400.59993842910586,1.3624190685137696,0.0489206439766725,0.6906559378104712,0.1372121849316095,0.4480556641943919,1.2623114440445722,0.1495018509159426,0.9864005700027952,0.126648187977108,0.2566204260490938,0.4800676171794309,0.1677603261827673,,-168.07614104578926,360.1522820915785,400.59993842911047
2026-06-01T21:35:43,49,27,4900273,"ARX(2,1)",True,True,0,-168.07636548630896,360.1527309726179,400.60038731014987,1.3505363442692169,0.0484622375402992,0.6934043695319851,0.1362871386531894,0.4447797285327398,1.2748449610236736,0.1492155825589945,0.9926098198804444,0.1256832236166563,0.2565462068008357,0.4817297172121572,0.1672596097954489,,-168.07636548556872,360.15273097113743,400.6003873086694
2026-06-01T21:45:23,49,28,4900283,"ARX(2,1)",True,True,0,-168.07608458256956,360.1521691651391,400.5998255026711,1.3673917893617566,0.0486848257753283,0.6913206214137817,0.136938398840308,0.4471585440654929,1.2644956423926144,0.1489901875365011,0.988449800194314,0.1264788137644066,0.2565740080010005,0.4807708188486179,0.1674872180736035,,-168.0760845826005,360.152169165201,400.5998255027329
2026-06-01T21:58:33,49,29,4900293,"ARX(2,1)",True,True,0,-168.0855307008981,360.1710614017962,400.61871773932813,1.4054732841035364,0.0478337565369247,0.6902251965602937,0.1466924730090843,0.4507875358038949,1.2574496372701134,0.1467908358391016,0.9986851295785856,0.1268255800657411,0.2592437935174595,0.4750434572061338,0.1685565481731111,,-168.08553071878998,360.17106143758,400.6187177751119
2026-06-01T22:03:54,49,30,4900303,"ARX(2,1)",True,True,0,-168.07692682166038,360.15385364332076,400.6015099808527,1.3926199939069752,0.049189852192308,0.688610192689892,0.1368637717411733,0.4509831790045609,1.246612667557783,0.1483735484742915,0.98116750700649,0.1271236541482859,0.2567650314100672,0.4814402657918743,0.1665107067645179,,-168.0769268215539,360.1538536431078,400.6015099806398
2026-06-01T22:14:05,49,31,4900313,"ARX(2,1)",True,True,0,-168.07993640690995,360.1598728138199,400.60752915135186,1.416598112194654,0.0489161541197465,0.6879769077626796,0.1358979106042613,0.4490377593227729,1.26049233320912,0.1472554134252668,0.9951119273165856,0.1256967451611337,0.2556105240684232,0.4843195916329476,0.1655645453075442,,-168.0799363945863,360.1598727891726,400.60752912670455
2026-06-01T22:24:08,49,32,4900323,"ARX(2,1)",True,True,0,-168.07706518122296,360.1541303624459,400.6017866999779,1.3977302318440787,0.049117926419729,0.6888287578317038,0.1366719843126799,0.4503005854128636,1.254198792039809,0.1480766757107763,0.98281096800241,0.1272262252726752,0.2561206231921767,0.4814585307140043,0.1668441451669919,,-168.07706518109006,360.1541303621801,400.6017866997121
2026-06-01T22:44:27,49,33,4900333,"ARX(2,1)",True,True,0,-168.07606702124903,360.15213404249806,400.59979038003,1.3671995075131165,0.0489328706296415,0.6907217853251215,0.1364420805018955,0.4485502165075474,1.261283363900742,0.1491495467544858,0.9859624362487704,0.1265179645498275,0.2566661470307632,0.4812721224307189,0.1668922226479875,,-168.07606702152486,360.1521340430497,400.5997903805817
2026-06-01T22:56:57,49,34,4900343,"ARX(2,1)",True,True,0,-168.07861342256433,360.15722684512866,400.6048831826606,1.30858986340977,0.0481162663218835,0.697248415598528,0.1368859042922409,0.4397136205439371,1.2799281103098707,0.1505842495167975,0.9982584507629124,0.1258427133781276,0.2577229764255348,0.4783977675774218,0.1686178415454446,,-168.07861342244263,360.15722684488526,400.6048831824172
2026-06-01T23:08:48,49,35,4900353,"ARX(2,1)",True,True,0,-168.07611709462077,360.15223418924154,400.5998905267735,1.3601220354131096,0.048825447303065,0.692057677498191,0.1364719669643888,0.4465221818165211,1.2687272459147192,0.1490448590661827,0.9890974377036004,0.12631476399138,0.2570724336686017,0.4801159449819658,0.1675255802673275,,-168.07611709476373,360.15223418952746,400.5998905270594
2026-06-01T23:18:55,49,36,4900363,"ARX(2,1)",True,True,0,-168.0770689293851,360.1541378587702,400.60179419630214,1.3624202066683075,0.0480170553609393,0.6917220318144907,0.1361949016019818,0.4463477829632598,1.2912195217107083,0.1489875801453715,1.0020953129469818,0.125794006186336,0.2567557467177339,0.4800201223976173,0.1679684200815358,,-168.07706893196308,360.15413786392617,400.6017942014581
2026-06-02T00:07:34,49,38,4900383,"ARX(2,1)",True,True,0,-168.07613654139035,360.1522730827807,400.59992942031266,1.3569323276463634,0.0489809845169468,0.6920455781998401,0.1363392280001295,0.446689230229388,1.2662213306814063,0.1492810223374675,0.985402480928025,0.1264492395833894,0.2569327295496921,0.4797965678958236,0.1678669924399502,,-168.0761365412338,360.1522730824676,400.5999294199996
2026-06-02T00:16:57,49,39,4900393,"ARX(2,1)",True,True,0,-168.07603079309342,360.15206158618685,400.5997179237188,1.3603686249052729,0.0489568002833408,0.6917859331374939,0.1365211582276797,0.4470112300578983,1.2618836456157705,0.1492012194286553,0.9853551159616278,0.1263715729706829,0.2566449091775461,0.4810162157646697,0.1673761496648564,,-168.0760307930084,360.1520615860168,400.5997179235487
2026-06-02T00:31:22,49,40,4900403,"ARX(2,1)",True,True,0,-168.07784787363482,360.15569574726965,400.6033520848016,1.347779818454805,0.0503210362605029,0.6928805285183278,0.1345297397945897,0.445455825745401,1.2422838975678856,0.149627377450341,0.9645245242030356,0.1276368253963821,0.257410576416345,0.4788744849228519,0.1675773587599181,,-168.07784787368126,360.15569574736253,400.6033520848945
2026-06-01T16:38:50,50,3,5000033,"ARX(2,1)",True,True,0,-168.08533691500324,360.1706738300065,400.61833016753843,1.411093223758057,0.0501525224684265,0.6875306176575263,0.1438092982823083,0.4556599942239155,1.187733509355241,0.147865258273534,0.9629239806041572,0.1282696568225975,0.2542903658313258,0.4821158142084618,0.1687196800877801,,-168.08533690907402,360.17067381814803,400.61833015568
2026-06-01T17:35:52,50,5,5000053,"ARX(2,1)",True,True,0,-168.07606699685522,360.15213399371044,400.5997903312424,1.3608146039695734,0.0491720781251772,0.6915919546923257,0.1361232541273342,0.4472202129910868,1.260484541910976,0.1492064787459895,0.9836911499696394,0.1263592059952087,0.2566629253951045,0.4814620950057907,0.1668564547230999,,-168.07606699608976,360.1521339921796,400.5997903297115
2026-06-01T17:48:10,50,6,5000063,"ARX(2,1)",True,True,0,-168.07605069505183,360.15210139010367,400.5997577276356,1.3561176884929005,0.0488721654137376,0.692363247380806,0.1370717336607519,0.4458532132567773,1.261582513829601,0.1492831238784015,0.9867169608923868,0.1263094936147498,0.2568766941024863,0.4807844509670133,0.1673482622880547,,-168.07605070873132,360.15210141746263,400.5997577549946
2026-06-01T18:07:47,50,7,5000073,"ARX(2,1)",True,True,0,-168.07605125130294,360.1521025026059,400.59975884013784,1.365972252338114,0.0487608102731764,0.6911839870612705,0.1367431392118495,0.4476306515456189,1.2618871782800427,0.1491080019675493,0.9882731679969374,0.1266695074512494,0.2566513761872637,0.4807622268521686,0.167276765027888,,-168.07605125157696,360.1521025031539,400.59975884068587
2026-06-01T18:19:15,50,8,5000083,"ARX(2,1)",True,True,0,-168.07602598692438,360.15205197384876,400.5997083113807,1.3641348751622766,0.0489012640298247,0.6913279043820905,0.1365219238781919,0.4474367073732025,1.2611608966290866,0.1491841595366236,0.9864539236463092,0.1265864337550905,0.2567480336524348,0.4809490783815519,0.1671374307049524,,-168.07602598690184,360.1520519738037,400.5997083113356
2026-06-01T18:34:11,50,9,5000093,"ARX(2,1)",True,True,0,-168.0760487415752,360.1520974831504,400.59975382068234,1.3633952679127397,0.0487075438967511,0.6915117691894656,0.1366884725259371,0.4470997600986083,1.265263959675402,0.1491375613714924,0.9892284258749064,0.1264398025779586,0.2566218037360709,0.4809110595770025,0.1673269821681472,,-168.07604874185347,360.15209748370694,400.5997538212389
2026-06-01T18:44:51,50,10,5000103,"ARX(2,1)",True,True,0,-168.08471550517626,360.1694310103525,400.6170873478845,1.264386077776938,0.0480244398226633,0.7038801750561535,0.1361142750177926,0.4304617084088021,1.2825821659277783,0.1510374432551572,1.0016168631211335,0.1230013310228438,0.2561310709129046,0.4833732708783095,0.1686033794805596,,-168.0847155051665,360.169431010333,400.617087347865
2026-06-01T18:54:50,50,11,5000113,"ARX(2,1)",True,True,0,-168.1541800110603,360.3083600221206,400.75601635965256,1.7131825578768145,0.0471256755641248,0.651867356649848,0.1325106016880742,0.5011546571686866,1.2886831018074494,0.142878253071511,1.015729306631456,0.1329209606284281,0.2568363116628053,0.4814804466844149,0.1604216903317343,,-168.1541799972045,360.308359994409,400.75601633194094
2026-06-01T19:06:41,50,12,5000123,"ARX(2,1)",True,True,0,-168.07691687614366,360.1538337522873,400.60149008981926,1.3911956231910256,0.0488523227967544,0.6887773420697056,0.1346945362761864,0.4501734759276121,1.268495559483441,0.1484832592734632,0.9880690227034038,0.1271565431920646,0.2575075505583984,0.4805388759672402,0.166313151980772,,-168.07691687610148,360.15383375220296,400.6014900897349
2026-06-01T19:36:50,50,13,5000133,"ARX(2,1)",True,True,0,-168.0765775821941,360.1531551643882,400.60081150192013,1.3561872960906758,0.0481337586685999,0.6922737195059953,0.1363018544513728,0.4459812107428591,1.2830118927726917,0.1492433049888195,0.9984878399257568,0.1258636311099981,0.2566309951106356,0.4809223757171342,0.167507293054193,,-168.0765775821627,360.1531551643254,400.6008115018574
2026-06-01T19:43:34,50,14,5000143,"ARX(2,1)",True,True,0,-168.08705516945474,360.1741103389095,400.62176667644144,1.2609163103524073,0.0473597585960377,0.7025209646635129,0.1360578750554123,0.4336981779018456,1.318382380033463,0.1511215211407639,1.0104251454155762,0.122708134479584,0.2573078142406265,0.4806041350951338,0.1689567310874836,,-168.0870551661634,360.1741103323268,400.62176666985874
2026-06-01T19:59:19,50,15,5000153,"ARX(2,1)",True,True,0,-168.07618279124387,360.15236558248773,400.6000219200197,1.3744611699762757,0.0490848775036238,0.6903322508390051,0.1369796791109189,0.4484543326574272,1.2567378188566538,0.1489589328015839,0.9834947281468814,0.1268392184524328,0.2564921669736525,0.481153487611736,0.1670198539177094,,-168.07618279131012,360.15236558262023,400.6000219201522
2026-06-01T20:07:09,50,16,5000163,"ARX(2,1)",True,True,0,-168.08064912735796,360.1612982547159,400.60895459224787,1.3501113004297915,0.0504423010133094,0.6922070522927711,0.1418964902267724,0.4468445407585623,1.2041809311061555,0.1499532282453718,0.9610295233414194,0.1275117269352642,0.2546603790598343,0.4810181078783902,0.1690835401065845,,-168.080649122344,360.161298244688,400.60895458222
2026-06-01T20:20:52,50,17,5000173,"ARX(2,1)",True,True,0,-168.07606686495276,360.15213372990553,400.5997900674375,1.3564899338417298,0.0491198794385816,0.6922083560996325,0.1367175455974667,0.4461395922267708,1.2575617060974142,0.1493621565784945,0.9833766708192464,0.126380904282661,0.2565512472507886,0.4811607091017364,0.1673414968309072,,-168.0760668663296,360.1521337326592,400.5997900701912
2026-06-01T20:35:53,50,18,5000183,"ARX(2,1)",True,True,0,-168.07641346063264,360.1528269212653,400.6004832587972,1.3411897441682064,0.0485429834600816,0.694144097193036,0.1378463582002472,0.4435161371641534,1.2632308927958025,0.1496256165479325,0.9907062209466816,0.1260670812433364,0.2563933646228599,0.4805514982258855,0.1681658596943594,,-168.0764133214763,360.1528266429526,400.60048298048457
2026-06-01T20:45:37,50,19,5000193,"ARX(2,1)",True,True,0,-168.07617474669007,360.15234949338014,400.6000058309121,1.360761293665176,0.0489022710934576,0.692038840557184,0.1352851597178844,0.4467033883163574,1.2701090329971303,0.149058712340224,0.988988050976256,0.1260577238702416,0.2566007696802608,0.4814975642849685,0.167115768518084,,-168.07617474643197,360.1523494928639,400.60000583039584
2026-06-01T20:59:44,50,20,5000203,"ARX(2,1)",True,True,0,-168.0764463446103,360.1528926892206,400.60054902675256,1.3669952776105945,0.0487450929595604,0.6913426675235351,0.1355192199516975,0.4470837901563934,1.2782551650916734,0.1488623508298732,0.989192232046721,0.1263140191154651,0.2571243177213156,0.4801518273568201,0.1673121131327978,,-168.07644634455906,360.1528926891181,400.60054902665007
2026-06-01T21:15:04,50,21,5000213,"ARX(2,1)",True,True,0,-168.07776761883534,360.1555352376707,400.60319157520263,1.3281165108022577,0.0487529334485736,0.69403229337387,0.1366000755093675,0.4455825004382837,1.2582431968810963,0.1502694079682178,0.9933043808884146,0.1262550996286517,0.2580423550149822,0.4792791910896226,0.1674150108104787,,-168.07776762819907,360.15553525639814,400.6031915939301
2026-06-01T21:22:32,50,22,5000223,"ARX(2,1)",True,True,0,-168.07621810503673,360.15243621007346,400.6000925476054,1.3728950857009814,0.0492416780213848,0.6904694264002338,0.1365969769570169,0.4488077513970429,1.2563975731922965,0.1489419148064505,0.9809973743501242,0.1267116331339066,0.2572622729041246,0.4804464461727034,0.1671297365554226,,-168.0762181048906,360.1524362097812,400.6000925473131
2026-06-01T21:31:09,50,23,5000233,"ARX(2,1)",True,True,0,-168.0760979414335,360.152195882867,400.59985222039893,1.3602136352206031,0.0488981576616992,0.6915301543416063,0.1362636180156951,0.4472461043112498,1.2664874749753643,0.1492713265930876,0.9856369405420295,0.1265595025748735,0.2569928977648924,0.4801383068497662,0.1674368563070028,,-168.07609794135158,360.15219588270315,400.5998522202351
2026-06-01T21:38:11,50,24,5000243,"ARX(2,1)",True,True,0,-168.07625779213282,360.15251558426564,400.6001719217976,1.3589904397656063,0.0484681841621718,0.6919286141823549,0.1373948556055603,0.4465375075474779,1.266209348433118,0.1492125233539632,0.9945325960893135,0.1261050512390027,0.2563875467823677,0.4817375132505245,0.1670358050009958,,-168.07625778715482,360.15251557430963,400.6001719118416
2026-06-01T21:46:35,50,25,5000253,"ARX(2,1)",True,True,0,-168.07692706139824,360.1538541227965,400.6015104603284,1.3666754175040527,0.0481089541375253,0.6913660104410116,0.135628707413473,0.4468215104436108,1.2890829579424172,0.1489309381420918,1.0003048694945615,0.1260209253133334,0.256840909445607,0.4805115790590041,0.1674003328436903,,-168.07692706136578,360.1538541227316,400.6015104602635
2026-06-01T22:02:05,50,26,5000263,"ARX(2,1)",True,True,0,-168.07656165182323,360.15312330364645,400.6007796411784,1.3461677571657362,0.049515614848643,0.6931239970222476,0.1372349615345379,0.4453607955941043,1.2439149885920102,0.1497094196493854,0.9774586825811168,0.1265102683913469,0.2568986518791229,0.4809285935399416,0.1672556012672985,,-168.07656165189502,360.15312330379004,400.600779641322
2026-06-01T22:08:48,50,27,5000273,"ARX(2,1)",True,True,0,-168.30879618341874,360.61759236683747,401.0652487043694,1.16685815742911,0.0571246179177993,0.7080163954061641,0.1379378378437428,0.4453893472888676,0.9355197101418544,0.1578761287230698,0.8844883199661947,0.1308520754255177,0.2609994344240934,0.4785133566900489,0.1677685368552037,,-168.30879609180744,360.6175921836149,401.0652485211468
2026-06-01T22:16:48,50,28,5000283,"ARX(2,1)",True,True,0,-168.07653383871275,360.1530676774255,400.60072401495745,1.375019564724868,0.0483075980929642,0.6901178666369404,0.13580889115599,0.4488974538296031,1.2784534524049358,0.1488515999552487,0.9946165864115772,0.1265651211815675,0.2567150983905663,0.4807989192310341,0.167031771591866,,-168.07653383863845,360.1530676772769,400.60072401480886
2026-06-01T22:23:08,50,29,5000293,"ARX(2,1)",True,True,0,-168.07612771449527,360.15225542899054,400.5999117665225,1.3663322863997116,0.0489965892212752,0.6911336471399641,0.1361218723701611,0.4473944299045181,1.2665704335232324,0.1490312513149755,0.9853888052035368,0.126358386885035,0.2569697125318294,0.4810190860624568,0.1669376472201668,,-168.07612771447629,360.15225542895257,400.5999117664845
2026-06-01T22:38:38,50,30,5000303,"ARX(2,1)",True,True,0,-168.07874399269957,360.15748798539914,400.6051443229311,1.3075384233769416,0.0487614822105982,0.6976813582767672,0.1356282983251252,0.4383514526770857,1.2787577967469828,0.150380812041416,0.99044575278949,0.1245855493097014,0.2571249817880478,0.482067039148808,0.167062535591722,,-168.07874399276767,360.15748798553534,400.6051443230673
2026-06-01T22:54:59,50,31,5000313,"ARX(2,1)",True,True,0,-168.2780091150414,360.5560182300828,401.0036745676148,2.033208821892645,0.0531697063554636,0.637133709563872,0.1253825626739078,0.5173151505001811,1.2245279833202285,0.1338744544111995,0.938011259697016,0.1346488858822626,0.2547500039401414,0.4847746710049586,0.1595138105405656,,-168.27800911021768,360.55601822043536,401.0036745579673
2026-06-01T23:05:14,50,32,5000323,"ARX(2,1)",True,True,0,-168.0763272681512,360.1526545363024,400.60031087383436,1.3446784960069107,0.0486379316047242,0.6935225275499227,0.1363170502953521,0.4442491869164529,1.2671676009178816,0.1496291492526712,0.992623561052628,0.1260800705842852,0.2567905944729967,0.4807807604683216,0.1674842916755699,,-168.0763272681906,360.1526545363812,400.60031087391314
2026-06-01T23:13:54,50,33,5000333,"ARX(2,1)",True,True,0,-168.07758907106773,360.15517814213547,400.6028344796674,1.404104912600018,0.0496682018131751,0.687881023875407,0.1358725796937002,0.4511709353838489,1.2500749785696903,0.1480185043310725,0.9781314324427108,0.1266173680750629,0.2565886162571784,0.4820263677718732,0.1664864658771688,,-168.07758907119094,360.1551781423819,400.6028344799138
2026-06-01T23:23:37,50,34,5000343,"ARX(2,1)",True,True,0,-168.07747362806555,360.1549472561311,400.60260359366305,1.366593146490729,0.0476655573954683,0.6906348642390844,0.1374010265768335,0.4483511270471117,1.2813679243312155,0.1493640042772127,1.009096652673089,0.1263550727871452,0.25670163839701,0.4809189827846953,0.1671620120820272,,-168.0774736277297,360.1549472554594,400.6026035929913
2026-06-01T23:32:33,50,35,5000353,"ARX(2,1)",True,True,0,-168.0761601168748,360.1523202337496,400.59997657128156,1.363433083216628,0.0487127474865643,0.6910863418611815,0.135716787683872,0.4478065673824234,1.269671696259183,0.1492577934022411,0.9912263915819056,0.1262477814565103,0.2565299322608556,0.4816192392742079,0.1668897784537216,,-168.07616009329706,360.1523201865941,400.5999765241261
2026-06-01T23:39:29,50,36,5000363,"ARX(2,1)",True,True,0,-168.07620773129716,360.1524154625943,400.6000718001263,1.3718451778339928,0.0490591741162428,0.6910199671046504,0.1368039418164949,0.4477188427152156,1.2517139181819006,0.1488789746047347,0.9838174351035722,0.1268501380562778,0.2564976883103653,0.4812863507402902,0.1670564158840899,,-168.0762077314317,360.1524154628634,400.60007180039537
2026-06-01T23:49:01,50,37,5000373,"ARX(2,1)",True,True,0,-168.08030644305728,360.16061288611456,400.6082692236465,1.3777523069727071,0.0484532815270544,0.6928206020504495,0.136228923604398,0.4431142661662848,1.2903231938505146,0.1479303122311351,0.9894842292391658,0.1247189687466295,0.259219411560233,0.4824622212113017,0.16493253153194,,-168.08030643625827,360.16061287251654,400.6082692100485
2026-06-02T00:03:22,50,38,5000383,"ARX(2,1)",True,True,0,-168.07816376304243,360.15632752608485,400.6039838636168,1.3098912608849274,0.0488814735403931,0.6972864421917735,0.1375366317019853,0.4399505270497922,1.2684890151691908,0.1502930947256208,0.9908909604513264,0.1248437537699624,0.2570275780685083,0.4812223843790275,0.1677937434341221,,-168.0781637615218,360.1563275230436,400.6039838605756
2026-06-02T00:14:36,50,39,5000393,"ARX(2,1)",True,True,0,-168.07612400565682,360.15224801131365,400.5999043488456,1.3541032939037636,0.0489659994158523,0.6925715393889417,0.1369360541431001,0.4457137011188183,1.2547609336151908,0.1493923725995763,0.9855580745722108,0.1264646974559857,0.2568889984627955,0.4807678717428826,0.16732513841153,,-168.07612400567984,360.1522480113597,400.5999043488917
2026-06-02T00:19:41,50,40,5000403,"ARX(2,1)",True,True,0,-170.07960768576834,364.1592153715367,404.6068717090686,1.3540357994487977,0.0701043277261958,0.6409538437194805,0.0440357269797251,0.4401653574489749,1.4910484490331857,0.1827348262262935,1.10739133748013,0.083250070742264,0.2265504862008125,0.597510557104439,0.1326778778771489,,-170.0796076858358,364.1592153716716,404.6068717092036
