timestamp,seed,draw,random_state,mean_type,loglik,AIC,BIC,success,status,param_p0,param_n0,param_rho,param_phi_plus,param_phi_minus,param_sigma_p,param_sigma_n,param_c,param_rho_1,param_phi_1,param_rho_2,param_phi_2,stored_loglik,stored_AIC,stored_BIC
2026-06-07T21:36:42,51,1,510001,constant,-176.12324178625428,366.24648357250857,389.8409497694022,True,0,2.878393183940762,0.0358864402187579,0.4232936737838792,0.7276457612282944,0.1350093200292047,0.1398576718500323,1.496684895875115,,,,,,-176.12324178623925,366.2464835724785,389.8409497693721
2026-06-07T21:37:53,51,2,510002,constant,-176.12352154066892,366.24704308133784,389.84150927823146,True,0,2.8499409712213764,0.0362438953973262,0.4248743363762702,0.7242282506261816,0.1340132377207594,0.1403102643090481,1.4758846864803612,,,,,,-176.12352154066662,366.2470430813332,389.84150927822685
2026-06-07T21:39:01,51,3,510003,constant,-176.12324219261149,366.24648438522297,389.8409505821166,True,0,2.8789902097459312,0.0359110606538741,0.4232772484263939,0.727462115241606,0.134976604137753,0.1398497146956531,1.4959417470501657,,,,,,-176.12324219258636,366.2464843851727,389.8409505820664
2026-06-07T21:40:47,51,4,510004,constant,-176.12324146587034,366.2464829317407,389.8409491286343,True,0,2.877577161773394,0.0358933331432534,0.4233467061644481,0.727498535468465,0.13498969520022,0.1398703588081565,1.4962050044896744,,,,,,-176.12324146587315,366.2464829317463,389.8409491286399
2026-06-07T21:42:05,51,5,510005,constant,-176.12324147042938,366.24648294085875,389.8409491377524,True,0,2.877654116036364,0.0359003431755195,0.423331158100471,0.7274924245322636,0.1349904717572199,0.1398695689097897,1.4958865484669972,,,,,,-176.12324147043176,366.24648294086353,389.8409491377572
2026-06-07T21:43:07,51,6,510006,constant,-176.12324152500867,366.24648305001733,389.84094924691095,True,0,2.87808670319298,0.0358975495171356,0.4233276183734007,0.7275127504578065,0.1349757359366279,0.139858984282931,1.4959235754337596,,,,,,-176.1232415250081,366.2464830500162,389.8409492469098
2026-06-07T21:44:23,51,7,510007,constant,-176.1232414560289,366.2464829120578,389.8409491089514,True,0,2.8773603965680183,0.0358940377247133,0.4233567275783451,0.7274926027885005,0.1349788673153435,0.1398741752157621,1.496086202271112,,,,,,-176.12324145602992,366.24648291205983,389.8409491089535
2026-06-07T21:46:04,51,8,510008,constant,-176.12324972053952,366.24649944107904,389.84096563797266,True,0,2.873266685330337,0.0358342791968481,0.4236923527086504,0.7272462721203052,0.1348330211621316,0.1399349376912427,1.4979626693258974,,,,,,-176.12324972050715,366.2464994410143,389.8409656379079
2026-06-07T21:47:26,51,9,510009,constant,-144.2587150569427,302.5174301138854,326.111896310779,True,0,1.297533691861518,2.2882414254213512,0.5570441047135124,0.8520926766626906,5.5364157170778126e-17,0.1153386331441957,0.0386652341816063,,,,,,-144.25871505595657,302.51743011191314,326.1118963088068
2026-06-07T21:49:04,51,10,510010,constant,-176.12324145298192,366.24648290596383,389.84094910285745,True,0,2.8776352061004364,0.0358977384089089,0.4233535489976988,0.7274830771750215,0.1349664834798051,0.1398674997882277,1.4959531457560171,,,,,,-176.12324145298084,366.24648290596167,389.8409491028553
2026-06-07T21:50:33,51,11,510011,constant,-176.1232414613383,366.2464829226766,389.8409491195702,True,0,2.8774674670385973,0.0359000850112951,0.423348076384071,0.7274820297549022,0.1349725353036984,0.1398723548949217,1.4958213367442337,,,,,,-176.12324146133727,366.24648292267455,389.84094911956817
2026-06-07T21:52:07,51,12,510012,constant,-176.1232414648677,366.2464829297354,389.840949126629,True,0,2.8777892662548816,0.0358962910783849,0.4233437198416638,0.7274951710912694,0.1349888093631667,0.1398643204178567,1.4960154811620656,,,,,,-176.123241464868,366.246482929736,389.8409491266296
2026-06-07T21:53:47,51,13,510013,constant,-176.12324153115753,366.24648306231506,389.8409492592087,True,0,2.8781817102032985,0.0358971448651078,0.4233163742705963,0.7275316616404021,0.1349863258013063,0.1398593728810453,1.4959936439014605,,,,,,-176.1232415311574,366.2464830623148,389.8409492592084
2026-06-07T21:55:35,51,14,510014,constant,-176.12324164672947,366.24648329345894,389.84094949035256,True,0,2.87833531717511,0.0358921046793539,0.4232905509418478,0.7276157321001062,0.1350042533714564,0.1398618510374304,1.4963610252980186,,,,,,-176.1232416462658,366.2464832925316,389.8409494894252
2026-06-07T21:56:55,51,15,510015,constant,-176.123241454388,366.246482908776,389.8409491056696,True,0,2.877602307293628,0.0358990848082556,0.4233494082649256,0.7274873891259094,0.1349697523067565,0.1398690805609522,1.4958814767212063,,,,,,-176.1232414543886,366.2464829087772,389.8409491056708
2026-06-07T21:58:13,51,16,510016,constant,-176.1267465060372,366.2534930120744,389.847959208968,True,0,3.005254300384445,0.0353481855007523,0.4208794398415913,0.729958350462336,0.1361293633410458,0.137257699736326,1.5337629237825354,,,,,,-176.12674650597108,366.25349301194217,389.8479592088358
2026-06-07T22:00:23,51,17,510017,constant,-176.12324171544756,366.2464834308951,389.84094962778875,True,0,2.878670647314989,0.0358928737693686,0.4232793579661424,0.7275931205737114,0.1349976790138569,0.1398544104199938,1.4963764961445296,,,,,,-176.12324171545703,366.24648343091405,389.8409496278077
2026-06-07T22:01:08,51,18,510018,constant,-176.12324176724667,366.24648353449334,389.84094973138696,True,0,2.876414184551559,0.0358936057587862,0.4234226975459859,0.7274354057414987,0.1349624762495626,0.1398861750738017,1.4958572080544374,,,,,,-176.12324176724775,366.2464835344955,389.8409497313891
2026-06-07T22:02:44,51,19,510019,constant,-176.12324160804047,366.24648321608095,389.84094941297457,True,0,2.8782828635401185,0.0358944519075726,0.4232878128480521,0.727601122459736,0.1350128577966839,0.1398601585384234,1.4961217623378196,,,,,,-176.12324160791408,366.24648321582816,389.8409494127218
2026-06-07T22:04:16,51,20,510020,constant,-176.12330746767196,366.2466149353439,389.84108113223755,True,0,2.894820339655068,0.0357996074237821,0.4226709787808412,0.7286203212650506,0.1351031715933784,0.1395659006498792,1.5016398112865252,,,,,,-176.12330746968942,366.2466149393789,389.84108113627246
2026-06-07T22:05:21,51,21,510021,constant,-176.12324152718884,366.2464830543777,389.8409492512713,True,0,2.877513398761166,0.0359004551695603,0.4233240819186099,0.7275426775038922,0.1349648351031063,0.1398736043419091,1.495779988627179,,,,,,-176.12324152719165,366.2464830543833,389.8409492512769
2026-06-07T22:07:24,51,22,510022,constant,-176.123241574208,366.246483148416,389.84094934530964,True,0,2.8783017756001184,0.0358958187091478,0.42329727078969,0.7275627765208802,0.1350082665741518,0.1398587433443371,1.4961637866304076,,,,,,-176.12324157420753,366.2464831484151,389.8409493453087
2026-06-07T22:08:47,51,23,510023,constant,-176.1232414463497,366.2464828926994,389.84094908959304,True,0,2.877452492679186,0.0358966879705887,0.4233427439707901,0.7275050448235563,0.1349816239199843,0.1398739137576073,1.4960085690588458,,,,,,-176.12324144635522,366.2464828927105,389.84094908960407
2026-06-07T22:11:29,51,24,510024,constant,-176.12324835654863,366.24649671309726,389.8409629099909,True,0,2.872703951618171,0.0359236420813105,0.4235873303976685,0.727243985052897,0.1348410174052068,0.1399343064217701,1.4939906018614388,,,,,,-176.12324835595865,366.2464967119173,389.8409629088109
2026-06-07T22:13:24,51,25,510025,constant,-176.12324144930147,366.24648289860295,389.84094909549657,True,0,2.8776190478624946,0.0358938124525417,0.4233450508823515,0.7275141854645111,0.1349800714689658,0.139868925396651,1.4961311393000076,,,,,,-176.1232414493016,366.2464828986032,389.8409490954968
2026-06-07T22:14:25,51,26,510026,constant,-176.12382290628815,366.2476458125763,389.84211200946993,True,0,2.9265447841176835,0.0355448800978405,0.4222821785120608,0.7292148834909923,0.1351647599127631,0.1388487738879371,1.5168880115601977,,,,,,-176.12382289734433,366.2476457946887,389.8421119915823
2026-06-07T22:15:41,51,27,510027,constant,-176.12324146598098,366.24648293196196,389.8409491288556,True,0,2.8774321359692263,0.0358942074278294,0.4233474305205387,0.727486295124925,0.1349833879545288,0.1398741089016263,1.4961457428105338,,,,,,-176.12324146598195,366.2464829319639,389.8409491288575
2026-06-07T22:17:10,51,28,510028,constant,-176.12324145474574,366.2464829094915,389.8409491063851,True,0,2.8775906110345435,0.0358928130110646,0.4233482756519268,0.7275000212523369,0.1349813830509363,0.1398688735712532,1.496137792025142,,,,,,-176.12324145473593,366.2464829094719,389.8409491063655
2026-06-07T22:19:16,51,29,510029,constant,-176.14842455993198,366.29684911986396,389.8913153167576,True,0,2.583633382191193,0.0379442802179522,0.441204890607567,0.694191074686086,0.1285778146012766,0.1446569693597758,1.3585773252426387,,,,,,-176.1484245546833,366.2968491093666,389.8913153062602
2026-06-07T22:21:08,51,30,510030,constant,-176.123241787442,366.246483574884,389.8409497717776,True,0,2.878673845901705,0.0358873848315878,0.4232793942847316,0.7276176787257361,0.1350150725733389,0.1398535606087103,1.4966266489118434,,,,,,-176.12324178744615,366.2464835748923,389.8409497717859
2026-06-07T22:23:35,51,31,510031,constant,-176.12324154810796,366.2464830962159,389.84094929310953,True,0,2.8779633886812963,0.0358965293068314,0.4233003074908611,0.7275870623121978,0.1349698144885293,0.1398681720528136,1.4961315648574318,,,,,,-176.12324154810375,366.2464830962075,389.8409492931011
2026-06-07T22:25:07,51,32,510032,constant,-176.1232415016146,366.2464830032292,389.8409492001228,True,0,2.8778746322035147,0.0359023732200581,0.4233309113984339,0.7274950810680993,0.1349774546795537,0.1398637349063001,1.4958079254906913,,,,,,-176.12324150159935,366.2464830031987,389.8409492000923
2026-06-07T22:26:54,51,33,510033,constant,-176.1232414505145,366.246482901029,389.84094909792265,True,0,2.8774414370083625,0.035896052238458,0.4233403949815824,0.7275181280182864,0.1349831983810648,0.1398740362018145,1.4960089602780666,,,,,,-176.1232414505177,366.2464829010354,389.840949097929
2026-06-07T22:28:00,51,34,510034,constant,-176.12324144595146,366.24648289190293,389.84094908879655,True,0,2.8774743078456475,0.0358961550391959,0.4233445991866706,0.7275065471238016,0.1349796442723055,0.1398735661771488,1.496016643319233,,,,,,-176.12324144595397,366.24648289190793,389.8409490888016
2026-06-07T22:29:06,51,35,510035,constant,-176.1232414853235,366.246482970647,389.8409491675406,True,0,2.8771753096640085,0.0358977030108008,0.4233729644536928,0.7274668310039848,0.1349644282891225,0.1398767667886119,1.4958879628287527,,,,,,-176.1232414853255,366.246482970651,389.84094916754464
2026-06-07T22:30:33,51,36,510036,constant,-176.12324146061763,366.24648292123527,389.8409491181289,True,0,2.877296414558833,0.0358978109243616,0.4233575683896433,0.7274793089699533,0.1349744456618929,0.1398752634999857,1.49590694792542,,,,,,-176.123241460617,366.246482921234,389.8409491181277
2026-06-07T22:32:37,51,37,510037,constant,-176.12324162200383,366.24648324400766,389.8409494409013,True,0,2.878237335543267,0.0358978251670402,0.4233256960230708,0.7274659507387128,0.134994363678423,0.1398567929812711,1.4959758539229302,,,,,,-176.12324162206113,366.2464832441223,389.8409494410159
2026-06-07T22:34:20,51,38,510038,constant,-176.12437067494778,366.24874134989557,389.8432075467892,True,0,2.8984573806017964,0.0357880101486062,0.4280015176278658,0.7198368965785915,0.1310285601848406,0.1387853741393395,1.4940263196221468,,,,,,-176.12437067787778,366.2487413557556,389.8432075526492
2026-06-07T22:37:05,51,39,510039,constant,-176.12363285027936,366.2472657005587,389.84173189745235,True,0,2.8394068285494294,0.0362165369386273,0.4248854594492726,0.7246162107837523,0.1345902345316236,0.1405353932712328,1.4759655095134538,,,,,,-176.12363285027186,366.2472657005437,389.8417318974373
2026-06-07T22:39:02,51,40,510040,constant,-176.12324145531892,366.24648291063784,389.84094910753146,True,0,2.877338252343486,0.035894965567133,0.4233582747091676,0.7274878661970358,0.1349749857300763,0.1398745542117009,1.496041361183225,,,,,,-176.1232414553184,366.2464829106368,389.8409491075304
2026-06-07T21:37:03,52,1,520001,constant,-176.12324144793823,366.24648289587645,389.8409490927701,True,0,2.8775558779578065,0.035896005684013,0.4233553677703581,0.7274847564538776,0.1349740073410889,0.1398687051350631,1.496000562650558,,,,,,-176.12324144793826,366.2464828958765,389.8409490927701
2026-06-07T21:38:14,52,2,520002,constant,-176.123241448418,366.246482896836,389.84094909372965,True,0,2.8776168727434017,0.0358960854276478,0.4233503177538006,0.7274892248065296,0.1349823038303753,0.1398688987631623,1.49603236383006,,,,,,-176.12324144842077,366.2464828968416,389.8409490937352
2026-06-07T21:39:47,52,3,520003,constant,-176.12324155752862,366.24648311505723,389.84094931195085,True,0,2.877870848297618,0.0358960072098302,0.4233287301923422,0.7275641569742783,0.1350064907369511,0.1398640224034437,1.4959776769092226,,,,,,-176.12324155748715,366.2464831149743,389.8409493118679
2026-06-07T21:40:52,52,4,520004,constant,-176.12324144999695,366.2464828999939,389.8409490968875,True,0,2.8775491506638984,0.0358948128628652,0.4233475127051669,0.7274877203123169,0.1349762581329946,0.1398717829649275,1.49607495266029,,,,,,-176.12324144999934,366.2464828999987,389.8409490968923
2026-06-07T21:42:35,52,5,520005,constant,-176.12324144860543,366.24648289721085,389.8409490941045,True,0,2.877459521395933,0.0358981266245495,0.4233419271837813,0.727497042895761,0.1349765251296557,0.1398740539637896,1.495953509114179,,,,,,-176.12324144860602,366.2464828972121,389.84094909410567
2026-06-07T21:44:04,52,6,520006,constant,-176.12325989776394,366.2465197955279,389.8409859924215,True,0,2.8838145889990163,0.0357829261510059,0.4232808564743494,0.7280006127524478,0.1352437829293133,0.1397075076057041,1.500539258947295,,,,,,-176.12325989715853,366.24651979431707,389.8409859912107
2026-06-07T21:45:21,52,7,520007,constant,-176.12324147284485,366.2464829456897,389.8409491425833,True,0,2.8778469340630517,0.0358957275522145,0.4233462485203711,0.7274903260676352,0.1349698182650175,0.1398648753644114,1.496126238280333,,,,,,-176.12324147283394,366.2464829456679,389.8409491425615
2026-06-07T21:47:14,52,8,520008,constant,-176.12324144583857,366.24648289167715,389.84094908857077,True,0,2.877602877726391,0.0358964083671616,0.4233486143209913,0.7274864751961241,0.1349774957885652,0.139869469199662,1.4960030653696936,,,,,,-176.12324144584008,366.24648289168016,389.8409490885738
2026-06-07T21:48:20,52,9,520009,constant,-176.12324145117066,366.2464829023413,389.84094909923493,True,0,2.8777360560117007,0.0358957357572715,0.4233377575517605,0.7275120542629353,0.1349820061131365,0.139868581002791,1.4960734641399165,,,,,,-176.12324145117242,366.2464829023448,389.84094909923846
2026-06-07T21:50:25,52,10,520010,constant,-176.12340075130246,366.2468015026049,389.84126769949853,True,0,2.8728197561086604,0.0355233031858384,0.4234075355748413,0.7286674083165123,0.1352544560087543,0.1400274487612207,1.5138065430735486,,,,,,-176.12340075128995,366.2468015025799,389.8412676994735
2026-06-07T21:52:21,52,11,520011,constant,-176.12345282045337,366.24690564090673,389.84137183780035,True,0,2.850155625306661,0.0361355031329151,0.424453074907366,0.7254572387732224,0.1345986323061601,0.140345229293792,1.4804628524934664,,,,,,-176.1234528212129,366.2469056424258,389.8413718393194
2026-06-07T21:53:56,52,12,520012,constant,-176.12324145571102,366.24648291142205,389.84094910831567,True,0,2.877321709599078,0.0358963295326279,0.4233546701062735,0.7274891353373305,0.1349785455319111,0.1398751066570483,1.4959727290704443,,,,,,-176.12324145570977,366.2464829114196,389.8409491083132
2026-06-07T21:55:28,52,13,520013,constant,-176.12324145175936,366.2464829035187,389.84094910041233,True,0,2.8775784716180643,0.0358983640649186,0.4233476281535627,0.7274911261878242,0.1349713740084032,0.1398695549389994,1.4958936781604324,,,,,,-176.12324145175347,366.2464829035069,389.84094910040056
2026-06-07T21:56:36,52,14,520014,constant,-176.12324146094323,366.24648292188647,389.8409491187801,True,0,2.877297806667509,0.0358961788609052,0.4233534421216025,0.7274998289010172,0.1349822013252188,0.1398759518476373,1.4959903915576342,,,,,,-176.12324146094232,366.2464829218847,389.8409491187783
2026-06-07T21:58:06,52,15,520015,constant,-176.12324556070013,366.24649112140025,389.8409573182939,True,0,2.873146414040845,0.0359113872909552,0.4234996602912742,0.7272552260386309,0.1349449723372991,0.1399549983134217,1.4948305136542994,,,,,,-176.12324556071837,366.2464911214367,389.8409573183303
2026-06-07T21:59:40,52,16,520016,constant,-176.12324158726435,366.2464831745287,389.8409493714223,True,0,2.8778878159454893,0.0358857032813421,0.4233321940795235,0.7275471004339288,0.1349897508111653,0.1398642308931688,1.496571464579143,,,,,,-176.12324158726403,366.24648317452807,389.8409493714217
2026-06-07T22:01:25,52,17,520017,constant,-176.1232414942895,366.246482988579,389.8409491854726,True,0,2.877951297554093,0.0358982814088998,0.423348464316812,0.7274911663766228,0.1349752973638463,0.1398607311869407,1.495972571081824,,,,,,-176.12324149428963,366.24648298857926,389.8409491854729
2026-06-07T22:02:56,52,18,520018,constant,-176.12436819652723,366.24873639305446,389.8432025899481,True,0,2.826685278066884,0.0361830593239822,0.4281162755886636,0.7176655078672863,0.1318866384341912,0.1405175276063298,1.476020647022946,,,,,,-176.12436819652766,366.2487363930553,389.8432025899489
2026-06-07T22:05:38,52,19,520019,constant,-176.12324144897235,366.2464828979447,389.8409490948383,True,0,2.8774409691188096,0.0358963299523863,0.4233530079848734,0.7274858738963417,0.1349716271762493,0.1398726638312749,1.4959677931438555,,,,,,-176.1232414489729,366.2464828979458,389.8409490948394
2026-06-07T22:08:05,52,20,520020,constant,-177.615106907391,369.230213814782,392.82468001167564,True,0,1.1394619471401992,0.1420560922783195,0.4556497974707678,0.5916513014587638,0.1151643169467037,0.1920995316522661,0.6385111848704441,,,,,,-177.61510690687908,369.23021381375816,392.8246800106518
2026-06-07T22:10:05,52,21,520021,constant,-176.12324724563922,366.24649449127844,389.84096068817206,True,0,2.8724618904832067,0.0358933308482299,0.423456532405564,0.7274313444158448,0.1349364777941878,0.1399811016593825,1.4956173910554398,,,,,,-176.12324724567492,366.2464944913498,389.84096068824346
2026-06-07T22:12:05,52,22,520022,constant,-176.12324160918757,366.24648321837515,389.84094941526877,True,0,2.8783598636870544,0.0358915932284044,0.4232941645116609,0.7275890500723936,0.1350030523120746,0.1398589717265235,1.4963969993115402,,,,,,-176.12324160918936,366.2464832183787,389.8409494152724
2026-06-07T22:13:56,52,23,520023,constant,-176.12328757975695,366.2465751595139,389.8410413564075,True,0,2.8897818052601503,0.0357549741187932,0.4228062955203432,0.7286200604135672,0.1352245066293836,0.1396675847697663,1.5038858822074463,,,,,,-176.12328757978358,366.2465751595672,389.8410413564608
2026-06-07T22:15:06,52,24,520024,constant,-176.12324145224852,366.24648290449704,389.84094910139066,True,0,2.877733631922238,0.0358956868678409,0.4233296543101082,0.7275261404375825,0.1349838724281336,0.1398697555323527,1.496097107036482,,,,,,-176.12324145224625,366.2464829044925,389.8409491013861
2026-06-07T22:16:04,52,25,520025,constant,-176.12324793484873,366.24649586969747,389.8409620665911,True,0,2.87774987022573,0.0359193983835429,0.4236763948892088,0.7267067423599262,0.1347345232667413,0.1398258080144565,1.494560782840193,,,,,,-176.12324793485007,366.24649586970014,389.84096206659376
2026-06-07T22:18:04,52,26,520026,constant,-176.1232414592248,366.2464829184496,389.8409491153432,True,0,2.8777730173608465,0.0358977081465657,0.4233217888452733,0.7275339716792072,0.134984470346476,0.1398688050240472,1.4960122089603496,,,,,,-176.12324145922372,366.2464829184474,389.84094911534106
2026-06-07T22:19:43,52,27,520027,constant,-176.12360467687495,366.2472093537499,389.8416755506435,True,0,2.9094405307027413,0.0354793577119255,0.4221130313602222,0.7302308966927524,0.1357194378587116,0.1393206805066874,1.5202016619219856,,,,,,-176.12360467688967,366.24720935377934,389.84167555067296
2026-06-07T22:20:54,52,28,520028,constant,-144.0443780453917,302.0887560907834,325.68322228767704,True,0,2.8951326574245684,4.576887981452499,0.8154407497339068,0.1397759841638556,0.0279064243289044,0.0372228183153343,0.1069397230756954,,,,,,-144.0443780454035,302.088756090807,325.68322228770063
2026-06-07T22:22:38,52,29,520029,constant,-176.12324145756253,366.24648291512506,389.8409491120187,True,0,2.877743143175477,0.0358941318935624,0.4233290383164717,0.7275292981501528,0.1349803927559797,0.1398696008342184,1.496110951936796,,,,,,-176.12324145755514,366.2464829151103,389.8409491120039
2026-06-07T22:25:20,52,30,520030,constant,-176.12324163075704,366.2464832615141,389.8409494584077,True,0,2.878429467510286,0.0358917987398229,0.4233171528262522,0.7275438005728477,0.1349796391187006,0.1398531251055553,1.4961313529891358,,,,,,-176.1232416307518,366.2464832615036,389.8409494583972
2026-06-07T22:26:19,52,31,520031,constant,-176.12749502927744,366.2549900585549,389.8494562554485,True,0,2.7405169383732684,0.036198101061273,0.4305421645752469,0.7158990786081995,0.1329216701060563,0.1422933592275629,1.4637014103626869,,,,,,-176.12749502892396,366.2549900578479,389.8494562547416
2026-06-07T22:27:30,52,32,520032,constant,-176.12324915541603,366.24649831083207,389.8409645077257,True,0,2.8733786818424707,0.0358814695341697,0.4235525459782754,0.7270138541811814,0.1349655202476315,0.1399459889363425,1.496949233236139,,,,,,-176.12324915476438,366.2464983095288,389.8409645064224
2026-06-07T22:29:20,52,33,520033,constant,-176.1232592125603,366.2465184251206,389.8409846220142,True,0,2.883267143480421,0.0359079274598215,0.4234567864113748,0.7268863970426895,0.1351256357936197,0.1397054402314874,1.495651186882906,,,,,,-176.12325921255217,366.24651842510434,389.840984621998
2026-06-07T22:30:55,52,34,520034,constant,-176.1232420688276,366.2464841376552,389.84095033454884,True,0,2.879139056392254,0.0358844729770628,0.4232803987049172,0.7276074304326472,0.1350026374305782,0.1398437414981429,1.496812254814991,,,,,,-176.12324206883034,366.2464841376607,389.8409503345543
2026-06-07T22:32:35,52,35,520035,constant,-176.12324144979283,366.24648289958566,389.8409490964793,True,0,2.877493847642779,0.0358950621464026,0.4233461611198569,0.7275034675773894,0.134984640105969,0.1398726397436943,1.496105402649966,,,,,,-176.12324144978982,366.2464828995796,389.84094909647325
2026-06-07T22:34:01,52,36,520036,constant,-176.12324145607607,366.24648291215215,389.84094910904577,True,0,2.877457643425916,0.0358965239769786,0.4233414241961031,0.7275052830058553,0.1349756993973949,0.1398727777586205,1.4959807705725665,,,,,,-176.1232414560744,366.2464829121488,389.8409491090424
2026-06-07T22:34:56,52,37,520037,constant,-176.1232414550125,366.246482910025,389.84094910691863,True,0,2.8773425505276755,0.0358974032792325,0.4233550746296974,0.7274842499280462,0.1349759133921718,0.1398745904610464,1.4959256987633736,,,,,,-176.12324145501395,366.2464829100279,389.8409491069215
2026-06-07T22:36:54,52,38,520038,constant,-176.12324146926517,366.24648293853033,389.84094913542395,True,0,2.8777455954694133,0.0358929918824976,0.4233589409139237,0.7274899426003273,0.1349644791190168,0.1398637644911504,1.4960751657593412,,,,,,-176.12324146926545,366.2464829385309,389.8409491354245
2026-06-07T22:38:35,52,39,520039,constant,-176.12326092559329,366.24652185118657,389.8409880480802,True,0,2.871781978307129,0.0360077100637605,0.4235679472242968,0.7269033900351172,0.1347825972480721,0.1399627556939348,1.4898430111129315,,,,,,-176.12326092503645,366.2465218500729,389.8409880469665
2026-06-07T22:40:05,52,40,520040,constant,-176.12324149206245,366.2464829841249,389.8409491810185,True,0,2.8773265929558494,0.0358985540249506,0.4233527338514651,0.7274931962346383,0.1349608306637907,0.1398746895795437,1.495786644284562,,,,,,-176.12324149206236,366.2464829841247,389.8409491810184
2026-06-07T21:36:43,53,1,530001,constant,-176.123241457252,366.246482914504,389.8409491113976,True,0,2.8774276236180683,0.0358939070283603,0.4233511939080026,0.7274947160642928,0.134981109433453,0.1398743458469009,1.4961378107595005,,,,,,-176.1232414572538,366.2464829145076,389.8409491114013
2026-06-07T21:37:54,53,2,530002,constant,-176.12324145039986,366.2464829007997,389.84094909769334,True,0,2.8776665478690275,0.0358948476673174,0.4233467426119837,0.7275059541555522,0.1349752223054715,0.1398668864833223,1.4960364284039125,,,,,,-176.12324145039065,366.2464829007813,389.8409490976749
2026-06-07T21:39:26,53,3,530003,constant,-176.12324162779956,366.2464832555991,389.84094945249274,True,0,2.878028189600532,0.0358846140137704,0.4233410284953405,0.7275578808680954,0.1349814030354716,0.1398608752456762,1.4966258098369507,,,,,,-176.1232416300628,366.2464832601256,389.8409494570192
2026-06-07T21:41:45,53,4,530004,constant,-176.1232452852245,366.246490570449,389.8409567673426,True,0,2.8777929267913347,0.0358342181583528,0.4232929835380294,0.7278613268580422,0.1350541075864694,0.1398829285284714,1.498713457075115,,,,,,-176.12324528529666,366.2464905705933,389.8409567674869
2026-06-07T21:43:16,53,5,530005,constant,-176.1233633185977,366.2467266371954,389.84119283408904,True,0,2.8632583246565098,0.0360071044678517,0.4240985487746881,0.7257696551300692,0.1347445584162959,0.1400536750835502,1.494630706587443,,,,,,-176.12336331877293,366.24672663754586,389.8411928344395
2026-06-07T21:45:12,53,6,530006,constant,-176.12324722434818,366.24649444869635,389.84096064559,True,0,2.874363921414923,0.0359387391806267,0.4235719611730173,0.7271173967882621,0.1346937180515407,0.1399130059430571,1.493418555133324,,,,,,-176.12324722434414,366.2464944486883,389.8409606455819
2026-06-07T21:46:10,53,7,530007,constant,-176.12324146153006,366.2464829230601,389.84094911995373,True,0,2.877320088819701,0.0358981788474039,0.4233551355634125,0.7274878608353614,0.1349685859218231,0.139875744191881,1.49589773591246,,,,,,-176.1232414615285,366.246482923057,389.8409491199506
2026-06-07T21:47:33,53,8,530008,constant,-176.12324812780327,366.24649625560653,389.84096245250015,True,0,2.872323191165524,0.0358975995637671,0.4235080475541135,0.7273176955839996,0.1348262023167748,0.1399798387439057,1.495504331317657,,,,,,-176.1232481279664,366.2464962559328,389.8409624528264
2026-06-07T21:49:03,53,9,530009,constant,-176.1232414457799,366.2464828915598,389.84094908845344,True,0,2.877626618780927,0.035896116783313,0.4233475705847395,0.727495604505884,0.1349717469628533,0.1398692683950497,1.496048285633522,,,,,,-176.123241445785,366.24648289157,389.8409490884636
2026-06-07T21:51:46,53,10,530010,constant,-176.12841710243498,366.25683420486996,389.8513004017636,True,0,3.0410941475240483,0.0360088769399482,0.4172656739190236,0.7346923399911186,0.1363188375609796,0.1368350371242035,1.5078833668793514,,,,,,-176.12841710323687,366.25683420647374,389.85130040336736
2026-06-07T21:53:29,53,11,530011,constant,-176.1232448009814,366.2464896019628,389.84095579885644,True,0,2.874524938476622,0.0359381020779902,0.4233836436892944,0.7272861744553175,0.135023159317671,0.1399450726305584,1.49441817883475,,,,,,-176.1232448009813,366.2464896019626,389.8409557988562
2026-06-07T21:54:22,53,12,530012,constant,-176.1249668115919,366.2499336231838,389.8443998200774,True,0,2.7963661865292258,0.0363231744748826,0.4260491487887232,0.7234465157828766,0.1354397203451585,0.1413065038266985,1.4613252485430073,,,,,,-176.12496678247004,366.2499335649401,389.8443997618337
2026-06-07T21:55:59,53,13,530013,constant,-176.1232429556549,366.2464859113098,389.8409521082034,True,0,2.8802278683661267,0.0358927617382198,0.4232013268645139,0.7277145653177881,0.1350331335141585,0.139825844558268,1.4965454800743598,,,,,,-176.12324295565332,366.24648591130665,389.8409521082002
2026-06-07T21:57:16,53,14,530014,constant,-176.12324172951992,366.24648345903984,389.84094965593346,True,0,2.8769465486260133,0.0359113023940826,0.4233714675436632,0.7274169434234405,0.1349534912983492,0.1398810341496849,1.4952542048270014,,,,,,-176.1232417295192,366.2464834590384,389.840949655932
2026-06-07T21:59:06,53,15,530015,constant,-176.12324145265623,366.24648290531246,389.8409491022061,True,0,2.877399967949096,0.0358941021969832,0.4233530535025858,0.7274963548127584,0.1349775161155149,0.1398732425900669,1.4960729355191524,,,,,,-176.12324145265762,366.2464829053153,389.84094910220887
2026-06-07T22:00:32,53,16,530016,constant,-176.12324171413925,366.2464834282785,389.84094962517213,True,0,2.878326217960432,0.0358874018701299,0.4233663342553752,0.7274851073876086,0.1349795921328069,0.1398507048105993,1.496496702920702,,,,,,-176.12324171414363,366.24648342828726,389.8409496251809
2026-06-07T22:02:08,53,17,530017,constant,-176.12324145016044,366.24648290032087,389.8409490972145,True,0,2.877562096207338,0.0358989010361857,0.4233447657573472,0.7274918672182932,0.1349725100362022,0.1398706926796052,1.4959016402207992,,,,,,-176.12324145015796,366.2464829003159,389.8409490972096
2026-06-07T22:04:07,53,18,530018,constant,-176.12324144834125,366.2464828966825,389.8409490935761,True,0,2.8774595646345698,0.0358965512238268,0.4233503287835917,0.7274990703881354,0.1349772263385059,0.1398722733246709,1.4959489228175686,,,,,,-176.1232414483395,366.246482896679,389.8409490935727
2026-06-07T22:05:14,53,19,530019,constant,-176.12324144367972,366.24648288735943,389.84094908425305,True,0,2.877637234397542,0.035895602242222,0.4233456450031586,0.7275029987488385,0.1349769885572725,0.1398690591326791,1.496050614334325,,,,,,-176.12324144368478,366.2464828873696,389.8409490842632
2026-06-07T22:06:31,53,20,530020,constant,-176.1232417177061,366.2464834354122,389.8409496323058,True,0,2.8784464197555075,0.0359056014087537,0.4233050188253927,0.7274960962755916,0.1349710711140579,0.1398582655092534,1.4957891875408331,,,,,,-176.1232417177063,366.2464834354126,389.8409496323062
2026-06-07T22:08:59,53,21,530021,constant,-146.14852532320546,306.2970506464109,329.89151684330454,True,0,9.700378923941347,6.635572951418416,0.5737536783399249,0.0469716248583673,0.2670051564021378,0.1347820805628578,0.0211679442868216,,,,,,-146.14852532319185,306.2970506463837,329.8915168432773
2026-06-07T22:10:01,53,22,530022,constant,-176.12324147663267,366.24648295326534,389.84094915015896,True,0,2.877766589165325,0.0358927774743321,0.4233185041025582,0.7275569358840626,0.1349964577061458,0.1398702052458957,1.4962275032765844,,,,,,-176.12324147663372,366.24648295326745,389.84094915016107
2026-06-07T22:10:55,53,23,530023,constant,-176.123242175812,366.246484351624,389.84095054851764,True,0,2.878960323594789,0.0358799678967462,0.4233029611104015,0.7275820765831226,0.1349965802325313,0.1398455558725358,1.497085485162635,,,,,,-176.1232421758171,366.2464843516342,389.8409505485278
2026-06-07T22:12:16,53,24,530024,constant,-176.1232414489989,366.2464828979978,389.8409490948914,True,0,2.877653203300086,0.0358951172335973,0.4233365985702291,0.7275184660574361,0.1349908349063673,0.1398694024131956,1.4960838445203577,,,,,,-176.12324144900722,366.2464828980145,389.84094909490807
2026-06-07T22:13:39,53,25,530025,constant,-176.12333828098983,366.24667656197965,389.8411427588733,True,0,2.86685622383237,0.0361591667910437,0.4240235121852865,0.7256846641208912,0.1345501455935785,0.1400027421385326,1.481820652252287,,,,,,-176.12333828098997,366.24667656198,389.8411427588736
2026-06-07T22:14:54,53,26,530026,constant,-176.1232414567079,366.2464829134158,389.8409491103094,True,0,2.877758306992305,0.0358948575244146,0.4233331940050032,0.727526627114827,0.1349925885324179,0.1398672379853983,1.496099811401413,,,,,,-176.12324145670243,366.24648291340486,389.8409491102985
2026-06-07T22:16:33,53,27,530027,constant,-176.12324163043212,366.24648326086424,389.84094945775786,True,0,2.878065364207249,0.035904442473284,0.4233357767283953,0.7274769333836038,0.1349762250010019,0.1398568850290116,1.49558967179194,,,,,,-176.1232416303763,366.2464832607526,389.8409494576462
2026-06-07T22:18:05,53,28,530028,constant,-176.12330145037237,366.24660290074473,389.84106909763835,True,0,2.889718869290732,0.0357294211206917,0.4226725680712402,0.7289261874305982,0.1353363811009726,0.1396905027526566,1.5060567307761958,,,,,,-176.1233014503368,366.2466029006736,389.8410690975672
2026-06-07T22:19:23,53,29,530029,constant,-176.12338317115456,366.2467663423091,389.84123253920274,True,0,2.85417513201373,0.0360603187340544,0.4240560220803129,0.7265773390563864,0.1347264009651153,0.1403155480015677,1.4849239871049242,,,,,,-176.12338317108697,366.24676634217394,389.8412325390676
2026-06-07T22:20:54,53,30,530030,constant,-176.12324412437835,366.2464882487567,389.8409544456503,True,0,2.87800576429544,0.0359279106826498,0.4232419878876736,0.7276831438549873,0.134989919306987,0.1398642392236041,1.4941746269731078,,,,,,-176.1232441251625,366.246488250325,389.8409544472186
2026-06-07T22:22:48,53,31,530031,constant,-176.1232414879426,366.2464829758852,389.84094917277883,True,0,2.877301190750737,0.0359020745482999,0.423339473601709,0.7275037497259289,0.1349745721445144,0.1398776790340078,1.4957759207313504,,,,,,-176.12324148794258,366.2464829758852,389.8409491727788
2026-06-07T22:23:54,53,32,530032,constant,-176.12324144441152,366.24648288882304,389.84094908571666,True,0,2.877545925240018,0.035895974624754,0.4233451190628802,0.7274970757303482,0.1349834930914143,0.1398708344321599,1.4960197818876466,,,,,,-176.123241444413,366.246482888826,389.8409490857196
2026-06-07T22:25:24,53,33,530033,constant,-176.12324160172994,366.2464832034599,389.8409494003535,True,0,2.87836530786282,0.0358929049947216,0.4233396290026838,0.7275081038191118,0.1349801124906699,0.1398500371281377,1.496145779819746,,,,,,-176.12324160171156,366.2464832034231,389.84094940031673
2026-06-07T22:27:23,53,34,530034,constant,-176.12324188320866,366.2464837664173,389.84094996331095,True,0,2.878106510803098,0.0358851707890587,0.4233705802583949,0.7274055175000148,0.1350106810691242,0.1398551220073391,1.4964559373711082,,,,,,-176.1232418832101,366.2464837664202,389.84094996331385
2026-06-07T22:28:56,53,35,530035,constant,-176.12325030371449,366.24650060742897,389.8409668043226,True,0,2.873757838635837,0.0358372640278353,0.4234653159202052,0.7276248523184564,0.1350692117236572,0.1399577695985187,1.4988306420063566,,,,,,-176.12325030371338,366.2465006074268,389.8409668043204
2026-06-07T22:30:05,53,36,530036,constant,-176.12324175108932,366.24648350217865,389.84094969907227,True,0,2.877825712029131,0.0358831556039835,0.4234066971571867,0.7274389778286124,0.1349920981279938,0.1398534843989121,1.496454771435438,,,,,,-176.1232417511535,366.246483502307,389.8409496992006
2026-06-07T22:31:32,53,37,530037,constant,-176.12324171118846,366.2464834223769,389.84094961927053,True,0,2.8779095632778846,0.0358826489883144,0.4233502546105299,0.7274909559199124,0.1349858104758378,0.1398649806249691,1.4967311044510925,,,,,,-176.1232417111856,366.2464834223712,389.8409496192648
2026-06-07T22:33:16,53,38,530038,constant,-176.1232453787178,366.2464907574356,389.8409569543292,True,0,2.8747514025898915,0.0359392871505579,0.4233134235785652,0.7274121530956034,0.1350203565456063,0.1399440988348193,1.493737833470683,,,,,,-176.1232453786419,366.2464907572838,389.84095695417744
2026-06-07T22:34:40,53,39,530039,constant,-176.1243225843881,366.2486451687762,389.8431113656698,True,0,2.8183234716522594,0.0365450975672934,0.4253300529689217,0.7224663349940116,0.1346094473621759,0.1409230354903841,1.4611183640519103,,,,,,-176.12432258360076,366.2486451672015,389.8431113640952
2026-06-07T22:37:14,53,40,530040,constant,-176.1232415026193,366.2464830052386,389.8409492021322,True,0,2.878029750795956,0.0358995342164565,0.4233290534807543,0.7275184981042025,0.1349726909472125,0.1398612501499892,1.4959224512426477,,,,,,-176.12324150260253,366.24648300520505,389.8409492020986
2026-06-07T21:37:14,54,1,540001,constant,-176.1233048758205,366.246609751641,389.84107594853464,True,0,2.892901092951478,0.0358947079947805,0.4227961213351472,0.7287709637186868,0.1351498437854866,0.1395926604199591,1.498417361138915,,,,,,-176.12330487664934,366.2466097532987,389.8410759501923
2026-06-07T21:39:16,54,2,540002,constant,-176.12329122567178,366.24658245134356,389.8410486482372,True,0,2.864626031047832,0.0360270123016263,0.4238795971129858,0.7263107704523455,0.1347485806078115,0.1400957474352842,1.4882030945961988,,,,,,-176.12329122649157,366.2465824529832,389.8410486498768
2026-06-07T21:40:52,54,3,540003,constant,-176.12324145472252,366.24648290944504,389.84094910633866,True,0,2.877495455240465,0.0358931266770356,0.4233589159487197,0.7274867970080121,0.1349701955802807,0.1398710961618287,1.4961198568453178,,,,,,-176.12324145472098,366.246482909442,389.8409491063356
2026-06-07T21:42:31,54,4,540004,constant,-176.1251787818379,366.2503575636758,389.8448237605694,True,0,2.8793980572556874,0.0347324903920031,0.4280755879502705,0.7236607186989614,0.1318372056561165,0.1393201649759074,1.5450656484592629,,,,,,-176.12517878170718,366.2503575634144,389.844823760308
2026-06-07T21:43:41,54,5,540005,constant,-176.12324159621573,366.24648319243147,389.8409493893251,True,0,2.877668634990142,0.0359005314638412,0.4233761020625318,0.7274522083609244,0.1349911520326864,0.1398600370605794,1.495714125473737,,,,,,-176.1232415962328,366.2464831924656,389.8409493893592
2026-06-07T21:45:03,54,6,540006,constant,-176.12728094203976,366.2545618840795,389.84902808097314,True,0,2.7571089237776434,0.0368226222071189,0.4301747384071294,0.715105846655395,0.1322425706353615,0.1417977798425993,1.4351268038317186,,,,,,-176.12728094204078,366.2545618840816,389.8490280809752
2026-06-07T21:45:56,54,7,540007,constant,-176.1232604260587,366.2465208521174,389.840987049011,True,0,2.882513758327232,0.0357802968927919,0.4230388756030303,0.7283259392702565,0.1351928241804338,0.1398046505023915,1.5023131173993078,,,,,,-176.12326042607623,366.24652085215246,389.8409870490461
2026-06-07T21:47:50,54,8,540008,constant,-176.12771495413122,366.25542990826244,389.84989610515606,True,0,2.7353314880884394,0.0360035341865288,0.4303294443049741,0.7186713998833193,0.1341228604160347,0.1423610885552116,1.4673339992689711,,,,,,-176.1277149541823,366.2554299083646,389.8498961052582
2026-06-07T21:49:13,54,9,540009,constant,-176.12324152925274,366.2464830585055,389.8409492553991,True,0,2.8778732114646224,0.0358975927924384,0.4233432283509727,0.7275026974437141,0.1349908314125782,0.1398593781567802,1.496021588668777,,,,,,-176.12324152922577,366.24648305845153,389.8409492553452
2026-06-07T21:51:26,54,10,540010,constant,-176.12710349604083,366.25420699208166,389.8486731889753,True,0,3.009205923951616,0.0351269071565477,0.418241211235155,0.7358227935906664,0.1372224726203298,0.1376024236742772,1.5516792644958892,,,,,,-176.12710348811686,366.2542069762337,389.84867317312734
2026-06-07T21:52:27,54,11,540011,constant,-176.12324149343732,366.24648298687464,389.84094918376826,True,0,2.8771167303859224,0.0358935101210152,0.4233587044703875,0.7274920763907886,0.1349795767563266,0.1398802830553877,1.4960911328210351,,,,,,-176.12324149343598,366.246482986872,389.8409491837656
2026-06-07T21:53:45,54,12,540012,constant,-176.1232414528496,366.2464829056992,389.84094910259284,True,0,2.877359771880353,0.0358960400639541,0.4233462133562107,0.727504556337496,0.1349790908590574,0.1398756549487994,1.4960109571403637,,,,,,-176.12324145284913,366.2464829056983,389.8409491025919
2026-06-07T21:55:05,54,13,540013,constant,-176.13234242405937,366.26468484811875,389.85915104501237,True,0,2.710691198623179,0.0376188241959122,0.4329869676942046,0.7093979902278439,0.1299151263891267,0.1425320218078256,1.393575613662855,,,,,,-176.13234242412335,366.2646848482467,389.8591510451403
2026-06-07T21:56:27,54,14,540014,constant,-176.12324144437662,366.24648288875323,389.84094908564686,True,0,2.877533894984293,0.0358964628556845,0.4233491023855313,0.7274956761556547,0.1349718692071122,0.1398710327136172,1.495987120609138,,,,,,-176.12324144437582,366.2464828887517,389.84094908564526
2026-06-07T21:58:59,54,15,540015,constant,-176.1232414445469,366.2464828890938,389.8409490859874,True,0,2.877644485204512,0.0358950529595703,0.4233443963009954,0.7275055626823292,0.134975647855335,0.1398692505240408,1.4960647817421944,,,,,,-176.12324144454686,366.2464828890937,389.84094908598735
2026-06-07T22:00:38,54,16,540016,constant,-176.12337468249567,366.24674936499133,389.84121556188495,True,0,2.857104243290529,0.0361367963049197,0.4238840058998396,0.7261114160754235,0.1347147146944446,0.1402787315953327,1.482764914921246,,,,,,-176.12337468249677,366.2467493649936,389.8412155618872
2026-06-07T22:01:59,54,17,540017,constant,-176.12324146254875,366.2464829250975,389.8409491219911,True,0,2.877373909845583,0.0358997118369351,0.4233452636025387,0.7274906745708642,0.1349789297906156,0.1398748939328234,1.4958412666380387,,,,,,-176.12324146254792,366.2464829250959,389.8409491219895
2026-06-07T22:03:45,54,18,540018,constant,-176.12324147874844,366.2464829574969,389.8409491543905,True,0,2.8777339209026027,0.0358981701604093,0.4233328436515031,0.727522796153045,0.1349809511916195,0.1398677034718166,1.4958585403903732,,,,,,-176.12324147875978,366.2464829575196,389.8409491544132
2026-06-07T22:05:07,54,19,540019,constant,-176.1266112150971,366.2532224301942,389.84768862708785,True,0,2.752935504509445,0.0358213931803178,0.4284843509984097,0.7217673047911459,0.1342843485868584,0.1422459980057366,1.4824009620353964,,,,,,-176.12661121509777,366.25322243019554,389.8476886270892
2026-06-07T22:06:31,54,20,540020,constant,-176.1232414458617,366.2464828917234,389.84094908861704,True,0,2.8774551052050823,0.0358966219852458,0.4233440296276188,0.7275041022393919,0.1349792138878853,0.1398734945693715,1.4959923527847017,,,,,,-176.1232414458608,366.2464828917216,389.8409490886152
2026-06-07T22:08:17,54,21,540021,constant,-176.12324568053472,366.24649136106945,389.84095755796307,True,0,2.873093401009934,0.03589772490228,0.4234575142414155,0.7273962081149865,0.1349592350447065,0.1399643400688694,1.4954887299579531,,,,,,-176.12324568052378,366.2464913610476,389.8409575579412
2026-06-07T22:11:11,54,22,540022,constant,-176.12324144515887,366.24648289031774,389.84094908721136,True,0,2.877487875754822,0.0358954499783977,0.4233541630004622,0.7274931282265747,0.1349747822509741,0.1398714787436583,1.4960279306605937,,,,,,-176.12324144515742,366.2464828903149,389.84094908720846
2026-06-07T22:14:20,54,23,540023,constant,-176.12324285635228,366.24648571270455,389.8409519095982,True,0,2.8801085598863434,0.035885817494812,0.4232671991458923,0.7275913007116513,0.1349918591207552,0.1398220614424614,1.4968302603004322,,,,,,-176.12324285635162,366.2464857127033,389.84095190959687
2026-06-07T22:15:45,54,24,540024,constant,-176.12324145613616,366.2464829122723,389.84094910916593,True,0,2.877472792814741,0.0358962163043804,0.4233356397315737,0.7275261884589345,0.1349859926580056,0.1398736623127144,1.4959743887290424,,,,,,-176.12324145613155,366.2464829122631,389.8409491091567
2026-06-07T22:17:49,54,25,540025,constant,-176.12941315397785,366.2588263079557,389.8532925048493,True,0,3.053911851277081,0.0352601210637182,0.4162133941872749,0.7379781553067946,0.1376254200672945,0.1368072891937078,1.5491954704566413,,,,,,-176.12941315368687,366.25882630737374,389.85329250426736
2026-06-07T22:19:00,54,26,540026,constant,-176.12324145893118,366.24648291786235,389.840949114756,True,0,2.8774567238940616,0.035896649481542,0.4233595073252396,0.7274766608550369,0.1349596614733729,0.1398718662812684,1.4960076764683323,,,,,,-176.12324145893126,366.2464829178625,389.84094911475614
2026-06-07T22:20:49,54,27,540027,constant,-176.12324151549416,366.2464830309883,389.84094922788194,True,0,2.877920265966834,0.0358893034323816,0.423343096990231,0.7275307522840353,0.1349840117010391,0.1398595783018715,1.4962365767197368,,,,,,-176.12324151511382,366.2464830302277,389.84094922712126
2026-06-07T22:23:26,54,28,540028,constant,-176.1233463281507,366.2466926563014,389.841158853195,True,0,2.9000731274386484,0.0358551485515445,0.4223414669276434,0.7290080172703446,0.1353721867709389,0.1394599048183924,1.500549374461567,,,,,,-176.1233463281506,366.2466926563012,389.8411588531948
2026-06-07T22:25:35,54,29,540029,constant,-176.12324145686793,366.24648291373586,389.8409491106295,True,0,2.877571814270328,0.0358983036102718,0.4233392407932736,0.7274906094026182,0.1349768078026609,0.1398714804434433,1.4960211246005606,,,,,,-176.12324145686756,366.2464829137351,389.8409491106288
2026-06-07T22:26:56,54,30,540030,constant,-176.12325080768443,366.24650161536886,389.8409678122625,True,0,2.8709208133195667,0.0358873760036703,0.4235714787421589,0.7272382441874589,0.13496578947672,0.1400016020139897,1.4957153261478742,,,,,,-176.12325080766823,366.24650161533646,389.8409678122301
2026-06-07T22:28:45,54,31,540031,constant,-31.78048948486959,77.56097896973918,101.15544516663282,True,0,6.963839882889378,5.679152912402261,0.725549618276847,0.3339018405210318,0.1435460116913817,0.2583043186610443,0.0269127863602499,,,,,,-31.780489484688506,77.560978969377,101.15544516627064
2026-06-07T22:29:35,54,32,540032,constant,-176.123619862556,366.247239725112,389.84170592200564,True,0,2.8369316564478986,0.0359008923241115,0.4259675312333069,0.7240838984170523,0.1339222291495465,0.1405101979185155,1.4899033587480044,,,,,,-176.12361986262766,366.2472397252553,389.84170592214895
2026-06-07T22:31:26,54,33,540033,constant,-176.1232415423592,366.2464830847184,389.84094928161204,True,0,2.8780630996184464,0.0358976912183973,0.4232888961265503,0.7275907314855736,0.1350040800529627,0.1398660702231241,1.4961025122428793,,,,,,-176.12324154236023,366.24648308472047,389.8409492816141
2026-06-07T22:32:58,54,34,540034,constant,-176.12324305522645,366.2464861104529,389.8409523073465,True,0,2.8803086055871856,0.0358850740828198,0.4232389325041762,0.7276488096773454,0.135010778075245,0.1398207896481769,1.4969145723287345,,,,,,-176.12324305522566,366.2464861104513,389.8409523073449
2026-06-07T22:35:03,54,35,540035,constant,-176.1232491163634,366.2464982327268,389.84096442962044,True,0,2.8830143570515303,0.0358470215660455,0.4231836066125942,0.7278308930876989,0.1350121026226585,0.1397669527381088,1.4987453898648782,,,,,,-176.12324911636335,366.2464982327267,389.8409644296203
2026-06-07T22:37:05,54,36,540036,constant,-176.12324145644095,366.2464829128819,389.8409491097755,True,0,2.8778175644016764,0.0358960219458674,0.4233321080763209,0.7275198002050318,0.1349841955950389,0.1398670017695338,1.4960726330614378,,,,,,-176.12324145645675,366.2464829129135,389.8409491098071
2026-06-07T22:40:58,54,37,540037,constant,-176.12361202332215,366.2472240466443,389.8416902435379,True,0,2.8429683559898016,0.0361186549052696,0.4231468114959813,0.7277248156507754,0.1357816983728646,0.1406910858516777,1.4822732001725785,,,,,,-176.1236120233179,366.2472240466358,389.8416902435294
2026-06-07T22:41:54,54,38,540038,constant,-176.12324144540747,366.24648289081495,389.84094908770857,True,0,2.877634558335999,0.0358959795545871,0.4233453775717174,0.72749580406905,0.1349792365756492,0.1398692915556874,1.4960625969252594,,,,,,-176.12324144540582,366.2464828908117,389.84094908770527
2026-06-07T22:43:17,54,39,540039,constant,-176.12324156420783,366.24648312841566,389.8409493253093,True,0,2.878064448393291,0.0358895956344177,0.4233320350143486,0.7275341099528262,0.1349951293725545,0.139863023779842,1.4964371310049636,,,,,,-176.12324156428429,366.24648312856857,389.8409493254622
2026-06-07T22:44:53,54,40,540040,constant,-176.12324148914678,366.24648297829356,389.8409491751872,True,0,2.877123313751816,0.0358987794170684,0.423362579216164,0.7274680336718639,0.1349721284396555,0.1398787493858261,1.495847024322084,,,,,,-176.12324148914638,366.2464829782928,389.8409491751864
2026-06-07T21:36:37,55,1,550001,constant,-176.12324362558246,366.2464872511649,389.84095344805854,True,0,2.8782065135960235,0.0358518064915228,0.4233091483648414,0.7276539498468301,0.1350513309113434,0.1398707936997782,1.4982186901033654,,,,,,-176.12324362546366,366.2464872509273,389.84095344782094
2026-06-07T21:37:54,55,2,550002,constant,-176.1232414794802,366.2464829589604,389.84094915585405,True,0,2.8777702715288664,0.0358921925112262,0.4233247604033524,0.7275541659102926,0.134990869379558,0.1398697465637711,1.496255492972237,,,,,,-176.12324147948496,366.2464829589699,389.84094915586354
2026-06-07T21:38:57,55,3,550003,constant,-176.12337659937916,366.2467531987583,389.84121939565193,True,0,2.8896505248177413,0.0355423242241339,0.4230280632649468,0.7289887281100156,0.1355520046743146,0.139642162917444,1.5130519798455584,,,,,,-176.1233765997294,366.2467531994588,389.8412193963524
2026-06-07T21:40:24,55,4,550004,constant,-176.12663007746883,366.25326015493766,389.8477263518313,True,0,2.97120375045358,0.0363800993704323,0.4233199634523172,0.7200280883910324,0.1313473218554862,0.1378793611815659,1.489743830590732,,,,,,-176.1266300786978,366.2532601573956,389.8477263542893
2026-06-07T21:41:33,55,5,550005,constant,-176.1232414509738,366.2464829019476,389.84094909884124,True,0,2.8776724530160114,0.0358965959299444,0.4233337385266753,0.7275258243968812,0.1349861691402261,0.1398692083288342,1.4960014156855277,,,,,,-176.12324145096537,366.24648290193073,389.8409490988244
2026-06-07T21:42:48,55,6,550006,constant,-176.12324146735386,366.2464829347077,389.84094913160135,True,0,2.877387455473123,0.0358980902979071,0.4233536923987379,0.7274868271863901,0.1349760391338696,0.1398720620564408,1.4959590397286546,,,,,,-176.12324146735438,366.2464829347088,389.8409491316024
2026-06-07T21:43:38,55,7,550007,constant,-176.1232414537492,366.2464829074984,389.840949104392,True,0,2.8773454439654507,0.0358952766331866,0.4233510493551575,0.7274975799108834,0.1349782499813649,0.1398752240767806,1.4960331634627928,,,,,,-176.1232414537516,366.2464829075032,389.8409491043968
2026-06-07T21:44:50,55,8,550008,constant,-176.12324169505246,366.2464833901049,389.84094958699853,True,0,2.8774733804744064,0.0359091354533902,0.4233822517692738,0.7273916208333358,0.13494528158147,0.1398663779794626,1.4953335328055923,,,,,,-176.12324169505484,366.2464833901097,389.8409495870033
2026-06-07T21:46:54,55,9,550009,constant,-176.1232416852031,366.2464833704062,389.84094956729984,True,0,2.87845199348215,0.0358858827902868,0.4233075735243348,0.7275821497636912,0.1350016482205962,0.139855390998249,1.4965990062641952,,,,,,-176.12324168519825,366.2464833703965,389.8409495672901
2026-06-07T21:47:51,55,10,550010,constant,-176.12324145090605,366.2464829018121,389.8409490987057,True,0,2.8773956016214832,0.0358975164088291,0.4233471886454477,0.7274959966676149,0.134979244540369,0.1398743363413107,1.4959361537496365,,,,,,-176.1232414509084,366.2464829018168,389.8409490987104
2026-06-07T21:49:04,55,11,550011,constant,-176.12324147317437,366.24648294634875,389.84094914324237,True,0,2.877262267857489,0.035895940084033,0.423365963551656,0.7274752932244261,0.1349752910860379,0.1398764181348296,1.4959969327141245,,,,,,-176.12324147317344,366.2464829463469,389.8409491432405
2026-06-07T21:50:16,55,12,550012,constant,-176.1232414677356,366.2464829354712,389.8409491323648,True,0,2.87739381998563,0.0359008540831378,0.4233517743587058,0.7274797553244433,0.1349687146069717,0.1398734616415332,1.4958045325934852,,,,,,-176.12324146773403,366.24648293546807,389.8409491323617
2026-06-07T21:51:38,55,13,550013,constant,-176.1325778767375,366.265155753475,389.85962195036865,True,0,2.680963823907043,0.0355124360112569,0.4289694841980055,0.7240545757381589,0.1345078175549497,0.1441926733524154,1.4926829202744765,,,,,,-176.1325778767353,366.2651557534706,389.8596219503642
2026-06-07T21:53:09,55,14,550014,constant,-176.1232415441294,366.2464830882588,389.8409492851524,True,0,2.8781799526594867,0.0358920551988911,0.4233302550326775,0.7275318236005932,0.1349951326370833,0.1398584074056559,1.4962768461037288,,,,,,-176.12324154343787,366.2464830868757,389.84094928376936
2026-06-07T21:54:38,55,15,550015,constant,-176.12324144340317,366.24648288680635,389.84094908369997,True,0,2.8775738615358404,0.0358961694027738,0.423343879200408,0.7275050991867589,0.1349787959323347,0.1398702379563242,1.496000270402805,,,,,,-176.1232414434025,366.246482886805,389.8409490836986
2026-06-07T21:56:42,55,16,550016,constant,-176.12324144916573,366.24648289833146,389.8409490952251,True,0,2.877522773611327,0.0358986746877107,0.423340175411279,0.7275001780160473,0.134976718821739,0.1398725266506941,1.4959134580473878,,,,,,-176.12324144916448,366.24648289832896,389.8409490952226
2026-06-07T21:58:41,55,17,550017,constant,-176.12326468378882,366.24652936757764,389.84099556447126,True,0,2.8860356239341622,0.0359521001571028,0.4232851002962632,0.7274394001516793,0.1348117109148271,0.1396625137320592,1.4935828269509048,,,,,,-176.12326469545866,366.2465293909173,389.8409955878109
2026-06-07T21:59:39,55,18,550018,constant,-176.12324165945668,366.24648331891336,389.840949515807,True,0,2.8782860231551,0.0358839915623909,0.423330977478409,0.7275464432128581,0.1349728346317573,0.1398574781851162,1.4965708523832522,,,,,,-176.12324165945716,366.24648331891433,389.840949515808
2026-06-07T22:01:38,55,19,550019,constant,-176.12324146767236,366.2464829353447,389.84094913223834,True,0,2.8772981770910766,0.035898071882518,0.4233649636454769,0.7274789297591403,0.1349692877935643,0.139873935920717,1.4958699939417148,,,,,,-176.1232414676721,366.2464829353442,389.8409491322378
2026-06-07T22:03:27,55,20,550020,constant,-176.12324158998726,366.2464831799745,389.84094937686814,True,0,2.87836183980853,0.0358903224836316,0.423325118514169,0.7275447653980314,0.1349884760450884,0.1398538200902022,1.4963330536152142,,,,,,-176.12324158999888,366.24648317999777,389.8409493768914
2026-06-07T22:04:37,55,21,550021,constant,-176.55562052733444,367.1112410546689,390.7057072515625,True,0,1.95238892750695,0.0468032663482994,0.5112021406779815,0.5758634699970115,0.0964372364594265,0.1531953855372386,0.963788928146511,,,,,,-176.5556205183658,367.1112410367316,390.7057072336252
2026-06-07T22:05:41,55,22,550022,constant,-176.12324157455663,366.24648314911326,389.8409493460069,True,0,2.878178354353252,0.0358933435333145,0.4233427678334802,0.7274926729798902,0.1349695912671414,0.1398575376100621,1.4962940935970224,,,,,,-176.1232415666076,366.2464831332152,389.8409493301088
2026-06-07T22:07:20,55,23,550023,constant,-176.12324145424003,366.24648290848006,389.8409491053737,True,0,2.877714431718977,0.0358954450575521,0.4233332633310462,0.7275274026389253,0.1349831859074056,0.1398678528319165,1.4960184175964222,,,,,,-176.12324145423543,366.24648290847085,389.8409491053645
2026-06-07T22:10:31,55,24,550024,constant,-176.1232414524594,366.2464829049188,389.84094910181244,True,0,2.8775266013967613,0.0358989059015317,0.4233448186113543,0.7274953284090481,0.134972016835567,0.1398724002829318,1.4958981232648303,,,,,,-176.1232414524562,366.2464829049124,389.840949101806
2026-06-07T22:12:05,55,25,550025,constant,-140.88614504125124,295.7722900825025,319.3667562793961,True,0,3.538928088333551,1.5263598555987727,0.6836094926017323,0.2649053069401375,0.1554806704984959,0.1208134193490992,0.0074788424845376,,,,,,-140.88614504121475,295.7722900824295,319.3667562793231
2026-06-07T22:12:52,55,26,550026,constant,-176.12324161355644,366.2464832271129,389.8409494240065,True,0,2.8769346032719096,0.0359064841791312,0.4233445897264203,0.7274796651489062,0.1349704399437371,0.139885737731093,1.4955348278555811,,,,,,-176.12324161355747,366.2464832271149,389.84094942400856
2026-06-07T22:14:55,55,27,550027,constant,-176.12324149606252,366.24648299212504,389.84094918901866,True,0,2.877855148361948,0.0358944625250663,0.4233668954781134,0.7274634163335497,0.1349614538108713,0.1398609299359446,1.4960871087062568,,,,,,-176.12324149607912,366.24648299215823,389.8409491890519
2026-06-07T22:16:43,55,28,550028,constant,-176.12324146375227,366.24648292750453,389.84094912439815,True,0,2.8774270832765403,0.0359000241855268,0.423351434888433,0.727481929011372,0.1349722566020499,0.1398728028371438,1.495809096378924,,,,,,-176.1232414637485,366.246482927497,389.84094912439065
2026-06-07T22:18:21,55,29,550029,constant,-176.12324144624992,366.24648289249984,389.84094908939346,True,0,2.877614301074647,0.0358979704467122,0.4233373377725731,0.7275065528997031,0.1349812982325814,0.1398704488585464,1.495957601342611,,,,,,-176.12324144625012,366.2464828925002,389.84094908939386
2026-06-07T22:20:59,55,30,550030,constant,-176.12324153206288,366.24648306412575,389.8409492610194,True,0,2.8779918364415367,0.0358994463401169,0.4233472290502201,0.7274857462898818,0.134965060337391,0.1398571825219516,1.4959000381809635,,,,,,-176.1232415324022,366.2464830648044,389.840949261698
2026-06-07T22:22:48,55,31,550031,constant,-176.12324145761824,366.24648291523647,389.8409491121301,True,0,2.877353341788976,0.0358981742993047,0.4233568198934336,0.7274774197457664,0.1349757610433787,0.1398739941508417,1.4958916192081662,,,,,,-176.12324145761954,366.2464829152391,389.8409491121327
2026-06-07T22:24:25,55,32,550032,constant,-176.1262274025566,366.2524548051132,389.8469210020068,True,0,2.7858842572559217,0.0349483530746005,0.4254133989710396,0.7288999676313161,0.1363458996523984,0.1420382039887865,1.5289700494086589,,,,,,-176.12622740456695,366.2524548091339,389.8469210060275
2026-06-07T22:26:14,55,33,550033,constant,-176.12324147976452,366.24648295952903,389.84094915642265,True,0,2.877218731358296,0.0358995405837403,0.4233569533787603,0.7274773370483328,0.1349735818489659,0.139876867953669,1.4958076424562998,,,,,,-176.12324147976528,366.24648295953057,389.8409491564242
2026-06-07T22:27:41,55,34,550034,constant,-176.12324144543527,366.24648289087054,389.84094908776416,True,0,2.8775065452518405,0.0358975249388418,0.4233440279531872,0.7275007373677754,0.1349792486900034,0.139872448256565,1.4959556333644088,,,,,,-176.1232414454371,366.2464828908742,389.8409490877678
2026-06-07T22:28:52,55,35,550035,constant,-176.12324160615663,366.24648321231325,389.84094940920687,True,0,2.878054112773766,0.0358905723537123,0.4233553853250867,0.7274625024583923,0.1349668594833831,0.1398594967066548,1.4964014181834548,,,,,,-176.12324160611328,366.24648321222656,389.8409494091202
2026-06-07T22:30:12,55,36,550036,constant,-176.1232414431824,366.2464828863648,389.8409490832584,True,0,2.8775221178050487,0.0358966089820544,0.4233442157706686,0.7275026061904922,0.1349798023034393,0.13987192616308,1.4959957020499035,,,,,,-176.12324144317785,366.2464828863557,389.8409490832493
2026-06-07T22:32:01,55,37,550037,constant,-176.14142006925312,366.28284013850623,389.87730633539985,True,0,2.6179733822072646,0.0345982645718418,0.4374925662460635,0.7104730603679236,0.1339033910720846,0.1447026153581798,1.5206836954812617,,,,,,-176.14142006925366,366.2828401385073,389.8773063354009
2026-06-07T22:33:21,55,38,550038,constant,-176.1232414652247,366.2464829304494,389.84094912734304,True,0,2.877638126298456,0.0358933960079133,0.4233448977828759,0.7274872544587376,0.1349904384958277,0.1398697762330147,1.496150149278599,,,,,,-176.1232414652291,366.2464829304582,389.8409491273519
2026-06-07T22:34:26,55,39,550039,constant,-176.1232414763358,366.2464829526716,389.84094914956523,True,0,2.877471844611602,0.0358997227444135,0.4233632721703572,0.7274625170549529,0.1349719639746824,0.1398697376524889,1.4957830665144198,,,,,,-176.12324147633592,366.24648295267184,389.8409491495655
2026-06-07T22:35:19,55,40,550040,constant,-176.13121682135255,366.2624336427051,389.8568998395987,True,0,2.990476463802319,0.0336475439819506,0.4167339559239844,0.7433545185476722,0.1401276356432697,0.1386878949386951,1.6204519833245354,,,,,,-176.13121682134695,366.2624336426939,389.8568998395875
2026-06-07T21:37:46,56,1,560001,constant,-176.12324145027515,366.2464829005503,389.8409490974439,True,0,2.877518519361036,0.0358980717123781,0.4233372203907876,0.7275145229842346,0.1349766985036526,0.139872888374409,1.4959903509610428,,,,,,-176.12324145027685,366.2464829005537,389.8409490974473
2026-06-07T21:39:14,56,2,560002,constant,-176.12324145193446,366.2464829038689,389.84094910076254,True,0,2.8773593237365738,0.0358965153529044,0.4233523783956331,0.7274876933447761,0.1349758734335212,0.1398749306737491,1.4959839694781152,,,,,,-176.12324145193247,366.24648290386494,389.84094910075856
2026-06-07T21:41:22,56,3,560003,constant,-176.1232414889201,366.2464829778402,389.8409491747338,True,0,2.877884102295086,0.0358923441682233,0.4233465834603893,0.72749343020695,0.134983832485724,0.1398614459218391,1.496106179577161,,,,,,-176.12324148892043,366.24648297784086,389.8409491747345
2026-06-07T21:42:37,56,4,560004,constant,-176.12327854114542,366.24655708229085,389.84102327918447,True,0,2.865725139656361,0.0360020123744458,0.4236892068078975,0.7267814027364008,0.1349199924346745,0.140094036030165,1.490007688033273,,,,,,-176.12327854195706,366.2465570839141,389.84102328080775
2026-06-07T21:44:16,56,5,560005,constant,-79.32574736149093,172.65149472298185,196.24596091987547,True,0,4.3927962703886925,2.456930714080048,0.8287110938257617,0.1764054011611638,0.0516735110369524,0.1651520341422051,0.0330987027177224,,,,,,-79.32574736143994,172.65149472287987,196.2459609197735
2026-06-07T21:46:11,56,6,560006,constant,-176.12326184300647,366.24652368601295,389.84098988290657,True,0,2.8850614983838674,0.0357965963974354,0.4230431527289755,0.7281604518371804,0.1351845523786049,0.1397418006508273,1.5017087451394808,,,,,,-176.12326184300275,366.2465236860055,389.8409898828991
2026-06-07T21:47:18,56,7,560007,constant,-176.1232414517646,366.2464829035292,389.84094910042285,True,0,2.8774875036583847,0.0358969677969613,0.423358091840457,0.7274705319815287,0.1349721602691442,0.1398707507903421,1.4959780973136891,,,,,,-176.12324145176078,366.2464829035216,389.8409491004152
2026-06-07T21:48:42,56,8,560008,constant,-176.12586904397187,366.25173808794375,389.84620428483737,True,0,2.812897017375924,0.0348180745064953,0.4254398925469738,0.7284381013879399,0.1357961728594627,0.1413865820028911,1.5478747323153843,,,,,,-176.12586904487168,366.25173808974336,389.846204286637
2026-06-07T21:49:57,56,9,560009,constant,-176.1232414631389,366.2464829262778,389.8409491231714,True,0,2.8774413050948957,0.0359003301870073,0.4233489435069121,0.7274881460090834,0.134977316676112,0.1398726327462088,1.4958173478291077,,,,,,-176.12324146313978,366.2464829262796,389.8409491231732
2026-06-07T21:51:22,56,10,560010,constant,-176.1232414525743,366.2464829051486,389.8409491020422,True,0,2.877446720832112,0.0358972572190696,0.4233490470690191,0.7274983701838311,0.134978682791281,0.1398728618476591,1.4959114438118652,,,,,,-176.12324145257395,366.2464829051479,389.8409491020415
2026-06-07T21:53:07,56,11,560011,constant,-176.12324145585478,366.24648291170956,389.8409491086032,True,0,2.8776364525861178,0.0358969779415371,0.4233372351359392,0.7275148452134605,0.134993417050274,0.1398688425332947,1.4960116919238875,,,,,,-176.1232414558549,366.2464829117098,389.8409491086034
2026-06-07T21:55:06,56,12,560012,constant,-176.12324151652754,366.2464830330551,389.8409492299487,True,0,2.8770967221136394,0.0359014264309368,0.4233668608786696,0.7274564906554161,0.1349652359405392,0.1398785837563474,1.4957036404934805,,,,,,-176.12324151652666,366.2464830330533,389.8409492299469
2026-06-07T21:56:15,56,13,560013,constant,-176.12324148085236,366.2464829617047,389.84094915859833,True,0,2.877821066976953,0.0358930918928708,0.4233313507950272,0.7275456935121134,0.134978231682753,0.1398648329839206,1.4961720711972046,,,,,,-176.12324148086674,366.2464829617335,389.8409491586271
2026-06-07T21:58:17,56,14,560014,constant,-176.12325755863492,366.24651511726984,389.84098131416346,True,0,2.8828518832431858,0.0357900975195714,0.4230869148827615,0.7282377099186091,0.1351393826607867,0.139785217391866,1.5016181614011053,,,,,,-176.1232575581127,366.2465151162254,389.840981313119
2026-06-07T22:00:42,56,15,560015,constant,-176.12330916212667,366.24661832425335,389.84108452114697,True,0,2.8835435991081217,0.0356588985921037,0.4228697711877082,0.7292491778509087,0.1354100081991221,0.1398112194986204,1.5079756152725454,,,,,,-176.12330916212446,366.2466183242489,389.8410845211425
2026-06-07T22:01:48,56,16,560016,constant,-176.12324150641953,366.24648301283906,389.8409492097327,True,0,2.8778545264168733,0.0358897639793369,0.4233477927770995,0.7275122404360216,0.1349682540710828,0.1398647776633837,1.4963495441414745,,,,,,-176.12324150641973,366.24648301283946,389.8409492097331
2026-06-07T22:03:43,56,17,560017,constant,-176.12324770252982,366.24649540505965,389.84096160195327,True,0,2.8746094553927595,0.0359592886671232,0.4234617220821151,0.7271261744559778,0.1348856327229939,0.1399207161989626,1.492442542991131,,,,,,-176.1232477024558,366.2464954049116,389.8409616018052
2026-06-07T22:05:46,56,18,560018,constant,-176.12324145500347,366.24648291000693,389.84094910690055,True,0,2.8774966191866262,0.0358969427334353,0.4233492326364926,0.7274852936137574,0.1349754713439687,0.1398722763230234,1.4960648634951077,,,,,,-176.12324145500253,366.24648291000506,389.8409491068987
2026-06-07T22:07:22,56,19,560019,constant,-176.12324538788062,366.24649077576123,389.84095697265485,True,0,2.8769118261104225,0.0358545890019497,0.4235859827676919,0.7271663389956166,0.1348887675745154,0.1398464571612664,1.495966195126147,,,,,,-176.12324538716044,366.2464907743209,389.8409569712145
2026-06-07T22:09:40,56,20,560020,constant,-176.12324249761372,366.24648499522743,389.84095119212105,True,0,2.8785581802471176,0.0359037378933897,0.4231831605561437,0.7278068150044897,0.1350720106156709,0.1398657955050287,1.496161933647454,,,,,,-176.12324249760002,366.2464849952,389.84095119209366
2026-06-07T22:11:06,56,21,560021,constant,-176.12324144656017,366.24648289312034,389.84094909001396,True,0,2.8775362205511987,0.0358979233531536,0.4233400708630556,0.7275033411957786,0.1349789856471024,0.1398720098449544,1.495939300151814,,,,,,-176.12324144655634,366.2464828931127,389.8409490900063
2026-06-07T22:13:02,56,22,560022,constant,-176.12324145611512,366.24648291223025,389.84094910912387,True,0,2.8777882938095325,0.0358961217928177,0.4233348860436903,0.7275084997238982,0.1349850257416769,0.1398660483092978,1.4960197257493908,,,,,,-176.12324145613124,366.2464829122625,389.8409491091561
2026-06-07T22:14:51,56,23,560023,constant,-176.1232414637548,366.2464829275096,389.8409491244032,True,0,2.8773297482616345,0.0358968672881221,0.4233475838764616,0.7274832035362746,0.1349844429631544,0.1398773709918163,1.4960086428262354,,,,,,-176.12324146375465,366.2464829275093,389.8409491244029
2026-06-07T22:15:57,56,24,560024,constant,-176.12324147206263,366.24648294412526,389.8409491410189,True,0,2.8776026132238828,0.0358916248420288,0.423334859760595,0.7275330153991074,0.1349875045567601,0.1398724120831607,1.496277237323018,,,,,,-176.12324147206095,366.2464829441219,389.8409491410155
2026-06-07T22:17:38,56,25,560025,constant,-176.12324144823216,366.24648289646433,389.84094909335795,True,0,2.877446987615044,0.0358981649810945,0.4233470015250282,0.7274925807158117,0.1349756020713931,0.1398735379306465,1.4959380934933473,,,,,,-176.12324144823464,366.2464828964693,389.8409490933629
2026-06-07T22:18:42,56,26,560026,constant,-176.12324257442984,366.2464851488597,389.8409513457533,True,0,2.878639600642817,0.0358661495865794,0.4232728946654606,0.7276586494756564,0.1350521291884153,0.1398586576077327,1.497565842462094,,,,,,-176.1232425744113,366.2464851488226,389.8409513457162
2026-06-07T22:20:00,56,27,560027,constant,-176.1568406400746,366.3136812801492,389.9081474770428,True,0,2.5272539011584367,0.0383094484601354,0.4394931409808574,0.7014341846184712,0.1281036320953055,0.1465977364044316,1.343479734653113,,,,,,-176.15684065128067,366.31368130256135,389.90814749945497
2026-06-07T22:22:27,56,28,560028,constant,-176.12324147047687,366.24648294095374,389.84094913784736,True,0,2.8776148319614143,0.0358925191045298,0.4233353308422429,0.727512622233522,0.1349841590873775,0.139872504971204,1.496254175939224,,,,,,-176.1232414704818,366.2464829409636,389.8409491378572
2026-06-07T22:23:34,56,29,560029,constant,-176.12324154490796,366.2464830898159,389.84094928670953,True,0,2.876992768338168,0.0359016793962727,0.4233733913603295,0.7274518861398396,0.1349647553789512,0.1398802242439606,1.495663342327572,,,,,,-176.12324154490656,366.2464830898131,389.8409492867068
2026-06-07T22:24:54,56,30,560030,constant,-176.12324152451518,366.24648304903036,389.840949245924,True,0,2.8781305224434464,0.0358932638302571,0.4233225319884181,0.7275376629006688,0.1349704599835348,0.1398617986777337,1.4961928068786865,,,,,,-176.12324152448156,366.2464830489631,389.84094924585673
2026-06-07T22:26:57,56,31,560031,constant,-176.12324145366773,366.24648290733546,389.8409491042291,True,0,2.87738421653383,0.0358976782166895,0.4233511744672923,0.727488711432016,0.1349709260290288,0.1398739947732982,1.4959268041247704,,,,,,-176.12324145366904,366.2464829073381,389.8409491042317
2026-06-07T22:28:48,56,32,560032,constant,-176.12325149837068,366.24650299674136,389.840969193635,True,0,2.873123055606365,0.0358284501419659,0.4234620247565294,0.7276408846205679,0.134986999723786,0.1399584110538369,1.498635834704939,,,,,,-176.12325149819293,366.24650299638586,389.8409691932795
2026-06-07T22:29:45,56,33,560033,constant,-176.1232431856106,366.2464863712212,389.8409525681148,True,0,2.8786144938640787,0.0359150684532185,0.4231137447769864,0.727649263218149,0.1351346878844085,0.1398811467068224,1.4957968921136389,,,,,,-176.1232431856126,366.2464863712252,389.8409525681189
2026-06-07T22:31:36,56,34,560034,constant,-176.1232414455286,366.2464828910572,389.84094908795083,True,0,2.877625367526197,0.0358963745192893,0.4233442372848697,0.727499273970046,0.1349789122066272,0.1398695401812701,1.4960598557383835,,,,,,-176.12324144552946,366.2464828910589,389.8409490879525
2026-06-07T22:33:18,56,35,560035,constant,-176.12324150011713,366.24648300023426,389.8409491971279,True,0,2.8774017927515327,0.0358911040795379,0.4233456481035697,0.7275034653223955,0.1349881815149541,0.1398742855499557,1.496285018024617,,,,,,-176.1232415001225,366.246483000245,389.8409491971386
2026-06-07T22:34:41,56,36,560036,constant,-176.12324146626793,366.24648293253586,389.8409491294295,True,0,2.8776680759566022,0.0358993211110822,0.4233318655341546,0.7275144968497119,0.1349841728464284,0.1398717168099338,1.4959456214155584,,,,,,-176.12324146626295,366.2464829325259,389.8409491294195
2026-06-07T22:37:04,56,37,560037,constant,-176.12324154711365,366.2464830942273,389.8409492911209,True,0,2.8780908763139,0.0358908335937672,0.423321648754639,0.7275590727662213,0.1349839912046639,0.1398605264697118,1.4963853344359963,,,,,,-176.12324154711362,366.2464830942272,389.84094929112086
2026-06-07T22:37:47,56,38,560038,constant,-176.12328912964824,366.2465782592965,389.8410444561901,True,0,2.888951221364097,0.0360219370278233,0.4228831689730492,0.7278501038901692,0.134878697126623,0.1396426039200307,1.49117205249886,,,,,,-176.12328912874193,366.2465782574839,389.8410444543775
2026-06-07T22:40:08,56,39,560039,constant,-176.12324604622003,366.24649209244006,389.8409582893337,True,0,2.8812414419466905,0.0358493734055779,0.4231955145503215,0.7278563518596166,0.1350651291619751,0.1398056620477335,1.4986378627069412,,,,,,-176.12324604621983,366.24649209243967,389.8409582893333
2026-06-07T22:42:05,56,40,560040,constant,-176.12332443159244,366.2466488631849,389.8411150600785,True,0,2.867823969741075,0.0361079048865027,0.4241798024434278,0.7263126895964266,0.1342281044588918,0.1399274720204976,1.484378777720359,,,,,,-176.1233244303092,366.2466488606184,389.841115057512
2026-06-07T21:37:14,57,1,570001,constant,-176.1234381742758,366.2468763485516,389.84134254544523,True,0,2.847616651630666,0.0360408996965358,0.4241679256654537,0.7260745251223525,0.1348728767240268,0.14048937975716,1.487180192014084,,,,,,-176.1234381733783,366.2468763467566,389.8413425436502
2026-06-07T21:38:28,57,2,570002,constant,-176.12324150194652,366.24648300389305,389.84094920078667,True,0,2.87787628608333,0.0358906545496052,0.423321729517268,0.727564647211399,0.1349866804840779,0.139867093005562,1.496335327075081,,,,,,-176.12324150195712,366.2464830039143,389.8409492008079
2026-06-07T21:39:52,57,3,570003,constant,-176.14294579752539,366.28589159505077,389.8803577919444,True,0,2.5980867221523543,0.0375694515490766,0.4360460176535184,0.7056053421747056,0.131493562127537,0.1452310937997669,1.3905738233735183,,,,,,-176.14294580379817,366.28589160759634,389.88035780449
2026-06-07T21:41:27,57,4,570004,constant,-176.12324258692004,366.2464851738401,389.8409513707337,True,0,2.8757372099454863,0.0359184180906133,0.4234204689103979,0.7273382436701907,0.1349330343454914,0.1399024328284751,1.4947241140528142,,,,,,-176.1232425869191,366.2464851738382,389.84095137073183
2026-06-07T21:42:59,57,5,570005,constant,-176.1232415768731,366.2464831537462,389.84094935063985,True,0,2.877716434669703,0.0359003770337007,0.4233367675086215,0.7275300165102547,0.1349916905693339,0.1398626425041773,1.4959322236169323,,,,,,-176.12324157688096,366.2464831537619,389.84094935065553
2026-06-07T21:44:48,57,6,570006,constant,-176.12686715491503,366.25373430983007,389.8482005067237,True,0,2.8562819131240094,0.0359581633291953,0.4304062353292291,0.7088094702885124,0.130434345549825,0.1397191532334434,1.4929035545147062,,,,,,-176.1268671568157,366.2537343136314,389.848200510525
2026-06-07T21:45:45,57,7,570007,constant,-176.12324155187127,366.24648310374255,389.84094930063617,True,0,2.878064533959328,0.0358887394941423,0.4233153049809092,0.7275623270271039,0.1350005282012711,0.1398637588858296,1.4964609107351838,,,,,,-176.1232415518527,366.2464831037054,389.840949300599
2026-06-07T21:47:15,57,8,570008,constant,-176.12324172997825,366.2464834599565,389.8409496568501,True,0,2.8778646121593865,0.0358928877603982,0.4233346047921809,0.7274738144329077,0.1350373707507972,0.1398622854360087,1.4963414784133344,,,,,,-176.12324172996392,366.24648345992784,389.8409496568215
2026-06-07T21:48:38,57,9,570009,constant,-176.12337051758402,366.24674103516804,389.84120723206166,True,0,2.853502413478002,0.0358332542300654,0.4244319512714414,0.7262664461463351,0.1348517943864907,0.1403347084731571,1.4959294939139365,,,,,,-176.1233705144561,366.2467410289122,389.8412072258058
2026-06-07T21:50:04,57,10,570010,constant,-176.1232416621492,366.2464833242984,389.84094952119204,True,0,2.878557433438222,0.0358924469931844,0.4232975559366287,0.7275873286187788,0.1350024585824757,0.139852329704407,1.496306302913642,,,,,,-176.1232416621492,366.2464833242984,389.840949521192
2026-06-07T21:53:16,57,11,570011,constant,-176.12350357018485,366.2470071403697,389.8414733372633,True,0,2.842630900760404,0.0358315177554415,0.4246743647796706,0.7262476303230126,0.1350218261889106,0.1405267122258859,1.4937374513850408,,,,,,-176.12350357032284,366.2470071406457,389.8414733375393
2026-06-07T21:54:33,57,12,570012,constant,-176.1232419518782,366.2464839037564,389.84095010065005,True,0,2.878151542073189,0.0358760625057263,0.423293209925905,0.7276352370929207,0.1350201681018701,0.1398660204056363,1.497084949642038,,,,,,-176.12324195155043,366.2464839031009,389.8409500999945
2026-06-07T21:56:54,57,13,570013,constant,-176.12324145138476,366.2464829027695,389.84094909966313,True,0,2.877430297730455,0.0358981422193473,0.4233490614590999,0.7274968780629079,0.134976352960993,0.1398731303641923,1.4959076925053223,,,,,,-176.1232414513853,366.2464829027706,389.8409490996642
2026-06-07T21:58:39,57,14,570014,constant,-176.1232414506781,366.2464829013562,389.84094909824984,True,0,2.8774875211202646,0.035896741040442,0.423354649693956,0.7274886903286617,0.1349775718534532,0.139871536045292,1.4959468632489916,,,,,,-176.12324145067754,366.2464829013551,389.8409490982487
2026-06-07T21:59:47,57,15,570015,constant,-176.12324147993576,366.2464829598715,389.84094915676513,True,0,2.877945322450119,0.0358959665016295,0.4233202203391017,0.727538389607797,0.1349767253311546,0.1398658929570791,1.4961306814528752,,,,,,-176.12324147993564,366.2464829598713,389.8409491567649
2026-06-07T22:01:14,57,16,570016,constant,-176.12324145636208,366.24648291272416,389.8409491096178,True,0,2.877731701046018,0.0358947238087068,0.4233248670023272,0.7275347691402453,0.1349926103886425,0.1398694132429839,1.4961274220191532,,,,,,-176.12324145636194,366.2464829127239,389.8409491096175
2026-06-07T22:02:52,57,17,570017,constant,-176.12324144681236,366.2464828936247,389.84094909051834,True,0,2.8774753877483508,0.0358946179637824,0.4233478075960125,0.727501889943909,0.1349797209381674,0.1398726313901652,1.4960872108754797,,,,,,-176.1232414468161,366.2464828936322,389.8409490905258
2026-06-07T22:04:24,57,18,570018,constant,-176.12388209526696,366.2477641905339,389.84223038742755,True,0,2.826708663889212,0.0363266615845009,0.4247829924304861,0.7243533510771628,0.134520186347947,0.1409040894144396,1.4747149405190028,,,,,,-176.12388208728134,366.2477641745627,389.8422303714563
2026-06-07T22:06:19,57,19,570019,constant,-176.12324151982853,366.24648303965705,389.84094923655067,True,0,2.8775440677405366,0.0359034400646119,0.4233596672970418,0.727448283019576,0.1349682239779697,0.1398680231396033,1.495635295413611,,,,,,-176.12324151982978,366.2464830396596,389.8409492365532
2026-06-07T22:07:01,57,20,570020,constant,-176.1232417289105,366.246483457821,389.8409496547146,True,0,2.878317621484761,0.0358992588882704,0.4233199548328641,0.7274722627569062,0.1350029049615527,0.1398598642945796,1.4959305784935624,,,,,,-176.1232417289114,366.2464834578228,389.8409496547165
2026-06-07T22:08:11,57,21,570021,constant,-176.12324172915706,366.2464834583141,389.84094965520774,True,0,2.8785333532291064,0.0358956021583152,0.4233448469279364,0.7275247334617124,0.1349406391021236,0.1398456929003874,1.496039407520409,,,,,,-176.1232417291538,366.2464834583076,389.8409496552012
2026-06-07T22:09:19,57,22,570022,constant,-176.12325200247517,366.24650400495034,389.84097020184396,True,0,2.8710675106787487,0.0359247459051935,0.4237565099970224,0.7268203530848768,0.1348225955329875,0.1399644924987161,1.4934455308814254,,,,,,-176.12325200262924,366.2465040052585,389.8409702021521
2026-06-07T22:10:14,57,23,570023,constant,-176.1233378972688,366.2466757945376,389.84114199143124,True,0,2.898080363897466,0.0358610334842095,0.4220630829198948,0.7293724544364246,0.1354644514050766,0.1395814208047071,1.5017614855460488,,,,,,-176.12333789728055,366.2466757945611,389.8411419914547
2026-06-07T22:11:39,57,24,570024,constant,-176.1232414492789,366.2464828985578,389.84094909545144,True,0,2.877652679334976,0.0358971722924441,0.4233316984515818,0.7275165078473467,0.1349884925823398,0.1398698151528346,1.4960078109942694,,,,,,-176.12324144928138,366.2464828985628,389.8409490954564
2026-06-07T22:12:44,57,25,570025,constant,-176.1232415015307,366.2464830030614,389.84094919995505,True,0,2.8778215145395247,0.035892684997715,0.4233232303239252,0.7275565834872277,0.1350030508040591,0.1398645718554468,1.496163956690212,,,,,,-176.1232415014918,366.2464830029836,389.8409491998772
2026-06-07T22:13:54,57,26,570026,constant,-176.12847269853165,366.2569453970633,389.8514115939569,True,0,3.00688148976793,0.0372265287299878,0.4192580300964069,0.7265852116062312,0.1335455982475431,0.1373236267109203,1.452339108013451,,,,,,-176.12847269391546,366.2569453878309,389.8514115847245
2026-06-07T22:15:01,57,27,570027,constant,-176.13389197769806,366.2677839553961,389.86225015228973,True,0,2.6627374510954414,0.0358516713021823,0.4301442247881428,0.7191338559368524,0.1343869050160057,0.1445365869315024,1.4760918447075433,,,,,,-176.1338919335381,366.2677838670762,389.8622500639698
2026-06-07T22:16:13,57,28,570028,constant,-176.12324147024088,366.24648294048177,389.8409491373754,True,0,2.877232961153564,0.0358944720130423,0.423353680624073,0.7274987133896915,0.1349827264439904,0.1398777721473463,1.4960632535750045,,,,,,-176.12324147024117,366.2464829404824,389.840949137376
2026-06-07T22:17:59,57,29,570029,constant,-176.12324145818704,366.2464829163741,389.8409491132677,True,0,2.877606040609621,0.0358979243752234,0.42333410010653,0.7275276404910723,0.1349853421728919,0.1398716074681376,1.4959682581478226,,,,,,-176.12324145818573,366.24648291637146,389.8409491132651
2026-06-07T22:19:38,57,30,570030,constant,-176.12338810205483,366.24677620410966,389.8412424010033,True,0,2.853732230343623,0.0361034717404603,0.4243848705458986,0.7252815690076921,0.1346419034088612,0.1403247907083093,1.4860585175797094,,,,,,-176.12338810150618,366.2467762030124,389.841242399906
2026-06-07T22:21:32,57,31,570031,constant,-176.12324144505794,366.2464828901159,389.8409490870095,True,0,2.87759567068979,0.0358964328477026,0.42334428410659,0.7274976653320836,0.1349725909689055,0.1398701565285167,1.4960175648785907,,,,,,-176.12324144506186,366.2464828901237,389.84094908701735
2026-06-07T22:22:47,57,32,570032,constant,-176.1232415927645,366.246483185529,389.8409493824226,True,0,2.878272988611683,0.0358967041480242,0.4233165710314905,0.7275490327566656,0.1349540137840011,0.1398578672459649,1.4960737615013469,,,,,,-176.1232415924486,366.2464831848972,389.8409493817909
2026-06-07T22:24:58,57,33,570033,constant,-176.12324145210658,366.24648290421317,389.8409491011068,True,0,2.8775375923225166,0.0358962523855135,0.4233583255815458,0.727490032440086,0.1349640166308518,0.1398698864051182,1.4959776060658023,,,,,,-176.12324145210636,366.2464829042127,389.84094910110633
2026-06-07T22:26:44,57,34,570034,constant,-176.12324370170722,366.24648740341445,389.84095360030807,True,0,2.87870510577206,0.035861692011375,0.4232263598615132,0.7277943217871073,0.1349938890535342,0.1398675225178332,1.4981055557071363,,,,,,-176.12324370172388,366.24648740344776,389.8409536003414
2026-06-07T22:28:24,57,35,570035,constant,-176.12324147589652,366.24648295179304,389.84094914868666,True,0,2.877721723063576,0.0358934389196674,0.4233352741703898,0.7275173704317279,0.1349871548846221,0.1398685016425059,1.4962597301418696,,,,,,-176.12324147589493,366.24648295178986,389.8409491486835
2026-06-07T22:34:49,57,36,570036,constant,-176.12352698812234,366.2470539762447,389.8415201731383,True,0,2.841501203916137,0.0360490568211224,0.4244975434948385,0.7261082975590893,0.1346659968217966,0.1405795675965686,1.4852621877785226,,,,,,-176.1235269882389,366.2470539764778,389.8415201733714
2026-06-07T22:36:53,57,37,570037,constant,-176.12347406140708,366.24694812281416,389.8414143197078,True,0,2.905681893800491,0.0357379559449013,0.4210657538884077,0.7311203982843403,0.1360165747847368,0.1395185040109561,1.5085955207679855,,,,,,-176.12347406306333,366.24694812612665,389.8414143230203
2026-06-07T22:37:58,57,38,570038,constant,-176.12324458040214,366.2464891608043,389.8409553576979,True,0,2.8747254113219296,0.0359370363988911,0.4234708228909217,0.727197934979313,0.1349181467838384,0.1399166927434724,1.493775417473329,,,,,,-176.1232445804023,366.2464891608046,389.8409553576982
2026-06-07T22:40:32,57,39,570039,constant,-176.12324147187383,366.24648294374765,389.84094914064127,True,0,2.877939921120652,0.035896527681996,0.4233307447267447,0.7275210797034871,0.1349768037577055,0.1398633851261967,1.496054710253368,,,,,,-176.12324147185916,366.2464829437183,389.840949140612
2026-06-07T22:42:55,57,40,570040,constant,-176.12324791958147,366.24649583916295,389.84096203605657,True,0,2.873330449633332,0.0359280951779617,0.4233821433478918,0.7274085293724445,0.1350328121615347,0.1399894238638184,1.4953817071311943,,,,,,-176.12324791958534,366.2464958391707,389.8409620360643
2026-06-07T21:38:01,58,1,580001,constant,-176.1232414643536,366.2464829287072,389.84094912560084,True,0,2.8773690560690293,0.0358934697740821,0.4233491388841351,0.7275119980504365,0.1349766611590396,0.1398744429953698,1.496129184469045,,,,,,-176.1232414643528,366.2464829287056,389.8409491255992
2026-06-07T21:39:22,58,2,580002,constant,-176.12324145708675,366.2464829141735,389.8409491110671,True,0,2.877583805894545,0.0358995210687562,0.4233383651950617,0.7275091236873615,0.1349746566887801,0.1398705137123723,1.495872585813247,,,,,,-176.1232414570862,366.2464829141724,389.8409491110661
2026-06-07T21:40:47,58,3,580003,constant,-176.123241549945,366.24648309989,389.8409492967836,True,0,2.877469956324195,0.0358865083280649,0.4233469897809488,0.7275343733360253,0.1349868433376803,0.1398741267216589,1.4964923408329265,,,,,,-176.1232415499475,366.2464830998949,389.84094929678855
2026-06-07T21:42:11,58,4,580004,constant,-176.12324145241226,366.2464829048245,389.84094910171814,True,0,2.877363366031623,0.0358964749090546,0.423356714266423,0.727488215156541,0.1349768377472511,0.1398736609120292,1.495965654255131,,,,,,-176.12324145241178,366.2464829048236,389.8409491017172
2026-06-07T21:43:08,58,5,580005,constant,-176.24249979582447,366.48499959164894,390.07946578854256,True,0,2.525888852536471,0.0283756565672101,0.4310592255462424,0.7453044853993507,0.1486806025863177,0.1493441707820688,1.921824880004484,,,,,,-176.24249979828738,366.4849995965748,390.0794657934684
2026-06-07T21:45:49,58,6,580006,constant,-176.1232414493507,366.2464828987014,389.840949095595,True,0,2.877533750005539,0.0358968850740137,0.4233443128710466,0.7275154940038565,0.1349761989905783,0.1398713866222529,1.4959707089399743,,,,,,-176.1232414493525,366.246482898705,389.8409490955986
2026-06-07T21:48:58,58,7,580007,constant,-176.12324144777227,366.24648289554455,389.84094909243817,True,0,2.877643006419709,0.0358958154119763,0.4233323151766417,0.7275191394058664,0.1349795845581411,0.1398708218204893,1.4960415580321094,,,,,,-176.12324144776898,366.246482895538,389.8409490924316
2026-06-07T21:51:24,58,8,580008,constant,-176.1232414446318,366.2464828892636,389.8409490861572,True,0,2.8776000644308417,0.0358950387833829,0.42333830089181,0.7275098972085593,0.1349842627405741,0.1398711408883898,1.4960785073227345,,,,,,-176.12324144463176,366.2464828892635,389.84094908615714
2026-06-07T21:53:09,58,9,580009,constant,-176.12327202291843,366.24654404583686,389.8410102427305,True,0,2.8653797698440093,0.035918082398918,0.4237899927087168,0.7269015591715579,0.1348954289646373,0.1401017827863611,1.493539523920266,,,,,,-176.12327202296387,366.24654404592775,389.84101024282137
2026-06-07T21:57:13,58,10,580010,constant,-176.1232462082528,366.2464924165056,389.8409586133992,True,0,2.8731728109904022,0.0359317541353776,0.4235033795941597,0.7272086211743717,0.1348814766206247,0.1399550432939541,1.494079651468381,,,,,,-176.12324620873028,366.24649241746056,389.8409586143542
2026-06-07T21:58:57,58,11,580011,constant,-176.12324144634965,366.2464828926993,389.8409490895929,True,0,2.877605845777185,0.0358939766058865,0.4233492036258069,0.7275052629390814,0.1349752322429227,0.1398693531075863,1.496101995745208,,,,,,-176.12324144635443,366.24648289270885,389.8409490896025
2026-06-07T22:00:49,58,12,580012,constant,-176.12502841889977,366.25005683779955,389.84452303469317,True,0,2.972672198385176,0.0357322044162443,0.4197919591941063,0.7324977399232496,0.1362315104828303,0.138079633539868,1.514617563873326,,,,,,-176.12502841832543,366.25005683665086,389.8445230335445
2026-06-07T22:02:09,58,13,580013,constant,-176.12324152585336,366.2464830517067,389.84094924860034,True,0,2.8779186247405493,0.0359010248107229,0.4233264724549225,0.7275226795277963,0.134984124702741,0.1398618570124851,1.495778845279326,,,,,,-176.12324152585254,366.246483051705,389.8409492485987
2026-06-07T22:03:17,58,14,580014,constant,-176.1232414616113,366.2464829232226,389.8409491201162,True,0,2.877740733436794,0.0358970706248272,0.42334833232473,0.727480047029411,0.1349683384224631,0.1398671715796569,1.496042123182196,,,,,,-176.12324146161808,366.24648292323616,389.8409491201298
2026-06-07T22:04:38,58,15,580015,constant,-176.1232552017657,366.2465104035314,389.840976600425,True,0,2.879133707254525,0.0360082092337794,0.4233404315840007,0.7269911057439928,0.13500838159359,0.13982103780123,1.4913547679397563,,,,,,-176.12325520243502,366.2465104048701,389.84097660176366
2026-06-07T22:05:45,58,16,580016,constant,-176.1232414591741,366.2464829183482,389.8409491152418,True,0,2.877827074614756,0.0358965221656113,0.4233271654804791,0.7275272400665762,0.1349856387177909,0.1398662467044747,1.4960403893917238,,,,,,-176.1232414591564,366.2464829183128,389.8409491152064
2026-06-07T22:07:23,58,17,580017,constant,-176.12324163157498,366.24648326314997,389.8409494600436,True,0,2.877718953230837,0.035892826253837,0.4233625166166022,0.7275575779189862,0.134952312811852,0.139865068882727,1.4959993412360095,,,,,,-176.1232416316878,366.2464832633756,389.8409494602692
2026-06-07T22:09:15,58,18,580018,constant,-176.12324157050307,366.24648314100614,389.84094933789976,True,0,2.878003623141487,0.0358931656865982,0.423310084461465,0.7275791368938754,0.1349828681980835,0.1398617290615409,1.496238891927628,,,,,,-176.1232415704027,366.2464831408054,389.84094933769904
2026-06-07T22:11:20,58,19,580019,constant,-176.1232414446637,366.2464828893274,389.84094908622103,True,0,2.8774943758623195,0.0358970131219812,0.4233489018787721,0.7274923612762639,0.1349757353230236,0.1398719726824643,1.4959671481010095,,,,,,-176.12324144466493,366.24648288932985,389.8409490862235
2026-06-07T22:12:43,58,20,580020,constant,-176.12381313057915,366.2476262611583,389.8420924580519,True,0,2.9254631120429475,0.0355065077585979,0.4217159418127629,0.7304203686987717,0.135982939195498,0.1389746321149918,1.5192212546933712,,,,,,-176.12381312877824,366.2476262575565,389.8420924544501
2026-06-07T22:14:42,58,21,580021,constant,-176.12327955455345,366.2465591091069,389.8410253060005,True,0,2.872054271424589,0.0360536799845459,0.4238047925381652,0.7263868831785446,0.1346280690417732,0.1399349888947288,1.4871214243198712,,,,,,-176.1232795545532,366.2465591091064,389.841025306
2026-06-07T22:16:10,58,22,580022,constant,-176.12324273271244,366.2464854654249,389.8409516623185,True,0,2.8783903017860832,0.0359179589346944,0.423362755761378,0.7273435307973836,0.1349719849937957,0.1398457236995942,1.4947630652459802,,,,,,-176.1232427329628,366.2464854659256,389.8409516628192
2026-06-07T22:17:26,58,23,580023,constant,-176.1232414834243,366.2464829668486,389.8409491637422,True,0,2.877354918124474,0.0359015308181492,0.4233478040800614,0.7274796311016644,0.1349793678550365,0.1398745990918191,1.4957383813396925,,,,,,-176.1232414834215,366.246482966843,389.84094916373664
2026-06-07T22:18:45,58,24,580024,constant,-176.12327145412274,366.2465429082455,389.8410091051391,True,0,2.8730535208444614,0.036001870415283,0.4241063337628559,0.7257810315328164,0.1346111957881396,0.139876384207251,1.4909700825720305,,,,,,-176.12327145412746,366.2465429082549,389.8410091051485
2026-06-07T22:20:27,58,25,580025,constant,-176.42847605843318,366.85695211686635,390.45141831376,True,0,1.901613587517665,0.0363866692308098,0.4866924690103242,0.6350323882512082,0.1200137878063354,0.161559564304652,1.2964147791849523,,,,,,-176.42847604281198,366.856952085624,390.4514182825176
2026-06-07T22:22:06,58,26,580026,constant,-176.1232414555957,366.2464829111914,389.840949108085,True,0,2.877672029087708,0.0358956595392244,0.4233446590917126,0.7274953957053581,0.134982936441844,0.1398690001071032,1.4961233988973293,,,,,,-176.12324145558873,366.2464829111775,389.8409491080711
2026-06-07T22:22:54,58,27,580027,constant,-176.1248381085565,366.249676217113,389.8441424140066,True,0,2.818088014402676,0.0351123780577282,0.4269723872041728,0.7247347399977117,0.1342463579364772,0.1409450631050628,1.527730506597483,,,,,,-176.1248381085564,366.2496762171128,389.8441424140064
2026-06-07T22:24:59,58,28,580028,constant,-176.12324144749394,366.2464828949879,389.8409490918815,True,0,2.8775196406601258,0.0358964761493078,0.4233346747085702,0.7275182155067866,0.1349858507998314,0.1398730004450855,1.496022170146248,,,,,,-176.1232414475012,366.2464828950024,389.8409490918961
2026-06-07T22:26:45,58,29,580029,constant,-176.1233226882764,366.2466453765528,389.8411115734464,True,0,2.8882332876178203,0.0356489418224452,0.4231799905761975,0.7286357499675478,0.1351176306564725,0.1396572754553706,1.5088302801753788,,,,,,-176.1233226882793,366.2466453765586,389.8411115734522
2026-06-07T22:29:41,58,30,580030,constant,35.4188807218693,-56.8377614437386,-33.243295246844966,True,0,5.84100647429864,6.334190004600286,0.810837847184267,0.0413908954272895,0.1280281807963935,0.0235981517897101,0.1746303671681207,,,,,,35.418880721864355,-56.83776144372871,-33.243295246835075
2026-06-07T22:31:04,58,31,580031,constant,-176.12324910914094,366.2464982182819,389.8409644151755,True,0,2.8835295466268063,0.0358928816016798,0.4230852965905499,0.7278686460648228,0.1349822483390779,0.1397567664254959,1.496892769674078,,,,,,-176.1232491091787,366.2464982183574,389.840964415251
2026-06-07T22:32:37,58,32,580032,constant,-176.12324145593263,366.24648291186526,389.8409491087589,True,0,2.8774662767316097,0.0358986819081772,0.4233429879104206,0.7275064259033968,0.134985162480078,0.1398733392823182,1.4959158667229844,,,,,,-176.1232414559314,366.2464829118628,389.8409491087564
2026-06-07T22:36:00,58,33,580033,constant,-176.1232414643132,366.2464829286264,389.84094912552,True,0,2.8774335593483817,0.0358978082761408,0.4233679141689009,0.7274609172519828,0.1349621731401674,0.1398714289872895,1.4959055388322593,,,,,,-176.1232414643107,366.2464829286214,389.840949125515
2026-06-07T22:38:02,58,34,580034,constant,-176.12324144316074,366.2464828863215,389.8409490832151,True,0,2.877547492503348,0.03589626973952,0.4233492852219549,0.7274928405751161,0.1349756931817375,0.1398705954040965,1.4960107257953037,,,,,,-176.12324144316423,366.24648288632847,389.8409490832221
2026-06-07T22:39:42,58,35,580035,constant,-176.12324146897564,366.24648293795127,389.8409491348449,True,0,2.877491501489574,0.0359012618680452,0.4233479650135169,0.7274760110550845,0.1349746463512746,0.1398720885567857,1.495786621805735,,,,,,-176.12324146897274,366.2464829379455,389.8409491348391
2026-06-07T22:41:28,58,36,580036,constant,-176.12409737529913,366.24819475059826,389.8426609474919,True,0,2.8312316840687206,0.0364482382072946,0.424814031775885,0.725229089354035,0.1331816153600442,0.1407414626586108,1.462252992751227,,,,,,-176.1240973764721,366.2481947529442,389.8426609498378
2026-06-07T22:42:53,58,37,580037,constant,-176.12324159420825,366.2464831884165,389.8409493853101,True,0,2.878238780162383,0.0359024491913107,0.4232975319358842,0.7275598820565692,0.134993968613232,0.1398620482505203,1.4959080374598956,,,,,,-176.1232415942062,366.2464831884124,389.840949385306
2026-06-07T22:44:13,58,38,580038,constant,-176.1232414708535,366.246482941707,389.8409491386006,True,0,2.877236408396347,0.0358981928701053,0.4233645131720379,0.7274675091971824,0.1349691708011332,0.1398757982225237,1.495889018548055,,,,,,-176.1232414708556,366.2464829417112,389.8409491386048
2026-06-07T22:47:04,58,39,580039,constant,-176.12324145699577,366.24648291399154,389.84094911088516,True,0,2.877630225343237,0.0358923488950655,0.4233398671669319,0.7275205109379231,0.1349814656907593,0.139870487777641,1.4962116903342877,,,,,,-176.1232414570015,366.246482914003,389.84094911089664
2026-06-07T22:49:17,58,40,580040,constant,-28.455647208926447,70.9112944178529,94.50576061474652,True,0,9.997786127178308,9.999421274082236,0.4637488446712478,0.6492644651757495,0.0453521968725471,0.0879091476108786,0.0065092217836192,,,,,,-28.455647208925846,70.91129441785169,94.50576061474533
2026-06-07T21:38:24,59,1,590001,constant,-176.12324146568972,366.24648293137943,389.84094912827305,True,0,2.877269219683817,0.0358972027873865,0.4233468694807192,0.7274934309400145,0.1349837866004555,0.1398782961593208,1.4959537029579313,,,,,,-176.12324146568744,366.2464829313749,389.8409491282685
2026-06-07T21:39:45,59,2,590002,constant,-176.12324147878655,366.2464829575731,389.8409491544667,True,0,2.877301640778775,0.0358971388506251,0.4233644881689947,0.7274722101824077,0.134967034990985,0.1398734604417508,1.4958286159019067,,,,,,-176.12324147878587,366.2464829575717,389.84094915446536
2026-06-07T21:41:50,59,3,590003,constant,-176.12324155763704,366.2464831152741,389.8409493121677,True,0,2.878162573368776,0.0358893616542259,0.4233177414348089,0.7275701509245648,0.1349905913589016,0.1398604613756849,1.4964137080269628,,,,,,-176.12324155827324,366.2464831165465,389.8409493134401
2026-06-07T21:42:47,59,4,590004,constant,-176.1232414566086,366.2464829132172,389.84094911011084,True,0,2.8777994123277506,0.0358965503180026,0.4233391373704815,0.7275085447024023,0.134970647371287,0.1398664456296146,1.4960418846019234,,,,,,-176.12324145661438,366.2464829132288,389.8409491101224
2026-06-07T21:45:13,59,5,590005,constant,-176.12324145321634,366.2464829064327,389.8409491033263,True,0,2.877596747940168,0.0358973381395849,0.4233548153276751,0.7274734969538136,0.1349776268186368,0.1398686051048634,1.495981762421808,,,,,,-176.12324145321696,366.2464829064339,389.8409491033276
2026-06-07T21:46:46,59,6,590006,constant,-176.1232415814929,366.2464831629858,389.8409493598794,True,0,2.878336591537556,0.0358947550815745,0.4233025263459594,0.727572312222395,0.1349788494708804,0.1398576766678318,1.496193387264809,,,,,,-176.12324158146524,366.2464831629305,389.8409493598241
2026-06-07T21:48:17,59,7,590007,constant,-176.12324145642128,366.24648291284257,389.8409491097362,True,0,2.8773674218645757,0.0358937198526944,0.4233500218287706,0.7275059087897665,0.1349796942640261,0.1398746604438417,1.496090943267759,,,,,,-176.1232414564197,366.2464829128394,389.840949109733
2026-06-07T21:49:21,59,8,590008,constant,-176.13003816896907,366.26007633793813,389.85454253483175,True,0,2.9930046413754825,0.0339961373358143,0.4163435820727577,0.7437046877949542,0.1384469751687394,0.1383825394150376,1.6130243691031148,,,,,,-176.13003816898362,366.2600763379672,389.85454253486085
2026-06-07T21:50:36,59,9,590009,constant,-176.12324144948016,366.2464828989603,389.84094909585394,True,0,2.8777291844794,0.0358970778889518,0.4233348449055967,0.7275155779914824,0.1349808227798921,0.1398680060685561,1.4960362157076603,,,,,,-176.12324144948096,366.2464828989619,389.84094909585554
2026-06-07T21:52:33,59,10,590010,constant,-176.12326453071856,366.2465290614371,389.84099525833074,True,0,2.877256578192513,0.03603504579805,0.423019338027359,0.727471036352415,0.1351457352178011,0.1399395262618853,1.4901832752711492,,,,,,-176.12326453113695,366.2465290622739,389.8409952591675
2026-06-07T21:54:09,59,11,590011,constant,-176.1232414856818,366.2464829713636,389.8409491682572,True,0,2.8771234897699856,0.0358975523072417,0.4233587545788514,0.7274813733312032,0.1349741760513266,0.1398790154309225,1.495905532487298,,,,,,-176.12324148567956,366.2464829713591,389.84094916825273
2026-06-07T21:55:20,59,12,590012,constant,-176.12335392331306,366.2467078466261,389.84117404351974,True,0,2.869974600800034,0.0362448984485552,0.4228363684516139,0.7270195852133914,0.1347759265658584,0.1401176015064867,1.4819278910098646,,,,,,-176.1233539250878,366.2467078501756,389.8411740470692
2026-06-07T21:57:17,59,13,590013,constant,-176.12329262190252,366.24658524380504,389.84105144069866,True,0,2.8923941514348006,0.0358441598429733,0.4227005885901812,0.7284755622027311,0.1353891435858277,0.1395857242271198,1.500944521058172,,,,,,-176.12329262201553,366.2465852440311,389.8410514409247
2026-06-07T21:58:23,59,14,590014,constant,-176.12339883779777,366.24679767559553,389.84126387248915,True,0,2.854419242495516,0.0361332657089582,0.4243071764836185,0.725620208282025,0.1344793658293326,0.1402815708155465,1.4821053497625587,,,,,,-176.123398837628,366.246797675256,389.8412638721496
2026-06-07T21:59:59,59,15,590015,constant,-176.12324146752525,366.2464829350505,389.8409491319441,True,0,2.8774958198702505,0.0358951498286312,0.4233528432052816,0.7274949206518597,0.1349877155203558,0.1398692834938988,1.4959323216221354,,,,,,-176.1232414675206,366.2464829350412,389.8409491319348
2026-06-07T22:01:35,59,16,590016,constant,-176.12324145739467,366.24648291478934,389.84094911168296,True,0,2.8773017577403133,0.0358957998215361,0.4233540532057204,0.7274946442683204,0.1349780735567551,0.1398758489199275,1.4959979673102692,,,,,,-176.12324145739393,366.2464829147879,389.8409491116815
2026-06-07T22:03:48,59,17,590017,constant,-176.12325984124584,366.2465196824917,389.8409858793853,True,0,2.8744261496758323,0.0360209297884473,0.4236086948716883,0.7266370710938675,0.1345957684830268,0.1398986646631919,1.49028592797936,,,,,,-176.12325984113156,366.2465196822631,389.84098587915673
2026-06-07T22:05:55,59,18,590018,constant,-176.12324252983183,366.24648505966366,389.8409512565573,True,0,2.8753693286808266,0.0359014902434186,0.4234680244403493,0.7273270795643836,0.1349149443468665,0.1399069262319436,1.4954093056569011,,,,,,-176.1232425298327,366.2464850596654,389.84095125655904
2026-06-07T22:06:54,59,19,590019,constant,-176.12328323932675,366.2465664786535,389.8410326755471,True,0,2.887855771629508,0.0357416765858044,0.4231020940856823,0.7285329829532486,0.1352599938037592,0.1396450997564504,1.5035915070332757,,,,,,-176.12328323936762,366.2465664787353,389.84103267562887
2026-06-07T22:08:16,59,20,590020,constant,-176.12324144457293,366.24648288914585,389.8409490860395,True,0,2.8775678816939267,0.0358973309820383,0.4233452829856846,0.7275034492870779,0.1349759279830323,0.1398706878486523,1.4959754989587617,,,,,,-176.12324144458057,366.24648288916114,389.8409490860548
2026-06-07T22:09:29,59,21,590021,constant,-176.12324144499252,366.24648288998503,389.84094908687865,True,0,2.8775046097305954,0.0358952202130988,0.4233467074213349,0.7274984599409912,0.1349798568815872,0.139871685495246,1.4960488984759222,,,,,,-176.12324144499237,366.2464828899847,389.8409490868783
2026-06-07T22:11:11,59,22,590022,constant,-176.12324148655065,366.2464829731013,389.84094916999493,True,0,2.8780263244868056,0.0358956181620041,0.4233301839467864,0.7275165800998145,0.1349794383261532,0.1398611875862238,1.496086242850617,,,,,,-176.12324148655065,366.2464829731013,389.8409491699949
2026-06-07T22:12:24,59,23,590023,constant,-176.12324145280056,366.2464829056011,389.84094910249473,True,0,2.8775046582621404,0.0358970130569431,0.4233532969818542,0.7274922616055501,0.1349831682583435,0.1398709313042616,1.4959552375623388,,,,,,-176.12324145279885,366.2464829055977,389.8409491024913
2026-06-07T22:15:00,59,24,590024,constant,-176.12324145244264,366.2464829048853,389.8409491017789,True,0,2.8773601271821283,0.0358972160120039,0.4233532395485147,0.7274896644623571,0.1349749341688157,0.1398744994487934,1.4959442834227787,,,,,,-176.12324145244105,366.2464829048821,389.8409491017757
2026-06-07T22:17:01,59,25,590025,constant,-176.1232415272197,366.2464830544394,389.84094925133303,True,0,2.877716539002708,0.0358894159812164,0.4233510548761399,0.7275462480251715,0.1349675808822324,0.1398666136249426,1.4963588115571382,,,,,,-176.1232415271863,366.2464830543726,389.84094925126624
2026-06-07T22:18:57,59,26,590026,constant,-176.12324144639746,366.2464828927949,389.84094908968854,True,0,2.877474963968889,0.0358958760122237,0.4233442128561667,0.727507092332363,0.134984323517447,0.1398730496132274,1.496010736926369,,,,,,-176.12324144639757,366.2464828927952,389.8409490896888
2026-06-07T22:20:34,59,27,590027,constant,-176.1232414567981,366.2464829135962,389.8409491104898,True,0,2.877657605595362,0.0358953052248559,0.423328895980222,0.7275268086535825,0.1349860173624887,0.1398724632021372,1.4961350529049513,,,,,,-176.1232414567959,366.2464829135918,389.84094911048544
2026-06-07T22:22:22,59,28,590028,constant,-176.1233903124131,366.2467806248262,389.84124682171984,True,0,2.895463347177429,0.0356069279324609,0.4225002763351481,0.7296233210579354,0.1355519010483719,0.1395901261523451,1.5125220797076158,,,,,,-176.12339031165166,366.2467806233033,389.84124682019694
2026-06-07T22:23:36,59,29,590029,constant,-176.14992919486963,366.29985838973926,389.8943245866329,True,0,2.6184180692681425,0.039064849192173,0.4391559553481699,0.6955397094857078,0.1210286111326155,0.1442872128785772,1.329910501129875,,,,,,-176.14992918753978,366.2998583750796,389.8943245719732
2026-06-07T22:25:31,59,30,590030,constant,-176.13780449266696,366.2756089853339,389.87007518222754,True,0,2.793865136903498,0.0327084579221519,0.4239645986198568,0.7390757830594912,0.1385993431473973,0.1423060707048805,1.6594721831956891,,,,,,-176.1378044921635,366.275608984327,389.8700751812206
2026-06-07T22:27:29,59,31,590031,constant,-176.12324144512553,366.24648289025106,389.8409490871447,True,0,2.877460993124442,0.0358959806608198,0.4233482335160036,0.7274988425375776,0.134978998231565,0.1398725758838,1.4960190639093482,,,,,,-176.12324144512428,366.24648289024856,389.8409490871422
2026-06-07T22:28:23,59,32,590032,constant,-176.12487523210052,366.24975046420104,389.84421666109466,True,0,2.8009261387923043,0.0365747860948369,0.4257061655391823,0.7230690562347181,0.1342983763239067,0.1413417990085517,1.4549877723442743,,,,,,-176.12487523567648,366.24975047135297,389.8442166682466
2026-06-07T22:29:37,59,33,590033,constant,-176.123253701269,366.246507402538,389.8409735994316,True,0,2.8712826321387017,0.03585152100304,0.4237590387867209,0.7270435596584954,0.1347582919063328,0.1399857820958795,1.4962720413289026,,,,,,-176.12325370121033,366.2465074024207,389.8409735993143
2026-06-07T22:31:44,59,34,590034,constant,-176.1232414731173,366.2464829462346,389.8409491431282,True,0,2.877242557415248,0.0358990263706679,0.4233473846564295,0.7274928307340575,0.1349787295189236,0.1398787094990086,1.495869798028892,,,,,,-176.123241473119,366.246482946238,389.8409491431317
2026-06-07T22:33:30,59,35,590035,constant,-176.12356964798263,366.24713929596527,389.8416054928589,True,0,2.8575078281508164,0.0363894544891836,0.4242135409502219,0.7251562581347599,0.134227378698607,0.140179491308457,1.4697149948169947,,,,,,-176.12356964798812,366.2471392959762,389.84160549286986
2026-06-07T22:34:24,59,36,590036,constant,-176.1234944827409,366.2469889654818,389.84145516237544,True,0,2.85795332569561,0.0363150940685704,0.4225715372340514,0.7276634235626496,0.1356792659194372,0.1404027920197701,1.4789388974791864,,,,,,-176.1234944818666,366.2469889637332,389.8414551606268
2026-06-07T22:35:28,59,37,590037,constant,-176.12622888719807,366.25245777439613,389.84692397128975,True,0,3.00072385926182,0.0355747605594541,0.4195897172618578,0.7325786377800683,0.1357044478533153,0.1375016612984982,1.5251996529910716,,,,,,-176.12622889752848,366.25245779505696,389.8469239919506
2026-06-07T22:36:36,59,38,590038,constant,-176.12324144907564,366.24648289815127,389.8409490950449,True,0,2.8774261010698248,0.0358960135069484,0.4233548043468922,0.7274812990041614,0.1349748920409723,0.1398728451273856,1.4959998847307368,,,,,,-176.12324144907188,366.24648289814377,389.8409490950374
2026-06-07T22:37:26,59,39,590039,constant,-176.12324157415895,366.2464831483179,389.8409493452115,True,0,2.8775135671992187,0.0358910967153381,0.4233279046810553,0.7275884094343981,0.1350059076156922,0.1398717548976405,1.4960483732057173,,,,,,-176.12324157416356,366.2464831483271,389.8409493452208
2026-06-07T22:39:56,59,40,590040,constant,-176.12324157395386,366.2464831479077,389.84094934480134,True,0,2.8781172828306243,0.0358938862573391,0.4233515045581937,0.7275383888557869,0.1349605379023255,0.1398541015261583,1.4960787481645064,,,,,,-176.12324157396543,366.24648314793086,389.8409493448245
2026-06-07T21:37:55,60,1,600001,constant,-176.12550962578382,366.25101925156764,389.84548544846126,True,0,2.776465911354645,0.0358018267726058,0.4285223068760559,0.7204504686071028,0.1335496631844327,0.1417026389516468,1.4869645956977768,,,,,,-176.12550962578405,366.2510192515681,389.8454854484617
2026-06-07T21:38:58,60,2,600002,constant,-176.1232414565839,366.2464829131678,389.84094911006144,True,0,2.8774485539416608,0.0358982741270175,0.4233504264471966,0.7274770721375674,0.1349778660722242,0.1398729449762645,1.4958841237189555,,,,,,-176.12324145658334,366.2464829131667,389.8409491100603
2026-06-07T21:40:41,60,3,600003,constant,-176.12341205286884,366.2468241057377,389.8412903026313,True,0,2.900720176869789,0.0356468371190589,0.42224069058807,0.7297265399557742,0.135568201489797,0.1394989007118811,1.5114980200591877,,,,,,-176.12341205291227,366.2468241058245,389.84129030271816
2026-06-07T21:42:06,60,4,600004,constant,-176.12324148311598,366.24648296623195,389.8409491631256,True,0,2.877893410849464,0.0358933141340938,0.4233396878671607,0.7275157080351559,0.1349737748837416,0.1398643073463327,1.4962441007926035,,,,,,-176.12324148312874,366.2464829662575,389.8409491631511
2026-06-07T21:43:29,60,5,600005,constant,-176.12324145794037,366.24648291588073,389.84094911277435,True,0,2.877340671163466,0.0358962742051336,0.4233501330262542,0.7274918617573186,0.1349769248651009,0.1398755597447158,1.496041442480303,,,,,,-176.1232414579415,366.246482915883,389.8409491127766
2026-06-07T21:45:17,60,6,600006,constant,-176.1232415070741,366.2464830141482,389.84094921104185,True,0,2.877861682285116,0.0358925604275445,0.4233206079664097,0.7275802717575355,0.1349909046774559,0.1398667425660851,1.4961950280943308,,,,,,-176.12324150704944,366.2464830140989,389.8409492109925
2026-06-07T21:46:57,60,7,600007,constant,-176.12324150224038,366.24648300448075,389.84094920137437,True,0,2.877921489729148,0.0358943436041326,0.4233110956282716,0.7275399441686501,0.1350095899262305,0.1398680020083165,1.4961672437954148,,,,,,-176.12324150222966,366.2464830044593,389.84094920135294
2026-06-07T21:48:20,60,8,600008,constant,-176.1232414604509,366.2464829209018,389.84094911779545,True,0,2.877303400350219,0.0358984155791722,0.4233518904595908,0.7274875814117567,0.1349750374979679,0.139875925942437,1.495924198567083,,,,,,-176.12324146044915,366.2464829208983,389.8409491177919
2026-06-07T21:50:10,60,9,600009,constant,-176.1232727850843,366.2465455701686,389.84101176706224,True,0,2.8707971099556397,0.0357682560788114,0.4234930166714322,0.7276925640352354,0.1350723833010535,0.1400081245384177,1.501360017744466,,,,,,-176.1232727854545,366.246545570909,389.8410117678026
2026-06-07T21:53:55,60,10,600010,constant,-176.1232415026139,366.2464830052278,389.8409492021214,True,0,2.8779052223190598,0.0358975490416393,0.4233069977957187,0.7275734253702528,0.1349955494089588,0.1398667735236285,1.4960602432759376,,,,,,-176.12324150259423,366.24648300518845,389.8409492020821
2026-06-07T21:55:54,60,11,600011,constant,-176.1232415122402,366.2464830244804,389.84094922137405,True,0,2.877877524645024,0.035903102533948,0.4233418645287873,0.7274792681045636,0.1349679838651809,0.139863728380456,1.4957693810362542,,,,,,-176.1232415122197,366.2464830244394,389.840949221333
2026-06-07T21:58:10,60,12,600012,constant,-176.12324145893314,366.2464829178663,389.8409491147599,True,0,2.8775829511616045,0.0358930241561526,0.4233506627364722,0.7275011620719283,0.1349772773179983,0.139870438680467,1.4962005253872794,,,,,,-176.12324145893095,366.2464829178619,389.8409491147555
2026-06-07T21:59:28,60,13,600013,constant,-176.12324157274497,366.24648314548995,389.84094934238357,True,0,2.8780755224059407,0.0358955644645768,0.4233303678182189,0.7275237699024191,0.134997000531426,0.1398613320616855,1.49630543979618,,,,,,-176.12324157288057,366.2464831457612,389.8409493426548
2026-06-07T22:01:29,60,14,600014,constant,-176.12324145437609,366.24648290875217,389.8409491056458,True,0,2.877614599356296,0.035893456490185,0.4233566262895173,0.7274963960652543,0.1349661242287181,0.1398682988872419,1.4961112353183152,,,,,,-176.12324145437512,366.24648290875024,389.8409491056439
2026-06-07T22:02:36,60,15,600015,constant,-176.12324145211906,366.2464829042381,389.84094910113174,True,0,2.87760702586233,0.0358944846778031,0.4233494642802234,0.7275058884521469,0.1349850766196848,0.1398680283087815,1.496094826907745,,,,,,-176.12324145211747,366.2464829042349,389.84094910112856
2026-06-07T22:03:57,60,16,600016,constant,-176.12360400764342,366.24720801528684,389.84167421218046,True,0,2.8467142601481874,0.0362980084139041,0.4254277288380038,0.7239041450573769,0.1334711703572228,0.1403631617792575,1.4759231708309426,,,,,,-176.1236040084843,366.2472080169686,389.84167421386223
2026-06-07T22:05:03,60,17,600017,constant,-176.12324151107867,366.24648302215735,389.84094921905097,True,0,2.8781089650715383,0.0358974380228078,0.4233165458095189,0.7275411441782758,0.134986845976729,0.1398617429893247,1.4961218695502263,,,,,,-176.1232415109194,366.2464830218388,389.8409492187324
2026-06-07T22:06:19,60,18,600018,constant,-176.12324144972732,366.24648289945463,389.84094909634825,True,0,2.877721242239089,0.0358961119298947,0.423343636599856,0.7274978427311325,0.1349763438591085,0.1398667403225318,1.4960124053102135,,,,,,-176.1232414497348,366.2464828994696,389.8409490963632
2026-06-07T22:08:54,60,19,600019,constant,-176.12618970570117,366.25237941140233,389.84684560829595,True,0,2.9803886389406453,0.0367078917950828,0.4203003263294228,0.7285478661847143,0.1341853196526544,0.1377627998840143,1.4686290290987347,,,,,,-176.12618970570185,366.2523794114037,389.8468456082973
2026-06-07T22:10:37,60,20,600020,constant,-176.12364318002756,366.2472863600551,389.84175255694873,True,0,2.8462918529944714,0.0363799406194393,0.4241795900567507,0.7252866668730286,0.1346707693443448,0.140446402434465,1.4705171324882644,,,,,,-176.12364317980104,366.24728635960207,389.8417525564957
2026-06-07T22:11:56,60,21,600021,constant,-176.1232416679059,366.2464833358118,389.8409495327054,True,0,2.878425073026613,0.0358866747236034,0.4233271734620704,0.7275360633872491,0.1349952379796058,0.1398527074520021,1.4965373104659396,,,,,,-176.12324166791475,366.2464833358295,389.84094953272313
2026-06-07T22:13:02,60,22,600022,constant,-176.1232414560542,366.2464829121084,389.840949109002,True,0,2.877370365837109,0.0358937756296947,0.4233541307003687,0.7274988933209591,0.1349779181288412,0.1398745365024333,1.4961040627485838,,,,,,-176.12324145606004,366.2464829121201,389.8409491090137
2026-06-07T22:14:51,60,23,600023,constant,-176.12324785578133,366.24649571156266,389.8409619084563,True,0,2.8736774118656663,0.0359201366469162,0.4233603606661408,0.7273028707924647,0.1349734246578245,0.1399739967103939,1.4939334333210357,,,,,,-176.1232478558086,366.2464957116172,389.8409619085108
2026-06-07T22:16:02,60,24,600024,constant,-176.12332183844484,366.2466436768897,389.8411098737833,True,0,2.896855734266629,0.0358184252909694,0.4224750021663054,0.7288305752866336,0.1353789897978477,0.1395333225346146,1.5021245721609986,,,,,,-176.1233218384391,366.2466436768782,389.8411098737718
2026-06-07T22:18:14,60,25,600025,constant,-176.12324854567052,366.24649709134104,389.84096328823466,True,0,2.87182406712326,0.0358851011262831,0.4235866502502295,0.727205366259035,0.1349857044833113,0.1399779727607207,1.495684852696238,,,,,,-176.12324854592012,366.2464970918402,389.84096328873386
2026-06-07T22:19:37,60,26,600026,constant,-176.1232414530004,366.2464829060008,389.8409491028944,True,0,2.8773725495317186,0.0358948208939603,0.4233495660800779,0.7275025189693496,0.1349791895187978,0.1398753456236735,1.4960618863981876,,,,,,-176.12324145300045,366.2464829060009,389.8409491028945
2026-06-07T22:21:00,60,27,600027,constant,-176.12345891956824,366.2469178391365,389.8413840360301,True,0,2.84692028485634,0.0360323728089652,0.4245913882617987,0.7253133825076113,0.1345001051309223,0.1404175496436695,1.4846307168184012,,,,,,-176.1234589195683,366.2469178391366,389.8413840360302
2026-06-07T22:22:29,60,28,600028,constant,-176.12324144926112,366.24648289852223,389.84094909541585,True,0,2.877511297314657,0.0358982269851183,0.4233516236310278,0.7274876686575317,0.1349742325736242,0.1398709696289893,1.495908301667721,,,,,,-176.1232414492612,366.2464828985224,389.840949095416
2026-06-07T22:24:07,60,29,600029,constant,-176.12324163927354,366.2464832785471,389.8409494754407,True,0,2.8778694233253472,0.0358963291759608,0.4233758405164686,0.7274801717269714,0.1349330519341061,0.1398541797490249,1.4958178651028229,,,,,,-176.1232416392462,366.2464832784924,389.840949475386
2026-06-07T22:25:17,60,30,600030,constant,-176.12324154758483,366.24648309516965,389.84094929206327,True,0,2.878266877543879,0.035893289074629,0.4233208947475566,0.7275362235180607,0.1349909925798271,0.1398565350875212,1.496225875106215,,,,,,-176.1232415476672,366.2464830953344,389.840949292228
2026-06-07T22:26:48,60,31,600031,constant,-176.1232553889793,366.2465107779586,389.8409769748522,True,0,2.878303286108688,0.0358297723444361,0.4232717046368596,0.7277370631532887,0.1351129678617223,0.139868251583082,1.5009807467408975,,,,,,-176.12325538713435,366.2465107742687,389.8409769711623
2026-06-07T22:28:49,60,32,600032,constant,-176.12335219300607,366.24670438601214,389.84117058290576,True,0,2.887615593143811,0.0357353876607929,0.4237000605052337,0.728804704557186,0.1340512991853836,0.1395645929658699,1.5016986738194205,,,,,,-176.12335219412836,366.2467043882567,389.8411705851504
2026-06-07T22:29:58,60,33,600033,constant,-176.1232414830154,366.2464829660308,389.8409491629244,True,0,2.8772823249200923,0.0358994140440095,0.4233629491184379,0.7274612059543032,0.1349701749510242,0.139876194811251,1.495811847374319,,,,,,-176.12324148301514,366.2464829660303,389.8409491629239
2026-06-07T22:31:13,60,34,600034,constant,-176.12324583076827,366.24649166153654,389.84095785843016,True,0,2.8737180093169687,0.0358733954238109,0.4235172607697178,0.7272625073220929,0.1349935963823035,0.1399438945609099,1.4968732816781682,,,,,,-176.12324583084325,366.2464916616865,389.8409578585801
2026-06-07T22:32:47,60,35,600035,constant,-176.1238934672116,366.2477869344232,389.8422531313168,True,0,2.915858842767883,0.036416104616858,0.4222105495565675,0.7273500478165453,0.1344835205864508,0.1390313728709961,1.4743424159589305,,,,,,-176.1238934671373,366.2477869342746,389.8422531311682
2026-06-07T22:34:14,60,36,600036,constant,-176.12324184218102,366.24648368436203,389.84094988125565,True,0,2.878393634539382,0.0358941852522964,0.4233253510300852,0.7275175907994995,0.1349275509045208,0.1398617235471582,1.496330184708165,,,,,,-176.12324184247137,366.2464836849428,389.8409498818364
2026-06-07T22:35:50,60,37,600037,constant,-176.12324146716725,366.2464829343345,389.8409491312281,True,0,2.8773056243290647,0.035898967015522,0.423355713723513,0.7274808299006086,0.1349727484380483,0.1398752151764764,1.4958338891558085,,,,,,-176.12324146716514,366.2464829343303,389.8409491312239
2026-06-07T22:37:50,60,38,600038,constant,-176.1232414662752,366.2464829325504,389.840949129444,True,0,2.877685785223125,0.0358992368856879,0.4233244964099791,0.7275334481574155,0.1349839419897845,0.1398705450760006,1.49590681785504,,,,,,-176.12324146628143,366.24648293256286,389.8409491294565
2026-06-07T22:40:35,60,39,600039,constant,-176.12324144527116,366.2464828905423,389.84094908743594,True,0,2.8775597483684674,0.0358953223299278,0.4233404013135293,0.727512068102706,0.1349841772866528,0.1398720916707717,1.4960809776334285,,,,,,-176.1232414452655,366.2464828905311,389.8409490874247
2026-06-07T22:43:11,60,40,600040,constant,-176.1232414708825,366.246482941765,389.84094913865863,True,0,2.8772903948614488,0.0358957261367191,0.4233394194823718,0.7275183618927851,0.1349819566224213,0.1398775403853316,1.4960102605992032,,,,,,-176.12324147088393,366.2464829417679,389.8409491386615
2026-06-07T21:39:03,61,1,610001,constant,-176.123241469038,366.246482938076,389.8409491349696,True,0,2.877746288754783,0.0358930095660488,0.4233260902559607,0.7275349840636841,0.1349898920993927,0.1398696786800091,1.4962488405727252,,,,,,-176.1232414690387,366.2464829380774,389.840949134971
2026-06-07T21:40:44,61,2,610002,constant,-176.1386571548407,366.2773143096814,389.871780506575,True,0,2.6609723105456884,0.0343410573305186,0.4275992231157519,0.7299775037261844,0.1373198418435947,0.1451046836223271,1.5532077658957244,,,,,,-176.13865715956726,366.2773143191345,389.87178051602814
2026-06-07T21:41:58,61,3,610003,constant,-176.12324186677066,366.2464837335413,389.84094993043493,True,0,2.8776194082887594,0.0358832566763356,0.4233050208707462,0.7276761310288746,0.1350386711989868,0.1398708801305495,1.4963418843417349,,,,,,-176.1232418667703,366.2464837335406,389.8409499304342
2026-06-07T21:42:55,61,4,610004,constant,-176.12324180195293,366.24648360390586,389.8409498007995,True,0,2.878534880434562,0.0358853422373394,0.4233007013955942,0.7275732626521152,0.1349690283616809,0.1398580623554877,1.496666719455508,,,,,,-176.12324180193417,366.24648360386834,389.840949800762
2026-06-07T21:44:25,61,5,610005,constant,-176.12329817629677,366.24659635259354,389.84106254948716,True,0,2.894020075082693,0.0358428340075737,0.4226076157822259,0.72860524975037,0.1352287571281849,0.1395788398477999,1.5005610942551424,,,,,,-176.12329818399866,366.2465963679973,389.8410625648909
2026-06-07T21:45:26,61,6,610006,constant,-176.12342807812894,366.2468561562579,389.8413223531515,True,0,2.8562575845283846,0.0362096409397355,0.4242919296987788,0.7252650551713682,0.1343590028227455,0.1402232420734926,1.4783741183631776,,,,,,-176.1234280781239,366.2468561562478,389.84132235314144
2026-06-07T21:47:09,61,7,610007,constant,-176.12324145097855,366.2464829019571,389.84094909885073,True,0,2.877559461976707,0.0358982988044084,0.4233419001018222,0.7274851292879966,0.1349790261759443,0.1398723385625577,1.4959730557741295,,,,,,-176.1232414509774,366.2464829019548,389.8409490988484
2026-06-07T21:48:54,61,8,610008,constant,-176.1232414468177,366.2464828936354,389.840949090529,True,0,2.877564353223136,0.0358961644954624,0.4233528405794504,0.7274875910808074,0.1349758787108592,0.1398700653525249,1.4959875900154755,,,,,,-176.1232414468181,366.2464828936362,389.8409490905298
2026-06-07T21:50:35,61,9,610009,constant,-176.1232438044329,366.2464876088658,389.8409538057594,True,0,2.8752182603061,0.0358632454991327,0.4234269141858896,0.7275056115408446,0.1350021375095524,0.1399202325052664,1.4972909459651278,,,,,,-176.12324380442877,366.2464876088576,389.8409538057512
2026-06-07T21:52:00,61,10,610010,constant,-176.1232414631821,366.2464829263642,389.8409491232578,True,0,2.877768823202476,0.0358950760445333,0.4233474845892466,0.727496135397718,0.1349670831431319,0.1398665470839681,1.4960326750243604,,,,,,-176.1232414631852,366.2464829263704,389.840949123264
2026-06-07T21:53:36,61,11,610011,constant,-176.12324147284752,366.24648294569505,389.84094914258867,True,0,2.8772236396315094,0.0358984314817376,0.4233622410584044,0.72747265379032,0.1349705786989217,0.1398765016624024,1.495862195506366,,,,,,-176.12324147284698,366.246482945694,389.8409491425876
2026-06-07T21:54:37,61,12,610012,constant,-176.12324146364085,366.2464829272817,389.8409491241753,True,0,2.877532783942558,0.0358991313903962,0.4233535256099748,0.7274812519894157,0.1349821780369265,0.1398695632056014,1.4958511201098572,,,,,,-176.12324146364102,366.2464829272821,389.84094912417567
2026-06-07T21:55:47,61,13,610013,constant,-176.12324144419824,366.2464828883965,389.8409490852901,True,0,2.8774973489832334,0.0358959797170061,0.4233440391699568,0.7275018351348999,0.1349828966258073,0.1398726541373948,1.4960240937999705,,,,,,-176.12324144419836,366.2464828883967,389.84094908529033
2026-06-07T21:56:57,61,14,610014,constant,-176.12324145484635,366.2464829096927,389.8409491065863,True,0,2.8777451349672134,0.0358959159972534,0.423339105081558,0.7275134257869649,0.1349752682509257,0.1398661798423646,1.496054769439889,,,,,,-176.12324145484604,366.2464829096921,389.8409491065857
2026-06-07T21:58:08,61,15,610015,constant,-176.1232414510222,366.2464829020444,389.84094909893804,True,0,2.877414536614185,0.0358945028964919,0.4233519920383757,0.7275017495588935,0.1349771066578904,0.1398735922408292,1.496086688723925,,,,,,-176.12324145102286,366.2464829020457,389.84094909893935
2026-06-07T22:00:03,61,16,610016,constant,-176.12324145884878,366.24648291769756,389.8409491145912,True,0,2.877557405798508,0.0358994466357064,0.4233522907486948,0.727490258150464,0.1349750296201512,0.1398700031972158,1.4958955853095404,,,,,,-176.123241458844,366.246482917688,389.8409491145816
2026-06-07T22:02:27,61,17,610017,constant,-176.12338539984404,366.2467707996881,389.8412369965817,True,0,2.8533635722025767,0.0360406905946824,0.4245823157670672,0.7253268306879206,0.1344665937876448,0.1402762395114251,1.4854732210792403,,,,,,-176.12338539985078,366.2467707997016,389.8412369965952
2026-06-07T22:03:49,61,18,610018,constant,-176.12324165436218,366.24648330872435,389.84094950561797,True,0,2.8780487106776205,0.0358862507952816,0.4233627270584694,0.7274893579846234,0.1349414256296731,0.1398562501304457,1.4962268843004622,,,,,,-176.12324165436087,366.24648330872174,389.84094950561536
2026-06-07T22:04:49,61,19,610019,constant,-176.12324152842444,366.2464830568489,389.8409492537425,True,0,2.877509916272307,0.0358864673801072,0.4233571687765915,0.7275017215746509,0.1349864865527953,0.1398722312257954,1.496418048647849,,,,,,-176.12324152842368,366.24648305684735,389.840949253741
2026-06-07T22:06:20,61,20,610020,constant,-176.12324145127934,366.2464829025587,389.8409490994523,True,0,2.8775315197556663,0.0358988667573082,0.4233379791061443,0.7275042110906988,0.1349758504070857,0.1398726448607796,1.4959051139644275,,,,,,-176.1232414512774,366.2464829025548,389.8409490994485
2026-06-07T22:07:17,61,21,610021,constant,-176.12324156549215,366.2464831309843,389.8409493278779,True,0,2.877724376266252,0.0358885075744823,0.4233759975834052,0.7274613080089322,0.1349959944896146,0.1398610789695093,1.496295509584098,,,,,,-176.1232415655076,366.2464831310152,389.8409493279089
2026-06-07T22:08:21,61,22,610022,constant,-176.1232414575694,366.2464829151388,389.84094911203243,True,0,2.8774200761169144,0.0358992856507204,0.4233405606297703,0.7274995997121005,0.1349753312444998,0.1398758736177902,1.495902278953224,,,,,,-176.12324145756452,366.246482915129,389.84094911202266
2026-06-07T22:09:57,61,23,610023,constant,-176.1232414519483,366.2464829038966,389.8409491007902,True,0,2.877425908932742,0.0358960859075813,0.4233454494566476,0.727515847946187,0.1349763720377362,0.139873827016191,1.496008219683687,,,,,,-176.12324145194478,366.2464829038896,389.8409491007832
2026-06-07T22:11:12,61,24,610024,constant,-176.12324145113422,366.24648290226844,389.84094909916206,True,0,2.8776742338635524,0.0358935137890921,0.4233362610575968,0.7275194015291939,0.1349826135783543,0.1398698561581895,1.4961611286666432,,,,,,-176.123241451133,366.246482902266,389.8409490991596
2026-06-07T22:12:23,61,25,610025,constant,-176.12349870675604,366.2469974135121,389.8414636104057,True,0,2.9115461245103957,0.0359410470583233,0.4214511982500895,0.7290087420794716,0.135804287475803,0.1393324915813712,1.5003998168636996,,,,,,-176.1234987050171,366.2469974100342,389.8414636069279
2026-06-07T22:14:13,61,26,610026,constant,-176.1232415883576,366.2464831767152,389.8409493736088,True,0,2.8783492702958955,0.0358991184520423,0.4233050780554129,0.7275607467568402,0.134989881323409,0.139857378158415,1.496052790573175,,,,,,-176.12324158832618,366.2464831766524,389.840949373546
2026-06-07T22:15:24,61,27,610027,constant,-176.12338705631555,366.2467741126311,389.8412403095247,True,0,2.853647567300211,0.0360678912049759,0.4243437584838348,0.7260549063731213,0.1344450031149099,0.1403006294447046,1.4846656943980243,,,,,,-176.12338705532898,366.246774110658,389.8412403075516
2026-06-07T22:17:44,61,28,610028,constant,-176.12324337734088,366.24648675468177,389.8409529515754,True,0,2.878729192908524,0.0358584532601748,0.4232854742175616,0.7276209582187041,0.1349765466984755,0.1398649377157705,1.497808763234101,,,,,,-176.12324337635826,366.2464867527165,389.8409529496101
2026-06-07T22:20:35,61,29,610029,constant,-176.12324144658174,366.2464828931635,389.8409490900571,True,0,2.8776566963049257,0.0358953049967693,0.4233372448364544,0.7275159184428116,0.1349873030542102,0.1398697292207646,1.4960838828121803,,,,,,-176.12324144658515,366.2464828931703,389.84094909006393
2026-06-07T22:21:56,61,30,610030,constant,-176.123241521286,366.246483042572,389.8409492394656,True,0,2.878124856023704,0.0358977480702934,0.4233071841247975,0.7275336000885019,0.1350003647909081,0.1398630633172095,1.4960872514090122,,,,,,-176.12324152128608,366.24648304257215,389.8409492394658
2026-06-07T22:23:12,61,31,610031,constant,-176.12324170462165,366.2464834092433,389.8409496061369,True,0,2.87767536861965,0.0358967322759509,0.4233679178950162,0.7274936834411413,0.1350240520207374,0.1398595522379982,1.4958428989186257,,,,,,-176.12324170474145,366.2464834094829,389.8409496063765
2026-06-07T22:27:39,61,32,610032,constant,-176.12324146103737,366.24648292207473,389.84094911896835,True,0,2.877575346416118,0.0358915904204915,0.4233380108786967,0.7275261854720999,0.1349829059292561,0.1398717611413895,1.496158562903497,,,,,,-176.1232414610317,366.2464829220634,389.840949118957
2026-06-07T22:30:06,61,33,610033,constant,-176.12324145272262,366.24648290544525,389.84094910233887,True,0,2.8774529086085425,0.0358944705229393,0.4233450714138594,0.7275118004383652,0.1349785897980921,0.1398742550640343,1.4961214373576868,,,,,,-176.123241452725,366.24648290545,389.8409491023437
2026-06-07T22:32:20,61,34,610034,constant,-176.12951700132902,366.25903400265804,389.85350019955166,True,0,2.709258116653181,0.0362504775446928,0.4294939464567996,0.7197295302044849,0.1334595764528308,0.1432029585014576,1.459237994680712,,,,,,-176.12951701030852,366.259034020617,389.85350021751066
2026-06-07T22:33:30,61,35,610035,constant,-176.1232415341155,366.246483068231,389.8409492651246,True,0,2.877753270542422,0.0359059890010813,0.4233399476270412,0.7274818283629463,0.1349667282723411,0.1398660673071487,1.4956403598669128,,,,,,-176.1232415341109,366.2464830682218,389.8409492651154
2026-06-07T22:34:49,61,36,610036,constant,-176.1232414460003,366.2464828920006,389.8409490888942,True,0,2.8774553388885584,0.0358968260448759,0.4233505533769852,0.7274917592130107,0.1349735373753804,0.1398726789480124,1.4959745453388418,,,,,,-176.12324144599495,366.2464828919899,389.8409490888835
2026-06-07T22:36:12,61,37,610037,constant,-176.1232415017093,366.2464830034186,389.8409492003122,True,0,2.8779557507522284,0.0358903029753604,0.4233348203833392,0.7275241047799521,0.1349761309013209,0.1398638752837324,1.4962259371232236,,,,,,-176.12324150170053,366.24648300340107,389.8409492002947
2026-06-07T22:37:41,61,38,610038,constant,-176.12324144911025,366.2464828982205,389.8409490951141,True,0,2.877399098146785,0.0358955974723532,0.4233521388128495,0.7274905628842133,0.13497716679034,0.1398739996635989,1.4960278362604704,,,,,,-176.1232414491078,366.2464828982156,389.8409490951093
2026-06-07T22:39:46,61,39,610039,constant,-176.1232414552021,366.2464829104042,389.84094910729783,True,0,2.8777649044220506,0.0358938365283192,0.4233387778032564,0.7275173172856029,0.1349827890059516,0.1398670337875583,1.496163524370645,,,,,,-176.12324145519116,366.2464829103823,389.840949107276
2026-06-07T22:41:32,61,40,610040,constant,-176.12324147169488,366.24648294338976,389.8409491402834,True,0,2.877390838269052,0.0359005793166564,0.423351656806612,0.7274760192346383,0.1349717048468766,0.1398733235737927,1.4957791130351563,,,,,,-176.12324147169392,366.24648294338783,389.8409491402815
2026-06-07T21:40:36,62,1,620001,constant,-176.12324145505653,366.24648291011306,389.8409491070067,True,0,2.877376649493218,0.0358980869421857,0.4233543365156219,0.7274816282584403,0.1349746092697939,0.1398738710532379,1.4958940944184296,,,,,,-176.12324145505437,366.2464829101088,389.8409491070024
2026-06-07T21:42:08,62,2,620002,constant,-176.12324144975082,366.24648289950164,389.84094909639526,True,0,2.8776893987062238,0.0358965632439805,0.4233292071060543,0.7275239585723997,0.1349813613971307,0.1398707055223343,1.4960412634885747,,,,,,-176.1232414497557,366.2464828995114,389.840949096405
2026-06-07T21:44:37,62,3,620003,constant,-53.7178776625716,121.4357553251432,145.03022152203684,True,0,5.979780903219041,6.303548901176418,0.7115554270295122,0.2935519420658784,0.0799932885726039,0.0101964345305508,0.103419849939705,,,,,,-53.71787766260742,121.43575532521484,145.0302215221085
2026-06-07T21:46:03,62,4,620004,constant,-176.12324147400113,366.24648294800227,389.8409491448959,True,0,2.8772652658608,0.0358995373789774,0.423358949388162,0.7274700752852395,0.134972527881845,0.1398757257421485,1.495814909137683,,,,,,-176.123241474,366.246482948,389.8409491448936
2026-06-07T21:48:47,62,5,620005,constant,-176.1232416136394,366.2464832272788,389.84094942417244,True,0,2.878222363482153,0.0359055078523732,0.4233279642579189,0.7274947511218852,0.1349749556775355,0.1398571859423993,1.4957694389803964,,,,,,-176.12324161363998,366.24648322728,389.8409494241736
2026-06-07T21:50:12,62,6,620006,constant,-176.12327738487744,366.2465547697549,389.8410209666485,True,0,2.88848557032268,0.0357786753627152,0.4228831618852281,0.7285107414182677,0.1352182142254896,0.1396806599936797,1.5028579582059518,,,,,,-176.1232773853119,366.2465547706238,389.8410209675174
2026-06-07T21:52:10,62,7,620007,constant,-176.1232417987731,366.2464835975462,389.84094979443984,True,0,2.878295968583575,0.0358800012338803,0.4233141248520766,0.7275930918543213,0.1350032417919658,0.1398601554244544,1.496881796596736,,,,,,-176.12324179871996,366.2464835974399,389.8409497943336
2026-06-07T21:53:23,62,8,620008,constant,-176.12324145763938,366.24648291527876,389.8409491121724,True,0,2.877477139853624,0.0358955480498075,0.4233669943578493,0.727471469246613,0.1349680977768058,0.1398687214584965,1.4959797566306252,,,,,,-176.12324145763915,366.2464829152783,389.8409491121719
2026-06-07T21:54:35,62,9,620009,constant,-176.12324145417188,366.24648290834375,389.84094910523737,True,0,2.8777060987122844,0.0358962434506471,0.4233441921089458,0.7275174208993206,0.134975034598049,0.1398665382018849,1.4960019958563733,,,,,,-176.12324145416437,366.2464829083288,389.8409491052224
2026-06-07T21:55:33,62,10,620010,constant,-176.12324144818513,366.24648289637025,389.8409490932639,True,0,2.877576631233965,0.0358932994929092,0.4233442181568735,0.7275087378439605,0.1349838263599985,0.1398708954739845,1.496127972293764,,,,,,-176.12324144818598,366.246482896372,389.8409490932656
2026-06-07T21:57:31,62,11,620011,constant,-176.12324145263585,366.2464829052717,389.8409491021653,True,0,2.8777439593297545,0.0358970121459498,0.4233454210200715,0.7274957255382798,0.1349761073967449,0.1398663276717965,1.495983625474073,,,,,,-176.1232414526326,366.2464829052652,389.8409491021589
2026-06-07T22:00:48,62,12,620012,constant,-176.12324144786984,366.2464828957397,389.8409490926333,True,0,2.877523688640151,0.0358966948493742,0.4233449699159061,0.7275040846416834,0.1349755437703733,0.1398721933386637,1.495958557066261,,,,,,-176.12324144786996,366.2464828957399,389.8409490926336
2026-06-07T22:01:50,62,13,620013,constant,-176.16669985656438,366.33339971312876,389.9278659100224,True,0,2.477854814580477,0.0343563506131374,0.4409350373167659,0.7164412620530096,0.1302573837486655,0.1482362989929528,1.5044557252189277,,,,,,-176.16669985616895,366.3333997123379,389.9278659092315
2026-06-07T22:02:59,62,14,620014,constant,-176.1232414483083,366.2464828966166,389.84094909351023,True,0,2.877684633703557,0.0358951979412819,0.42333939978823,0.7275207532552477,0.1349764480964548,0.139868430309108,1.4960785918828254,,,,,,-176.12324144830757,366.24648289661513,389.8409490935088
2026-06-07T22:05:22,62,15,620015,constant,-176.12324169794869,366.24648339589737,389.840949592791,True,0,2.8781939169148885,0.0358960285458654,0.4233734627901476,0.727431855025886,0.1349239613422437,0.139852271775228,1.4959300285748318,,,,,,-176.12324169791503,366.24648339583007,389.8409495927237
2026-06-07T22:07:30,62,16,620016,constant,-176.14104909399222,366.28209818798445,389.87656438487807,True,0,2.721569862892553,0.0325240871645031,0.4329680517019394,0.7245919024912316,0.1360562753061963,0.142856052934971,1.6396008776167952,,,,,,-176.14104909276222,366.2820981855244,389.87656438241805
2026-06-07T22:09:05,62,17,620017,constant,-176.12324167961924,366.2464833592385,389.8409495561321,True,0,2.8775416226711243,0.0358822220307507,0.4233796637291901,0.7274734583969767,0.1349473953951566,0.1398670488846377,1.496259445203397,,,,,,-176.1232416796146,366.2464833592292,389.8409495561229
2026-06-07T22:10:49,62,18,620018,constant,-176.1232414575951,366.2464829151902,389.8409491120838,True,0,2.8775978978889056,0.0358988549962267,0.4233528241679733,0.7274696422228921,0.1349735141475967,0.1398685163210583,1.4959113984681394,,,,,,-176.12324145759737,366.2464829151947,389.8409491120883
2026-06-07T22:12:31,62,19,620019,constant,-176.1436636180482,366.2873272360964,389.88179343299004,True,0,2.598172322729672,0.037605049568209,0.4360583915944053,0.7058195618682693,0.130183908458338,0.1453585655542432,1.3806530064921962,,,,,,-176.14366361686993,366.2873272337399,389.8817934306335
2026-06-07T22:14:20,62,20,620020,constant,-176.12326373681705,366.2465274736341,389.8409936705277,True,0,2.871456806952241,0.0358706422045638,0.4234021679789003,0.7272264179076375,0.1353135764866741,0.1399780590388869,1.4972759382563754,,,,,,-176.12326373680122,366.2465274736024,389.84099367049606
2026-06-07T22:15:43,62,21,620021,constant,-176.12324182976346,366.2464836595269,389.84094985642054,True,0,2.878849287118464,0.0358953595334737,0.4232652827033136,0.7276307978301619,0.1350127693322568,0.1398506625229605,1.4963262569173532,,,,,,-176.12324182976624,366.2464836595325,389.8409498564261
2026-06-07T22:18:12,62,22,620022,constant,-176.12324148334005,366.2464829666801,389.8409491635737,True,0,2.877246853347318,0.0358996752414405,0.4233669747180594,0.7274560779531724,0.1349605366506057,0.139875705547084,1.4958107711905668,,,,,,-176.12324148333943,366.24648296667885,389.8409491635725
2026-06-07T22:19:35,62,23,620023,constant,-176.12324674448314,366.2464934889663,389.8409596858599,True,0,2.882554028984709,0.0358791806828952,0.4231146254975527,0.7278520198127891,0.1350694453033742,0.1397827286627513,1.4974868553352154,,,,,,-176.12324674447905,366.2464934889581,389.8409596858517
2026-06-07T22:21:05,62,24,620024,constant,-176.12324194381748,366.24648388763495,389.8409500845286,True,0,2.878462006561442,0.0359090161943526,0.4233186759693588,0.727406539609241,0.1349695617038532,0.139857346209338,1.4956846996426991,,,,,,-176.1232419438165,366.246483887633,389.8409500845266
2026-06-07T22:23:11,62,25,620025,constant,-176.12342230528367,366.24684461056734,389.84131080746096,True,0,2.8840859588287837,0.0362826137219937,0.4234999976188185,0.7254035688730146,0.1344735709701662,0.1396550380370735,1.478649441641176,,,,,,-176.12342230521094,366.2468446104219,389.8413108073155
2026-06-07T22:25:22,62,26,620026,constant,-176.1232414556639,366.2464829113278,389.8409491082214,True,0,2.8775778349347174,0.0358972193951345,0.4233379300199734,0.7275137686442831,0.1349791253196688,0.1398697941150635,1.4959415232908977,,,,,,-176.12324145566845,366.2464829113369,389.8409491082305
2026-06-07T22:26:55,62,27,620027,constant,-176.1232414580347,366.2464829160694,389.840949112963,True,0,2.877551999651492,0.0358956113702352,0.4233412016400609,0.727494149051359,0.1349823312917313,0.1398705711466985,1.496057334738479,,,,,,-176.12324145803183,366.24648291606366,389.8409491129573
2026-06-07T22:28:52,62,28,620028,constant,-176.12324656391615,366.2464931278323,389.84095932472593,True,0,2.872989418855416,0.0359005529845889,0.423637688469353,0.7270358367424419,0.1348201657434036,0.1399458525764284,1.4951406922140318,,,,,,-176.12324656410755,366.2464931282152,389.8409593251088
2026-06-07T22:30:33,62,29,620029,constant,-176.12324189463124,366.24648378926247,389.8409499861561,True,0,2.8785546937249307,0.0358807224118649,0.4232925127641495,0.7276100412805724,0.1350098329063896,0.1398569215204636,1.4969351219356162,,,,,,-176.1232418946429,366.2464837892858,389.8409499861794
2026-06-07T22:31:35,62,30,620030,constant,-176.12324174652278,366.24648349304556,389.8409496899392,True,0,2.876462861080064,0.0359038234053873,0.4233866975607713,0.7274311084226591,0.1349638654297261,0.1398901735989645,1.49550394241286,,,,,,-176.1232417465203,366.2464834930406,389.84094968993423
2026-06-07T22:33:00,62,31,620031,constant,-176.1232417413745,366.246483482749,389.8409496796426,True,0,2.8783007280759536,0.0358838403342297,0.4232995630523209,0.7276039314129717,0.1350149475826304,0.1398591216226442,1.496757508519387,,,,,,-176.12324174126687,366.2464834825337,389.84094967942735
2026-06-07T22:34:33,62,32,620032,constant,-176.12348015236347,366.24696030472694,389.84142650162056,True,0,2.9106310046050776,0.0359093099074984,0.4213676314603679,0.7297856886914156,0.1358741640593039,0.1393553286528554,1.5016617871563132,,,,,,-176.12348015110683,366.24696030221367,389.8414264991073
2026-06-07T22:37:05,62,33,620033,constant,-176.1232416240967,366.2464832481934,389.840949445087,True,0,2.8779984990926573,0.0358997015552805,0.4233257456366714,0.7275228431031562,0.1349708645687607,0.139862974574939,1.4962474601986948,,,,,,-176.12324162408103,366.24648324816206,389.8409494450557
2026-06-07T22:38:07,62,34,620034,constant,-176.12324145134662,366.24648290269323,389.84094909958685,True,0,2.877401257518029,0.0358945378951608,0.4233530436252636,0.7275020358205329,0.1349746838827434,0.1398737163266836,1.4960664638509704,,,,,,-176.12324145134625,366.2464829026925,389.8409490995861
2026-06-07T22:38:50,62,35,620035,constant,-176.12324145798152,366.24648291596304,389.84094911285666,True,0,2.877535973570084,0.0358975976852822,0.4233346191964602,0.7274982098665133,0.1349874147295209,0.1398722532836328,1.4959350395565232,,,,,,-176.12324145798388,366.24648291596776,389.8409491128614
2026-06-07T22:40:14,62,36,620036,constant,-176.12324150686416,366.2464830137283,389.84094921062194,True,0,2.8771779440768093,0.0358989191193252,0.4233670984958143,0.7274646387286914,0.1349594939233431,0.1398771832319887,1.495751699768998,,,,,,-176.12324150686243,366.24648301372486,389.8409492106185
2026-06-07T22:41:26,62,37,620037,constant,-176.12324158483804,366.2464831696761,389.8409493665697,True,0,2.878000836772898,0.0358946389466363,0.4233378250367333,0.7275522022129565,0.134972367844132,0.1398618849369755,1.4963148006890032,,,,,,-176.12324158531698,366.246483170634,389.8409493675276
2026-06-07T22:43:04,62,38,620038,constant,-176.12324149856178,366.24648299712356,389.8409491940172,True,0,2.877421125382023,0.0359031004454679,0.4233583924846443,0.7274520601325253,0.1349606066042074,0.1398725000834888,1.4956955326479762,,,,,,-176.12324149855937,366.24648299711873,389.8409491940124
2026-06-07T22:44:34,62,39,620039,constant,-176.1232415657839,366.2464831315678,389.8409493284614,True,0,2.8782312855527232,0.0358979726158318,0.4232904701341181,0.7275802604893619,0.1349960693766997,0.1398610610317576,1.4960759328776938,,,,,,-176.12324156578353,366.2464831315671,389.8409493284607
2026-06-07T22:46:03,62,40,620040,constant,-176.12324144537615,366.2464828907523,389.8409490876459,True,0,2.8774979740646964,0.0358965943975153,0.4233432896093921,0.7275065695440572,0.1349834168439619,0.1398721488136219,1.4959913039351225,,,,,,-176.12324144537573,366.24648289075145,389.8409490876451
2026-06-07T21:39:33,63,1,630001,constant,-176.12324153831713,366.24648307663426,389.8409492735279,True,0,2.878038871001789,0.0358901796233599,0.4233393303478749,0.7275157194597881,0.1349757179506556,0.1398607678334604,1.496394291900945,,,,,,-176.12324153838614,366.2464830767723,389.8409492736659
2026-06-07T21:43:01,63,2,630002,constant,-176.12324146046,366.24648292092,389.84094911781364,True,0,2.8773644517185533,0.0358972836363932,0.423361006280417,0.7274816706601571,0.1349714214709118,0.1398728941331108,1.4958807935011489,,,,,,-176.12324146046132,366.2464829209226,389.84094911781625
2026-06-07T21:44:39,63,3,630003,constant,-176.12324376743743,366.24648753487486,389.8409537317685,True,0,2.875274780371011,0.0358694166364499,0.4235565278524021,0.7272373485223939,0.1349282375099734,0.1399005486757,1.49684873467704,,,,,,-176.12324376743425,366.2464875348685,389.8409537317621
2026-06-07T21:46:00,63,4,630004,constant,-176.12324146521027,366.24648293042054,389.84094912731416,True,0,2.877589103099008,0.03589733626057,0.4233681373884137,0.7274691651326479,0.134960314754714,0.1398665820155721,1.495940126055716,,,,,,-176.12324146520783,366.2464829304157,389.8409491273093
2026-06-07T21:47:38,63,5,630005,constant,-176.12324145394024,366.2464829078805,389.8409491047741,True,0,2.877473809286709,0.0358994563184449,0.4233403015155109,0.7274982055522456,0.1349753193358327,0.1398736211673913,1.4958856153189537,,,,,,-176.12324145393993,366.2464829078799,389.8409491047735
2026-06-07T21:49:33,63,6,630006,constant,-176.12324149576722,366.24648299153444,389.84094918842806,True,0,2.8772091389090626,0.0359009664786001,0.4233553953109197,0.7274660708679337,0.1349638508300799,0.1398779742191565,1.4957622794888956,,,,,,-176.1232414957663,366.2464829915326,389.84094918842624
2026-06-07T21:50:52,63,7,630007,constant,-176.12324897986807,366.24649795973613,389.84096415662975,True,0,2.8725626201087384,0.0359443580814912,0.4234499160097425,0.7273390572615827,0.1349176456794948,0.139967135106536,1.4931626105796243,,,,,,-176.12324897986787,366.2464979597357,389.84096415662935
2026-06-07T21:52:10,63,8,630008,constant,-176.12324149238893,366.24648298477786,389.8409491816715,True,0,2.8778204136135974,0.0358944565834979,0.4233119153359866,0.7275399099851146,0.1350125494032918,0.1398692430688078,1.4961691542347584,,,,,,-176.12324149239328,366.24648298478655,389.8409491816802
2026-06-07T21:53:42,63,9,630009,constant,-176.12324145135582,366.24648290271165,389.84094909960527,True,0,2.8774392091101237,0.0358964007618573,0.4233360272121128,0.7275162280709507,0.1349858232184869,0.1398750000625029,1.496024599180327,,,,,,-176.12324145135568,366.24648290271136,389.840949099605
2026-06-07T21:55:45,63,10,630010,constant,-176.1232414502362,366.2464829004724,389.84094909736604,True,0,2.87761708175596,0.0358933778628089,0.4233503081655549,0.7275020255129017,0.1349752940529139,0.139869093947974,1.4961453226773749,,,,,,-176.12324145022762,366.2464829004553,389.84094909734887
2026-06-07T21:58:52,63,11,630011,constant,-176.12324152359315,366.2464830471863,389.8409492440799,True,0,2.878052788285857,0.0358975830202977,0.4233313302466209,0.727517633746315,0.134975156392155,0.1398622323147992,1.4961735487391423,,,,,,-176.12324152358178,366.2464830471636,389.8409492440572
2026-06-07T22:00:44,63,12,630012,constant,-176.12329905798472,366.24659811596945,389.84106431286307,True,0,2.8714082047079867,0.036084176208486,0.4232512305285215,0.7274548567704916,0.1351575130407928,0.1399862838393777,1.4857970533004703,,,,,,-176.1232990578642,366.2465981157284,389.841064312622
2026-06-07T22:02:50,63,13,630013,constant,-176.12324144344706,366.2464828868941,389.84094908378773,True,0,2.877541071247424,0.0358960194598125,0.4233496766929667,0.7274918847813651,0.1349751254618937,0.1398708039274085,1.4960195941441286,,,,,,-176.1232414434445,366.246482886889,389.8409490837826
2026-06-07T22:04:33,63,14,630014,constant,-176.1232414456111,366.2464828912222,389.8409490881158,True,0,2.877554195772833,0.0358945609250595,0.4233456510222838,0.7275005126282378,0.1349828616258146,0.1398712330612809,1.4960964760087925,,,,,,-176.12324144561046,366.2464828912209,389.84094908811454
2026-06-07T22:06:26,63,15,630015,constant,-176.12324147670483,366.24648295340967,389.8409491503033,True,0,2.877603788003338,0.0359015022272417,0.4233493554154885,0.7274754347201611,0.1349691159912941,0.1398685383632469,1.495764451958572,,,,,,-176.1232414767029,366.2464829534058,389.8409491502994
2026-06-07T22:07:25,63,16,630016,constant,-176.1232414777553,366.2464829555106,389.8409491524042,True,0,2.8779694813155943,0.035894646796993,0.4233314976505265,0.7275127321986112,0.1349854673272794,0.1398629164071295,1.4961192987512917,,,,,,-176.12324147774768,366.24648295549537,389.840949152389
2026-06-07T22:09:45,63,17,630017,constant,-176.12324145110955,366.2464829022191,389.8409490991127,True,0,2.8776924720325883,0.0358938580340971,0.4233338464942906,0.7275261560212096,0.1349859267006967,0.1398694679744041,1.496148178343591,,,,,,-176.12324145110892,366.24648290221785,389.8409490991114
2026-06-07T22:11:37,63,18,630018,constant,-176.12324218431604,366.2464843686321,389.8409505655257,True,0,2.8760042529585594,0.0359096052267656,0.4233995050315002,0.7274005790300443,0.1349881605048277,0.1398979971154945,1.4951312170601336,,,,,,-176.12324218431576,366.2464843686315,389.84095056552513
2026-06-07T22:12:39,63,19,630019,constant,-176.12324146068053,366.24648292136106,389.8409491182547,True,0,2.8777470739780124,0.0358993142230099,0.4233376815841984,0.7274953016651569,0.1349787894061688,0.139867856591096,1.4959938619932616,,,,,,-176.12324146068153,366.2464829213631,389.8409491182567
2026-06-07T22:13:53,63,20,630020,constant,-176.12324146255162,366.24648292510324,389.84094912199686,True,0,2.87773271166188,0.0358922398045625,0.4233389627210412,0.7275177229171944,0.1349812097965562,0.1398684986195447,1.496232883508424,,,,,,-176.1232414625517,366.2464829251034,389.840949121997
2026-06-07T22:15:37,63,21,630021,constant,-176.12324147157796,366.2464829431559,389.84094914004953,True,0,2.8773182166304654,0.0358997047020417,0.4233617211477147,0.7274743049119894,0.1349609524011644,0.1398744118034226,1.495839668657549,,,,,,-176.12324147157915,366.2464829431583,389.8409491400519
2026-06-07T22:17:12,63,22,630022,constant,-176.12324557926092,366.24649115852185,389.84095735541547,True,0,2.8737373882478696,0.0359334417015374,0.4234698441458374,0.7272654640929005,0.1349272500104931,0.1399404338025902,1.493836189533867,,,,,,-176.12324557959997,366.24649115919993,389.8409573560936
2026-06-07T22:18:13,63,23,630023,constant,-176.1232414487365,366.246482897473,389.84094909436664,True,0,2.8773967956919506,0.0358965697136434,0.4233511280109344,0.727491168124168,0.1349784462628557,0.1398740111902897,1.4959852984259627,,,,,,-176.1232414487365,366.246482897473,389.8409490943666
2026-06-07T22:19:30,63,24,630024,constant,-176.12324155274086,366.24648310548173,389.84094930237535,True,0,2.8781810261918768,0.0358919248380514,0.423332780795821,0.7275048476670604,0.1349861629186501,0.1398588756850299,1.496317490410637,,,,,,-176.12324155306374,366.2464831061274,389.8409493030211
2026-06-07T22:21:28,63,25,630025,constant,-176.1233049402852,366.2466098805704,389.84107607746404,True,0,2.8648816048032013,0.035980677472733,0.4239267759415098,0.7262241928738213,0.1343924958659425,0.1401804146307949,1.490939010428703,,,,,,-176.12330494028555,366.2466098805711,389.8410760774647
2026-06-07T22:23:04,63,26,630026,constant,-176.1232414686855,366.246482937371,389.84094913426463,True,0,2.8774894453948483,0.0358995207718181,0.4233433641451411,0.7274765608358834,0.1349737622463215,0.1398727235949768,1.4958359244160462,,,,,,-176.12324146869145,366.2464829373829,389.8409491342765
2026-06-07T22:24:12,63,27,630027,constant,-176.12324144490694,366.2464828898139,389.8409490867075,True,0,2.8775560459702354,0.0358957004859043,0.423343756208118,0.7275103624020721,0.1349734027900985,0.1398714260279078,1.496031560294914,,,,,,-176.12324144490634,366.2464828898127,389.8409490867063
2026-06-07T22:25:23,63,28,630028,constant,-176.12324753750198,366.24649507500396,389.8409612718976,True,0,2.8721767092544708,0.0358933925514783,0.4235401063346543,0.7272423590044972,0.1349821973251156,0.1399743359622405,1.495514351767994,,,,,,-176.12324753750187,366.2464950750037,389.84096127189736
2026-06-07T22:26:17,63,29,630029,constant,-176.1232416408074,366.2464832816148,389.84094947850843,True,0,2.878003293855572,0.0358847083919311,0.4233226313680711,0.7276156681437786,0.1349876708294489,0.1398634132214101,1.4965305675314908,,,,,,-176.12324163971223,366.24648327942447,389.8409494763181
2026-06-07T22:28:36,63,30,630030,constant,-176.12324160378745,366.2464832075749,389.8409494044685,True,0,2.877768748956512,0.0359049449328573,0.4233307562900487,0.7275331363398643,0.1349816030424765,0.1398643749757218,1.495576723501714,,,,,,-176.12324160378847,366.24648320757694,389.84094940447056
2026-06-07T22:30:01,63,31,630031,constant,-176.12324234851332,366.24648469702663,389.84095089392025,True,0,2.8785444425584648,0.0358741487822372,0.4232642998353197,0.7276632934274366,0.1350170318461736,0.1398669536798661,1.4973411318619907,,,,,,-176.12324235064236,366.2464847012847,389.84095089817833
2026-06-07T22:33:39,63,32,630032,constant,-176.12586199447645,366.2517239889529,389.8461901858465,True,0,2.7876330931296165,0.0369391083484371,0.4270243381944447,0.7195983842548962,0.1327527104879947,0.1414976996927388,1.437908107120101,,,,,,-176.12586199480108,366.25172398960217,389.8461901864958
2026-06-07T22:36:45,63,33,630033,constant,-176.12324145043448,366.24648290086895,389.8409490977626,True,0,2.877392471853611,0.0358964977323199,0.4233455488641032,0.7275002512837389,0.1349767049825434,0.1398753799122968,1.4960133553521724,,,,,,-176.12324145043314,366.2464829008663,389.8409490977599
2026-06-07T22:38:56,63,34,630034,constant,-176.12324147088464,366.2464829417693,389.8409491386629,True,0,2.877632456856316,0.0358995185717538,0.4233588646409669,0.727469158494828,0.1349638609891706,0.1398669234592836,1.4958318093200798,,,,,,-176.12324147087736,366.2464829417547,389.84094913864834
2026-06-07T22:39:56,63,35,630035,constant,-176.12546785183537,366.25093570367073,389.84540190056435,True,0,2.781727798139956,0.036472963377455,0.4271039025587267,0.7219393200540811,0.1332753135047787,0.1416385242051401,1.456563934846472,,,,,,-176.1254678518642,366.2509357037284,389.845401900622
2026-06-07T22:41:46,63,36,630036,constant,-176.123280046434,366.246560092868,389.8410262897616,True,0,2.8905225089055824,0.0358385949416322,0.4226388614722908,0.7285813635770009,0.1352123216444871,0.1396549535300824,1.4991650568378778,,,,,,-176.12328004812042,366.2465600962408,389.84102629313446
2026-06-07T22:43:06,63,37,630037,constant,-176.1235043265183,366.2470086530366,389.8414748499302,True,0,2.91012222846068,0.0356518219468698,0.4220336065043282,0.7298224877009395,0.1355054747143974,0.1393021014899675,1.5119456123902384,,,,,,-176.1235043246608,366.2470086493216,389.8414748462153
2026-06-07T22:44:36,63,38,630038,constant,-176.5101810112771,367.0203620225542,390.6148282194478,True,0,3.2921341658314214,0.062743719154332,0.3948243221422009,0.6900223259082462,0.1169880580825795,0.1338539155318947,0.8999240845894995,,,,,,-176.51018101509788,367.02036203019577,390.6148282270894
2026-06-07T22:46:15,63,39,630039,constant,-176.1232415086257,366.2464830172514,389.84094921414504,True,0,2.8778608830479078,0.0358966289463147,0.4233114073795087,0.727547571925661,0.1349669586672808,0.1398693440937058,1.496134195563747,,,,,,-176.12324150862963,366.24648301725927,389.8409492141529
2026-06-07T22:47:03,63,40,630040,constant,-176.12658923612946,366.2531784722589,389.84764466915254,True,0,2.755224143773361,0.0363249359921389,0.429018536240794,0.7187191723505628,0.1330022115164296,0.1420963348848173,1.4603110507563972,,,,,,-176.1265892359635,366.253178471927,389.84764466882064
2026-06-07T21:40:04,64,1,640001,constant,-176.12324147581,366.24648295162,389.84094914851363,True,0,2.87719467644294,0.0358938750261593,0.4233647184248027,0.7274869591918415,0.1349755333274842,0.1398766998001278,1.496041023966473,,,,,,-176.12324147581006,366.2464829516201,389.84094914851374
2026-06-07T21:41:44,64,2,640002,constant,-176.1232441080175,366.246488216035,389.8409544129286,True,0,2.8749288619710125,0.0359263998884967,0.4232916271991348,0.727414335131629,0.1350557822543469,0.139945350199435,1.495193403126814,,,,,,-176.12324410842325,366.2464882168465,389.8409544137401
2026-06-07T21:42:41,64,3,640003,constant,-176.123241476584,366.246482953168,389.84094915006165,True,0,2.877681068965777,0.0358920416941083,0.4233281795318854,0.7275320320661608,0.1349981558428933,0.1398708240314681,1.4962787082831217,,,,,,-176.12324147658404,366.2464829531681,389.8409491500617
2026-06-07T21:44:24,64,4,640004,constant,-176.12324176608433,366.24648353216867,389.8409497290623,True,0,2.8777801562116343,0.0359087379080583,0.4233527946558542,0.7275100895531755,0.1349218131381345,0.1398613423120449,1.495484680623438,,,,,,-176.12324176616838,366.2464835323368,389.8409497292304
2026-06-07T21:46:04,64,5,640005,constant,-176.12324171574204,366.2464834314841,389.8409496283777,True,0,2.878317269158875,0.0358843543632843,0.4232873017806925,0.7275837394543789,0.1350144957040021,0.1398631855468375,1.4966156415519083,,,,,,-176.12324171554815,366.2464834310963,389.8409496279899
2026-06-07T21:47:31,64,6,640006,constant,-176.123270878545,366.24654175709,389.8410079539836,True,0,2.873137699089926,0.0357485940739247,0.4233909205690201,0.7279640787538953,0.1351922645292516,0.1399912395129285,1.5027416483409275,,,,,,-176.12327087862934,366.2465417572587,389.8410079541523
2026-06-07T21:48:37,64,7,640007,constant,-176.12324146016437,366.24648292032873,389.84094911722235,True,0,2.877288333034349,0.0358969982370797,0.4233598131204109,0.7274805657363591,0.1349724385912939,0.1398756431425639,1.495944711961123,,,,,,-176.123241460166,366.246482920332,389.8409491172256
2026-06-07T21:50:06,64,8,640008,constant,-176.12324144879221,366.24648289758443,389.84094909447805,True,0,2.877508726702369,0.0358954999920299,0.4233372519473449,0.7275240739107943,0.134983768411988,0.1398729621894022,1.496059394881523,,,,,,-176.12324144879022,366.2464828975805,389.84094909447407
2026-06-07T21:51:54,64,9,640009,constant,-176.12331603533684,366.2466320706737,389.8410982675673,True,0,2.8935569378085786,0.0357398925452887,0.4226372715184935,0.7288155435981103,0.1353165726909904,0.1395947027120344,1.505732070539913,,,,,,-176.12331603533534,366.2466320706706,389.8410982675643
2026-06-07T21:53:35,64,10,640010,constant,-176.12324736231113,366.24649472462227,389.8409609215159,True,0,2.882574026237307,0.035877128479766,0.4230419263835247,0.7279190233413427,0.1351336669554021,0.1397957398699051,1.4978087470771475,,,,,,-176.123247362312,366.246494724624,389.8409609215176
2026-06-07T21:55:52,64,11,640011,constant,-176.12324154482462,366.24648308964925,389.84094928654287,True,0,2.8781460514782347,0.0358907561050096,0.4233252181626096,0.727528634496882,0.1349833269739476,0.139861262415363,1.496223538603719,,,,,,-176.12324154478912,366.2464830895783,389.8409492864719
2026-06-07T21:57:19,64,12,640012,constant,-176.12324145865222,366.24648291730443,389.84094911419805,True,0,2.8773270034973644,0.0358965539798623,0.4233613271897899,0.7274843167626425,0.1349718593762709,0.1398741416947577,1.4959310489469737,,,,,,-176.12324145865205,366.2464829173041,389.8409491141977
2026-06-07T21:58:41,64,13,640013,constant,-176.12324145883758,366.24648291767517,389.8409491145688,True,0,2.877738328324434,0.0358993974591236,0.4233373312345869,0.7275050165560057,0.1349764671490296,0.1398675813847249,1.4959072259728388,,,,,,-176.1232414588397,366.2464829176794,389.840949114573
2026-06-07T22:00:33,64,14,640014,constant,-176.1232414435588,366.2464828871176,389.84094908401124,True,0,2.877620053642108,0.0358949388213451,0.4233418294428396,0.7275103637624463,0.1349807173663486,0.1398698238446402,1.4960717816818203,,,,,,-176.12324144355998,366.24648288712,389.8409490840136
2026-06-07T22:01:52,64,15,640015,constant,-176.3367341232812,366.6734682465624,390.267934443456,True,0,2.190006952491556,0.0464611982660817,0.4621914708840602,0.636371513699857,0.1200326828530526,0.1534150804591608,1.05810510336888,,,,,,-176.33673412077252,366.673468241545,390.26793443843866
2026-06-07T22:03:39,64,16,640016,constant,-176.12324149941105,366.2464829988221,389.8409491957157,True,0,2.877745597111585,0.0358897814791255,0.42334627266971,0.7275133444055321,0.1349765909546614,0.1398673524813573,1.4963718674376685,,,,,,-176.123241499418,366.246482998836,389.8409491957296
2026-06-07T22:05:08,64,17,640017,constant,-176.1232483639992,366.2464967279984,389.84096292489204,True,0,2.871885422625245,0.0359007866418,0.4235388351931333,0.7271750317194902,0.1349414604648683,0.1399812349729544,1.4949301374720887,,,,,,-176.12324836436397,366.246496728728,389.8409629256216
2026-06-07T22:06:08,64,18,640018,constant,-176.12336359676829,366.24672719353657,389.8411933904302,True,0,2.900923886170532,0.0357600724314053,0.4226288292490311,0.7287041436506565,0.1353879590503355,0.1394036359466082,1.5042819537678205,,,,,,-176.12336359848317,366.24672719696633,389.84119339386
2026-06-07T22:07:15,64,19,640019,constant,-176.12324145704883,366.24648291409767,389.8409491109913,True,0,2.8775604857001738,0.0358930695637563,0.4233543650600452,0.7274945106217307,0.1349774069267468,0.1398704049141999,1.4961765936499043,,,,,,-176.12324145705009,366.24648291410017,389.8409491109938
2026-06-07T22:08:39,64,20,640020,constant,-176.12324148100606,366.2464829620121,389.84094915890574,True,0,2.877780291511149,0.0358970435925343,0.4233099812110903,0.7275580773248584,0.1349823787066046,0.1398711895782346,1.4960438460852747,,,,,,-176.1232414810043,366.2464829620086,389.8409491589022
2026-06-07T22:10:28,64,21,640021,constant,-176.12327224978102,366.24654449956205,389.84101069645567,True,0,2.8885823045144066,0.0358957977543058,0.4228371100305192,0.7283286160202238,0.1352213641272584,0.1396339047599156,1.4976055782011684,,,,,,-176.123272249852,366.246544499704,389.8410106965976
2026-06-07T22:12:34,64,22,640022,constant,-176.12324158677467,366.24648317354934,389.84094937044296,True,0,2.878079925623634,0.0358953971592214,0.4233495417663058,0.7274892083596024,0.1349687268616633,0.1398559853713947,1.4958442562996674,,,,,,-176.12324158652586,366.2464831730517,389.84094936994535
2026-06-07T22:14:30,64,23,640023,constant,-176.1232414558187,366.2464829116374,389.840949108531,True,0,2.877360373746698,0.0358983942787166,0.4233517551935509,0.7274919474558449,0.1349745009818505,0.1398751379106276,1.4959317220218675,,,,,,-176.12324145581815,366.2464829116364,389.84094910853
2026-06-07T22:15:34,64,24,640024,constant,-176.1232507094967,366.2465014189934,389.840967615887,True,0,2.878203556733271,0.0359806930952992,0.4234354114098409,0.7270442320422319,0.1348414656288839,0.1398319428324809,1.4917444825378523,,,,,,-176.12325070975538,366.2465014195108,389.8409676164044
2026-06-07T22:16:40,64,25,640025,constant,-176.12350687273914,366.2470137454783,389.8414799423719,True,0,2.84319708682955,0.0360462884190674,0.4250010842941357,0.7248974398529413,0.1343577073286602,0.140462507607431,1.4840723612363675,,,,,,-176.12350687273965,366.2470137454793,389.8414799423729
2026-06-07T22:18:07,64,26,640026,constant,-176.12324193183676,366.2464838636735,389.84095006056714,True,0,2.878729913564809,0.0359044530986144,0.4232542543284337,0.7275439836103496,0.1349723992292327,0.1398577787131253,1.4960755124697058,,,,,,-176.12324193140918,366.2464838628184,389.840950059712
2026-06-07T22:19:45,64,27,640027,constant,-130.7507378582854,275.5014757165708,299.0959419134644,True,0,9.9999953884143,2.850994897618889,0.7363551399161721,0.3882047017100841,0.1304344384169457,0.0637254187859548,0.0210036062687445,,,,,,-130.7507378582519,275.5014757165038,299.09594191339744
2026-06-07T22:21:27,64,28,640028,constant,-176.1232415124643,366.2464830249286,389.8409492218222,True,0,2.8779918043065864,0.0358902495588827,0.4233294100063641,0.7275470716017076,0.1349950578126379,0.1398626295767679,1.4963441846696053,,,,,,-176.12324151249186,366.2464830249837,389.8409492218773
2026-06-07T22:23:18,64,29,640029,constant,-176.12324146896515,366.2464829379303,389.8409491348239,True,0,2.8772524047221357,0.035894240346153,0.4233599326119243,0.7274894115408768,0.1349700550837517,0.1398768870593469,1.4960627281437722,,,,,,-176.12324146896407,366.24648293792814,389.84094913482176
2026-06-07T22:25:04,64,30,640030,constant,-176.28512963422162,366.57025926844324,390.16472546533686,True,0,2.20199411872599,0.0414200294262221,0.473356625891233,0.6372999085277634,0.1093934545280445,0.1517000290898027,1.186811769450068,,,,,,-176.28512963300346,366.5702592660069,390.16472546290055
2026-06-07T22:26:15,64,31,640031,constant,-176.12324147017847,366.24648294035694,389.84094913725056,True,0,2.87787670404328,0.0358941427121136,0.4233387295237955,0.7275211341571054,0.1349873881683106,0.139863149850274,1.496140296840842,,,,,,-176.12324147017864,366.2464829403573,389.8409491372509
2026-06-07T22:28:30,64,32,640032,constant,-176.1232797555257,366.2465595110514,389.841025707945,True,0,2.865785486637716,0.0359454515110113,0.4237319079380817,0.7263691418456942,0.1347325854697454,0.1401279472205752,1.4934774727522395,,,,,,-176.12327975540185,366.2465595108037,389.8410257076973
2026-06-07T22:31:16,64,33,640033,constant,-176.12324148748257,366.24648297496515,389.84094917185877,True,0,2.877839575733661,0.0358915993022676,0.4233172063600318,0.7275586632145394,0.1349920852379912,0.1398690567616944,1.4962803411069114,,,,,,-176.12324148749678,366.2464829749936,389.8409491718872
2026-06-07T22:32:08,64,34,640034,constant,-176.12324175661416,366.2464835132283,389.84094971012195,True,0,2.87830849294093,0.0358889243224722,0.4233278687078597,0.7276202487260466,0.1349696223744208,0.1398557704909448,1.4964314329485795,,,,,,-176.1232417566131,366.2464835132262,389.84094971011984
2026-06-07T22:33:43,64,35,640035,constant,-176.12324286607134,366.2464857321427,389.8409519290363,True,0,2.8775896386429505,0.0358726642816797,0.4232924215390536,0.7277492442682499,0.1351189434837081,0.1398717309951153,1.49713533299724,,,,,,-176.12324286607063,366.2464857321413,389.8409519290349
2026-06-07T22:34:47,64,36,640036,constant,-176.12324147663276,366.2464829532655,389.84094915015913,True,0,2.877670855718992,0.0358912784380389,0.4233646770210673,0.7274799622491925,0.1349690658137094,0.1398653563609372,1.4960989180920878,,,,,,-176.12324147663634,366.2464829532727,389.8409491501663
2026-06-07T22:35:56,64,37,640037,constant,-176.12324145217298,366.24648290434595,389.8409491012396,True,0,2.877537209734974,0.0358937275605882,0.4233403122631385,0.7275181319150201,0.1349821538288724,0.1398725419484827,1.4961606950580335,,,,,,-176.1232414521763,366.2464829043526,389.8409491012462
2026-06-07T22:38:21,64,38,640038,constant,-176.12324146188996,366.2464829237799,389.84094912067354,True,0,2.877631409560172,0.0358995567490071,0.4233439057905616,0.7274943734009132,0.1349683780742722,0.1398693106411799,1.4958475173099397,,,,,,-176.1232414618894,366.2464829237788,389.8409491206724
2026-06-07T22:39:48,64,39,640039,constant,-176.12324150560886,366.2464830112177,389.84094920811134,True,0,2.878062882877838,0.0358922875080399,0.4233259019367202,0.7275368004657619,0.13497740125192,0.1398612058586157,1.4961737472583971,,,,,,-176.12324150565317,366.2464830113064,389.8409492082
2026-06-07T22:41:12,64,40,640040,constant,-176.12324144730638,366.24648289461277,389.8409490915064,True,0,2.8776264180945117,0.0358964930817955,0.4233452788543205,0.7275022370296893,0.1349720390119641,0.1398686182014336,1.4960184788661683,,,,,,-176.12324144730283,366.24648289460566,389.8409490914993
2026-06-07T21:41:32,65,1,650001,constant,-176.1232414625399,366.2464829250798,389.84094912197344,True,0,2.8772824624632576,0.0358969145760563,0.4233611367379639,0.7274773380479648,0.1349687140046966,0.139875312799927,1.4959273687555286,,,,,,-176.12324146254105,366.2464829250821,389.8409491219757
2026-06-07T21:42:52,65,2,650002,constant,-176.12324584761384,366.2464916952277,389.8409578921213,True,0,2.874203837946817,0.0359167647983931,0.4236515922752578,0.7268906345162771,0.1348552616022337,0.139914838037865,1.4945109620642096,,,,,,-176.1232458471209,366.2464916942418,389.8409578911354
2026-06-07T21:44:01,65,3,650003,constant,-176.1232492883546,366.2464985767092,389.8409647736028,True,0,2.8729320871900343,0.035914129059878,0.4236579016842362,0.7270942997103998,0.1347550737395361,0.1399161106888303,1.4938585496465775,,,,,,-176.1232492882805,366.246498576561,389.8409647734546
2026-06-07T21:46:03,65,4,650004,constant,-176.12324146931095,366.2464829386219,389.84094913551553,True,0,2.8772819444767936,0.035898042667545,0.4233670695537701,0.7274593490226763,0.1349684793190591,0.1398746492105869,1.4958859216957363,,,,,,-176.12324146931155,366.2464829386231,389.8409491355167
2026-06-07T21:48:04,65,5,650005,constant,-176.1232414488424,366.2464828976848,389.84094909457843,True,0,2.8774696902896717,0.0358971901002186,0.4233415858705153,0.7274996843684448,0.1349808489221902,0.1398740841249211,1.4959571350253211,,,,,,-176.1232414488431,366.2464828976862,389.8409490945798
2026-06-07T21:49:22,65,6,650006,constant,-176.12717286135594,366.2543457227119,389.8488119196055,True,0,2.9463981882362247,0.0340481955067834,0.4231409531424783,0.7347864432738561,0.1368686427206442,0.1381247943169235,1.5848587976558812,,,,,,-176.12717286135654,366.2543457227131,389.8488119196067
2026-06-07T21:51:45,65,7,650007,constant,-176.12324148084957,366.24648296169914,389.84094915859276,True,0,2.8778602038208523,0.0359013296781771,0.4233287886792664,0.7275098003147393,0.1349788543762246,0.1398660978990562,1.495899476558835,,,,,,-176.1232414808551,366.2464829617102,389.8409491586039
2026-06-07T21:53:16,65,8,650008,constant,-176.12324155648068,366.24648311296136,389.840949309855,True,0,2.877493451935131,0.0358888020484526,0.4233672848066237,0.727495091940871,0.1349648708570347,0.1398711686630316,1.4964392411718368,,,,,,-176.12324155648076,366.2464831129615,389.8409493098552
2026-06-07T21:54:57,65,9,650009,constant,-176.12324144444662,366.24648288889324,389.84094908578686,True,0,2.877642913585617,0.0358957951422174,0.4233465050815654,0.7274960215922975,0.1349763508833988,0.1398688216175171,1.4960339674163603,,,,,,-176.12324144444204,366.2464828888841,389.8409490857777
2026-06-07T21:56:34,65,10,650010,constant,-176.1232445809565,366.246489161913,389.84095535880664,True,0,2.8746271747661725,0.0359317474302915,0.4233761779382139,0.7273772392741346,0.1350139231136962,0.1399412285443206,1.4942171375253033,,,,,,-176.12324458110453,366.24648916220906,389.8409553591027
2026-06-07T21:57:25,65,11,650011,constant,-176.12324144647908,366.24648289295817,389.8409490898518,True,0,2.877514530718035,0.0358939246314969,0.4233476055426091,0.7275059867963364,0.1349792356674782,0.1398718928144553,1.4961036298723729,,,,,,-176.1232414464776,366.2464828929552,389.8409490898488
2026-06-07T21:58:26,65,12,650012,constant,-176.123301712214,366.246603424428,389.8410696213216,True,0,2.890601497186157,0.0357513190266305,0.4227429149239083,0.7286607523138748,0.1352870573971427,0.139651077194178,1.5055783691955793,,,,,,-176.12330171226702,366.2466034245341,389.84106962142766
2026-06-07T21:59:26,65,13,650013,constant,-176.12338396637145,366.2467679327429,389.8412341296365,True,0,2.903267763089988,0.0357949257998341,0.4221321058314233,0.7294298914388767,0.1354407134395144,0.1394265464308534,1.504216588050736,,,,,,-176.12338396645416,366.2467679329083,389.84123412980193
2026-06-07T22:01:26,65,14,650014,constant,-176.12324148837266,366.2464829767453,389.84094917363893,True,0,2.8771039370826266,0.0358974702239669,0.4233632797280561,0.7274791017060991,0.1349743344102794,0.1398794511765014,1.4959044793384657,,,,,,-176.12324148837206,366.2464829767441,389.84094917363774
2026-06-07T22:02:27,65,15,650015,constant,-176.123241638027,366.246483276054,389.8409494729476,True,0,2.878495576710867,0.0358995198646524,0.4233186687777072,0.7275243726530823,0.1349769609737433,0.139851204733904,1.4959831609069445,,,,,,-176.1232416380488,366.2464832760976,389.8409494729912
2026-06-07T22:05:00,65,16,650016,constant,-176.12324904543587,366.24649809087174,389.84096428776536,True,0,2.872042262883093,0.035884200904598,0.423593367669176,0.7271281634347335,0.1349327009001442,0.1399730916317486,1.4963625402516323,,,,,,-176.1232490464163,366.2464980928326,389.84096428972623
2026-06-07T22:08:18,65,17,650017,constant,-176.1232414528577,366.2464829057154,389.84094910260904,True,0,2.877678337043638,0.0358952521430623,0.4233496405366185,0.7274911137895224,0.1349797916960722,0.1398667166193788,1.4960841824848086,,,,,,-176.12324145285262,366.2464829057053,389.84094910259887
2026-06-07T22:09:43,65,18,650018,constant,-176.12324144810526,366.2464828962105,389.84094909310414,True,0,2.8775364560247563,0.0358950315088253,0.4233552462945987,0.7274968292047789,0.1349707832521081,0.1398692306285085,1.49601827954342,,,,,,-176.12324144810714,366.2464828962143,389.8409490931079
2026-06-07T22:12:04,65,19,650019,constant,-176.12704622689358,366.25409245378717,389.8485586506808,True,0,3.015169361160402,0.0353530050766465,0.4189689685086434,0.7339892082867098,0.1366016114987538,0.1372718879852214,1.536461937017379,,,,,,-176.12704622646137,366.2540924529228,389.8485586498164
2026-06-07T22:13:24,65,20,650020,constant,-176.1232417864623,366.2464835729246,389.8409497698182,True,0,2.878434155004039,0.0359009101369881,0.4233440253046112,0.7274287011128685,0.1349349547904849,0.1398511779932048,1.4959139453980876,,,,,,-176.12324178634628,366.24648357269257,389.8409497695862
2026-06-07T22:15:42,65,21,650021,constant,-176.12324154037066,366.2464830807413,389.84094927763493,True,0,2.8777245386315022,0.0358912228781606,0.4233924999663392,0.7274453896543042,0.1349557724539606,0.1398587539605529,1.4960362306035822,,,,,,-176.12324154039675,366.2464830807935,389.8409492776871
2026-06-07T22:18:03,65,22,650022,constant,-176.12451241550582,366.24902483101164,389.84349102790526,True,0,2.954670724486955,0.0355709320228854,0.4197967949345526,0.7332822051575628,0.1362350549123266,0.1385557813687214,1.5219793850542858,,,,,,-176.12451241411625,366.2490248282325,389.8434910251261
2026-06-07T22:19:36,65,23,650023,constant,-176.1232414633387,366.2464829266774,389.840949123571,True,0,2.877771785680501,0.035894381442538,0.4233467898038134,0.727487962938495,0.1349752646639903,0.1398666396069615,1.496139022740561,,,,,,-176.1232414633341,366.2464829266682,389.8409491235618
2026-06-07T22:20:58,65,24,650024,constant,-176.1232510091059,366.2465020182118,389.8409682151054,True,0,2.8747221324344285,0.0358257830389476,0.4234730183123611,0.7274670170806098,0.1348780219404139,0.1399591505546809,1.4982469851770244,,,,,,-176.1232510118111,366.2465020236222,389.84096822051583
2026-06-07T22:22:06,65,25,650025,constant,-176.1232414446263,366.2464828892526,389.8409490861462,True,0,2.877634072848424,0.0358967422177713,0.4233405631064896,0.7275068239514547,0.1349770481624044,0.1398699356198856,1.4960421862508098,,,,,,-176.12324144463412,366.2464828892682,389.84094908616186
2026-06-07T22:22:58,65,26,650026,constant,-176.12324401974402,366.24648803948804,389.84095423638166,True,0,2.8781651498836256,0.0358467089848449,0.423277451882937,0.7277149934582615,0.1350592304500077,0.139877021602305,1.498382586919489,,,,,,-176.12324401976332,366.2464880395266,389.84095423642026
2026-06-07T22:24:34,65,27,650027,constant,-176.12328579075154,366.2465715815031,389.8410377783967,True,0,2.863681997284145,0.0359630037795626,0.4240324179562543,0.7263529534918433,0.1346833215862743,0.1401096025412155,1.4908702387489272,,,,,,-176.1232857913664,366.2465715827328,389.8410377796265
2026-06-07T22:25:47,65,28,650028,constant,-176.12324927337278,366.24649854674556,389.8409647436392,True,0,2.883103161183471,0.0358544097964712,0.4230991802374466,0.7279240470088276,0.1350690813141974,0.1397770464258397,1.498816100720072,,,,,,-176.12324927335214,366.2464985467043,389.8409647435979
2026-06-07T22:27:01,65,29,650029,constant,-176.123241444517,366.246482889034,389.8409490859276,True,0,2.8776064740109097,0.0358955579587358,0.42334664089057,0.7275078899235433,0.1349769251182125,0.1398696927668885,1.4960395451270143,,,,,,-176.12324144450724,366.2464828890145,389.8409490859081
2026-06-07T22:28:00,65,30,650030,constant,-176.1234574020769,366.2469148041538,389.8413810010474,True,0,2.8983275549813614,0.0362064341181157,0.4233267593230874,0.7266969637289604,0.1341774692330331,0.1393239568345249,1.4845163034512885,,,,,,-176.12345740205424,366.2469148041085,389.8413810010021
2026-06-07T22:29:39,65,31,650031,constant,-176.12324144929124,366.2464828985825,389.8409490954761,True,0,2.877418355931048,0.0358947226488108,0.4233507530808483,0.7274943240620142,0.1349791738645451,0.139873676024533,1.496061881456367,,,,,,-176.12324144928883,366.24648289857765,389.8409490954713
2026-06-07T22:32:04,65,32,650032,constant,-176.12324145857662,366.24648291715323,389.84094911404685,True,0,2.877674015781038,0.0358933244660887,0.4233291839869969,0.7275396718132455,0.1349880969702801,0.1398705302298194,1.496184785621924,,,,,,-176.1232414585744,366.2464829171488,389.8409491140424
2026-06-07T22:35:36,65,33,650033,constant,-176.21036687645983,366.42073375291966,390.0151999498133,True,0,3.639092335528626,0.0362830784375245,0.3991001623540278,0.7556180070745856,0.1413139450556139,0.127429887255023,1.5518667243782238,,,,,,-176.2103668838414,366.4207337676828,390.0151999645764
2026-06-07T22:37:12,65,34,650034,constant,-176.12324144772396,366.2464828954479,389.84094909234153,True,0,2.8775182591909405,0.0358950939856698,0.4233485007049256,0.7274974833250262,0.1349698119671779,0.1398719447222393,1.4960606490182218,,,,,,-176.12324144772407,366.24648289544814,389.84094909234176
2026-06-07T22:38:13,65,35,650035,constant,-176.12345496973649,366.24690993947297,389.8413761363666,True,0,2.856526216108125,0.0357872914174419,0.4247399343968229,0.7281859236995503,0.1344110398435458,0.1400949831177337,1.494003028231,,,,,,-176.12345496777354,366.2469099355471,389.8413761324407
2026-06-07T22:39:32,65,36,650036,constant,-176.1232414486278,366.2464828972556,389.8409490941492,True,0,2.877435455227173,0.0358947222150022,0.4233509228965643,0.7275061500365644,0.1349778111422928,0.1398730837206817,1.4960532694571016,,,,,,-176.12324144862427,366.2464828972485,389.84094909414216
2026-06-07T22:41:08,65,37,650037,constant,-176.12324158298742,366.24648316597484,389.84094936286846,True,0,2.8783188646200752,0.0358953785575013,0.4233443777836642,0.727497390428563,0.1349664155772596,0.1398519647701536,1.496072579298127,,,,,,-176.12324158296656,366.2464831659331,389.84094936282673
2026-06-07T22:42:29,65,38,650038,constant,-176.12324145523166,366.2464829104633,389.84094910735695,True,0,2.8773809261462464,0.0358977441015208,0.4233559273177716,0.7274847359037045,0.1349721677402894,0.1398730635705677,1.4958965194308167,,,,,,-176.123241455231,366.246482910462,389.8409491073557
2026-06-07T22:43:58,65,39,650039,constant,-176.12324145472294,366.2464829094459,389.8409491063395,True,0,2.8773860730076524,0.0358969739107506,0.423344687669238,0.7274950638936458,0.1349777729584873,0.1398746825348073,1.4959827711290188,,,,,,-176.1232414547228,366.2464829094456,389.8409491063392
2026-06-07T22:45:57,65,40,650040,constant,-176.12324160735562,366.24648321471125,389.84094941160487,True,0,2.87829869569109,0.0358938137198698,0.4233092444766942,0.7275795057810657,0.1349673485344332,0.1398563766703643,1.4961522977893231,,,,,,-176.1232416073463,366.2464832146926,389.8409494115862
2026-06-07T21:43:19,66,1,660001,constant,-176.12324144362546,366.2464828872509,389.84094908414454,True,0,2.8775292904875025,0.0358957047858458,0.4233507222969301,0.7274952982968451,0.134974409802034,0.1398706724427761,1.4960256395093607,,,,,,-176.12324144362722,366.2464828872544,389.84094908414806
2026-06-07T21:44:18,66,2,660002,constant,-176.1232414561456,366.2464829122912,389.8409491091848,True,0,2.8777392824830503,0.0358972602400182,0.4233353307163015,0.7275150839705533,0.1349840046629971,0.1398671152285024,1.4959514531060567,,,,,,-176.1232414561568,366.2464829123136,389.8409491092072
2026-06-07T21:46:23,66,3,660003,constant,-176.12324145291768,366.24648290583536,389.840949102729,True,0,2.877538872661826,0.0358925301513636,0.4233449418862463,0.7275145945872428,0.1349847633190438,0.139871284408026,1.496164265389902,,,,,,-176.12324145292354,366.2464829058471,389.8409491027407
2026-06-07T21:48:42,66,4,660004,constant,-176.12324145282193,366.24648290564386,389.8409491025375,True,0,2.877589591670622,0.0358940803716029,0.4233459306464443,0.7274981642631119,0.1349785323330645,0.1398703385916729,1.4961532085186084,,,,,,-176.12324145281926,366.2464829056385,389.84094910253214
2026-06-07T21:50:02,66,5,660005,constant,-176.36448073719131,366.72896147438263,390.32342767127625,True,0,3.728348699355023,0.0477940597954538,0.414135632831905,0.6958452439738778,0.114419496917401,0.1236428187013746,1.1276396825409325,,,,,,-176.36448073411316,366.7289614682263,390.32342766512
2026-06-07T21:51:18,66,6,660006,constant,-176.12324144705667,366.24648289411334,389.84094909100696,True,0,2.8774543237092,0.0358951360800402,0.4233469025968557,0.727497763771899,0.1349789502418827,0.1398734173951084,1.4960597698119529,,,,,,-176.12324144705565,366.2464828941113,389.8409490910049
2026-06-07T21:52:13,66,7,660007,constant,-176.1232414499938,366.2464828999876,389.8409490968812,True,0,2.877509663408868,0.0358948175406506,0.4233483549835035,0.7275009376571465,0.1349854997487384,0.1398704931325228,1.4960631551271597,,,,,,-176.1232414499951,366.2464828999903,389.8409490968839
2026-06-07T21:53:35,66,8,660008,constant,-176.1232836235959,366.2465672471918,389.84103344408544,True,0,2.8854117150544547,0.0357503552931348,0.4233962968093603,0.7276938784832723,0.1349493414250541,0.139687165575398,1.5044860974703476,,,,,,-176.1232836296511,366.2465672593022,389.8410334561958
2026-06-07T21:54:47,66,9,660009,constant,-176.12324195933232,366.24648391866464,389.84095011555826,True,0,2.8779453787292923,0.035874664804199,0.4233220985671388,0.7276624760049218,0.1350045153215751,0.1398642103136702,1.496986137546943,,,,,,-176.1232419593099,366.2464839186198,389.8409501155134
2026-06-07T21:55:50,66,10,660010,constant,-176.12324157854525,366.2464831570905,389.8409493539841,True,0,2.8780321569546814,0.0358848985241988,0.4233278902836108,0.7275457919205742,0.1349933493079541,0.1398621715304981,1.4965277732135132,,,,,,-176.1232415784152,366.2464831568304,389.840949353724
2026-06-07T21:56:57,66,11,660011,constant,-176.12324144642787,366.24648289285574,389.84094908974936,True,0,2.8776180554106827,0.035896002142687,0.4233448494769132,0.7274944104258959,0.134984013830919,0.139869240265453,1.4960452329651206,,,,,,-176.1232414464317,366.2464828928634,389.840949089757
2026-06-07T21:58:40,66,12,660012,constant,-176.1232414500596,366.2464829001192,389.8409490970128,True,0,2.877454763500941,0.0358940710518801,0.4233471802105812,0.7275055042590106,0.1349805140527463,0.1398734088251804,1.4961140284380192,,,,,,-176.12324145005385,366.2464829001077,389.8409490970013
2026-06-07T22:00:23,66,13,660013,constant,-176.12533207156974,366.2506641431395,389.8451303400331,True,0,2.975686293302572,0.0362167512207263,0.4197530583567843,0.7311605158508171,0.1356623437004893,0.1379623065575013,1.4906801913187542,,,,,,-176.12533207264363,366.25066414528726,389.8451303421809
2026-06-07T22:01:46,66,14,660014,constant,-176.12324163433547,366.24648326867094,389.84094946556456,True,0,2.878253301139405,0.0359053201095129,0.4233086582831237,0.7275115210234587,0.1349921803708672,0.139858006891596,1.4957066433752082,,,,,,-176.12324163450026,366.2464832690005,389.8409494658941
2026-06-07T22:03:04,66,15,660015,constant,-176.123245387834,366.246490775668,389.8409569725616,True,0,2.8736746874828034,0.0358922352686664,0.4235231675218616,0.7271576277965293,0.1348962417468993,0.1399521277479365,1.495855945402282,,,,,,-176.12324538781408,366.24649077562816,389.8409569725218
2026-06-07T22:04:11,66,16,660016,constant,-176.12324206186028,366.24648412372056,389.8409503206142,True,0,2.87889644212505,0.0359044509609798,0.4232442572862484,0.727617795159028,0.1349727210110691,0.1398596717553435,1.49601913359363,,,,,,-176.12324206180702,366.2464841236141,389.84095032050766
2026-06-07T22:06:10,66,17,660017,constant,-176.12324144691186,366.2464828938237,389.84094909071734,True,0,2.877705073514414,0.0358960724092582,0.4233402792407276,0.7275121181651012,0.1349787038897501,0.1398678387374137,1.4960231443311884,,,,,,-176.1232414469122,366.2464828938244,389.840949090718
2026-06-07T22:08:00,66,18,660018,constant,-176.12324148627147,366.24648297254294,389.84094916943656,True,0,2.8772609374327605,0.0358923302366921,0.4233782955833681,0.7274680798888409,0.1349597862051405,0.139873282477129,1.4960631289088833,,,,,,-176.12324148627135,366.2464829725427,389.8409491694363
2026-06-07T22:09:22,66,19,660019,constant,-176.12325304877908,366.24650609755815,389.8409722944518,True,0,2.875899496009464,0.0359234799545959,0.4230577117544941,0.7274074701828668,0.1349654958564427,0.1399827206116268,1.496804364296599,,,,,,-176.1232530526084,366.2465061052168,389.8409723021104
2026-06-07T22:11:18,66,20,660020,constant,-176.12324146533078,366.24648293066156,389.8409491275552,True,0,2.8777136075653424,0.0359005677788252,0.4233326550206174,0.7275019333496531,0.1349755029785309,0.1398698007227811,1.4958783699482538,,,,,,-176.1232414653299,366.2464829306598,389.8409491275534
2026-06-07T22:12:22,66,21,660021,constant,-176.12325080887695,366.2465016177539,389.8409678146475,True,0,2.872403069674897,0.0358546676990557,0.4235056963011583,0.7273613143726836,0.1349659610187119,0.1399879010734493,1.497954572036066,,,,,,-176.12325080887288,366.24650161774576,389.8409678146394
2026-06-07T22:13:47,66,22,660022,constant,-176.1232414449371,366.2464828898742,389.8409490867678,True,0,2.8776761125670025,0.0358962928285799,0.4233387485597571,0.727505035330857,0.1349795220957767,0.1398690685939563,1.4960367542098878,,,,,,-176.12324144493533,366.24648288987066,389.8409490867643
2026-06-07T22:14:54,66,23,660023,constant,-176.12355527676237,366.24711055352475,389.84157675041837,True,0,2.839004718661064,0.0358956577095672,0.4247240676032505,0.726085828780391,0.1348695781954259,0.1405887965277842,1.4912196413054166,,,,,,-176.12355527676033,366.2471105535207,389.8415767504143
2026-06-07T22:16:42,66,24,660024,constant,-176.12324147088185,366.2464829417637,389.8409491386573,True,0,2.8773104544896486,0.0358936950231708,0.4233599295315363,0.7275064691140496,0.1349804808961446,0.1398736734574303,1.496081382172466,,,,,,-176.123241470883,366.246482941766,389.8409491386596
2026-06-07T22:18:20,66,25,660025,constant,-176.12343114700818,366.24686229401635,389.84132849091,True,0,2.86237498459529,0.0362775569590888,0.4235483794936506,0.7265551143146437,0.1346333101789679,0.1401628424791153,1.4764539707061632,,,,,,-176.12343114700786,366.2468622940157,389.84132849090935
2026-06-07T22:22:34,66,26,660026,constant,-176.1232414596704,366.2464829193408,389.8409491162344,True,0,2.8772837610084623,0.0358958928549217,0.4233589601272113,0.7274866274805645,0.1349737499445587,0.1398754837194618,1.4959876106213823,,,,,,-176.1232414596704,366.2464829193408,389.8409491162344
2026-06-07T22:23:32,66,27,660027,constant,-176.12324179447694,366.2464835889539,389.8409497858475,True,0,2.878608416458769,0.0358863979018955,0.4232990349669561,0.7275814982673388,0.1350133820681916,0.1398533776550192,1.496705931205634,,,,,,-176.12324179447518,366.2464835889504,389.840949785844
2026-06-07T22:25:23,66,28,660028,constant,-176.12454228797316,366.2490845759463,389.84355077283993,True,0,2.8066306508270324,0.0364002049165343,0.427014877189816,0.7205064632172683,0.133459381968827,0.1410630942177852,1.4637008114732326,,,,,,-176.1245422884495,366.249084576899,389.84355077379263
2026-06-07T22:27:10,66,29,660029,constant,-176.12324162432597,366.24648324865194,389.84094944554556,True,0,2.878174515261549,0.0359024902243926,0.4233325490295467,0.727445659216169,0.1349717727434494,0.1398576411893054,1.495836049566155,,,,,,-176.12324162434606,366.2464832486921,389.84094944558575
2026-06-07T22:28:17,66,30,660030,constant,-176.12336880892852,366.24673761785704,389.84120381475066,True,0,2.8539523854122955,0.0360180983615772,0.4244589736127183,0.7256711773941746,0.13449619940808,0.1402841943933326,1.48729564044316,,,,,,-176.1233688089341,366.2467376178682,389.8412038147618
2026-06-07T22:30:07,66,31,660031,constant,-176.12324150258917,366.24648300517833,389.84094920207195,True,0,2.877979133572325,0.0358970236589455,0.4233007966019446,0.7275543232116989,0.1350005760600285,0.1398670922588111,1.4961457707228472,,,,,,-176.12324150257456,366.2464830051491,389.84094920204274
2026-06-07T22:31:46,66,32,660032,constant,-176.123248482183,366.246496964366,389.8409631612596,True,0,2.8731936032470875,0.0359298797902433,0.4234848560805298,0.7271970313141702,0.1350242707664332,0.1399762534058667,1.4942832383320996,,,,,,-176.12324848200672,366.24649696401343,389.8409631609071
2026-06-07T22:33:06,66,33,660033,constant,-176.12395021676846,366.2479004335369,389.84236663043055,True,0,2.8203169179297705,0.0360516000753418,0.4260876439559574,0.7233645803056964,0.1342721298760328,0.1408741367836709,1.480771941938837,,,,,,-176.12395021679464,366.2479004335893,389.8423666304829
2026-06-07T22:34:22,66,34,660034,constant,-176.12354204766112,366.24708409532224,389.84155029221586,True,0,2.8413855100116754,0.0359292705240531,0.4255436204668297,0.7242939898436965,0.1339159521277651,0.1404692698714139,1.4890046187635877,,,,,,-176.12354204766118,366.2470840953224,389.841550292216
2026-06-07T22:37:30,66,35,660035,constant,-176.12324459402487,366.24648918804974,389.84095538494336,True,0,2.87421583463685,0.0358906264565405,0.4233567491031622,0.7276035479340439,0.134968982412011,0.1399528141951004,1.496154333298795,,,,,,-176.12324459405357,366.2464891881072,389.8409553850008
2026-06-07T22:38:53,66,36,660036,constant,-176.12325813431767,366.24651626863533,389.84098246552895,True,0,2.8851244363369086,0.0358438647451426,0.4231388356478857,0.7276235241556532,0.1350127845126265,0.1397476335610876,1.4992948485996642,,,,,,-176.12325813439986,366.2465162687997,389.8409824656933
2026-06-07T22:40:16,66,37,660037,constant,-176.12324145264142,366.24648290528285,389.84094910217647,True,0,2.877723799052852,0.0358936818736413,0.4233403941661298,0.7275115785798678,0.1349835420924552,0.1398669534772254,1.4961315557627144,,,,,,-176.12324145263625,366.2464829052725,389.8409491021661
2026-06-07T22:41:12,66,38,660038,constant,-176.1232414516308,366.2464829032616,389.8409491001552,True,0,2.877663283480946,0.0358975640541535,0.4233473012193124,0.7274879647901948,0.1349718568608786,0.1398679415336155,1.4959368289491206,,,,,,-176.1232414516355,366.2464829032709,389.84094910016455
2026-06-07T22:42:56,66,39,660039,constant,-176.12324144820928,366.24648289641857,389.8409490933122,True,0,2.877622679168011,0.035894998253461,0.4233530770888956,0.7274921269945824,0.1349745657699737,0.1398681091417264,1.4960134577400344,,,,,,-176.12324144820747,366.2464828964149,389.84094909330855
2026-06-07T22:44:09,66,40,660040,constant,-176.12325201272444,366.24650402544887,389.8409702223425,True,0,2.8738090189117824,0.0359489543506036,0.4231096486981824,0.7278608483336129,0.1349377726865491,0.1400161077716592,1.494156868641095,,,,,,-176.12325201101677,366.2465040220335,389.8409702189271
2026-06-07T21:45:37,67,1,670001,constant,-176.1232461082041,366.2464922164082,389.84095841330185,True,0,2.876808917113843,0.0358192937863767,0.4235095271183098,0.7275077346686729,0.1350169492969291,0.1398713481465787,1.498679360057385,,,,,,-176.1232461081958,366.2464922163916,389.8409584132853
2026-06-07T21:47:19,67,2,670002,constant,-176.1276786985088,366.2553573970176,389.8498235939112,True,0,3.018685593405987,0.0349716968215277,0.4191314214244654,0.7348356021213702,0.1368672911749363,0.1372089815823009,1.555551660442394,,,,,,-176.12767869859402,366.2553573971881,389.84982359408167
2026-06-07T21:48:30,67,3,670003,constant,-176.12324942452915,366.2464988490583,389.8409650459519,True,0,2.871830423146829,0.0359147336928042,0.4236422550111681,0.7270899854344628,0.1349817640698537,0.1399707900495129,1.4946271481260436,,,,,,-176.12324942490068,366.24649884980136,389.840965046695
2026-06-07T21:49:37,67,4,670004,constant,-176.1232414447966,366.2464828895932,389.84094908648683,True,0,2.8774893226812206,0.0358950369911864,0.4233467487717137,0.7275041629226794,0.1349803880098197,0.1398725953241897,1.4960617507998657,,,,,,-176.12324144479558,366.2464828895912,389.8409490864848
2026-06-07T21:51:00,67,5,670005,constant,-176.12324145535365,366.2464829107073,389.8409491076009,True,0,2.877489140372152,0.0358931361789141,0.4233476656881212,0.7275015352183893,0.1349788072155211,0.1398732103830915,1.4961658101296245,,,,,,-176.12324145535283,366.2464829107057,389.8409491075993
2026-06-07T21:53:22,67,6,670006,constant,-176.12324161058615,366.2464832211723,389.8409494180659,True,0,2.878049408225233,0.0358980650053138,0.4233665130462131,0.7274625327467115,0.1349906462293264,0.139853752886945,1.4958856025694036,,,,,,-176.12324161071962,366.2464832214392,389.84094941833285
2026-06-07T21:54:37,67,7,670007,constant,-176.1232414470655,366.246482894131,389.84094909102464,True,0,2.877637389916372,0.035893944199571,0.4233458664064225,0.7275059134117058,0.1349777964153365,0.1398692875748411,1.4961240615022766,,,,,,-176.1232414470659,366.2464828941318,389.84094909102544
2026-06-07T21:56:06,67,8,670008,constant,-176.12326565185165,366.2465313037033,389.8409975005969,True,0,2.8879518384025173,0.0359114139169976,0.422995606435393,0.7278742613355151,0.1349204258571268,0.1396526281204042,1.4967665915649826,,,,,,-176.12326565222855,366.2465313044571,389.8409975013507
2026-06-07T21:57:03,67,9,670009,constant,-176.12325224905248,366.24650449810497,389.8409706949986,True,0,2.871268995863399,0.035871100302028,0.4236691697906276,0.7271375407444944,0.1348137814272683,0.1400022399415574,1.4959742103879952,,,,,,-176.12325224906772,366.2465044981354,389.84097069502906
2026-06-07T21:59:19,67,10,670010,constant,-176.1232415415197,366.2464830830394,389.840949279933,True,0,2.8778538834146032,0.0358909864647344,0.4233716650629688,0.727454896939013,0.1349723078986826,0.139857493431129,1.4961309600646495,,,,,,-176.1232415414451,366.2464830828902,389.84094927978384
2026-06-07T22:01:02,67,11,670011,constant,-176.1232414499613,366.2464828999226,389.84094909681625,True,0,2.877580112171225,0.0358985261235127,0.4233452181828922,0.7274894465466301,0.1349784449815885,0.1398705494291284,1.4959125349335172,,,,,,-176.1232414499588,366.2464828999176,389.8409490968112
2026-06-07T22:02:06,67,12,670012,constant,-176.12333353187393,366.24666706374785,389.84113326064147,True,0,2.895753582387837,0.036019280332997,0.4227688118796256,0.7277217513889371,0.1347500739798598,0.1395533210884738,1.4931967425390784,,,,,,-176.12333353474236,366.2466670694847,389.8411332663784
2026-06-07T22:03:47,67,13,670013,constant,-176.12324145193048,366.24648290386097,389.8409491007546,True,0,2.8774011525560224,0.0358980178419779,0.4233489199150991,0.7274903577585852,0.134975334671725,0.139873760785347,1.4959201927367063,,,,,,-176.12324145193142,366.2464829038629,389.84094910075646
2026-06-07T22:06:46,67,14,670014,constant,-176.12324159472274,366.2464831894455,389.8409493863391,True,0,2.8780885833349483,0.0359053826724026,0.4232995406783572,0.7275376112801125,0.1349880813013071,0.1398645379247351,1.4957059924820395,,,,,,-176.12324159472294,366.2464831894459,389.8409493863395
2026-06-07T22:08:31,67,15,670015,constant,-176.13583430394007,366.27166860788014,389.86613480477376,True,0,2.906173168950903,0.0393248132503456,0.4227012931700496,0.7207559188797555,0.1295803472634451,0.138843017160212,1.3465439243375823,,,,,,-176.13583430393402,366.271668607868,389.86613480476166
2026-06-07T22:09:35,67,16,670016,constant,-176.1232414506125,366.246482901225,389.84094909811864,True,0,2.8774087141014597,0.0358952942723874,0.4233445130362115,0.7275083994898949,0.1349826028019407,0.1398749282413271,1.4960634897844842,,,,,,-176.1232414506149,366.2464829012298,389.8409490981234
2026-06-07T22:10:46,67,17,670017,constant,-176.12324894146144,366.2464978829229,389.8409640798165,True,0,2.87261382030012,0.0359463704976566,0.4234600690629379,0.7272087603030297,0.1350249765813532,0.1399733853257966,1.4932602566767543,,,,,,-176.1232489403165,366.246497880633,389.8409640775266
2026-06-07T22:11:44,67,18,670018,constant,-176.12324149673407,366.24648299346813,389.84094919036175,True,0,2.8779567623258884,0.0359006901306202,0.4233332317960859,0.7275045430674474,0.1349764931015675,0.1398629698585492,1.4958769212498606,,,,,,-176.12324149670297,366.2464829934059,389.8409491902995
2026-06-07T22:12:29,67,19,670019,constant,-176.12325393534897,366.24650787069794,389.84097406759156,True,0,2.8707744912969537,0.035953784501039,0.4235931010127793,0.727051448452879,0.1348967829136423,0.1399919050639923,1.4923303760223416,,,,,,-176.12325393537873,366.2465078707575,389.8409740676511
2026-06-07T22:14:19,67,20,670020,constant,-176.12345617514558,366.24691235029115,389.8413785471848,True,0,2.9070860780731618,0.036057913013261,0.4217983597762982,0.7290204604841837,0.1354087593067015,0.1393502188473517,1.4924221214195217,,,,,,-176.12345617535894,366.2469123507179,389.8413785476115
2026-06-07T22:15:49,67,21,670021,constant,-176.12324185909583,366.24648371819166,389.8409499150853,True,0,2.87822912749094,0.0359098226815814,0.4233152729238729,0.7275107471173491,0.1350042752190129,0.1398512822791486,1.495623907067444,,,,,,-176.12324185906095,366.2464837181219,389.8409499150155
2026-06-07T22:17:09,67,22,670022,constant,-176.1232415694612,366.2464831389224,389.840949335816,True,0,2.878038676529414,0.0358886973973369,0.4233150407875312,0.7275715572503255,0.1350064809791958,0.1398634779795357,1.4964909516980651,,,,,,-176.1232415694355,366.246483138871,389.8409493357646
2026-06-07T22:19:32,67,23,670023,constant,-176.12328594025894,366.2465718805179,389.8410380774115,True,0,2.886098950304872,0.036044587738498,0.4232272027099387,0.7269629450639398,0.1346971793897141,0.1397134463898165,1.4907188605786357,,,,,,-176.1232859400916,366.2465718801832,389.8410380770768
2026-06-07T22:20:48,67,24,670024,constant,-176.1232900710173,366.2465801420346,389.8410463389282,True,0,2.864667204450203,0.0360384549293912,0.4238530771920545,0.7265627440242497,0.134901248771924,0.1400947312743722,1.4891392969031727,,,,,,-176.12329007060038,366.2465801412008,389.8410463380944
2026-06-07T22:22:03,67,25,670025,constant,-177.62020728804978,369.24041457609957,392.8348807729932,True,0,1.1826732107051852,0.1483421801817513,0.4496167890078707,0.59558621980426,0.1130986306477872,0.1896332393251892,0.6254155554758687,,,,,,-177.62020728970634,369.2404145794127,392.8348807763063
2026-06-07T22:24:14,67,26,670026,constant,-176.1232422342177,366.2464844684354,389.84095066532905,True,0,2.87724135718744,0.0358763145651899,0.4234823346299851,0.7273908511892416,0.1349764053248882,0.1398537086494671,1.4965728555664233,,,,,,-176.1232422342172,366.2464844684344,389.840950665328
2026-06-07T22:25:47,67,27,670027,constant,-176.12324147010378,366.24648294020756,389.8409491371012,True,0,2.877561483071535,0.0358938444036255,0.4233391816967687,0.7275328643467931,0.1349995397198513,0.1398700075186549,1.496070951203739,,,,,,-176.1232414700965,366.246482940193,389.8409491370866
2026-06-07T22:28:42,67,28,670028,constant,-176.1232414501111,366.2464829002222,389.8409490971158,True,0,2.8774749089812666,0.0358961669664924,0.4233598585833404,0.7274849058536033,0.1349726694811737,0.139869986588988,1.495965838489706,,,,,,-176.12324145010956,366.2464829002191,389.8409490971128
2026-06-07T22:29:37,67,29,670029,constant,-176.12324153378444,366.2464830675689,389.8409492644625,True,0,2.8776693546029373,0.0359038270447125,0.4233547762511869,0.7274640605183722,0.1349631972143723,0.1398653537820545,1.4956120900976295,,,,,,-176.12324153379166,366.2464830675833,389.8409492644769
2026-06-07T22:31:32,67,30,670030,constant,-176.12324144677984,366.2464828935597,389.8409490904533,True,0,2.877608466479735,0.0358963610375244,0.423345811411625,0.72749450521387,0.1349753950936317,0.1398688922892665,1.4960012665164912,,,,,,-176.12324144678834,366.2464828935767,389.8409490904703
2026-06-07T22:32:59,67,31,670031,constant,-176.19456883040237,366.38913766080475,389.98360385769837,True,0,2.496979303898037,0.04263756537361,0.4444355687338734,0.6769713547440084,0.1236009640374805,0.146356130201773,1.1924807787522715,,,,,,-176.19456883039564,366.3891376607913,389.9836038576849
2026-06-07T22:34:34,67,32,670032,constant,-176.12337517940645,366.2467503588129,389.8412165557065,True,0,2.901860353517479,0.0357642347626736,0.4224124773652777,0.7289088531454839,0.1351730559303645,0.1394428610644939,1.5055691648333167,,,,,,-176.12337515955144,366.2467503191029,389.8412165159965
2026-06-07T22:36:02,67,33,670033,constant,-176.12324144500445,366.2464828900089,389.8409490869025,True,0,2.8775380567137647,0.0358944091595682,0.4233469719708077,0.7275043922607359,0.1349806108711341,0.1398713058828655,1.4960954413999363,,,,,,-176.12324144500434,366.2464828900087,389.8409490869023
2026-06-07T22:36:57,67,34,670034,constant,-176.12324145007238,366.24648290014477,389.8409490970384,True,0,2.8774056749526338,0.0358954973726598,0.4233556609272556,0.7274919816964295,0.1349763346292794,0.1398732366795304,1.4960432022031034,,,,,,-176.12324145007236,366.2464829001447,389.84094909703833
2026-06-07T22:38:03,67,35,670035,constant,-176.1242123228805,366.248424645761,389.84289084265464,True,0,2.817623187574543,0.0364219007700176,0.4255280796066412,0.7233394199778612,0.1341154080271974,0.1409823399345892,1.4644096980895978,,,,,,-176.12421232297808,366.24842464595616,389.8428908428498
2026-06-07T22:39:34,67,36,670036,constant,-176.12324147060735,366.2464829412147,389.84094913810833,True,0,2.877941389702501,0.0358956291625504,0.4233334088901342,0.7275167147998595,0.1349780493934783,0.1398633679490475,1.4960899437886956,,,,,,-176.1232414706207,366.2464829412414,389.84094913813504
2026-06-07T22:41:28,67,37,670037,constant,-176.1232414593586,366.2464829187172,389.84094911561084,True,0,2.8773744709228977,0.0358938280666929,0.4233611264030704,0.7274957896900911,0.1349811428629164,0.1398728237852477,1.4960551296926572,,,,,,-176.12324145935673,366.2464829187135,389.8409491156071
2026-06-07T22:43:31,67,38,670038,constant,-176.12324144696046,366.2464828939209,389.84094909081455,True,0,2.877428407218683,0.0358957854480723,0.4233514705403974,0.727497969382862,0.1349772941783256,0.1398731331335898,1.49600182499541,,,,,,-176.12324144696012,366.2464828939202,389.84094909081387
2026-06-07T22:44:13,67,39,670039,constant,-176.12324144587808,366.24648289175616,389.8409490886498,True,0,2.8774987552923825,0.0358951431393346,0.4233473798985948,0.7275102727318175,0.1349773813656829,0.1398719197843884,1.496029207716277,,,,,,-176.12324144588268,366.24648289176537,389.840949088659
2026-06-07T22:45:25,67,40,670040,constant,-176.12338512023288,366.24677024046576,389.8412364373594,True,0,2.8538954412992457,0.0360646706980061,0.4244095313453821,0.7256505845330464,0.1344218239074211,0.1402910881031334,1.48452283512969,,,,,,-176.12338512022532,366.2467702404506,389.84123643734426
2026-06-07T21:46:23,68,1,680001,constant,-176.1232765979792,366.2465531959584,389.84101939285205,True,0,2.8883954140143717,0.0359487482829197,0.4224129414691961,0.7282130152586397,0.1353737800309885,0.1397414200777042,1.4968594628296432,,,,,,-176.12327659797842,366.2465531959568,389.84101939285046
2026-06-07T21:48:15,68,2,680002,constant,-176.12324149369186,366.24648298738373,389.84094918427735,True,0,2.877183342563338,0.0359008932983008,0.4233626796002708,0.7274649721835729,0.1349695223394943,0.1398771389611712,1.4957521711309163,,,,,,-176.12324149369104,366.2464829873821,389.8409491842757
2026-06-07T21:50:14,68,3,680003,constant,-176.12326100502702,366.24652201005404,389.84098820694766,True,0,2.885790902808446,0.0358317205249216,0.4228445748329723,0.7284811108977496,0.1352156124695019,0.1397481976897943,1.5004441057985671,,,,,,-176.12326100503847,366.24652201007694,389.84098820697056
2026-06-07T21:51:39,68,4,680004,constant,-176.12324459224936,366.2464891844987,389.84095538139235,True,0,2.874169015130775,0.035913486938483,0.4234906681561722,0.7271420082639762,0.1349550848076521,0.1399277011854638,1.4948038543711444,,,,,,-176.12324459118395,366.2464891823679,389.8409553792615
2026-06-07T21:53:35,68,5,680005,constant,-176.12324144693662,366.24648289387324,389.84094909076686,True,0,2.877626199234764,0.0358974109763928,0.423345714633319,0.7274978128901018,0.1349800029798381,0.139868926591979,1.4960046024542388,,,,,,-176.12324144693255,366.2464828938651,389.8409490907587
2026-06-07T21:55:07,68,6,680006,constant,-176.12324144786444,366.2464828957289,389.8409490926225,True,0,2.8775144618277007,0.0358953649130187,0.4233475001186378,0.7274919227606423,0.1349743229918132,0.13987258811928,1.4960733430414803,,,,,,-176.1232414478626,366.2464828957252,389.8409490926188
2026-06-07T21:57:43,68,7,680007,constant,-176.1255393465475,366.251078693095,389.8455448899886,True,0,2.9806135489538184,0.0362821458426809,0.4200289565621589,0.7291575101583518,0.1349969563988101,0.1378985398434729,1.491769484935285,,,,,,-176.12553934655102,366.2510786931021,389.84554488999567
2026-06-07T21:59:55,68,8,680008,constant,-176.12324147490293,366.24648294980585,389.8409491466995,True,0,2.877592538702476,0.0358986947164199,0.4233339580303148,0.7275042645593797,0.1349624417928706,0.1398728411151744,1.4960363489488764,,,,,,-176.12324147489863,366.24648294979727,389.8409491466909
2026-06-07T22:02:31,68,9,680009,constant,-176.1279837426794,366.2559674853588,389.8504336822524,True,0,2.7365220218041264,0.0366006434632975,0.4300853515526984,0.7167866836947698,0.1336361654940587,0.1423424255060998,1.4443403618807142,,,,,,-176.12798372696793,366.2559674539359,389.8504336508295
2026-06-07T22:05:22,68,10,680010,constant,-176.12324150846382,366.24648301692764,389.84094921382126,True,0,2.8776953878794163,0.0359039826629463,0.4233390517614421,0.72749860517019,0.134970454040621,0.1398662571589066,1.4957474782101152,,,,,,-176.12324150846374,366.2464830169274,389.8409492138211
2026-06-07T22:06:53,68,11,680011,constant,-176.12324152698739,366.24648305397477,389.8409492508684,True,0,2.8780473977093566,0.0358925724739802,0.4233232988088786,0.7275452906787582,0.134971823151152,0.1398621336272157,1.4960949965140464,,,,,,-176.123241526895,366.24648305379,389.8409492506837
2026-06-07T22:08:17,68,12,680012,constant,-176.1232415394769,366.2464830789538,389.84094927584744,True,0,2.8781193344362834,0.0358896692880066,0.4233192590613427,0.7275481988868223,0.1349919857276275,0.1398597076242846,1.4962651941285676,,,,,,-176.1232415387019,366.2464830774038,389.84094927429743
2026-06-07T22:09:59,68,13,680013,constant,-176.1232414743728,366.2464829487456,389.84094914563923,True,0,2.877367421208249,0.0359003214324392,0.4233580050642002,0.7274724472451933,0.134968203294046,0.1398736479265095,1.4957748145076823,,,,,,-176.12324147437127,366.24648294874254,389.84094914563616
2026-06-07T22:11:06,68,14,680014,constant,-176.1235410581454,366.2470821162908,389.84154831318443,True,0,2.842026858301372,0.0357360602185616,0.4244995129182995,0.7268674393977731,0.1351017437887836,0.1405888326970849,1.4987758800745854,,,,,,-176.12354105904896,366.2470821180979,389.84154831499154
2026-06-07T22:12:12,68,15,680015,constant,-176.12324144593617,366.24648289187235,389.84094908876597,True,0,2.877591770601682,0.0358943222482538,0.4233397536236198,0.7275156899495687,0.1349818726324905,0.1398709327324732,1.4961132169967113,,,,,,-176.12324144593617,366.2464828918724,389.840949088766
2026-06-07T22:13:53,68,16,680016,constant,-176.1236088375153,366.2472176750306,389.8416838719242,True,0,2.836765361895722,0.0360428215610088,0.4252836508039337,0.7247287246045284,0.1341461878984514,0.140582235832785,1.48314529367199,,,,,,-176.12360883612592,366.2472176722519,389.8416838691455
2026-06-07T22:15:37,68,17,680017,constant,-176.1233814943575,366.246762988715,389.8412291856086,True,0,2.9022319101375964,0.0358309775144261,0.4230557794705682,0.7279573518401861,0.134940368059072,0.1392663216638861,1.5001919393578576,,,,,,-176.12338149334917,366.2467629866984,389.841229183592
2026-06-07T22:17:34,68,18,680018,constant,-176.1232414460283,366.2464828920566,389.8409490889502,True,0,2.8775698572929342,0.0358965627924838,0.4233492095440297,0.7274847819222834,0.1349788298691077,0.1398700709032044,1.496008442068022,,,,,,-176.12324144602388,366.24648289204777,389.8409490889414
2026-06-07T22:18:43,68,19,680019,constant,-176.12324144697203,366.24648289394406,389.8409490908377,True,0,2.87771255103965,0.0358967352408842,0.4233399296414994,0.7275039309194075,0.1349791895858566,0.1398679932851006,1.4960176599938455,,,,,,-176.12324144697124,366.24648289394247,389.8409490908361
2026-06-07T22:20:05,68,20,680020,constant,-176.12324177078483,366.24648354156966,389.8409497384633,True,0,2.878380141251699,0.0358837179022512,0.423289708102441,0.7275860253360719,0.1350255940211578,0.1398599014436937,1.4967499238603628,,,,,,-176.1232417700767,366.2464835401534,389.840949737047
2026-06-07T22:21:14,68,21,680021,constant,-176.12324148950051,366.24648297900103,389.84094917589465,True,0,2.8777781582537827,0.0359006649272938,0.4233229096397369,0.7275311251978692,0.1349909475568081,0.1398670666926606,1.4958391185113136,,,,,,-176.12324148949693,366.24648297899387,389.8409491758875
2026-06-07T22:22:31,68,22,680022,constant,-176.17363238403934,366.3472647680787,389.9417309649723,True,0,2.449132588177859,0.0380858935402447,0.4489378536036048,0.6884185230033085,0.1252754201285622,0.1473724745263025,1.3281168626928856,,,,,,-176.17363238354517,366.3472647670904,389.941730963984
2026-06-07T22:24:24,68,23,680023,constant,-176.12375100459576,366.2475020091915,389.84196820608514,True,0,2.8325718580722605,0.0362308483536716,0.4252085619041039,0.723997150116645,0.1341224504387745,0.1406934258140616,1.474969182357865,,,,,,-176.1237510045603,366.2475020091206,389.8419682060142
2026-06-07T22:25:28,68,24,680024,constant,-176.12324146352734,366.24648292705467,389.8409491239483,True,0,2.877353308990122,0.0358990464465788,0.4233459849352453,0.7274964205689316,0.1349765780715811,0.1398754009825197,1.4958481400063617,,,,,,-176.12324146352705,366.2464829270541,389.8409491239477
2026-06-07T22:27:03,68,25,680025,constant,-176.12324144413688,366.24648288827376,389.8409490851674,True,0,2.877614017261797,0.0358970374242635,0.4233428771156989,0.7275003932164807,0.1349789339226745,0.1398699599011925,1.495980939496993,,,,,,-176.12324144413688,366.24648288827376,389.8409490851674
2026-06-07T22:28:20,68,26,680026,constant,-176.12324149500276,366.2464829900055,389.84094918689914,True,0,2.877675890306004,0.0358958868927663,0.4233568974760713,0.727466526787178,0.1349532475380856,0.1398678149720539,1.4959369357927377,,,,,,-176.12324149499892,366.2464829899978,389.84094918689146
2026-06-07T22:30:26,68,27,680027,constant,-176.24038159523698,366.48076319047397,390.0752293873676,True,0,2.3377050518318283,0.0433717840917398,0.4514123093416883,0.6681186926208104,0.1221008090767336,0.1501601943943512,1.1507956657363658,,,,,,-176.24038159524935,366.4807631904988,390.0752293873924
2026-06-07T22:31:24,68,28,680028,constant,-176.1232414468904,366.2464828937808,389.8409490906744,True,0,2.877452934821656,0.0358948481418453,0.4233478188439807,0.7275015559160907,0.1349789030066327,0.1398734495673147,1.4960700742358473,,,,,,-176.12324144689003,366.24648289378007,389.8409490906737
2026-06-07T22:33:20,68,29,680029,constant,-176.13429020194746,366.26858040389493,389.86304660078855,True,0,2.7374777014941776,0.0387407362540224,0.4286666294308197,0.7117559326228706,0.1306006418335133,0.1423940395657579,1.3583640669078498,,,,,,-176.13429020195372,366.2685804039074,389.86304660080106
2026-06-07T22:34:50,68,30,680030,constant,-176.12324162686477,366.24648325372954,389.84094945062316,True,0,2.8780452534714223,0.0359056264237472,0.4233361159237396,0.7274996543484721,0.1349705633586589,0.1398585105235731,1.4955746015284328,,,,,,-176.12324162686542,366.2464832537309,389.84094945062446
2026-06-07T22:36:56,68,31,680031,constant,-176.12324226657802,366.24648453315604,389.84095073004966,True,0,2.878310451532251,0.0358963970190796,0.4234124130183672,0.727386107737646,0.1348568957737595,0.1398510675216873,1.4961617730114076,,,,,,-176.12324226655358,366.2464845331072,389.8409507300008
2026-06-07T22:38:14,68,32,680032,constant,-176.12324170025613,366.24648340051226,389.8409495974059,True,0,2.877735259477831,0.0358785894857368,0.4233389707913937,0.727592285692201,0.1350172646528488,0.1398658107083752,1.496634784940762,,,,,,-176.12324170025698,366.246483400514,389.8409495974076
2026-06-07T22:40:33,68,33,680033,constant,-176.12324147029176,366.2464829405835,389.84094913747714,True,0,2.8777690934127333,0.0358989310516251,0.4233417275299684,0.7275010480064732,0.1349835632033226,0.1398663886937564,1.4959109092360228,,,,,,-176.12324147029773,366.24648294059546,389.8409491374891
2026-06-07T22:41:46,68,34,680034,constant,-176.1232418172475,366.246483634495,389.8409498313886,True,0,2.8777222824085658,0.0359096862011404,0.4233926117508235,0.7274208236306067,0.1349184666675836,0.1398587434967443,1.495296738503087,,,,,,-176.12324181722568,366.24648363445135,389.840949831345
2026-06-07T22:44:49,68,35,680035,constant,-176.12324144994716,366.2464828998943,389.84094909678794,True,0,2.8777423969801417,0.0358951254804783,0.4233348482393569,0.7275154661465649,0.1349811892772454,0.1398677523751524,1.4960957303258529,,,,,,-176.1232414499527,366.2464828999054,389.840949096799
2026-06-07T22:46:43,68,36,680036,constant,-176.18752174225764,366.3750434845153,389.9695096814089,True,0,2.497456101656641,0.0413957642357749,0.4485221730728388,0.6759905906453089,0.1220671505106203,0.1456615301144667,1.2180500673203885,,,,,,-176.18752174223584,366.3750434844717,389.9695096813653
2026-06-07T22:47:52,68,37,680037,constant,-176.12345243939305,366.2469048787861,389.8413710756797,True,0,2.908400690872155,0.0357736174189327,0.4217287028963375,0.7299153953249294,0.1356905273857411,0.1393700419792431,1.5065597513216875,,,,,,-176.1234524396896,366.2469048793792,389.8413710762728
2026-06-07T22:50:19,68,38,680038,constant,-176.1232754446787,366.2465508893574,389.84101708625104,True,0,2.874668659063444,0.0360189969503763,0.4236484986302673,0.7263579822927254,0.1348321195701152,0.1398814366947863,1.488042337533075,,,,,,-176.12327544484208,366.24655088968416,389.8410170865778
2026-06-07T22:51:59,68,39,680039,constant,-176.12324145031732,366.24648290063465,389.84094909752827,True,0,2.877611324017543,0.0358972384828902,0.4233461358076888,0.7274847187500115,0.1349736466215423,0.1398705178593398,1.4959753641610336,,,,,,-176.12324145032122,366.2464829006424,389.84094909753605
2026-06-07T22:52:54,68,40,680040,constant,-176.1232414904963,366.2464829809926,389.8409491778862,True,0,2.8778618381924472,0.0358944762815624,0.4233395181176476,0.7274981901915616,0.1349780202691736,0.1398669803448392,1.4962217456456357,,,,,,-176.12324149049073,366.2464829809815,389.8409491778751
2026-06-07T21:47:06,69,1,690001,constant,-176.12325447986396,366.2465089597279,389.84097515662154,True,0,2.87340643350027,0.03583503619972,0.4234237446908618,0.7272578310418107,0.1350279053310292,0.1399772823236826,1.499024547944599,,,,,,-176.1232544762363,366.2465089524726,389.8409751493662
2026-06-07T21:48:45,69,2,690002,constant,-176.12400044543278,366.24800089086557,389.8424670877592,True,0,2.9105946865089307,0.0351636051214149,0.4217592223915927,0.732170821477368,0.1361941423504362,0.1393767435298147,1.5362982012461983,,,,,,-176.12400044543438,366.2480008908688,389.8424670877624
2026-06-07T21:49:55,69,3,690003,constant,-176.12324146247113,366.24648292494226,389.8409491218359,True,0,2.8778231496912507,0.0358967635806553,0.423331839606979,0.7275063066209765,0.1349804476259782,0.1398668641344832,1.4959958615549134,,,,,,-176.1232414624631,366.2464829249262,389.8409491218199
2026-06-07T21:51:13,69,4,690004,constant,-176.12324144789358,366.24648289578715,389.8409490926808,True,0,2.877443267930089,0.0358954697126977,0.4233573802798816,0.7274870555588658,0.1349716410527833,0.1398721370609634,1.4960194241199518,,,,,,-176.12324144789363,366.24648289578727,389.8409490926809
2026-06-07T21:52:42,69,5,690005,constant,-176.12324145762898,366.24648291525796,389.8409491121516,True,0,2.8774802510621824,0.0358994767543702,0.4233474754710402,0.7274871420097518,0.1349742516925837,0.1398724674761359,1.495843055137873,,,,,,-176.12324145763,366.24648291526,389.8409491121536
2026-06-07T21:54:04,69,6,690006,constant,-176.12324162804452,366.24648325608905,389.84094945298267,True,0,2.8782150520854857,0.0358851363163186,0.4233392867582951,0.7275463578090954,0.134984935234198,0.1398570165552271,1.496568916943631,,,,,,-176.12324162804336,366.2464832560867,389.84094945298034
2026-06-07T21:55:55,69,7,690007,constant,-176.1232414459103,366.2464828918206,389.84094908871424,True,0,2.8775466251886326,0.0358952271359182,0.4233399757060895,0.7275102928571469,0.1349819138882435,0.1398722576441315,1.4960302360199993,,,,,,-176.1232414459153,366.2464828918306,389.8409490887242
2026-06-07T21:56:56,69,8,690008,constant,-176.1232414429495,366.246482885899,389.84094908279263,True,0,2.877592768804736,0.0358963684812176,0.4233443217260484,0.7274982038297555,0.1349767193342097,0.1398703234793582,1.49602596371456,,,,,,-176.12324144295013,366.24648288590026,389.8409490827939
2026-06-07T21:58:04,69,9,690009,constant,-176.12324147424152,366.24648294848305,389.84094914537667,True,0,2.877808636291111,0.0358924233783917,0.4233213599299566,0.7275501719379761,0.1349922160366918,0.1398688613407009,1.4962374533358176,,,,,,-176.12324147424476,366.24648294848953,389.8409491453832
2026-06-07T21:59:02,69,10,690010,constant,-176.1232414494253,366.2464828988506,389.84094909574424,True,0,2.877419627418784,0.0358947869176302,0.4233519291315633,0.7275008982863134,0.1349746425795905,0.1398730620850842,1.4960479810288514,,,,,,-176.12324144942713,366.2464828988543,389.8409490957479
2026-06-07T22:00:00,69,11,690011,constant,-176.12331394840368,366.24662789680735,389.841094093701,True,0,2.8723474121829704,0.0361491741436338,0.4238622646453402,0.7257855414241268,0.1345173681841827,0.1398721930500465,1.4842216844233904,,,,,,-176.12331394625858,366.2466278925172,389.8410940894108
2026-06-07T22:02:04,69,12,690012,constant,-176.12324153087945,366.2464830617589,389.84094925865253,True,0,2.8770105116239377,0.0358927467983006,0.4233574334833256,0.7274941353716536,0.1349861684142761,0.1398835587757803,1.4961524957868515,,,,,,-176.12324153087997,366.24648306175993,389.8409492586536
2026-06-07T22:03:26,69,13,690013,constant,-176.12325611760556,366.2465122352111,389.84097843210475,True,0,2.8775912231782192,0.0357716530254052,0.4233958930656714,0.7277690919746979,0.1350917533477634,0.1398796466868383,1.5016931013347652,,,,,,-176.123256115897,366.246512231794,389.8409784286876
2026-06-07T22:04:23,69,14,690014,constant,-176.12324315952867,366.24648631905734,389.84095251595096,True,0,2.878057892168697,0.035882265434421,0.4235017853086307,0.7271737176309444,0.1348777989026358,0.1398430004167624,1.496543974410518,,,,,,-176.12324315952787,366.24648631905575,389.84095251594937
2026-06-07T22:05:53,69,15,690015,constant,-176.12324144441806,366.2464828888361,389.84094908572973,True,0,2.87757262457193,0.0358951549791307,0.4233499548749678,0.7274989517224165,0.1349767147407371,0.1398699610632335,1.4960723623337695,,,,,,-176.12324144441976,366.2464828888395,389.84094908573314
2026-06-07T22:07:10,69,16,690016,constant,-176.12324146630937,366.24648293261873,389.84094912951235,True,0,2.8778796415581875,0.0358938423171152,0.4233305323674264,0.7275230739533391,0.1349862563227661,0.1398648415372553,1.496159144544394,,,,,,-176.12324146629533,366.24648293259065,389.8409491294843
2026-06-07T22:08:14,69,17,690017,constant,-176.12324145853196,366.24648291706393,389.84094911395755,True,0,2.877739668271724,0.0358949792022803,0.4233244324206535,0.7275402482626012,0.1349877495011321,0.1398688302281692,1.4961182032047875,,,,,,-176.12324145853177,366.24648291706353,389.8409491139572
2026-06-07T22:10:28,69,18,690018,constant,-176.12324147965077,366.24648295930155,389.84094915619517,True,0,2.8778077948717367,0.0358982532269484,0.4233321853862035,0.7274872863462257,0.1349713908021802,0.1398678023587593,1.4959534288907457,,,,,,-176.1232414796542,366.2464829593084,389.8409491562021
2026-06-07T22:11:48,69,19,690019,constant,-176.12324145098583,366.24648290197166,389.8409490988653,True,0,2.8773954053691786,0.035895125821798,0.4233555738612345,0.7274864058644757,0.1349778788468044,0.1398734896652685,1.4960459472657297,,,,,,-176.12324145098518,366.2464829019704,389.840949098864
2026-06-07T22:13:26,69,20,690020,constant,-176.12324146868195,366.2464829373639,389.8409491342575,True,0,2.8772497026668384,0.0358976516716227,0.4233458669435893,0.7274974802552107,0.1349851371952964,0.1398781714975924,1.4959305880045897,,,,,,-176.1232414686801,366.2464829373602,389.8409491342539
2026-06-07T22:15:18,69,21,690021,constant,-176.12324144473848,366.24648288947697,389.8409490863706,True,0,2.877567985154001,0.0358968070624078,0.4233360600982663,0.7275088227296637,0.1349845019632156,0.1398722998452931,1.4960155065760554,,,,,,-176.1232414447395,366.246482889479,389.84094908637263
2026-06-07T22:16:44,69,22,690022,constant,-176.1232419099821,366.2464838199642,389.84095001685785,True,0,2.878373736678345,0.0358832172029381,0.4233305509020591,0.7275055265264425,0.1350010203116457,0.1398590985995717,1.4968566560814944,,,,,,-176.12324190965012,366.2464838193002,389.84095001619386
2026-06-07T22:17:54,69,23,690023,constant,-176.12324413183518,366.24648826367036,389.840954460564,True,0,2.874559239125482,0.0359062054238687,0.4233960102557153,0.7272853803686293,0.1350635178541614,0.139937908341296,1.495503751913201,,,,,,-176.12324413268,366.24648826536,389.8409544622536
2026-06-07T22:21:10,69,24,690024,constant,-176.1235890805616,366.2471781611232,389.8416443580168,True,0,2.9016433021824746,0.036196528631425,0.4233564828610403,0.7261346082305099,0.1342468006845222,0.1392176724562211,1.479164234058323,,,,,,-176.1235890798973,366.2471781597946,389.8416443566882
2026-06-07T22:22:40,69,25,690025,constant,-176.1232415656179,366.2464831312358,389.8409493281294,True,0,2.8781856302569144,0.0358895918709577,0.4233170484880773,0.7275648756029742,0.1349849833694778,0.1398619177585299,1.4963945317166654,,,,,,-176.12324156676803,366.24648313353606,389.8409493304297
2026-06-07T22:24:28,69,26,690026,constant,-176.12324165536185,366.2464833107237,389.8409495076173,True,0,2.878529569742089,0.0359005770747584,0.4233033604950601,0.7275261390037038,0.1349748042645119,0.1398542410632147,1.4960278306875707,,,,,,-176.1232416553959,366.2464833107918,389.8409495076854
2026-06-07T22:25:35,69,27,690027,constant,-176.12324144409382,366.24648288818764,389.84094908508126,True,0,2.877508262081762,0.0358958579799158,0.4233501458371285,0.7274990117536386,0.1349786020337909,0.1398711122243585,1.4960040753006485,,,,,,-176.12324144409135,366.2464828881827,389.8409490850763
2026-06-07T22:27:38,69,28,690028,constant,-176.1232414562851,366.2464829125702,389.8409491094638,True,0,2.877619164910088,0.0358942647162115,0.4233614472964836,0.727487744837265,0.1349729315378827,0.1398669139449278,1.4960209345450095,,,,,,-176.12324145627716,366.2464829125543,389.84094910944793
2026-06-07T22:29:14,69,29,690029,constant,-176.12324147181627,366.24648294363254,389.84094914052616,True,0,2.8772607931964536,0.0358996277731859,0.4233465374556354,0.7274847885922079,0.1349753463134092,0.1398782589248778,1.4958696741585709,,,,,,-176.12324147181283,366.24648294362567,389.8409491405193
2026-06-07T22:30:39,69,30,690030,constant,-176.12324163695126,366.2464832739025,389.84094947079615,True,0,2.8782231262949844,0.0358866854093233,0.4233406324548494,0.7275227836623341,0.1349772738097625,0.139859184408755,1.4963873987528593,,,,,,-176.12324163792658,366.2464832758532,389.8409494727468
2026-06-07T22:33:08,69,31,690031,constant,-176.12324151538044,366.2464830307609,389.8409492276545,True,0,2.877832563160975,0.035900968498666,0.4233442468705287,0.727497959378453,0.1349822434547306,0.1398620189059159,1.4959455711016776,,,,,,-176.12324151538107,366.2464830307621,389.84094922765576
2026-06-07T22:34:53,69,32,690032,constant,-176.1232422717769,366.2464845435538,389.8409507404474,True,0,2.878757253854283,0.0358910116466284,0.4231890953027419,0.7277680740418192,0.1350177427249354,0.1398667465494372,1.496718806322878,,,,,,-176.12324227164805,366.2464845432961,389.8409507401897
2026-06-07T22:36:55,69,33,690033,constant,-176.1240564662825,366.248112932565,389.8425791294586,True,0,2.8456003591507573,0.0366176702509686,0.4257603582230659,0.7221487026966744,0.1331572809773171,0.1402197501558337,1.4559832972411066,,,,,,-176.12405646638476,366.2481129327695,389.8425791296632
2026-06-07T22:38:52,69,34,690034,constant,-176.1232456264824,366.2464912529648,389.8409574498584,True,0,2.878706797753301,0.0359616779191048,0.4233064983408309,0.7272749142567012,0.1348722599105742,0.1398396710278745,1.493759838940708,,,,,,-176.1232456270139,366.2464912540278,389.8409574509214
2026-06-07T22:39:54,69,35,690035,constant,-176.12324654754116,366.2464930950823,389.84095929197593,True,0,2.8786393204245635,0.0359374508163282,0.4232383057356135,0.7275308303125516,0.1348858283869538,0.1398549116233134,1.4934401110150364,,,,,,-176.12324654707754,366.2464930941551,389.8409592910487
2026-06-07T22:41:03,69,36,690036,constant,-176.12324145009748,366.24648290019496,389.8409490970886,True,0,2.8775761724724016,0.0358945053713476,0.423336179321487,0.7275255588568031,0.1349799466518411,0.1398720758466128,1.4961250539474535,,,,,,-176.1232414501052,366.2464829002104,389.840949097104
2026-06-07T22:42:38,69,37,690037,constant,-176.1232414477162,366.2464828954324,389.840949092326,True,0,2.8776590878711485,0.0358973961811689,0.4233453527300408,0.7274981951858257,0.1349711307803106,0.1398686604901312,1.4960047293816874,,,,,,-176.12324144771654,366.2464828954331,389.8409490923267
2026-06-07T22:44:43,69,38,690038,constant,-176.12324163318638,366.24648326637276,389.8409494632664,True,0,2.878440999662856,0.0358998030202367,0.4233305177154493,0.7275106366048869,0.1349645497627967,0.1398513774183027,1.4960117349119422,,,,,,-176.12324163319172,366.24648326638345,389.840949463277
2026-06-07T22:46:09,69,39,690039,constant,-176.12324180718704,366.2464836143741,389.8409498112677,True,0,2.876586231710356,0.0359091779437173,0.4233954632810181,0.7274021103330209,0.1349523177429313,0.1398859440209123,1.4952663768285488,,,,,,-176.1232418071863,366.2464836143726,389.8409498112662
2026-06-07T22:48:22,69,40,690040,constant,-176.12325711300684,366.2465142260137,389.8409804229073,True,0,2.8736821847587377,0.0358032054805871,0.4235437046009327,0.7273948634272154,0.1350370615399326,0.1399417466032296,1.5003713732718025,,,,,,-176.1232571129599,366.2465142259198,389.8409804228134
2026-06-07T21:48:02,70,1,700001,constant,-176.12329078645396,366.2465815729079,389.84104776980155,True,0,2.875681660652912,0.0361052874373616,0.4231680703621617,0.7272138674807622,0.1347500215109195,0.1399296058739675,1.4858154714382616,,,,,,-176.12329078611128,366.24658157222257,389.8410477691162
2026-06-07T21:49:33,70,2,700002,constant,-176.12324145590554,366.2464829118111,389.8409491087047,True,0,2.877644064311016,0.0358945582966085,0.4233592154160262,0.7274977637061223,0.1349682545565399,0.139866415738757,1.4960662178475637,,,,,,-176.12324145590554,366.2464829118111,389.8409491087047
2026-06-07T21:50:55,70,3,700003,constant,-176.12324146101972,366.24648292203943,389.84094911893305,True,0,2.8775948231799378,0.0359007315346771,0.4233386563691428,0.7274926141965304,0.1349801148273004,0.139870419345104,1.495840840886605,,,,,,-176.1232414610183,366.2464829220366,389.8409491189302
2026-06-07T21:52:05,70,4,700004,constant,-176.12324150381215,366.2464830076243,389.8409492045179,True,0,2.8772267381728933,0.0359012766064796,0.4233434688841983,0.7275051991054742,0.1349786181053126,0.1398779005561304,1.495736185876948,,,,,,-176.1232415038143,366.2464830076286,389.8409492045223
2026-06-07T21:53:49,70,5,700005,constant,-176.12346011951286,366.2469202390257,389.84138643591933,True,0,2.8485456736237498,0.0361315664354497,0.4244595644828873,0.7254761265882341,0.1344253601253379,0.1404084682821529,1.4814255481564549,,,,,,-176.12346011951283,366.24692023902566,389.8413864359193
2026-06-07T21:55:16,70,6,700006,constant,-176.1232927708561,366.2465855417122,389.8410517386058,True,0,2.8924558303091663,0.0358053481526105,0.422792408310342,0.7285171564031099,0.1351373201868746,0.1395976443644778,1.502190254912067,,,,,,-176.12329277097564,366.2465855419513,389.8410517388449
2026-06-07T21:56:35,70,7,700007,constant,-176.12324498241492,366.24648996482983,389.84095616172345,True,0,2.874006080861375,0.0358891608048693,0.4235932925179147,0.7270788634821875,0.1348677157403783,0.1399293013436751,1.4956267746296468,,,,,,-176.1232449848287,366.2464899696574,389.840956166551
2026-06-07T21:58:19,70,8,700008,constant,-176.12324164385365,366.2464832877073,389.8409494846009,True,0,2.87837663388854,0.0358880185422874,0.4233071811871965,0.7275537264278344,0.1349968907932122,0.1398589675484648,1.4965064073654242,,,,,,-176.1232416425025,366.246483285005,389.8409494818987
2026-06-07T21:59:51,70,9,700009,constant,-176.12324145936924,366.2464829187385,389.8409491156321,True,0,2.8773137424822486,0.0358951255636677,0.4233538462857608,0.7274969906116227,0.1349771713642792,0.1398764509486485,1.4960515056159849,,,,,,-176.12324145936634,366.2464829187327,389.8409491156263
2026-06-07T22:01:16,70,10,700010,constant,-176.12357812577304,366.2471562515461,389.8416224484397,True,0,2.9119939309841163,0.035551479328718,0.4220228055557133,0.7300837713977046,0.1356085353852784,0.1392636439930917,1.5165801868518929,,,,,,-176.1235781257733,366.2471562515466,389.8416224484402
2026-06-07T22:03:00,70,11,700011,constant,-176.1233061469727,366.2466122939454,389.84107849083904,True,0,2.88879172839005,0.0356959043406014,0.4228717631302503,0.7286089110136889,0.1352994744949494,0.1396871261969602,1.5072149881190426,,,,,,-176.12330614697163,366.24661229394326,389.8410784908369
2026-06-07T22:04:11,70,12,700012,constant,-176.12324144455187,366.24648288910373,389.84094908599735,True,0,2.8775926496687165,0.0358976852310903,0.4233439509482893,0.7274959029261047,0.1349778217194416,0.1398704866860017,1.4959790151607963,,,,,,-176.1232414445468,366.2464828890936,389.8409490859872
2026-06-07T22:07:02,70,13,700013,constant,-176.12324150412803,366.24648300825606,389.8409492051497,True,0,2.8777793225239665,0.0358911987700459,0.4233525446403704,0.7274969540203972,0.1349657112377546,0.1398629911039284,1.4962341372507393,,,,,,-176.12324150412314,366.2464830082463,389.8409492051399
2026-06-07T22:08:09,70,14,700014,constant,-176.12324165359317,366.24648330718634,389.84094950407996,True,0,2.8780138281936325,0.0359036311478406,0.4233676155383058,0.7274308629808851,0.134977567126203,0.1398558069192577,1.4956698690600143,,,,,,-176.12324165365962,366.2464833073192,389.84094950421286
2026-06-07T22:10:53,70,15,700015,constant,-176.12324181558623,366.24648363117245,389.8409498280661,True,0,2.8784316816912074,0.0359097636381533,0.4233009336691791,0.7275536897618778,0.134965278080907,0.13985495531467,1.4955511156425654,,,,,,-176.12324181559714,366.2464836311943,389.8409498280879
2026-06-07T22:14:25,70,16,700016,constant,-176.12324149290825,366.2464829858165,389.8409491827101,True,0,2.877926149275415,0.0358999236849513,0.4233296162936151,0.7275088386998092,0.1349748425483878,0.1398639854097439,1.4958588808502655,,,,,,-176.12324149291615,366.2464829858323,389.8409491827259
2026-06-07T22:16:30,70,17,700017,constant,-176.123244973172,366.246489946344,389.84095614323763,True,0,2.8791050982452995,0.0359493337956395,0.4232911662227355,0.727321769160718,0.1349561921418041,0.1398403742507383,1.4937921360361257,,,,,,-176.12324497308336,366.2464899461667,389.84095614306034
2026-06-07T22:18:02,70,18,700018,constant,-176.1232415360969,366.2464830721938,389.84094926908745,True,0,2.878184055823796,0.0358925516757137,0.4233415713446076,0.7275106147304231,0.1349808119819534,0.139856353571263,1.4961833426430229,,,,,,-176.12324153609703,366.24648307219405,389.8409492690877
2026-06-07T22:19:37,70,19,700019,constant,-176.12332172480535,366.2466434496107,389.8411096465043,True,0,2.8591803164915084,0.0359804882539838,0.4238796254319752,0.7263237564770961,0.1351456635494929,0.1402467233346931,1.490316173518104,,,,,,-176.1233217248021,366.2466434496042,389.8411096464978
2026-06-07T22:21:59,70,20,700020,constant,-176.12324159959385,366.2464831991877,389.8409493960813,True,0,2.8783693395248195,0.0359000140478875,0.4233225709209077,0.7274988679644262,0.1349799838757584,0.1398547121390678,1.4959783313055874,,,,,,-176.12324159953675,366.2464831990735,389.84094939596713
2026-06-07T22:23:33,70,21,700021,constant,-176.1232414759349,366.2464829518698,389.8409491487634,True,0,2.877249337364116,0.0358934485291822,0.4233585666075401,0.7274873092523308,0.1349774310963107,0.1398767961873381,1.4961274762333734,,,,,,-176.12324147593858,366.2464829518772,389.8409491487708
2026-06-07T22:24:50,70,22,700022,constant,-176.1232414668281,366.2464829336562,389.8409491305498,True,0,2.87725232179264,0.0358973797270337,0.4233534269676519,0.7274946965352689,0.1349730223479727,0.1398765709093264,1.4959286495750992,,,,,,-176.12324146682732,366.24648293365465,389.84094913054827
2026-06-07T22:26:11,70,23,700023,constant,-176.1232742695127,366.2465485390254,389.84101473591903,True,0,2.8745543327316483,0.0358196460114434,0.4232775142730091,0.7276637102551032,0.1348547287452317,0.1399638295650484,1.5017386886637265,,,,,,-176.12327426921223,366.24654853842446,389.8410147353181
2026-06-07T22:27:23,70,24,700024,constant,-176.12325696245196,366.2465139249039,389.84098012179754,True,0,2.8725800551122807,0.0359935756368407,0.4236768503352207,0.7265649794622449,0.1348051107393947,0.1399379333632706,1.4908833468817562,,,,,,-176.1232569623275,366.246513924655,389.8409801215486
2026-06-07T22:28:41,70,25,700025,constant,-176.1232447777267,366.2464895554534,389.84095575234704,True,0,2.87635396321859,0.0359160337727902,0.4234627718915189,0.7270378772090114,0.1348037252055424,0.1398937561232136,1.4948409774005835,,,,,,-176.12324477772688,366.24648955545376,389.8409557523474
2026-06-07T22:30:39,70,26,700026,constant,-176.12324156304715,366.2464831260943,389.8409493229879,True,0,2.8779855594339745,0.0358952469504202,0.4232790383561776,0.7276007329948282,0.135003514234041,0.1398721590440248,1.4962400697210374,,,,,,-176.12324156304706,366.2464831260941,389.8409493229877
2026-06-07T22:31:48,70,27,700027,constant,-176.123241451455,366.24648290291,389.8409490998036,True,0,2.8776587867197523,0.0358936431713373,0.4233411588260621,0.7275234827741347,0.1349786362764678,0.1398683393607339,1.4960850372284171,,,,,,-176.12324145145502,366.24648290291,389.84094909980365
2026-06-07T22:33:09,70,28,700028,constant,-176.1232415642686,366.2464831285372,389.8409493254308,True,0,2.877992111260097,0.0358890589693935,0.423323055420637,0.7275681180285505,0.1349952587384315,0.1398650054882657,1.496487626783646,,,,,,-176.12324156431382,366.2464831286276,389.8409493255213
2026-06-07T22:35:36,70,29,700029,constant,-176.12324145016123,366.24648290032246,389.8409490972161,True,0,2.8774222626220194,0.0358948598507243,0.4233501993031202,0.7275024682662338,0.1349760508277483,0.1398735730038967,1.4960776831102038,,,,,,-176.12324145016143,366.24648290032286,389.8409490972165
2026-06-07T22:37:54,70,30,700030,constant,-176.12324167193992,366.24648334387985,389.84094954077347,True,0,2.8783966494304383,0.0358879404385228,0.4233249658218238,0.7275430375844322,0.1349776354513539,0.1398542630731002,1.49656413130565,,,,,,-176.12324167194018,366.2464833438804,389.840949540774
2026-06-07T22:39:34,70,31,700031,constant,-176.12324148510993,366.24648297021986,389.8409491671135,True,0,2.8777681724954407,0.0358986099104132,0.4233105786560476,0.7275580437054775,0.1349940575465908,0.1398698476198749,1.4959555587306257,,,,,,-176.12324148510993,366.2464829702199,389.8409491671135
2026-06-07T22:41:30,70,32,700032,constant,-176.12324146739525,366.2464829347905,389.8409491316841,True,0,2.8772483388025165,0.0358979283966745,0.4233625362691503,0.7274723285862954,0.134971521506632,0.1398758286620631,1.495919639589041,,,,,,-176.1232414673948,366.2464829347896,389.8409491316832
2026-06-07T22:43:02,70,33,700033,constant,-176.12327448952513,366.24654897905026,389.8410151759439,True,0,2.8878700476875867,0.0357783058229646,0.4229588400244899,0.7283998949503768,0.135130086559144,0.139684326350087,1.5027203142702703,,,,,,-176.12327448964726,366.2465489792945,389.84101517618814
2026-06-07T22:44:09,70,34,700034,constant,-176.12324169126578,366.24648338253155,389.84094957942517,True,0,2.87676355025116,0.0359067987243808,0.4233836591678065,0.7274185126195327,0.1349568201745849,0.1398835141547514,1.4953926727565208,,,,,,-176.12324169126586,366.2464833825317,389.8409495794253
2026-06-07T22:45:24,70,35,700035,constant,-176.12324144533588,366.24648289067176,389.8409490875654,True,0,2.8775294126517275,0.0358950787857373,0.4233521924536587,0.7274896216040623,0.1349793217783296,0.1398705122555988,1.4960455885983708,,,,,,-176.12324144533983,366.24648289067966,389.8409490875733
2026-06-07T22:47:26,70,36,700036,constant,-176.12324152490362,366.24648304980724,389.84094924670086,True,0,2.8769738454603613,0.0358964487243326,0.4233793387143185,0.7274438644540099,0.1349681532924894,0.1398807846245462,1.4959349065309464,,,,,,-176.12324152490203,366.24648304980406,389.8409492466977
2026-06-07T22:48:36,70,37,700037,constant,-176.12324149406513,366.24648298813025,389.8409491850239,True,0,2.8773283609005587,0.0359027218543542,0.4233525953238753,0.7274704023446258,0.1349667281334177,0.1398758450579443,1.4957048677321805,,,,,,-176.1232414940649,366.2464829881298,389.8409491850234
2026-06-07T22:49:48,70,38,700038,constant,-176.12324147857345,366.2464829571469,389.8409491540405,True,0,2.8778938583222047,0.0358962155130124,0.4233276392662707,0.7275210106437031,0.1349890811316905,0.1398660704911118,1.49601249976261,,,,,,-176.1232414785709,366.2464829571418,389.8409491540354
2026-06-07T22:51:54,70,39,700039,constant,-176.1232414531582,366.2464829063164,389.84094910321,True,0,2.87778571897824,0.0358960189091668,0.4233402336084065,0.7275013387450011,0.1349784191148855,0.1398663891604148,1.49606452108085,,,,,,-176.1232414531733,366.2464829063466,389.8409491032402
2026-06-07T22:53:49,70,40,700040,constant,-176.1232438241546,366.2464876483092,389.8409538452028,True,0,2.880401813786282,0.0359202217398163,0.4232373057189105,0.7275581774068204,0.1349832051136923,0.1398136840794733,1.49520683601502,,,,,,-176.12324382415392,366.24648764830783,389.8409538452015
2026-06-07T21:49:10,71,1,710001,constant,-176.1232414507882,366.2464829015764,389.84094909847005,True,0,2.877501161978658,0.0358943127988026,0.4233440384976127,0.727499182527777,0.1349831227701594,0.1398730690292381,1.4961225852157836,,,,,,-176.1232414507894,366.2464829015788,389.8409490984725
2026-06-07T21:50:16,71,2,710002,constant,-176.1233100063065,366.246620012613,389.8410862095066,True,0,2.892298619775015,0.0360576680646982,0.4224922522081071,0.7280584645440584,0.135175409313591,0.1396105797298435,1.49178721925829,,,,,,-176.1233100095316,366.2466200190632,389.8410862159568
2026-06-07T21:51:22,71,3,710003,constant,-176.12324148399523,366.24648296799046,389.8409491648841,True,0,2.877696601375703,0.035901126947367,0.4233485239415532,0.7274780812472522,0.1349678927398829,0.1398661959146098,1.4957665813691956,,,,,,-176.12324148400157,366.2464829680032,389.8409491648968
2026-06-07T21:52:36,71,4,710004,constant,-176.1232725573598,366.2465451147196,389.8410113116132,True,0,2.885245062127883,0.0360198230666497,0.4229812724963213,0.7276639206563201,0.1350449347615563,0.1397130326971541,1.4909539307098256,,,,,,-176.1232725573597,366.2465451147194,389.841011311613
2026-06-07T21:54:01,71,5,710005,constant,-176.12324145401772,366.24648290803543,389.84094910492905,True,0,2.877590164100728,0.0359001109509117,0.4233396616001087,0.7274993464414355,0.1349760440223863,0.1398709234733365,1.4958889320675337,,,,,,-176.12324145402135,366.2464829080427,389.8409491049363
2026-06-07T21:55:20,71,6,710006,constant,-176.12324146080903,366.24648292161805,389.8409491185117,True,0,2.8776995322858063,0.035900072019732,0.4233378130343985,0.7275045504831089,0.1349730000887983,0.1398679954721819,1.4958810183139686,,,,,,-176.123241460804,366.246482921608,389.8409491185016
2026-06-07T21:58:14,71,7,710007,constant,-176.1278813314459,366.2557626628918,389.85022885978543,True,0,2.748831181398604,0.03552515307114,0.4262542510736187,0.7235105163466987,0.1376818507353887,0.1427216764617276,1.509598259690066,,,,,,-176.1278810979387,366.2557621958774,389.85022839277104
2026-06-07T21:59:48,71,8,710008,constant,-176.12363968310754,366.2472793662151,389.8417455631087,True,0,2.8778197815346127,0.0352662056402196,0.4245056311729821,0.7278157952009873,0.1352863610923086,0.1397609466113219,1.5241537919893533,,,,,,-176.12363968320105,366.2472793664021,389.8417455632957
2026-06-07T22:01:37,71,9,710009,constant,-176.12324145147414,366.2464829029483,389.8409490998419,True,0,2.87740003514182,0.0358968134070408,0.4233545251830791,0.7274805091258846,0.1349719484160104,0.1398740319682611,1.4959657744352175,,,,,,-176.12324145147448,366.24648290294897,389.8409490998426
2026-06-07T22:03:33,71,10,710010,constant,-176.12324149984562,366.24648299969124,389.84094919658486,True,0,2.878049559085063,0.0358985821557307,0.4233227511250625,0.7275231614023908,0.1349773114695065,0.1398623584416611,1.4959634058903792,,,,,,-176.1232414998458,366.2464829996916,389.8409491965852
2026-06-07T22:06:13,71,11,710011,constant,-176.12525613370497,366.25051226740993,389.84497846430355,True,0,2.784322649412274,0.035584993836171,0.4270466516467681,0.7246417513922017,0.1346393207860637,0.1416582695136607,1.4988723708385163,,,,,,-176.12525613370423,366.25051226740845,389.8449784643021
2026-06-07T22:09:19,71,12,710012,constant,-176.12324144989378,366.24648289978757,389.8409490966812,True,0,2.877571669753862,0.0358983740668774,0.4233484523935923,0.7274849300460654,0.1349682601398419,0.1398706835512043,1.4959538945134014,,,,,,-176.12324144988918,366.2464828997784,389.840949096672
2026-06-07T22:10:51,71,13,710013,constant,-176.12324146282796,366.2464829256559,389.84094912254955,True,0,2.8775563742114043,0.0358935457276973,0.4233492775294691,0.7274980984767159,0.1349795106320586,0.1398712204574244,1.496205717331619,,,,,,-176.12324146282765,366.2464829256553,389.8409491225489
2026-06-07T22:13:39,71,14,710014,constant,-176.12327400628465,366.2465480125693,389.8410142094629,True,0,2.8660666880633103,0.0359169796231495,0.4236136431051767,0.7273084796368002,0.1351539434775882,0.1401240035463064,1.494053760675902,,,,,,-176.12327400247867,366.2465480049573,389.84101420185095
2026-06-07T22:15:52,71,15,710015,constant,-176.12324214725055,366.2464842945011,389.8409504913947,True,0,2.8775855583139105,0.0359112094426745,0.423413638946625,0.7274397706635483,0.134927683723042,0.1398616355567322,1.4952392457604675,,,,,,-176.12324214723782,366.2464842944757,389.84095049136926
2026-06-07T22:19:33,71,16,710016,constant,-176.1232418224215,366.246483644843,389.84094984173663,True,0,2.878395323592108,0.0359109021506913,0.4232992294275852,0.7275047829510826,0.1349969425623434,0.1398541212783806,1.4954824619362082,,,,,,-176.12324182242034,366.2464836448407,389.8409498417343
2026-06-07T22:21:00,71,17,710017,constant,-176.12325017008698,366.24650034017395,389.8409665370676,True,0,2.8730102330786944,0.0359760875953531,0.423551110533794,0.7269736427108864,0.1348535232199615,0.1399599345617997,1.4927837821049197,,,,,,-176.12325016988152,366.24650033976303,389.8409665366567
2026-06-07T22:22:30,71,18,710018,constant,-176.1232414427784,366.2464828855568,389.84094908245044,True,0,2.877603860545117,0.0358959664380387,0.4233435926622654,0.7275002905377146,0.1349779555951121,0.1398702103668222,1.4960339021958795,,,,,,-176.12324144277875,366.2464828855575,389.8409490824511
2026-06-07T22:24:20,71,19,710019,constant,-176.1232414589105,366.246482917821,389.84094911471465,True,0,2.8776020422172217,0.0358919720504113,0.4233431695161382,0.7275239765478865,0.1349841579593501,0.1398705312336723,1.4962129178270425,,,,,,-176.1232414589104,366.2464829178208,389.8409491147144
2026-06-07T22:25:06,71,20,710020,constant,-176.12324147487493,366.24648294974986,389.8409491466435,True,0,2.877894027791227,0.0358942468966057,0.4233190234074203,0.7275429008621876,0.1349838057500759,0.1398671135749849,1.4961896498238303,,,,,,-176.1232414748711,366.2464829497421,389.84094914663575
2026-06-07T22:26:46,71,21,710021,constant,-176.1232415894798,366.2464831789596,389.8409493758532,True,0,2.8782634301864585,0.0358985424770292,0.4233258166989551,0.7275290338396029,0.1349807734941601,0.1398566166038841,1.49589635783829,,,,,,-176.12324158955687,366.24648317911374,389.84094937600736
2026-06-07T22:27:55,71,22,710022,constant,-176.12324144498467,366.24648288996934,389.84094908686296,True,0,2.87764995164102,0.0358970984623319,0.4233357013489924,0.7275119500484551,0.1349807756972419,0.1398700272618124,1.4960040701755666,,,,,,-176.12324144497836,366.2464828899567,389.8409490868504
2026-06-07T22:29:04,71,23,710023,constant,-176.12324833378975,366.2464966675795,389.8409628644731,True,0,2.88268202652982,0.0358821794319151,0.4232741093723325,0.7275596846928811,0.1350072492795503,0.1397560054145535,1.4961938981283154,,,,,,-176.1232483337581,366.2464966675162,389.84096286440985
2026-06-07T22:31:22,71,24,710024,constant,-176.12324533703924,366.2464906740785,389.8409568709721,True,0,2.8739765014323853,0.0359287551449773,0.4235587083912887,0.7270910441463208,0.134841392753967,0.1399272077963773,1.4940185640013892,,,,,,-176.12324531789216,366.2464906357843,389.84095683267793
2026-06-07T22:32:21,71,25,710025,constant,-176.12326370572106,366.2465274114421,389.84099360833574,True,0,2.8844532207077025,0.035772133438804,0.4233334791252403,0.7279529409179089,0.1349532231375244,0.1397121398622495,1.501913950516468,,,,,,-176.12326370241152,366.24652740482304,389.8409936017167
2026-06-07T22:34:18,71,26,710026,constant,-176.12325389908585,366.2465077981717,389.8409739950653,True,0,2.872564084561964,0.0359865005744929,0.4235535235646107,0.7269159247501118,0.1348115516824363,0.1399561492513965,1.4912429936429048,,,,,,-176.12325389601006,366.2465077920201,389.8409739889137
2026-06-07T22:35:18,71,27,710027,constant,-176.12324176105898,366.24648352211796,389.8409497190116,True,0,2.8784126400377685,0.0358908284339195,0.4232959871500022,0.727622006210253,0.134951301102598,0.1398592710154243,1.496390131671087,,,,,,-176.12324176105892,366.2464835221178,389.84094971901146
2026-06-07T22:36:39,71,28,710028,constant,-176.12324145131225,366.2464829026245,389.8409490995181,True,0,2.877595496827975,0.0358990872112717,0.423335606874945,0.7275049969043335,0.1349838680133687,0.1398707855874946,1.495919645770951,,,,,,-176.12324145131663,366.24648290263326,389.8409490995269
2026-06-07T22:37:37,71,29,710029,constant,-176.1232414586887,366.2464829173774,389.84094911427104,True,0,2.8777350303837737,0.0358992258115628,0.423335571976788,0.7275050377781276,0.1349783268133051,0.1398676286408518,1.4959001856249476,,,,,,-176.12324145868416,366.2464829173683,389.840949114262
2026-06-07T22:39:39,71,30,710030,constant,-176.1232414520146,366.2464829040292,389.84094910092284,True,0,2.877389819180736,0.035897362589716,0.4233556129290993,0.7274853352763986,0.1349730424673045,0.1398732616392984,1.4959235613469903,,,,,,-176.12324145201214,366.2464829040243,389.8409491009179
2026-06-07T22:41:05,71,31,710031,constant,-176.1232414444992,366.2464828889984,389.840949085892,True,0,2.877483421345253,0.0358967728968128,0.4233495281824115,0.7274923190452227,0.1349772327433482,0.1398719745037744,1.49598397931968,,,,,,-176.12324144449772,366.2464828889954,389.84094908588906
2026-06-07T22:42:25,71,32,710032,constant,-176.12325407053805,366.2465081410761,389.8409743379697,True,0,2.874240099963433,0.035927011792717,0.4238380696857002,0.7265860223778653,0.1344612981919851,0.1399023077741883,1.4941849900887425,,,,,,-176.1232540698188,366.2465081396376,389.8409743365313
2026-06-07T22:43:24,71,33,710033,constant,-176.1232875309774,366.2465750619548,389.8410412588484,True,0,2.8642878487436167,0.0359965210052181,0.4239253586497131,0.726503157370062,0.134644731632051,0.1401350754035091,1.4901120523106797,,,,,,-176.1232875295065,366.246575059013,389.84104125590665
2026-06-07T22:45:57,71,34,710034,constant,-176.12334121690515,366.2466824338103,389.8411486307039,True,0,2.857400417151067,0.0357887530026028,0.424178775731435,0.7266894587493491,0.1348688635017216,0.1402682369720509,1.4985147180521083,,,,,,-176.1233412089068,366.2466824178136,389.8411486147072
2026-06-07T22:47:18,71,35,710035,constant,-176.12345846136165,366.2469169227233,389.8413831196169,True,0,2.875926435883206,0.0354661239636913,0.4230225460119995,0.7297608213995169,0.1358512210078512,0.1399968463354037,1.517043227480807,,,,,,-176.1234584608369,366.2469169216738,389.8413831185674
2026-06-07T22:49:14,71,36,710036,constant,-176.12324150213118,366.24648300426236,389.840949201156,True,0,2.877789718557025,0.0358933585534887,0.4233087828664532,0.7275594967490655,0.1349896005620795,0.1398718681997416,1.4963023093004364,,,,,,-176.12324150212942,366.2464830042588,389.84094920115245
2026-06-07T22:50:25,71,37,710037,constant,-176.12326673472563,366.24653346945126,389.8409996663449,True,0,2.868278442378684,0.0359897729398557,0.4237231718100032,0.7267332314711696,0.1347893525657696,0.1400340951980416,1.490415463334049,,,,,,-176.12326673472427,366.2465334694485,389.84099966634216
2026-06-07T22:51:48,71,38,710038,constant,-176.123241502176,366.246483004352,389.8409492012456,True,0,2.8775270189470272,0.0358942590492379,0.4233696033958103,0.7274431495490639,0.134983819952548,0.1398670977043427,1.4960886132777382,,,,,,-176.12324150217552,366.24648300435103,389.8409492012447
2026-06-07T22:53:36,71,39,710039,constant,-176.1242386937509,366.2484773875018,389.8429435843954,True,0,2.857153654392676,0.0367836361580874,0.4255252999781928,0.7210117340334066,0.1321345799725318,0.1400211287530592,1.452639779993893,,,,,,-176.1242386930892,366.2484773861784,389.842943583072
2026-06-07T22:54:24,71,40,710040,constant,-176.12324144712326,366.2464828942465,389.84094909114015,True,0,2.8776263997807106,0.0358947840111992,0.4233508964169128,0.7275026875528575,0.1349780324636345,0.1398679988883923,1.4960759430641402,,,,,,-176.12324144712903,366.24648289425807,389.8409490911517
2026-06-07T21:49:38,72,1,720001,constant,-176.12340335240958,366.24680670481916,389.8412729017128,True,0,2.904046972285516,0.035722241905945,0.4222696928286802,0.7293617510268516,0.1353154680377667,0.1394012992816799,1.507022928564715,,,,,,-176.1234033523771,366.2468067047542,389.8412729016478
2026-06-07T21:52:07,72,2,720002,constant,-176.12324157676707,366.24648315353414,389.84094935042776,True,0,2.8781823713850905,0.035896775349229,0.4233512165088759,0.7274689333093706,0.1349811846291956,0.1398541101331838,1.4959556645034509,,,,,,-176.1232415766199,366.2464831532398,389.8409493501334
2026-06-07T21:54:02,72,3,720003,constant,-176.12324429371617,366.24648858743234,389.84095478432596,True,0,2.8742144446558764,0.0359118808882419,0.4234288189349725,0.7274661285139554,0.1349744577390207,0.1399363369850634,1.4948119363769727,,,,,,-176.1232442937108,366.2464885874216,389.8409547843152
2026-06-07T21:55:11,72,4,720004,constant,-176.1233792330945,366.246758466189,389.84122466308264,True,0,2.89439392208508,0.036147354736427,0.4218314048446148,0.7286988526080043,0.1351713053993079,0.1396719973609485,1.487682542489401,,,,,,-176.1233792286509,366.2467584573018,389.8412246541954
2026-06-07T21:58:57,72,5,720005,constant,-138.3019364918468,290.6038729836936,314.1983391805872,True,0,3.233383855985048,6.8206709469202345,0.6943797242096582,0.1989354540882798,0.3985612881167414,0.2718501709341482,0.0406321359416081,,,,,,-138.3019364933525,290.603872986705,314.19833918359865
2026-06-07T22:00:48,72,6,720006,constant,-176.12324149423242,366.24648298846483,389.84094918535845,True,0,2.87796154315613,0.0358946310970604,0.4233106713579164,0.7275576512389285,0.1349984162860992,0.1398668579803239,1.4962089941026957,,,,,,-176.12324149424182,366.2464829884837,389.84094918537727
2026-06-07T22:01:47,72,7,720007,constant,-176.12324285038824,366.2464857007765,389.8409518976701,True,0,2.8781066290443595,0.0359260980188632,0.4233532464127354,0.727404930264866,0.1349273347079853,0.1398487110594476,1.494429779963361,,,,,,-176.1232428505185,366.2464857010369,389.84095189793055
2026-06-07T22:03:38,72,8,720008,constant,-176.12324938062144,366.2464987612429,389.8409649581365,True,0,2.8832556953365547,0.035909587565234,0.4230294649720608,0.7279641654840262,0.1350622176504341,0.139765021145698,1.4967157253796388,,,,,,-176.1232493801156,366.2464987602312,389.8409649571248
2026-06-07T22:05:08,72,9,720009,constant,-176.12324146552552,366.24648293105105,389.84094912794467,True,0,2.877868818074488,0.0358953720943879,0.4233298393319735,0.7275261827122294,0.1349912382732871,0.1398647071566574,1.4960726308486707,,,,,,-176.123241465523,366.246482931046,389.8409491279396
2026-06-07T22:06:15,72,10,720010,constant,-176.12432995318147,366.24865990636295,389.84312610325657,True,0,2.808276753910607,0.0358219996207546,0.4255245764458055,0.7260016484274673,0.1343386213107169,0.1412236478203431,1.491774016671549,,,,,,-176.1243299527953,366.2486599055906,389.8431261024842
2026-06-07T22:07:17,72,11,720011,constant,-176.12324145410773,366.24648290821546,389.8409491051091,True,0,2.877480134768374,0.0358946924077813,0.4233561256126511,0.7274875822509232,0.1349648415289653,0.1398711738786127,1.496035461361643,,,,,,-176.12324145410787,366.2464829082157,389.84094910510936
2026-06-07T22:10:27,72,12,720012,constant,-176.12324226090982,366.24648452181964,389.84095071871326,True,0,2.87806848085058,0.0358892485249246,0.4233965996897897,0.7273951829442977,0.1349020913830567,0.1398554870397848,1.4957481362915623,,,,,,-176.12324226114802,366.246484522296,389.84095071918966
2026-06-07T22:13:41,72,13,720013,constant,-176.12324150609658,366.24648301219315,389.8409492090868,True,0,2.8777631555718184,0.0358884876063992,0.4233339338161935,0.7275412485793581,0.134989977742791,0.1398680192666545,1.496410060452372,,,,,,-176.1232415061054,366.2464830122108,389.8409492091044
2026-06-07T22:15:10,72,14,720014,constant,-176.12326648719903,366.24653297439806,389.8409991712917,True,0,2.886009049223462,0.0358122234567268,0.4229100908586721,0.7283134061171824,0.1351719261966849,0.1397427720719982,1.5020932333426595,,,,,,-176.1232664872815,366.246532974563,389.84099917145664
2026-06-07T22:16:46,72,15,720015,constant,-176.12324146242108,366.24648292484216,389.8409491217358,True,0,2.8778105923057207,0.0358966100437429,0.4233230970406576,0.7275367459750149,0.1349841448785196,0.1398687530653801,1.4960962270050016,,,,,,-176.12324146242153,366.2464829248431,389.8409491217367
2026-06-07T22:18:34,72,16,720016,constant,-176.12324146716415,366.2464829343283,389.8409491312219,True,0,2.87772253654882,0.035899471492582,0.4233486994340757,0.7274848848110552,0.1349657687145666,0.1398662048415437,1.495864368658994,,,,,,-176.12324146716037,366.2464829343208,389.8409491312144
2026-06-07T22:21:00,72,17,720017,constant,-176.12324165373673,366.24648330747345,389.8409495043671,True,0,2.878126288548781,0.0358872478311127,0.4233305883726845,0.7275675633914808,0.1349928515847513,0.1398590922078655,1.4966133266884705,,,,,,-176.12324165385337,366.24648330770674,389.8409495046004
2026-06-07T22:23:02,72,18,720018,constant,-176.12324146875926,366.2464829375185,389.84094913441214,True,0,2.87733978637878,0.0358954555626708,0.4233375450345866,0.7275085787395822,0.1349875401738813,0.1398788918414246,1.4960947889871885,,,,,,-176.12324146875915,366.2464829375183,389.8409491344119
2026-06-07T22:24:30,72,19,720019,constant,-176.1232417098344,366.2464834196688,389.8409496165624,True,0,2.878273565501465,0.0359015583596658,0.4233185108814358,0.7275501547882403,0.1349578272124329,0.1398587220345742,1.4961949212877863,,,,,,-176.12324170994287,366.24648341988575,389.84094961677937
2026-06-07T22:26:48,72,20,720020,constant,-135.587803983345,285.17560796669,308.7700741635836,True,0,9.99999999929394,9.99802150565462,0.4994170238954581,0.7040909824065021,0.0681804383123932,0.0758537344052228,0.009239014751266,,,,,,-135.58780398334812,285.17560796669625,308.77007416358987
2026-06-07T22:28:52,72,21,720021,constant,-176.12324200279693,366.24648400559386,389.8409502024875,True,0,2.8783131594994043,0.035887532892781,0.4233693753718565,0.7274739820463011,0.1348995562604274,0.139850979729279,1.4965667742234483,,,,,,-176.1232420027934,366.2464840055868,389.8409502024804
2026-06-07T22:30:48,72,22,720022,constant,-176.12324144489105,366.2464828897821,389.8409490866757,True,0,2.877563498314877,0.0358951456633404,0.4233438610921261,0.7275027327485799,0.1349846443761598,0.1398704961409268,1.4960401756830015,,,,,,-176.12324144489628,366.24648288979256,389.8409490866862
2026-06-07T22:32:38,72,23,720023,constant,-176.12324145120988,366.24648290241976,389.8409490993134,True,0,2.877390617480572,0.0358951804605227,0.4233527493377876,0.7274901908116713,0.1349741870106992,0.1398743479321179,1.4960435927599067,,,,,,-176.123241451213,366.246482902426,389.8409490993196
2026-06-07T22:33:38,72,24,720024,constant,-176.12326215867614,366.2465243173523,389.8409905142459,True,0,2.868367388138036,0.0358515023827364,0.4236410707055447,0.7273545006972901,0.1349603562238624,0.1400615347949456,1.4971674784638929,,,,,,-176.1232621584635,366.246524316927,389.8409905138206
2026-06-07T22:34:39,72,25,720025,constant,-176.1233644752927,366.2467289505854,389.841195147479,True,0,2.872286103409797,0.0359298320899135,0.4222829437465116,0.730414908225645,0.1350305484076734,0.1401358689363057,1.4942989512665406,,,,,,-176.12336447369808,366.24672894739615,389.84119514428977
2026-06-07T22:35:47,72,26,720026,constant,-176.1232414428782,366.2464828857564,389.84094908265,True,0,2.8775595347448686,0.0358961689952836,0.42334347202259,0.7275021407312087,0.1349765041526568,0.1398713276668409,1.4960347004890306,,,,,,-176.12324144287646,366.2464828857529,389.84094908264655
2026-06-07T22:37:00,72,27,720027,constant,-176.12324145638814,366.2464829127763,389.8409491096699,True,0,2.877493654450933,0.0358925589344901,0.4233479598731788,0.7275108377462182,0.1349789446914126,0.1398728901217641,1.4961795521965235,,,,,,-176.1232414563861,366.2464829127722,389.8409491096658
2026-06-07T22:38:31,72,28,720028,constant,-176.12324148811405,366.2464829762281,389.8409491731217,True,0,2.8771452324690343,0.0358989431237596,0.4233630332001125,0.7274620001344119,0.1349666788165004,0.1398790814587169,1.4958904596891205,,,,,,-176.12324148811174,366.2464829762235,389.8409491731171
2026-06-07T22:40:49,72,29,720029,constant,-176.12324147472987,366.24648294945973,389.84094914635335,True,0,2.8779401610874014,0.0358948150391487,0.4233220693622409,0.7275284942399483,0.134990796457256,0.1398652505842758,1.496151791022373,,,,,,-176.12324147472674,366.2464829494535,389.8409491463471
2026-06-07T22:42:43,72,30,720030,constant,-176.1232414449095,366.246482889819,389.8409490867126,True,0,2.877613943769123,0.0358971091945963,0.42334270746516,0.7275005788886513,0.1349738887545082,0.1398699267449776,1.4959790800531922,,,,,,-176.1232414449105,366.246482889821,389.8409490867146
2026-06-07T22:43:36,72,31,720031,constant,-176.12324538338038,366.24649076676076,389.8409569636544,True,0,2.873719310039366,0.035898359803813,0.4233511331834358,0.7275291697308195,0.1349582534354886,0.1399712419919451,1.4959104058526602,,,,,,-176.1232453833678,366.2464907667356,389.8409569636292
2026-06-07T22:45:03,72,32,720032,constant,-176.12328175616548,366.24656351233097,389.8410297092246,True,0,2.8900543428812817,0.0357871219335334,0.4229793548623792,0.7281717409648685,0.1351233842848096,0.1396237286092336,1.502296454702598,,,,,,-176.12328175616557,366.2465635123312,389.8410297092248
2026-06-07T22:47:41,72,33,720033,constant,-176.13416831535062,366.26833663070124,389.86280282759486,True,0,3.1159156155385426,0.0352596743157108,0.4163728593145932,0.7398955440573853,0.138210466060902,0.1352627671489118,1.5433561340921824,,,,,,-176.13416831535034,366.2683366307007,389.8628028275943
2026-06-07T22:48:46,72,34,720034,constant,-176.1232414497593,366.2464828995186,389.8409490964122,True,0,2.877492044086821,0.0358952596200389,0.4233386666719577,0.7275211209237378,0.1349849775417356,0.1398731102458918,1.4960797582953804,,,,,,-176.12324144975685,366.2464828995137,389.8409490964073
2026-06-07T22:50:28,72,35,720035,constant,-176.1232420586752,366.2464841173504,389.840950314244,True,0,2.878435579520006,0.0358748400403165,0.4232938832581695,0.7276560974677879,0.1350062520449294,0.1398588152320279,1.4971533302170017,,,,,,-176.1232420586635,366.246484117327,389.8409503142206
2026-06-07T22:51:49,72,36,720036,constant,-176.12324145441875,366.2464829088375,389.8409491057311,True,0,2.87759787998504,0.0358924871105993,0.423346954516303,0.727511273657559,0.1349806541652563,0.1398701082978114,1.4961919832821584,,,,,,-176.12324145442258,366.2464829088452,389.8409491057388
2026-06-07T22:52:59,72,37,720037,constant,-176.12324145943046,366.2464829188609,389.84094911575454,True,0,2.87754502958176,0.0358919911512565,0.4233414613582765,0.7275184137728921,0.134986574586269,0.1398726136009633,1.496207828661536,,,,,,-176.12324145942674,366.2464829188535,389.8409491157471
2026-06-07T22:54:14,72,38,720038,constant,-176.1232430368218,366.2464860736436,389.84095227053723,True,0,2.878314637686165,0.0358583714471456,0.4232727565063417,0.7277451950107132,0.135052447371166,0.1398663830037898,1.4979003224321898,,,,,,-176.12324303682203,366.24648607364406,389.8409522705377
2026-06-07T22:55:59,72,39,720039,constant,-176.12324147085394,366.2464829417079,389.8409491386015,True,0,2.877930873923388,0.0358947718571808,0.4233292837106867,0.7275320435885259,0.1349833402897685,0.1398640486613359,1.4961048931504286,,,,,,-176.12324147084666,366.2464829416933,389.84094913858695
2026-06-07T22:57:08,72,40,720040,constant,-176.12324144479487,366.24648288958974,389.84094908648336,True,0,2.8776152590796205,0.0358943018257179,0.4233431567869505,0.7275088321261446,0.1349801967009901,0.1398700646871991,1.4961012412019976,,,,,,-176.1232414448052,366.2464828896104,389.840949086504
2026-06-07T21:50:35,73,1,730001,constant,-176.1232571844558,366.2465143689116,389.84098056580524,True,0,2.8706381084155064,0.0358621132191347,0.4235928732645018,0.7273410572771646,0.1349010865598464,0.1400057906982621,1.4945537229752854,,,,,,-176.12325718443964,366.2465143688793,389.8409805657729
2026-06-07T21:51:29,73,2,730002,constant,-176.12324407294017,366.24648814588033,389.84095434277395,True,0,2.8782506574627664,0.035939717432951,0.4231840216570086,0.7277313542779148,0.1349924772749193,0.1398691861406642,1.4943464088236025,,,,,,-176.12324407295725,366.2464881459145,389.8409543428081
2026-06-07T21:52:49,73,3,730003,constant,-176.1232414626503,366.2464829253006,389.8409491221942,True,0,2.877287810640702,0.0358964822028189,0.4233550891321618,0.7274942874324394,0.1349743088456521,0.1398755722806508,1.4959260176915103,,,,,,-176.1232414626503,366.2464829253006,389.8409491221942
2026-06-07T21:54:06,73,4,730004,constant,-176.12917053276345,366.2583410655269,389.8528072624205,True,0,2.727613454353543,0.0369805214030658,0.4304001760382034,0.7146995258119683,0.1326089493242132,0.1425090409269184,1.425234100711677,,,,,,-176.12917052752977,366.25834105505953,389.8528072519532
2026-06-07T21:55:55,73,5,730005,constant,-176.12324147145233,366.24648294290466,389.8409491397983,True,0,2.877623561366032,0.035890561692627,0.4233458013739295,0.7275354358526002,0.1349869630238586,0.1398688070661589,1.4962124030655006,,,,,,-176.1232414714515,366.246482942903,389.84094913979663
2026-06-07T21:57:27,73,6,730006,constant,-176.12325002250697,366.24650004501393,389.84096624190755,True,0,2.874148151727473,0.0358397921060199,0.4235661105198512,0.7272472308547667,0.1349065718434243,0.13993804973632,1.4987441308437768,,,,,,-176.12325002135674,366.2465000427135,389.8409662396071
2026-06-07T21:59:20,73,7,730007,constant,-176.12324144689575,366.2464828937915,389.8409490906851,True,0,2.8774936834714486,0.0358943367795531,0.4233444048782195,0.7275049644251306,0.1349806500540152,0.1398727639376609,1.4960890977651613,,,,,,-176.1232414468942,366.2464828937884,389.8409490906821
2026-06-07T22:00:25,73,8,730008,constant,-176.1232492480318,366.2464984960636,389.84096469295724,True,0,2.8717742202976893,0.0359108362823032,0.4237047741255002,0.7269526167177951,0.1348030864020939,0.1399615126320434,1.4944374550549544,,,,,,-176.12324924767344,366.2464984953469,389.8409646922405
2026-06-07T22:02:06,73,9,730009,constant,-176.12337989849394,366.2467597969879,389.8412259938815,True,0,2.8525763361927337,0.0358882399633904,0.4238526349235806,0.7271416469695852,0.1349262617430134,0.1404258722662503,1.4942140758885372,,,,,,-176.1233798972604,366.2467597945208,389.8412259914144
2026-06-07T22:03:50,73,10,730010,constant,-176.1232414512458,366.2464829024916,389.8409490993852,True,0,2.8776328627457737,0.0358938407645471,0.4233447336108605,0.7275061051549827,0.1349886203818143,0.1398686455218942,1.496124940243266,,,,,,-176.12324145124654,366.2464829024931,389.8409490993867
2026-06-07T22:05:41,73,11,730011,constant,-176.12324183437403,366.24648366874806,389.8409498656417,True,0,2.8779789126038566,0.0358799900178782,0.4233724406250627,0.7275449448766537,0.1349796384525414,0.1398592307828322,1.4963497992364394,,,,,,-176.12324183437605,366.2464836687521,389.8409498656457
2026-06-07T22:07:00,73,12,730012,constant,-176.1233084765828,366.2466169531656,389.8410831500592,True,0,2.895272993640136,0.0358717738026959,0.4227022742518105,0.7279871925518104,0.1352407173284486,0.1395470747841914,1.499610327651128,,,,,,-176.12330847619157,366.2466169523832,389.8410831492768
2026-06-07T22:09:05,73,13,730013,constant,-176.12324171840186,366.2464834368037,389.84094963369733,True,0,2.8775564815789605,0.0358825848160034,0.4233904685282255,0.727494763606718,0.1350076674530437,0.1398652066256811,1.4964547388576004,,,,,,-176.12324171837818,366.2464834367564,389.84094963365
2026-06-07T22:10:46,73,14,730014,constant,-176.12324152393748,366.24648304787496,389.8409492447686,True,0,2.8774690702572334,0.0359058072303259,0.4233471122128633,0.7274541642108897,0.1349611092416529,0.1398732075812111,1.4956390624998417,,,,,,-176.12324152393742,366.2464830478749,389.84094924476847
2026-06-07T22:12:22,73,15,730015,constant,-176.12324156477547,366.24648312955094,389.84094932644456,True,0,2.877464681411017,0.035885086453235,0.4233459551849114,0.7275384839540253,0.1350000061416845,0.1398747994195955,1.4964950150133334,,,,,,-176.12324156478022,366.2464831295604,389.8409493264541
2026-06-07T22:13:41,73,16,730016,constant,-176.12324391495142,366.24648782990283,389.84095402679645,True,0,2.8764708515587736,0.0359424238875769,0.423428513120364,0.7272106784511246,0.1348939613227061,0.1398818815046072,1.4936860223384292,,,,,,-176.12324391495608,366.24648782991216,389.8409540268058
2026-06-07T22:15:15,73,17,730017,constant,-176.12324155668563,366.24648311337126,389.8409493102649,True,0,2.8776397034854804,0.0358871235485857,0.4233229289354906,0.7275662026866705,0.1350064865638707,0.139872840038274,1.4965066941447922,,,,,,-176.12324155668057,366.24648311336114,389.8409493102548
2026-06-07T22:16:39,73,18,730018,constant,-176.12324144958967,366.24648289917934,389.84094909607296,True,0,2.87741284450234,0.0358956175869073,0.4233448056696006,0.7275020662077741,0.1349844663124139,0.1398745810497105,1.496041562891043,,,,,,-176.1232414495916,366.2464828991832,389.8409490960768
2026-06-07T22:18:13,73,19,730019,constant,-176.1232414467929,366.2464828935858,389.8409490904794,True,0,2.877653135512092,0.035896395035976,0.4233407404417814,0.7275102613390936,0.1349784892170594,0.1398689600815993,1.495983135130924,,,,,,-176.12324144678803,366.24648289357606,389.8409490904697
2026-06-07T22:19:50,73,20,730020,constant,-176.12324146954376,366.2464829390875,389.84094913598113,True,0,2.877452847990987,0.035901819267847,0.4233405206629858,0.7274899029791085,0.1349833684686605,0.1398743666281547,1.4958500553870258,,,,,,-176.12324146954052,366.246482939081,389.84094913597465
2026-06-07T22:21:32,73,21,730021,constant,-176.12324145804217,366.24648291608435,389.84094911297797,True,0,2.877377589995456,0.0358979779707812,0.4233425684635734,0.7274895842958131,0.1349811220071061,0.1398754356692036,1.4959346573055865,,,,,,-176.12324145804442,366.2464829160888,389.84094911298246
2026-06-07T22:22:36,73,22,730022,constant,-176.12324662281395,366.2464932456279,389.8409594425215,True,0,2.873162888413094,0.0359335106541632,0.4235421475992449,0.7271742557857761,0.134894760832767,0.1399435631084487,1.4936916512430507,,,,,,-176.12324662280986,366.2464932456197,389.8409594425133
2026-06-07T22:24:05,73,23,730023,constant,-176.1232417396309,366.2464834792618,389.84094967615545,True,0,2.878592798313294,0.0359045599190764,0.4232737672458947,0.7275706784711621,0.1349843904133377,0.1398579554322794,1.4959200942173294,,,,,,-176.123241739631,366.246483479262,389.8409496761556
2026-06-07T22:26:11,73,24,730024,constant,-176.12324149935205,366.2464829987041,389.8409491955977,True,0,2.8779022558870526,0.035899474095765,0.4233370902526584,0.727519671769016,0.1349819233257196,0.1398617965831558,1.4959793673827917,,,,,,-176.1232414993818,366.2464829987636,389.8409491956572
2026-06-07T22:27:28,73,25,730025,constant,-176.12324174906672,366.24648349813344,389.84094969502706,True,0,2.8784279157640245,0.0359042906572463,0.4233203787477071,0.7274893185141724,0.135008846633344,0.1398507806028124,1.4959255380081893,,,,,,-176.12324174905677,366.2464834981136,389.8409496950072
2026-06-07T22:29:02,73,26,730026,constant,-151.48801978789947,316.97603957579895,340.57050577269257,True,0,3.039522175594312,8.79838257755181,0.7469113583465273,0.0664598257407868,0.2704810068404559,0.032526314262431,0.2357997047762391,,,,,,-151.48801978801697,316.97603957603394,340.5705057729276
2026-06-07T22:30:19,73,27,730027,constant,-176.12324200950087,366.24648401900174,389.84095021589536,True,0,2.878355662528787,0.0359170198601287,0.4232930741288914,0.7274920017181229,0.1349643598026757,0.1398542390152682,1.4953080880824028,,,,,,-176.12324200910177,366.2464840182036,389.8409502150972
2026-06-07T22:31:31,73,28,730028,constant,-176.12324176910693,366.24648353821385,389.8409497351075,True,0,2.8782767604259645,0.0358947425665772,0.4233162404814996,0.7275707854551628,0.1350379104579781,0.1398507047902976,1.4960324126321063,,,,,,-176.12324176910715,366.2464835382143,389.8409497351079
2026-06-07T22:33:21,73,29,730029,constant,-176.1232414764072,366.2464829528144,389.840949149708,True,0,2.877176348945307,0.0358966759556223,0.4233662798378652,0.7274694785534916,0.1349733192917964,0.1398772064591978,1.4959535681938707,,,,,,-176.1232414764077,366.2464829528154,389.84094914970905
2026-06-07T22:34:28,73,30,730030,constant,-176.12324145359474,366.2464829071895,389.8409491040831,True,0,2.8777350344263097,0.0358940063976691,0.4233392491300632,0.7275146239227208,0.1349739124232483,0.1398674329599173,1.4961001465830728,,,,,,-176.12324145359446,366.2464829071889,389.84094910408254
2026-06-07T22:35:42,73,31,730031,constant,-176.1232414538042,366.2464829076084,389.84094910450204,True,0,2.877607459018648,0.0358987396932497,0.4233422185627282,0.727508642724641,0.1349756924510971,0.1398697390806468,1.4958995546391685,,,,,,-176.12324145380293,366.24648290760587,389.8409491044995
2026-06-07T22:36:35,73,32,730032,constant,-176.1233863551082,366.2467727102164,389.84123890711004,True,0,2.8531484668263154,0.0360484332241235,0.4243496842851975,0.7259621083179417,0.1345592086474375,0.1403003449527961,1.4851274091354814,,,,,,-176.12338635510818,366.2467727102164,389.84123890711
2026-06-07T22:38:04,73,33,730033,constant,-176.12324167972025,366.2464833594405,389.8409495563341,True,0,2.8785977617492238,0.0358930974966158,0.4232857804559448,0.7275844109184771,0.1350100070668852,0.1398535252411814,1.496277158462017,,,,,,-176.12324167974225,366.2464833594845,389.8409495563781
2026-06-07T22:39:15,73,34,730034,constant,-176.1232459188761,366.2464918377522,389.84095803464584,True,0,2.874911179543752,0.0359005948796988,0.4231912725410778,0.7278733911267801,0.1351654273316714,0.1399504311474048,1.4956713082488362,,,,,,-176.12324591887602,366.2464918377521,389.84095803464567
2026-06-07T22:41:09,73,35,730035,constant,-176.12326496370645,366.2465299274129,389.8409961243065,True,0,2.868006174753192,0.0359655581326954,0.4238260166723225,0.7265939446538225,0.1347767352769094,0.140029525561609,1.4914281428712284,,,,,,-176.12326496370537,366.24652992741073,389.8409961243044
2026-06-07T22:42:21,73,36,730036,constant,-176.1232415969209,366.2464831938418,389.84094939073543,True,0,2.877942083752011,0.0358873522740666,0.4233083196548891,0.7275964837307869,0.1350050284874207,0.139868045087691,1.4965619937580823,,,,,,-176.12324159689587,366.2464831937917,389.84094939068535
2026-06-07T22:44:32,73,37,730037,constant,-176.12324144772478,366.24648289544956,389.8409490923432,True,0,2.877586013361386,0.0358954126355564,0.4233351815986566,0.7275159947108015,0.1349776008338899,0.1398721673169927,1.496084232741412,,,,,,-176.12324144772435,366.2464828954487,389.8409490923423
2026-06-07T22:45:35,73,38,730038,constant,-176.12324146743708,366.24648293487417,389.8409491317678,True,0,2.877478182549672,0.0358984319079421,0.4233339378550383,0.7275073614364671,0.1349961439049551,0.1398734921064337,1.495889009230827,,,,,,-176.12324146743742,366.2464829348749,389.84094913176847
2026-06-07T22:47:49,73,39,730039,constant,-176.12399274975942,366.24798549951885,389.84245169641247,True,0,2.878797234101891,0.0367572763874037,0.4228447313920498,0.725753092867534,0.134402265291328,0.1398012152491692,1.45632892121955,,,,,,-176.1239927497558,366.2479854995116,389.8424516964053
2026-06-07T22:50:55,73,40,730040,constant,-176.12324149717892,366.24648299435785,389.84094919125147,True,0,2.877874112661061,0.0358910350303801,0.4233254579221238,0.7275408633963185,0.1349886859685267,0.1398667952075853,1.4963526661672812,,,,,,-176.12324149718597,366.246482994372,389.8409491912656
2026-06-07T21:50:02,74,1,740001,constant,-176.12324155003992,366.24648310007984,389.84094929697346,True,0,2.877974691562348,0.0358910917339448,0.4233629403649489,0.7274792432269833,0.1349643650886799,0.1398613483245032,1.4962660722035317,,,,,,-176.12324155008645,366.2464831001729,389.8409492970665
2026-06-07T21:51:18,74,2,740002,constant,-176.1232414683658,366.2464829367316,389.8409491336252,True,0,2.8777008936488517,0.0358929823150734,0.4233532771927436,0.7274837034555842,0.1349768600506591,0.1398659090901808,1.4960500935404843,,,,,,-176.1232414683703,366.2464829367406,389.84094913363424
2026-06-07T21:52:45,74,3,740003,constant,-176.1232501851052,366.2465003702104,389.84096656710403,True,0,2.8723240515324147,0.0359392570735441,0.4236893837094803,0.7268118266002556,0.1347963160510702,0.1399499479908762,1.4930324494095897,,,,,,-176.12325018510134,366.2465003702027,389.8409665670963
2026-06-07T21:54:23,74,4,740004,constant,-176.1232414644118,366.2464829288236,389.8409491257172,True,0,2.8777426728083886,0.0358941697333174,0.4233400505974031,0.7275210519850135,0.1349763498766003,0.1398679324864391,1.4961993563532625,,,,,,-176.12324146441185,366.2464829288237,389.8409491257173
2026-06-07T21:55:18,74,5,740005,constant,-176.12324152976686,366.2464830595337,389.84094925642734,True,0,2.877936138276131,0.0359021632410328,0.423332535543668,0.7275293687550509,0.1349726495334106,0.1398626633676921,1.4958213238821507,,,,,,-176.1232415298076,366.2464830596152,389.8409492565089
2026-06-07T21:57:04,74,6,740006,constant,-176.12324146096563,366.24648292193126,389.8409491188249,True,0,2.877273277363747,0.0358963750860732,0.4233591907188268,0.7274846679044766,0.1349735432391161,0.1398756143349957,1.4959633980017886,,,,,,-176.12324146096552,366.24648292193103,389.8409491188247
2026-06-07T21:58:12,74,7,740007,constant,-176.12324149033668,366.24648298067336,389.840949177567,True,0,2.8779679892879835,0.0358939998268282,0.4233208820639726,0.7275462726760415,0.1349954409521472,0.1398632729194925,1.4960914266597771,,,,,,-176.12324149038523,366.2464829807705,389.8409491776641
2026-06-07T22:00:16,74,8,740008,constant,-176.13313480169256,366.2662696033851,389.86073580027875,True,0,2.683828566336332,0.034951490137406,0.4298686103999127,0.7236236569755052,0.1369810518721672,0.1438966031788378,1.5152769159250667,,,,,,-176.13313480170115,366.2662696034023,389.8607358002959
2026-06-07T22:01:27,74,9,740009,constant,-176.12324145234652,366.24648290469304,389.84094910158666,True,0,2.8773717879204845,0.0358950742974928,0.423349134312759,0.7275049671433613,0.1349792198117343,0.1398749670969127,1.4960267267572598,,,,,,-176.12324145234504,366.2464829046901,389.8409491015837
2026-06-07T22:03:28,74,10,740010,constant,-176.12326550713038,366.24653101426077,389.8409972111544,True,0,2.8828306564304675,0.036011227179072,0.4230750992813458,0.7277797491306445,0.1349380901928196,0.1397534059628507,1.4909302008530343,,,,,,-176.1232655082171,366.2465310164342,389.8409972133278
2026-06-07T22:05:10,74,11,740011,constant,-176.12324145560422,366.24648291120843,389.84094910810205,True,0,2.877692978335333,0.0358964213438989,0.423328704115725,0.7275162531575194,0.1349785486768579,0.1398699186875572,1.4960764676623075,,,,,,-176.12324145560524,366.2464829112105,389.8409491081041
2026-06-07T22:06:27,74,12,740012,constant,-176.12324145454784,366.2464829090957,389.8409491059893,True,0,2.877560973897745,0.0358996040112311,0.4233394915300635,0.727498546084903,0.1349779152368299,0.1398711139061188,1.4958686417425098,,,,,,-176.12324145454355,366.2464829090872,389.8409491059808
2026-06-07T22:08:08,74,13,740013,constant,-176.1234011053555,366.246802210711,389.8412684076046,True,0,2.8511553373156038,0.0360427870075969,0.424518530068945,0.7253450459438995,0.1345822015583625,0.1403566112753216,1.48658190312387,,,,,,-176.12340110736525,366.2468022147305,389.8412684116241
2026-06-07T22:09:59,74,14,740014,constant,-176.12324147323042,366.24648294646084,389.84094914335446,True,0,2.8777850769064903,0.035893606318559,0.423333458679107,0.7275474335170543,0.134989845393872,0.1398667010225262,1.4961524258227916,,,,,,-176.12324147323042,366.2464829464608,389.84094914335446
2026-06-07T22:12:09,74,15,740015,constant,-176.12324144717036,366.2464828943407,389.84094909123434,True,0,2.8776690263231464,0.0358942361226217,0.4233413747064639,0.727516416323724,0.1349786255481274,0.1398684279907901,1.4960842239234962,,,,,,-176.12324144716064,366.2464828943213,389.8409490912149
2026-06-07T22:13:56,74,16,740016,constant,-176.1232414543899,366.2464829087798,389.8409491056734,True,0,2.8777729066641213,0.0358939989571007,0.4233336262036586,0.7275210046631774,0.1349879394198504,0.1398672920863815,1.4961258661667378,,,,,,-176.12324145439285,366.2464829087857,389.8409491056793
2026-06-07T22:15:30,74,17,740017,constant,-176.12324145709476,366.2464829141895,389.84094911108315,True,0,2.877344217703316,0.0358941911751454,0.4233549994296464,0.7274957565539644,0.1349798240058156,0.1398746982963499,1.4960832155493926,,,,,,-176.1232414570949,366.2464829141898,389.8409491110835
2026-06-07T22:16:59,74,18,740018,constant,-176.12377975896283,366.24755951792565,389.8420257148193,True,0,2.837013425943628,0.0363503849512789,0.4243590879535387,0.7256788014051169,0.1342491333025731,0.1406620918699719,1.469972059757713,,,,,,-176.12377975896317,366.24755951792633,389.84202571482
2026-06-07T22:18:36,74,19,740019,constant,-176.123241448856,366.246482897712,389.8409490946056,True,0,2.877614589682937,0.0358964046343067,0.423345830732958,0.7275018739694217,0.1349748246920221,0.1398694102801523,1.4959564413970865,,,,,,-176.1232414488511,366.2464828977022,389.8409490945958
2026-06-07T22:20:34,74,20,740020,constant,-176.12341173634385,366.2468234726877,389.84128966958133,True,0,2.9028916215453284,0.0356548958688488,0.422285529227733,0.7298587463794807,0.1354348441287188,0.1394106370639535,1.5088946461405557,,,,,,-176.1234117468746,366.2468234937492,389.8412896906429
2026-06-07T22:22:01,74,21,740021,constant,-176.12324147025643,366.24648294051286,389.8409491374065,True,0,2.877320922134494,0.0358939476085442,0.4233465982005763,0.7275182314431513,0.1349908669763261,0.1398751954224086,1.4960380100238857,,,,,,-176.12324147025714,366.2464829405143,389.8409491374079
2026-06-07T22:24:02,74,22,740022,constant,-176.1232436620735,366.246487324147,389.8409535210406,True,0,2.876627468468331,0.035864945235198,0.423451468362239,0.7274929277479583,0.1349768108359399,0.139860808535166,1.4970577944280514,,,,,,-176.12324366209415,366.2464873241883,389.84095352108193
2026-06-07T22:25:56,74,23,740023,constant,-176.12324144795966,366.2464828959193,389.84094909281293,True,0,2.8775081339241084,0.0358946139639797,0.4233449480173366,0.7275097928476032,0.1349785659900987,0.1398724083084661,1.496111995480742,,,,,,-176.12324144796503,366.24648289593006,389.8409490928237
2026-06-07T22:26:51,74,24,740024,constant,-176.12324144670862,366.24648289341724,389.84094909031086,True,0,2.8775672000756134,0.0358976582406069,0.4233378155784271,0.7275025953133099,0.134984064060948,0.1398712399030745,1.495971652933266,,,,,,-176.12324144670396,366.2464828934079,389.8409490903016
2026-06-07T22:29:02,74,25,740025,constant,-176.12324144314863,366.24648288629726,389.8409490831909,True,0,2.877554366405254,0.0358956127103466,0.4233459161112018,0.727498886759268,0.1349760480929308,0.1398711872276254,1.4960321530436442,,,,,,-176.123241443146,366.246482886292,389.8409490831856
2026-06-07T22:30:44,74,26,740026,constant,-176.123241958334,366.246483916668,389.84095011356163,True,0,2.878306509886496,0.035881504412336,0.4232847253677363,0.7276588384920895,0.134986616412139,0.1398646425907178,1.4969769536526447,,,,,,-176.12324195871747,366.2464839174349,389.84095011432856
2026-06-07T22:32:00,74,27,740027,constant,-176.1232415944212,366.2464831888424,389.840949385736,True,0,2.8780708656633736,0.0359050194559119,0.4233282481832148,0.7275210974383414,0.1349808088785771,0.1398589366880189,1.495715415196848,,,,,,-176.12324159487125,366.2464831897425,389.8409493866361
2026-06-07T22:33:48,74,28,740028,constant,-176.12329533206704,366.2465906641341,389.8410568610277,True,0,2.8869441532144537,0.0357019503800045,0.4230300822965436,0.728389042607351,0.135326841369328,0.139709750948813,1.506443350999773,,,,,,-176.1232953320615,366.246590664123,389.8410568610166
2026-06-07T22:35:45,74,29,740029,constant,-176.12324146714295,366.2464829342859,389.8409491311795,True,0,2.8772240513091374,0.0358967760366936,0.4233589450363866,0.7274843468152807,0.1349752724635005,0.1398769163005317,1.4959505539038196,,,,,,-176.123241467144,366.246482934288,389.8409491311816
2026-06-07T22:36:51,74,30,740030,constant,-176.12324145477209,366.24648290954417,389.8409491064378,True,0,2.8776911670537664,0.0358929215465096,0.4233475246905878,0.7274991282665828,0.1349761686908132,0.1398679692718005,1.4961559617111868,,,,,,-176.123241454773,366.246482909546,389.8409491064396
2026-06-07T22:38:09,74,31,740031,constant,-176.12324149832398,366.24648299664796,389.8409491935416,True,0,2.877953106270789,0.0358920524244654,0.4233145760718453,0.7275471461798915,0.1350020723746831,0.1398665066693347,1.4962571656653776,,,,,,-176.1232414983234,366.2464829966468,389.8409491935405
2026-06-07T22:39:23,74,32,740032,constant,-176.12332471168332,366.24664942336665,389.84111562026027,True,0,2.880421325627214,0.0356087715452189,0.4235059362929643,0.7282282992204231,0.1352729645979328,0.1398068886097936,1.5096675597590266,,,,,,-176.12332471170447,366.24664942340894,389.84111562030256
2026-06-07T22:41:20,74,33,740033,constant,-176.12324380844845,366.2464876168969,389.8409538137905,True,0,2.8773695684915075,0.0359027315573866,0.4233566483849865,0.7275810815746655,0.1348101547021651,0.1398618047807431,1.4955287342991028,,,,,,-176.12324380844825,366.2464876168965,389.8409538137901
2026-06-07T22:42:46,74,34,740034,constant,-176.12327715802647,366.24655431605294,389.84102051294656,True,0,2.871369941884172,0.0360562183709699,0.4236742574718682,0.7266969903631455,0.1346277758960438,0.139948705704388,1.4873076863099663,,,,,,-176.12327715906514,366.2465543181303,389.8410205150239
2026-06-07T22:43:50,74,35,740035,constant,-176.1232414876375,366.246482975275,389.8409491721686,True,0,2.8778153052689324,0.0358991182531873,0.423332007142133,0.7275082965671679,0.1349736277543386,0.1398644776085456,1.4959806373636215,,,,,,-176.12324148762093,366.24648297524186,389.8409491721355
2026-06-07T22:44:53,74,36,740036,constant,-176.12324170897918,366.24648341795836,389.840949614852,True,0,2.87806827452354,0.0358846345489007,0.4233297035993835,0.7275674897747522,0.1349808981484643,0.1398668350526814,1.4966219887588814,,,,,,-176.12324170900402,366.246483418008,389.84094961490166
2026-06-07T22:46:40,74,37,740037,constant,-176.12783921652252,366.25567843304503,389.85014462993865,True,0,2.7536389109026107,0.0371611608315628,0.4250005256696479,0.7219472019178024,0.1345178101806007,0.1426828592053253,1.4309730273689305,,,,,,-176.12783921618626,366.2556784323725,389.8501446292661
2026-06-07T22:48:17,74,38,740038,constant,-176.12340790156603,366.24681580313205,389.84128200002567,True,0,2.853567557263894,0.0361165678362763,0.4245797124998056,0.7252206935941222,0.1343633787963715,0.1402651449902248,1.4821596122177572,,,,,,-176.12340790155582,366.2468158031117,389.84128200000526
2026-06-07T22:49:59,74,39,740039,constant,-176.12324651873672,366.24649303747344,389.84095923436706,True,0,2.8786581407854066,0.0359163312210119,0.4234114847888038,0.7273499570487979,0.1346577617156994,0.1398512903765705,1.496118748575325,,,,,,-176.12324651883247,366.24649303766495,389.84095923455857
2026-06-07T22:51:40,74,40,740040,constant,-176.1232419533705,366.246483906741,389.8409501036346,True,0,2.877352525046954,0.0358984012037854,0.4234435802244285,0.7273490437393028,0.1349279599407884,0.1398529238682415,1.4955202802990484,,,,,,-176.12324195334347,366.2464839066869,389.84095010358055
2026-06-07T21:50:24,75,1,750001,constant,-176.12324144665754,366.2464828933151,389.8409490902087,True,0,2.877474343628008,0.0358968997972193,0.4233529352289888,0.7274835511153622,0.1349724820212547,0.1398720520906302,1.4959754365917102,,,,,,-176.12324144665865,366.2464828933173,389.8409490902109
2026-06-07T21:51:57,75,2,750002,constant,-176.12324145470734,366.2464829094147,389.8409491063083,True,0,2.8776007401070305,0.0358963220651357,0.4233396049956141,0.7275058981655036,0.1349788767022988,0.1398718842182501,1.4959757780330347,,,,,,-176.12324145471143,366.24648290942287,389.8409491063165
2026-06-07T21:53:19,75,3,750003,constant,-176.12324145866324,366.2464829173265,389.8409491142201,True,0,2.877664749033624,0.0358994031462554,0.4233454848794979,0.7274871473364634,0.1349709826589648,0.1398676368428257,1.4958771540084317,,,,,,-176.12324145866432,366.2464829173287,389.8409491142223
2026-06-07T21:56:07,75,4,750004,constant,-176.1232948289367,366.2465896578734,389.84105585476703,True,0,2.868085394611698,0.0359604917890535,0.4244750956365044,0.7257941581582756,0.1345812855428949,0.1398930628635449,1.488471075152013,,,,,,-176.12329483013684,366.2465896602737,389.8410558571673
2026-06-07T21:57:34,75,5,750005,constant,-176.12326036949122,366.24652073898244,389.84098693587606,True,0,2.869293136655571,0.0359716557568065,0.4236747516876196,0.7268711980315253,0.1348503796563717,0.1400162156411856,1.4913740364405417,,,,,,-176.1232603694931,366.2465207389862,389.8409869358798
2026-06-07T21:58:42,75,6,750006,constant,-176.12324145719538,366.24648291439075,389.8409491112844,True,0,2.8776266157821717,0.0358992676968271,0.4233357487035195,0.7275067318852648,0.1349863209086182,0.1398698778586986,1.4958866946362928,,,,,,-176.1232414571865,366.246482914373,389.8409491112666
2026-06-07T22:00:19,75,7,750007,constant,-176.12324145282952,366.24648290565904,389.84094910255266,True,0,2.8776575015993875,0.0358938124161177,0.4233541793835875,0.7274925941348618,0.1349718383888885,0.1398674095521062,1.4961242142519402,,,,,,-176.12324145283324,366.2464829056665,389.8409491025601
2026-06-07T22:02:06,75,8,750008,constant,-176.12324145621673,366.24648291243346,389.8409491093271,True,0,2.877329256704035,0.0358975789386326,0.4233555026330441,0.7274843089568062,0.134975324391995,0.1398749508453059,1.4959240132837364,,,,,,-176.12324145621346,366.2464829124269,389.84094910932055
2026-06-07T22:04:10,75,9,750009,constant,-176.1232471168908,366.2464942337816,389.84096043067524,True,0,2.87484887655172,0.0359700641528337,0.4233643701243637,0.7272478918089095,0.1349232230787042,0.13993026350074,1.492675009786268,,,,,,-176.1232471165592,366.2464942331184,389.8409604300121
2026-06-07T22:06:05,75,10,750010,constant,-176.1232493900282,366.2464987800564,389.84096497695003,True,0,2.871846849510072,0.0359016924132471,0.423665525179939,0.7270490143568553,0.1348712899711726,0.1399490496536758,1.494352508793697,,,,,,-176.12324939004745,366.2464987800949,389.8409649769885
2026-06-07T22:07:21,75,11,750011,constant,-176.12324144588734,366.2464828917747,389.8409490886683,True,0,2.8774762255280426,0.0358952758111099,0.4233432675325229,0.7275094492084252,0.1349828983327619,0.1398730530855656,1.4960540399233206,,,,,,-176.123241445887,366.246482891774,389.8409490886676
2026-06-07T22:09:58,75,12,750012,constant,-176.1232414664858,366.2464829329716,389.84094912986524,True,0,2.877862609977636,0.0358944910705711,0.4233243813065225,0.7275405182719623,0.1349847346296243,0.1398671325697129,1.4961449795405737,,,,,,-176.12324146649755,366.2464829329952,389.8409491298888
2026-06-07T22:11:57,75,13,750013,constant,-176.12325733440176,366.2465146688035,389.84098086569713,True,0,2.872091919932809,0.0359681099180185,0.423891800671769,0.7264230883592951,0.1347799494550182,0.1399352858213984,1.4925862061210793,,,,,,-176.123257334403,366.246514668806,389.8409808656996
2026-06-07T22:12:57,75,14,750014,constant,-176.20611323370218,366.41222646740437,390.006692664298,True,0,2.5363438895493275,0.0308881022029842,0.4295245551389339,0.7301933600420695,0.1354548450987613,0.1500460318038798,1.7860314490297216,,,,,,-176.20611323370483,366.4122264674097,390.0066926643033
2026-06-07T22:14:35,75,15,750015,constant,-176.12324158956278,366.24648317912556,389.8409493760192,True,0,2.8777990920968954,0.0358919660482295,0.423369221775465,0.7275316965719255,0.1349610239493119,0.1398632191473142,1.496195151690693,,,,,,-176.12324158942954,366.2464831788591,389.8409493757527
2026-06-07T22:21:06,75,16,750016,constant,-176.12324379063637,366.24648758127273,389.84095377816635,True,0,2.8808633874592267,0.0359037693948802,0.4232346746768617,0.7275765701678774,0.1349938215628216,0.139805874437515,1.4960701409437491,,,,,,-176.12324379063597,366.246487581272,389.8409537781656
2026-06-07T22:23:07,75,17,750017,constant,-176.12324158990265,366.2464831798053,389.8409493766989,True,0,2.8769520788331278,0.0358888458361551,0.4233776969229226,0.7274777093226424,0.1349660361900882,0.1398825989407575,1.4962891095163466,,,,,,-176.12324158990316,366.2464831798063,389.8409493767
2026-06-07T22:24:16,75,18,750018,constant,-176.12324159785038,366.24648319570076,389.8409493925944,True,0,2.87838492615421,0.0358939107754747,0.4233155051979718,0.7275231764680251,0.1349846051672001,0.139854024827409,1.496166290929451,,,,,,-176.12324159781855,366.2464831956371,389.8409493925307
2026-06-07T22:25:22,75,19,750019,constant,-176.12324149258546,366.2464829851709,389.84094918206455,True,0,2.878005435234218,0.035899302070846,0.423317891120309,0.7275169332093956,0.134981515332477,0.1398643907334259,1.4959818211515694,,,,,,-176.12324149258507,366.2464829851701,389.84094918206375
2026-06-07T22:26:23,75,20,750020,constant,-176.12324969710815,366.2464993942163,389.8409655911099,True,0,2.875404844345154,0.0359825483232651,0.423423629968722,0.7271503862854707,0.1348324736802987,0.1399031355152845,1.4916951234630278,,,,,,-176.12324969710937,366.24649939421874,389.8409655911124
2026-06-07T22:28:56,75,21,750021,constant,-176.12324158063282,366.24648316126564,389.84094935815926,True,0,2.878391468700019,0.0358955623673516,0.423310145327226,0.727544379249937,0.1349910808142244,0.1398554813995343,1.4961465952175752,,,,,,-176.12324158059903,366.24648316119806,389.8409493580917
2026-06-07T22:33:34,75,22,750022,constant,-176.12324161041977,366.24648322083954,389.84094941773316,True,0,2.877820759137216,0.0358840913604558,0.4233533559480917,0.7275648789577834,0.1349716755010212,0.1398642760568192,1.4965394414392497,,,,,,-176.12324161028624,366.2464832205725,389.8409494174661
2026-06-07T22:35:37,75,23,750023,constant,-176.12324161606438,366.24648323212875,389.8409494290224,True,0,2.878338547724769,0.0358882800803832,0.4233349316461233,0.7275209453767834,0.1349896411969744,0.1398535073687841,1.4964298304245354,,,,,,-176.12324161606423,366.24648323212847,389.8409494290221
2026-06-07T22:37:05,75,24,750024,constant,-176.12324144814764,366.2464828962953,389.8409490931889,True,0,2.8775941003362866,0.0358977495495482,0.4233488750267175,0.7274887916594446,0.1349740121479321,0.1398690580689133,1.4959304295092808,,,,,,-176.12324144814525,366.2464828962905,389.8409490931841
2026-06-07T22:38:39,75,25,750025,constant,-176.12324205056794,366.2464841011359,389.8409502980295,True,0,2.87850382057682,0.0359068978837426,0.4232180872351603,0.7277046689738608,0.1350139328431279,0.139868999784929,1.4959935688793558,,,,,,-176.12324205056802,366.2464841011361,389.84095029802967
2026-06-07T22:41:10,75,26,750026,constant,-176.12324144936198,366.24648289872397,389.8409490956176,True,0,2.877443659824263,0.0358975846654285,0.4233505910081437,0.7274856981679484,0.1349713628349377,0.1398730869976153,1.495938791935988,,,,,,-176.12324144936372,366.2464828987274,389.84094909562106
2026-06-07T22:42:33,75,27,750027,constant,-176.12324146109532,366.24648292219064,389.84094911908426,True,0,2.8778434383816283,0.0358954540781876,0.4233303241203975,0.7275259614250394,0.1349753578102052,0.1398665754328826,1.496089460102336,,,,,,-176.12324146109307,366.24648292218615,389.84094911907977
2026-06-07T22:44:18,75,28,750028,constant,-176.1234159593041,366.2468319186082,389.84129811550184,True,0,2.852575114853958,0.0361265035116807,0.4241023117312254,0.7263484833707169,0.1348129375406687,0.1403021233165895,1.4838035168240291,,,,,,-176.12341595930408,366.24683191860817,389.8412981155018
2026-06-07T22:46:05,75,29,750029,constant,-176.1232414599973,366.2464829199946,389.8409491168882,True,0,2.877743583555257,0.0358979225688618,0.4233481872159759,0.7274830630639202,0.1349690850577514,0.1398666747824152,1.4960094167816105,,,,,,-176.1232414599887,366.2464829199774,389.840949116871
2026-06-07T22:48:07,75,30,750030,constant,-176.1232415263946,366.2464830527892,389.8409492496828,True,0,2.8777023971447955,0.0358953336148073,0.4233749640281998,0.7274786883568126,0.1349771153954777,0.1398612374959505,1.495872969427016,,,,,,-176.1232415263953,366.2464830527906,389.8409492496842
2026-06-07T22:49:52,75,31,750031,constant,-176.12324147716856,366.2464829543371,389.84094915123075,True,0,2.877418375814,0.0359005352922376,0.42335025173022,0.727505257985392,0.1349634570407272,0.1398733013218134,1.4958582943151244,,,,,,-176.12324147716507,366.2464829543301,389.84094915122375
2026-06-07T22:51:32,75,32,750032,constant,-176.12324144778438,366.24648289556876,389.8409490924624,True,0,2.87754760599172,0.0358980730776991,0.423346786717146,0.7274847989302213,0.1349755232712965,0.1398711735358783,1.4959380519533525,,,,,,-176.12324144778182,366.2464828955637,389.84094909245727
2026-06-07T22:53:38,75,33,750033,constant,-176.12324145514276,366.2464829102855,389.84094910717914,True,0,2.87771411623414,0.0358970959528339,0.4233254530697773,0.7275272753779837,0.1349911796886418,0.1398694933735428,1.496000501133793,,,,,,-176.12324145514643,366.24648291029285,389.8409491071865
2026-06-07T22:55:43,75,34,750034,constant,-176.12324151994397,366.24648303988795,389.84094923678157,True,0,2.878034098165576,0.035894068183207,0.4233272518209696,0.7275226021799501,0.1349966715660848,0.1398624429016796,1.496281938739753,,,,,,-176.12324151994338,366.2464830398868,389.8409492367804
2026-06-07T22:57:10,75,35,750035,constant,-176.123245579122,366.246491158244,389.8409573551376,True,0,2.875436747180635,0.0359478864022202,0.4232873053711919,0.727341631923891,0.1349725166066996,0.1399333070340146,1.4934542424539463,,,,,,-176.12324557900914,366.2464911580183,389.8409573549119
2026-06-07T22:59:02,75,36,750036,constant,-176.12324145104606,366.2464829020921,389.84094909898573,True,0,2.8777414233172016,0.0358963932754514,0.4233354189855196,0.7275160980439694,0.1349772319207395,0.1398679040379857,1.496007687255607,,,,,,-176.1232414510382,366.2464829020764,389.8409490989701
2026-06-07T23:00:03,75,37,750037,constant,-176.12324733049576,366.2464946609915,389.84096085788514,True,0,2.8736077471620805,0.0359414654533268,0.4234572984846237,0.7274301128244182,0.1348228229864435,0.1399490654778974,1.493718315788998,,,,,,-176.12324730465542,366.2464946093109,389.84096080620446
2026-06-07T23:01:35,75,38,750038,constant,-176.12324147504683,366.24648295009365,389.84094914698727,True,0,2.87732265925274,0.0359005227815401,0.4233564069665181,0.7274698229388754,0.1349632746014378,0.1398752044265765,1.4958019982632127,,,,,,-176.12324147504626,366.2464829500925,389.8409491469861
2026-06-07T23:02:53,75,39,750039,constant,-176.12324147924434,366.2464829584887,389.8409491553823,True,0,2.8776124183283827,0.0358890917756818,0.4233508153973422,0.7275197139715524,0.1349816012702542,0.1398683041275817,1.4961825836060962,,,,,,-176.123241479245,366.24648295849,389.8409491553836
2026-06-07T23:04:08,75,40,750040,constant,-176.12343305763432,366.24686611526863,389.84133231216225,True,0,2.9054316327231104,0.0360156503394558,0.4223953850595146,0.7276265292209959,0.1351371036611384,0.1393438456947004,1.493277622556139,,,,,,-176.1234330571591,366.2468661143182,389.84133231121183
2026-06-07T21:51:21,76,1,760001,constant,-176.12327975786218,366.24655951572436,389.841025712618,True,0,2.882556013452467,0.0357509015854807,0.4237208079094627,0.7276020920709273,0.1350726868045148,0.1396977460398433,1.503206605129193,,,,,,-176.1232797578853,366.2465595157706,389.84102571266425
2026-06-07T21:53:08,76,2,760002,constant,-176.12324148881623,366.24648297763247,389.8409491745261,True,0,2.877579578644423,0.0358997086352607,0.4233719776335196,0.7274635666447641,0.1349637044856204,0.1398664188829894,1.4958748087713456,,,,,,-176.12324148881677,366.2464829776335,389.8409491745271
2026-06-07T21:55:30,76,3,760003,constant,-176.12324147924767,366.24648295849533,389.84094915538896,True,0,2.8771718351898823,0.0358959633233384,0.4233561040193253,0.7275004257472815,0.1349748964239324,0.1398781651901769,1.4959585696898008,,,,,,-176.12324147924662,366.2464829584932,389.84094915538685
2026-06-07T21:56:50,76,4,760004,constant,-176.12324144448795,366.2464828889759,389.8409490858695,True,0,2.877489865405048,0.0358969571232258,0.4233483511493054,0.7274959235810587,0.1349750353821397,0.139872009173046,1.4959754542373442,,,,,,-176.12324144448738,366.2464828889748,389.8409490858684
2026-06-07T21:58:21,76,5,760005,constant,-176.12330231079468,366.24660462158937,389.841070818483,True,0,2.8889114391137207,0.0357848661754,0.4230141379195505,0.728855314763063,0.1348170529472081,0.1396436628612871,1.504054274479758,,,,,,-176.12330231110255,366.2466046222051,389.8410708190987
2026-06-07T22:01:13,76,6,760006,constant,-176.1232414561375,366.246482912275,389.8409491091686,True,0,2.8775012359879035,0.0358978909210405,0.4233555981408246,0.7274876978989784,0.1349677665051534,0.1398705686337272,1.4958778991069572,,,,,,-176.12324145613746,366.2464829122749,389.84094910916855
2026-06-07T22:03:37,76,7,760007,constant,-176.12324150632713,366.24648301265427,389.8409492095479,True,0,2.8770583808166053,0.0358988551309178,0.4233631064930597,0.72746404820097,0.1349725792606734,0.1398804216807923,1.4958105804526531,,,,,,-176.12324150632622,366.2464830126525,389.84094920954607
2026-06-07T22:05:56,76,8,760008,constant,-176.12324170111552,366.24648340223104,389.84094959912466,True,0,2.877856028319617,0.0358852616399243,0.4233376589152505,0.7275788948548915,0.1349961369806945,0.1398661208391229,1.4967050480654132,,,,,,-176.12324170113487,366.24648340226975,389.84094959916337
2026-06-07T22:07:32,76,9,760009,constant,-176.12336529506214,366.2467305901243,389.8411967870179,True,0,2.8910553852640817,0.0357396474396139,0.4215606411488768,0.7303765251541106,0.1358309406287725,0.1397958029239604,1.5026898919982097,,,,,,-176.12336529659814,366.2467305931963,389.8411967900899
2026-06-07T22:08:57,76,10,760010,constant,-176.1232727488047,366.2465454976094,389.84101169450304,True,0,2.885706105228772,0.0360274460750023,0.423081999091579,0.7272186112232174,0.1348326231770177,0.1397047199836998,1.4913676858893985,,,,,,-176.12327274881767,366.24654549763534,389.84101169452896
2026-06-07T22:11:15,76,11,760011,constant,-176.12324152693748,366.24648305387495,389.8409492507686,True,0,2.877871701491485,0.0358880209909306,0.4233403035640896,0.7275285721940994,0.1349865383315366,0.139865517416299,1.496449687757668,,,,,,-176.12324152693608,366.24648305387217,389.8409492507658
2026-06-07T22:12:41,76,12,760012,constant,-176.12324244146043,366.24648488292087,389.8409510798145,True,0,2.8793704638479145,0.0358802434791142,0.4232350146908663,0.7277019219036263,0.1350116939384285,0.1398438310221466,1.4970986609104098,,,,,,-176.12324244146072,366.24648488292144,389.8409510798151
2026-06-07T22:14:36,76,13,760013,constant,-176.12324165282152,366.24648330564304,389.84094950253666,True,0,2.878339861710233,0.0358871731559512,0.423294278069017,0.7276083894922272,0.1350105410418118,0.1398594254000761,1.4965393749624332,,,,,,-176.12324165282004,366.2464833056401,389.8409495025337
2026-06-07T22:16:36,76,14,760014,constant,-176.12324156194194,366.2464831238839,389.8409493207775,True,0,2.87811657932718,0.0359040101566644,0.4233175108747165,0.7275105059714865,0.134976550122464,0.139860206968956,1.49576950914775,,,,,,-176.12324156194242,366.2464831238848,389.84094932077846
2026-06-07T22:18:14,76,15,760015,constant,-176.1232425188404,366.2464850376808,389.84095123457445,True,0,2.878242882715919,0.0358692696267722,0.4232564289595888,0.7277270439427315,0.13508908716257,0.1398695117069381,1.4973790551804491,,,,,,-176.12324251929465,366.2464850385893,389.8409512354829
2026-06-07T22:19:17,76,16,760016,constant,-176.12324144390115,366.2464828878023,389.8409490846959,True,0,2.8775853000282923,0.0358965260756276,0.4233464866406732,0.7274952847753666,0.1349797680039521,0.1398696460662318,1.496007773639637,,,,,,-176.12324144390035,366.2464828878007,389.84094908469433
2026-06-07T22:20:41,76,17,760017,constant,-176.30723954499413,366.61447908998827,390.2089452868819,True,0,3.9749385671403,0.0300583605821708,0.3922052443652786,0.7799389326602906,0.1485969596558312,0.1235787615497104,1.9613874072597377,,,,,,-176.30723950653515,366.6144790130703,390.20894520996393
2026-06-07T22:22:56,76,18,760018,constant,-176.12324151995344,366.2464830399069,389.8409492368005,True,0,2.877732400917771,0.0358919700796105,0.4233522818558784,0.727476719192827,0.134968780801645,0.1398696532563517,1.4962862485634238,,,,,,-176.1232415199542,366.2464830399084,389.840949236802
2026-06-07T22:24:56,76,19,760019,constant,-176.1232414691525,366.246482938305,389.8409491351986,True,0,2.877252063034669,0.035899008339909,0.4233575341458464,0.7274791924293803,0.134972953034663,0.1398761309308986,1.4958707963553393,,,,,,-176.12324146915066,366.2464829383013,389.8409491351949
2026-06-07T22:26:33,76,20,760020,constant,-176.12324145125254,366.2464829025051,389.8409490993987,True,0,2.87765577069749,0.0358957557804413,0.4233339139433306,0.7275167192559912,0.1349934165369076,0.139870179893254,1.4960505155230468,,,,,,-176.12324145125254,366.2464829025051,389.8409490993987
2026-06-07T22:27:49,76,21,760021,constant,-176.12324159494204,366.2464831898841,389.8409493867777,True,0,2.8777655715017696,0.0358857293097958,0.423337650499387,0.7275233033722538,0.1349725597074317,0.1398687532787181,1.4965652091261956,,,,,,-176.12324159493454,366.2464831898691,389.8409493867627
2026-06-07T22:30:31,76,22,760022,constant,-176.12324144559915,366.2464828911983,389.8409490880919,True,0,2.877528022868136,0.0358978600670149,0.4233489788590501,0.7274919463246056,0.1349751725390736,0.1398710796873186,1.4959608811860046,,,,,,-176.1232414455958,366.2464828911916,389.8409490880852
2026-06-07T22:32:03,76,23,760023,constant,-176.12324148623762,366.24648297247523,389.84094916936886,True,0,2.87789080165345,0.0358920594702915,0.4233212070341945,0.7275452606483147,0.1349901952528214,0.1398677051688573,1.4962785660625963,,,,,,-176.12324148623736,366.2464829724747,389.84094916936834
2026-06-07T22:33:44,76,24,760024,constant,-176.12326249862488,366.24652499724976,389.8409911941434,True,0,2.886439048976646,0.0358402822752052,0.422989926178443,0.7280501856338035,0.1350500793219917,0.1397236359699168,1.5006072224669813,,,,,,-176.12326249862474,366.2465249972495,389.8409911941431
2026-06-07T22:34:34,76,25,760025,constant,-176.1232414453112,366.2464828906224,389.84094908751604,True,0,2.8774980715077887,0.0358962917302558,0.4233478791008403,0.7275006531158784,0.1349753217950844,0.1398721610925549,1.4959793373770849,,,,,,-176.12324144531442,366.2464828906288,389.84094908752246
2026-06-07T22:36:14,76,26,760026,constant,-176.12324148219938,366.24648296439875,389.8409491612924,True,0,2.877712391447981,0.0358984659658593,0.423330726454438,0.7275148179410653,0.1349781261409567,0.1398676600588873,1.4958408963124477,,,,,,-176.12324148219537,366.24648296439074,389.8409491612844
2026-06-07T22:37:25,76,27,760027,constant,-176.17100834900924,366.3420166980185,389.9364828949121,True,0,2.821194201341713,0.0439754512547293,0.421257099766492,0.6961869729836256,0.126630186930015,0.1413646481193951,1.2199918120218889,,,,,,-176.17100834900157,366.3420166980032,389.9364828948968
2026-06-07T22:39:01,76,28,760028,constant,-176.1232470310773,366.2464940621546,389.84096025904825,True,0,2.872615351401584,0.0359213222548498,0.4235511691678364,0.727188140687971,0.1348971625872082,0.1399604390037594,1.494109796285785,,,,,,-176.12324703105304,366.2464940621061,389.8409602589997
2026-06-07T22:40:41,76,29,760029,constant,-176.12324154635922,366.24648309271845,389.84094928961207,True,0,2.878036581052256,0.0358947925955755,0.4233046729514396,0.7275575384132023,0.135004452227494,0.1398656553994187,1.496335566554466,,,,,,-176.12324154638594,366.2464830927719,389.8409492896655
2026-06-07T22:42:01,76,30,760030,constant,-176.1232423688089,366.2464847376178,389.8409509345114,True,0,2.876459007809137,0.0359219370134018,0.423419772771792,0.7273004338256903,0.1349243828304014,0.1398853274149551,1.494679792036668,,,,,,-176.1232423688113,366.2464847376226,389.8409509345162
2026-06-07T22:44:52,76,31,760031,constant,-176.12335390444866,366.2467078088973,389.84117400579095,True,0,2.8952651540883423,0.03572736800705,0.4236142391770618,0.72709467652289,0.134528299417301,0.1394393754328629,1.5045442007951308,,,,,,-176.12335390285446,366.2467078057089,389.84117400260254
2026-06-07T22:46:16,76,32,760032,constant,-176.1659809193559,366.3319618387118,389.9264280356054,True,0,2.503107626635476,0.0387597624342155,0.4467083939345566,0.6847784660501133,0.1227699029490771,0.1462979540922368,1.3197913278794502,,,,,,-176.1659809137915,366.331961827583,389.9264280244766
2026-06-07T22:47:42,76,33,760033,constant,-176.1232415880521,366.2464831761042,389.84094937299784,True,0,2.8780953215488214,0.0358868862544606,0.4233497689078798,0.727543428974668,0.1349643004227978,0.139857509697584,1.4964441784626057,,,,,,-176.1232415880874,366.2464831761748,389.8409493730685
2026-06-07T22:49:10,76,34,760034,constant,-176.12325465830236,366.2465093166047,389.84097551349834,True,0,2.88425222974476,0.0358506690009382,0.4232822430102314,0.7275167188967485,0.1351095817629283,0.1397301093363391,1.4984370272584606,,,,,,-176.1232546587611,366.2465093175222,389.8409755144159
2026-06-07T22:50:38,76,35,760035,constant,-176.12324144495062,366.24648288990124,389.84094908679486,True,0,2.877533822316692,0.0358950635990912,0.4233475513219918,0.7275036003331262,0.1349726231686663,0.139871348247116,1.4960487720358322,,,,,,-176.1232414449509,366.2464828899018,389.8409490867955
2026-06-07T22:51:52,76,36,760036,constant,-176.12324144975744,366.2464828995149,389.8409490964085,True,0,2.8775025455323915,0.0358969117087802,0.4233595720829046,0.727481343866831,0.1349712696370219,0.1398698440225676,1.4959498944145138,,,,,,-176.12324144976105,366.2464828995221,389.8409490964157
2026-06-07T22:54:17,76,37,760037,constant,-176.12324147831887,366.24648295663775,389.84094915353137,True,0,2.877402222967615,0.035894300477122,0.4233717449569862,0.7274670376519968,0.1349662076513111,0.1398713902580433,1.4959351572830075,,,,,,-176.12324147832038,366.2464829566408,389.8409491535344
2026-06-07T22:56:13,76,38,760038,constant,-176.12324147495798,366.24648294991596,389.8409491468096,True,0,2.877770352357627,0.0358959721535875,0.4233572526132101,0.7274828487228366,0.1349662873613975,0.139864225050541,1.4961058727918255,,,,,,-176.12324147495792,366.24648294991584,389.8409491468095
2026-06-07T22:57:56,76,39,760039,constant,-176.1232414473747,366.2464828947494,389.84094909164304,True,0,2.877572120630496,0.0358971612593048,0.4233537367929231,0.7274898972751419,0.1349702826842861,0.1398695377959044,1.4959774419598515,,,,,,-176.12324144737397,366.246482894748,389.8409490916416
2026-06-07T22:59:11,76,40,760040,constant,-176.12324146110305,366.2464829222061,389.8409491190997,True,0,2.8777160404819053,0.0358996477582703,0.4233408236244857,0.7274964108292145,0.1349716716083717,0.1398669232983815,1.4958884384185205,,,,,,-176.12324146111246,366.2464829222249,389.8409491191185
2026-06-07T21:51:09,77,1,770001,constant,-176.12327865594102,366.24655731188204,389.84102350877566,True,0,2.867701006318194,0.0359426702227169,0.4233863106467447,0.7268617732019211,0.1352411701085713,0.1400792266929464,1.4922227447255212,,,,,,-176.12327865450132,366.2465573090026,389.84102350589626
2026-06-07T21:52:15,77,2,770002,constant,-176.12324151520318,366.24648303040635,389.8409492273,True,0,2.8771334853978687,0.0359022005288961,0.4233472972625927,0.7274880103365913,0.1349760128320872,0.1398804734604937,1.4957093230958998,,,,,,-176.1232415152014,366.2464830304028,389.8409492272964
2026-06-07T21:53:34,77,3,770003,constant,-176.12785308796816,366.2557061759363,389.85017237282995,True,0,2.743898828532741,0.0368508629256517,0.429829588493196,0.7145559269675477,0.1324140320479787,0.1422953269814308,1.4386675585706257,,,,,,-176.1278530888896,366.2557061777792,389.8501723746728
2026-06-07T21:55:50,77,4,770004,constant,-176.12324147116064,366.2464829423213,389.8409491392149,True,0,2.8776608974244744,0.0358907336932072,0.4233323924920205,0.7275337324631654,0.1349922334991696,0.1398710352955381,1.49625866348179,,,,,,-176.12324147116084,366.2464829423217,389.8409491392153
2026-06-07T21:57:37,77,5,770005,constant,-176.1232414484748,366.2464828969496,389.8409490938432,True,0,2.8776438848110777,0.0358970556424089,0.4233338257911735,0.7275221546356265,0.1349844968485809,0.1398700430994192,1.4959904511612634,,,,,,-176.12324144847452,366.246482896949,389.84094909384265
2026-06-07T21:58:29,77,6,770006,constant,-176.12327997519216,366.2465599503843,389.84102614727794,True,0,2.889668824548131,0.0357973054471469,0.4229759907129112,0.7281051193510194,0.1350815855809332,0.1396404331924965,1.502251248399816,,,,,,-176.12327996637623,366.24655993275246,389.8410261296461
2026-06-07T22:01:30,77,7,770007,constant,-176.12324144478038,366.24648288956075,389.8409490864544,True,0,2.877572576091712,0.0358949108236617,0.4233502270360515,0.7274996265405873,0.134979222114542,0.1398694922586104,1.4960687069077208,,,,,,-176.12324144478214,366.2464828895643,389.8409490864579
2026-06-07T22:03:20,77,8,770008,constant,-176.1232416571832,366.2464833143664,389.84094951126,True,0,2.8785272949908816,0.035894779667311,0.423292952043255,0.7275522102770092,0.1350093105549503,0.1398552324595127,1.4961766764705622,,,,,,-176.1232416571644,366.2464833143288,389.8409495112225
2026-06-07T22:04:26,77,9,770009,constant,-176.1232634360519,366.2465268721038,389.8409930689974,True,0,2.8856810496856737,0.0358675905823274,0.423444813405528,0.7272123043645526,0.1348086135350466,0.1396789275282066,1.4987346974565192,,,,,,-176.12326343555168,366.24652687110336,389.840993067997
2026-06-07T22:07:00,77,10,770010,constant,-176.1232519373396,366.2465038746792,389.8409700715728,True,0,2.871682527577113,0.0359357650020593,0.4234768115718431,0.7273366838901192,0.1348944215623154,0.1399853563933148,1.492838564686526,,,,,,-176.1232519369575,366.246503873915,389.8409700708086
2026-06-07T22:07:54,77,11,770011,constant,-176.12324148100657,366.24648296201315,389.84094915890677,True,0,2.87781629038434,0.0358955372779732,0.42333787893435,0.7275144084889461,0.1349896061230849,0.1398666951572243,1.4961829750206146,,,,,,-176.1232414810235,366.246482962047,389.8409491589407
2026-06-07T22:09:25,77,12,770012,constant,-176.12324145225705,366.2464829045141,389.8409491014077,True,0,2.877418009617377,0.0358974131167051,0.4233521988037099,0.7274792293350509,0.1349709755986516,0.1398738020025801,1.495978353496757,,,,,,-176.12324145225762,366.2464829045152,389.84094910140885
2026-06-07T22:10:52,77,13,770013,constant,-176.1232999906956,366.2465999813912,389.84106617828485,True,0,2.8915529124736614,0.0357499611032085,0.4227200042456711,0.7288802431516048,0.1352595874817088,0.1396325979669224,1.5046326001636228,,,,,,-176.1232999906678,366.2465999813356,389.8410661782292
2026-06-07T22:12:26,77,14,770014,constant,-176.12324145162108,366.24648290324217,389.8409491001358,True,0,2.8774226354081267,0.0358969165764156,0.423344450158477,0.7275100676077685,0.1349741796032232,0.139874727813501,1.4959771691167307,,,,,,-176.12324145162015,366.2464829032403,389.8409491001339
2026-06-07T22:14:05,77,15,770015,constant,-176.12325242353324,366.2465048470665,389.8409710439601,True,0,2.8762489520101857,0.035870309269626,0.4232355912593711,0.7275055524532953,0.1350606256083169,0.1399595267497046,1.499301045417862,,,,,,-176.12325242495342,366.2465048499069,389.84097104680046
2026-06-07T22:15:57,77,16,770016,constant,-176.12324177207591,366.24648354415183,389.84094974104545,True,0,2.878365568789027,0.0359016911621248,0.4232807975732704,0.7275757946988963,0.1349599141567254,0.1398575834716418,1.4960078993150352,,,,,,-176.1232417714028,366.2464835428056,389.8409497396992
2026-06-07T22:17:45,77,17,770017,constant,-176.1232414573654,366.2464829147308,389.8409491116244,True,0,2.877526441035852,0.0358996580226343,0.4233457306243658,0.727495161816193,0.1349750271766686,0.1398711188062533,1.4958434443010509,,,,,,-176.12324145736554,366.2464829147311,389.8409491116247
2026-06-07T22:19:47,77,18,770018,constant,-142.84695522872278,299.69391045744555,323.2883766543392,True,0,0.1854995815181818,9.555360155467609,0.5757064221612348,0.722180420877775,0.0374713224085573,0.0080779554947974,0.0512999712912822,,,,,,-142.84695522874634,299.6939104574927,323.2883766543863
2026-06-07T22:21:17,77,19,770019,constant,-176.123241476011,366.246482952022,389.8409491489156,True,0,2.8774502779631645,0.03589355126647,0.4233595534439673,0.727504970651179,0.1349710082817243,0.1398695513044975,1.4961227106110098,,,,,,-176.12324147601896,366.2464829520379,389.84094914893154
2026-06-07T22:22:48,77,20,770020,constant,-176.12324245752754,366.2464849150551,389.8409511119487,True,0,2.877297164714689,0.0359240467313151,0.4234074319959494,0.7272970985766415,0.1349057002141034,0.1398656419094405,1.494595711634462,,,,,,-176.12324245752646,366.2464849150529,389.84095111194654
2026-06-07T22:23:50,77,21,770021,constant,-176.1232414523865,366.246482904773,389.84094910166664,True,0,2.8776005172225645,0.0358974536104023,0.4233260337858561,0.7275242437951633,0.1349839030982212,0.1398725440988938,1.4960282903786486,,,,,,-176.12324145238497,366.2464829047699,389.8409491016635
2026-06-07T22:24:56,77,22,770022,constant,-176.1232534601483,366.2465069202966,389.84097311719023,True,0,2.871070604626841,0.0359535755248298,0.423661032201468,0.7267928325532341,0.1348369454348258,0.1399811118269155,1.4925325214413094,,,,,,-176.1232534601446,366.2465069202892,389.8409731171829
2026-06-07T22:26:58,77,23,770023,constant,-176.12324144278932,366.24648288557864,389.84094908247226,True,0,2.877575985775477,0.035895998552288,0.4233451211653544,0.7275023380202378,0.1349812921013275,0.1398704039850149,1.4960231936970867,,,,,,-176.12324144279128,366.24648288558257,389.8409490824762
2026-06-07T22:28:14,77,24,770024,constant,-176.1232415315447,366.2464830630894,389.840949259983,True,0,2.8769916937199977,0.0358999886964045,0.4233772517167991,0.7274437235570196,0.1349633601583252,0.1398800910857229,1.4957433865756515,,,,,,-176.1232415315463,366.2464830630926,389.8409492599863
2026-06-07T22:30:36,77,25,770025,constant,-168.9805188307268,351.9610376614536,375.5555038583472,True,0,5.18739923566831,6.968943892994391,0.4261713253837136,0.3181720834824016,0.2747850299469678,0.0168406006042459,0.1563134164506338,,,,,,-168.98051883072907,351.96103766145814,375.55550385835176
2026-06-07T22:31:40,77,26,770026,constant,-176.12324644097023,366.24649288194047,389.8409590788341,True,0,2.882414978966596,0.0358787713888974,0.4231672671111832,0.727744991849199,0.1350194658103942,0.1397806510499705,1.4975091989275433,,,,,,-176.12324644097356,366.2464928819471,389.8409590788408
2026-06-07T22:33:01,77,27,770027,constant,-176.12324144832908,366.24648289665816,389.8409490935518,True,0,2.877449651593019,0.0358954374940342,0.4233506956144166,0.7275056067507357,0.1349802638098018,0.1398723156904671,1.496036346775101,,,,,,-176.1232414483269,366.2464828966538,389.8409490935474
2026-06-07T22:34:24,77,28,770028,constant,-176.12324144833474,366.2464828966695,389.8409490935631,True,0,2.877421423276777,0.0358962716822392,0.4233438367580688,0.7274995392508657,0.1349808388937843,0.1398746861736713,1.4960122467001713,,,,,,-176.12324144833445,366.2464828966689,389.8409490935625
2026-06-07T22:35:27,77,29,770029,constant,-176.12324144285589,366.24648288571177,389.8409490826054,True,0,2.8775872685855703,0.0358957136483171,0.4233453168939243,0.7275034082222206,0.1349796919365428,0.1398702794306091,1.4960273876827088,,,,,,-176.1232414428485,366.246482885697,389.8409490825906
2026-06-07T22:37:04,77,30,770030,constant,-176.12324146016246,366.2464829203249,389.84094911721854,True,0,2.877607493804275,0.035896154268469,0.4233580971294101,0.7274856383313103,0.1349725748871299,0.1398667203967571,1.4960528506836774,,,,,,-176.12324146015496,366.2464829203099,389.84094911720354
2026-06-07T22:38:49,77,31,770031,constant,-176.1232414800003,366.2464829600006,389.8409491568942,True,0,2.8778670706933704,0.0358941754522754,0.4233304118488869,0.7275207534610231,0.1349885661397458,0.1398676023681526,1.4962057037178007,,,,,,-176.12324147999965,366.2464829599993,389.8409491568929
2026-06-07T22:40:00,77,32,770032,constant,-176.1234277159034,366.2468554318068,389.8413216287004,True,0,2.90309674910627,0.0360827909218719,0.4216947900648825,0.7291590275576258,0.135050670042311,0.139536496682104,1.492419163820232,,,,,,-176.12342771540887,366.2468554308177,389.84132162771135
2026-06-07T22:41:10,77,33,770033,constant,-176.12324685160965,366.2464937032193,389.8409599001129,True,0,2.873385945372076,0.0359434920173563,0.4233941303545573,0.7273378312685977,0.1349682116720345,0.1399647926033186,1.4935765589396877,,,,,,-176.123246851553,366.246493703106,389.8409598999996
2026-06-07T22:42:30,77,34,770034,constant,-176.12324144523342,366.24648289046684,389.84094908736046,True,0,2.87760323848192,0.0358970281543275,0.423346395062467,0.727489507575248,0.1349789095463462,0.1398698263096623,1.495999584262754,,,,,,-176.12324144523495,366.2464828904699,389.8409490873635
2026-06-07T22:43:30,77,35,770035,constant,-176.12324160235144,366.2464832047029,389.8409494015965,True,0,2.8783910465729785,0.03589108418545,0.4233091682160397,0.7275675521646913,0.1349910298553597,0.1398558448941722,1.4963780364137758,,,,,,-176.12324160237932,366.24648320475865,389.84094940165227
2026-06-07T22:44:58,77,36,770036,constant,-176.12324158073994,366.2464831614799,389.8409493583735,True,0,2.878032915322747,0.0358875985633858,0.4233028029929749,0.7275790606958112,0.1350000395518664,0.1398677343608303,1.496512393149162,,,,,,-176.12324158074003,366.24648316148006,389.8409493583737
2026-06-07T22:46:41,77,37,770037,constant,-176.12324144296818,366.24648288593636,389.84094908283,True,0,2.877554182365444,0.0358968261441727,0.4233424915685641,0.7275003849913286,0.1349797045647353,0.1398714916472293,1.4960123382033448,,,,,,-176.12324144296423,366.24648288592846,389.8409490828221
2026-06-07T22:47:48,77,38,770038,constant,-176.1232502496158,366.2465004992316,389.84096669612524,True,0,2.8722800761386518,0.0358712253768287,0.4235216081768279,0.7272644514473603,0.1348383423751191,0.1399803699109317,1.4968394495587958,,,,,,-176.12325025085775,366.2465005017155,389.8409666986091
2026-06-07T22:49:15,77,39,770039,constant,-176.12324144339732,366.24648288679464,389.84094908368826,True,0,2.8775801249375825,0.0358971523479323,0.4233412363449985,0.7275029918291046,0.1349802866402338,0.1398707736668964,1.495986827170054,,,,,,-176.12324144339675,366.2464828867935,389.8409490836871
2026-06-07T22:50:23,77,40,770040,constant,-176.1232414557881,366.2464829115762,389.84094910846983,True,0,2.877372938388623,0.0358982604972179,0.4233535637711235,0.7274866288366243,0.1349729096316214,0.1398739783326675,1.495886540237361,,,,,,-176.1232414557856,366.2464829115712,389.8409491084648
2026-06-07T21:49:53,78,1,780001,constant,-176.12324509093145,366.2464901818629,389.8409563787565,True,0,2.8806645265433573,0.0358649917955603,0.4233439824186291,0.7274543098349934,0.1349413220333187,0.139802984027147,1.497871842776792,,,,,,-176.12324509092815,366.2464901818563,389.8409563787499
2026-06-07T21:51:31,78,2,780002,constant,-176.1234203111052,366.2468406222104,389.84130681910403,True,0,2.904688365102898,0.0357180500809876,0.4221179895097776,0.7296585875467304,0.1353834781332426,0.1394130422344439,1.5085644400857032,,,,,,-176.12342031052722,366.2468406210545,389.84130681794807
2026-06-07T21:54:09,78,3,780003,constant,-176.12325797564577,366.24651595129154,389.84098214818516,True,0,2.886237346243946,0.0359060130362662,0.4228422580672918,0.728098047000651,0.1351922103389887,0.13972560956873,1.4968818427024986,,,,,,-176.12325797564478,366.2465159512896,389.8409821481832
2026-06-07T21:55:23,78,4,780004,constant,-176.1232414563144,366.2464829126288,389.8409491095224,True,0,2.877380494620194,0.0358990096175149,0.4233516620062669,0.7274891858429396,0.1349728438128019,0.1398743308261072,1.4958864367385871,,,,,,-176.1232414563139,366.2464829126278,389.84094910952143
2026-06-07T21:57:19,78,5,780005,constant,-176.1232530550742,366.2465061101484,389.840972307042,True,0,2.883754870341063,0.0358411608846646,0.4231715512388946,0.7277470097397329,0.1349843327581509,0.1397559597433186,1.4996415139306485,,,,,,-176.12325305503072,366.24650611006143,389.8409723069551
2026-06-07T21:59:48,78,6,780006,constant,-176.12324144477424,366.2464828895485,389.8409490864421,True,0,2.8775485957888582,0.0358954235021182,0.4233508831728392,0.7274941257539584,0.1349714794085601,0.1398707753683991,1.496042201459515,,,,,,-176.1232414447802,366.2464828895604,389.840949086454
2026-06-07T22:00:52,78,7,780007,constant,-176.123241506912,366.246483013824,389.8409492107176,True,0,2.8775815090270216,0.0358898415904394,0.4233688757506452,0.7274680045449979,0.1349712828625333,0.1398683329871531,1.4963062867092771,,,,,,-176.12324150691194,366.2464830138239,389.8409492107175
2026-06-07T22:01:52,78,8,780008,constant,-176.12324838768836,366.2464967753767,389.84096297227035,True,0,2.873991632770984,0.035945601805271,0.4233629886623096,0.7274103366186605,0.1348992885664386,0.1399395904373812,1.4929000192161634,,,,,,-176.12324838779674,366.2464967755935,389.8409629724871
2026-06-07T22:03:53,78,9,780009,constant,-176.12324146108202,366.24648292216403,389.84094911905765,True,0,2.8778372845224984,0.0358967975367406,0.4233273724922732,0.7275282398766172,0.1349778444499773,0.1398664866819617,1.4960526318039669,,,,,,-176.12324146106823,366.24648292213647,389.8409491190301
2026-06-07T22:05:49,78,10,780010,constant,-176.12324150889992,366.24648301779985,389.84094921469347,True,0,2.877037878520869,0.0358958571834012,0.423363604690963,0.7274845162658521,0.1349637597042139,0.13988171526746,1.4959905295893414,,,,,,-176.1232415089014,366.2464830178028,389.8409492146964
2026-06-07T22:07:36,78,11,780011,constant,-176.12324144903732,366.24648289807465,389.84094909496827,True,0,2.877392460516585,0.035895988765578,0.4233518482050599,0.7274916389845066,0.1349763998331005,0.1398742241240428,1.4960125175094163,,,,,,-176.1232414490375,366.2464828980749,389.84094909496855
2026-06-07T22:08:38,78,12,780012,constant,-176.12324144434098,366.24648288868195,389.8409490855756,True,0,2.877568456120085,0.0358944506633867,0.4233447015328397,0.7275075810344863,0.1349809076233797,0.1398709671499987,1.4960931618104156,,,,,,-176.12324144433856,366.2464828886771,389.84094908557074
2026-06-07T22:10:53,78,13,780013,constant,-176.12324145183237,366.24648290366474,389.84094910055836,True,0,2.8773685044649984,0.0358972957849818,0.4233520862663468,0.727487561198226,0.1349771450644365,0.1398744904729934,1.4959466353084,,,,,,-176.12324145183447,366.24648290366895,389.84094910056257
2026-06-07T22:11:52,78,14,780014,constant,-176.12327138867246,366.2465427773449,389.84100897423855,True,0,2.8803799849398946,0.0360555254748815,0.4232440432627858,0.7271959589069167,0.1347833057856712,0.1397993413593296,1.4886190498034182,,,,,,-176.12327138867025,366.2465427773405,389.8410089742341
2026-06-07T22:13:41,78,15,780015,constant,-176.12331522290754,366.2466304458151,389.8410966427087,True,0,2.8923305852571395,0.0360247121505435,0.4230163555531874,0.7272220232208757,0.1348346067057088,0.1395509874896695,1.4907878547419606,,,,,,-176.12331522290725,366.2466304458145,389.8410966427081
2026-06-07T22:15:32,78,16,780016,constant,-176.12324144630196,366.2464828926039,389.84094908949754,True,0,2.8775479778049453,0.0358970598976522,0.4233440590236922,0.7274897472092592,0.1349773524693467,0.1398719831695626,1.4959851691316144,,,,,,-176.12324144630358,366.2464828926072,389.8409490895008
2026-06-07T22:18:23,78,17,780017,constant,-176.12346536327328,366.24693072654657,389.8413969234402,True,0,2.8947068629219768,0.0354941393768944,0.4226057547605258,0.7298160800481085,0.1355051415475506,0.1396088759788822,1.5180359349391277,,,,,,-176.1234653586544,366.2469307173088,389.8413969142025
2026-06-07T22:21:04,78,18,780018,constant,-176.1232414483872,366.2464828967744,389.84094909366803,True,0,2.877636776925196,0.0358960680538719,0.42334363865069,0.7275101068537603,0.13496909918018,0.1398696044286129,1.4960482013139258,,,,,,-176.12324144839232,366.24648289678464,389.8409490936783
2026-06-07T22:22:18,78,19,780019,constant,-176.12324158003423,366.24648316006846,389.8409493569621,True,0,2.877996538234816,0.0358849255115952,0.4233603717635867,0.7275180304153712,0.1349873962070497,0.1398578002928615,1.496446777589232,,,,,,-176.12324158037632,366.24648316075263,389.8409493576463
2026-06-07T22:24:17,78,20,780020,constant,-176.12324193661993,366.24648387323987,389.8409500701335,True,0,2.878068144845735,0.0359133886449247,0.4233632951946183,0.7273784774346717,0.1349395513839458,0.1398556013977809,1.49522666085904,,,,,,-176.12324193665535,366.2464838733107,389.8409500702043
2026-06-07T22:26:05,78,21,780021,constant,-176.12324145094985,366.2464829018997,389.8409490987933,True,0,2.877459894288629,0.0358981887539891,0.4233526834297734,0.727487420224589,0.1349724099189481,0.1398718763902021,1.4958976566596252,,,,,,-176.12324145094533,366.24648290189066,389.8409490987843
2026-06-07T22:28:06,78,22,780022,constant,-176.12324146330516,366.2464829266103,389.84094912350395,True,0,2.877408641971912,0.0358928861312409,0.4233566504027921,0.727482992156085,0.1349800464216526,0.1398732814637511,1.4961467988859518,,,,,,-176.12324146330258,366.2464829266052,389.8409491234988
2026-06-07T22:29:15,78,23,780023,constant,-176.12325452322676,366.2465090464535,389.84097524334715,True,0,2.8711868760057278,0.0359594817228288,0.4236519152194294,0.7270314893635725,0.1347378909257153,0.1399728902785797,1.49199786987914,,,,,,-176.12325452580285,366.2465090516057,389.8409752484993
2026-06-07T22:30:54,78,24,780024,constant,-176.1232416245645,366.246483249129,389.84094944602265,True,0,2.8784706858989644,0.035892523929597,0.4233070035493858,0.72754880985518,0.1350044829044552,0.139854131561248,1.496279805172386,,,,,,-176.1232416245801,366.2464832491602,389.8409494460538
2026-06-07T22:32:33,78,25,780025,constant,-176.12352037313667,366.24704074627334,389.84150694316696,True,0,2.900343509671408,0.0362833627591799,0.4224372633278165,0.7274205546011034,0.1348540624179234,0.139393969519473,1.480217415601896,,,,,,-176.12352037313013,366.24704074626027,389.8415069431539
2026-06-07T22:34:15,78,26,780026,constant,-176.12324155726694,366.2464831145339,389.8409493114275,True,0,2.8781960990852835,0.035896195233795,0.4233197569949954,0.7275650462614075,0.134975930749391,0.1398578329415604,1.4960285439177017,,,,,,-176.12324155724102,366.246483114482,389.84094931137565
2026-06-07T22:38:15,78,27,780027,constant,-176.12324298435175,366.2464859687035,389.8409521655971,True,0,2.87922341702048,0.0358647611551156,0.4232879610677461,0.7276393331408775,0.1350255706031075,0.1398429350609487,1.4977658388816233,,,,,,-176.12324298435112,366.2464859687023,389.8409521655959
2026-06-07T22:40:51,78,28,780028,constant,-176.12324144705786,366.24648289411573,389.84094909100935,True,0,2.8774676621207838,0.0358972894802642,0.4233488342978134,0.7274958418129769,0.1349747963508943,0.1398723549781792,1.4959397467980842,,,,,,-176.1232414470609,366.2464828941218,389.8409490910154
2026-06-07T22:42:21,78,29,780029,constant,-176.12324144691848,366.24648289383697,389.8409490907306,True,0,2.8775137856070074,0.0358950996763686,0.4233504689110335,0.7274935926164977,0.1349819900010035,0.139870639469981,1.4960114847659924,,,,,,-176.1232414469211,366.2464828938422,389.8409490907358
2026-06-07T22:43:39,78,30,780030,constant,-176.1232440703689,366.2464881407378,389.84095433763144,True,0,2.8742550104001205,0.0359165968193187,0.4234913993791796,0.7272235759284478,0.1349241607160662,0.1399289613220113,1.494624231002738,,,,,,-176.12324407037195,366.2464881407439,389.8409543376375
2026-06-07T22:45:11,78,31,780031,constant,-176.12324144720395,366.2464828944079,389.8409490913015,True,0,2.8775341277522632,0.0358977368369705,0.4233489380029563,0.7274894502897675,0.1349704101995257,0.1398708792392242,1.4959719156304048,,,,,,-176.12324144720554,366.2464828944111,389.8409490913047
2026-06-07T22:47:54,78,32,780032,constant,-176.1232414969897,366.2464829939794,389.840949190873,True,0,2.8778891058194978,0.0358988129687498,0.4233256554862977,0.7275147936939823,0.1349763688163117,0.1398655742265697,1.4958596575747962,,,,,,-176.12324149699873,366.2464829939975,389.8409491908911
2026-06-07T22:50:08,78,33,780033,constant,-176.12334750875385,366.2466950175077,389.8411612144013,True,0,2.877329201537235,0.0361626797837464,0.4241050959041954,0.7253067979492779,0.1341232586581406,0.1397447961181271,1.4823782109701542,,,,,,-176.12334750846503,366.24669501693006,389.8411612138237
2026-06-07T22:51:57,78,34,780034,constant,-176.12324154700883,366.24648309401766,389.8409492909113,True,0,2.878050128046511,0.0358911269981257,0.4233555740778223,0.7274744800360282,0.1349701486681895,0.1398588636221196,1.4962912695132329,,,,,,-176.1232415472377,366.2464830944754,389.840949291369
2026-06-07T22:53:54,78,35,780035,constant,-176.1232576108651,366.2465152217302,389.8409814186238,True,0,2.873303353360322,0.0360001638050893,0.4235054528500865,0.7267654757383246,0.1347627911003406,0.1399409791169236,1.4905950130995826,,,,,,-176.12325760999104,366.2465152199821,389.8409814168757
2026-06-07T22:55:35,78,36,780036,constant,-176.12438209465907,366.24876418931814,389.84323038621176,True,0,2.836012984008452,0.0367195231019063,0.426406292302125,0.7209022467647709,0.1331955052997994,0.1403707623528837,1.4499432951336786,,,,,,-176.1243820943713,366.2487641887426,389.8432303856362
2026-06-07T22:56:58,78,37,780037,constant,-176.12844804990215,366.2568960998043,389.8513622966979,True,0,2.7332133615033647,0.0368661022111629,0.4293394865612549,0.7171793699064827,0.1325605294358441,0.1425692648288141,1.43395503795482,,,,,,-176.12844804833722,366.2568960966744,389.85136229356806
2026-06-07T22:58:11,78,38,780038,constant,-176.12324144647627,366.24648289295254,389.84094908984616,True,0,2.877441411973781,0.0358953969978126,0.423348137738565,0.7275023731874316,0.1349805198345601,0.1398734127691059,1.4960406499092171,,,,,,-176.12324144647653,366.24648289295305,389.8409490898467
2026-06-07T23:00:08,78,39,780039,constant,-176.12324144763306,366.2464828952661,389.84094909215975,True,0,2.877661192702785,0.0358955676505017,0.4233458896767295,0.7275034567736428,0.1349750838281475,0.1398680241183116,1.4960790970043656,,,,,,-176.1232414476368,366.2464828952736,389.8409490921673
2026-06-07T23:06:58,78,40,780040,constant,-149.09259651828438,312.18519303656876,335.7796592334624,True,0,9.993020361856088,3.560791736630737,0.6908586762404866,0.4478872182224829,0.0096081143486261,0.0169685006824833,0.093467746331514,,,,,,-149.09259651828555,312.1851930365711,335.7796592334647
2026-06-07T21:50:28,79,1,790001,constant,-176.12324194920288,366.24648389840576,389.8409500952994,True,0,2.8782870415744264,0.0358784471223441,0.4232805688259139,0.7276554045289452,0.1350241817932885,0.139863898411173,1.4970374997573432,,,,,,-176.12324194955107,366.24648389910215,389.84095009599577
2026-06-07T21:51:56,79,2,790002,constant,-176.1232414982153,366.2464829964306,389.8409491933242,True,0,2.8779300002626504,0.0359007061265452,0.4233423983449003,0.7274926838722706,0.1349726054186539,0.1398624744935115,1.4958843336672254,,,,,,-176.1232414982012,366.2464829964024,389.840949193296
2026-06-07T21:52:51,79,3,790003,constant,-176.12324207163533,366.24648414327066,389.8409503401643,True,0,2.878170172023748,0.0358942933146824,0.4233033697738639,0.7275060363388681,0.1350859388344462,0.1398547753522208,1.496150559519074,,,,,,-176.12324207163536,366.2464841432707,389.84095034016434
2026-06-07T21:54:05,79,4,790004,constant,-176.12324149146525,366.2464829829305,389.8409491798241,True,0,2.8776569728912063,0.0358882564006568,0.423336957341728,0.7275417627552033,0.1349884443644334,0.1398702875044594,1.496339662383806,,,,,,-176.12324149146522,366.2464829829304,389.84094917982407
2026-06-07T21:55:49,79,5,790005,constant,-176.1232728298666,366.2465456597332,389.84101185662684,True,0,2.8809659181242293,0.0360654391087104,0.4231771018231135,0.7271362035371132,0.1348301364763464,0.1397974648962318,1.4886262968051784,,,,,,-176.12327282986723,366.24654565973447,389.8410118566281
2026-06-07T21:57:33,79,6,790006,constant,-176.12324144664217,366.24648289328434,389.84094909017796,True,0,2.8775189619333177,0.0358975748266142,0.4233492062652997,0.7274881344330147,0.1349738557707466,0.1398710862789921,1.4959376467110492,,,,,,-176.12324144664314,366.2464828932863,389.8409490901799
2026-06-07T21:58:44,79,7,790007,constant,-176.123241451779,366.246482903558,389.8409491004516,True,0,2.877424487449063,0.035898508030896,0.4233479424367015,0.7274879817059564,0.1349804384104778,0.1398738674546255,1.4959181753656892,,,,,,-176.12324145177854,366.2464829035571,389.8409491004507
2026-06-07T21:59:51,79,8,790008,constant,-176.1232416723842,366.2464833447684,389.84094954166204,True,0,2.878424457493878,0.0358991494529633,0.4232742092610944,0.727562694205934,0.1350219651196862,0.1398599948642491,1.496021667882104,,,,,,-176.12324167231338,366.2464833446268,389.8409495415204
2026-06-07T22:00:57,79,9,790009,constant,-176.12465238697817,366.24930477395634,389.84377097084996,True,0,2.796594895649002,0.0360013972235065,0.4262836118289915,0.7238044971373846,0.135043034161103,0.14140804006537,1.4799906959070055,,,,,,-176.12465238682822,366.2493047736564,389.84377097055005
2026-06-07T22:02:26,79,10,790010,constant,-176.1232759102825,366.246551820565,389.8410180174586,True,0,2.8654237069626816,0.0359507874549386,0.4237613412228831,0.7269004818723679,0.1347772364313191,0.1400998565030768,1.49134832418969,,,,,,-176.12327591020775,366.2465518204155,389.8410180173091
2026-06-07T22:03:27,79,11,790011,constant,-176.12325133429914,366.2465026685983,389.8409688654919,True,0,2.870874503688793,0.0359139680885796,0.4237038851665408,0.7269795625102564,0.1348812674538688,0.139977499603888,1.4939787259559871,,,,,,-176.12325133426083,366.24650266852166,389.8409688654153
2026-06-07T22:04:34,79,12,790012,constant,-176.12324167394576,366.2464833478915,389.84094954478513,True,0,2.877781315161536,0.0358976995429239,0.423405095567971,0.7274149387811663,0.1349753080695787,0.1398557462533517,1.4958953013616665,,,,,,-176.12324167374226,366.2464833474845,389.8409495443781
2026-06-07T22:05:55,79,13,790013,constant,-176.12324145334478,366.24648290668955,389.84094910358317,True,0,2.877555198508394,0.0358931550618793,0.4233533606651183,0.7274906822536373,0.1349814985111596,0.1398693466962018,1.4960690005048791,,,,,,-176.12324145335035,366.2464829067008,389.8409491035944
2026-06-07T22:07:13,79,14,790014,constant,-176.12383859554308,366.24767719108615,389.8421433879798,True,0,2.920432721092247,0.0363394490673653,0.4211038414890873,0.7291604289323522,0.1352745346066041,0.1390995926056427,1.4812707654674415,,,,,,-176.12383859568257,366.24767719136514,389.8421433882588
2026-06-07T22:09:10,79,15,790015,constant,-176.12324149041757,366.24648298083514,389.84094917772876,True,0,2.8776359223480656,0.0358881941468932,0.4233370008625142,0.72754097674355,0.1349930487458715,0.1398697974082994,1.4963071900545035,,,,,,-176.12324149041228,366.24648298082457,389.8409491777182
2026-06-07T22:10:19,79,16,790016,constant,-176.12324145010837,366.24648290021673,389.84094909711035,True,0,2.877648386662214,0.0358973723749022,0.4233399267665557,0.7275056363834116,0.1349732379250816,0.1398689977197483,1.4959486364691876,,,,,,-176.12324145010717,366.2464829002144,389.840949097108
2026-06-07T22:11:39,79,17,790017,constant,-176.12324183504197,366.24648367008393,389.84094986697755,True,0,2.878161870834255,0.035912164825945,0.4233419420492558,0.727427638860396,0.1349683449814849,0.139853998048008,1.495332339152022,,,,,,-176.12324183498373,366.24648366996746,389.8409498668611
2026-06-07T22:12:36,79,18,790018,constant,-176.12330844760348,366.24661689520696,389.8410830921006,True,0,2.89460486447128,0.0357986086734758,0.422635663781331,0.7286976944411259,0.1352785337179728,0.1395683106302739,1.5030454104123605,,,,,,-176.12330844750176,366.2466168950035,389.84108309189713
2026-06-07T22:14:15,79,19,790019,constant,-176.12324145881266,366.2464829176253,389.84094911451893,True,0,2.877360550289581,0.0358992547063573,0.4233517516097922,0.7274852251570696,0.1349781082945719,0.1398744466357117,1.4958819862409225,,,,,,-176.12324145881132,366.2464829176226,389.84094911451626
2026-06-07T22:17:36,79,20,790020,constant,-176.12324148825752,366.24648297651504,389.84094917340866,True,0,2.877553936188769,0.0358961871402134,0.423351361373115,0.7275295705033121,0.1349567539944852,0.1398701808580689,1.4960182739689931,,,,,,-176.12324148825851,366.246482976517,389.84094917341065
2026-06-07T22:19:40,79,21,790021,constant,-176.12324145948935,366.2464829189787,389.8409491158723,True,0,2.877816939187516,0.0358933453693296,0.4233420239744064,0.7275130941648391,0.1349775617214778,0.1398648773879152,1.496122580528627,,,,,,-176.12324145948887,366.2464829189777,389.84094911587135
2026-06-07T22:22:48,79,22,790022,constant,-176.12325413192275,366.2465082638455,389.8409744607391,True,0,2.8709915187883115,0.0359289849699815,0.4238451161644347,0.7266923119693866,0.1346858931261682,0.139950222335175,1.4933169594147224,,,,,,-176.12325413192323,366.24650826384647,389.8409744607401
2026-06-07T22:25:05,79,23,790023,constant,-176.1232415174096,366.2464830348192,389.84094923171284,True,0,2.8775884920763546,0.0358892697935252,0.4233407913742933,0.7275593196539534,0.1349669455804075,0.1398716838379247,1.496232538736389,,,,,,-176.12324151742104,366.2464830348421,389.8409492317357
2026-06-07T22:26:05,79,24,790024,constant,-162.97985733373133,339.95971466746266,363.5541808643563,True,0,2.5872832672169546,0.4757922046681586,0.0313263683431987,1.7128092274829303,0.2234593425647325,0.1171128493871881,1.1297835588376903,,,,,,-162.97985733496503,339.95971466993007,363.5541808668237
2026-06-07T22:27:47,79,25,790025,constant,-176.12334107554386,366.2466821510877,389.84114834798135,True,0,2.889164428761528,0.035623518072293,0.4226029022461759,0.7293543741056443,0.1354457916668465,0.1397042088160047,1.5101952186866503,,,,,,-176.1233410755554,366.2466821511108,389.8411483480044
2026-06-07T22:30:03,79,26,790026,constant,-176.12324146088497,366.24648292176994,389.84094911866356,True,0,2.8774913033837737,0.0358997405090814,0.4233388283212846,0.7275057221109076,0.1349852141876115,0.139873246888023,1.495859635871636,,,,,,-176.12324146088392,366.24648292176784,389.8409491186615
2026-06-07T22:31:41,79,27,790027,constant,-176.12324152062007,366.24648304124014,389.84094923813376,True,0,2.87806540247429,0.0358914671449443,0.4233448027504458,0.7275258222980986,0.1349836392926757,0.1398581873225962,1.4961635545067826,,,,,,-176.1232415209192,366.2464830418384,389.840949238732
2026-06-07T22:32:54,79,28,790028,constant,-176.12324144895462,366.24648289790923,389.84094909480285,True,0,2.8774118162941016,0.0358969459553319,0.4233459012199507,0.7274950033210906,0.1349801143017668,0.1398748325663912,1.4959821420326327,,,,,,-176.12324144895416,366.2464828979083,389.84094909480194
2026-06-07T22:34:03,79,29,790029,constant,-176.1232414572745,366.246482914549,389.8409491114426,True,0,2.877440970628729,0.0359000720766311,0.423348862400229,0.7274885272299536,0.1349734245097536,0.1398732482021303,1.495862716649648,,,,,,-176.1232414572753,366.2464829145506,389.8409491114442
2026-06-07T22:35:58,79,30,790030,constant,-176.12324146068505,366.2464829213701,389.8409491182637,True,0,2.877391597809739,0.0358979908213903,0.4233636220713525,0.7274616271120412,0.1349669458066153,0.1398723525841375,1.4959030170159209,,,,,,-176.123241460685,366.24648292137,389.8409491182636
2026-06-07T22:37:34,79,31,790031,constant,-176.12324147509423,366.24648295018847,389.8409491470821,True,0,2.87791047741814,0.0358928687576905,0.4233336364305005,0.7275287425478796,0.1349811595675935,0.1398642148920921,1.4962215716690703,,,,,,-176.12324147508556,366.2464829501711,389.8409491470648
2026-06-07T22:38:33,79,32,790032,constant,-176.12444189832092,366.24888379664185,389.84334999353547,True,0,2.9216490651665983,0.0367366267834305,0.4220721023283689,0.7259082814841042,0.13407997157426,0.1388992607216869,1.4615169531814194,,,,,,-176.1244418983199,366.2488837966398,389.8433499935334
2026-06-07T22:39:46,79,33,790033,constant,-176.12324688559443,366.24649377118885,389.8409599680825,True,0,2.8766811570663515,0.0359084680180137,0.4233587866769345,0.7276967013929481,0.1351111490892363,0.1398686973947264,1.4941301529171611,,,,,,-176.12324688228597,366.246493764572,389.8409599614656
2026-06-07T22:41:00,79,34,790034,constant,-176.12384336878483,366.24768673756967,389.8421529344633,True,0,2.853525703128473,0.0365874079282539,0.4245400624376968,0.7239521845739884,0.1340273200230766,0.1401953905323475,1.4599018341405716,,,,,,-176.12384336794398,366.247686735888,389.8421529327816
2026-06-07T22:43:10,79,35,790035,constant,-176.12326078795468,366.24652157590936,389.840987772803,True,0,2.886771402801591,0.0358721870777454,0.4229166785048296,0.7281262429578423,0.1349501745158933,0.139713923200012,1.49868720605678,,,,,,-176.12326078452597,366.246521569052,389.8409877659456
2026-06-07T22:44:10,79,36,790036,constant,-176.14523928999742,366.29047857999484,389.88494477688846,True,0,2.582537481150984,0.0365465032159523,0.4424098652914875,0.6982529407704291,0.1268811781204749,0.1448144113219872,1.4198506758052374,,,,,,-176.14523929006828,366.29047858013655,389.88494477703017
2026-06-07T22:46:18,79,37,790037,constant,-173.85340798733932,361.70681597467865,385.30128217157227,True,0,2.865096789523075,9.998885217000138,0.7187512172608335,0.3420672552506508,0.0376400541784814,0.0493813180672857,0.048832818773307,,,,,,-173.85340798735314,361.7068159747063,385.3012821715999
2026-06-07T22:47:10,79,38,790038,constant,-176.1232414552416,366.2464829104832,389.84094910737684,True,0,2.877600010300169,0.0358987610747029,0.4233463838949667,0.727488541154473,0.1349729962482772,0.1398697273200033,1.4958738421305495,,,,,,-176.1232414552418,366.2464829104836,389.8409491073773
2026-06-07T22:48:45,79,39,790039,constant,-176.12324145969149,366.24648291938297,389.8409491162766,True,0,2.877431215217535,0.0358952362563778,0.4233581205484044,0.7275004989393249,0.1349819653619323,0.1398721537674445,1.4960087086542408,,,,,,-176.12324145968694,366.2464829193739,389.8409491162675
2026-06-07T22:50:13,79,40,790040,constant,-176.12335194269053,366.24670388538107,389.8411700822747,True,0,2.8953678378721044,0.035669980777837,0.422562262271924,0.7292724776022227,0.1353423389528216,0.1395942854522198,1.5088330660532394,,,,,,-176.12335194317208,366.24670388634416,389.8411700832378
2026-06-07T21:50:05,80,1,800001,constant,-176.12324144910122,366.24648289820243,389.84094909509605,True,0,2.8777178862737287,0.0358962529188353,0.4233368028298498,0.7275022963546688,0.1349812105726666,0.1398689070464619,1.4960583557474063,,,,,,-176.12324144909337,366.24648289818674,389.8409490950804
2026-06-07T21:51:05,80,2,800002,constant,-176.12324144910218,366.24648289820436,389.840949095098,True,0,2.8774480087002603,0.0358957797484894,0.423354803838701,0.7274955520802688,0.1349795048990532,0.139871954726336,1.4959861231070315,,,,,,-176.12324144909917,366.2464828981984,389.840949095092
2026-06-07T21:53:55,80,3,800003,constant,-176.12324787372302,366.24649574744603,389.84096194433965,True,0,2.8722450521782017,0.0359018156043959,0.4235787911091854,0.7271511730713918,0.1348284035171598,0.1399729851945323,1.4953186364211082,,,,,,-176.12324787403443,366.24649574806887,389.8409619449625
2026-06-07T21:55:08,80,4,800004,constant,-176.12326870544302,366.24653741088605,389.84100360777967,True,0,2.886482714488749,0.0359714927033385,0.4229362757337386,0.7272518904636398,0.1350194290841853,0.1397335975858503,1.4945881472908615,,,,,,-176.12326870363916,366.2465374072783,389.84100360417193
2026-06-07T21:57:01,80,5,800005,constant,-176.1232414441875,366.246482888375,389.8409490852686,True,0,2.8775620017480947,0.0358956090622724,0.4233507806443433,0.7274955442703624,0.1349719042477819,0.1398700425224624,1.4960319366692851,,,,,,-176.12324144418182,366.2464828883636,389.8409490852573
2026-06-07T21:59:55,80,6,800006,constant,-176.12324147610704,366.2464829522141,389.8409491491077,True,0,2.8778850767662827,0.0358956439248216,0.4233504620863714,0.7274932352842328,0.1349683698426773,0.1398619741339725,1.496090161001278,,,,,,-176.12324147610693,366.24648295221385,389.8409491491075
2026-06-07T22:02:20,80,7,800007,constant,-176.12324147827707,366.24648295655413,389.84094915344775,True,0,2.877849172369592,0.0358983478135329,0.4233232711362401,0.7275076038978823,0.1349825131305794,0.1398662474980186,1.49594940638914,,,,,,-176.12324147827357,366.2464829565472,389.8409491534408
2026-06-07T22:03:40,80,8,800008,constant,-176.12324145491417,366.24648290982833,389.84094910672195,True,0,2.877454614645311,0.0358932806414468,0.4233573118366306,0.7274935869644654,0.1349762888700873,0.1398713051212604,1.4961242944676758,,,,,,-176.12324145491067,366.2464829098213,389.84094910671496
2026-06-07T22:05:29,80,9,800009,constant,-176.12324146875739,366.24648293751477,389.8409491344084,True,0,2.8772731452386666,0.0358939036853986,0.4233537283246337,0.7274998886870928,0.1349733366704157,0.1398763726340431,1.4960344566045332,,,,,,-176.1232414687566,366.2464829375132,389.8409491344068
2026-06-07T22:06:27,80,10,800010,constant,-176.12324144373179,366.24648288746357,389.8409490843572,True,0,2.8775427964433846,0.0358954827623954,0.4233491906331165,0.7275029572452157,0.1349742365746352,0.1398706913801652,1.4960302739253646,,,,,,-176.12324144373633,366.2464828874727,389.8409490843663
2026-06-07T22:07:39,80,11,800011,constant,-176.1232415750041,366.2464831500082,389.8409493469018,True,0,2.8781020085201225,0.0358946743089561,0.4233087950604388,0.7275312328079638,0.1350264359230532,0.1398616018089578,1.496142228691093,,,,,,-176.1232415750164,366.2464831500328,389.8409493469264
2026-06-07T22:09:15,80,12,800012,constant,-176.12324161223574,366.2464832244715,389.8409494213651,True,0,2.87823135950042,0.0359031826292042,0.4233294755708702,0.727500938029032,0.1349736241820073,0.1398547857646334,1.495725016984278,,,,,,-176.1232416121213,366.2464832242426,389.8409494211362
2026-06-07T22:10:45,80,13,800013,constant,-176.12324146331594,366.24648292663187,389.8409491235255,True,0,2.8775390865960606,0.035898711846722,0.423341941499006,0.7275031956529094,0.1349905432752923,0.1398714972983192,1.4958858410182942,,,,,,-176.1232414633172,366.2464829266344,389.840949123528
2026-06-07T22:11:58,80,14,800014,constant,-176.12351317908315,366.2470263581663,389.8414925550599,True,0,2.8674706963634398,0.035412153625548,0.4233483299522094,0.7293613328378064,0.1357373267493968,0.1401730563388029,1.5175565055129083,,,,,,-176.1235131790825,366.247026358165,389.8414925550586
2026-06-07T22:15:24,80,15,800015,constant,-176.1232425882064,366.2464851764128,389.84095137330644,True,0,2.879751020274758,0.0358824435193361,0.4232347175314364,0.7276972459343953,0.1350261123503797,0.1398343445751662,1.4969606894011884,,,,,,-176.12324258820746,366.2464851764149,389.8409513733085
2026-06-07T22:16:27,80,16,800016,constant,-176.1232414467261,366.2464828934522,389.8409490903458,True,0,2.877447066700377,0.0358960859167707,0.4233506669522939,0.7274917163975806,0.1349776643094853,0.1398733534010311,1.4960310824352336,,,,,,-176.12324144672328,366.24648289344657,389.8409490903402
2026-06-07T22:17:49,80,17,800017,constant,-176.12326716999303,366.24653433998606,389.8410005368797,True,0,2.8670463604041467,0.0359464647163298,0.4239072273365547,0.7265775498331656,0.1347356264425974,0.1400436471413168,1.4921262383763787,,,,,,-176.12326716999246,366.2465343399849,389.84100053687854
2026-06-07T22:19:15,80,18,800018,constant,-176.1232414430369,366.2464828860738,389.8409490829674,True,0,2.877567113874532,0.0358954509654384,0.4233415865064749,0.7275070122292513,0.1349816931077803,0.1398713519913184,1.496062372640729,,,,,,-176.1232414430352,366.2464828860704,389.840949082964
2026-06-07T22:20:24,80,19,800019,constant,-176.12324161910632,366.24648323821265,389.84094943510627,True,0,2.8783487676626067,0.0359023910859461,0.4233062922676177,0.7275370945624186,0.1349650860432769,0.1398566316248946,1.4959149121128246,,,,,,-176.12324161953762,366.2464832390753,389.84094943596887
2026-06-07T22:21:32,80,20,800020,constant,-176.1232416024033,366.2464832048066,389.84094940170024,True,0,2.8780794305187443,0.0358875601837257,0.423314895203526,0.7275677512953137,0.134985817577682,0.1398630766063524,1.4965615267871826,,,,,,-176.1232416024348,366.2464832048696,389.8409494017632
2026-06-07T22:23:47,80,21,800021,constant,-176.12324155860466,366.2464831172093,389.84094931410294,True,0,2.8782273424542075,0.0358927988094079,0.4232953901728449,0.727570001890577,0.1349952115352202,0.1398622476815698,1.4962834701265524,,,,,,-176.12324155860452,366.246483117209,389.84094931410266
2026-06-07T22:24:40,80,22,800022,constant,-176.12324146281384,366.2464829256277,389.8409491225213,True,0,2.877271398365488,0.0358952206229187,0.4233628122200247,0.7274818399049966,0.1349711262766729,0.1398754736881645,1.4960102966464237,,,,,,-176.12324146281287,366.24648292562574,389.84094912251936
2026-06-07T22:26:40,80,23,800023,constant,-176.13734292773475,366.2746858554695,389.8691520523631,True,0,2.9817466980405567,0.0327216130210797,0.4162424797707803,0.7474905387327514,0.1423295322990054,0.1387099939822844,1.685700318111308,,,,,,-176.13734292773475,366.2746858554695,389.8691520523631
2026-06-07T22:27:38,80,24,800024,constant,-176.123345835322,366.246691670644,389.8411578675376,True,0,2.894038075885047,0.0356729934029067,0.4229931359745829,0.7284274813275331,0.135172706198886,0.1395422354482195,1.5088657396696523,,,,,,-176.12334583554312,366.24669167108624,389.8411578679799
2026-06-07T22:28:44,80,25,800025,constant,-176.125878497372,366.251756994744,389.84622319163765,True,0,2.7822925190408943,0.0364668661186982,0.430542927223718,0.7150593074242468,0.1316133481450739,0.1411595487557835,1.4556759035178894,,,,,,-176.1258784974019,366.2517569948038,389.8462231916975
2026-06-07T22:29:55,80,26,800026,constant,-176.12324146337716,366.2464829267543,389.84094912364793,True,0,2.8778615200841764,0.0358944918065143,0.42332975378441,0.7275324926589644,0.1349874075499927,0.1398656223994356,1.4961107267701703,,,,,,-176.12324146335845,366.2464829267169,389.8409491236105
2026-06-07T22:31:35,80,27,800027,constant,-143.1036774732999,300.2073549465998,323.80182114349344,True,0,7.531004482463524,1.090071329172975,0.8391066649446808,0.2456735416386135,0.0039228869044033,0.047509593060337,0.0137481476640895,,,,,,-143.10367747345526,300.2073549469105,323.80182114380415
2026-06-07T22:32:52,80,28,800028,constant,-176.12324175161058,366.24648350322116,389.8409497001148,True,0,2.8781134381730413,0.0358808402768764,0.4233023838156083,0.7275964329149427,0.1350040191524019,0.1398653058359652,1.4968372281784312,,,,,,-176.12324175164707,366.2464835032941,389.84094970018776
2026-06-07T22:34:09,80,29,800029,constant,-176.12324593121218,366.24649186242436,389.840958059318,True,0,2.878115949773669,0.0358374066881728,0.4232685955732254,0.7278220144113299,0.135065674320289,0.1398779629991866,1.4992031536004635,,,,,,-176.12324593148534,366.2464918629707,389.8409580598643
2026-06-07T22:37:39,80,30,800030,constant,-176.123241456924,366.246482913848,389.84094911074163,True,0,2.877549336385246,0.0358922388083859,0.4233586155980424,0.7274930399024592,0.1349744514556242,0.1398692812224252,1.4961635013381995,,,,,,-176.12324145692287,366.24648291384574,389.84094911073936
2026-06-07T22:38:58,80,31,800031,constant,-176.19627351175325,366.3925470235065,389.9870132204001,True,0,2.8973689872961144,0.0440327675049218,0.4166542840872534,0.7294867859619818,0.132924015576358,0.1388067453513435,1.170834747493469,,,,,,-176.19627351121147,366.39254702242295,389.98701321931657
2026-06-07T22:40:16,80,32,800032,constant,-176.12324205314343,366.24648410628686,389.8409503031805,True,0,2.8787710321260307,0.0359106196687108,0.4233286989486313,0.7274615643120108,0.1349489196439243,0.1398419714042643,1.495428532229649,,,,,,-176.12324205314346,366.2464841062869,389.8409503031805
2026-06-07T22:41:37,80,33,800033,constant,-176.12324766698202,366.24649533396405,389.84096153085767,True,0,2.874473246992916,0.0358972737668837,0.4232449776652954,0.7278171995691934,0.1350348362175143,0.1399588440231961,1.4947553299432506,,,,,,-176.1232476669777,366.2464953339554,389.840961530849
2026-06-07T22:42:28,80,34,800034,constant,-176.12324145910665,366.2464829182133,389.8409491151069,True,0,2.877375714762508,0.0358987676970887,0.4233550271659191,0.7274781124276665,0.1349723843924731,0.1398736588293095,1.4958587837188808,,,,,,-176.1232414591067,366.2464829182134,389.84094911510704
2026-06-07T22:44:19,80,35,800035,constant,-176.12510332448977,366.25020664897954,389.84467284587316,True,0,2.9167499373159904,0.0371043034078913,0.4223315126411723,0.7241641077697801,0.1340201594641026,0.1389352300917603,1.4451816746016093,,,,,,-176.12510332414433,366.2502066482887,389.8446728451823
2026-06-07T22:45:37,80,36,800036,constant,-176.1232416711776,366.2464833423552,389.8409495392488,True,0,2.8782389317819144,0.0358963637437805,0.4233584825704608,0.7274269609875395,0.1349803225731133,0.1398522868821227,1.4959505249457044,,,,,,-176.12324167099405,366.2464833419881,389.8409495388817
2026-06-07T22:47:22,80,37,800037,constant,-176.12324655755856,366.2464931151171,389.84095931201074,True,0,2.8750298820609976,0.0359202926326497,0.4232041810311261,0.7276595630941532,0.1348865534892186,0.1399664586015795,1.4959987020666572,,,,,,-176.12324655848997,366.24649311697993,389.8409593138736
2026-06-07T22:48:53,80,38,800038,constant,-176.12324150337983,366.24648300675966,389.8409492036533,True,0,2.8780151643043714,0.0358949282346718,0.423319348084784,0.7275518686052251,0.1349706163439135,0.1398634910830187,1.4961421121185627,,,,,,-176.1232415034533,366.2464830069066,389.8409492038002
2026-06-07T22:50:01,80,39,800039,constant,-176.12331026083368,366.24662052166735,389.841086718561,True,0,2.891673498518448,0.0359620911392958,0.4228672608409912,0.72753825139394,0.13503580738303,0.1395775550076855,1.4918325737641058,,,,,,-176.12331025984918,366.2466205196984,389.841086716592
2026-06-07T22:51:49,80,40,800040,constant,-176.12359904890718,366.24719809781436,389.841664294708,True,0,2.916170375930565,0.0356454284597575,0.4219374251212306,0.7299898398495094,0.1360702881658719,0.1390930515291143,1.5110481458163152,,,,,,-176.12359904892594,366.2471980978519,389.8416642947455
2026-06-07T21:50:37,81,1,810001,constant,-176.12324175569927,366.24648351139854,389.84094970829216,True,0,2.878689115417689,0.0358911000908156,0.4232900052165864,0.7275651510610479,0.1350158526201736,0.1398535686665736,1.4964067779981731,,,,,,-176.12324175572655,366.2464835114531,389.8409497083467
2026-06-07T21:52:14,81,2,810002,constant,-176.12324159215083,366.24648318430167,389.8409493811953,True,0,2.8779630017364624,0.0358862250246964,0.4233107925397317,0.7275763242869678,0.1349943643011329,0.1398680217027499,1.496580843234697,,,,,,-176.1232415921512,366.2464831843024,389.840949381196
2026-06-07T21:54:07,81,3,810003,constant,-176.12324145377923,366.24648290755846,389.8409491044521,True,0,2.87743541798391,0.0358976304352388,0.4233516007027728,0.7274949761836912,0.1349693426358982,0.1398734871924095,1.4959167542152707,,,,,,-176.12324145378025,366.2464829075605,389.8409491044541
2026-06-07T21:55:08,81,4,810004,constant,-176.12324156283603,366.24648312567206,389.8409493225657,True,0,2.8776476580745225,0.0358961995804341,0.4233802594052318,0.7274336376655592,0.1349711344891302,0.13986601036304,1.495877909052466,,,,,,-176.12324156283546,366.2464831256709,389.8409493225645
2026-06-07T21:57:36,81,5,810005,constant,-176.12324144309076,366.2464828861815,389.84094908307515,True,0,2.8775529120134955,0.0358968217036249,0.4233451262402185,0.7274986635807156,0.1349789366539953,0.1398708807119436,1.4959852627324768,,,,,,-176.12324144308815,366.2464828861763,389.8409490830699
2026-06-07T21:59:53,81,6,810006,constant,-176.12324144905034,366.2464828981007,389.8409490949943,True,0,2.877654586683175,0.0358947753845911,0.4233377711548219,0.7275171645353431,0.1349802275411557,0.139868943477131,1.4960994868756652,,,,,,-176.12324144904903,366.24648289809807,389.8409490949917
2026-06-07T22:00:56,81,7,810007,constant,-176.12324144873253,366.24648289746506,389.8409490943587,True,0,2.877508575673579,0.0358951613821443,0.4233508807843921,0.7274933446804464,0.1349848960334873,0.1398703768698903,1.4960246375755155,,,,,,-176.12324144873216,366.2464828974643,389.84094909435794
2026-06-07T22:02:20,81,8,810008,constant,-176.12324148691144,366.2464829738229,389.8409491707165,True,0,2.87760879372381,0.0358950409600712,0.4233323176509405,0.7274851635358307,0.1349914176784114,0.1398712443310344,1.4960548372743605,,,,,,-176.1232414869093,366.2464829738186,389.8409491707122
2026-06-07T22:03:15,81,9,810009,constant,-176.12360077424947,366.24720154849894,389.84166774539256,True,0,2.850541461167205,0.0354639987257269,0.4243537410442308,0.7274145160045569,0.135341624166576,0.1404344182405483,1.513022400097513,,,,,,-176.12360077505997,366.24720155012,389.8416677470136
2026-06-07T22:04:39,81,10,810010,constant,-176.12324162704422,366.24648325408845,389.84094945098207,True,0,2.878418662261662,0.0358917471811497,0.4233337001249156,0.7275050759968269,0.1349835848847213,0.1398525632898404,1.4963309941976586,,,,,,-176.1232416270371,366.2464832540742,389.8409494509678
2026-06-07T22:05:50,81,11,810011,constant,-176.123248786448,366.246497572896,389.8409637697896,True,0,2.873993090861998,0.0358438722524147,0.4233320182227495,0.7277576412800847,0.1350221462254422,0.1399672721323271,1.498361568225363,,,,,,-176.12324878610573,366.24649757221147,389.8409637691051
2026-06-07T22:06:55,81,12,810012,constant,-176.12324150982374,366.2464830196475,389.8409492165411,True,0,2.8779138435960814,0.035897112122005,0.423333205610183,0.7275091612263078,0.1349628455739115,0.1398658836747068,1.4959367399515178,,,,,,-176.12324150982377,366.24648301964754,389.8409492165412
2026-06-07T22:08:14,81,13,810013,constant,-176.12325894795057,366.24651789590115,389.84098409279477,True,0,2.8707002004287547,0.0359630094238635,0.4237447854523266,0.726973126902212,0.1346371224552421,0.1399654017913728,1.49138254400315,,,,,,-176.123258948437,366.246517896874,389.8409840937677
2026-06-07T22:09:38,81,14,810014,constant,-176.12324146070884,366.2464829214177,389.8409491183113,True,0,2.8775180838330785,0.0359002515489849,0.4233513303451669,0.7274749664859624,0.1349710581454119,0.1398708531392089,1.49583223856961,,,,,,-176.12324146070853,366.24648292141705,389.8409491183107
2026-06-07T22:10:52,81,15,810015,constant,-176.12324183331026,366.2464836666205,389.84094986351414,True,0,2.878474563808791,0.0358888599421352,0.4232796432843483,0.7275782775613758,0.1349915004298363,0.1398603744693666,1.4967201155436265,,,,,,-176.12324183330998,366.24648366662,389.8409498635136
2026-06-07T22:12:39,81,16,810016,constant,-176.12324144780678,366.24648289561355,389.8409490925072,True,0,2.877677938074912,0.0358957615750486,0.4233348897235497,0.7275216463904863,0.134982484655691,0.1398687930776921,1.496060176044271,,,,,,-176.12324144780382,366.2464828956077,389.84094909250126
2026-06-07T22:14:57,81,17,810017,constant,-176.12324144526752,366.24648289053505,389.84094908742867,True,0,2.8775061989373105,0.0358959124569053,0.4233540558633584,0.727485803265921,0.1349753945838046,0.1398708148995671,1.496011790698568,,,,,,-176.1232414452668,366.2464828905336,389.8409490874272
2026-06-07T22:16:17,81,18,810018,constant,-176.12366828698572,366.24733657397144,389.84180277086506,True,0,2.921815703423324,0.0356783338617039,0.4215675416892261,0.7303421149248578,0.1357215524986815,0.1390750065670779,1.5119599309689982,,,,,,-176.1236682869852,366.2473365739704,389.841802770864
2026-06-07T22:17:45,81,19,810019,constant,-176.12324145072589,366.24648290145177,389.8409490983454,True,0,2.877434806828385,0.0358937736622338,0.423350379955532,0.7275046981343346,0.13497959562902,0.1398735875168399,1.496080703249934,,,,,,-176.12324145072515,366.2464829014504,389.840949098344
2026-06-07T22:19:02,81,20,810020,constant,-176.12324162317,366.24648324634,389.8409494432336,True,0,2.8781163437656723,0.0358905688766516,0.423320087197054,0.7275137847957843,0.1350137659693075,0.1398588534178504,1.4963961523332732,,,,,,-176.1232416230946,366.2464832461892,389.8409494430828
2026-06-07T22:20:38,81,21,810021,constant,-176.12325896535617,366.24651793071234,389.84098412760596,True,0,2.8862599421296804,0.0358523635999323,0.4228677945960415,0.7282638347578004,0.1351651342458964,0.1397326465108915,1.4993145405837731,,,,,,-176.12325896550257,366.24651793100514,389.8409841278988
2026-06-07T22:22:34,81,22,810022,constant,-176.12324736461755,366.2464947292351,389.84096092612873,True,0,2.876512184496992,0.0358891733313817,0.4233614641361762,0.7273215448860475,0.1347068186492506,0.1399110945652852,1.4961933944752284,,,,,,-176.123247363584,366.246494727168,389.8409609240616
2026-06-07T22:24:02,81,23,810023,constant,-176.12324153474435,366.2464830694887,389.8409492663823,True,0,2.8780127008227376,0.0358955954637821,0.4233426952399592,0.7274673648867067,0.1349612497320936,0.1398622825515164,1.4960852326943666,,,,,,-176.12324153474077,366.2464830694816,389.8409492663752
2026-06-07T22:24:48,81,24,810024,constant,-176.12324146298056,366.2464829259611,389.84094912285474,True,0,2.877421281641589,0.0358991276906255,0.4233370661884805,0.7275088796940177,0.1349809850247045,0.139875172255379,1.4958589993332958,,,,,,-176.12324146298135,366.2464829259627,389.84094912285633
2026-06-07T22:26:01,81,25,810025,constant,-176.1232416287718,366.2464832575436,389.84094945443724,True,0,2.878091654488188,0.0358988846001347,0.423306546605164,0.7275889325501464,0.1349621288338746,0.1398665479433202,1.4961506948076762,,,,,,-176.1232416287719,366.2464832575438,389.8409494544374
2026-06-07T22:28:07,81,26,810026,constant,-176.12324144617264,366.2464828923453,389.8409490892389,True,0,2.87750986992647,0.0358951578723399,0.4233410261886879,0.7275133632293068,0.1349857436346034,0.1398722314270669,1.4960512343669772,,,,,,-176.12324144616883,366.24648289233767,389.8409490892313
2026-06-07T22:30:10,81,27,810027,constant,-176.12324161769735,366.2464832353947,389.8409494322883,True,0,2.8784100156881416,0.0358916021667041,0.4233009144013156,0.7275664912331193,0.1349850116669079,0.1398581828950997,1.4963939015458605,,,,,,-176.12324161774364,366.2464832354873,389.8409494323809
2026-06-07T22:31:46,81,28,810028,constant,-176.12500714651873,366.25001429303745,389.8444804899311,True,0,2.961817443358191,0.035259101847832,0.4196020875034844,0.7344631741978958,0.1366347540082669,0.1384510233842046,1.53822498622355,,,,,,-176.12500714721875,366.2500142944375,389.8444804913311
2026-06-07T22:34:05,81,29,810029,constant,-176.12324529206052,366.24649058412103,389.84095678101465,True,0,2.873355662650733,0.0358885296594808,0.4235370669626206,0.7273060006886809,0.1349717936222308,0.1399462490433465,1.4958571815869326,,,,,,-176.1232452919739,366.2464905839478,389.8409567808414
2026-06-07T22:35:36,81,30,810030,constant,-176.1235080618796,366.2470161237592,389.8414823206528,True,0,2.9091855931435413,0.0356233463046662,0.4219471700509818,0.7304758873289114,0.1355588095974371,0.1393312614579662,1.512666467696864,,,,,,-176.12350806700687,366.2470161340137,389.84148233090735
2026-06-07T22:37:37,81,31,810031,constant,-176.1232414468231,366.2464828936462,389.8409490905398,True,0,2.8775606040110198,0.0358973909009355,0.4233478775331089,0.7274990667472294,0.1349775459282658,0.1398699428649006,1.49593974556419,,,,,,-176.12324144682788,366.24648289365575,389.8409490905494
2026-06-07T22:39:32,81,32,810032,constant,-176.1236497027815,366.247299405563,389.84176560245663,True,0,2.845885686714896,0.0363258305985541,0.4251659192411591,0.7236144850145474,0.1341005944437633,0.140326263753738,1.4705541669246034,,,,,,-176.12364970330668,366.24729940661337,389.841765603507
2026-06-07T22:41:56,81,33,810033,constant,-176.12324147280017,366.24648294560035,389.84094914249397,True,0,2.877698522854943,0.0358940398432622,0.4233545417146208,0.7274957867760925,0.1349657758509008,0.1398642655276156,1.49600492564299,,,,,,-176.12324147279665,366.2464829455933,389.8409491424869
2026-06-07T22:43:37,81,34,810034,constant,-176.1232414855945,366.246482971189,389.8409491680826,True,0,2.877705908642928,0.0358955911875207,0.4233438737339378,0.72749527796036,0.1349690063714921,0.1398678279973755,1.495909356391424,,,,,,-176.12324148559367,366.2464829711873,389.84094916808095
2026-06-07T22:45:16,81,35,810035,constant,-176.1232414582688,366.2464829165376,389.84094911343124,True,0,2.8776847182048786,0.0358980835522027,0.423330598360325,0.7275144726066792,0.1349829381239896,0.1398695331711319,1.495913263163941,,,,,,-176.12324145826904,366.24648291653807,389.8409491134317
2026-06-07T22:47:50,81,36,810036,constant,-176.12324148355302,366.24648296710603,389.84094916399965,True,0,2.87792187386282,0.0358917736377752,0.4233228191880274,0.7275414819139858,0.1349932052232814,0.1398649920430668,1.4962101324822004,,,,,,-176.1232414835172,366.2464829670344,389.840949163928
2026-06-07T22:49:33,81,37,810037,constant,-176.1232452644108,366.2464905288216,389.8409567257152,True,0,2.873828329909521,0.0359326141114392,0.4234502349224199,0.7272941063958936,0.1349584799590805,0.1399472032366233,1.494748762598534,,,,,,-176.12324526451405,366.2464905290281,389.84095672592167
2026-06-07T22:51:26,81,38,810038,constant,-176.12324145032352,366.24648290064704,389.84094909754066,True,0,2.8775152422381125,0.035898937263746,0.4233436938571002,0.727497807680719,0.1349738619689905,0.1398721281589402,1.4958979988591388,,,,,,-176.1232414503237,366.2464829006474,389.840949097541
2026-06-07T22:53:00,81,39,810039,constant,-176.12324196942467,366.24648393884934,389.84095013574296,True,0,2.876186583490654,0.0359093205005813,0.4233871884068684,0.727411739586568,0.1349577417910379,0.1398975517030037,1.4952611953541108,,,,,,-176.12324196942393,366.2464839388479,389.8409501357415
2026-06-07T22:54:11,81,40,810040,constant,-176.1233234305547,366.2466468611094,389.84111305800303,True,0,2.8887581156917155,0.0356819718601498,0.4230832618983473,0.7286017011827092,0.1346739482632647,0.1396171391407811,1.5061054726697434,,,,,,-176.12332342900686,366.2466468580137,389.84111305490734
2026-06-07T21:51:09,82,1,820001,constant,-176.13406998846528,366.26813997693057,389.8626061738242,True,0,3.105865100530364,0.0347633430478701,0.4134567792381958,0.7444144370818132,0.139206076718921,0.1360600657902506,1.581114073858458,,,,,,-176.1340699890082,366.2681399780164,389.86260617491
2026-06-07T21:52:53,82,2,820002,constant,-176.1232426842101,366.2464853684202,389.84095156531384,True,0,2.8772500526362075,0.0358940419441668,0.423499929206576,0.7272625678947234,0.1349518170382975,0.1398495254931994,1.4951998838801837,,,,,,-176.12324268439608,366.24648536879215,389.84095156568577
2026-06-07T21:53:44,82,3,820003,constant,-176.12324230896004,366.2464846179201,389.8409508148137,True,0,2.8758620791783858,0.0359119155634957,0.4234238654919844,0.7273577195930032,0.1349282668000191,0.1398989451819417,1.49499823036666,,,,,,-176.12324230895788,366.24648461791577,389.8409508148094
2026-06-07T21:55:11,82,4,820004,constant,-176.12324145372273,366.24648290744545,389.8409491043391,True,0,2.8776506113822604,0.0358942167343745,0.4233359498009947,0.7275278106063318,0.1349762674286489,0.1398705541147916,1.4961481191059336,,,,,,-176.12324145371434,366.2464829074287,389.8409491043223
2026-06-07T21:57:24,82,5,820005,constant,-176.123370120629,366.246740241258,389.84120643815163,True,0,2.853540657847852,0.0358642189632301,0.4244458577770212,0.7261308465443634,0.1345416078790672,0.1403106371372596,1.4951859594996786,,,,,,-176.12337012139477,366.2467402427896,389.8412064396832
2026-06-07T21:58:57,82,6,820006,constant,-176.12324957280813,366.24649914561627,389.8409653425099,True,0,2.8729396560768428,0.0359484462991449,0.4236807815283024,0.7269392751338805,0.1348016779870331,0.1399315305230678,1.4926909810858555,,,,,,-176.12324957278236,366.2464991455647,389.84096534245833
2026-06-07T22:00:16,82,7,820007,constant,-176.12324144829228,366.24648289658455,389.8409490934782,True,0,2.877461470252836,0.0358964617847536,0.4233536939171963,0.7274854655300386,0.1349801440159663,0.1398715010975467,1.4959687456608353,,,,,,-176.12324144828705,366.2464828965741,389.8409490934677
2026-06-07T22:01:32,82,8,820008,constant,-176.12342013069343,366.24684026138686,389.8413064582805,True,0,2.8507008785278227,0.0357477059065231,0.4243988665162154,0.7267631223461535,0.1348440240886367,0.1403968919410924,1.4996364208234592,,,,,,-176.1234201305641,366.2468402611282,389.84130645802185
2026-06-07T22:03:22,82,9,820009,constant,-176.13779887978987,366.27559775957974,389.87006395647336,True,0,3.1021935072757283,0.0341798176279699,0.4251727246400156,0.7292064938002626,0.12854819113825,0.1346591170980642,1.5906901797985114,,,,,,-176.13779887141186,366.2755977428237,389.8700639397173
2026-06-07T22:06:01,82,10,820010,constant,-176.12324146944857,366.24648293889715,389.84094913579077,True,0,2.87787869722504,0.0358957934483983,0.4233405389423341,0.7275015389952487,0.1349769725832466,0.1398637187492942,1.4960040441522784,,,,,,-176.12324146943735,366.2464829388747,389.8409491357683
2026-06-07T22:07:39,82,11,820011,constant,-176.12325112921448,366.24650225842896,389.8409684553226,True,0,2.872146325101568,0.0358947326452222,0.4237910468076895,0.7267864565663134,0.1349145712269004,0.1399533325409196,1.495404847861661,,,,,,-176.12325112981944,366.2465022596389,389.8409684565325
2026-06-07T22:08:35,82,12,820012,constant,-176.1245054518671,366.2490109037342,389.8434771006278,True,0,2.8194180793341714,0.0366445740483573,0.4262893014245473,0.7213900588504629,0.1334460918429577,0.1407868064374012,1.4522953708964543,,,,,,-176.12450545211686,366.2490109042337,389.84347710112735
2026-06-07T22:10:24,82,13,820013,constant,-176.12324144989316,366.2464828997863,389.84094909667994,True,0,2.877439560474299,0.0358977151191121,0.4233508748283777,0.7274863356914798,0.1349719256890648,0.1398730872447809,1.4959241582127472,,,,,,-176.12324144989432,366.2464828997887,389.8409490966823
2026-06-07T22:11:55,82,14,820014,constant,-176.1232414636678,366.2464829273356,389.8409491242292,True,0,2.8774824008085704,0.035899932349832,0.423348558470737,0.727479372384811,0.1349722116391492,0.1398728418345068,1.4958246873017689,,,,,,-176.12324146367183,366.24648292734366,389.8409491242373
2026-06-07T22:13:19,82,15,820015,constant,-176.12364312664943,366.24728625329885,389.8417524501925,True,0,2.888542280767566,0.0363794623492677,0.4222340825648302,0.7253787270161095,0.133897238170903,0.1397812909488927,1.4793002375600717,,,,,,-176.12364312660043,366.24728625320085,389.8417524500945
2026-06-07T22:15:12,82,16,820016,constant,-176.12324155559864,366.2464831111973,389.8409493080909,True,0,2.8777510941674533,0.0358966122095395,0.4233794574439889,0.7274867858441871,0.1349679041437438,0.1398600724133386,1.496023914975442,,,,,,-176.1232415555975,366.246483111195,389.8409493080886
2026-06-07T22:17:57,82,17,820017,constant,-176.12324148112464,366.2464829622493,389.8409491591429,True,0,2.877703389578808,0.0358947126169533,0.4233458816057274,0.7275261540236115,0.1349767766172784,0.1398653523764795,1.4959433858212412,,,,,,-176.1232414811099,366.2464829622198,389.8409491591134
2026-06-07T22:19:17,82,18,820018,constant,-176.1232465542468,366.2464931084936,389.84095930538723,True,0,2.8777436247789474,0.0359407793662063,0.4234900058145842,0.7269050135109917,0.1347424814294449,0.1398559461491977,1.4942555179381198,,,,,,-176.123246554248,366.246493108496,389.8409593053896
2026-06-07T22:20:46,82,19,820019,constant,-176.1232414741834,366.2464829483668,389.8409491452604,True,0,2.877523526294216,0.0358987344227091,0.4233522732699653,0.7274598814311432,0.1349733603763661,0.1398701692718394,1.495849767012602,,,,,,-176.12324147418357,366.2464829483672,389.8409491452608
2026-06-07T22:21:56,82,20,820020,constant,-176.12324157908665,366.2464831581733,389.8409493550669,True,0,2.8782409326246503,0.0359003335869671,0.4233005280472314,0.7275310498202939,0.1350045217834165,0.1398609597306503,1.4960985834786444,,,,,,-176.12324157908702,366.2464831581741,389.84094935506766
2026-06-07T22:23:15,82,21,820021,constant,-176.12325820217865,366.2465164043573,389.8409826012509,True,0,2.8849435849498346,0.0359316835497627,0.4233275999900904,0.727352626141018,0.1347114214762612,0.1396957280751664,1.494838069605603,,,,,,-176.1232582021739,366.2465164043478,389.8409826012414
2026-06-07T22:24:05,82,22,820022,constant,-176.12324148016643,366.24648296033286,389.8409491572265,True,0,2.877855310408108,0.0358913407758106,0.4233293874450495,0.7275345652759068,0.1349869727828375,0.1398658373566313,1.4962799266806797,,,,,,-176.12324148016393,366.2464829603279,389.8409491572215
2026-06-07T22:25:49,82,23,820023,constant,-176.12324146290763,366.24648292581526,389.8409491227089,True,0,2.8772819724060685,0.0358961037212605,0.4233643250804222,0.7274755475919501,0.1349738615354961,0.1398744885766288,1.4959853752258294,,,,,,-176.12324146290865,366.2464829258173,389.8409491227109
2026-06-07T22:27:40,82,24,820024,constant,-176.12324144936545,366.2464828987309,389.8409490956245,True,0,2.877414887077776,0.0358951670777522,0.4233575282454886,0.7274885989502657,0.1349734937020885,0.139872607675672,1.496034863252478,,,,,,-176.1232414493642,366.2464828987284,389.840949095622
2026-06-07T22:28:57,82,25,820025,constant,-176.12324147083396,366.2464829416679,389.84094913856154,True,0,2.8772196016287364,0.0358976821717327,0.4233523865225966,0.7274896552878045,0.134978798363192,0.1398774706701907,1.4959169909772232,,,,,,-176.12324147083345,366.2464829416669,389.8409491385605
2026-06-07T22:31:43,82,26,820026,constant,-176.12324157841203,366.24648315682407,389.8409493537177,True,0,2.877776336120914,0.0358938068146089,0.4232933957278187,0.7276145622461041,0.1349886262189144,0.1398714175053997,1.4962351791330422,,,,,,-176.1232415784009,366.2464831568018,389.8409493536954
2026-06-07T22:33:26,82,27,820027,constant,-176.12356947182474,366.2471389436495,389.8416051405431,True,0,2.9176402574329665,0.0359058218911824,0.4220701707641486,0.7289720319254701,0.1352445027886432,0.1390724457196969,1.499487764748893,,,,,,-176.12356947178105,366.2471389435621,389.8416051404557
2026-06-07T22:34:46,82,28,820028,constant,-176.1232414524756,366.2464829049512,389.84094910184484,True,0,2.877350287448503,0.0358958236757473,0.4233532688701887,0.7274931323679297,0.1349753447951928,0.1398748822502014,1.4960077337846558,,,,,,-176.1232414524766,366.2464829049532,389.8409491018468
2026-06-07T22:36:02,82,29,820029,constant,-176.12324182116902,366.24648364233803,389.84094983923166,True,0,2.8779680338104208,0.0358963843807874,0.4233700473919203,0.7274451652518504,0.1349120569414164,0.1398606470295401,1.4963415777465292,,,,,,-176.12324182118448,366.24648364236896,389.8409498392626
2026-06-07T22:37:14,82,30,820030,constant,-176.1232414703031,366.2464829406062,389.8409491374998,True,0,2.877210793544475,0.035895477934964,0.4233631571703299,0.727478479440781,0.1349742957406445,0.1398769954688438,1.4960043458295766,,,,,,-176.12324147030142,366.2464829406029,389.84094913749647
2026-06-07T22:38:31,82,31,820031,constant,-176.12324157698367,366.24648315396735,389.84094935086097,True,0,2.8778695480144934,0.0358997921534164,0.4233612630519078,0.7274645205909194,0.1349635725178734,0.1398581109808704,1.4956697009226096,,,,,,-176.1232415770416,366.2464831540832,389.8409493509768
2026-06-07T22:39:39,82,32,820032,constant,-176.12324149589952,366.24648299179904,389.84094918869266,True,0,2.877976294812167,0.0358938254933355,0.4233332713143849,0.7275110648960468,0.1349813450172118,0.1398647883031709,1.4961610662834746,,,,,,-176.12324149588656,366.2464829917731,389.84094918866674
2026-06-07T22:41:43,82,33,820033,constant,-176.13745290486347,366.27490580972693,389.86937200662055,True,0,3.017329857258412,0.0389759855605388,0.4208996306404281,0.7177269755835074,0.1312697598491895,0.1366621132996111,1.374548431807772,,,,,,-176.1374528984901,366.2749057969802,389.8693719938738
2026-06-07T22:43:43,82,34,820034,constant,-176.12324208646774,366.2464841729355,389.8409503698291,True,0,2.877620712555389,0.035867763325318,0.4233607385134827,0.7275942739392032,0.135009616550468,0.1398644381126264,1.496654723929336,,,,,,-176.12324208646862,366.2464841729373,389.84095036983086
2026-06-07T22:45:25,82,35,820035,constant,-176.12324144995296,366.2464828999059,389.84094909679953,True,0,2.8776283758403114,0.0358976953652941,0.4233484501417729,0.727486274143371,0.1349723818482414,0.1398686521375384,1.4959330839042668,,,,,,-176.12324144995608,366.24648289991217,389.8409490968058
2026-06-07T22:47:28,82,36,820036,constant,-176.12324147028616,366.2464829405723,389.84094913746594,True,0,2.877591383203636,0.0358961118429562,0.4233695892778543,0.7274607164258466,0.1349650817632504,0.1398678192030703,1.4960138673564936,,,,,,-176.1232414702873,366.2464829405746,389.8409491374682
2026-06-07T22:49:34,82,37,820037,constant,-176.1232444332682,366.2464888665364,389.84095506343004,True,0,2.8740207740977763,0.0359003972119663,0.4235832334277799,0.727154447390193,0.1348935758590329,0.1399263671898115,1.4951847749523637,,,,,,-176.1232444332491,366.2464888664982,389.8409550633919
2026-06-07T22:51:16,82,38,820038,constant,-176.12329485791474,366.2465897158295,389.8410559127231,True,0,2.8691294785974697,0.036086466811343,0.423153362915741,0.7273148889486757,0.1352311999995541,0.1400855817040432,1.4868860082268602,,,,,,-176.12329486077317,366.2465897215464,389.84105591844
2026-06-07T22:52:51,82,39,820039,constant,-176.12324145127351,366.24648290254703,389.84094909944065,True,0,2.877410661124622,0.0358943587562399,0.423348197941591,0.7274999227355834,0.1349834735888948,0.139874115060932,1.4960769049326226,,,,,,-176.12324145127693,366.24648290255385,389.8409490994474
2026-06-07T22:54:34,82,40,820040,constant,-176.12324146733556,366.2464829346711,389.84094913156474,True,0,2.8776066026636724,0.0358915641607457,0.4233419180088691,0.7275201882316509,0.1349832268082957,0.1398708565329823,1.4962669453266055,,,,,,-176.1232414673351,366.2464829346702,389.84094913156383
2026-06-07T21:52:24,83,1,830001,constant,-176.12342133972578,366.24684267945156,389.8413088763452,True,0,2.8491176868329293,0.0360155173244125,0.4244581341763508,0.7260896977779442,0.1344152648735023,0.1403953760070349,1.486908467837871,,,,,,-176.1234213408223,366.2468426816446,389.8413088785382
2026-06-07T21:54:30,83,2,830002,constant,-176.12324146120682,366.24648292241363,389.84094911930725,True,0,2.8773844382395835,0.0358971557729173,0.4233647162075388,0.7274596635902986,0.1349690209598343,0.1398727849993662,1.4959681218110144,,,,,,-176.12324146120807,366.2464829224161,389.84094911930976
2026-06-07T21:55:55,83,3,830003,constant,-176.12324165584204,366.2464833116841,389.8409495085777,True,0,2.8783326823469344,0.0358987600377062,0.4232725658644536,0.7275614112922998,0.1350183625135062,0.1398618626533109,1.496203478331061,,,,,,-176.1232416557815,366.246483311563,389.8409495084566
2026-06-07T21:57:15,83,4,830004,constant,-176.12325013360692,366.24650026721383,389.84096646410745,True,0,2.871646385541425,0.0359085288656666,0.423421792374282,0.7274519493141289,0.1350383146993007,0.1399914609912695,1.4944404721915212,,,,,,-176.12325013465008,366.24650026930016,389.8409664661938
2026-06-07T21:58:30,83,5,830005,constant,-176.12324144424895,366.2464828884979,389.8409490853915,True,0,2.8776428989405294,0.0358950538510561,0.4233434759033546,0.7275107378446775,0.1349793603026916,0.1398688908489025,1.4960624914597798,,,,,,-176.12324144425048,366.24648288850096,389.8409490853946
2026-06-07T22:00:09,83,6,830006,constant,-176.12324146462788,366.24648292925576,389.8409491261494,True,0,2.8777226333918704,0.0358935756646654,0.4233370324968543,0.727500338889535,0.134982039363195,0.1398686622371119,1.4961866396020516,,,,,,-176.12324146462845,366.2464829292569,389.8409491261505
2026-06-07T22:01:38,83,7,830007,constant,-176.12324144981622,366.24648289963244,389.84094909652606,True,0,2.877392701590189,0.0358967999436133,0.4233528515740588,0.7274858517966809,0.1349780776473094,0.1398739780170335,1.4959768300995002,,,,,,-176.12324144981665,366.2464828996333,389.8409490965269
2026-06-07T22:03:23,83,8,830008,constant,-176.12333194500692,366.24666389001385,389.84113008690747,True,0,2.86215687516788,0.0359541855678986,0.4230364853384586,0.7286456430705005,0.1352170293459238,0.1402765986482823,1.4920411883285891,,,,,,-176.1233319365395,366.246663873079,389.8411300699726
2026-06-07T22:05:10,83,9,830009,constant,-176.1232415292825,366.246483058565,389.8409492554586,True,0,2.877985046945593,0.0358922548930697,0.4233249942847516,0.7275705477428378,0.1349894567336401,0.1398646386821893,1.4962514156951288,,,,,,-176.12324152928244,366.2464830585649,389.8409492554585
2026-06-07T22:07:50,83,10,830010,constant,-176.12324146111845,366.2464829222369,389.8409491191305,True,0,2.8776127183277382,0.0358957134151554,0.4233358999492621,0.7275258587647601,0.1349841615511247,0.139870736531558,1.4959609942860124,,,,,,-176.1232414611218,366.2464829222436,389.8409491191373
2026-06-07T22:09:49,83,11,830011,constant,-176.1360194502257,366.2720389004514,389.866505097345,True,0,2.64079652220044,0.0359471018791532,0.4331024036408501,0.7160340240334029,0.1320098478325603,0.1446455095232964,1.4630339487103714,,,,,,-176.13601949971508,366.27203899943015,389.86650519632377
2026-06-07T22:10:48,83,12,830012,constant,-176.12324145607474,366.2464829121495,389.8409491090431,True,0,2.877372002326714,0.0358942738617037,0.4233460649147328,0.7275084303135491,0.1349827015994767,0.1398750973689933,1.4960392724932368,,,,,,-176.12324145607562,366.2464829121512,389.84094910904486
2026-06-07T22:12:20,83,13,830013,constant,-176.12324175262057,366.24648350524114,389.84094970213476,True,0,2.877802947110676,0.0358873224926134,0.4232600615107661,0.7276454726458951,0.1350254823230485,0.1398783321559642,1.4966170015721814,,,,,,-176.12324175262034,366.2464835052407,389.8409497021343
2026-06-07T22:14:09,83,14,830014,constant,-176.12324149775122,366.24648299550245,389.84094919239607,True,0,2.877972381313268,0.0358934905196556,0.4233124546070158,0.7275557351533856,0.1350047494746185,0.139865342688132,1.496213504128941,,,,,,-176.12324149773923,366.24648299547846,389.8409491923721
2026-06-07T22:17:12,83,15,830015,constant,-176.12324420808324,366.24648841616647,389.8409546130601,True,0,2.8741170052630696,0.0359178547741704,0.4234601617670435,0.7272800845252712,0.1349393031245422,0.1399366979080015,1.4946406808685275,,,,,,-176.1232442076069,366.2464884152138,389.8409546121074
2026-06-07T22:18:16,83,16,830016,constant,-176.12324144590428,366.24648289180857,389.8409490887022,True,0,2.8776608436922224,0.0358959812228363,0.4233415320905695,0.7275035223314607,0.1349770465859263,0.1398687734207727,1.4960081002586008,,,,,,-176.12324144590127,366.24648289180254,389.84094908869616
2026-06-07T22:20:10,83,17,830017,constant,-176.12325453205187,366.24650906410375,389.84097526099737,True,0,2.8715371551026587,0.0358530467005088,0.4235766384102589,0.7274306555211494,0.1347041832185943,0.1399983841826707,1.4967792734918592,,,,,,-176.12325453409363,366.24650906818727,389.8409752650809
2026-06-07T22:22:05,83,18,830018,constant,-176.12324741254065,366.2464948250813,389.8409610219749,True,0,2.8729686856085785,0.0359435461093412,0.423459837650967,0.7272184840000432,0.1349838770202072,0.1399581735981764,1.4936081712279523,,,,,,-176.12324741226996,366.2464948245399,389.8409610214336
2026-06-07T22:23:24,83,19,830019,constant,-176.12324144708995,366.2464828941799,389.8409490910735,True,0,2.8775460265983117,0.0358964350644231,0.4233550200311336,0.7274796572839296,0.134973108051231,0.1398699986058006,1.495991488891338,,,,,,-176.12324144708435,366.2464828941687,389.8409490910623
2026-06-07T22:24:54,83,20,830020,constant,-176.1248089178987,366.2496178357974,389.844084032691,True,0,2.792137544098195,0.036122205403101,0.426651369787868,0.7230208254696125,0.1339574674614542,0.1414924507449746,1.4749446444598309,,,,,,-176.12480891748496,366.2496178349699,389.84408403186353
2026-06-07T22:28:30,83,21,830021,constant,-176.1232415035479,366.2464830070958,389.8409492039894,True,0,2.8777945840250307,0.0359023400566595,0.4233313812373231,0.7275168569234549,0.1349726269132001,0.1398659247369082,1.4957547536265103,,,,,,-176.12324150353254,366.2464830070651,389.8409492039587
2026-06-07T22:30:32,83,22,830022,constant,-176.12324345171848,366.24648690343696,389.8409531003306,True,0,2.8745960039645597,0.0358890850889556,0.423498214731485,0.7272804765129415,0.1349377894439131,0.1399230402126074,1.4959474200877905,,,,,,-176.12324345171524,366.2464869034305,389.8409531003241
2026-06-07T22:32:06,83,23,830023,constant,-176.12388637930104,366.2477727586021,389.8422389554957,True,0,2.93404836392327,0.0359097807026479,0.4211912079551598,0.7305206079520599,0.1354248585227962,0.1388048233892333,1.5026688039188476,,,,,,-176.1238863793709,366.2477727587418,389.8422389556354
2026-06-07T22:33:12,83,24,830024,constant,-176.1232414570234,366.2464829140468,389.8409491109404,True,0,2.8773480437525483,0.0358978289334376,0.4233577003310615,0.7274770300755149,0.1349772455248036,0.1398739143313253,1.4959170514230908,,,,,,-176.12324145702348,366.24648291404696,389.8409491109406
2026-06-07T22:33:53,83,25,830025,constant,-176.12471783503292,366.24943567006585,389.84390186695947,True,0,2.8133721036256705,0.0366877557409897,0.4268484256389286,0.7198669209408409,0.13304781067264,0.1408912855126652,1.45085350122282,,,,,,-176.12471783502866,366.2494356700573,389.8439018669509
2026-06-07T22:35:17,83,26,830026,constant,-176.123241466821,366.246482933642,389.84094913053565,True,0,2.8778301259913466,0.03589210000942,0.4233340848379054,0.7275308687678625,0.1349833360243567,0.139865773944812,1.496211829760327,,,,,,-176.1232414668213,366.2464829336426,389.8409491305362
2026-06-07T22:37:32,83,27,830027,constant,-176.12324145008554,366.2464829001711,389.8409490970647,True,0,2.877391928328558,0.0358969256962527,0.4233549452367549,0.7274866706606197,0.1349741619703682,0.1398734626437134,1.4959535833413644,,,,,,-176.12324145008677,366.24648290017353,389.8409490970672
2026-06-07T22:38:44,83,28,830028,constant,-176.12324155578668,366.24648311157335,389.840949308467,True,0,2.8779743461869223,0.0359019137388787,0.4233240078235025,0.7274897855616954,0.1349579270391005,0.1398629717055065,1.4958873623486075,,,,,,-176.12324155579427,366.2464831115885,389.84094930848215
2026-06-07T22:40:42,83,29,830029,constant,-176.12325312807155,366.2465062561431,389.8409724530367,True,0,2.8741165355050224,0.0359873308064786,0.4232915819559965,0.727504454475026,0.1348841122943999,0.1399543147059796,1.491493276131466,,,,,,-176.12325312956938,366.2465062591388,389.8409724560324
2026-06-07T22:42:23,83,30,830030,constant,-176.12420750764895,366.2484150152979,389.8428812121915,True,0,2.9462657102543948,0.0357415307313635,0.4201393118013618,0.7323209221638378,0.1361444934147408,0.1386778658306112,1.512397671619351,,,,,,-176.1242075076491,366.2484150152982,389.8428812121918
2026-06-07T22:44:11,83,31,830031,constant,-176.38712770670494,366.7742554134099,390.3687216103035,True,0,2.242795450577408,0.0257975346200618,0.4759666444693202,0.6876482134063493,0.1228004604406987,0.1517361737923053,1.9999997746243223,,,,,,-176.38712770670395,366.7742554134079,390.3687216103015
2026-06-07T22:45:20,83,32,830032,constant,-176.12335337501463,366.24670675002926,389.8411729469229,True,0,2.882767896147328,0.0357212841361725,0.4241014732164609,0.7261777351521858,0.1340467667358811,0.1397136011261842,1.5054885525263315,,,,,,-176.1233533749012,366.2467067498024,389.841172946696
2026-06-07T22:46:49,83,33,830033,constant,-176.1235741353067,366.2471482706134,389.84161446750704,True,0,2.912135293593372,0.035570944699432,0.4219398287784624,0.7302414037820222,0.1357399763863799,0.1392652427581848,1.5160419444621194,,,,,,-176.123574135307,366.247148270614,389.8416144675076
2026-06-07T22:49:11,83,34,830034,constant,-176.12408258075408,366.24816516150815,389.8426313584018,True,0,2.885241452560799,0.0367507885152872,0.4202766851704654,0.7294386395836442,0.1347905904598215,0.1400477079137188,1.4629470189299172,,,,,,-176.12408258164692,366.2481651632938,389.84263136018745
2026-06-07T22:50:44,83,35,830035,constant,-176.1232414574474,366.2464829148948,389.8409491117884,True,0,2.877630354829189,0.03589822873987,0.423336240836964,0.7275050508692908,0.1349928079350497,0.1398707130682469,1.49600557907774,,,,,,-176.12324145744975,366.2464829148995,389.8409491117931
2026-06-07T22:52:04,83,36,830036,constant,-176.12326776284556,366.2465355256911,389.84100172258474,True,0,2.8855900895739204,0.0357784040560585,0.4229462215768091,0.728363919547868,0.1351779459574736,0.1397475763443529,1.502735025804426,,,,,,-176.12326776286295,366.2465355257259,389.8410017226195
2026-06-07T22:54:46,83,37,830037,constant,-176.1232414688614,366.2464829377228,389.84094913461644,True,0,2.87777506854103,0.0358963197599158,0.4233253326704779,0.7275482587914347,0.1349800026340915,0.1398685413830892,1.4960294234192222,,,,,,-176.12324146885123,366.24648293770247,389.8409491345961
2026-06-07T22:56:07,83,38,830038,constant,-176.12324147212422,366.24648294424844,389.84094914114206,True,0,2.877877964203507,0.0358968846606283,0.4233254707212592,0.7275390129917371,0.1349750620100787,0.1398663801378992,1.4960648573326956,,,,,,-176.1232414721245,366.246482944249,389.8409491411426
2026-06-07T22:57:25,83,39,830039,constant,-176.12324144754083,366.24648289508167,389.8409490919753,True,0,2.877649348983172,0.0358954608068077,0.4233509374197939,0.7274933823358878,0.1349706856382583,0.1398680365476932,1.496024080159471,,,,,,-176.12324144754064,366.2464828950813,389.8409490919749
2026-06-07T22:58:58,83,40,830040,constant,-176.12324144933584,366.2464828986717,389.8409490955653,True,0,2.877456365915585,0.0358983174352871,0.4233430855797317,0.7275005420508288,0.1349790522550847,0.139873428951972,1.4959235247898623,,,,,,-176.12324144933802,366.2464828986761,389.84094909556967
2026-06-07T21:54:15,84,1,840001,constant,-176.12325608280193,366.24651216560386,389.8409783624975,True,0,2.8736308764798224,0.0360007057219167,0.4235440910074131,0.7269798762453036,0.1347791119672501,0.1399266242852183,1.4903825237088906,,,,,,-176.12325608279195,366.2465121655839,389.84097836247753
2026-06-07T21:55:54,84,2,840002,constant,-176.1232414523552,366.2464829047104,389.840949101604,True,0,2.8773654364893098,0.0358957096376041,0.423346641262813,0.7275020690462893,0.1349817374424166,0.139875494318301,1.496029883850137,,,,,,-176.1232414523505,366.246482904701,389.8409491015946
2026-06-07T21:56:58,84,3,840003,constant,-176.12324147084848,366.24648294169697,389.8409491385906,True,0,2.8774257531441942,0.0358993621754359,0.4233565012516444,0.727491377679062,0.1349682243190662,0.1398708853999838,1.4958136223615544,,,,,,-176.12324147084524,366.2464829416905,389.8409491385841
2026-06-07T21:58:13,84,4,840004,constant,-176.1232414469227,366.2464828938454,389.840949090739,True,0,2.877645688780853,0.0358943943695003,0.4233419783197834,0.7275127111924025,0.1349752549316913,0.1398697937859565,1.4961026261529866,,,,,,-176.12324144691934,366.2464828938387,389.8409490907323
2026-06-07T21:59:34,84,5,840005,constant,-176.12324146487467,366.24648292974933,389.84094912664295,True,0,2.877317588033109,0.0358941041195984,0.4233576163437029,0.7274928377959836,0.1349740669356936,0.1398740011800356,1.496062333582162,,,,,,-176.1232414648713,366.2464829297426,389.84094912663625
2026-06-07T22:01:28,84,6,840006,constant,-176.12325117610183,366.24650235220366,389.8409685490973,True,0,2.883126068833519,0.0359387013696474,0.4232400178761323,0.7275090706494173,0.1348456937855957,0.1397451162735193,1.4944124766167846,,,,,,-176.123251176628,366.246502353256,389.8409685501496
2026-06-07T22:02:20,84,7,840007,constant,-176.12324153332082,366.24648306664164,389.84094926353526,True,0,2.878123107823303,0.0358940720586666,0.4233280395106326,0.7275245253869885,0.1349790949832567,0.1398625453869406,1.4961771287877976,,,,,,-176.1232415333044,366.2464830666088,389.8409492635024
2026-06-07T22:04:04,84,8,840008,constant,-176.1232414656614,366.2464829313228,389.84094912821644,True,0,2.8777367298552914,0.0358965720045098,0.4233534389284513,0.727487554684696,0.1349766590489213,0.1398637080691686,1.4959400491286,,,,,,-176.12324146564802,366.246482931296,389.84094912818966
2026-06-07T22:06:05,84,9,840009,constant,-176.12327190900186,366.2465438180037,389.84101001489734,True,0,2.8732917783401137,0.0360631976198864,0.4234395219815425,0.7268572682073113,0.1347743086185771,0.1399481884784225,1.4877192587989636,,,,,,-176.12327190943682,366.2465438188737,389.84101001576727
2026-06-07T22:07:58,84,10,840010,constant,-176.12324155253893,366.24648310507786,389.8409493019715,True,0,2.8778711567467923,0.0359032756755512,0.423350562275636,0.7274738618677384,0.1349607989756992,0.1398613972037397,1.495648718067795,,,,,,-176.12324155258034,366.2464831051607,389.8409493020543
2026-06-07T22:09:27,84,11,840011,constant,-176.1232414577127,366.2464829154254,389.84094911231904,True,0,2.87752777705179,0.0358962448951271,0.4233367902964991,0.7275335516985485,0.1349759565804567,0.1398722398128139,1.4960226273505182,,,,,,-176.1232414577179,366.2464829154358,389.84094911232944
2026-06-07T22:11:25,84,12,840012,constant,-176.1232442921939,366.2464885843878,389.8409547812814,True,0,2.875947200571921,0.0359108023360586,0.4234531827047897,0.7271394821086268,0.1348054898313296,0.1399138476471453,1.4957299941148905,,,,,,-176.123244292175,366.24648858435,389.8409547812436
2026-06-07T22:12:32,84,13,840013,constant,-176.12324144938952,366.24648289877905,389.84094909567267,True,0,2.877515759593133,0.0358938619922576,0.4233458577250562,0.7275077891209987,0.1349794550009718,0.1398725121586512,1.496136476499195,,,,,,-176.12324144938918,366.2464828987784,389.840949095672
2026-06-07T22:14:32,84,14,840014,constant,-176.13663316783578,366.27326633567156,389.8677325325652,True,0,2.7980566271581737,0.0327499709238344,0.4277048911238161,0.7296316865147379,0.1375420212274909,0.1416948734011944,1.6534169379582264,,,,,,-176.13663316783547,366.2732663356709,389.86773253256456
2026-06-07T22:17:04,84,15,840015,constant,-176.12328687286484,366.2465737457297,389.8410399426233,True,0,2.8645949032486504,0.0359658750132997,0.4238107649994747,0.7270533336935163,0.1346880564027129,0.1401218866069658,1.4902213724593738,,,,,,-176.12328687286458,366.2465737457292,389.8410399426228
2026-06-07T22:18:31,84,16,840016,constant,-176.12324183365496,366.2464836673099,389.84094986420354,True,0,2.87762035462335,0.0358735449695912,0.4233725124556872,0.7275401848104294,0.1349966848982488,0.1398632396434819,1.49685343330172,,,,,,-176.123241833484,366.246483666968,389.8409498638616
2026-06-07T22:21:45,84,17,840017,constant,-176.12324144897545,366.2464828979509,389.8409490948445,True,0,2.8776853702570486,0.0358962794974392,0.4233430747505928,0.727492367643386,0.1349798052810066,0.1398686148175162,1.496057535657438,,,,,,-176.123241448969,366.246482897938,389.8409490948316
2026-06-07T22:23:17,84,18,840018,constant,-176.1232415018868,366.2464830037736,389.84094920066724,True,0,2.877732492160479,0.0358984493373148,0.4233706834607313,0.7274652973118372,0.1349584346285039,0.1398607976696307,1.495890796273601,,,,,,-176.1232415018971,366.2464830037942,389.8409492006878
2026-06-07T22:24:37,84,19,840019,constant,-176.12324145448622,366.24648290897244,389.84094910586606,True,0,2.877591510576134,0.0358989172132936,0.4233456265255186,0.7274802838276843,0.1349695145957931,0.1398704623443503,1.4959162321274488,,,,,,-176.12324145448562,366.2464829089713,389.84094910586487
2026-06-07T22:25:44,84,20,840020,constant,-176.12324144259424,366.24648288518847,389.8409490820821,True,0,2.877584015335926,0.0358957053824951,0.4233426009601505,0.7275038472162937,0.1349804178156731,0.1398707983820669,1.4960510102100075,,,,,,-176.12324144258753,366.2464828851751,389.8409490820687
2026-06-07T22:27:04,84,21,840021,constant,-176.12335105814546,366.2467021162909,389.84116831318454,True,0,2.8928690914682216,0.0357113213350171,0.4224965143684348,0.7285945867714968,0.1351331365681469,0.1396558358385921,1.5086837611827002,,,,,,-176.12335105814557,366.2467021162912,389.8411683131848
2026-06-07T22:28:11,84,22,840022,constant,-176.1232414464826,366.2464828929652,389.84094908985884,True,0,2.8775875432081213,0.0358960227802856,0.4233505008374587,0.7274872891310469,0.1349722716186887,0.1398702529517906,1.4960238277518043,,,,,,-176.12324144649,366.24648289298,389.8409490898736
2026-06-07T22:29:19,84,23,840023,constant,-176.1232419183039,366.2464838366078,389.84095003350143,True,0,2.8776991137684065,0.0358822534887525,0.4234139196609222,0.7274438156967131,0.1349447787891451,0.1398595308521274,1.496770962326211,,,,,,-176.1232419180942,366.2464838361884,389.8409500330821
2026-06-07T22:30:30,84,24,840024,constant,-176.1232415272106,366.2464830544212,389.84094925131484,True,0,2.8778505474914526,0.0359035503744329,0.4233296770058009,0.7275103488464116,0.1349715576366938,0.1398649393722398,1.495919484133169,,,,,,-176.12324152721436,366.2464830544287,389.8409492513224
2026-06-07T22:31:50,84,25,840025,constant,-176.1232414851202,366.2464829702404,389.840949167134,True,0,2.8771261067048126,0.0358956971051695,0.4233646231529875,0.7274847191548244,0.1349696512157907,0.139878878591157,1.4959903936272478,,,,,,-176.12324148512045,366.2464829702409,389.8409491671345
2026-06-07T22:33:36,84,26,840026,constant,-176.1232571188703,366.2465142377406,389.8409804346342,True,0,2.87242231265129,0.0359965611592984,0.4236336911506145,0.7268689619774388,0.1348089964586469,0.1399414702992715,1.490476021156658,,,,,,-176.1232571188646,366.2465142377292,389.8409804346229
2026-06-07T22:35:36,84,27,840027,constant,-176.12324165089336,366.2464833017867,389.84094949868035,True,0,2.878190869203072,0.0359060456733005,0.4232923682481089,0.7275592940216832,0.1349990671488478,0.1398622454501293,1.4956974281360305,,,,,,-176.1232416508364,366.2464833016728,389.8409494985664
2026-06-07T22:37:23,84,28,840028,constant,-176.12324147657768,366.24648295315535,389.84094915004897,True,0,2.877777088958057,0.0358908607221695,0.42334749794159,0.7275165619973847,0.1349735491353538,0.139864800745087,1.4961340657674025,,,,,,-176.12324147657196,366.2464829531439,389.8409491500376
2026-06-07T22:39:12,84,29,840029,constant,-176.12324149809433,366.24648299618866,389.8409491930823,True,0,2.8775055859185934,0.0358997813540951,0.4233645881266517,0.7274948695363336,0.1349709803179161,0.1398676199336714,1.4958053167301362,,,,,,-176.12324149809456,366.2464829961891,389.84094919308274
2026-06-07T22:40:41,84,30,840030,constant,-176.12324151226238,366.24648302452476,389.8409492214184,True,0,2.8778584369193934,0.0358896328691884,0.4233168711190668,0.7275724659373022,0.1349909881753597,0.1398690150647632,1.496309358557468,,,,,,-176.12324151227438,366.2464830245488,389.8409492214424
2026-06-07T22:41:42,84,31,840031,constant,-176.1232414514132,366.2464829028264,389.84094909972004,True,0,2.8775942694193124,0.0358984831938933,0.4233451719548134,0.7274803522522285,0.1349776401633445,0.1398704681667378,1.4959460528409791,,,,,,-176.12324145141042,366.2464829028208,389.84094909971446
2026-06-07T22:42:52,84,32,840032,constant,-176.12324145599197,366.24648291198395,389.84094910887757,True,0,2.87735551987349,0.0358947818450574,0.4233621636276117,0.727482454468402,0.1349753332165046,0.13987332163617,1.496043854452637,,,,,,-176.1232414559923,366.2464829119846,389.8409491088782
2026-06-07T22:43:52,84,33,840033,constant,-176.1234752565114,366.2469505130228,389.8414167099164,True,0,2.873185861346732,0.0354330370690536,0.4242891875025844,0.7272307266928949,0.1350338483178808,0.1398976955269176,1.5168218011810146,,,,,,-176.1234752565809,366.2469505131618,389.8414167100554
2026-06-07T22:44:59,84,34,840034,constant,-176.1232415536668,366.2464831073336,389.8409493042272,True,0,2.878035102696339,0.0358951345477593,0.4232970430690067,0.7275601365375965,0.1350030448628192,0.1398649837833967,1.4962807814509775,,,,,,-176.123241553667,366.246483107334,389.8409493042277
2026-06-07T22:46:07,84,35,840035,constant,-176.1232479642121,366.2464959284242,389.84096212531784,True,0,2.873536230740814,0.0359573077131697,0.4234090096051556,0.7274059041890211,0.1349752020022892,0.1399556823029661,1.49328199594805,,,,,,-176.12324796416456,366.2464959283291,389.8409621252228
2026-06-07T22:48:36,84,36,840036,constant,-176.12324146196516,366.24648292393033,389.84094912082395,True,0,2.87757911978727,0.0358999147378453,0.4233483188879872,0.7274823513240711,0.1349755708925957,0.1398709259832255,1.4959576528093053,,,,,,-176.12324146196363,366.24648292392726,389.8409491208209
2026-06-07T22:49:27,84,37,840037,constant,-176.1232414633797,366.2464829267594,389.84094912365305,True,0,2.8776184212192226,0.0358940700718346,0.4233446637623435,0.7275174387049735,0.134965298244069,0.13987102695987,1.4961532155273196,,,,,,-176.12324146337562,366.2464829267512,389.84094912364486
2026-06-07T22:51:02,84,38,840038,constant,-176.1232448395746,366.2464896791492,389.8409558760428,True,0,2.881652272833694,0.0358923670356353,0.4231895696219204,0.727675884767116,0.1350126655898864,0.1397946412753711,1.4967422453103394,,,,,,-176.12324483957389,366.24648967914777,389.8409558760414
2026-06-07T22:52:27,84,39,840039,constant,-176.12324157340805,366.2464831468161,389.8409493437097,True,0,2.877785117878692,0.0358969062752108,0.4233771668377309,0.727451428802066,0.1349738956631009,0.1398585994375625,1.4957556952569868,,,,,,-176.123241573389,366.246483146778,389.8409493436717
2026-06-07T22:53:34,84,40,840040,constant,-176.12324145267164,366.24648290534327,389.8409491022369,True,0,2.877508532245048,0.0358932250180264,0.4233438348704154,0.7275111228129036,0.1349810430754547,0.1398726534585292,1.496160030361522,,,,,,-176.1232414526681,366.2464829053362,389.8409491022298
2026-06-07T21:54:07,85,1,850001,constant,-176.1232414505958,366.2464829011916,389.8409490980852,True,0,2.8775090952023183,0.0358955234637664,0.4233373523602014,0.7275227812996422,0.1349794536824753,0.139873557779673,1.4960898849941258,,,,,,-176.12324145059816,366.2464829011963,389.84094909808994
2026-06-07T21:56:21,85,2,850002,constant,-121.42934120062327,256.85868240124654,280.45314859814016,True,0,0.102059146025246,8.321815921989481,0.5680814482890251,0.759241418199502,2.2580327368821044e-05,0.0081664266380694,0.0859351732880912,,,,,,-121.42934120016191,256.85868240032386,280.4531485972175
2026-06-07T21:58:50,85,3,850003,constant,-176.12324147663261,366.24648295326523,389.84094915015885,True,0,2.8774991360940687,0.0358917319708456,0.4233493745109578,0.7274979930216902,0.1349857140367706,0.1398725575410789,1.4962641808463248,,,,,,-176.1232414766332,366.2464829532664,389.84094915016
2026-06-07T22:00:34,85,4,850004,constant,-176.12324362056444,366.2464872411289,389.8409534380225,True,0,2.877663457182989,0.0359152393663097,0.4234914619157165,0.7270746044193399,0.1348106362925669,0.1398532581756608,1.495210390325815,,,,,,-176.12324362056552,366.24648724113104,389.8409534380247
2026-06-07T22:03:15,85,5,850005,constant,-176.12341091967122,366.24682183934243,389.84128803623605,True,0,2.8494343017629977,0.0359081006511974,0.4240998401257511,0.7269306264656925,0.1349160957594739,0.1404467360078709,1.4920044786701183,,,,,,-176.1234109196541,366.2468218393082,389.8412880362018
2026-06-07T22:04:53,85,6,850006,constant,-176.12324955312656,366.2464991062531,389.84096530314673,True,0,2.8720437172571383,0.0359481043852304,0.4235180642062241,0.7271165017090864,0.1348929044081958,0.1399785266304286,1.493155947449421,,,,,,-176.1232495529585,366.246499105917,389.8409653028106
2026-06-07T22:07:10,85,7,850007,constant,-176.1232417737956,366.2464835475912,389.8409497444848,True,0,2.8776397447447857,0.0359137350449432,0.4233485160143372,0.72742250750513,0.1349588808088631,0.1398672991664019,1.4952008210278942,,,,,,-176.1232417737928,366.2464835475856,389.8409497444793
2026-06-07T22:08:41,85,8,850008,constant,-176.1232427585636,366.2464855171272,389.84095171402083,True,0,2.876582401334762,0.0359210234137204,0.4232611217610313,0.7276088456452904,0.1350438494271975,0.139900829593921,1.494825712492568,,,,,,-176.12324275856128,366.24648551712255,389.84095171401617
2026-06-07T22:10:25,85,9,850009,constant,-176.1232416325807,366.2464832651614,389.840949462055,True,0,2.878300941659861,0.0358919197087831,0.4232960013335697,0.7275475621748105,0.1349907903043853,0.1398614377716839,1.4964452755786524,,,,,,-176.12324163258077,366.2464832651616,389.8409494620552
2026-06-07T22:12:16,85,10,850010,constant,-176.12324145499315,366.2464829099863,389.8409491068799,True,0,2.877765011946655,0.0358949737946674,0.4233304462482572,0.7275294501452655,0.1349905141125995,0.1398675261051601,1.496090708255725,,,,,,-176.12324145498886,366.2464829099777,389.84094910687134
2026-06-07T22:14:54,85,11,850011,constant,-176.1232414549556,366.2464829099112,389.8409491068048,True,0,2.877467512801328,0.0358980782977372,0.423353267625449,0.7274803664416772,0.1349754696715967,0.1398706827032176,1.4959200812981817,,,,,,-176.12324145496012,366.24648290992025,389.84094910681387
2026-06-07T22:16:05,85,12,850012,constant,-176.14491188935108,366.28982377870216,389.8842899755958,True,0,3.0594019213860064,0.039720495204625,0.4168817763659007,0.726044261188628,0.1316378995634477,0.1360842969865418,1.34883932301788,,,,,,-176.14491188935102,366.2898237787021,389.88428997559566
2026-06-07T22:18:07,85,13,850013,constant,-176.12324144707117,366.24648289414233,389.84094909103595,True,0,2.8775603695344247,0.0358953577014441,0.423351146508592,0.7274891462229711,0.1349819225411468,0.1398703966217206,1.4960501334913694,,,,,,-176.12324144707492,366.2464828941498,389.84094909104346
2026-06-07T22:20:24,85,14,850014,constant,-176.12324510621147,366.24649021242294,389.84095640931656,True,0,2.878344145620673,0.0358754123070157,0.4232411648212292,0.7275619914959506,0.1352078607098073,0.1398575345520072,1.4976787128512918,,,,,,-176.12324510622182,366.2464902124436,389.84095640933725
2026-06-07T22:22:06,85,15,850015,constant,-176.12324145553634,366.2464829110727,389.8409491079663,True,0,2.877526100529557,0.0358943515005324,0.4233638478221758,0.7274733344129315,0.1349759642307623,0.1398686405208078,1.496054600935813,,,,,,-176.12324145553566,366.2464829110713,389.84094910796495
2026-06-07T22:23:51,85,16,850016,constant,-176.12326632525068,366.24653265050136,389.840998847395,True,0,2.8728054943858328,0.0358981488316958,0.4233070859597827,0.7276308450376399,0.1352733668593487,0.1399976057755793,1.499018011046894,,,,,,-176.12326632545364,366.2465326509073,389.8409988478009
2026-06-07T22:25:52,85,17,850017,constant,-176.12324212959106,366.2464842591821,389.84095045607575,True,0,2.8782754912381616,0.0358720200425237,0.4232958136768651,0.7276634595081699,0.1350418406415754,0.1398616073522776,1.4972117023754885,,,,,,-176.12324212956378,366.2464842591276,389.8409504560212
2026-06-07T22:28:44,85,18,850018,constant,-176.12324144856368,366.24648289712735,389.84094909402097,True,0,2.8775854273944885,0.0358947002417391,0.4233371209927774,0.7275087267403261,0.1349820215212669,0.1398722158512618,1.496072896167417,,,,,,-176.12324144856842,366.2464828971368,389.84094909403046
2026-06-07T22:30:09,85,19,850019,constant,-177.61766009516356,369.2353201903271,392.82978638722074,True,0,1.110536250637842,0.1407903556335275,0.4624876881830084,0.582012903201396,0.113274440314301,0.1934864009589672,0.6337297734191206,,,,,,-177.61766009484853,369.23532018969706,392.8297863865907
2026-06-07T22:31:31,85,20,850020,constant,-176.1340691269853,366.2681382539706,389.86260445086424,True,0,2.964655117091265,0.0329727358048991,0.4200109839682914,0.7403321920341892,0.138557436911424,0.1386665928773907,1.6640130404978286,,,,,,-176.13406912739455,366.2681382547891,389.8626044516827
2026-06-07T22:32:47,85,21,850021,constant,-176.12324144699681,366.24648289399363,389.84094909088725,True,0,2.877497126456259,0.0358950635492079,0.4233468373478669,0.727502368064279,0.1349742931514749,0.1398727425382714,1.4960843716679242,,,,,,-176.12324144699667,366.24648289399335,389.84094909088697
2026-06-07T22:34:19,85,22,850022,constant,-176.12324528005368,366.24649056010736,389.840956757001,True,0,2.873359074449297,0.0358977537578676,0.4234787275303791,0.7273746595470962,0.1350136290506073,0.1399497065238946,1.495358493305457,,,,,,-176.12324528000983,366.2464905600197,389.8409567569133
2026-06-07T22:35:30,85,23,850023,constant,-176.1238067036629,366.2476134073258,389.8420796042194,True,0,2.9256095589404,0.0355553509152211,0.4211598036230999,0.7315839018781808,0.1359762670958373,0.1390511995973019,1.5185432912531822,,,,,,-176.12380671464044,366.2476134292809,389.8420796261745
2026-06-07T22:36:28,85,24,850024,constant,-176.1232414524082,366.2464829048164,389.84094910171,True,0,2.877364564301637,0.0358969968184439,0.4233533927139328,0.7274857741151872,0.1349752549279758,0.1398747538377787,1.49595139867865,,,,,,-176.1232414524057,366.2464829048114,389.840949101705
2026-06-07T22:38:22,85,25,850025,constant,-176.1232414564051,366.2464829128102,389.84094910970384,True,0,2.877437059378398,0.0358962010734057,0.4233639035904655,0.727473917927537,0.1349736644130962,0.1398705114190859,1.4959292103097273,,,,,,-176.12324145640503,366.2464829128101,389.8409491097037
2026-06-07T22:39:47,85,26,850026,constant,-176.12324316502594,366.2464863300519,389.8409525269455,True,0,2.8755796990879863,0.0359179123923511,0.4233360210258368,0.7275446829325027,0.1350055925297986,0.1399151692719704,1.4946979713386703,,,,,,-176.12324316502597,366.246486330052,389.8409525269456
2026-06-07T22:41:17,85,27,850027,constant,-176.2108582846574,366.4217165693148,390.01618276620843,True,0,2.3230986057264262,0.0389892017942433,0.4530421093490755,0.6802737919272753,0.1265019744840122,0.1505249237711363,1.2796144270800276,,,,,,-176.2108582841642,366.4217165683284,390.016182765222
2026-06-07T22:42:29,85,28,850028,constant,-176.12327212575087,366.24654425150175,389.84101044839537,True,0,2.8726238051154174,0.0360389668512372,0.4239269113241584,0.725977899527857,0.1345154633309748,0.1398997012407303,1.4899114102572442,,,,,,-176.12327212575047,366.24654425150095,389.84101044839457
2026-06-07T22:44:24,85,29,850029,constant,-176.1233714926115,366.246742985223,389.84120918211664,True,0,2.8737784951807264,0.0362517909600786,0.423681470178136,0.7255638866668591,0.1345294351808999,0.139882767408011,1.479161866111309,,,,,,-176.12337149263098,366.246742985262,389.8412091821556
2026-06-07T22:46:08,85,30,850030,constant,-176.12335805500345,366.2467161100069,389.8411823069005,True,0,2.8552779266980663,0.0360193721865201,0.4244019332249894,0.7255182563114317,0.1344831831301878,0.1402680194880538,1.4878637585165648,,,,,,-176.12335805500342,366.2467161100069,389.84118230690046
2026-06-07T22:47:45,85,31,850031,constant,-176.12327127176445,366.2465425435289,389.8410087404225,True,0,2.8862665718520137,0.0358120174924486,0.4228841104455431,0.7283800486934372,0.1351651192249051,0.1397423643957008,1.502725840872268,,,,,,-176.12327127176363,366.24654254352726,389.8410087404209
2026-06-07T22:49:32,85,32,850032,constant,-176.12329123911985,366.2465824782397,389.8410486751333,True,0,2.891774699288013,0.035972563518874,0.4224541951497406,0.7284301449116244,0.1352166888425054,0.139635569794764,1.4951471140492931,,,,,,-176.12329124002815,366.2465824800563,389.8410486769499
2026-06-07T22:50:44,85,33,850033,constant,-176.12484689015508,366.24969378031017,389.8441599772038,True,0,2.8434963545146816,0.0368615191501178,0.4269312494620888,0.7200790227131172,0.1337831264172711,0.1399615415005071,1.4409258543209928,,,,,,-176.12484689230928,366.24969378461856,389.8441599815122
2026-06-07T22:51:49,85,34,850034,constant,-176.12327374190403,366.24654748380806,389.8410136807017,True,0,2.8889466678421027,0.0358422430375731,0.423058238060418,0.7280596940569685,0.1350177293616584,0.1396088883779371,1.4998399139166476,,,,,,-176.1232737419041,366.2465474838082,389.8410136807018
2026-06-07T22:53:43,85,35,850035,constant,-176.12324696404008,366.24649392808016,389.8409601249738,True,0,2.8726305950328728,0.0359103729622633,0.4234643003799356,0.7272533536172218,0.1349174007973478,0.1399757101009118,1.4948767683231208,,,,,,-176.1232469640389,366.2464939280778,389.84096012497145
2026-06-07T22:54:43,85,36,850036,constant,-176.12324148202555,366.2464829640511,389.8409491609447,True,0,2.8778330850952707,0.0358932886930706,0.4233397667240995,0.7275320333353077,0.1349630765411629,0.1398647469537938,1.4961036317769667,,,,,,-176.12324148204831,366.24648296409663,389.8409491609903
2026-06-07T22:56:52,85,37,850037,constant,-176.12381908332517,366.24763816665035,389.84210436354397,True,0,2.9225420936107467,0.0356311905699311,0.4201598281041022,0.7335012157645336,0.136570675507282,0.1392414998791667,1.5159216600752192,,,,,,-176.12381906923108,366.24763813846215,389.84210433535577
2026-06-07T22:59:04,85,38,850038,constant,-176.12442721696203,366.24885443392407,389.8433206308177,True,0,2.8375533493202494,0.0368556578530477,0.4252929875529619,0.721884833752391,0.133330170829248,0.1404699283757544,1.447190320872742,,,,,,-176.1244272170558,366.2488544341116,389.8433206310052
2026-06-07T23:00:22,85,39,850039,constant,-176.12324156176828,366.24648312353656,389.8409493204302,True,0,2.8778541530805968,0.0358999758562599,0.4233521719833474,0.7274516685099102,0.1349753288246282,0.1398600295002226,1.495989461179167,,,,,,-176.12324156176322,366.2464831235265,389.84094932042007
2026-06-07T23:02:10,85,40,850040,constant,-176.12324144977453,366.24648289954905,389.84094909644267,True,0,2.8776108002763907,0.0358985242809788,0.4233431300290689,0.727494468533708,0.134970890269676,0.1398697681346372,1.4959320724105103,,,,,,-176.12324144977288,366.24648289954575,389.8409490964394
2026-06-07T21:53:06,86,1,860001,constant,-176.1232798861318,366.2465597722636,389.8410259691572,True,0,2.890553791245575,0.0359241978286142,0.4226083722468499,0.7284805234545112,0.1350151063695141,0.1396658061716184,1.496717312484203,,,,,,-176.12327988611452,366.246559772229,389.84102596912265
2026-06-07T21:54:12,86,2,860002,constant,-176.12326346216122,366.24652692432244,389.84099312121606,True,0,2.8713606439217534,0.0359113125715723,0.4233322381898481,0.7274382109704519,0.1350317014055856,0.1399805883282073,1.4957713197078943,,,,,,-176.12326346216082,366.2465269243216,389.84099312121526
2026-06-07T21:55:50,86,3,860003,constant,-176.12324144540702,366.24648289081404,389.84094908770766,True,0,2.877570040225113,0.0358972934022816,0.4233421471817344,0.7274997066270867,0.13497531612664,0.1398709274554675,1.4959616131260631,,,,,,-176.12324144540062,366.2464828908013,389.84094908769487
2026-06-07T21:57:28,86,4,860004,constant,-176.1232416384607,366.2464832769214,389.84094947381504,True,0,2.877950583202846,0.0358893426379426,0.4233460857718797,0.7275444336871021,0.1349668563042379,0.1398666997483759,1.4964101084845105,,,,,,-176.12324163844514,366.2464832768903,389.8409494737839
2026-06-07T22:00:05,86,5,860005,constant,-176.12324153945133,366.24648307890266,389.8409492757963,True,0,2.8781705515226474,0.0358995028155443,0.42332454304781,0.7275001828376884,0.134982560591719,0.1398589212011732,1.495929797907798,,,,,,-176.12324153937843,366.2464830787569,389.8409492756505
2026-06-07T22:01:04,86,6,860006,constant,-176.12324146181146,366.2464829236229,389.84094912051654,True,0,2.877532366369058,0.0359000750020669,0.4233489859375813,0.7274832313093998,0.134973487612,0.1398702694038593,1.495817233380209,,,,,,-176.12324146180907,366.24648292361815,389.84094912051177
2026-06-07T22:02:11,86,7,860007,constant,-176.12324144420438,366.24648288840876,389.8409490853024,True,0,2.8775167681522125,0.0358958560118532,0.4233427067158632,0.7275101629306143,0.1349794551878796,0.1398722185709929,1.4960137389422503,,,,,,-176.1232414442013,366.2464828884026,389.8409490852962
2026-06-07T22:03:18,86,8,860008,constant,-176.12324145100058,366.24648290200116,389.8409490988948,True,0,2.877513036166022,0.0358933926677226,0.4233525285978089,0.7274980262728521,0.1349817790583873,0.1398708580139934,1.496131963270582,,,,,,-176.1232414510009,366.2464829020018,389.8409490988954
2026-06-07T22:04:18,86,9,860009,constant,-176.12324144428163,366.24648288856326,389.8409490854569,True,0,2.8775588007364377,0.0358948430412437,0.4233494364089883,0.7274996580351548,0.1349774166797445,0.1398705715266119,1.4960786831501511,,,,,,-176.12324144428203,366.24648288856406,389.8409490854577
2026-06-07T22:05:38,86,10,860010,constant,-176.1415540234822,366.2831080469644,389.877574243858,True,0,2.641536386575868,0.038496428938257,0.4355732772123504,0.7024802143134022,0.1289499303713157,0.1439585366935503,1.3535354442827578,,,,,,-176.14155402323547,366.2831080464709,389.87757424336456
2026-06-07T22:07:48,86,11,860011,constant,-176.12324149687214,366.2464829937443,389.8409491906379,True,0,2.877927301596757,0.0358910748061896,0.4233457286227133,0.7275230855836848,0.1349669908634219,0.1398613637857717,1.4961537374776042,,,,,,-176.1232414966836,366.2464829933672,389.8409491902608
2026-06-07T22:08:59,86,12,860012,constant,-176.12324145616668,366.24648291233336,389.840949109227,True,0,2.877711430581419,0.0358965891166859,0.4233460983572271,0.7274987629500929,0.1349746225381958,0.1398657361641784,1.4960286548741015,,,,,,-176.1232414561726,366.2464829123452,389.8409491092388
2026-06-07T22:10:10,86,13,860013,constant,-176.1253451083947,366.2506902167894,389.845156413683,True,0,2.78788341594154,0.0366076674059763,0.4264280987760334,0.7221398645395845,0.133879002858821,0.14157878279464,1.452312094383729,,,,,,-176.12534502258876,366.2506900451775,389.8451562420712
2026-06-07T22:11:35,86,14,860014,constant,-176.12324145983473,366.24648291966946,389.8409491165631,True,0,2.8774129444747323,0.0358994218716317,0.4233485886400622,0.727490747502359,0.134975725754382,0.1398733443247868,1.49583855774341,,,,,,-176.1232414598315,366.246482919663,389.8409491165566
2026-06-07T22:13:11,86,15,860015,constant,-176.1232414543191,366.2464829086382,389.8409491055318,True,0,2.877338397794423,0.0358961264750249,0.4233560941408393,0.7274931060432723,0.1349737368492652,0.1398745866078105,1.4959760649669465,,,,,,-176.12324145432234,366.2464829086447,389.8409491055383
2026-06-07T22:14:29,86,16,860016,constant,-176.1232414541853,366.2464829083706,389.8409491052642,True,0,2.877654126738201,0.0358991668595477,0.4233400009103571,0.7274999403056487,0.1349776285757957,0.1398688928196174,1.495889342222244,,,,,,-176.12324145418614,366.2464829083723,389.8409491052659
2026-06-07T22:15:45,86,17,860017,constant,-176.1232417982929,366.2464835965858,389.8409497934794,True,0,2.8787525176394184,0.0358874501871088,0.4232943958635045,0.7275835271742768,0.1350022809604439,0.1398505070989897,1.4966167563989303,,,,,,-176.12324179829218,366.2464835965844,389.840949793478
2026-06-07T22:17:15,86,18,860018,constant,-176.12324144706707,366.24648289413415,389.84094909102777,True,0,2.8774479928195,0.0358958561158112,0.4233538426366331,0.7274892757034442,0.1349713233075547,0.1398726458659511,1.4960089188648666,,,,,,-176.12324144706974,366.2464828941395,389.8409490910331
2026-06-07T22:22:50,86,19,860019,constant,-176.1438617362101,366.2877234724202,389.88218966931385,True,0,2.922896242259053,0.0406094467640111,0.4234409336975883,0.7108305178461859,0.1277819114578834,0.1384488538222761,1.3100457292068797,,,,,,-176.1438617362101,366.2877234724202,389.88218966931385
2026-06-07T22:24:15,86,20,860020,constant,-176.1232415474666,366.2464830949332,389.8409492918268,True,0,2.878206369666514,0.0358979936269801,0.4233289285667589,0.727499273072231,0.1349763542822327,0.1398580859033379,1.4959681980952346,,,,,,-176.12324154670006,366.2464830934001,389.84094929029374
2026-06-07T22:25:57,86,21,860021,constant,-176.12324148832894,366.2464829766579,389.8409491735515,True,0,2.877383338896385,0.0358979940694103,0.4233457862569846,0.7274906165678839,0.1349840853558567,0.1398723186800768,1.4958271054833383,,,,,,-176.12324148832727,366.2464829766545,389.84094917354815
2026-06-07T22:27:01,86,22,860022,constant,-176.12324144512132,366.24648289024265,389.84094908713627,True,0,2.877677113133153,0.0358967406208873,0.4233379402405255,0.7275089234153178,0.1349788800934333,0.1398691357509542,1.4960137059342455,,,,,,-176.12324144511967,366.24648289023935,389.84094908713297
2026-06-07T22:27:58,86,23,860023,constant,-176.1232416095188,366.2464832190376,389.8409494159312,True,0,2.877927751611311,0.0358836100321369,0.4233438904398828,0.7275396521839721,0.1349845541654773,0.1398635927374829,1.4966334925836895,,,,,,-176.12324160957576,366.2464832191515,389.84094941604513
2026-06-07T22:29:13,86,24,860024,constant,-176.12324145160085,366.2464829032017,389.8409491000953,True,0,2.877401804118375,0.0358978955593146,0.4233554311372826,0.7274826200753507,0.1349727666314027,0.1398733550092158,1.4959271154330054,,,,,,-176.1232414516025,366.246482903205,389.8409491000986
2026-06-07T22:30:48,86,25,860025,constant,-176.12324165946342,366.24648331892683,389.84094951582045,True,0,2.877687542552541,0.035890067446618,0.4234047016535047,0.727392122868684,0.1349383735169646,0.139861691211541,1.4962591324920302,,,,,,-176.12324165946853,366.24648331893707,389.8409495158307
2026-06-07T22:32:08,86,26,860026,constant,-98.37561742519239,210.75123485038478,234.3457010472784,True,0,0.2839376020082119,0.2144580831012114,0.5907226071749568,0.567113346117385,0.2507346039435206,0.1941012449315688,0.5419629809104913,,,,,,-98.37561742500849,210.7512348500169,234.34570104691056
2026-06-07T22:33:10,86,27,860027,constant,-176.12325207520047,366.24650415040094,389.84097034729456,True,0,2.873090820769309,0.0359403569309293,0.4234403203710581,0.7273774400642049,0.1348470543578561,0.1399314776323972,1.4930874932462908,,,,,,-176.1232520744516,366.2465041489032,389.8409703457969
2026-06-07T22:35:28,86,28,860028,constant,-176.12324149184718,366.24648298369436,389.840949180588,True,0,2.877331551995414,0.0359007603242925,0.4233495844794064,0.7274595040996793,0.134972659015908,0.139874823849595,1.495822899508718,,,,,,-176.12324149184835,366.2464829836967,389.8409491805903
2026-06-07T22:36:56,86,29,860029,constant,-176.12327168825888,366.24654337651776,389.8410095734114,True,0,2.8856103304725207,0.0358236426291836,0.4225443924043343,0.7289647736109508,0.1355085162770131,0.1398062971597712,1.501343513418707,,,,,,-176.12327168873912,366.2465433774783,389.8410095743719
2026-06-07T22:38:07,86,30,860030,constant,-176.1232957515542,366.2465915031084,389.841057700002,True,0,2.8914462009191944,0.0357863610731337,0.4230350986952193,0.72808965302362,0.1351787656017186,0.1395908700360321,1.5034812021563018,,,,,,-176.1232957534359,366.2465915068718,389.84105770376544
2026-06-07T22:39:05,86,31,860031,constant,-176.12333925568834,366.2466785113767,389.8411447082703,True,0,2.8952805522387712,0.035694395669802,0.4226320392918705,0.7290358235043041,0.1353719846086536,0.1395591351925561,1.5076525053805931,,,,,,-176.12333925564403,366.2466785112881,389.8411447081817
2026-06-07T22:40:37,86,32,860032,constant,-176.12349127795233,366.24698255590465,389.84144875279827,True,0,2.8479246687168702,0.0361235755856032,0.4243132437450925,0.7260807427271703,0.1347054223764449,0.1403750773119799,1.4800396951718493,,,,,,-176.1234912778225,366.246982555645,389.8414487525386
2026-06-07T22:41:47,86,33,860033,constant,-176.1232676619037,366.2465353238074,389.841001520701,True,0,2.8670239987737505,0.0359211734473139,0.4234840022495885,0.7274361622200293,0.1349550629175498,0.1401129729277754,1.493570725498033,,,,,,-176.12326766105394,366.2465353221079,389.8410015190015
2026-06-07T22:43:18,86,34,860034,constant,-176.12324146011525,366.2464829202305,389.8409491171241,True,0,2.8775293426201887,0.0359002931299455,0.423348194358556,0.727493698764185,0.1349728187259597,0.1398705400246493,1.495841557732568,,,,,,-176.12324146011167,366.24648292022334,389.84094911711696
2026-06-07T22:45:27,86,35,860035,constant,-176.12324147269305,366.2464829453861,389.8409491422797,True,0,2.8778525095545877,0.0358982512042531,0.4233472866954532,0.7274879131099954,0.1349687374447898,0.1398638510339852,1.495952665076883,,,,,,-176.12324147267873,366.2464829453575,389.8409491422511
2026-06-07T22:48:50,86,36,860036,constant,-176.12324147592966,366.2464829518593,389.84094914875294,True,0,2.877324217655707,0.0358926946832924,0.4233548458785142,0.7275087853316211,0.13498822587341,0.1398751199834197,1.4961668990785857,,,,,,-176.12324147593236,366.2464829518647,389.8409491487584
2026-06-07T22:51:57,86,37,860037,constant,-176.12324144853216,366.2464828970643,389.84094909395793,True,0,2.8775671119626924,0.0358954354544222,0.4233361644867163,0.7275175121545598,0.1349892409304423,0.1398710726612111,1.4960462621872113,,,,,,-176.12324144852897,366.24648289705794,389.8409490939516
2026-06-07T22:53:19,86,38,860038,constant,-176.12898754842809,366.25797509685617,389.8524412937498,True,0,3.046974076002376,0.0362557046939939,0.4159456582768194,0.7350850704534946,0.1371522564141613,0.1368840523895617,1.500032322125936,,,,,,-176.1289875451962,366.2579750903924,389.852441287286
2026-06-07T22:54:21,86,39,860039,constant,-177.6150950419481,369.2301900838962,392.82465628078984,True,0,1.136706409459838,0.1420697809994705,0.4560653378164248,0.5909066940951554,0.1151796402886741,0.1922489927775521,0.6379825842513769,,,,,,-177.61509504217122,369.2301900843424,392.82465628123606
2026-06-07T22:55:35,86,40,860040,constant,-176.123241462806,366.246482925612,389.8409491225056,True,0,2.8774061671288957,0.0358981284533948,0.4233646315312153,0.7274623774280041,0.1349673770439154,0.1398710021331007,1.4959019918826133,,,,,,-176.12324146280537,366.24648292561074,389.8409491225044
2026-06-07T21:57:33,87,1,870001,constant,-176.12324146025696,366.2464829205139,389.84094911740755,True,0,2.877616484807675,0.035898859638606,0.4233473929566215,0.7274853175978396,0.1349788201026332,0.1398679190535156,1.4958619083973912,,,,,,-176.12324146025588,366.24648292051177,389.8409491174054
2026-06-07T21:58:59,87,2,870002,constant,-176.1232775559371,366.2465551118742,389.84102130876784,True,0,2.889371318016304,0.0359232153224189,0.4227491155161941,0.7284926107484778,0.1350609256836019,0.1396556806688609,1.4952984332149015,,,,,,-176.12327755567506,366.2465551113501,389.8410213082437
2026-06-07T22:00:31,87,3,870003,constant,-176.12398063266338,366.24796126532675,389.84242746222037,True,0,2.9384078719899422,0.0358670619233952,0.4210039066762432,0.7300418705771247,0.1356994345805347,0.1387497240268367,1.50510984639596,,,,,,-176.123980631328,366.247961262656,389.8424274595496
2026-06-07T22:02:01,87,4,870004,constant,-176.12324145251955,366.2464829050391,389.8409491019327,True,0,2.8773645152710663,0.0358959696028427,0.423347865919697,0.7274991706804445,0.1349761777116309,0.1398754592773481,1.4960221469793415,,,,,,-176.12324145251773,366.24648290503546,389.8409491019291
2026-06-07T22:03:27,87,5,870005,constant,-176.12324451878294,366.2464890375659,389.8409552344595,True,0,2.8740650656556586,0.0358910659430833,0.4233856874362202,0.727511547661776,0.134970926358298,0.1399521103852823,1.4961495848676043,,,,,,-176.12324451830335,366.2464890366067,389.8409552335003
2026-06-07T22:05:04,87,6,870006,constant,-176.12345912986962,366.24691825973923,389.84138445663285,True,0,2.8487099575880444,0.0361336163003059,0.4244865086359816,0.7253513469383093,0.1344872089755041,0.1403975057613635,1.4812887237173449,,,,,,-176.12345913069944,366.2469182613989,389.8413844582925
2026-06-07T22:06:07,87,7,870007,constant,-176.12324155998505,366.2464831199701,389.8409493168637,True,0,2.8774656405519763,0.0358933855633755,0.4234005562660567,0.7274261744316785,0.1349385175433465,0.1398670838500676,1.496136472138645,,,,,,-176.12324155999295,366.2464831199859,389.8409493168795
2026-06-07T22:07:26,87,8,870008,constant,-176.1232414547797,366.2464829095594,389.840949106453,True,0,2.87780968226334,0.0358962130504999,0.4233316413433413,0.7275200209796795,0.1349829543121242,0.1398665030956096,1.4960703154640291,,,,,,-176.1232414547778,366.2464829095556,389.8409491064492
2026-06-07T22:08:40,87,9,870009,constant,-176.12324147831268,366.24648295662536,389.840949153519,True,0,2.8778574449469723,0.0358969153520456,0.4233255260225386,0.7275241725632567,0.1349818458666483,0.1398655946759895,1.4961230144356032,,,,,,-176.12324147831418,366.2464829566284,389.840949153522
2026-06-07T22:10:19,87,10,870010,constant,-176.12324145042322,366.24648290084644,389.84094909774007,True,0,2.8774861392668827,0.0358961083835471,0.4233357283981231,0.7275119780218983,0.1349884452951817,0.1398743136571585,1.4960699737135357,,,,,,-176.12324145042254,366.2464829008451,389.8409490977387
2026-06-07T22:12:52,87,11,870011,constant,-176.12324172386724,366.2464834477345,389.8409496446281,True,0,2.8786195167906303,0.035890985356766,0.4232941708350144,0.7275727404008774,0.1350247558436681,0.1398515911822833,1.49635278463371,,,,,,-176.12324172387406,366.2464834477481,389.84094964464174
2026-06-07T22:14:20,87,12,870012,constant,-176.12324144742428,366.24648289484855,389.8409490917422,True,0,2.8774327720637034,0.0358969785438602,0.423346601808882,0.7274967675403838,0.1349803454725218,0.139874105739143,1.4960008891358705,,,,,,-176.1232414474215,366.246482894843,389.8409490917366
2026-06-07T22:15:31,87,13,870013,constant,-176.123241547264,366.246483094528,389.8409492914216,True,0,2.878038766368566,0.0358927486484121,0.4233105862110162,0.7275692656134818,0.1350048055887768,0.1398619298072232,1.4963120502294505,,,,,,-176.12324154711345,366.2464830942269,389.8409492911205
2026-06-07T22:18:00,87,14,870014,constant,-176.12324145651462,366.24648291302924,389.84094910992286,True,0,2.8775214037302934,0.0358948776328213,0.42335852009191,0.7274995733842547,0.1349698418168428,0.139868321744095,1.495990327949783,,,,,,-176.1232414565166,366.2464829130332,389.8409491099269
2026-06-07T22:19:56,87,15,870015,constant,-176.12324144745543,366.24648289491086,389.8409490918045,True,0,2.87770683124052,0.0358949742164838,0.423338159745671,0.7275116853327408,0.1349832641318407,0.139868406561569,1.4961022973759752,,,,,,-176.12324144745224,366.2464828949045,389.8409490917981
2026-06-07T22:21:09,87,16,870016,constant,-176.1232618302487,366.2465236604974,389.84098985739104,True,0,2.8679725811885235,0.0359396678276004,0.4237613806296536,0.7268664113173142,0.1348205313197222,0.1400405164557666,1.492644521268762,,,,,,-176.12326183025218,366.2465236605044,389.840989857398
2026-06-07T22:23:07,87,17,870017,constant,-176.12324843554762,366.24649687109525,389.84096306798887,True,0,2.8734203313858697,0.0359365142772156,0.4236342709102449,0.7268030608879648,0.1347854376011391,0.1399331911263487,1.4934568632811374,,,,,,-176.1232484355543,366.2464968711086,389.8409630680022
2026-06-07T22:25:39,87,18,870018,constant,-176.12324145299579,366.24648290599157,389.8409491028852,True,0,2.8775409887721843,0.0358979605544722,0.4233521661831693,0.7274806182084874,0.1349714161536415,0.1398697446611678,1.495895725112653,,,,,,-176.12324145299507,366.24648290599015,389.84094910288377
2026-06-07T22:27:09,87,19,870019,constant,-176.1323229633347,366.2646459266694,389.859112123563,True,0,3.046382849935396,0.0339797901035663,0.4149422717560119,0.7447238786363627,0.1401870341935894,0.137256557013027,1.6152484478556666,,,,,,-176.132322963335,366.26464592667,389.8591121235636
2026-06-07T22:28:23,87,20,870020,constant,-176.12324144337535,366.2464828867507,389.8409490836443,True,0,2.877536016568555,0.0358953818075493,0.4233474579359946,0.7274983899110665,0.1349781586517547,0.1398709775882084,1.4960482211354151,,,,,,-176.12324144337043,366.24648288674086,389.8409490836345
2026-06-07T22:30:06,87,21,870021,constant,-176.12324160082983,366.24648320165966,389.8409493985533,True,0,2.8776126102590074,0.0358977519656791,0.423364811107805,0.7274901865980612,0.1349571299689646,0.1398624715134856,1.4960771037925504,,,,,,-176.12324160082997,366.24648320166,389.8409493985536
2026-06-07T22:32:22,87,22,870022,constant,-176.1270202330054,366.2540404660108,389.8485066629044,True,0,3.0097166786003875,0.0350791614691734,0.4186816985359662,0.7354045041493189,0.1367321108719548,0.1374741441554034,1.5478375989278013,,,,,,-176.1270202330048,366.2540404660096,389.8485066629032
2026-06-07T22:33:59,87,23,870023,constant,-176.1233842374368,366.2467684748736,389.8412346717672,True,0,2.8524175392294784,0.0360275368372069,0.4243681439195215,0.7259115840804293,0.1345519249410863,0.1403291132628575,1.4867255328242417,,,,,,-176.12338423718202,366.2467684743641,389.84123467125767
2026-06-07T22:34:57,87,24,870024,constant,-176.12324154858774,366.2464830971755,389.8409492940691,True,0,2.8769722242043034,0.0359010077949855,0.42338053276119,0.727431360893542,0.1349658997525092,0.1398796958719713,1.4956948934130396,,,,,,-176.12324154858794,366.2464830971759,389.8409492940695
2026-06-07T22:39:26,87,25,870025,constant,-176.12324577209745,366.2464915441949,389.8409577410885,True,0,2.873324811685077,0.0359088170826436,0.4236077207511949,0.7270622012463971,0.1348771446991141,0.1399322498519609,1.4947795689120045,,,,,,-176.12324577207443,366.2464915441489,389.8409577410425
2026-06-07T22:41:44,87,26,870026,constant,-176.1232428250386,366.2464856500772,389.8409518469708,True,0,2.878863479711866,0.0358818999148651,0.4231668985539096,0.7278139332252348,0.1350608722833101,0.1398747697644259,1.4971419730171005,,,,,,-176.12324282494984,366.2464856498997,389.8409518467933
2026-06-07T22:45:27,87,27,870027,constant,-176.12324144729013,366.24648289458025,389.8409490914739,True,0,2.8775475830799464,0.0358943779142175,0.4233525695355372,0.7274907978002163,0.134975126889973,0.1398703871789589,1.4960939694608186,,,,,,-176.12324144729212,366.2464828945842,389.84094909147785
2026-06-07T22:46:49,87,28,870028,constant,-176.1232414570038,366.2464829140076,389.8409491109012,True,0,2.8773355508491654,0.0358951127987859,0.4233536136957558,0.727495035436783,0.1349761816076,0.1398750423080833,1.4960597721583426,,,,,,-176.1232414570012,366.2464829140024,389.840949110896
2026-06-07T22:48:27,87,29,870029,constant,-176.1232414443861,366.2464828887722,389.84094908566584,True,0,2.8774751961503497,0.0358959787497792,0.4233463149970306,0.7275017634235939,0.1349798238039195,0.1398728649114259,1.496012995463638,,,,,,-176.12324144438583,366.24648288877165,389.8409490856653
2026-06-07T22:49:30,87,30,870030,constant,-176.12325057472145,366.2465011494429,389.8409673463365,True,0,2.871210848839433,0.0358933007759032,0.4237629765157443,0.7269775242527826,0.1348563066449571,0.1399634742373582,1.4950253761773424,,,,,,-176.12325057441407,366.24650114882814,389.84096734572177
2026-06-07T22:51:32,87,31,870031,constant,-176.1232414562398,366.2464829124796,389.84094910937324,True,0,2.8776058768651303,0.0358997011290556,0.4233444210981093,0.7274892549746248,0.1349748880197782,0.1398692575927406,1.4958626332525484,,,,,,-176.1232414562367,366.2464829124734,389.8409491093671
2026-06-07T22:53:36,87,32,870032,constant,-176.12324144530865,366.2464828906173,389.8409490875109,True,0,2.8776183963380904,0.0358967567637236,0.4233492706360321,0.7274938474359435,0.1349729648916432,0.1398687608776702,1.4959838187888477,,,,,,-176.12324144531564,366.2464828906313,389.8409490875249
2026-06-07T22:54:33,87,33,870033,constant,-176.12410099779203,366.24820199558405,389.8426681924777,True,0,2.8950762167191395,0.0349888255810423,0.4226357821949837,0.7307570270033866,0.1361537586557515,0.1396580037619651,1.5415546979404184,,,,,,-176.12410099778808,366.24820199557615,389.8426681924698
2026-06-07T22:56:54,87,34,870034,constant,-176.12324176229265,366.2464835245853,389.8409497214789,True,0,2.878153438813942,0.03590877639837,0.4233240118473565,0.7274907683310468,0.1349685242591119,0.1398564457456342,1.4953914449260903,,,,,,-176.123241762754,366.246483525508,389.8409497224016
2026-06-07T22:59:26,87,35,870035,constant,-176.1232484434135,366.246496886827,389.8409630837206,True,0,2.872570867434653,0.0359254062716384,0.4235699025891385,0.72721647511003,0.1348799236395181,0.139974988283861,1.4942232636495076,,,,,,-176.12324844347364,366.2464968869473,389.8409630838409
2026-06-07T23:00:57,87,36,870036,constant,-176.12324146103202,366.24648292206405,389.84094911895767,True,0,2.877315864536566,0.0358982899065335,0.4233465768431285,0.727498848954541,0.1349790170120372,0.1398764348931827,1.4958998190039572,,,,,,-176.12324146103597,366.2464829220719,389.8409491189655
2026-06-07T23:02:43,87,37,870037,constant,-176.12324145129924,366.2464829025985,389.8409490994921,True,0,2.8773934857589545,0.0358974360288329,0.4233445259620115,0.7275008827289142,0.1349812978300949,0.1398748538153207,1.4959488316782026,,,,,,-176.123241451299,366.246482902598,389.8409490994917
2026-06-07T23:04:15,87,38,870038,constant,-176.123241448958,366.246482897916,389.8409490948096,True,0,2.877502230730869,0.0358977882872234,0.4233531571803672,0.7274858635894002,0.1349765930395757,0.1398704639991104,1.4959254179361148,,,,,,-176.12324144896064,366.2464828979213,389.8409490948149
2026-06-07T23:06:26,87,39,870039,constant,-176.12324996879576,366.2464999375915,389.84096613448514,True,0,2.8838449752196635,0.0359002538599231,0.4231482296670544,0.7276205512554961,0.1349638779814957,0.1397554970628246,1.4967627734920457,,,,,,-176.12324996877788,366.24649993755577,389.8409661344494
2026-06-07T23:07:47,87,40,870040,constant,-176.12324727779216,366.2464945555843,389.84096075247794,True,0,2.8743869320521016,0.0359413777711415,0.4234482515773316,0.7271102531456597,0.1349483301416426,0.1399120214117648,1.494047305402593,,,,,,-176.12324727795774,366.2464945559155,389.8409607528091
2026-06-07T21:59:13,88,1,880001,constant,-176.1232458624181,366.2464917248362,389.8409579217298,True,0,2.882133395143893,0.0358791475517595,0.4231599322785478,0.7277859547319008,0.1350334455661041,0.1397878819322813,1.497415157471995,,,,,,-176.12324586241348,366.24649172482697,389.8409579217206
2026-06-07T22:00:33,88,2,880002,constant,-176.12664572568735,366.2532914513747,389.8477576482683,True,0,2.980876511503689,0.0346957730809154,0.4189042028049735,0.7379425515577782,0.1377241847007538,0.1381126035986936,1.5667486510955686,,,,,,-176.12664572571484,366.2532914514297,389.8477576483233
2026-06-07T22:01:58,88,3,880003,constant,-176.12324144773623,366.24648289547247,389.8409490923661,True,0,2.877512970029809,0.0358946342365776,0.4233466124606852,0.7275005594213886,0.1349776567879662,0.1398726292428438,1.4961090166728237,,,,,,-176.12324144773703,366.24648289547406,389.8409490923677
2026-06-07T22:03:29,88,4,880004,constant,-176.12324168731465,366.2464833746293,389.8409495715229,True,0,2.878349542214021,0.0359018154966579,0.4233515789803134,0.7274600040300734,0.1349768613285463,0.1398515044815393,1.49594685077726,,,,,,-176.12324168731584,366.2464833746317,389.8409495715253
2026-06-07T22:04:49,88,5,880005,constant,-176.12324149032946,366.2464829806589,389.84094917755255,True,0,2.8780415790833542,0.0358953899670228,0.4233176018879185,0.727540849569529,0.1349875037249023,0.1398635512549881,1.496140784132039,,,,,,-176.12324149030042,366.2464829806008,389.8409491774945
2026-06-07T22:05:56,88,6,880006,constant,-176.12359637175672,366.24719274351344,389.84165894040706,True,0,2.841112993851714,0.0361996396827234,0.4249444203852106,0.7243984229999476,0.1341447188685519,0.1405174496338148,1.4772057189145746,,,,,,-176.12359637457027,366.2471927491405,389.84165894603416
2026-06-07T22:08:34,88,7,880007,constant,-176.12324153648984,366.2464830729797,389.8409492698733,True,0,2.8769882501244006,0.0358921607771835,0.4233759655134088,0.7274587926138961,0.1349751614211691,0.1398817580322627,1.4960993970861434,,,,,,-176.1232415364895,366.246483072979,389.8409492698726
2026-06-07T22:10:16,88,8,880008,constant,-176.12324902900914,366.2464980580183,389.8409642549119,True,0,2.8722207401451687,0.0359342816099215,0.4235698326886509,0.727024374873171,0.1348120151210821,0.1399673169890896,1.4942145621886038,,,,,,-176.1232490290085,366.246498058017,389.8409642549106
2026-06-07T22:11:25,88,9,880009,constant,-176.12325754817175,366.2465150963435,389.8409812932371,True,0,2.8740452751357,0.0360152134279051,0.4233637701003124,0.7272307998119305,0.1348830330548356,0.1399694918725331,1.4907402943435193,,,,,,-176.12325754817306,366.2465150963461,389.8409812932397
2026-06-07T22:12:52,88,10,880010,constant,-176.123242445388,366.246484890776,389.8409510876696,True,0,2.8792784673697978,0.0358756511260388,0.4233256359910677,0.7275549858459001,0.1349748830179024,0.1398355679589259,1.4971468407333697,,,,,,-176.1232424453886,366.2464848907772,389.8409510876708
2026-06-07T22:14:26,88,11,880011,constant,-176.12324145404187,366.24648290808375,389.84094910497737,True,0,2.877766646636421,0.0358963216907687,0.4233408665015125,0.7274954387857123,0.1349774704103191,0.13986632173132,1.4960457736544452,,,,,,-176.12324145403522,366.2464829080705,389.84094910496407
2026-06-07T22:16:15,88,12,880012,constant,-176.12324146857105,366.2464829371421,389.8409491340357,True,0,2.877719286175393,0.0359009016030489,0.4233392342838378,0.7274953838492318,0.1349797770082136,0.139867041566732,1.4958502041154125,,,,,,-176.1232414685683,366.2464829371366,389.8409491340302
2026-06-07T22:17:35,88,13,880013,constant,-176.12324156335652,366.24648312671303,389.84094932360665,True,0,2.878272777982616,0.035894349857438,0.4233210615157288,0.7275175271165535,0.1349732606687208,0.1398570229195889,1.4961775420492809,,,,,,-176.12324156038457,366.24648312076914,389.8409493176628
2026-06-07T22:19:08,88,14,880014,constant,-176.12324161549526,366.2464832309905,389.84094942788414,True,0,2.8783540292602763,0.0358956885156556,0.4233439927006978,0.7274813913098145,0.1349569195084095,0.1398525930843274,1.496151133179802,,,,,,-176.1232416154824,366.2464832309648,389.8409494278584
2026-06-07T22:20:50,88,15,880015,constant,-176.12324146039708,366.24648292079416,389.8409491176878,True,0,2.877675725496786,0.0358947837176903,0.4233288100614376,0.7275358707082029,0.1349881685444565,0.1398695623058231,1.496150738911321,,,,,,-176.12324146039867,366.24648292079735,389.84094911769097
2026-06-07T22:22:10,88,16,880016,constant,-176.12324170269136,366.2464834053827,389.84094960227634,True,0,2.878219605879801,0.0358826687836935,0.4233403404270547,0.7275098219155481,0.13500011470657,0.1398531285371712,1.496420902810653,,,,,,-176.12324170271515,366.2464834054303,389.8409496023239
2026-06-07T22:23:12,88,17,880017,constant,-176.1232414500039,366.2464829000078,389.8409490969014,True,0,2.8776167526316967,0.0358981499532768,0.4233374685061625,0.7275038352045828,0.1349847065679902,0.1398699074906587,1.4959320018433635,,,,,,-176.1232414500024,366.2464829000048,389.8409490968984
2026-06-07T22:24:39,88,18,880018,constant,-176.12324624784762,366.24649249569524,389.84095869258886,True,0,2.8820033648206547,0.0358683693223593,0.4232862171727617,0.7276773334993666,0.1350084627248244,0.1397621634823643,1.4970012892513982,,,,,,-176.1232462478076,366.2464924956152,389.8409586925088
2026-06-07T22:27:40,88,19,880019,constant,-176.1232463712038,366.2464927424076,389.84095893930123,True,0,2.8735872252372645,0.0359309180867301,0.4235879761727665,0.7269551011755082,0.1348565147386145,0.1399345175105004,1.4939640254615894,,,,,,-176.12324637120395,366.2464927424079,389.8409589393015
2026-06-07T22:28:36,88,20,880020,constant,-176.12324154167152,366.24648308334304,389.84094928023666,True,0,2.8778800240255964,0.0358873315084843,0.4233350874779253,0.727525688052111,0.1349934335932798,0.1398652409148483,1.4964819619809886,,,,,,-176.1232415416467,366.2464830832934,389.84094928018703
2026-06-07T22:31:16,88,21,880021,constant,-176.12324160421485,366.2464832084297,389.84094940532333,True,0,2.878247564115968,0.0358981622043786,0.4233263294731927,0.7275090473898622,0.1350046606135111,0.1398539461724166,1.4959183803116534,,,,,,-176.12324160436356,366.2464832087271,389.84094940562073
2026-06-07T22:32:50,88,22,880022,constant,-176.1232450888438,366.2464901776876,389.8409563745812,True,0,2.8743205412838635,0.0358684466031939,0.4234113594068748,0.7274269887252334,0.1349930560451897,0.139951967924583,1.497064363307472,,,,,,-176.12324509056234,366.2464901811247,389.8409563780183
2026-06-07T22:34:18,88,23,880023,constant,-176.12324145201546,366.2464829040309,389.84094910092455,True,0,2.8776182336265093,0.0358976357540061,0.4233293107163507,0.7275196152163615,0.1349757439355441,0.1398723952868192,1.496002967071103,,,,,,-176.12324145201555,366.2464829040311,389.8409491009247
2026-06-07T22:35:51,88,24,880024,constant,-176.1232432407461,366.2464864814922,389.8409526783858,True,0,2.8782288852169065,0.0358671771895858,0.4234177477267706,0.727435903721041,0.1349661827124142,0.1398592028128509,1.4967911300095893,,,,,,-176.12324324109088,366.24648648218175,389.8409526790754
2026-06-07T22:37:19,88,25,880025,constant,-176.12429407071915,366.2485881414383,389.8430543383319,True,0,2.821448744776652,0.0353156404981912,0.4262923105072025,0.7252223367181078,0.1353480154591837,0.1408918098854693,1.5148375916484125,,,,,,-176.12429407072034,366.2485881414407,389.8430543383343
2026-06-07T22:39:05,88,26,880026,constant,-176.12324147396947,366.24648294793894,389.84094914483256,True,0,2.8778316433209645,0.0358962823961721,0.4233355041588688,0.7275160573996625,0.1349820711309729,0.1398639200648548,1.495947107526736,,,,,,-176.12324147396305,366.2464829479261,389.8409491448197
2026-06-07T22:40:33,88,27,880027,constant,-176.12324145334122,366.24648290668244,389.84094910357607,True,0,2.877367075586771,0.0358963765354173,0.4233463010642426,0.7275066142044172,0.1349832500693898,0.1398751736756267,1.495993283775018,,,,,,-176.1232414533389,366.2464829066778,389.8409491035714
2026-06-07T22:41:35,88,28,880028,constant,-176.1232414460455,366.246482892091,389.84094908898464,True,0,2.877533666715682,0.0358957777446659,0.4233379739783349,0.7275133677761357,0.1349824166807105,0.1398730346953974,1.4960783966423283,,,,,,-176.12324144604491,366.2464828920898,389.84094908898345
2026-06-07T22:42:57,88,29,880029,constant,-176.1232414932292,366.2464829864584,389.840949183352,True,0,2.877917605556805,0.0358925838150473,0.423325959611371,0.7275409515468206,0.1349835930419479,0.1398652200543615,1.4962995914368764,,,,,,-176.1232414932282,366.2464829864564,389.84094918335
2026-06-07T22:44:41,88,30,880030,constant,-176.12324144584545,366.2464828916909,389.8409490885845,True,0,2.8775566951257137,0.0358963862797647,0.4233359207055036,0.7275173067037358,0.1349829557162978,0.1398727276083942,1.496053713480459,,,,,,-176.123241445846,366.246482891692,389.8409490885856
2026-06-07T22:45:42,88,31,880031,constant,-176.1234722996572,366.2469445993144,389.84141079620804,True,0,2.844729540146849,0.0359334094276981,0.4247619547907583,0.725982717279381,0.1342939251087672,0.1404735130873017,1.4895981594969436,,,,,,-176.12347229964087,366.2469445992817,389.84141079617535
2026-06-07T22:46:40,88,32,880032,constant,-176.12324248186255,366.2464849637251,389.8409511606187,True,0,2.878041121496361,0.0359075506080663,0.4234744319381358,0.7272259882679168,0.1348853445963147,0.1398403763514997,1.495391955750785,,,,,,-176.12324248183322,366.2464849636664,389.84095116056005
2026-06-07T22:48:29,88,33,880033,constant,-176.12324299033457,366.24648598066915,389.84095217756277,True,0,2.8767018533728925,0.0358807452085105,0.4232367744310639,0.7277556536924822,0.1351326876749945,0.1399071663440179,1.4969053298249244,,,,,,-176.1232429903342,366.2464859806684,389.840952177562
2026-06-07T22:50:01,88,34,880034,constant,-176.1232414944086,366.2464829888172,389.8409491857108,True,0,2.877188004644183,0.0358950004055534,0.4233380449891825,0.7275292218071778,0.1349931445005383,0.1398805279034931,1.4960549277721678,,,,,,-176.12324149440843,366.24648298881687,389.8409491857105
2026-06-07T22:52:19,88,35,880035,constant,-176.12324160133676,366.2464832026735,389.84094939956714,True,0,2.8778596521076647,0.035882677333912,0.4233559450123547,0.7275274981169931,0.1350014786525201,0.1398599556824577,1.496494178491506,,,,,,-176.12324160073453,366.24648320146906,389.8409493983627
2026-06-07T22:54:20,88,36,880036,constant,-176.12359848500222,366.24719697000444,389.84166316689806,True,0,2.8504328816008235,0.0354857970886588,0.4247893692497767,0.7266880898648859,0.1351764758462635,0.1403888192925742,1.5124484404284415,,,,,,-176.1235984849817,366.2471969699634,389.841663166857
2026-06-07T22:55:27,88,37,880037,constant,-176.12324146684244,366.2464829336849,389.8409491305785,True,0,2.877751452759292,0.0358954259126263,0.4233292005450648,0.7275451111481118,0.1349912949869608,0.1398680837736744,1.496110171916623,,,,,,-176.12324146683974,366.2464829336795,389.8409491305731
2026-06-07T22:57:01,88,38,880038,constant,-176.1232416217426,366.2464832434852,389.84094944037884,True,0,2.8768654710296726,0.0359060001159915,0.4233655823539259,0.727436856946089,0.1349645392265999,0.1398848986332882,1.4955149985193317,,,,,,-176.12324162174423,366.24648324348846,389.8409494403821
2026-06-07T22:59:31,88,39,880039,constant,-176.12333469941805,366.2466693988361,389.8411355957297,True,0,2.8615844100517243,0.0357272253435781,0.4235500599190301,0.7278120188863855,0.1353452349412696,0.1402351709722308,1.5020046979339163,,,,,,-176.12333469864342,366.2466693972869,389.84113559418046
2026-06-07T23:00:35,88,40,880040,constant,-176.12324152808614,366.2464830561723,389.8409492530659,True,0,2.877907524064368,0.0358919592443043,0.4233178889697449,0.727571289477865,0.1349940299843167,0.1398628107579926,1.4962008034549623,,,,,,-176.1232415281145,366.246483056229,389.8409492531226
2026-06-07T22:02:20,89,1,890001,constant,-176.12324144538735,366.2464828907747,389.8409490876683,True,0,2.877462083425937,0.0358968301177715,0.4233488445395441,0.7274919098592685,0.1349759926297307,0.1398727837157556,1.4959910450926035,,,,,,-176.12324144539167,366.24648289078334,389.84094908767696
2026-06-07T22:03:45,89,2,890002,constant,-176.1232414849369,366.2464829698738,389.8409491667674,True,0,2.8772106949333405,0.0358949129422692,0.423373802542703,0.7274770304769643,0.1349671305609399,0.1398752071804208,1.495922017554567,,,,,,-176.12324148493778,366.2464829698756,389.8409491667692
2026-06-07T22:07:12,89,3,890003,constant,-176.12583353278114,366.2516670655623,389.8461332624559,True,0,2.811363652745151,0.0372276188714521,0.4268836127562777,0.7183471467516647,0.1323483223321179,0.1408814730500395,1.4269792451030243,,,,,,-176.12583353254865,366.2516670650973,389.8461332619909
2026-06-07T22:09:59,89,4,890004,constant,-176.123245703756,366.246491407512,389.8409576044056,True,0,2.8746757918471437,0.0359389763997963,0.4235265992020972,0.7271424698551856,0.1349349517071945,0.1399261577448467,1.494634230661712,,,,,,-176.12324570375904,366.2464914075181,389.8409576044117
2026-06-07T22:10:58,89,5,890005,constant,-176.12324147409674,366.2464829481935,389.8409491450871,True,0,2.8772001617869982,0.0358965968704823,0.4233510448402742,0.7274895261088662,0.1349774027388654,0.1398790673726203,1.4959463645577662,,,,,,-176.12324147409646,366.2464829481929,389.84094914508654
2026-06-07T22:12:36,89,6,890006,constant,-176.12324149699245,366.2464829939849,389.8409491908785,True,0,2.877651771059361,0.0358901700967947,0.4233209790041178,0.7275527955991257,0.1349897856031063,0.13987362120851,1.4963339888280092,,,,,,-176.12324149699128,366.24648299398257,389.8409491908762
2026-06-07T22:14:16,89,7,890007,constant,-177.55858321872253,369.11716643744506,392.7116326343387,True,0,7.5145566558379455,0.0359476823932961,0.3899494926925128,0.7617945995693445,0.1368716560574145,0.0905835384753014,1.472332495546009,,,,,,-177.55858321629108,369.11716643258217,392.7116326294758
2026-06-07T22:16:04,89,8,890008,constant,-176.123241489995,366.24648297999,389.8409491768836,True,0,2.8773437525174543,0.0359002522698894,0.4233667285718835,0.7274433990093322,0.1349571572377516,0.1398738910470992,1.4957919711349243,,,,,,-176.12324148999318,366.2464829799864,389.84094917688
2026-06-07T22:19:16,89,9,890009,constant,-97.98202640809427,209.96405281618854,233.55851901308216,True,0,9.84168590508345,1.80905965136311,0.5032082993863995,0.4038078383672605,0.417970023629127,0.1303153661879199,0.0254262426868071,,,,,,-97.9820264080953,209.9640528161906,233.5585190130842
2026-06-07T22:20:53,89,10,890010,constant,-176.12352668086785,366.2470533617357,389.84151955862933,True,0,2.842786900140825,0.0358523687580274,0.425015178313594,0.7250489578338768,0.1346826446191997,0.1405274978017512,1.4962531986573364,,,,,,-176.12352668132257,366.2470533626452,389.8415195595388
2026-06-07T22:22:00,89,11,890011,constant,-176.1232414486885,366.246482897377,389.8409490942706,True,0,2.87747804378225,0.035896620026701,0.4233565258642645,0.727477377653171,0.13497598765284,0.1398711275200574,1.4959724635543623,,,,,,-176.12324144869228,366.24648289738457,389.8409490942782
2026-06-07T22:24:45,89,12,890012,constant,-176.12354046794292,366.24708093588583,389.84154713277945,True,0,2.842219009405506,0.035734696722536,0.424765707360988,0.7261987497570864,0.1347914097655164,0.1405673859779037,1.4995411582588063,,,,,,-176.1235404679428,366.2470809358856,389.8415471327792
2026-06-07T22:26:43,89,13,890013,constant,-176.12324146381593,366.24648292763186,389.8409491245255,True,0,2.8773853107587217,0.0358992218707514,0.4233423539023646,0.7274932055185691,0.1349841307905287,0.139875423310371,1.495852562263848,,,,,,-176.12324146381872,366.24648292763743,389.8409491245311
2026-06-07T22:27:44,89,14,890014,constant,-176.1232541785239,366.2465083570478,389.8409745539414,True,0,2.871092713606919,0.0359287363426372,0.4238331198150663,0.726709927163854,0.1348967392689548,0.1399613567615277,1.4942192003175223,,,,,,-176.12325417852367,366.2465083570473,389.84097455394095
2026-06-07T22:29:05,89,15,890015,constant,-176.12324147505382,366.24648295010763,389.84094914700125,True,0,2.877288445262792,0.0359011575228443,0.4233467799954617,0.7274862485256027,0.1349729718727972,0.1398772663518915,1.4958256345787826,,,,,,-176.12324147505296,366.24648295010593,389.8409491469996
2026-06-07T22:31:01,89,16,890016,constant,-176.1232414942097,366.2464829884194,389.84094918531304,True,0,2.877466913641192,0.035890952921012,0.4233436911022753,0.7275408162038759,0.1349780616982019,0.1398736420138435,1.4962914786422783,,,,,,-176.12324149421218,366.2464829884244,389.840949185318
2026-06-07T22:33:41,89,17,890017,constant,-176.12324145310583,366.24648290621167,389.8409491031053,True,0,2.877609498312417,0.0358987657584648,0.4233269671714481,0.727516838059442,0.1349851035637848,0.1398722177247737,1.4959487359710235,,,,,,-176.12324145310373,366.24648290620746,389.8409491031011
2026-06-07T22:35:35,89,18,890018,constant,-176.1232419224516,366.2464838449032,389.8409500417968,True,0,2.877769061280062,0.0359105310136158,0.4233308091552679,0.7275008570528224,0.1349701762769819,0.1398602498569159,1.4951555667133511,,,,,,-176.1232419224787,366.2464838449574,389.84095004185104
2026-06-07T22:36:55,89,19,890019,constant,-176.1232475229305,366.246495045861,389.84096124275464,True,0,2.8727617642991192,0.035906238809764,0.4233280313861207,0.727473578999692,0.135052552678545,0.1400000911688475,1.4955158051276478,,,,,,-176.12324752267853,366.24649504535705,389.8409612422506
2026-06-07T22:38:09,89,20,890020,constant,-176.1232414481197,366.2464828962394,389.840949093133,True,0,2.877464540163049,0.0358979961282058,0.4233486886149195,0.727490245617654,0.1349750324938787,0.1398733234062522,1.495949984499696,,,,,,-176.12324144812283,366.2464828962457,389.8409490931393
2026-06-07T22:39:30,89,21,890021,constant,-176.12324144956384,366.24648289912767,389.8409490960213,True,0,2.8774522999041445,0.035894810628089,0.4233462732140271,0.7274971365763401,0.1349816128815921,0.139873270286127,1.4960759703819242,,,,,,-176.12324144956392,366.24648289912784,389.8409490960215
2026-06-07T22:41:46,89,22,890022,constant,-176.1233708325035,366.246741665007,389.8412078619006,True,0,2.864663965919413,0.0362137814163365,0.4238994857173137,0.725578305088814,0.1346125746813971,0.140075245513506,1.479684940922826,,,,,,-176.12337083250347,366.2467416650069,389.84120786190056
2026-06-07T22:42:38,89,23,890023,constant,-176.1232416639756,366.2464833279512,389.8409495248448,True,0,2.878323776494206,0.0358920508492365,0.4232825714330295,0.7276182187659782,0.1350049239388129,0.139864160619695,1.4964549772521287,,,,,,-176.1232416645758,366.2464833291516,389.8409495260452
2026-06-07T22:44:17,89,24,890024,constant,-176.2091163897203,366.4182327794406,390.0126989763342,True,0,2.320824158882024,0.0362023748282807,0.4591538235034904,0.6719685823319561,0.1220280250409712,0.1506549796434858,1.4092115193332764,,,,,,-176.20911639002227,366.41823278004455,390.01269897693817
2026-06-07T22:45:47,89,25,890025,constant,-176.1232962352002,366.2465924704004,389.841058667294,True,0,2.8881178652705404,0.0359132309115151,0.4236534768965384,0.7268070179080468,0.134490286234476,0.1395769612330584,1.4985182992068236,,,,,,-176.1232962329384,366.2465924658768,389.8410586627704
2026-06-07T22:47:32,89,26,890026,constant,-176.12324156194933,366.24648312389866,389.8409493207923,True,0,2.878091157266486,0.0358891346770236,0.4233131404402751,0.7275673578339075,0.1349894076584424,0.1398638329609563,1.4964756355859152,,,,,,-176.1232415619491,366.2464831238982,389.8409493207918
2026-06-07T22:49:09,89,27,890027,constant,-176.1234772905811,366.2469545811622,389.8414207780558,True,0,2.847121185185564,0.0361163592238158,0.4247879924173881,0.7249966875939283,0.1343183703156746,0.1403865536166984,1.4813897437411865,,,,,,-176.1234772717334,366.2469545434668,389.8414207403604
2026-06-07T22:50:39,89,28,890028,constant,-176.1232523713557,366.2465047427114,389.84097093960503,True,0,2.872445152933192,0.0358413184863588,0.4235552190156275,0.7271930879189079,0.1350196350877855,0.1399751142301132,1.4982601198565124,,,,,,-176.12325237135246,366.2465047427049,389.84097093959855
2026-06-07T22:51:33,89,29,890029,constant,-176.12353083193068,366.24706166386136,389.841527860755,True,0,2.85602707343846,0.0360402338821209,0.4233116276311195,0.7283994096994859,0.1363342218251376,0.1403260617283398,1.4840776269960745,,,,,,-176.12353083337973,366.24706166675946,389.8415278636531
2026-06-07T22:53:47,89,30,890030,constant,-176.1232849264075,366.246569852815,389.84103604970863,True,0,2.8895985836423117,0.0357723931327971,0.4229533079235391,0.7281979347836515,0.1351104836820647,0.1396516641675083,1.503479643167589,,,,,,-176.12328492640535,366.2465698528107,389.8410360497043
2026-06-07T22:55:04,89,31,890031,constant,-176.12324150706877,366.24648301413754,389.84094921103116,True,0,2.877857286495509,0.0359004844526121,0.4233245203536314,0.7275267476080095,0.1350008613956979,0.1398662223034281,1.4959030969020854,,,,,,-176.123241507072,366.246483014144,389.8409492110376
2026-06-07T22:56:37,89,32,890032,constant,-176.1232414638726,366.2464829277452,389.8409491246388,True,0,2.877399064462721,0.0358921305410179,0.4233594967157151,0.7274964699707078,0.1349712085818598,0.139873781291056,1.496136924979211,,,,,,-176.1232414638756,366.2464829277512,389.8409491246448
2026-06-07T22:59:27,89,33,890033,constant,-176.12325628245097,366.24651256490193,389.84097876179555,True,0,2.870636428901895,0.0359328310343124,0.4234460648763766,0.7274080035026135,0.1349991912236205,0.1400121766090098,1.4925677490706448,,,,,,-176.12325628243678,366.2465125648736,389.8409787617672
2026-06-07T23:00:19,89,34,890034,constant,-176.123241483289,366.246482966578,389.84094916347163,True,0,2.877793322795541,0.0358959364048209,0.4233475902736681,0.7274999722619085,0.1349700827779142,0.1398658655847554,1.496175147422605,,,,,,-176.12324148329168,366.24648296658336,389.840949163477
2026-06-07T23:01:21,89,35,890035,constant,-176.12324146293923,366.24648292587847,389.8409491227721,True,0,2.8778174328975834,0.0358931104247239,0.4233317029696302,0.7275312351070324,0.1349859712026868,0.1398671601358468,1.496189523253424,,,,,,-176.12324146294364,366.2464829258873,389.8409491227809
2026-06-07T23:02:38,89,36,890036,constant,-176.1232414586336,366.2464829172672,389.8409491141608,True,0,2.877815913525789,0.0358961964377824,0.4233349536831522,0.7275105771488928,0.1349853185684877,0.139866755196699,1.496092030768568,,,,,,-176.1232414586366,366.2464829172732,389.8409491141669
2026-06-07T23:08:02,89,37,890037,constant,-176.12324227696064,366.2464845539213,389.8409507508149,True,0,2.877312395145524,0.0359027690267918,0.4234776947866792,0.727212577848281,0.134874028864933,0.1398615149671733,1.4956383054461888,,,,,,-176.12324227695754,366.2464845539151,389.8409507508087
2026-06-07T23:09:38,89,38,890038,constant,-176.12324151513153,366.24648303026305,389.84094922715667,True,0,2.877997219580676,0.0358957039890894,0.4233171629684135,0.7275487212942073,0.1349894286773793,0.1398612896749808,1.4960100281074182,,,,,,-176.12324151500252,366.246483030005,389.84094922689866
2026-06-07T23:10:49,89,39,890039,constant,-176.14661013284973,366.29322026569946,389.8876864625931,True,0,2.598655280877937,0.0338424234460521,0.440154118291006,0.7132602913694187,0.1305865871143027,0.1449524590544166,1.5486996517238598,,,,,,-176.14661013056622,366.2932202611324,389.88768645802605
2026-06-07T23:12:14,89,40,890040,constant,-176.12324162878443,366.24648325756885,389.8409494544625,True,0,2.878186608839764,0.0358887722573407,0.4233572622282622,0.7274802236554075,0.1349786058003043,0.1398566273677278,1.496422106949109,,,,,,-176.1232416284916,366.2464832569832,389.8409494538768
2026-06-07T22:01:41,90,1,900001,constant,-176.12324144958393,366.24648289916786,389.8409490960615,True,0,2.877561588360108,0.0358983003780557,0.4233437818930031,0.7274930254071267,0.1349761744358079,0.1398712040232655,1.495908449214715,,,,,,-176.12324144958248,366.24648289916496,389.8409490960586
2026-06-07T22:03:11,90,2,900002,constant,-176.12324776754417,366.24649553508834,389.84096173198196,True,0,2.882057824620091,0.0358420898610466,0.4232238732625469,0.7278936645579952,0.1349723995816877,0.1397787270109788,1.498654811258013,,,,,,-176.123247767603,366.246495535206,389.8409617320996
2026-06-07T22:04:47,90,3,900003,constant,-176.1232414457736,366.2464828915472,389.8409490884408,True,0,2.877626957684401,0.0358963919219924,0.4233334825165143,0.72751353711633,0.1349852016949038,0.1398706862777652,1.4960256293227052,,,,,,-176.12324144577707,366.2464828915541,389.84094908844776
2026-06-07T22:06:10,90,4,900004,constant,-176.1232415328231,366.2464830656462,389.8409492625398,True,0,2.877896638575792,0.0358873213260843,0.4233185810714372,0.7275617389377014,0.1350077215561211,0.1398661712947621,1.4963684385533456,,,,,,-176.12324153281236,366.2464830656247,389.8409492625184
2026-06-07T22:08:10,90,5,900005,constant,-176.12324146780884,366.2464829356177,389.8409491325113,True,0,2.877301569468435,0.035899090211748,0.4233510760852145,0.7274816696089499,0.134981749642377,0.1398756459214955,1.4958518546355608,,,,,,-176.12324146781052,366.246482935621,389.84094913251465
2026-06-07T22:10:01,90,6,900006,constant,-176.12532009010545,366.2506401802109,389.8451063771045,True,0,2.7905468317048703,0.0365618665639186,0.4283087897223897,0.7185504828272677,0.1324701175117799,0.1412721482805307,1.452872177848596,,,,,,-176.12532009010522,366.2506401802104,389.84510637710406
2026-06-07T22:11:13,90,7,900007,constant,-176.1232417389448,366.2464834778896,389.84094967478325,True,0,2.87662107507674,0.0359067132072101,0.4233886492877424,0.7274160302051116,0.1349559177914225,0.1398861483072752,1.4953752986227749,,,,,,-176.12324173894524,366.2464834778905,389.8409496747841
2026-06-07T22:12:39,90,8,900008,constant,-176.12324166488185,366.2464833297637,389.8409495266573,True,0,2.878146021446349,0.0358943665518144,0.423303704315544,0.7275569414078146,0.1350164049538678,0.1398652333928857,1.496474857692345,,,,,,-176.12324166487969,366.24648332975937,389.840949526653
2026-06-07T22:15:07,90,9,900009,constant,-176.1232414448389,366.2464828896778,389.8409490865714,True,0,2.8775405789982598,0.0358971485260647,0.4233423004953529,0.7275019430815913,0.134979163671887,0.1398723517335947,1.4959817175419563,,,,,,-176.12324144483608,366.24648288967217,389.8409490865658
2026-06-07T22:15:59,90,10,900010,constant,-176.12324150300708,366.24648300601416,389.8409492029078,True,0,2.8775867763359573,0.0358924181546823,0.4233302333501159,0.7275390052464118,0.1349746620866868,0.1398721423352589,1.4962859263880022,,,,,,-176.1232415030081,366.2464830060162,389.8409492029098
2026-06-07T22:17:01,90,11,900011,constant,-176.12324145568977,366.24648291137953,389.84094910827315,True,0,2.8775455192997867,0.035895556211357,0.4233567695580873,0.727496706223999,0.134960666433615,0.1398700328621429,1.4960040346749202,,,,,,-176.12324145569306,366.2464829113861,389.8409491082797
2026-06-07T22:18:48,90,12,900012,constant,-176.12331339036209,366.24662678072417,389.8410929776178,True,0,2.892061022711778,0.0360255551992747,0.4229007598590231,0.7276505769117587,0.134987030581538,0.1395435774829123,1.4905305048717723,,,,,,-176.1233133903486,366.2466267806972,389.8410929775908
2026-06-07T22:20:05,90,13,900013,constant,-176.1232457474212,366.2464914948424,389.84095769173604,True,0,2.8746027748260325,0.0359282240529864,0.4234316723659114,0.7272436480789363,0.1348677632285014,0.1399500063391693,1.494179293639945,,,,,,-176.12324574742007,366.24649149484014,389.84095769173376
2026-06-07T22:21:26,90,14,900014,constant,-176.12325125004355,366.2465025000871,389.8409686969807,True,0,2.8714610757668937,0.0359329802688336,0.4233747391505604,0.7274370008674849,0.1350364804331801,0.1400036030928945,1.493896109246729,,,,,,-176.12325125008448,366.24650250016896,389.8409686970626
2026-06-07T22:23:31,90,15,900015,constant,-176.12324533011406,366.2464906602281,389.84095685712174,True,0,2.874450763273875,0.0359333499790462,0.423472783551999,0.7270876760786795,0.1348624041216778,0.139928078889605,1.493977889234375,,,,,,-176.1232453284438,366.2464906568876,389.8409568537812
2026-06-07T22:25:23,90,16,900016,constant,-176.12324205513727,366.24648411027454,389.84095030716816,True,0,2.879114467531001,0.0358839051724705,0.4232794501439396,0.7276201265775222,0.1350046941042444,0.139843770487622,1.496813641350019,,,,,,-176.1232420551365,366.246484110273,389.8409503071666
2026-06-07T22:27:08,90,17,900017,constant,-176.12324144681384,366.2464828936277,389.8409490905213,True,0,2.8776178730228748,0.0358957254205353,0.4233384469903047,0.7275076099418635,0.1349863621519308,0.1398712015973964,1.4960601873332768,,,,,,-176.1232414468131,366.2464828936262,389.8409490905198
2026-06-07T22:28:33,90,18,900018,constant,-176.12324910590473,366.24649821180947,389.8409644087031,True,0,2.873098366955768,0.0359457105128066,0.4236548926470446,0.7268837708882547,0.1348327758311684,0.1399201395437246,1.4929476753580166,,,,,,-176.12324910585517,366.24649821171033,389.840964408604
2026-06-07T22:29:26,90,19,900019,constant,-176.1232415121721,366.2464830243442,389.8409492212378,True,0,2.8775816952087285,0.0359029312980372,0.4233561770774539,0.7274684678019379,0.1349607984042239,0.1398675832985706,1.4956505391547728,,,,,,-176.12324151216768,366.24648302433536,389.840949221229
2026-06-07T22:31:27,90,20,900020,constant,-176.12324147109445,366.2464829421889,389.8409491390825,True,0,2.877801396294539,0.0358910927724735,0.4233373997661044,0.727532222341337,0.1349808974664846,0.1398655416468406,1.4962235738017065,,,,,,-176.1232414711062,366.2464829422124,389.8409491391061
2026-06-07T22:32:32,90,21,900021,constant,-176.12324202745737,366.24648405491473,389.84095025180835,True,0,2.8781115492397507,0.0359188269257984,0.4233096884243166,0.7274866809569719,0.1349625065499875,0.1398597076826959,1.4950493356993928,,,,,,-176.12324202750537,366.24648405501074,389.8409502519044
2026-06-07T22:33:34,90,22,900022,constant,-176.12324145154957,366.24648290309915,389.84094909999277,True,0,2.877400162863318,0.035895185211475,0.4233586663257748,0.7274899219076612,0.1349751218237891,0.1398731468767792,1.496039042263876,,,,,,-176.12324145154437,366.2464829030887,389.8409490999823
2026-06-07T22:34:23,90,23,900023,constant,-176.12324144614246,366.2464828922849,389.84094908917854,True,0,2.877512440156416,0.0358968397579569,0.423347652199074,0.7275005438919341,0.1349719361635564,0.1398719201432642,1.4960203997160049,,,,,,-176.1232414461449,366.2464828922898,389.8409490891834
2026-06-07T22:36:12,90,24,900024,constant,-176.12324149071992,366.24648298143984,389.84094917833346,True,0,2.877991674843153,0.0358951142304449,0.4233234964461204,0.7275494591765072,0.1349867993040299,0.1398636481895598,1.496103161273349,,,,,,-176.12324149075073,366.2464829815015,389.8409491783951
2026-06-07T22:37:52,90,25,900025,constant,-176.1232414460418,366.2464828920836,389.8409490889772,True,0,2.8774529499523784,0.0358953153309282,0.4233473621302172,0.7275039868573605,0.1349809858942027,0.139873133262999,1.4960444245975952,,,,,,-176.1232414460414,366.2464828920828,389.8409490889764
2026-06-07T22:38:58,90,26,900026,constant,-176.12324146083805,366.2464829216761,389.8409491185697,True,0,2.87736635060446,0.0358988218755224,0.4233541287785691,0.7274912245161372,0.1349767000386305,0.1398737129930657,1.4958673100647686,,,,,,-176.12324146084077,366.2464829216816,389.8409491185752
2026-06-07T22:40:10,90,27,900027,constant,-176.12324153355416,366.24648306710833,389.84094926400195,True,0,2.877370538326925,0.0358873472121266,0.4233570488233615,0.7275196446066344,0.1349791975846277,0.1398739250710058,1.4964081404178924,,,,,,-176.12324153355013,366.24648306710026,389.8409492639939
2026-06-07T22:41:51,90,28,900028,constant,-176.12324144357706,366.2464828871541,389.84094908404774,True,0,2.877589657860605,0.0358968338896091,0.4233386978981386,0.7275088146697217,0.1349780986148074,0.1398711132954664,1.4960062348380767,,,,,,-176.12324144357297,366.24648288714593,389.8409490840396
2026-06-07T22:44:10,90,29,900029,constant,-176.12324167266004,366.2464833453201,389.8409495422137,True,0,2.8780943011490643,0.0359028894222036,0.4233500009346771,0.7274671389032077,0.1349535825522943,0.1398608268188919,1.495705791207334,,,,,,-176.12324167273005,366.2464833454601,389.8409495423537
2026-06-07T22:46:05,90,30,900030,constant,-176.12324154689398,366.24648309378796,389.8409492906816,True,0,2.877835097942952,0.0359030871686052,0.4233219842505246,0.7275008748454961,0.1349794982594892,0.1398642639354627,1.4957240502199918,,,,,,-176.1232415469002,366.2464830938004,389.840949290694
2026-06-07T22:47:03,90,31,900031,constant,-176.1251246543555,366.250249308711,389.8447155056046,True,0,2.9749431400368858,0.0357804444112671,0.4189668206339209,0.7334747559537865,0.1364991868670623,0.1381694716152607,1.5142762463289043,,,,,,-176.12512465432042,366.2502493086408,389.84471550553445
2026-06-07T22:48:45,90,32,900032,constant,-176.12324158800158,366.24648317600315,389.8409493728968,True,0,2.8781553867702607,0.0358882011489028,0.4233349239809572,0.7275298539726115,0.1349701721028504,0.1398614418447035,1.4964032463581434,,,,,,-176.12324158824617,366.2464831764924,389.840949373386
2026-06-07T22:50:17,90,33,900033,constant,-176.1232414482894,366.2464828965788,389.84094909347243,True,0,2.87751034142368,0.0358979595031056,0.4233517365547015,0.7274843152707875,0.1349760663314364,0.1398707137738901,1.495925264122104,,,,,,-176.12324144829083,366.24648289658165,389.8409490934753
2026-06-07T22:52:35,90,34,900034,constant,-176.1232414591965,366.246482918393,389.8409491152866,True,0,2.877292192978788,0.0358964621133471,0.4233573576012261,0.7274855239163899,0.1349787409670942,0.1398753803761948,1.495961027382833,,,,,,-176.12324145919865,366.2464829183973,389.8409491152909
2026-06-07T22:54:17,90,35,900035,constant,-176.12324383378498,366.24648766756997,389.8409538644636,True,0,2.8746235688962063,0.0359250413724151,0.4234217522022052,0.7273384999474629,0.1349093025275046,0.1399309646240913,1.4945088304783805,,,,,,-176.12324383377955,366.2464876675591,389.84095386445273
2026-06-07T22:56:38,90,36,900036,constant,-176.12329512776793,366.24659025553586,389.8410564524295,True,0,2.8926576731824403,0.0358106165622469,0.4228125184434071,0.7284816654886903,0.135149801825419,0.1395879988404664,1.5024175977398209,,,,,,-176.1232951270986,366.2465902541972,389.8410564510908
2026-06-07T22:57:42,90,37,900037,constant,-176.12324559395273,366.24649118790546,389.8409573847991,True,0,2.8733873420753984,0.0359190229165546,0.4235317237897081,0.727212023347509,0.1349014820460848,0.139942441616122,1.4942380381710092,,,,,,-176.1232455939805,366.246491187961,389.8409573848546
2026-06-07T22:58:37,90,38,900038,constant,-176.12351040087313,366.24702080174626,389.8414869986399,True,0,2.8533356580362743,0.0362744151993331,0.4246765795913052,0.7245974140097394,0.1339255184236444,0.1402393871316442,1.4746581996882937,,,,,,-176.123510400803,366.247020801606,389.8414869984997
2026-06-07T23:01:00,90,39,900039,constant,-176.12327698594513,366.24655397189025,389.84102016878387,True,0,2.88431800124857,0.0357296066520401,0.4230506180932231,0.7284387082427055,0.1352722367356369,0.1397628017882201,1.504726608600801,,,,,,-176.1232769859464,366.2465539718928,389.8410201687864
2026-06-07T23:02:42,90,40,900040,constant,-176.12324144675983,366.24648289351967,389.8409490904133,True,0,2.8775053019006758,0.035894429644435,0.4233455536098297,0.7275038897968306,0.1349813155407582,0.1398724935282654,1.4961047340313411,,,,,,-176.12324144675958,366.2464828935192,389.8409490904128
2026-06-07T22:02:13,91,1,910001,constant,-176.1232416180007,366.2464832360014,389.840949432895,True,0,2.87849429390644,0.0358963472821406,0.4233043769963235,0.7275557807207126,0.1349855136306712,0.1398536858457227,1.4961459594626147,,,,,,-176.1232416180125,366.246483236025,389.84094943291865
2026-06-07T22:03:26,91,2,910002,constant,-176.12324151768235,366.2464830353647,389.8409492322583,True,0,2.87792821768104,0.0359013609426495,0.4233443971083131,0.7274909369855661,0.1349698356207195,0.1398614241812036,1.4957805806263778,,,,,,-176.12324151767197,366.246483035344,389.8409492322376
2026-06-07T22:04:41,91,3,910003,constant,-176.12324541781075,366.2464908356215,389.8409570325151,True,0,2.8787201203685453,0.0358376015912838,0.4231593864431777,0.7279338056773257,0.1350801042481467,0.1398769094017208,1.4983085699538288,,,,,,-176.12324541809735,366.2464908361947,389.84095703308833
2026-06-07T22:06:16,91,4,910004,constant,-176.12324150900238,366.24648301800477,389.8409492148984,True,0,2.8779868175007235,0.0358919818904758,0.423316289755146,0.7275661629608964,0.1349844671470054,0.1398661311094164,1.496272784558755,,,,,,-176.1232415090102,366.2464830180204,389.840949214914
2026-06-07T22:07:30,91,5,910005,constant,-176.12324878613975,366.2464975722795,389.84096376917313,True,0,2.8785584715660444,0.0358216714282622,0.4230693035826152,0.7281899649222792,0.1352027728783976,0.1398924318252271,1.499254863420311,,,,,,-176.1232487855442,366.2464975710884,389.840963767982
2026-06-07T22:09:23,91,6,910006,constant,-176.12324949442274,366.2464989888455,389.8409651857391,True,0,2.882650832369142,0.0358415143127477,0.4231078929500315,0.7279826003805758,0.1351274749784626,0.1397844029332273,1.4992958483517025,,,,,,-176.12324949442075,366.2464989888415,389.8409651857351
2026-06-07T22:10:14,91,7,910007,constant,-176.12324146195826,366.2464829239165,389.84094912081014,True,0,2.877648409239318,0.0358928324218661,0.4233608999307865,0.7274789966390168,0.1349698157821946,0.1398664314396152,1.4960857892100197,,,,,,-176.12324146195897,366.24648292391794,389.8409491208116
2026-06-07T22:11:34,91,8,910008,constant,-176.1232414473946,366.2464828947892,389.84094909168283,True,0,2.8775213887722755,0.0358977416497768,0.4233441564514894,0.7274981590303995,0.1349779457123859,0.1398715215946313,1.4959248132917042,,,,,,-176.12324144739767,366.24648289479535,389.84094909168897
2026-06-07T22:13:33,91,9,910009,constant,-176.12325157175565,366.2465031435113,389.8409693404049,True,0,2.8727262501595487,0.0359644264368778,0.4234496402971404,0.7270865121544635,0.1350241901205645,0.1399621205767069,1.4921438358928738,,,,,,-176.12325157218405,366.2465031443681,389.8409693412617
2026-06-07T22:14:22,91,10,910010,constant,-176.1232414488041,366.2464828976082,389.8409490945018,True,0,2.8774996088067617,0.0358979745663934,0.4233476812908751,0.7274829648526875,0.1349756751095331,0.1398721312321504,1.4959344272217163,,,,,,-176.1232414488058,366.2464828976116,389.8409490945052
2026-06-07T22:15:33,91,11,910011,constant,-176.12324152845002,366.24648305690005,389.84094925379367,True,0,2.8780884178551824,0.0358928702244996,0.4233036579965079,0.7275642356072737,0.134983626133742,0.1398645219699335,1.4962345164631796,,,,,,-176.1232415284607,366.2464830569214,389.84094925381504
2026-06-07T22:17:17,91,12,910012,constant,-176.12329513011406,366.2465902602281,389.84105645712174,True,0,2.8918430642172277,0.0358448778237247,0.4223735096955301,0.7292396933860518,0.13542596411991,0.1396596561751757,1.5012137587387917,,,,,,-176.1232951301048,366.2465902602096,389.8410564571032
2026-06-07T22:18:44,91,13,910013,constant,-176.2215280026278,366.4430560052556,390.0375222021492,True,0,2.5019044104148565,0.0446508926905623,0.4481795651614534,0.6692204717097101,0.1164807828272318,0.1454794248130875,1.128181141076164,,,,,,-176.22152800235355,366.4430560047071,390.0375222016007
2026-06-07T22:19:48,91,14,910014,constant,-176.12324152965004,366.2464830593001,389.8409492561937,True,0,2.877847880836583,0.0359015370047359,0.4233353870777899,0.7275116568207917,0.1349609035071426,0.1398629573628659,1.4957434606633446,,,,,,-176.12324152965,366.2464830593,389.8409492561936
2026-06-07T22:20:52,91,15,910015,constant,-176.1508988406183,366.3017976812366,389.89626387813024,True,0,2.684604427543165,0.0406399465865808,0.4302193236173544,0.7069046717221447,0.1290348013826327,0.1433469025360779,1.2774613746282466,,,,,,-176.1508988396949,366.3017976793898,389.8962638762834
2026-06-07T22:22:23,91,16,910016,constant,-176.12324144373449,366.24648288746897,389.8409490843626,True,0,2.8776372339146787,0.0358964416333468,0.423341260835844,0.7275034713346313,0.1349812906315628,0.1398696092216781,1.4960365972231429,,,,,,-176.1232414437329,366.2464828874658,389.8409490843594
2026-06-07T22:23:49,91,17,910017,constant,-176.12324844663817,366.24649689327634,389.84096309016996,True,0,2.8726756398373228,0.035884704339598,0.4235906560764492,0.7271581645076507,0.1349427120831679,0.1399648363656389,1.4967667938690237,,,,,,-176.12324844660722,366.2464968932144,389.84096309010806
2026-06-07T22:25:05,91,18,910018,constant,-176.12324144564417,366.24648289128834,389.84094908818196,True,0,2.877530517908476,0.0358966733868016,0.4233427467901505,0.7274930085270889,0.1349811726543405,0.1398721109123083,1.496015966412792,,,,,,-176.12324144564477,366.24648289128953,389.8409490881832
2026-06-07T22:26:34,91,19,910019,constant,-176.12324144836748,366.24648289673496,389.8409490936286,True,0,2.8776087009587727,0.0358983964531731,0.4233466201015621,0.7274892093060392,0.1349773904820657,0.1398692713015755,1.4959538490456292,,,,,,-176.12324144836583,366.24648289673166,389.8409490936253
2026-06-07T22:28:23,91,20,910020,constant,-176.12324164057299,366.24648328114597,389.8409494780396,True,0,2.87810365603957,0.0358875325349535,0.4233742428097511,0.7274755618093776,0.1349877654683797,0.1398511470264958,1.4963647273697145,,,,,,-176.1232416405606,366.2464832811212,389.8409494780148
2026-06-07T22:29:35,91,21,910021,constant,-176.1232421305437,366.2464842610874,389.840950457981,True,0,2.875879865157281,0.0359082290376892,0.4234099372541863,0.7273765600901773,0.13496275407884,0.1399014099792285,1.4952896451301363,,,,,,-176.12324213054353,366.2464842610871,389.8409504579807
2026-06-07T22:31:26,91,22,910022,constant,-176.1232415642317,366.2464831284634,389.84094932535703,True,0,2.878092929434406,0.0358884809512487,0.423303567680925,0.7275946093226533,0.1349992624413679,0.1398631243737051,1.4963678910334828,,,,,,-176.12324156422957,366.2464831284592,389.8409493253528
2026-06-07T22:34:16,91,23,910023,constant,-131.02376969451183,276.04753938902365,299.6420055859173,True,0,2.695848161364101,1.443793125769625,0.9056177266616474,0.0717237877591739,0.1116218006282795,0.0618452881784169,0.336759464543082,,,,,,-131.0237696946506,276.0475393893012,299.64200558619484
2026-06-07T22:35:56,91,24,910024,constant,-176.13186677601004,366.2637335520201,389.8581997489137,True,0,2.7103654373154717,0.0376591297139822,0.4304234570730554,0.7129666412006296,0.1313971695790433,0.1429433517921799,1.3973131433887946,,,,,,-176.13186677682896,366.2637335536579,389.85819975055153
2026-06-07T22:36:58,91,25,910025,constant,-176.1232416603629,366.2464833207258,389.84094951761944,True,0,2.8782543660542665,0.0359014542998997,0.423293114762549,0.7275895172920858,0.1349731339936757,0.1398643102794427,1.496127034843702,,,,,,-176.1232416603631,366.2464833207263,389.8409495176199
2026-06-07T22:38:08,91,26,910026,constant,-176.12351847697286,366.2470369539457,389.84150315083934,True,0,2.8938359124143007,0.0362732798454107,0.4231285568276354,0.7259654757918798,0.1340844069127044,0.1394454021447486,1.4781356822257012,,,,,,-176.12351847622182,366.2470369524437,389.84150314933726
2026-06-07T22:39:42,91,27,910027,constant,-176.12324154173854,366.2464830834771,389.8409492803707,True,0,2.876966281756467,0.0359018018157759,0.4233654053000053,0.7274620099125614,0.1349657897209331,0.1398822789269796,1.4957000693315488,,,,,,-176.1232415417384,366.2464830834768,389.8409492803704
2026-06-07T22:40:52,91,28,910028,constant,-176.12324144768058,366.24648289536117,389.8409490922548,True,0,2.8775604171596205,0.0358954892454021,0.4233530793303841,0.7274882100322939,0.1349678780747352,0.1398703522826824,1.496034150372607,,,,,,-176.12324144768067,366.2464828953613,389.84094909225496
2026-06-07T22:42:09,91,29,910029,constant,-176.1232414547161,366.2464829094322,389.8409491063258,True,0,2.877348335645692,0.0358961263148897,0.4233547395075297,0.7274965467634085,0.1349768852360071,0.1398747033549139,1.4960169189637484,,,,,,-176.1232414547178,366.2464829094356,389.8409491063292
2026-06-07T22:44:03,91,30,910030,constant,-176.12324146845782,366.24648293691564,389.84094913380926,True,0,2.87776855000387,0.0358916781244227,0.4233389304900196,0.7275245918763267,0.134980996681746,0.1398672309704192,1.4962586065759047,,,,,,-176.12324146845765,366.2464829369153,389.8409491338089
2026-06-07T22:44:59,91,31,910031,constant,-176.12324307139454,366.2464861427891,389.8409523396827,True,0,2.877481446147474,0.0359189099242972,0.4233631177719058,0.7274543361125291,0.1348995462228281,0.1398552034264426,1.4945514046415638,,,,,,-176.1232430714206,366.2464861428412,389.8409523397348
2026-06-07T22:46:22,91,32,910032,constant,-176.1232415048977,366.2464830097954,389.840949206689,True,0,2.877817903980562,0.0358903982833534,0.4233297566480991,0.7275276197728732,0.1350019327017932,0.1398670072273211,1.4963605717435466,,,,,,-176.12324150489536,366.2464830097907,389.84094920668434
2026-06-07T22:48:06,91,33,910033,constant,-176.12324169033826,366.2464833806765,389.84094957757014,True,0,2.878190730775415,0.0359045147795023,0.4233014325572596,0.7275146325969142,0.1350076398360634,0.1398566383919688,1.4957282634016336,,,,,,-176.12324169023572,366.2464833804714,389.84094957736505
2026-06-07T22:49:38,91,34,910034,constant,-176.12324152275863,366.24648304551727,389.8409492424109,True,0,2.877010826943385,0.035893616098647,0.4233681571890206,0.727467209894557,0.1349796178852038,0.1398816148674587,1.4960901011171956,,,,,,-176.12324152276005,366.2464830455201,389.8409492424137
2026-06-07T22:51:02,91,35,910035,constant,-176.12324149179915,366.2464829835983,389.8409491804919,True,0,2.877142469689044,0.0358990017759607,0.4233705706287576,0.7274572631056744,0.1349652109318561,0.1398772121271409,1.4958189471454009,,,,,,-176.1232414918011,366.2464829836022,389.84094918049584
2026-06-07T22:52:49,91,36,910036,constant,-176.12324144520744,366.2464828904149,389.8409490873085,True,0,2.8775488556101663,0.0358949923730098,0.4233495813769977,0.7275025466467178,0.1349783313343987,0.1398709917448173,1.4960549521972806,,,,,,-176.12324144520312,366.24648289040624,389.8409490872999
2026-06-07T22:54:47,91,37,910037,constant,-176.12324161421617,366.24648322843234,389.84094942532596,True,0,2.8781643071021605,0.0358853761656026,0.4233425586155207,0.7275323707168723,0.1349864443427136,0.1398555546962961,1.49653492558547,,,,,,-176.12324161424348,366.24648322848697,389.8409494253806
2026-06-07T22:56:55,91,38,910038,constant,-176.12340948328648,366.24681896657296,389.8412851634666,True,0,2.9051472147330086,0.0359611505214244,0.4223436022726025,0.728154483733076,0.1350877284873335,0.1393386336995981,1.4954070548461489,,,,,,-176.12340948487096,366.2468189697419,389.84128516663554
2026-06-07T22:57:48,91,39,910039,constant,-176.12324144602752,366.24648289205504,389.84094908894866,True,0,2.877593148046946,0.0358972656159933,0.4233495221713429,0.727491167839148,0.1349745264378093,0.1398693699536193,1.495955268284466,,,,,,-176.12324144602857,366.24648289205714,389.8409490889508
2026-06-07T22:59:04,91,40,910040,constant,-176.12324269256482,366.24648538512963,389.84095158202325,True,0,2.8780118987457888,0.035859427189158,0.4233064415811555,0.7276577610980348,0.135022889416908,0.1398681866505448,1.4977017498554746,,,,,,-176.12324269250755,366.2464853850151,389.8409515819087
2026-06-07T22:09:17,92,1,920001,constant,-176.12324212286626,366.2464842457325,389.84095044262614,True,0,2.876226268120867,0.0359145366769136,0.4234058452726114,0.727356197921334,0.1349434329949481,0.1398928380129954,1.4949914833927782,,,,,,-176.12324212286822,366.2464842457365,389.84095044263006
2026-06-07T22:11:10,92,2,920002,constant,-176.12331367196407,366.24662734392814,389.84109354082176,True,0,2.8625360674845983,0.0360596539059318,0.4241661693462347,0.7258055957349668,0.1345976899211889,0.1401097089891243,1.48642300632952,,,,,,-176.1233136718258,366.2466273436516,389.8410935405452
2026-06-07T22:13:06,92,3,920003,constant,-176.1232414689398,366.2464829378796,389.8409491347732,True,0,2.877822690219121,0.035896989002377,0.4233204150876596,0.7275381915208706,0.1349841488811028,0.1398667935920858,1.4960360733580205,,,,,,-176.12324146893826,366.2464829378765,389.8409491347701
2026-06-07T22:15:25,92,4,920004,constant,-176.12326018447675,366.2465203689535,389.8409865658471,True,0,2.8867520864174336,0.0359106102413126,0.4228081813783423,0.7282236872887957,0.1351734018223127,0.1397184359250784,1.4967949022831937,,,,,,-176.12326018410403,366.2465203682081,389.8409865651017
2026-06-07T22:16:26,92,5,920005,constant,-176.12324144510723,366.24648289021445,389.8409490871081,True,0,2.877665597439148,0.0358949648303072,0.4233407787634579,0.7275110842496563,0.1349803001062403,0.1398690788407992,1.496092459875939,,,,,,-176.12324144511007,366.24648289022014,389.84094908711376
2026-06-07T22:19:13,92,6,920006,constant,-176.12324165282914,366.2464833056583,389.8409495025519,True,0,2.878379795230837,0.0358978449386598,0.4233368855476668,0.727532164331796,0.1349572338440124,0.1398515523276948,1.49614663483223,,,,,,-176.1232416528284,366.2464833056568,389.8409495025504
2026-06-07T22:20:55,92,7,920007,constant,-176.12324235454992,366.24648470909983,389.84095090599345,True,0,2.8791988425608204,0.0358810605855124,0.4232514105841748,0.7276529979285546,0.1350784566546584,0.1398440937964126,1.496913877820118,,,,,,-176.12324235455043,366.24648470910086,389.8409509059945
2026-06-07T22:23:11,92,8,920008,constant,-176.123241542102,366.246483084204,389.8409492810976,True,0,2.878031493734052,0.0358909777709433,0.4233250501175318,0.7275173951536649,0.1349813878497906,0.1398642727447798,1.4963934186226129,,,,,,-176.12324154209202,366.246483084184,389.84094928107766
2026-06-07T22:24:44,92,9,920009,constant,-176.12324161933023,366.24648323866046,389.8409494355541,True,0,2.8783228803179126,0.0358868407098481,0.4233164695119166,0.7275671516668819,0.1349967864017073,0.1398578860818762,1.4964807355229937,,,,,,-176.12324161940592,366.24648323881183,389.8409494357055
2026-06-07T22:26:19,92,10,920010,constant,-176.1232886035054,366.2465772070108,389.8410434039044,True,0,2.862885776306276,0.0359555282312806,0.4239973810392227,0.7264092749617943,0.1347662187966711,0.1401328747433172,1.4913357168086143,,,,,,-176.12328860349504,366.2465772069901,389.8410434038837
2026-06-07T22:30:26,92,11,920011,constant,-176.12324169165302,366.24648338330604,389.84094958019966,True,0,2.8785673577134885,0.0358982967871809,0.423296586852237,0.7275523101220142,0.134996144944434,0.139850665259309,1.4959595111866322,,,,,,-176.12324169163966,366.2464833832793,389.84094958017295
2026-06-07T22:31:16,92,12,920012,constant,-176.12324144296866,366.2464828859373,389.84094908283095,True,0,2.8776007374073647,0.0358961428251048,0.423340888482793,0.7275109096409437,0.1349794304685131,0.1398703665787119,1.496023623536821,,,,,,-176.1232414429735,366.246482885947,389.8409490828406
2026-06-07T22:33:26,92,13,920013,constant,-176.12324145809316,366.2464829161863,389.84094911307994,True,0,2.8778303042710336,0.0358951894353423,0.4233337987031013,0.7275168335230546,0.1349808319418864,0.1398663582373571,1.4961289427450124,,,,,,-176.1232414581021,366.2464829162042,389.8409491130978
2026-06-07T22:35:52,92,14,920014,constant,-176.1232453806979,366.2464907613958,389.84095695828944,True,0,2.87514641519016,0.0358994528778908,0.4231949292200433,0.7277461455326042,0.135046101093277,0.1399699059926118,1.4959915378793298,,,,,,-176.1232453810346,366.2464907620692,389.8409569589628
2026-06-07T22:37:26,92,15,920015,constant,-176.1232414836152,366.2464829672304,389.840949164124,True,0,2.877495201291564,0.0359022783998123,0.4233545678470563,0.7274654681038035,0.1349662549312288,0.1398708980461565,1.4957289484671052,,,,,,-176.1232414836154,366.2464829672308,389.8409491641244
2026-06-07T22:38:38,92,16,920016,constant,-176.12324147412602,366.24648294825204,389.84094914514566,True,0,2.8776749259051013,0.0359014775157152,0.423334566734025,0.7275041422083423,0.1349763701174461,0.1398688311106314,1.4957963167325472,,,,,,-176.12324147412284,366.24648294824567,389.8409491451393
2026-06-07T22:39:43,92,17,920017,constant,-176.12324144584665,366.2464828916933,389.8409490885869,True,0,2.8774636629261043,0.0358970178337048,0.4233484304308643,0.7274970009759786,0.1349750956121538,0.1398725801937008,1.495963370913458,,,,,,-176.12324144584525,366.2464828916905,389.8409490885841
2026-06-07T22:41:44,92,18,920018,constant,-176.12324195439567,366.24648390879133,389.84095010568495,True,0,2.878252470645321,0.035876803489795,0.4232959945140827,0.727639052224162,0.1350063958772108,0.1398629083990585,1.4970752804404892,,,,,,-176.12324195458152,366.24648390916303,389.8409501060567
2026-06-07T22:43:11,92,19,920019,constant,-176.12324144629468,366.24648289258937,389.840949089483,True,0,2.8776471740799208,0.0358966258075787,0.423341556051859,0.7275047309085589,0.1349796857834355,0.1398700757955754,1.496044492381543,,,,,,-176.1232414463028,366.2464828926056,389.8409490894992
2026-06-07T22:44:15,92,20,920020,constant,-176.13598803896156,366.2719760779231,389.86644227481673,True,0,3.1053051157475577,0.0340687986382252,0.4142227362412014,0.7450357548753812,0.1390965629153198,0.1361025843123701,1.6197042515257531,,,,,,-176.13598803870832,366.27197607741664,389.8664422743103
2026-06-07T22:46:01,92,21,920021,constant,-176.12324144688282,366.24648289376563,389.84094909065925,True,0,2.8776462306764583,0.0358978765315823,0.4233393673634758,0.7275004354806173,0.1349778425980163,0.1398693588306185,1.4959609095511557,,,,,,-176.1232414468846,366.2464828937692,389.8409490906628
2026-06-07T22:47:26,92,22,920022,constant,-176.1232415099459,366.2464830198918,389.8409492167854,True,0,2.8780646799414047,0.0358989891976521,0.4233224234640059,0.7275197121093122,0.1349804086285359,0.139861349247987,1.4959171259198345,,,,,,-176.12324150997415,366.2464830199483,389.8409492168419
2026-06-07T22:49:17,92,23,920023,constant,-176.12733843038285,366.2546768607657,389.8491430576593,True,0,3.000986216340624,0.0347874593194828,0.4177352230082433,0.7389413767854354,0.1378713295346214,0.137819462623787,1.5661072157213032,,,,,,-176.12733843028474,366.2546768605695,389.8491430574631
2026-06-07T22:52:29,92,24,920024,constant,-176.12324144622318,366.24648289244635,389.84094908934,True,0,2.877569913939686,0.0358955513081392,0.4233450036983372,0.7274995558706356,0.1349772089065684,0.1398700548550078,1.4960043633788378,,,,,,-176.12324144622312,366.24648289244624,389.8409490893399
2026-06-07T22:54:15,92,25,920025,constant,-176.12324582976282,366.24649165952565,389.84095785641927,True,0,2.8743631681380326,0.0359443015140278,0.4235146857667188,0.7270495414597828,0.1348691773281361,0.1399208107454911,1.493449792417643,,,,,,-176.12324582995626,366.2464916599125,389.8409578568061
2026-06-07T22:55:14,92,26,920026,constant,-176.12324144854287,366.24648289708574,389.84094909397936,True,0,2.8775890626531204,0.0358981331798634,0.4233382861296687,0.7275047852700061,0.1349731417443877,0.1398713165482036,1.4959453066273525,,,,,,-176.12324144853906,366.2464828970781,389.8409490939717
2026-06-07T22:56:37,92,27,920027,constant,-176.1248445829329,366.2496891658658,389.8441553627594,True,0,2.793361413992152,0.0356485900056095,0.4272244419058011,0.7235430569118075,0.1341923383960971,0.1414422781000054,1.4963973197093088,,,,,,-176.12484458232163,366.24968916464326,389.8441553615369
2026-06-07T22:58:10,92,28,920028,constant,-176.1232414543852,366.2464829087704,389.84094910566404,True,0,2.8773547766948995,0.0358968615150264,0.4233563491716273,0.7274903265210618,0.1349719026530337,0.1398740707721838,1.4959376615671862,,,,,,-176.1232414543884,366.2464829087768,389.8409491056704
2026-06-07T22:59:49,92,29,920029,constant,-176.1232713672689,366.2465427345378,389.8410089314314,True,0,2.88802602389354,0.0357976851284959,0.4230337430274333,0.7280419588969135,0.135148550492965,0.139660939352121,1.5016232408961316,,,,,,-176.12327136726458,366.2465427345292,389.8410089314228
2026-06-07T23:00:43,92,30,920030,constant,-176.123241452365,366.24648290473,389.8409491016236,True,0,2.877468542266732,0.0358980543878275,0.4233418729840767,0.7275099473033824,0.1349788525974953,0.1398728217489665,1.4959143586995356,,,,,,-176.12324145236744,366.2464829047349,389.8409491016285
2026-06-07T23:01:45,92,31,920031,constant,-176.1232414605289,366.2464829210578,389.8409491179514,True,0,2.877667545310226,0.0358955286239566,0.4233400746168,0.7275095654712788,0.1349963726121367,0.1398682476621764,1.496013815934877,,,,,,-176.12324146052563,366.24648292105127,389.8409491179449
2026-06-07T23:03:11,92,32,920032,constant,-176.12324145955824,366.2464829191165,389.8409491160101,True,0,2.877771680125996,0.0358981059403662,0.4233368959937025,0.7275072206709693,0.134980074211833,0.1398668434806128,1.495931253602805,,,,,,-176.12324145956427,366.2464829191285,389.84094911602216
2026-06-07T23:05:05,92,33,920033,constant,-176.12324193206433,366.24648386412866,389.8409500610223,True,0,2.8760850941879497,0.0359019193972218,0.4234151501182883,0.7273761429740583,0.134956038735307,0.1398967525344016,1.495572658536478,,,,,,-176.12324193206263,366.24648386412525,389.8409500610189
2026-06-07T23:07:03,92,34,920034,constant,-176.12324144594584,366.2464828918917,389.8409490887853,True,0,2.8775202186393183,0.0358946846387125,0.4233508900896998,0.7274923736306502,0.1349768386046277,0.1398712565402936,1.496078643746093,,,,,,-176.12324144594317,366.24648289188633,389.84094908878
2026-06-07T23:08:41,92,35,920035,constant,-176.12324144641076,366.2464828928215,389.84094908971514,True,0,2.877533898783906,0.0358958277190634,0.4233536740948082,0.7274901162697551,0.1349798933755052,0.1398696868172378,1.4959970246694774,,,,,,-176.123241446412,366.246482892824,389.8409490897176
2026-06-07T23:10:24,92,36,920036,constant,-176.12380064191373,366.24760128382746,389.8420674807211,True,0,2.826230033551239,0.0360193548912132,0.42558406722839,0.7243682099229135,0.134483342109916,0.1407975495476763,1.4831870210467095,,,,,,-176.12380064191444,366.2476012838289,389.8420674807225
2026-06-07T23:12:21,92,37,920037,constant,-176.12324796437912,366.24649592875824,389.84096212565186,True,0,2.8740108107179703,0.0359062057573443,0.4233335644826015,0.7272707433444376,0.1350761055535451,0.1399833020468334,1.4966247842979483,,,,,,-176.123247965152,366.246495930304,389.8409621271976
2026-06-07T23:13:41,92,38,920038,constant,-176.12324145219702,366.24648290439404,389.84094910128766,True,0,2.877687984715494,0.0358983871125227,0.423332417713204,0.7275101099038537,0.1349803829476157,0.1398697138674113,1.4959395379423115,,,,,,-176.12324145219873,366.2464829043975,389.8409491012911
2026-06-07T23:15:12,92,39,920039,constant,-176.12324168476016,366.2464833695203,389.84094956641394,True,0,2.877985843902036,0.0359019227779437,0.423340541875024,0.7274568067335303,0.134947255251657,0.1398575651863533,1.4956765659586455,,,,,,-176.1232416847483,366.2464833694966,389.84094956639024
2026-06-07T23:16:08,92,40,920040,constant,-176.12324170910713,366.24648341821427,389.8409496151079,True,0,2.878259384088909,0.0358907585697554,0.4232652871277967,0.727641649551612,0.1350443428090265,0.1398646431298731,1.4963603264822,,,,,,-176.12324170895005,366.2464834179001,389.8409496147937
2026-06-07T22:17:11,93,1,930001,constant,-176.1232590015169,366.2465180030338,389.84098419992745,True,0,2.886524808124404,0.0359177685234152,0.4228905383280505,0.7280878388750202,0.1350844444402884,0.139713820387127,1.4962625894482198,,,,,,-176.1232590023116,366.2465180046232,389.8409842015169
2026-06-07T22:18:13,93,2,930002,constant,-176.12324144772094,366.2464828954419,389.8409490923355,True,0,2.877509336569702,0.0358974390033092,0.4233509517366875,0.7274841911605172,0.1349785791381845,0.1398710539176055,1.4959399556339814,,,,,,-176.123241447716,366.246482895432,389.8409490923256
2026-06-07T22:21:50,93,3,930003,constant,-176.12324144437898,366.24648288875795,389.8409490856516,True,0,2.8774849458979426,0.0358964338835189,0.4233461807182154,0.7274971796827824,0.1349812486666929,0.1398726515598021,1.4960036719073742,,,,,,-176.12324144437986,366.2464828887597,389.8409490856533
2026-06-07T22:22:58,93,4,930004,constant,-176.12324215623892,366.24648431247783,389.84095050937145,True,0,2.878116985213292,0.0358694929745258,0.4232897243007522,0.727671108168668,0.1350591759111248,0.139865599377001,1.4971281529114346,,,,,,-176.12324215765807,366.24648431531614,389.84095051220976
2026-06-07T22:24:17,93,5,930005,constant,-176.1232414511017,366.2464829022034,389.84094909909703,True,0,2.877475854648903,0.0358940269857539,0.4233551451094444,0.7275002063314998,0.1349809440843753,0.1398710309396899,1.4960318241259174,,,,,,-176.12324145110148,366.24648290220296,389.8409490990966
2026-06-07T22:25:42,93,6,930006,constant,-176.1232414584914,366.2464829169828,389.84094911387643,True,0,2.8774618689842426,0.0358928800782405,0.4233551469919488,0.7274882711767438,0.1349834436586579,0.1398723783636419,1.49614598437793,,,,,,-176.12324145848936,366.2464829169787,389.84094911387234
2026-06-07T22:26:55,93,7,930007,constant,-176.12324155752162,366.24648311504325,389.84094931193687,True,0,2.877984798365887,0.0358865159669119,0.423336100843064,0.7275325172769969,0.1349889257783106,0.1398629045394021,1.4965089266032072,,,,,,-176.12324155752157,366.24648311504313,389.8409493119368
2026-06-07T22:29:32,93,8,930008,constant,-176.13589720215452,366.27179440430905,389.86626060120267,True,0,2.6415974781921348,0.0362430096650853,0.4337493799084163,0.7147845397056956,0.1315390615895263,0.1444574624188712,1.447994078036268,,,,,,-176.1358971999195,366.271794399839,389.8662605967326
2026-06-07T22:31:24,93,9,930009,constant,-176.12325861609864,366.2465172321973,389.8409834290909,True,0,2.869360342264167,0.0359575473101119,0.4237247665850749,0.726818739637446,0.134808257376708,0.1400110504519413,1.492004186237095,,,,,,-176.12325861610293,366.24651723220586,389.8409834290995
2026-06-07T22:33:36,93,10,930010,constant,-176.12324144452703,366.24648288905405,389.84094908594767,True,0,2.8775494761056177,0.0358970977509634,0.4233505135869451,0.7274924382847022,0.1349736422617175,0.1398704840229752,1.4959811618415355,,,,,,-176.12324144453362,366.2464828890672,389.84094908596086
2026-06-07T22:35:01,93,11,930011,constant,-176.1232425460533,366.2464850921066,389.8409512890002,True,0,2.8752720743599,0.0359020356869363,0.4234423809964237,0.7273666882495382,0.1349457668175905,0.1399121835758055,1.4954296067800483,,,,,,-176.1232425460538,366.2464850921076,389.8409512890012
2026-06-07T22:36:00,93,12,930012,constant,-176.12766462273646,366.2553292454729,389.84979544236654,True,0,2.80003315850259,0.0377577027593908,0.4262105928416217,0.7181009805890637,0.1331579435248178,0.1411406310274922,1.403265507540248,,,,,,-176.12766462214785,366.2553292442957,389.8497954411893
2026-06-07T22:37:26,93,13,930013,constant,-176.12324144686676,366.2464828937335,389.84094909062713,True,0,2.877615082448065,0.0358956901919501,0.4233357082519285,0.7275183162873019,0.13498791216639,0.1398703410986659,1.4960689119806376,,,,,,-176.12324144686525,366.2464828937305,389.8409490906241
2026-06-07T22:38:51,93,14,930014,constant,-176.12324151103928,366.24648302207856,389.8409492189722,True,0,2.8781202326334383,0.0358985194117561,0.4233173975169799,0.7275249021622502,0.134984147172239,0.1398620384883275,1.496042504997664,,,,,,-176.12324151111648,366.24648302223295,389.84094921912657
2026-06-07T22:40:11,93,15,930015,constant,-176.1232423123545,366.246484624709,389.84095082160263,True,0,2.8770418570944445,0.0358686419829913,0.4233637705843671,0.7275562540245402,0.1350204335961128,0.1398857056163829,1.4972520684694972,,,,,,-176.1232423123525,366.246484624705,389.8409508215986
2026-06-07T22:41:31,93,16,930016,constant,-176.12324179988906,366.2464835997781,389.84094979667174,True,0,2.878713785849016,0.035893655229012,0.423285807578532,0.7276027037115383,0.134975519905075,0.1398545036750032,1.4961970548759815,,,,,,-176.12324179990043,366.24648359980085,389.8409497966945
2026-06-07T22:42:59,93,17,930017,constant,-176.1232541106413,366.2465082212826,389.84097441817624,True,0,2.88505231283322,0.0359074012651172,0.4228692994328777,0.728072931064958,0.1351101750568538,0.1397571981520091,1.4965940440925325,,,,,,-176.12325411057833,366.2465082211567,389.8409744180503
2026-06-07T22:45:59,93,18,930018,constant,-176.12324147406787,366.24648294813574,389.84094914502936,True,0,2.8772116251637785,0.0358964396793583,0.4233684402098173,0.7274624835745374,0.134969590838261,0.1398764243719971,1.4959529558823463,,,,,,-176.12324147406758,366.2464829481352,389.8409491450288
2026-06-07T22:47:06,93,19,930019,constant,-176.1232507475995,366.246501495199,389.84096769209265,True,0,2.871328726903578,0.0359359606947571,0.4235730216094427,0.727100143038926,0.1349254284206456,0.1399845404028937,1.4933062697637711,,,,,,-176.1232507475844,366.2465014951688,389.8409676920624
2026-06-07T22:49:28,93,20,930020,constant,-176.12324198108288,366.24648396216577,389.8409501590594,True,0,2.8776429809320674,0.0359091403997866,0.4233594704559553,0.727426389119925,0.1349523969348302,0.1398566065425865,1.4953459509641116,,,,,,-176.1232419810774,366.2464839621548,389.8409501590484
2026-06-07T22:51:15,93,21,930021,constant,-176.1232456940743,366.2464913881486,389.84095758504225,True,0,2.8733626289002445,0.0359184651009881,0.4235079206322119,0.7272893705271537,0.134891829076865,0.1399431789480047,1.4943053481498672,,,,,,-176.12324569417592,366.24649138835184,389.8409575852455
2026-06-07T22:52:30,93,22,930022,constant,-176.1240449071018,366.2480898142036,389.8425560110972,True,0,2.8175284432359358,0.0361748849015603,0.4257017107772174,0.7238585681229718,0.13402903650141,0.1409910846251648,1.4760404284857562,,,,,,-176.12404490230185,366.2480898046037,389.8425560014973
2026-06-07T22:54:59,93,23,930023,constant,-149.2796460629774,312.5592921259548,336.15375832284843,True,0,2.8308308576578285,8.641753928839634,0.7629250401426925,0.2244445386236311,0.0126309490474086,0.0426941811769548,0.0513226145538685,,,,,,-149.27964606299113,312.55929212598227,336.1537583228759
2026-06-07T22:57:04,93,24,930024,constant,-176.1232414429975,366.246482885995,389.84094908288864,True,0,2.8775925408336045,0.0358957357270559,0.4233466159680695,0.7274981152687724,0.1349768667253932,0.1398701449453267,1.496047952867004,,,,,,-176.1232414430007,366.2464828860013,389.84094908289495
2026-06-07T22:57:57,93,25,930025,constant,-176.12334681807982,366.24669363615965,389.84115983305327,True,0,2.8865850406946603,0.0360682115235937,0.4239516706110512,0.7255817786825285,0.1346401219475671,0.1395654475958656,1.4870021147229944,,,,,,-176.12334681807957,366.2466936361592,389.8411598330528
2026-06-07T22:59:11,93,26,930026,constant,-176.12324150148115,366.2464830029623,389.8409491998559,True,0,2.877987364788059,0.0358934505209326,0.4233261500434794,0.7275511361353708,0.1349879703678006,0.1398643745287545,1.4962161792748403,,,,,,-176.12324150145662,366.2464830029133,389.84094919980686
2026-06-07T23:00:31,93,27,930027,constant,-176.1233650291586,366.2467300583172,389.84119625521083,True,0,2.88728824016099,0.0361957663882536,0.4228421341464387,0.7275105783762735,0.1346722968313293,0.1396592217697722,1.4827631192399624,,,,,,-176.12336502904532,366.2467300580906,389.84119625498425
2026-06-07T23:01:24,93,28,930028,constant,-176.12324145946786,366.2464829189357,389.84094911582935,True,0,2.8772899964643037,0.035897305310482,0.4233542245495071,0.7274904258396481,0.1349750822143342,0.1398759771571777,1.4959388844682064,,,,,,-176.1232414594669,366.2464829189338,389.8409491158274
2026-06-07T23:03:23,93,29,930029,constant,-176.12324220390718,366.24648440781436,389.840950604708,True,0,2.8784655469563125,0.0358775233399668,0.4232302006807483,0.7277359587932807,0.1350702489481856,0.1398649087460141,1.4970378823425696,,,,,,-176.12324220387876,366.2464844077575,389.8409506046512
2026-06-07T23:04:37,93,30,930030,constant,-176.123241613415,366.24648322683,389.8409494237236,True,0,2.8782088541584976,0.0358974006175031,0.4233362199888582,0.7274915260774459,0.134973887540157,0.1398605025558142,1.4960097623542268,,,,,,-176.12324161341428,366.24648322682856,389.8409494237222
2026-06-07T23:07:03,93,31,930031,constant,-176.1232903214603,366.2465806429206,389.8410468398142,True,0,2.883995816199529,0.0357890438831395,0.4234230762963683,0.7271814790730783,0.1351586743403409,0.1397731575982436,1.5035806610024705,,,,,,-176.12329032145874,366.2465806429175,389.8410468398111
2026-06-07T23:09:18,93,32,930032,constant,-176.12324185077074,366.2464837015415,389.8409498984351,True,0,2.877794606953324,0.035886257321657,0.4233773789422125,0.7274134828871636,0.1350169259708932,0.1398554628119823,1.4963238941924748,,,,,,-176.123241850801,366.246483701602,389.8409498984957
2026-06-07T23:10:46,93,33,930033,constant,-176.1232414742156,366.2464829484312,389.8409491453248,True,0,2.8776831729594035,0.0358992883778486,0.4233160889297974,0.727524107222565,0.1349801084201915,0.1398741309670865,1.495981422190122,,,,,,-176.12324147421572,366.2464829484314,389.84094914532506
2026-06-07T23:12:24,93,34,930034,constant,-176.12325195986944,366.24650391973887,389.8409701166325,True,0,2.870856770682935,0.0358717603977172,0.4235868543699659,0.7271661231921752,0.1350137889719431,0.1400063988806181,1.4961751851571268,,,,,,-176.12325195990718,366.2465039198144,389.840970116708
2026-06-07T23:14:10,93,35,930035,constant,-176.123241457926,366.246482915852,389.84094911274565,True,0,2.877772453257534,0.035894473720597,0.4233284780921222,0.7275326907898249,0.1349891307825667,0.139868739818973,1.4961435581006997,,,,,,-176.1232414579268,366.2464829158536,389.8409491127472
2026-06-07T23:15:33,93,36,930036,constant,-176.12324412306276,366.2464882461255,389.84095444301914,True,0,2.874195967664161,0.0359065609796496,0.4234668739189262,0.7272522662754619,0.1349601117898606,0.1399298411341874,1.495112373760302,,,,,,-176.1232441230575,366.246488246115,389.8409544430086
2026-06-07T23:17:36,93,37,930037,constant,-176.12324144476662,366.24648288953324,389.84094908642686,True,0,2.877577628022887,0.0358951993807053,0.4233422342195382,0.7275146304059559,0.1349820842474226,0.1398709619145213,1.496078159473189,,,,,,-176.12324144476636,366.24648288953273,389.8409490864264
2026-06-07T23:19:11,93,38,930038,constant,-176.12325169494633,366.24650338989267,389.8409695867863,True,0,2.8845974015466327,0.0358974034733388,0.4230973861523665,0.7277276000734451,0.1349794968376551,0.1397388713558705,1.4969436204438609,,,,,,-176.1232516949464,366.2465033898928,389.8409695867864
2026-06-07T23:20:35,93,39,930039,constant,-176.12325007381554,366.2465001476311,389.8409663445247,True,0,2.8710849411478696,0.0359088200180988,0.4235780333375098,0.7271878521259267,0.1349280038458541,0.1399953465497863,1.494719139357075,,,,,,-176.12325007371928,366.24650014743855,389.8409663443322
2026-06-07T23:22:14,93,40,930040,constant,-176.1232414479401,366.2464828958802,389.8409490927738,True,0,2.87740666117898,0.0358960848474692,0.4233528710645842,0.7274916065187209,0.134975979313412,0.1398736077906194,1.496004824737727,,,,,,-176.12324144794076,366.2464828958815,389.84094909277513
2026-06-07T22:22:25,94,1,940001,constant,-176.1232502965826,366.2465005931652,389.8409667900588,True,0,2.8711462590697927,0.035890932027042,0.4236118246086574,0.7271495327635452,0.1349148278044241,0.1399997103919355,1.4954672217595917,,,,,,-176.1232502973195,366.246500594639,389.8409667915326
2026-06-07T22:23:33,94,2,940002,constant,-176.1232414706153,366.2464829412306,389.84094913812424,True,0,2.877700977086413,0.0359001351897215,0.4233534943898921,0.7274728435061775,0.1349647927088876,0.1398658948636353,1.4958652856999746,,,,,,-176.1232414706133,366.2464829412266,389.8409491381202
2026-06-07T22:24:32,94,3,940003,constant,-176.12324176942403,366.24648353884805,389.8409497357417,True,0,2.878809592423432,0.0358988502850443,0.4232837684838095,0.7275631485648152,0.1349875017767618,0.1398492269273341,1.4961423047595146,,,,,,-176.1232417694232,366.2464835388464,389.84094973574
2026-06-07T22:25:35,94,4,940004,constant,-176.12324144941542,366.24648289883083,389.84094909572445,True,0,2.8776512222791566,0.0358954743130863,0.4233537703207069,0.7274872399999194,0.1349704149975144,0.1398674168281754,1.4960166108741175,,,,,,-176.12324144942082,366.2464828988416,389.84094909573525
2026-06-07T22:27:06,94,5,940005,constant,-176.12324148983123,366.24648297966246,389.8409491765561,True,0,2.877999684661971,0.0358980243410234,0.4233176755313293,0.7275348848094767,0.1349874996593386,0.1398635704254068,1.4959847866078408,,,,,,-176.12324148983134,366.2464829796627,389.8409491765563
2026-06-07T22:28:35,94,6,940006,constant,-176.1232415230229,366.2464830460458,389.8409492429394,True,0,2.877783998949688,0.035890225596766,0.4233186435298246,0.727585980918405,0.1350017185890953,0.1398673944137699,1.4962000968711635,,,,,,-176.1232415230105,366.246483046021,389.8409492429146
2026-06-07T22:30:31,94,7,940007,constant,-176.12325969194626,366.2465193838925,389.84098558078614,True,0,2.871469807063838,0.0359971676638306,0.4236484476292971,0.7269335922619256,0.1347846455608579,0.1399604145615118,1.4902556243692164,,,,,,-176.12325969299752,366.24651938599504,389.8409855828887
2026-06-07T22:32:14,94,8,940008,constant,-176.12324145015737,366.24648290031473,389.84094909720835,True,0,2.8774878253540077,0.0358960765035456,0.4233477846886266,0.7274964618634331,0.1349853406430722,0.13987303736703,1.4960404302580552,,,,,,-176.12324145015526,366.2464829003105,389.84094909720415
2026-06-07T22:33:47,94,9,940009,constant,-176.12324146053186,366.2464829210637,389.84094911795734,True,0,2.8776079695563643,0.0358927531746258,0.4233363943766697,0.7275395267206158,0.1349839998565908,0.1398705894154302,1.496179939053668,,,,,,-176.12324146052458,366.2464829210492,389.8409491179428
2026-06-07T22:35:22,94,10,940010,constant,-176.1232415465485,366.246483093097,389.84094928999065,True,0,2.878046846454835,0.0358927229947645,0.4233407827902289,0.7275137169606052,0.1349509206018551,0.13985967214664,1.4962214333848909,,,,,,-176.12324154654846,366.2464830930969,389.8409492899905
2026-06-07T22:36:28,94,11,940011,constant,-176.12324144673283,366.24648289346567,389.8409490903593,True,0,2.87764998049495,0.0358962722105261,0.4233391568349168,0.7275133109120033,0.1349812522410777,0.1398701194816494,1.496068229995393,,,,,,-176.12324144673295,366.2464828934659,389.8409490903595
2026-06-07T22:37:33,94,12,940012,constant,-176.1232579632154,366.2465159264308,389.8409821233244,True,0,2.8826273515086287,0.0358612089034401,0.4235253386696312,0.7270642418321105,0.134618566926474,0.1397317550856216,1.498322743449464,,,,,,-176.12325796321556,366.24651592643113,389.8409821233248
2026-06-07T22:38:50,94,13,940013,constant,-176.12324298266012,366.24648596532023,389.84095216221385,True,0,2.877965990325226,0.0358589742656696,0.4232997937751486,0.7276934047771585,0.1350315979168052,0.1398723024169783,1.497903468619828,,,,,,-176.12324298262703,366.24648596525407,389.8409521621477
2026-06-07T22:40:18,94,14,940014,constant,-176.12324145834663,366.24648291669325,389.8409491135869,True,0,2.87765108168152,0.0358930604852574,0.423331096965129,0.727534698832052,0.1349883627222203,0.1398712848504326,1.4961973764158278,,,,,,-176.12324145834594,366.2464829166919,389.8409491135855
2026-06-07T22:42:22,94,15,940015,constant,-176.1232414574771,366.2464829149542,389.8409491118478,True,0,2.87735513189372,0.0358988179019238,0.423352421457883,0.7274822024000751,0.134973030539329,0.1398748202896754,1.495885465103577,,,,,,-176.1232414574771,366.2464829149542,389.8409491118478
2026-06-07T22:43:35,94,16,940016,constant,-176.12324452602724,366.24648905205447,389.8409552489481,True,0,2.879351816572501,0.0358947717834981,0.4230706488372552,0.7279640571381079,0.1351571167133367,0.1398771175468758,1.4971801124851625,,,,,,-176.12324452681307,366.2464890536261,389.84095525051976
2026-06-07T22:45:08,94,17,940017,constant,-176.15792626226659,366.31585252453317,389.9103187214268,True,0,2.713060772050031,0.0314458833079871,0.4390749546393566,0.7142940361929656,0.1300985475961576,0.1426451358064062,1.7140557259207445,,,,,,-176.15792624375143,366.31585248750287,389.9103186843965
2026-06-07T22:46:49,94,18,940018,constant,-176.12324145588593,366.24648291177186,389.8409491086655,True,0,2.877820595524191,0.0358962728446745,0.42333757502297,0.7275053504288382,0.13497997779797,0.1398655885036546,1.4960420804803234,,,,,,-176.12324145588337,366.2464829117668,389.8409491086604
2026-06-07T22:49:11,94,19,940019,constant,-176.1232426232169,366.2464852464338,389.8409514433274,True,0,2.879888874345304,0.0358845453095736,0.4232683049537397,0.7276193593236411,0.1350118157652316,0.1398258561771762,1.4968160584644976,,,,,,-176.12324262321667,366.2464852464333,389.84095144332696
2026-06-07T22:50:08,94,20,940020,constant,-176.12324146892496,366.2464829378499,389.84094913474354,True,0,2.877395775630639,0.0358991841806227,0.4233464531573842,0.7274924972769639,0.1349727362177649,0.1398742079094948,1.4958115372786185,,,,,,-176.12324146892303,366.24648293784605,389.8409491347397
2026-06-07T22:51:26,94,21,940021,constant,-176.12324145772334,366.2464829154467,389.8409491123403,True,0,2.877650472224007,0.0358985885822795,0.4233346418739165,0.7275227545488222,0.1349779148872182,0.1398694034955664,1.495914118946365,,,,,,-176.12324145772612,366.24648291545225,389.84094911234587
2026-06-07T22:52:50,94,22,940022,constant,-176.12324167565242,366.24648335130485,389.84094954819847,True,0,2.8780347205064207,0.0359049640198186,0.4233670350554868,0.7274622567827548,0.1349465380533395,0.1398547409172967,1.4955598506383116,,,,,,-176.1232416758483,366.2464833516966,389.84094954859023
2026-06-07T22:54:46,94,23,940023,constant,-176.12324145087427,366.24648290174855,389.84094909864217,True,0,2.8774501599084727,0.0358986279506936,0.4233443281620746,0.7275002692136078,0.13497760324136,0.139873885260357,1.4959181211036623,,,,,,-176.12324145087575,366.2464829017515,389.8409490986451
2026-06-07T22:56:43,94,24,940024,constant,-176.1232416875675,366.246483375135,389.84094957202865,True,0,2.8782528368345086,0.0358865911849651,0.4232931466186181,0.7276362724232726,0.1350018845733657,0.1398632837573514,1.4965665836504094,,,,,,-176.12324168777212,366.2464833755442,389.84094957243786
2026-06-07T22:57:47,94,25,940025,constant,-176.12329610983585,366.2465922196717,389.8410584165653,True,0,2.887664401480485,0.0360180520948499,0.4229388976598462,0.7280718316569825,0.1346380482354543,0.1397280797631462,1.4922199402640377,,,,,,-176.12329611203558,366.2465922240712,389.8410584209648
2026-06-07T22:59:56,94,26,940026,constant,-176.12324146010738,366.24648292021476,389.8409491171084,True,0,2.877566311007909,0.0358972050048922,0.4233508685146656,0.7274971898166428,0.1349756840994215,0.1398684762225188,1.4958767904840735,,,,,,-176.1232414601135,366.246482920227,389.8409491171206
2026-06-07T23:01:39,94,27,940027,constant,-176.12333020642296,366.2466604128459,389.84112660973955,True,0,2.8844582617472376,0.0360621661283902,0.4240864630309682,0.725997974655943,0.1340288155269713,0.1395762183600991,1.4870041573469244,,,,,,-176.1233301991017,366.2466603982034,389.841126595097
2026-06-07T23:02:42,94,28,940028,constant,-176.12325001507406,366.2465000301481,389.84096622704175,True,0,2.875404597927321,0.0359399483861964,0.4232018889783956,0.7275262030995998,0.1347931235016878,0.1399585150166683,1.4959669504936015,,,,,,-176.12325001477555,366.2465000295511,389.8409662264447
2026-06-07T23:04:07,94,29,940029,constant,-176.12324145076326,366.2464829015265,389.84094909842014,True,0,2.8774265176054463,0.0358972384448277,0.4233464650233839,0.727496655845001,0.1349805963857346,0.1398730713240778,1.4959397277039952,,,,,,-176.1232414507634,366.2464829015268,389.8409490984204
2026-06-07T23:04:51,94,30,940030,constant,-176.12779770923416,366.2555954184683,389.85006161536194,True,0,3.002369803977176,0.0369604835573407,0.4187499998817356,0.7310653956188771,0.1340165679444409,0.1374166990958496,1.4589784663241026,,,,,,-176.12779771749462,366.2555954349892,389.85006163188285
2026-06-07T23:06:33,94,31,940031,constant,-176.123284957907,366.246569915814,389.8410361127076,True,0,2.864214537756499,0.0359076636012465,0.4236488303536315,0.7271139085442513,0.1346783651710794,0.140175155254584,1.4949415577151886,,,,,,-176.12328495790783,366.24656991581566,389.8410361127093
2026-06-07T23:08:38,94,32,940032,constant,-176.12324145283637,366.24648290567274,389.84094910256636,True,0,2.877612884629892,0.0358950641756749,0.423332889931712,0.7275219638525622,0.1349923038791133,0.1398706822499434,1.496113558945266,,,,,,-176.12324145283938,366.2464829056788,389.8409491025724
2026-06-07T23:09:51,94,33,940033,constant,-176.12324187992544,366.2464837598509,389.8409499567445,True,0,2.876118583518489,0.0358996759590386,0.4234037851998422,0.7274148359168331,0.1349603083633646,0.1398976389338392,1.495678112552293,,,,,,-176.12324187992414,366.2464837598483,389.8409499567419
2026-06-07T23:11:45,94,34,940034,constant,-120.2007828233139,254.4015656466278,277.99603184352145,True,0,8.230598689718406,8.45737139746771,0.4938744976071298,0.729997854017429,0.1096566789021302,0.0766728892914699,0.0158499259948573,,,,,,-120.20078282331905,254.4015656466381,277.99603184353174
2026-06-07T23:13:43,94,35,940035,constant,-176.12324573422129,366.24649146844257,389.8409576653362,True,0,2.874175598957607,0.0359416495951743,0.4234823688703211,0.727234458774835,0.1348891081593271,0.1399343852771411,1.493490565326714,,,,,,-176.12324573479873,366.2464914695975,389.8409576664911
2026-06-07T23:15:14,94,36,940036,constant,-176.12324153458584,366.2464830691717,389.8409492660653,True,0,2.8777792353833123,0.0358852443836057,0.4233360068818081,0.727546061062583,0.134992366163046,0.1398668808644467,1.4964567456377162,,,,,,-176.12324153458331,366.2464830691666,389.84094926606025
2026-06-07T23:16:37,94,37,940037,constant,-176.12324144924233,366.24648289848466,389.8409490953783,True,0,2.8777396063722898,0.0358955977912027,0.4233353756338814,0.727519473552175,0.1349783982603705,0.1398682079333687,1.4960763287519607,,,,,,-176.12324144924736,366.2464828984947,389.84094909538834
2026-06-07T23:18:32,94,38,940038,constant,-176.12324145961196,366.2464829192239,389.84094911611754,True,0,2.877601353745688,0.0359005067189694,0.4233317692541328,0.7275045251665749,0.1349790439254713,0.1398719228358082,1.4958646072256223,,,,,,-176.12324145961193,366.2464829192239,389.8409491161175
2026-06-07T23:20:01,94,39,940039,constant,-176.12326238352512,366.24652476705023,389.84099096394385,True,0,2.885911069402693,0.0358200384299394,0.4228447128927289,0.7284486316138703,0.135256409677529,0.1397438153616345,1.5009110192792032,,,,,,-176.12326238349505,366.2465247669901,389.8409909638837
2026-06-07T23:21:03,94,40,940040,constant,-176.12324165346968,366.24648330693935,389.840949503833,True,0,2.878160267560422,0.0358857690825362,0.4233231179466242,0.7275931633948907,0.134980355300234,0.1398601765997671,1.4966085770753983,,,,,,-176.1232416534445,366.246483306889,389.8409495037826
2026-06-07T22:26:42,95,1,950001,constant,-176.12324145327972,366.24648290655944,389.84094910345306,True,0,2.8773975153418823,0.0358943636903422,0.4233568883184175,0.7274903173283229,0.1349749544864648,0.1398727979505653,1.496070543721204,,,,,,-176.12324145327852,366.24648290655705,389.8409491034506
2026-06-07T22:28:19,95,2,950002,constant,-176.1232414444363,366.2464828888726,389.8409490857662,True,0,2.877535750889273,0.0358958734718691,0.4233397031931543,0.7275103201196128,0.1349804432442995,0.1398725419415111,1.4960625599267516,,,,,,-176.12324144443917,366.2464828888783,389.8409490857719
2026-06-07T22:29:33,95,3,950003,constant,-176.12324144393943,366.24648288787887,389.8409490847725,True,0,2.8776179339607517,0.0358959387269894,0.4233380033097215,0.727513093285424,0.1349782734962459,0.1398709024321799,1.496050909277864,,,,,,-176.12324144394006,366.2464828878801,389.84094908477374
2026-06-07T22:30:29,95,4,950004,constant,-176.12324152626454,366.2464830525291,389.8409492494227,True,0,2.8779033186948517,0.0358968567648502,0.4233303354088653,0.7275331350389898,0.1349653949329058,0.1398631188472682,1.495869280960196,,,,,,-176.12324152626354,366.2464830525271,389.8409492494207
2026-06-07T22:31:50,95,5,950005,constant,-176.1232414590741,366.2464829181482,389.84094911504184,True,0,2.877294800353891,0.0358971845653339,0.4233507182464397,0.7274935918761875,0.1349754276225804,0.1398766692304606,1.4959502587263676,,,,,,-176.1232414590741,366.2464829181482,389.8409491150418
2026-06-07T22:33:06,95,6,950006,constant,-176.12324150087372,366.24648300174744,389.84094919864106,True,0,2.877177102813348,0.0359005238554133,0.4233655220303328,0.7274651971277957,0.1349693367771209,0.1398769802667464,1.4957298402070145,,,,,,-176.12324150087343,366.24648300174687,389.8409491986405
2026-06-07T22:34:08,95,7,950007,constant,-176.12324147715455,366.2464829543091,389.8409491512027,True,0,2.8772557096147886,0.0359001248007715,0.4233561472104249,0.7274753903023323,0.1349721881052547,0.1398765842616437,1.4957977396356643,,,,,,-176.12324147715418,366.2464829543084,389.840949151202
2026-06-07T22:35:25,95,8,950008,constant,-176.1232414479257,366.2464828958514,389.840949092745,True,0,2.877568420872937,0.0358980269642201,0.4233452158866134,0.7274957212028785,0.1349779911051108,0.1398702283436878,1.4959177164385529,,,,,,-176.12324144792876,366.2464828958575,389.8409490927512
2026-06-07T22:37:24,95,9,950009,constant,-176.12581366083182,366.25162732166365,389.84609351855727,True,0,2.776248075845832,0.0354376858683327,0.4295300376734386,0.7202562240412657,0.1335323654935191,0.1415660875923864,1.5017216151476398,,,,,,-176.12581367063342,366.2516273412669,389.84609353816046
2026-06-07T22:40:03,95,10,950010,constant,-176.12324145754081,366.24648291508163,389.84094911197525,True,0,2.8774358313062147,0.0358947713947785,0.4233416382976885,0.7275278818000196,0.1349865277680213,0.1398740339786286,1.4960605745717366,,,,,,-176.1232414575383,366.2464829150766,389.8409491119703
2026-06-07T22:41:52,95,11,950011,constant,-176.12326435810124,366.2465287162025,389.8409949130961,True,0,2.8867945359506058,0.0358219099993967,0.4231716085869198,0.7277921033113972,0.1350788540508243,0.1396688975619937,1.5004769182306403,,,,,,-176.1232643572916,366.2465287145832,389.8409949114768
2026-06-07T22:43:22,95,12,950012,constant,-176.12324144640934,366.2464828928187,389.8409490897123,True,0,2.87743570518151,0.0358963194560948,0.423350179624205,0.7274942504532105,0.1349752275981648,0.1398735731633902,1.4960022360340457,,,,,,-176.1232414464112,366.2464828928224,389.8409490897161
2026-06-07T22:44:37,95,13,950013,constant,-176.12332567328122,366.24665134656243,389.84111754345605,True,0,2.892421535217625,0.0357369357912125,0.423120027684781,0.7277685012088344,0.1347801194551799,0.139587151847281,1.5060066086753998,,,,,,-176.12332567328087,366.24665134656175,389.84111754345537
2026-06-07T22:47:58,95,14,950014,constant,-176.12324148701447,366.24648297402894,389.84094917092256,True,0,2.8772293594280565,0.0358997195550597,0.4233386516020463,0.7274938950770954,0.1349837441628266,0.1398793276202226,1.4958422115767227,,,,,,-176.12324148701617,366.2464829740324,389.840949170926
2026-06-07T22:49:11,95,15,950015,constant,-176.12324146160898,366.24648292321797,389.8409491201116,True,0,2.877600955973416,0.0358913115364162,0.4233536184225165,0.7275036967137062,0.1349755025615026,0.1398696451326809,1.4962032349685903,,,,,,-176.12324146161595,366.2464829232319,389.8409491201255
2026-06-07T22:50:15,95,16,950016,constant,-176.12335713081671,366.24671426163343,389.84118045852705,True,0,2.853937326423563,0.0359244260200737,0.4241778297299746,0.726393105698531,0.1348985753844898,0.1403211781279046,1.4918768416300836,,,,,,-176.12335713171709,366.24671426343417,389.8411804603278
2026-06-07T22:52:03,95,17,950017,constant,-176.12324144662216,366.2464828932443,389.84094909013794,True,0,2.877640724985389,0.0358945924971631,0.4233455525435092,0.7274992245370239,0.1349779007007834,0.139869243024816,1.4961062041424849,,,,,,-176.12324144662753,366.2464828932551,389.8409490901487
2026-06-07T22:53:04,95,18,950018,constant,-176.12324147172143,366.24648294344286,389.8409491403365,True,0,2.877222251944698,0.0358961149939736,0.4233561852005695,0.7274810301859345,0.1349711804908994,0.1398776534682217,1.4959677305315415,,,,,,-176.12324147172097,366.246482943442,389.8409491403356
2026-06-07T22:55:00,95,19,950019,constant,-176.12324149188186,366.2464829837637,389.84094918065733,True,0,2.877897855222981,0.0358971499373247,0.4233145406339575,0.7275510020705592,0.1349792451171231,0.139867264032751,1.4961469171853727,,,,,,-176.12324149189118,366.2464829837824,389.840949180676
2026-06-07T22:56:38,95,20,950020,constant,-176.12324156808634,366.2464831361727,389.8409493330663,True,0,2.877427985469045,0.0358911484148953,0.4233712279058291,0.7275382965709237,0.134982016345369,0.1398691073163573,1.496195638647349,,,,,,-176.12324156810263,366.24648313620526,389.8409493330989
2026-06-07T22:58:01,95,21,950021,constant,-176.12324145400615,366.2464829080123,389.8409491049059,True,0,2.8773969047420365,0.0358988432172686,0.4233483470984208,0.7274872691967487,0.1349772347306051,0.13987407799673,1.4958998930949663,,,,,,-176.12324145400464,366.2464829080093,389.8409491049029
2026-06-07T22:59:39,95,22,950022,constant,-176.12324144697453,366.24648289394906,389.8409490908427,True,0,2.877498961716865,0.0358944205551222,0.4233448598613473,0.7275044802805776,0.1349806954307197,0.1398728631837507,1.4961023778685014,,,,,,-176.12324144697442,366.2464828939488,389.84094909084246
2026-06-07T23:02:30,95,23,950023,constant,-176.12476946906935,366.2495389381387,389.8440051350323,True,0,2.844534550120897,0.0369134431366667,0.4257365696198069,0.7217474322325086,0.1315685873463017,0.140235300068729,1.4414980364751937,,,,,,-176.1247695007615,366.249539001523,389.8440051984166
2026-06-07T23:03:37,95,24,950024,constant,-176.123247094064,366.246494188128,389.8409603850216,True,0,2.872704931363562,0.0358864120093415,0.4234963512818966,0.7273278372674603,0.1349457269452232,0.1399804998150176,1.4962859468751195,,,,,,-176.1232470940929,366.2464941881858,389.8409603850794
2026-06-07T23:05:28,95,25,950025,constant,-176.12324180675,366.2464836135,389.8409498103936,True,0,2.8780386569959413,0.0358884762000073,0.4233132994164351,0.727653122605897,0.1349858772207255,0.1398647800442407,1.4965801818311537,,,,,,-176.12324180674966,366.2464836134993,389.84094981039294
2026-06-07T23:07:08,95,26,950026,constant,-176.12324144839508,366.24648289679016,389.8409490936838,True,0,2.8775341131195757,0.0358975890080469,0.4233534303794115,0.7274791746382046,0.1349734614482858,0.1398701827021438,1.4959412535796297,,,,,,-176.12324144839488,366.24648289678976,389.8409490936834
2026-06-07T23:09:23,95,27,950027,constant,-176.12835904905927,366.25671809811854,389.85118429501216,True,0,2.7723594504548936,0.0344229050228572,0.4269154006002276,0.7281967555965828,0.1358629876816739,0.1421902303797202,1.557277869313703,,,,,,-176.12835904910855,366.2567180982171,389.8511842951107
2026-06-07T23:10:36,95,28,950028,constant,-176.1232671644143,366.2465343288286,389.8410005257222,True,0,2.880201040530008,0.0357457473908679,0.4232475379406137,0.7279978737822675,0.1351369479877281,0.1398437068616218,1.5038008095627144,,,,,,-176.12326716441487,366.24653432882974,389.84100052572336
2026-06-07T23:12:06,95,29,950029,constant,-176.12355828042513,366.24711656085026,389.8415827577439,True,0,2.839366139804041,0.0359486906371802,0.4245502477028801,0.7263966052177323,0.134565000525261,0.140668001260753,1.4913506920138688,,,,,,-176.12355828042467,366.24711656084935,389.84158275774297
2026-06-07T23:13:52,95,30,950030,constant,-176.12324203207743,366.24648406415486,389.8409502610485,True,0,2.8776253782943764,0.0359148293824628,0.4233307392165293,0.7275465817364813,0.1349638272819768,0.1398665725906123,1.4950718145003117,,,,,,-176.1232420320776,366.2464840641552,389.8409502610488
2026-06-07T23:16:28,95,31,950031,constant,-176.12327279286075,366.2465455857215,389.8410117826151,True,0,2.873174911607237,0.03607196821673,0.4235600710577241,0.7267935418766128,0.1348047710406851,0.1399033060875712,1.4895780154642917,,,,,,-176.12327279282368,366.24654558564737,389.841011782541
2026-06-07T23:18:54,95,32,950032,constant,-176.1232414567097,366.2464829134194,389.84094911031303,True,0,2.8777839110930654,0.0358937326580479,0.423332533991091,0.7275231346681069,0.1349849280359976,0.1398674368226984,1.4961669336087045,,,,,,-176.12324145670522,366.2464829134104,389.84094911030405
2026-06-07T23:20:15,95,33,950033,constant,-176.12325562128427,366.24651124256854,389.84097743946216,True,0,2.8734582197226706,0.0359929232516118,0.4236140905031913,0.7268702072744102,0.1347362406623267,0.1399220272993657,1.490593408876977,,,,,,-176.12325562128194,366.2465112425639,389.8409774394575
2026-06-07T23:22:11,95,34,950034,constant,-176.1241237953871,366.2482475907742,389.84271378766783,True,0,2.821197617977622,0.0355743443936194,0.4252594079711372,0.7284164769239051,0.1348589876865407,0.1408984016613118,1.4989369887188104,,,,,,-176.12412379577563,366.24824759155126,389.8427137884449
2026-06-07T23:23:28,95,35,950035,constant,-176.12324144886517,366.24648289773035,389.84094909462397,True,0,2.877684055650068,0.0358970400940322,0.4233479132509596,0.7274922908825339,0.1349723198230248,0.1398672516641731,1.4959851382829032,,,,,,-176.1232414488731,366.2464828977462,389.8409490946398
2026-06-07T23:25:37,95,36,950036,constant,-176.1232415281691,366.2464830563382,389.8409492532318,True,0,2.877977642279912,0.0359014900048807,0.4233229596774977,0.7275108678119991,0.1349996703157018,0.1398626486103203,1.495839570703576,,,,,,-176.1232415281828,366.2464830563656,389.8409492532592
2026-06-07T23:27:59,95,37,950037,constant,-176.12324145959008,366.24648291918015,389.8409491160738,True,0,2.8775766584944944,0.0358968915838302,0.4233547881815171,0.7274801316375316,0.1349813146468115,0.1398675847858619,1.496005230693454,,,,,,-176.123241459586,366.246482919172,389.8409491160656
2026-06-07T23:29:55,95,38,950038,constant,-176.12324230443275,366.2464846088655,389.8409508057591,True,0,2.877847294464687,0.0359053402689856,0.4233395540308921,0.7274941672308797,0.1349515123897982,0.1398536607770589,1.495089220730856,,,,,,-176.12324230423366,366.2464846084673,389.8409508053609
2026-06-07T23:31:21,95,39,950039,constant,-176.12324154940114,366.2464830988023,389.8409492956959,True,0,2.878117815982687,0.0358989483015034,0.4233515260236613,0.7274711571002725,0.1349677736434936,0.1398571320726634,1.4959580690692595,,,,,,-176.12324154816883,366.24648309633767,389.8409492932313
2026-06-07T23:33:42,95,40,950040,constant,-176.1232415340275,366.246483068055,389.8409492649486,True,0,2.878188065588938,0.0358932548546449,0.4233115476848049,0.7275601035797797,0.1350003444150408,0.1398599114339267,1.4962192922700353,,,,,,-176.12324153402602,366.246483068052,389.84094926494566
2026-06-07T22:26:44,96,1,960001,constant,-176.12993988036916,366.25987976073833,389.85434595763195,True,0,2.718601426489504,0.0366313741955971,0.4338372081393103,0.709073868046584,0.1303547309081839,0.1423728515185477,1.437805582754085,,,,,,-176.1299398804802,366.2598797609604,389.8543459578541
2026-06-07T22:28:11,96,2,960002,constant,-176.123241498327,366.246482996654,389.8409491935476,True,0,2.8773374627346824,0.0358886877414846,0.4233649485250099,0.7274871875824813,0.1349869153572001,0.139873324052908,1.4962098736522933,,,,,,-176.1232414983224,366.2464829966448,389.8409491935384
2026-06-07T22:29:41,96,3,960003,constant,-176.12324204596612,366.24648409193225,389.84095028882587,True,0,2.8784350670636285,0.0358732622060304,0.4233036428885822,0.727622137366756,0.1350160411401521,0.1398589776502915,1.497147908281726,,,,,,-176.12324204593983,366.24648409187967,389.8409502887733
2026-06-07T22:30:48,96,4,960004,constant,-176.1233498745118,366.2466997490236,389.8411659459172,True,0,2.881225883225654,0.0361888743050387,0.4237007602381625,0.7253415006829834,0.1343756298229461,0.1397297049932822,1.4833371735461265,,,,,,-176.12334987448313,366.2466997489663,389.8411659458599
2026-06-07T22:36:34,96,5,960005,constant,-176.12324150625838,366.24648301251676,389.8409492094104,True,0,2.8780824759814223,0.0358974405151808,0.4233213966415801,0.7275306245538484,0.1349837815478345,0.1398607254836765,1.495981539575988,,,,,,-176.12324150608367,366.24648301216735,389.84094920906097
2026-06-07T22:37:35,96,6,960006,constant,-176.12324297690057,366.24648595380114,389.84095215069476,True,0,2.8783590219598048,0.0359286976814384,0.4233466506235534,0.7273686669918028,0.1349339698461979,0.1398482655327477,1.4944276051620318,,,,,,-176.1232429769007,366.2464859538014,389.8409521506951
2026-06-07T22:39:18,96,7,960007,constant,-176.1232414541412,366.2464829082824,389.84094910517604,True,0,2.877630434575105,0.0358997856007049,0.4233384217938393,0.7274984769962217,0.1349780889193818,0.1398701697814871,1.4958889685139385,,,,,,-176.123241454138,366.246482908276,389.8409491051696
2026-06-07T22:40:54,96,8,960008,constant,-176.14185260196234,366.2837052039247,389.8781714008183,True,0,2.6375718177445377,0.033962840042129,0.4316834954872397,0.7253550102833598,0.1353557606037625,0.14518461285139,1.563306281049928,,,,,,-176.1418526019623,366.2837052039246,389.8781714008183
2026-06-07T22:41:58,96,9,960009,constant,-176.123927808445,366.24785561689,389.8423218137836,True,0,2.8782709561769764,0.0366786198727172,0.4240891626476921,0.72380506840965,0.1335824164319367,0.1396655642847024,1.458308375179272,,,,,,-176.123927808441,366.247855616882,389.8423218137757
2026-06-07T22:43:37,96,10,960010,constant,-176.12324145255235,366.2464829051047,389.8409491019983,True,0,2.8773673029484508,0.0358975984204437,0.4233537776647287,0.7274852346767249,0.1349749787982476,0.1398742170397169,1.4959350726884657,,,,,,-176.1232414525527,366.2464829051054,389.840949101999
2026-06-07T22:44:44,96,11,960011,constant,-176.1232414493779,366.2464828987558,389.8409490956494,True,0,2.877568519871576,0.0358945928594888,0.4233392633870523,0.7275247624768737,0.1349843657269726,0.1398706867363014,1.4960880454520806,,,,,,-176.1232414493743,366.2464828987486,389.8409490956422
2026-06-07T22:45:50,96,12,960012,constant,-176.12324177007554,366.2464835401511,389.8409497370447,True,0,2.8778165141258425,0.0358801529513174,0.4233445820992601,0.7275787021461743,0.1349756075259629,0.1398651677314713,1.4968398285111684,,,,,,-176.12324177007525,366.2464835401505,389.8409497370441
2026-06-07T22:47:00,96,13,960013,constant,-176.12324183666175,366.2464836733235,389.8409498702171,True,0,2.8780924528246974,0.0359046808420547,0.4232581074307753,0.727635018524583,0.1349993394635915,0.139866925331366,1.495616488017556,,,,,,-176.12324183666138,366.2464836733228,389.8409498702164
2026-06-07T22:48:51,96,14,960014,constant,-176.12324263217775,366.2464852643555,389.8409514612491,True,0,2.879050132778303,0.0359056220817211,0.4231937616140978,0.7276608240463206,0.1349613318862665,0.1398599971239564,1.496465983906811,,,,,,-176.1232426317575,366.2464852635151,389.8409514604087
2026-06-07T22:50:36,96,15,960015,constant,-176.12324144993724,366.2464828998745,389.8409490967681,True,0,2.877487315153286,0.0358961774066774,0.4233400759252613,0.7275159921446274,0.1349882755296385,0.1398725344486976,1.4960232421636377,,,,,,-176.12324144993727,366.24648289987454,389.84094909676816
2026-06-07T22:51:49,96,16,960016,constant,-176.1235682076829,366.2471364153658,389.8416026122594,True,0,2.852294771177356,0.036214986220494,0.4238186895443396,0.7259503400888366,0.1332801369971145,0.1404705003029029,1.4794355437302629,,,,,,-176.1235682130043,366.2471364260086,389.8416026229022
2026-06-07T22:53:21,96,17,960017,constant,-176.12324147297872,366.24648294595744,389.84094914285106,True,0,2.877931609296045,0.0358956568743956,0.4233315142291196,0.7275132287035885,0.1349752847488204,0.1398636575759668,1.4960659285649094,,,,,,-176.12324147297815,366.2464829459563,389.8409491428499
2026-06-07T22:54:46,96,18,960018,constant,-176.12324145526782,366.24648291053563,389.84094910742925,True,0,2.8776685377017985,0.0358931257839911,0.4233452951091788,0.7275191401288778,0.1349780549080478,0.1398687375729945,1.4961732589151342,,,,,,-176.12324145526765,366.2464829105353,389.8409491074289
2026-06-07T22:55:39,96,19,960019,constant,-176.12350012462625,366.2470002492525,389.8414664461461,True,0,2.9065277124185327,0.0361701801752761,0.4221553849178706,0.7281987993755736,0.1349046436535771,0.1393172854048656,1.4867611380575685,,,,,,-176.12350012477532,366.2470002495506,389.84146644644426
2026-06-07T22:57:26,96,20,960020,constant,-176.12324613100714,366.24649226201427,389.8409584589079,True,0,2.8734762235744173,0.035918927615547,0.4235087362289795,0.7271767264552448,0.1348265375384887,0.1399452796100347,1.4949426821198386,,,,,,-176.12324613101123,366.24649226202246,389.8409584589161
2026-06-07T22:58:24,96,21,960021,constant,-176.12324144973837,366.24648289947675,389.84094909637037,True,0,2.8774619301644733,0.0358982844043032,0.423349604273982,0.7274902083993905,0.1349738282159082,0.139872423077606,1.4959048863850095,,,,,,-176.1232414497393,366.2464828994786,389.8409490963722
2026-06-07T22:59:24,96,22,960022,constant,-176.12342384301684,366.2468476860337,389.8413138829273,True,0,2.876341493298215,0.0360211924517725,0.4253563924528767,0.7231704228835849,0.1338696738016034,0.1396040057184025,1.4878008744750166,,,,,,-176.12342384302752,366.2468476860551,389.8413138829487
2026-06-07T23:01:07,96,23,960023,constant,-176.12328387877596,366.24656775755193,389.84103395444555,True,0,2.8691329347028285,0.0359665688019453,0.4230873802234124,0.7277074442425518,0.1351766462811506,0.140055302075691,1.493926291140082,,,,,,-176.12328387877685,366.2465677575537,389.8410339544473
2026-06-07T23:03:03,96,24,960024,constant,-176.12324505911266,366.2464901182253,389.84095631511894,True,0,2.8736532864801525,0.0359065118362694,0.4235668700074749,0.7271529766025283,0.1348572163725354,0.1399375421643322,1.4953071681144998,,,,,,-176.12324505920964,366.2464901184193,389.8409563153129
2026-06-07T23:04:21,96,25,960025,constant,-176.1232414569857,366.2464829139714,389.84094911086504,True,0,2.877329953762932,0.0358968190795968,0.4233591223193845,0.7274751655763425,0.1349738110319446,0.1398747133508198,1.4959489464264308,,,,,,-176.1232414569849,366.2464829139698,389.84094911086345
2026-06-07T23:05:30,96,26,960026,constant,-176.1232414598609,366.2464829197218,389.84094911661543,True,0,2.8772857254875657,0.0358969650279321,0.4233569440745905,0.7274810269703164,0.1349745910563376,0.1398758196620497,1.4959481596045128,,,,,,-176.1232414598611,366.2464829197222,389.84094911661583
2026-06-07T23:06:49,96,27,960027,constant,-176.42044063780742,366.84088127561483,390.43534747250845,True,0,2.064065415273023,0.0387501278389566,0.4613975716566878,0.7192721115096941,0.1232098634512054,0.1561843554717208,1.153538965491681,,,,,,-176.4204406373383,366.8408812746766,390.4353474715702
2026-06-07T23:08:58,96,28,960028,constant,-52.32634234982942,118.65268469965883,142.24715089655245,True,0,8.25922356683051,5.501525965145225,0.8728636149841372,0.1495732532143525,0.0320781223133011,0.0861057375187542,0.2836081115742004,,,,,,-52.32634234984158,118.65268469968316,142.24715089657678
2026-06-07T23:10:40,96,29,960029,constant,-176.12324203449117,366.24648406898234,389.84095026587596,True,0,2.878001030001464,0.0359095504455524,0.4233880858289494,0.7273173219873601,0.1349565841650198,0.1398526150910779,1.4953116755829357,,,,,,-176.12324203452567,366.24648406905135,389.84095026594497
2026-06-07T23:12:08,96,30,960030,constant,-176.1232414522649,366.2464829045298,389.8409491014234,True,0,2.8776519460649466,0.0358935973061399,0.4233494236947291,0.7275007599216506,0.1349767805991303,0.1398684059262532,1.4961567365551105,,,,,,-176.12324145225352,366.2464829045071,389.8409491014007
2026-06-07T23:13:59,96,31,960031,constant,-176.12324382825898,366.24648765651796,389.8409538534116,True,0,2.8742798222868573,0.035888987860439,0.4234425684186631,0.7274476373595087,0.1350007106658728,0.1399350644669015,1.4958131624735354,,,,,,-176.12324382827302,366.2464876565461,389.84095385343966
2026-06-07T23:15:04,96,32,960032,constant,-176.12325846109778,366.24651692219555,389.8409831190892,True,0,2.871092933297392,0.0358858381859116,0.4239086129913221,0.7267000434254338,0.1347678633545681,0.139907610992618,1.4941725032947963,,,,,,-176.123258460832,366.246516921664,389.8409831185576
2026-06-07T23:16:40,96,33,960033,constant,-176.12328790393875,366.2465758078775,389.8410420047711,True,0,2.864527392146266,0.0360058991431454,0.4238512382079241,0.726570652118075,0.1348389843610512,0.1400998160281716,1.4888844952687923,,,,,,-176.12328790393929,366.24657580787857,389.8410420047722
2026-06-07T23:18:35,96,34,960034,constant,-176.12584276788982,366.25168553577964,389.84615173267326,True,0,2.787361863153208,0.0367674466683477,0.4290665605386222,0.716527435676676,0.1325245527770501,0.1411421561133439,1.4426058741997425,,,,,,-176.12584277019192,366.2516855403839,389.8461517372775
2026-06-07T23:20:22,96,35,960035,constant,-176.12324147817185,366.2464829563437,389.8409491532373,True,0,2.8778412315650352,0.035899864984005,0.4233373494962396,0.7274933794769899,0.1349794556091874,0.1398644204323686,1.4958660661677057,,,,,,-176.12324147818256,366.2464829563651,389.8409491532588
2026-06-07T23:21:56,96,36,960036,constant,-176.12325782196854,366.2465156439371,389.8409818408307,True,0,2.884804202870935,0.0358344833948406,0.4229429955482863,0.7281732999811347,0.1351286683310008,0.1397750404304163,1.5005288624809174,,,,,,-176.12325782224065,366.2465156444813,389.8409818413749
2026-06-07T23:23:10,96,37,960037,constant,-176.12324993333084,366.2464998666617,389.8409660635553,True,0,2.8724027593522763,0.0359554852493716,0.4236140742175668,0.7270232302363586,0.1348717986465137,0.1399558401411064,1.4937517755692655,,,,,,-176.12324993328247,366.2464998665649,389.84096606345855
2026-06-07T23:24:33,96,38,960038,constant,-176.12324144595777,366.24648289191555,389.84094908880917,True,0,2.8776829899981555,0.0358963665844332,0.4233412199817026,0.727506425743681,0.1349774889504884,0.1398684183259502,1.496004618407514,,,,,,-176.12324144596357,366.2464828919272,389.8409490888208
2026-06-07T23:25:52,96,39,960039,constant,-176.12324177742053,366.24648355484106,389.8409497517347,True,0,2.8785480970044484,0.0358834272744245,0.4233081408913554,0.7275734699478953,0.1349960793892678,0.1398543450058263,1.4967408910710471,,,,,,-176.1232417774247,366.2464835548494,389.84094975174304
2026-06-07T23:27:02,96,40,960040,constant,-176.1232491924062,366.2464983848124,389.84096458170603,True,0,2.8826445076376204,0.0359253454200745,0.4232798633984244,0.7274762795551103,0.1348648957006122,0.1397432881278226,1.4950051491175744,,,,,,-176.12324919701578,366.2464983940316,389.8409645909252
2026-06-07T22:31:38,97,1,970001,constant,-176.12324145561712,366.24648291123424,389.84094910812786,True,0,2.877701509879313,0.0358953987262441,0.4233553006214764,0.7274950315782188,0.1349680645392662,0.1398654758606975,1.4960056759996387,,,,,,-176.1232414556075,366.246482911215,389.8409491081087
2026-06-07T22:33:08,97,2,970002,constant,-176.12324145093345,366.2464829018669,389.8409490987605,True,0,2.877586572351522,0.0358938841624549,0.4233493956288178,0.7274968420065394,0.1349868039968443,0.13986979833595,1.496109637880057,,,,,,-176.12324145093385,366.2464829018677,389.8409490987613
2026-06-07T22:34:43,97,3,970003,constant,-176.1232415075615,366.246483015123,389.8409492120166,True,0,2.8770606953637063,0.0358999897524216,0.4233630842701706,0.7274708765108114,0.1349713760025276,0.1398801110109966,1.49578054499503,,,,,,-176.1232415075616,366.2464830151232,389.8409492120168
2026-06-07T22:36:09,97,4,970004,constant,-176.12324296242073,366.24648592484147,389.8409521217351,True,0,2.878275835391685,0.0358580229525322,0.4232990641750358,0.7277033537834611,0.1350437062515916,0.1398618628048021,1.4978847240234454,,,,,,-176.1232429624093,366.2464859248186,389.8409521217122
2026-06-07T22:37:30,97,5,970005,constant,-176.12324191723457,366.24648383446913,389.84095003136275,True,0,2.877943521038393,0.035893007524157,0.423251365553906,0.7277193365508,0.1350219596628354,0.1398698555339097,1.4961035715825068,,,,,,-176.12324191729354,366.2464838345871,389.8409500314807
2026-06-07T22:39:31,97,6,970006,constant,-176.12334445265816,366.2466889053163,389.84115510220994,True,0,2.8990916014574752,0.0357896121729084,0.4227021250026473,0.7285385601963998,0.1349730264961323,0.1394561692206039,1.503503286320114,,,,,,-176.12334445198286,366.2466889039657,389.84115510085934
2026-06-07T22:41:23,97,7,970007,constant,-176.1233050944233,366.2466101888466,389.8410763857402,True,0,2.870460683291921,0.0356837373987092,0.4234888934143907,0.7279815539882368,0.1352975820040727,0.1400479975720497,1.5056820371452506,,,,,,-176.12330509439164,366.2466101887833,389.8410763856769
2026-06-07T22:42:34,97,8,970008,constant,-176.12328609895172,366.24657219790345,389.84103839479707,True,0,2.889188700556813,0.0357640956759606,0.4228488202147588,0.72846247562027,0.1352064577242602,0.1396766653622832,1.5041337642191115,,,,,,-176.12328609793855,366.2465721958771,389.8410383927707
2026-06-07T22:44:30,97,9,970009,constant,-176.12324144969205,366.2464828993841,389.8409490962777,True,0,2.877410391067932,0.0358954841850297,0.423354408555648,0.7274864728457625,0.1349762371773884,0.139873402090885,1.4960417907111918,,,,,,-176.12324144969142,366.2464828993829,389.84094909627646
2026-06-07T22:46:29,97,10,970010,constant,-176.12324194837157,366.24648389674314,389.84095009363676,True,0,2.878728156404867,0.0359031643266194,0.42321716026181,0.7276571548023173,0.1350002705780625,0.1398632748742733,1.4961211285637597,,,,,,-176.12324194837174,366.2464838967435,389.8409500936371
2026-06-07T22:47:42,97,11,970011,constant,-176.12324144516248,366.24648289032496,389.8409490872186,True,0,2.877462274487101,0.0358963665518047,0.4233454682940334,0.727502716514201,0.1349783350591574,0.139873254558042,1.4960179681034644,,,,,,-176.12324144516117,366.2464828903224,389.840949087216
2026-06-07T22:49:08,97,12,970012,constant,-176.1232414461461,366.2464828922922,389.8409490891858,True,0,2.877516193122577,0.035894517542951,0.4233498175423024,0.727506039211328,0.134975066599063,0.1398715485802837,1.4960814728655023,,,,,,-176.12324144614377,366.24648289228753,389.8409490891812
2026-06-07T22:50:51,97,13,970013,constant,-176.1232419929265,366.246483985853,389.8409501827466,True,0,2.8762160019732046,0.0359102253893425,0.4234028854424489,0.7273854053402831,0.1349508015770446,0.1398939420367323,1.4951833792317164,,,,,,-176.12324199292658,366.2464839858532,389.8409501827468
2026-06-07T22:52:02,97,14,970014,constant,-176.12324168099582,366.24648336199164,389.84094955888526,True,0,2.878328957859692,0.0359008621218067,0.4232739765255986,0.7276154303605493,0.1349803052185474,0.1398634336809879,1.496147858837998,,,,,,-176.12324168087142,366.2464833617428,389.84094955863645
2026-06-07T22:53:59,97,15,970015,constant,-176.12324147487416,366.2464829497483,389.84094914664195,True,0,2.877187900945817,0.0358967110706649,0.4233571971438157,0.7274794297166463,0.1349757261619758,0.1398786176886393,1.4959325279538174,,,,,,-176.1232414748722,366.2464829497444,389.840949146638
2026-06-07T22:54:59,97,16,970016,constant,-176.12324144696984,366.2464828939397,389.8409490908333,True,0,2.8775946999802025,0.0358935955552722,0.4233482172496841,0.7275068194431796,0.1349804505681032,0.1398691036838909,1.4961019915141334,,,,,,-176.1232414469626,366.2464828939252,389.8409490908188
2026-06-07T22:56:46,97,17,970017,constant,-176.1232414473585,366.246482894717,389.84094909161064,True,0,2.877540464487341,0.0358936228934252,0.4233489257331698,0.7275066419354231,0.1349803624323236,0.1398710417865388,1.4961167481945667,,,,,,-176.12324144735842,366.2464828947169,389.84094909161047
2026-06-07T22:58:31,97,18,970018,constant,-176.12324195833094,366.2464839166619,389.8409501135555,True,0,2.8781975379706206,0.0358796939064204,0.4233212649432286,0.72756423068864,0.1349830291674116,0.1398600357107419,1.4970316857343118,,,,,,-176.12324196211767,366.24648392423535,389.84095012112897
2026-06-07T22:59:41,97,19,970019,constant,-176.1232436536265,366.246487307253,389.8409535041466,True,0,2.8791302807466224,0.0358542038547054,0.4232880267846339,0.7276862102885995,0.13502706184198,0.1398461449016108,1.4982343195551653,,,,,,-176.1232436536265,366.246487307253,389.8409535041466
2026-06-07T23:01:02,97,20,970020,constant,-176.12324157494723,366.24648314989446,389.8409493467881,True,0,2.878143535200185,0.0358884325798495,0.4233081437413012,0.7275808573553884,0.1350107113957309,0.1398620918567235,1.4964345917031454,,,,,,-176.12324157470073,366.2464831494015,389.8409493462951
2026-06-07T23:01:55,97,21,970021,constant,-176.1232418881819,366.2464837763638,389.8409499732574,True,0,2.8770308900846984,0.0358769521734301,0.4233646290489559,0.727553998770637,0.1349877815236367,0.1398832498281449,1.4968524557896357,,,,,,-176.123241888185,366.24648377637,389.8409499732636
2026-06-07T23:04:15,97,22,970022,constant,-176.12324168940611,366.24648337881223,389.84094957570585,True,0,2.878012979899024,0.0358790356646004,0.4233195223324897,0.7275920311623854,0.135006308778189,0.1398636014233767,1.4966765427361732,,,,,,-176.1232416895427,366.2464833790854,389.84094957597904
2026-06-07T23:05:35,97,23,970023,constant,-176.12345838373216,366.2469167674643,389.84138296435793,True,0,2.883552773955906,0.0353975400318127,0.4235891021189319,0.7282107264579083,0.1354494398833506,0.1397273202273526,1.5178089334940983,,,,,,-176.12345838373233,366.2469167674647,389.8413829643583
2026-06-07T23:07:59,97,24,970024,constant,-176.123241470758,366.246482941516,389.8409491384096,True,0,2.877838674449817,0.0359000806237902,0.4233323565185862,0.7275024902505729,0.1349777778169177,0.1398662814938524,1.4959692224105705,,,,,,-176.1232414707609,366.2464829415218,389.8409491384154
2026-06-07T23:11:29,97,25,970025,constant,-176.12324733926113,366.24649467852225,389.8409608754159,True,0,2.881790143939033,0.0358482294961648,0.4231423295265599,0.7278835242031833,0.135099824853712,0.1398034272338837,1.49894151732431,,,,,,-176.12324733926366,366.2464946785273,389.8409608754209
2026-06-07T23:13:22,97,26,970026,constant,-176.12763932202185,366.2552786440437,389.8497448409373,True,0,2.7990803206945065,0.0375313216332504,0.4294169204702494,0.7119938352872095,0.1300112886209465,0.1409544164616845,1.4117044829874257,,,,,,-176.1276393286403,366.2552786572806,389.8497448541742
2026-06-07T23:14:22,97,27,970027,constant,-176.12324153513669,366.24648307027337,389.840949267167,True,0,2.877060397855146,0.0358922051776052,0.4233828173102407,0.7274642255581616,0.13497215875984,0.1398783677023485,1.4961714013998744,,,,,,-176.12324153513663,366.24648307027326,389.8409492671669
2026-06-07T23:15:51,97,28,970028,constant,-176.12324149194384,366.2464829838877,389.8409491807813,True,0,2.877573775492642,0.0358896728055885,0.4233262983821858,0.727550835777484,0.1349890248639377,0.1398741330245397,1.4962955694523823,,,,,,-176.12324149195007,366.24648298390014,389.84094918079376
2026-06-07T23:17:28,97,29,970029,constant,-176.12325959880968,366.24651919761936,389.840985394513,True,0,2.872571129578784,0.0358351706434468,0.4238521950375012,0.7266724611295415,0.1348906436457158,0.1399462750366704,1.4987386314332865,,,,,,-176.12325958450097,366.24651916900194,389.8409853658956
2026-06-07T23:19:28,97,30,970030,constant,-176.1232623031628,366.2465246063256,389.8409908032192,True,0,2.8834172989323794,0.0358824718082075,0.4232496956766921,0.7270763989642838,0.1353459729996857,0.139738315313199,1.497482629745601,,,,,,-176.12326230308958,366.2465246061792,389.8409908030728
2026-06-07T23:21:56,97,31,970031,constant,-176.123241462059,366.246482924118,389.84094912101165,True,0,2.8777430288246064,0.0358986342873381,0.4233365984502079,0.7275086016264891,0.1349701059221579,0.1398675533679132,1.4959067253734568,,,,,,-176.12324146204827,366.2464829240965,389.84094912099016
2026-06-07T23:23:05,97,32,970032,constant,-176.12324145131714,366.2464829026343,389.8409490995279,True,0,2.87752693915824,0.0358966505926475,0.4233594755879447,0.7274711503869508,0.1349701948105971,0.1398698748814428,1.4959737200050776,,,,,,-176.1232414513185,366.246482902637,389.8409490995307
2026-06-07T23:24:36,97,33,970033,constant,-176.12324147183733,366.24648294367466,389.8409491405683,True,0,2.87719244883904,0.0358967162857394,0.4233578149713765,0.7274875907409649,0.1349749459845195,0.1398781090808406,1.4959504803531811,,,,,,-176.12324147183824,366.2464829436765,389.8409491405701
2026-06-07T23:26:18,97,34,970034,constant,-176.12324145598336,366.2464829119667,389.84094910886034,True,0,2.877766646779497,0.0358965216815527,0.4233407986715854,0.7274999589738539,0.1349830967634498,0.1398657930413441,1.4959858410822056,,,,,,-176.12324145598294,366.2464829119658,389.8409491088595
2026-06-07T23:27:19,97,35,970035,constant,-176.12324144867554,366.2464828973511,389.8409490942447,True,0,2.8776216455576424,0.0358972280378303,0.4233486468847321,0.7274856795053595,0.134980851135567,0.1398689018562462,1.4959842460813153,,,,,,-176.1232414486715,366.246482897343,389.84094909423663
2026-06-07T23:29:37,97,36,970036,constant,-176.1232594265039,366.2465188530078,389.8409850499014,True,0,2.8839220726077763,0.0358021095151915,0.4229572535347615,0.7282863966941084,0.1352942520014174,0.1397768250747995,1.5014682820116203,,,,,,-176.12325942647144,366.24651885294287,389.8409850498365
2026-06-07T23:31:41,97,37,970037,constant,-176.12324148366702,366.24648296733403,389.84094916422765,True,0,2.877764907242464,0.0358904140147497,0.4233258960400928,0.7275553990002548,0.134995945536984,0.1398684657129094,1.4962788769286377,,,,,,-176.12324148366133,366.24648296732266,389.8409491642163
2026-06-07T23:32:47,97,38,970038,constant,-176.12324147276803,366.24648294553606,389.8409491424297,True,0,2.877886411518681,0.0358979463119124,0.4233323986244662,0.7275133996987718,0.1349880708680897,0.1398635566002808,1.495981069483553,,,,,,-176.12324147275615,366.2464829455123,389.8409491424059
2026-06-07T23:33:39,97,39,970039,constant,-176.12325423174107,366.24650846348214,389.84097466037576,True,0,2.8796125881133223,0.0359966935026629,0.4233653758782121,0.7271146317346698,0.1348038994532589,0.1398067358467086,1.4913088218873751,,,,,,-176.12325423173874,366.2465084634775,389.8409746603711
2026-06-07T23:34:58,97,40,970040,constant,-176.12324148547876,366.2464829709575,389.84094916785114,True,0,2.8771997587901463,0.0359001140199095,0.4233539965498925,0.727477678602712,0.1349711284582885,0.1398781739311943,1.4957934586271693,,,,,,-176.12324148548254,366.2464829709651,389.8409491678587
2026-06-07T22:33:50,98,1,980001,constant,-176.12324149799113,366.24648299598226,389.8409491928759,True,0,2.8780299692920184,0.0358988889892267,0.4233284451868485,0.7275172048638978,0.1349740014624523,0.139861208317071,1.4959458173397493,,,,,,-176.12324149799124,366.2464829959825,389.8409491928761
2026-06-07T22:36:02,98,2,980002,constant,-176.12328664561693,366.24657329123386,389.8410394881275,True,0,2.8692489507587613,0.0359742794819946,0.4231743198149349,0.7283271118508097,0.1351809798214004,0.140062367512681,1.490816931587462,,,,,,-176.12328664450618,366.2465732890124,389.841039485906
2026-06-07T22:37:34,98,3,980003,constant,-176.12324145670303,366.24648291340606,389.8409491102997,True,0,2.8773180921582537,0.0358966941805627,0.4233574726526334,0.7274814708758717,0.1349751221705791,0.1398749147787496,1.495947156384015,,,,,,-176.1232414567011,366.2464829134022,389.8409491102958
2026-06-07T22:41:37,98,4,980004,constant,-176.1232550512133,366.2465101024266,389.84097629932023,True,0,2.873554003347322,0.0359725501853864,0.4237697451947045,0.7265644075370776,0.1347519789217742,0.1398890598705592,1.4913239498114863,,,,,,-176.1232550508873,366.2465101017746,389.8409762986682
2026-06-07T22:43:11,98,5,980005,constant,-176.12324648595762,366.24649297191525,389.84095916880887,True,0,2.8796012768709507,0.0358833092957621,0.4231080002829551,0.727606260912416,0.1352400282258069,0.139851958975063,1.4962399429964208,,,,,,-176.12324646533537,366.24649293067074,389.8409591275644
2026-06-07T22:45:06,98,6,980006,constant,-176.12363016192143,366.24726032384285,389.8417265207365,True,0,2.8366523046789967,0.0360209238052287,0.4258201535861718,0.7240147223900282,0.1337953193644235,0.1405237875382761,1.4834678726388324,,,,,,-176.1236301619729,366.2472603239458,389.8417265208394
2026-06-07T22:46:30,98,7,980007,constant,-176.1232508441213,366.2465016882426,389.8409678851362,True,0,2.872947756947988,0.0359203777224468,0.4235147978471977,0.7270178351033045,0.1351828174672079,0.1399549940320377,1.4940152730996723,,,,,,-176.1232508442342,366.2465016884684,389.840967885362
2026-06-07T22:48:11,98,8,980008,constant,-176.12324145316106,366.2464829063221,389.84094910321573,True,0,2.8777820858103653,0.0358965320719969,0.4233318328808277,0.727511981531121,0.1349841026800959,0.1398672619437783,1.496059754077662,,,,,,-176.12324145315984,366.24648290631967,389.8409491032133
2026-06-07T22:49:45,98,9,980009,constant,-176.12324147349165,366.2464829469833,389.8409491438769,True,0,2.877358287292406,0.0358910740372657,0.4233574428495769,0.7275041144676477,0.1349795485269382,0.1398739217208194,1.496201851333076,,,,,,-176.1232414734924,366.2464829469848,389.8409491438784
2026-06-07T22:51:15,98,10,980010,constant,-176.12325441180036,366.2465088236007,389.84097502049434,True,0,2.87313410740208,0.0359800119444265,0.4236862506433083,0.726839741303739,0.1347347159583602,0.1399174362740952,1.491058035862026,,,,,,-176.12325441182526,366.2465088236505,389.84097502054414
2026-06-07T22:53:23,98,11,980011,constant,-176.12324148034605,366.2464829606921,389.8409491575857,True,0,2.87763882302674,0.0358979648507769,0.4233568609636104,0.7275042191155461,0.1349779521932299,0.1398649930610104,1.4959303750005857,,,,,,-176.1232414803468,366.2464829606936,389.8409491575872
2026-06-07T22:54:48,98,12,980012,constant,-176.12324144636605,366.2464828927321,389.8409490896257,True,0,2.877503198154615,0.035897838169757,0.4233489150075523,0.7274936842569962,0.134977645275425,0.1398717277294917,1.4959644792498332,,,,,,-176.1232414463685,366.246482892737,389.8409490896306
2026-06-07T22:55:51,98,13,980013,constant,-176.12324146683403,366.24648293366806,389.8409491305617,True,0,2.87724772061052,0.0358980349346253,0.4233549000889688,0.7274827745652692,0.1349740048975438,0.1398769301262161,1.4958949385798654,,,,,,-176.1232414668341,366.2464829336682,389.8409491305618
2026-06-07T22:56:39,98,14,980014,constant,-176.1232414522056,366.2464829044112,389.84094910130483,True,0,2.877403007066307,0.0358974023080218,0.4233512538178335,0.727493860481285,0.1349703543668977,0.1398737436678221,1.4959276314265315,,,,,,-176.1232414522057,366.2464829044114,389.840949101305
2026-06-07T22:58:06,98,15,980015,constant,-176.12326410610473,366.24652821220945,389.8409944091031,True,0,2.886223447066643,0.0358111654485581,0.4228490787777596,0.7283946306368475,0.1352785090896396,0.1397401566147793,1.5012215255131285,,,,,,-176.1232641061044,366.2465282122088,389.8409944091024
2026-06-07T23:00:28,98,16,980016,constant,-176.12324146423663,366.24648292847326,389.8409491253669,True,0,2.877727087755464,0.035892792993143,0.4233373819479792,0.7275221452499613,0.1349856989888579,0.1398678592718976,1.496233316595536,,,,,,-176.12324146422392,366.2464829284479,389.8409491253415
2026-06-07T23:01:40,98,17,980017,constant,-176.12357741081937,366.24715482163873,389.84162101853235,True,0,2.890465531091256,0.0353802776347353,0.4234651856134435,0.7303666472479846,0.1360042736580304,0.1395431385269126,1.518023022855002,,,,,,-176.12357741082346,366.2471548216469,389.8416210185405
2026-06-07T23:02:58,98,18,980018,constant,-176.1232415440669,366.2464830881338,389.8409492850274,True,0,2.878178482272054,0.0358930193641994,0.4233383101581776,0.7275315255464949,0.1349683226588018,0.1398578877697094,1.4962327463647638,,,,,,-176.1232415439542,366.2464830879084,389.8409492848021
2026-06-07T23:04:25,98,19,980019,constant,-176.1232415252241,366.2464830504482,389.8409492473418,True,0,2.8781196538182945,0.0358931059538149,0.423341379588614,0.7275102456393501,0.1349779005345747,0.1398559318129673,1.49610005701014,,,,,,-176.1232415254119,366.2464830508238,389.8409492477175
2026-06-07T23:06:07,98,20,980020,constant,-176.12324145483433,366.24648290966866,389.8409491065623,True,0,2.877797305552941,0.0358946855003064,0.4233396902281062,0.7275135706438418,0.1349756550288992,0.1398657548969446,1.4961001571839585,,,,,,-176.12324145483475,366.2464829096695,389.84094910656313
2026-06-07T23:07:21,98,21,980021,constant,-176.12324149157098,366.24648298314196,389.8409491800356,True,0,2.8771207208071354,0.0358977752910268,0.4233568547768526,0.7274810345404081,0.1349723144846638,0.1398797297880115,1.4958584201984586,,,,,,-176.1232414915712,366.2464829831424,389.840949180036
2026-06-07T23:08:27,98,22,980022,constant,-176.12324171308396,366.2464834261679,389.84094962306153,True,0,2.878117390149662,0.0358821027514827,0.4233445567723209,0.7275506983493496,0.1349708060072384,0.1398581366163725,1.496743112324947,,,,,,-176.12324171303626,366.2464834260725,389.84094962296615
2026-06-07T23:10:00,98,23,980023,constant,-176.12332939724922,366.24665879449844,389.84112499139206,True,0,2.897365115165576,0.0357959673877172,0.4225621877664607,0.7285978799588617,0.1353614114288854,0.1395132563720888,1.50342588759932,,,,,,-176.12332939718596,366.2466587943719,389.84112499126553
2026-06-07T23:11:21,98,24,980024,constant,-176.1232415040473,366.2464830080946,389.8409492049882,True,0,2.877576585703151,0.03589383005747,0.4233094647808324,0.7275826486776578,0.1350018304348203,0.1398751331297277,1.4961664270954502,,,,,,-176.12324150404925,366.2464830080985,389.8409492049921
2026-06-07T23:12:31,98,25,980025,constant,-176.12324145359827,366.24648290719654,389.84094910409016,True,0,2.877595993601329,0.0358926846734051,0.4233469891751165,0.7275071789580134,0.1349806842548549,0.1398703858506004,1.4961848061334448,,,,,,-176.12324145360125,366.2464829072025,389.8409491040961
2026-06-07T23:14:41,98,26,980026,constant,-176.1232414826722,366.2464829653444,389.840949162238,True,0,2.87751537450254,0.0359021131002777,0.4233541835084781,0.727475122009237,0.1349696027341106,0.1398693767596039,1.4957353978663948,,,,,,-176.12324148267265,366.2464829653453,389.8409491622389
2026-06-07T23:16:47,98,27,980027,constant,-176.12330498489268,366.24660996978537,389.841076166679,True,0,2.891071397837633,0.0357170288140096,0.4227896232011395,0.7290311406167483,0.1353947465859953,0.1396315330417866,1.5030508113201462,,,,,,-176.12330498509044,366.2466099701809,389.8410761670745
2026-06-07T23:18:31,98,28,980028,constant,-176.1232416200611,366.2464832401222,389.8409494370158,True,0,2.878048365321757,0.0359034782163412,0.4233436155898402,0.7274735658687143,0.1349675207394833,0.1398574861169406,1.495981688642865,,,,,,-176.12324162006087,366.2464832401217,389.84094943701535
2026-06-07T23:20:00,98,29,980029,constant,-176.12324145171124,366.2464829034225,389.8409491003161,True,0,2.877528049019458,0.0358985991473267,0.4233524643895377,0.7274786895902998,0.1349684691243182,0.1398709357925051,1.4959109533334236,,,,,,-176.12324145171104,366.2464829034221,389.8409491003157
2026-06-07T23:21:27,98,30,980030,constant,-176.1232414553042,366.2464829106084,389.840949107502,True,0,2.877704769383606,0.0358944853134855,0.4233287760567188,0.7275228337430649,0.1349857422927767,0.1398708472178035,1.4961573319023764,,,,,,-176.123241455298,366.246482910596,389.8409491074896
2026-06-07T23:22:40,98,31,980031,constant,-176.1232414648999,366.2464829297998,389.84094912669343,True,0,2.877249322368601,0.0358970360968823,0.423351980303101,0.7274897866431679,0.1349748797383764,0.1398775241200109,1.4959541391756548,,,,,,-176.1232414649034,366.2464829298068,389.8409491267004
2026-06-07T23:25:27,98,32,980032,constant,-176.12324145089747,366.24648290179493,389.84094909868855,True,0,2.877407216209411,0.0358952849232947,0.4233607317419156,0.7274866047495111,0.1349726349374748,0.1398721490202198,1.4960120840313316,,,,,,-176.1232414509027,366.2464829018054,389.840949098699
2026-06-07T23:27:55,98,33,980033,constant,-176.12324146044844,366.2464829208969,389.8409491177905,True,0,2.877561572009963,0.0358926460270379,0.4233334324472971,0.7275302628867546,0.1349899334377946,0.1398727677621494,1.496204309126095,,,,,,-176.12324146045125,366.2464829209025,389.8409491177961
2026-06-07T23:29:48,98,34,980034,constant,-176.123253211826,366.246506423652,389.84097262054564,True,0,2.883467372255996,0.0358313239270778,0.4230600702363156,0.7280767965181323,0.1351600395616768,0.1397716609736075,1.5001361754207625,,,,,,-176.1232532121987,366.2465064243974,389.84097262129103
2026-06-07T23:30:44,98,35,980035,constant,-176.12324150832995,366.2464830166599,389.84094921355353,True,0,2.87812903276882,0.0358961732981977,0.4233210004144455,0.7275208804811741,0.1349824003144242,0.1398611854138338,1.4961151568013575,,,,,,-176.12324150834755,366.2464830166951,389.8409492135887
2026-06-07T23:33:09,98,36,980036,constant,-176.12324152949193,366.24648305898387,389.8409492558775,True,0,2.87755045139388,0.0358946875562022,0.4233410002960859,0.727569293194635,0.1349765141788256,0.1398713801430314,1.4960442330760944,,,,,,-176.1232415294843,366.2464830589686,389.8409492558622
2026-06-07T23:34:50,98,37,980037,constant,-176.12324144270255,366.2464828854051,389.8409490822987,True,0,2.8775705837249745,0.03589568074125,0.4233424593091762,0.7275088247058762,0.134979444996431,0.1398710760836107,1.4960520303975655,,,,,,-176.1232414427044,366.2464828854088,389.8409490823024
2026-06-07T23:36:01,98,38,980038,constant,-176.12324154979387,366.24648309958775,389.84094929648137,True,0,2.87796117297309,0.0358944738419509,0.4233231755921678,0.7275424126382372,0.1350014414815801,0.1398657265341246,1.496338382683387,,,,,,-176.12324154982522,366.2464830996505,389.84094929654407
2026-06-07T23:37:30,98,39,980039,constant,-176.1249193255186,366.2498386510372,389.8443048479308,True,0,2.8176983302465337,0.0368141042944991,0.4269009691992437,0.7195050655019701,0.1327195278280728,0.1407786595124687,1.4433927179770834,,,,,,-176.1249193252325,366.249838650465,389.8443048473586
2026-06-07T23:38:41,98,40,980040,constant,-176.1232546492574,366.2465092985148,389.84097549540843,True,0,2.8819097659005104,0.0359072420813818,0.4234763601684774,0.7274159003601827,0.1350497012120345,0.1396993001484013,1.4946914316933615,,,,,,-176.12325464900334,366.2465092980067,389.8409754949003
2026-06-07T22:34:22,99,1,990001,constant,-176.12324167515573,366.24648335031145,389.84094954720507,True,0,2.8783373183393803,0.0358859175156059,0.4233020506702229,0.7276066370439122,0.134999332478117,0.1398588407875993,1.4966206316578632,,,,,,-176.123241675156,366.246483350312,389.8409495472056
2026-06-07T22:35:41,99,2,990002,constant,-176.12324146658034,366.2464829331607,389.8409491300543,True,0,2.877784958588081,0.0358919569286073,0.4233301134860328,0.7275358896710212,0.1349893675727631,0.1398673341531902,1.4962242853750405,,,,,,-176.1232414665801,366.2464829331602,389.8409491300538
2026-06-07T22:36:56,99,3,990003,constant,-176.12386750988912,366.24773501977825,389.84220121667187,True,0,2.8319582662568954,0.0363288342942794,0.4256549222698353,0.7234847022250602,0.1336298265695594,0.1406062218559466,1.4686187864998348,,,,,,-176.12386750992326,366.2477350198465,389.84220121674014
2026-06-07T22:38:04,99,4,990004,constant,-176.1232414473958,366.2464828947916,389.8409490916852,True,0,2.8776747994801903,0.0358963164805859,0.42334514001407,0.7274968416110109,0.1349786301983749,0.1398677729473181,1.4959901531396638,,,,,,-176.12324144739608,366.24648289479217,389.8409490916858
2026-06-07T22:40:26,99,5,990005,constant,-176.12416294521756,366.2483258904351,389.84279208732875,True,0,2.816185632321319,0.0362305295814617,0.426595519605614,0.7216117849825242,0.1337159992565807,0.1408829288398,1.4716506356213268,,,,,,-176.1241629451995,366.248325890399,389.8427920872926
2026-06-07T22:41:47,99,6,990006,constant,-176.1232414480751,366.2464828961502,389.84094909304383,True,0,2.8776958455596384,0.035896622087545,0.4233464582269977,0.7275010955861639,0.13497499151634,0.1398674342062864,1.496014812855636,,,,,,-176.1232414480751,366.2464828961502,389.84094909304383
2026-06-07T22:42:57,99,7,990007,constant,-176.1232416208261,366.2464832416522,389.8409494385458,True,0,2.8784260501999337,0.0358913375507572,0.4233035359190861,0.7275692690518112,0.1349840157429251,0.1398573294544966,1.496394490269823,,,,,,-176.12324162082592,366.24648324165184,389.8409494385455
2026-06-07T22:44:49,99,8,990008,constant,-176.12324216107135,366.2464843221427,389.8409505190363,True,0,2.8781462411026912,0.0358757367505828,0.4232851687052077,0.7276551943841164,0.1350196173796775,0.1398659574852159,1.4972517917460937,,,,,,-176.12324216166786,366.2464843233357,389.8409505202293
2026-06-07T22:45:53,99,9,990009,constant,-176.1235099704556,366.2470199409112,389.8414861378048,True,0,2.905766528026864,0.0355430556089635,0.4228146052624562,0.729133840369912,0.1351207451871282,0.1393030770230944,1.5155194301044637,,,,,,-176.12350997045604,366.2470199409121,389.8414861378057
2026-06-07T22:47:12,99,10,990010,constant,-176.12324149697633,366.24648299395267,389.8409491908463,True,0,2.877241419364148,0.0359024854729839,0.4233548297805305,0.7274646258237748,0.1349718620127923,0.1398785276403928,1.4958371951733815,,,,,,-176.12324149697508,366.24648299395017,389.8409491908438
2026-06-07T22:48:43,99,11,990011,constant,-176.12324145422502,366.24648290845005,389.84094910534367,True,0,2.8775281001511046,0.0358992164119542,0.4233403356608399,0.7274958394900781,0.1349809428807515,0.1398717807639003,1.495873483966986,,,,,,-176.1232414542219,366.2464829084438,389.8409491053374
2026-06-07T22:50:25,99,12,990012,constant,-176.12324147886073,366.24648295772147,389.8409491546151,True,0,2.877970547761777,0.0358962591380653,0.4233188985326996,0.7275358980958613,0.1349900251446307,0.1398643791195862,1.4960693364789723,,,,,,-176.1232414788922,366.2464829577844,389.840949154678
2026-06-07T22:51:59,99,13,990013,constant,-176.12324155382578,366.24648310765156,389.8409493045452,True,0,2.8779428827105007,0.0358855384614353,0.4233366839069028,0.7275300548816585,0.1349812822196244,0.139864556188472,1.4964567816290897,,,,,,-176.12324155379517,366.2464831075904,389.840949304484
2026-06-07T22:53:46,99,14,990014,constant,-176.1232424243173,366.2464848486346,389.84095104552824,True,0,2.8774988619038613,0.0359244615376837,0.4233407042370331,0.7274475279238224,0.1349234824374147,0.1398674697628389,1.4946053922108244,,,,,,-176.1232424243173,366.2464848486346,389.8409510455282
2026-06-07T22:55:17,99,15,990015,constant,-176.12536034659965,366.2507206931993,389.8451868900929,True,0,2.940433302471628,0.0370253371598737,0.4209231034467287,0.7268463772145571,0.1335601471691323,0.1385621826031289,1.4536693768129902,,,,,,-176.1253603466,366.2507206932,389.8451868900936
2026-06-07T22:57:50,99,16,990016,constant,-176.12995916418026,366.2599183283605,389.85438452525415,True,0,2.704376303601257,0.0362446399084067,0.428675508511592,0.7205292549026309,0.1339162589991076,0.1435023295218782,1.4618941125430975,,,,,,-176.12995916435105,366.2599183287021,389.8543845255957
2026-06-07T22:59:57,99,17,990017,constant,-176.1232414949052,366.2464829898104,389.840949186704,True,0,2.877836541451578,0.0358932526432594,0.4233475986364042,0.7275399451128807,0.1349692076829386,0.1398626862104934,1.49614346880809,,,,,,-176.1232414949696,366.2464829899392,389.8409491868328
2026-06-07T23:01:22,99,18,990018,constant,-176.12324144739935,366.2464828947987,389.8409490916923,True,0,2.8774283061413137,0.0358968326216712,0.4233479547692368,0.7274916136238604,0.1349786865169079,0.1398739882927508,1.4959823909859284,,,,,,-176.12324144739807,366.24648289479615,389.84094909168977
2026-06-07T23:03:28,99,19,990019,constant,-176.12324174702042,366.24648349404083,389.84094969093445,True,0,2.877779455803975,0.0358996084337968,0.423380759654773,0.7274966866083841,0.1349831965779636,0.1398608272634528,1.4959918475364222,,,,,,-176.12324174702113,366.2464834940423,389.8409496909359
2026-06-07T23:04:32,99,20,990020,constant,-176.12324145020267,366.24648290040534,389.84094909729896,True,0,2.877484485262172,0.0358940608028319,0.4233436332264051,0.7275085245064346,0.1349828587721395,0.1398730361248759,1.4961253396620984,,,,,,-176.1232414502067,366.2464829004135,389.8409490973071
2026-06-07T23:06:34,99,21,990021,constant,-176.1232414545608,366.2464829091216,389.8409491060152,True,0,2.8774620965029927,0.0358983903821424,0.4233519641645089,0.7274922939966658,0.13497760096081,0.1398718414602903,1.4958820258223486,,,,,,-176.1232414545565,366.246482909113,389.8409491060067
2026-06-07T23:08:22,99,22,990022,constant,-176.12324144941772,366.24648289883544,389.84094909572906,True,0,2.8775850497890043,0.0358960988517842,0.42332931195506,0.7275266248462301,0.1349887662522587,0.139872583668174,1.4960391190659688,,,,,,-176.12324144941567,366.24648289883135,389.84094909572497
2026-06-07T23:09:44,99,23,990023,constant,-176.123241583414,366.246483166828,389.8409493637216,True,0,2.8781746247025355,0.0358945874980698,0.4233013051180103,0.7275460521400889,0.1349961362200404,0.1398591949447162,1.4961403652317398,,,,,,-176.123241583414,366.246483166828,389.8409493637216
2026-06-07T23:11:05,99,24,990024,constant,-176.1232414516382,366.2464829032764,389.84094910017,True,0,2.877377962073944,0.0358952381299478,0.4233492860889131,0.7275001279227887,0.1349768425885787,0.139874912825512,1.4960492916449637,,,,,,-176.1232414516377,366.2464829032754,389.840949100169
2026-06-07T23:13:15,99,25,990025,constant,-176.12324145544744,366.2464829108949,389.8409491077885,True,0,2.8773695190697195,0.0358953623086738,0.4233553668060327,0.7274814005184911,0.1349744524524396,0.1398742401091383,1.4960450555022784,,,,,,-176.1232414554474,366.2464829108948,389.8409491077885
2026-06-07T23:15:35,99,26,990026,constant,-176.12324184257747,366.24648368515494,389.84094988204856,True,0,2.878451108469572,0.0358840488408125,0.4232905518894207,0.7276098062370769,0.1350468589105705,0.1398578175568642,1.496740762634852,,,,,,-176.12324184258648,366.24648368517296,389.8409498820666
2026-06-07T23:17:17,99,27,990027,constant,-176.12394434372914,366.24788868745827,389.8423548843519,True,0,2.9246920051350727,0.0353511754214521,0.4217209033671359,0.7310832189895636,0.136540668232551,0.1389805464592483,1.5263931917815623,,,,,,-176.12394433940386,366.2478886788077,389.84235487570135
2026-06-07T23:21:50,99,28,990028,constant,-176.12324158257636,366.2464831651527,389.84094936204633,True,0,2.878255629013468,0.0358945447411797,0.423292048725407,0.727600574607718,0.135002907429717,0.1398612512486068,1.496225503332283,,,,,,-176.1232415811321,366.2464831622642,389.8409493591579
2026-06-07T23:23:58,99,29,990029,constant,-176.12348511726395,366.2469702345279,389.8414364314215,True,0,2.898089290665634,0.0355289275293639,0.4219142594180001,0.7309371029458398,0.1361045930902594,0.1396025800810992,1.516850772415926,,,,,,-176.12348511686133,366.24697023372266,389.8414364306163
2026-06-07T23:26:01,99,30,990030,constant,-176.12324598313273,366.24649196626547,389.8409581631591,True,0,2.873046190159808,0.0358960605594916,0.4236061980748752,0.7272217467045812,0.1348670316164938,0.1399446897376604,1.495115153419439,,,,,,-176.12324598311227,366.2464919662245,389.84095816311816
2026-06-07T23:27:05,99,31,990031,constant,-176.12324156378577,366.24648312757154,389.84094932446516,True,0,2.878058414471284,0.0358874881335652,0.4233415662167483,0.7275354300411638,0.1349703058071134,0.13985954042251,1.4964110160605006,,,,,,-176.123241549486,366.246483098972,389.8409492958656
2026-06-07T23:28:23,99,32,990032,constant,-176.12324144776954,366.2464828955391,389.8409490924327,True,0,2.877454844127452,0.0358979662912166,0.4233483134379252,0.7274892981634759,0.1349770890331476,0.1398732569123179,1.495965459870544,,,,,,-176.12324144777077,366.24648289554153,389.8409490924352
2026-06-07T23:30:19,99,33,990033,constant,-176.12324147922436,366.2464829584487,389.84094915534234,True,0,2.87777065702912,0.0358905796127692,0.4233370942822208,0.7275408800868047,0.134980135122807,0.1398678673155144,1.496218406822431,,,,,,-176.1232414792186,366.2464829584372,389.8409491553308
2026-06-07T23:32:05,99,34,990034,constant,-176.12324192662086,366.2464838532417,389.84095005013535,True,0,2.8782698728407485,0.0359001637345035,0.4232611348266268,0.7275820133515709,0.1349819045259203,0.1398597708011338,1.4959859502636392,,,,,,-176.12324192658753,366.2464838531751,389.8409500500687
2026-06-07T23:33:16,99,35,990035,constant,-176.12324151778228,366.24648303556455,389.8409492324582,True,0,2.8781189877144504,0.0358961213053348,0.4233128016662048,0.7275593432394887,0.1349877735942639,0.1398606914341928,1.496065314636556,,,,,,-176.12324151803097,366.24648303606193,389.8409492329556
2026-06-07T23:34:55,99,36,990036,constant,-176.18956875569455,366.3791375113891,389.9736037082827,True,0,3.3382359960381724,0.0310745577651353,0.3981799074827738,0.785760292392247,0.1536533824238691,0.1332562812681746,1.8220034312699391,,,,,,-176.18956875600816,366.3791375120163,389.97360370890993
2026-06-07T23:36:49,99,37,990037,constant,-176.12324162764276,366.2464832552855,389.84094945217913,True,0,2.878094124159508,0.0358883381283209,0.4232900051307753,0.7275992907000947,0.1349969543955258,0.1398692926637905,1.4965434616294395,,,,,,-176.1232416276479,366.2464832552958,389.8409494521894
2026-06-07T23:38:07,99,38,990038,constant,-176.12324181033694,366.24648362067387,389.8409498175675,True,0,2.878784676585513,0.0358941268476718,0.4232629795737469,0.7276176919033309,0.1350209204124166,0.1398513431868327,1.4961965449757828,,,,,,-176.12324181034393,366.2464836206879,389.8409498175815
2026-06-07T23:39:16,99,39,990039,constant,-176.12324144563212,366.24648289126424,389.84094908815786,True,0,2.8776454227230404,0.035896364288591,0.4233367303717087,0.7275073103020258,0.1349768624674777,0.1398703986421136,1.496041822387444,,,,,,-176.12324144563618,366.2464828912724,389.840949088166
2026-06-07T23:41:14,99,40,990040,constant,-176.145145141415,366.29029028283,389.8847564797236,True,0,2.577906356264301,0.0371008108109432,0.4384689795446548,0.7035582745162019,0.1298885199628325,0.1454479941804517,1.400939807768938,,,,,,-176.14514514120543,366.29029028241087,389.8847564793045
2026-06-07T22:39:03,100,1,1000001,constant,-176.12324145013227,366.24648290026454,389.84094909715816,True,0,2.877493186207944,0.0358958365765043,0.4233395309207305,0.7275238395894787,0.1349783803194923,0.1398732937566517,1.4960363772436995,,,,,,-176.12324145013292,366.24648290026585,389.84094909715947
2026-06-07T22:39:56,100,2,1000002,constant,-176.12324145565947,366.24648291131894,389.84094910821256,True,0,2.877695077162008,0.0358974767882531,0.4233255133053001,0.7275157931617419,0.1349914485084182,0.1398701018097506,1.495991290161047,,,,,,-176.123241455659,366.246482911318,389.8409491082117
2026-06-07T22:42:14,100,3,1000003,constant,-176.12324144301823,366.24648288603646,389.8409490829301,True,0,2.877611246355088,0.0358959837349838,0.4233449955665576,0.7275018148718541,0.1349760131896883,0.1398697371028986,1.4960205392095909,,,,,,-176.12324144302082,366.2464828860416,389.84094908293525
2026-06-07T22:43:29,100,4,1000004,constant,-176.12324147229836,366.2464829445967,389.84094914149034,True,0,2.877562217378685,0.0358998667052801,0.4233508672888528,0.7274738399210258,0.1349776349842467,0.1398696774569272,1.4957965035648937,,,,,,-176.1232414722963,366.2464829445926,389.8409491414862
2026-06-07T22:45:37,100,5,1000005,constant,-176.1232414741595,366.246482948319,389.8409491452126,True,0,2.877225585854936,0.0358970657187037,0.4233603818606401,0.7274769306056816,0.1349713976133991,0.1398763988316254,1.4958776734079182,,,,,,-176.12324147415947,366.2464829483189,389.84094914521256
2026-06-07T22:48:34,100,6,1000006,constant,-176.15456074554515,366.3091214910903,389.90358768798393,True,0,2.695438166770382,0.0413515914165938,0.4311313871464384,0.6990337222064004,0.1287343507859292,0.1429150923572467,1.2612267034207874,,,,,,-176.15456074212517,366.3091214842504,389.903587681144
2026-06-07T22:50:24,100,7,1000007,constant,-176.15862939269692,366.31725878539385,389.91172498228747,True,0,2.7128404058332296,0.0415897341869194,0.4347690433558864,0.6878733429227503,0.1270101062941977,0.1419805763630971,1.253064263932168,,,,,,-176.15862939522287,366.31725879044575,389.91172498733937
2026-06-07T22:53:28,100,8,1000008,constant,-176.12324145577776,366.2464829115555,389.84094910844914,True,0,2.8775527730307493,0.0358927258416975,0.4233584756719726,0.7274876115199995,0.1349731164799799,0.1398695831534091,1.496148356850742,,,,,,-176.12324145578316,366.2464829115663,389.84094910846
2026-06-07T22:54:44,100,9,1000009,constant,-176.1232414586551,366.2464829173102,389.8409491142038,True,0,2.877571549327034,0.0359001515436058,0.4233283334079361,0.7275069237573316,0.1349811486619199,0.1398734309832473,1.4958983664282832,,,,,,-176.12324145865733,366.24648291731467,389.8409491142083
2026-06-07T22:55:30,100,10,1000010,constant,-176.12324145312328,366.24648290624657,389.8409491031402,True,0,2.877413393845116,0.0358979304215165,0.4233537880588,0.727487987733453,0.1349717306868283,0.1398737166436026,1.4959790932446406,,,,,,-176.12324145312516,366.2464829062503,389.840949103144
2026-06-07T22:57:08,100,11,1000011,constant,-176.12324146149942,366.24648292299884,389.84094911989246,True,0,2.8772944817152424,0.0358959860843165,0.4233509545769043,0.7275017087172538,0.1349769039802935,0.139877303486659,1.4960203385723971,,,,,,-176.12324146150266,366.2464829230053,389.8409491198989
2026-06-07T23:00:23,100,12,1000012,constant,-176.12324145826224,366.2464829165245,389.8409491134181,True,0,2.877487737311387,0.0358966233920428,0.4233494540415919,0.7274918722445006,0.1349804963250058,0.1398707969635947,1.4960471601416443,,,,,,-176.12324145826443,366.24648291652886,389.8409491134225
2026-06-07T23:02:38,100,13,1000013,constant,-176.12324152095272,366.24648304190544,389.84094923879906,True,0,2.8780790305859925,0.0359005241440676,0.4233246743931629,0.7274957693673337,0.1349749073885523,0.1398614616201547,1.4959147384512812,,,,,,-176.12324152098313,366.2464830419663,389.8409492388599
2026-06-07T23:04:03,100,14,1000014,constant,-177.61522316541863,369.23044633083725,392.8249125277309,True,0,1.140929895890408,0.1428195820591369,0.4539227052772392,0.5938369080220034,0.1164256852787929,0.1922270013201333,0.6367777053095086,,,,,,-177.61522316273658,369.2304463254732,392.8249125223668
2026-06-07T23:05:56,100,15,1000015,constant,-176.12327449265908,366.24654898531816,389.8410151822118,True,0,2.8834586388542625,0.0359295192912617,0.4238186375361742,0.7262273439835317,0.1347630601956593,0.1396739826664384,1.4940483341889688,,,,,,-176.1232744930261,366.2465489860522,389.8410151829458
2026-06-07T23:06:59,100,16,1000016,constant,-176.12324159876397,366.24648319752794,389.84094939442156,True,0,2.8777240148169807,0.0358888280927874,0.4233664836208962,0.7274750995232432,0.1349800530966113,0.1398669580247377,1.4964883683777346,,,,,,-176.12324159876812,366.2464831975362,389.84094939442986
2026-06-07T23:08:27,100,17,1000017,constant,-176.12324145848143,366.24648291696286,389.8409491138565,True,0,2.877573226346947,0.0359004367417254,0.4233422316274726,0.7274906087673065,0.1349749097571721,0.1398708167347728,1.495842277329482,,,,,,-176.1232414584788,366.2464829169576,389.8409491138512
2026-06-07T23:09:48,100,18,1000018,constant,-176.1243641575367,366.2487283150734,389.843194511967,True,0,2.8060808435943083,0.0360436257292213,0.4251929841535763,0.7252558236997428,0.1348099413764867,0.1413626578332479,1.4795759871977492,,,,,,-176.1243641596197,366.2487283192394,389.843194516133
2026-06-07T23:11:32,100,19,1000019,constant,-176.1232414484905,366.246482896981,389.8409490938746,True,0,2.8774408589789755,0.0358972171919429,0.4233515241232644,0.7274851147601152,0.1349720950573587,0.1398728640906144,1.4959651174904036,,,,,,-176.1232414484911,366.2464828969822,389.8409490938758
2026-06-07T23:12:41,100,20,1000020,constant,-176.12797331165888,366.25594662331775,389.8504128202114,True,0,2.8656375417253903,0.0350307182904518,0.4327088281425091,0.7096021270913149,0.132562349731203,0.1388029163255862,1.5279044285658694,,,,,,-176.12797331933942,366.2559466386789,389.85041283557246
2026-06-07T23:14:59,100,21,1000021,constant,-176.1232428367128,366.2464856734256,389.8409518703192,True,0,2.8784886667291194,0.0358671028992354,0.423228697831009,0.7277076975966553,0.1350852496468741,0.1398629752275053,1.4975535117853689,,,,,,-176.12324283664552,366.24648567329103,389.8409518701847
2026-06-07T23:16:11,100,22,1000022,constant,-176.12357137902336,366.2471427580467,389.84160895494034,True,0,2.917389446776708,0.0357592686337231,0.4221701699986275,0.7291860694568364,0.1352877553258564,0.1390888882344436,1.506945661780983,,,,,,-176.12357137902063,366.24714275804126,389.8416089549349
2026-06-07T23:18:53,100,23,1000023,constant,-99.94319414840808,213.88638829681616,237.48085449370978,True,0,2.6459378558669773,8.433997867344335,0.7731926437849276,0.0643601493023874,0.37494570392811,0.0143305797097494,0.0536727110953414,,,,,,-99.94319414837544,213.88638829675088,237.48085449364453
2026-06-07T23:21:33,100,24,1000024,constant,-5.255119277415961,24.510238554831922,48.104704751725556,True,0,7.627696304194253,8.365080505794394,0.8932375667815643,0.1342279904395852,0.0,0.024526271814361,0.0724737597983873,,,,,,-5.255119277408291,24.51023855481658,48.104704751710216
2026-06-07T23:23:04,100,25,1000025,constant,-176.1232414464326,366.2464828928652,389.8409490897588,True,0,2.8775200297676697,0.0358972079070634,0.4233407633762653,0.7275049361322216,0.1349795270353186,0.1398727401930177,1.4959580800451195,,,,,,-176.1232414464308,366.2464828928616,389.8409490897552
2026-06-07T23:24:47,100,26,1000026,constant,-176.1232414540366,366.2464829080732,389.8409491049668,True,0,2.8774918764418964,0.0358993468394015,0.423349798267074,0.7274771043913114,0.1349734023790288,0.1398721233436117,1.495885941809847,,,,,,-176.12324145403164,366.2464829080633,389.8409491049569
2026-06-07T23:25:51,100,27,1000027,constant,-176.12324145820025,366.2464829164005,389.84094911329413,True,0,2.877679423742338,0.0358930579708271,0.4233448076418666,0.7275242787968151,0.1349780341681653,0.1398681441139393,1.4961791149057848,,,,,,-176.12324145820642,366.2464829164128,389.84094911330646
2026-06-07T23:27:50,100,28,1000028,constant,-176.123246836842,366.246493673684,389.8409598705776,True,0,2.8734192510159526,0.035929541263729,0.4234120433549349,0.7273551960649638,0.1348315193699377,0.1399785289126458,1.4946476383002358,,,,,,-176.12324683688558,366.2464936737712,389.8409598706648
2026-06-07T23:29:31,100,29,1000029,constant,-176.12324144301678,366.24648288603356,389.8409490829272,True,0,2.8775802781515862,0.0358958165683292,0.4233478203176626,0.7274954917193744,0.1349784631525409,0.1398700836881169,1.4960319716946795,,,,,,-176.12324144301718,366.2464828860344,389.840949082928
2026-06-07T23:30:47,100,30,1000030,constant,-176.12324170291168,366.24648340582337,389.840949602717,True,0,2.8776953707396844,0.03589704205014,0.4234171732201668,0.7274203912117446,0.1349356592766303,0.1398595895343132,1.495992412871531,,,,,,-176.12324170287016,366.2464834057403,389.84094960263394
2026-06-07T23:33:48,100,31,1000031,constant,-176.12324144921052,366.24648289842105,389.84094909531467,True,0,2.8777007280246143,0.0358949486682409,0.4233373676377146,0.7275052817243985,0.1349805834371619,0.1398687663009088,1.4960768993767788,,,,,,-176.12324144921067,366.2464828984213,389.84094909531495
2026-06-07T23:35:10,100,32,1000032,constant,-176.1232417267586,366.2464834535172,389.84094965041083,True,0,2.8779625248142446,0.0358810235359202,0.4233294746028829,0.7275651389319282,0.1349855840649488,0.139866800715549,1.4968275933460358,,,,,,-176.1232417267533,366.2464834535066,389.8409496504002
2026-06-07T23:37:07,100,33,1000033,constant,-176.12324145258196,366.24648290516393,389.84094910205755,True,0,2.877433203424807,0.0358963983032274,0.4233590700972985,0.7274861099844845,0.1349735831619577,0.1398723900172006,1.4959596599192786,,,,,,-176.1232414525818,366.2464829051636,389.8409491020572
2026-06-07T23:38:25,100,34,1000034,constant,-176.12324152144788,366.24648304289576,389.8409492397894,True,0,2.8779118182209307,0.0358948596869829,0.4233289199544472,0.727558313640122,0.1350015496291737,0.1398640700793547,1.496134305152073,,,,,,-176.12324152146417,366.24648304292833,389.840949239822
2026-06-07T23:39:32,100,35,1000035,constant,-176.12324481957629,366.24648963915257,389.8409558360462,True,0,2.873625055183592,0.0358976969517909,0.4234606600568057,0.7273699675572863,0.1349600063459116,0.1399542927227503,1.4958333571019649,,,,,,-176.12324481957626,366.2464896391525,389.8409558360461
2026-06-07T23:41:19,100,36,1000036,constant,-176.12324148331032,366.24648296662065,389.84094916351427,True,0,2.877407688924852,0.0358976541703677,0.4233747252212588,0.7274696023614844,0.134964825387971,0.1398688539053605,1.4958195622744277,,,,,,-176.12324148331084,366.24648296662167,389.8409491635153
2026-06-07T23:43:00,100,37,1000037,constant,-176.12324146942555,366.2464829388511,389.8409491357447,True,0,2.8773875513645883,0.0358987384317515,0.4233388115914798,0.7275083183633507,0.134979892124134,0.1398742458937853,1.4958771939383326,,,,,,-176.1232414694251,366.2464829388502,389.8409491357438
2026-06-07T23:44:16,100,38,1000038,constant,-176.12333123847185,366.2466624769437,389.8411286738373,True,0,2.893642287501543,0.0357039828409752,0.422495727262166,0.7294317018590271,0.1354449809468658,0.1396095324105187,1.5073032327346023,,,,,,-176.12333123847247,366.24666247694495,389.84112867383857
2026-06-07T23:45:33,100,39,1000039,constant,-176.12324193041036,366.2464838608207,389.84095005771434,True,0,2.878779709461292,0.035883550042996,0.4232685013438195,0.7276609643480361,0.1350149786731846,0.1398532851195416,1.4968042283552254,,,,,,-176.12324193040456,366.2464838608091,389.84095005770274
2026-06-07T23:49:31,100,40,1000040,constant,-176.12327558183978,366.24655116367956,389.8410173605732,True,0,2.886219078775021,0.0360176184699155,0.4231781246933562,0.7270047393598612,0.134719758202273,0.1396884220256456,1.4917984868930014,,,,,,-176.1232755817784,366.2465511635568,389.8410173604504
