timestamp,seed,draw,random_state,mean_type,success,optimizer_success,status,loglik,AIC,BIC,param_p0,param_n0,param_rho_p,param_rho_n,param_phi_p_plus,param_phi_n_minus,param_sigma_p,param_sigma_n,param_c,param_rho_1,param_phi_1,param_rho_2,param_phi_2,stored_loglik,stored_AIC,stored_BIC
2026-05-29T18:15:28,1,1,100012,"ARX(1,1)",True,True,0,-458.5371071022562,939.0742142045124,976.1512325139166,2.862006191831925,5.325161059355135,1e-05,0.1160958996301307,0.2652065795099953,0.3147630546773925,0.0124838150839983,1.0371288204786675,0.38417289961879,0.3113805890141435,1.6088433815695105,,,-118.10102889262828,258.20205778525656,295.27907609466087
2026-05-30T05:44:42,1,2,100022,"ARX(1,1)",True,False,1,-191.9666209446693,405.9332418893386,443.0102601987429,5.29087827251994,0.005,0.0191161651823028,1e-05,1.340366208220651,1e-05,0.2353685875508773,1.420479141889099,0.2714578105811643,0.2784508528701603,0.48870560907598,,,-194.4105169756811,410.8210339513622,447.8980522607665
2026-05-29T17:05:39,2,1,200012,"ARX(1,1)",True,False,1,-221.8131626205577,465.6263252411154,502.7033435505197,0.005,3.906811969350496,0.0147997197608525,0.1166316257410584,0.9206402590429682,1.1824359211101212,1.1188848812855787,0.3417402491381077,-0.2129755977236251,0.2478703123357526,1.178336945271002,,,-234.61898983582225,491.2379796716445,528.3149979810488
2026-05-29T19:31:18,3,1,300012,"ARX(1,1)",True,False,2,-231.1075256989492,484.2150513978984,521.2920697073026,0.059111482530364,0.7174411805156102,0.0639202288443177,0.2586354362642068,1.2705625450697853,1.0137399912771978,0.934788513267408,0.6712362512593655,-0.1408534272376871,0.7390632524116899,0.5959591673948487,,,-214.8253712693565,451.6507425387131,488.7277608481174
2026-05-30T17:58:46,3,2,300022,"ARX(1,1)",True,False,1,-591.3507399403354,1204.7014798806708,1241.7784981900752,8.336304708777131,2.5065398811801263,0.0286854108909625,0.7442800374584613,0.4800999786796531,0.010128760123256,0.6130378342396923,0.0029121988222976,0.7587121424682538,0.2275325807039336,-4.020476685329434,,,4181.45689470111,-8340.91378940222,-8303.836771092816
2026-05-30T14:38:22,4,1,400012,"ARX(1,1)",True,False,2,-518.4521594289225,1058.904318857845,1095.9813371672494,5.955388656205748,8.407554130112006,0.0085946817758458,0.0145853802519295,0.3304002027644671,0.35441592012149,0.0080039000568693,1.450253232589437,0.1197728727790895,0.2157993650437581,1.1677136225711604,,,1546.8208597932107,-3071.641719586421,-3034.5647012770173
2026-05-29T16:26:36,5,1,500012,"ARX(1,1)",True,False,1,-590.0400807082628,1202.0801614165257,1239.15717972593,7.610877001378553,1.1447009779739126,0.4823757246735131,0.3996742303191936,0.9451098961457788,0.0906816578181056,0.7303384409193034,0.0117185480712132,-0.7889086471008679,-0.148158518072045,-1.6497445407542606,,,763.5610051805324,-1505.122010361065,-1468.0449920516603
2026-05-30T07:57:38,5,2,500022,"ARX(1,1)",True,False,1,-790.2194162113653,1602.4388324227307,1639.515850732135,4.607525308108016,9.070692088511976,0.9344235699176826,0.2915715768806723,0.2225933153793501,0.5971104913855673,1.9593825095405464,0.0671398796539818,-0.1329017515075347,0.3565682781942791,0.3261093190168658,,,1224.323613616726,-2426.647227233452,-2389.570208924048
2026-05-29T16:34:40,6,1,600012,"ARX(1,1)",True,False,2,-399.87049825110705,821.7409965022141,858.8180148116184,4.071489010169289,9.456637149054242,0.6039883111786685,0.6498443233728581,0.7140299061525833,0.7003234063419942,0.0573572056465742,0.0540221891379653,0.0702934073855527,0.3919800552925799,0.5935881617810511,,,-194.92558030769416,411.8511606153883,448.92817892479263
2026-05-30T13:53:28,6,2,600022,"ARX(1,1)",True,False,1,-207.19501620057792,436.39003240115585,473.46705071056016,5.163087892702758,0.005,0.0128929263135223,0.0377028024284289,0.4832685959197834,0.0686629920984614,0.2634106610242435,0.5404795960041763,-0.0352492010494675,0.4819755676207016,0.6569168206935242,,,-198.40266624343383,418.80533248686766,455.882350796272
2026-05-29T14:28:32,7,1,700012,"ARX(1,1)",True,False,1,-228.5656852883593,479.1313705767186,516.2083888861229,5.944405434348562,0.005,0.0141779867622714,1e-05,0.670870932910666,0.8763596935767579,0.2040579711971995,1.0823949486557354,0.0853382099708463,0.2287428460204015,0.3967699985225365,,,-236.32308746477008,494.64617492954017,531.7231932389444
2026-05-30T12:21:52,7,2,700022,"ARX(1,1)",True,True,0,-580.8704065128031,1183.7408130256063,1220.8178313350106,5.084412951600316,3.112397887950206,1.0000000000000978e-05,0.4861404499855931,0.2887898596498743,0.5242741646605151,0.0114774183721836,2.0,0.3607101278815731,0.3645295707637509,1.9882747017767992,,,296.2506474187053,-570.5012948374106,-533.4242765280063
2026-05-29T17:20:31,8,1,800012,"ARX(1,1)",True,True,0,-513.6748869864233,1049.3497739728466,1086.426792282251,2.109473046057317,3.6089097556582193,0.4542733499465007,0.3096064394080164,1.3434392646873885,1.0126739216143648,0.1141538703010211,0.0357815756246572,-0.3023332089851659,0.110342130849888,-0.6883376320804336,,,-122.11516007054804,266.23032014109606,303.3073384505004
2026-05-30T10:24:19,8,2,800022,"ARX(1,1)",True,False,1,-384.94596765381425,791.8919353076285,828.9689536170328,7.258074396004314,5.247443014711349,0.0178416608795431,0.0205834089156467,0.6180016366836776,0.0218428016712642,0.7394118481583536,0.0048437656453848,0.0620144518823061,0.2616924458412751,0.276618426131038,,,410.7320616592901,-799.4641233185802,-762.3871050091759
2026-05-29T16:50:53,9,1,900012,"ARX(1,1)",True,False,1,-223.11638460552007,468.23276921104014,505.30978752044444,0.007860622934361,2.046393082401165,0.1704009736552672,0.1099613933093141,0.4070656058914229,1.3099157824707282,1.8913122269870948,0.4417849859490736,-0.4442964556618858,0.587230108997462,1.0532687419020088,,,-223.6365230298692,469.2730460597384,506.35006436914273
2026-05-30T13:49:00,9,2,900022,"ARX(1,1)",True,False,1,-268.91289750925677,559.8257950185135,596.9028133279178,4.808999716234517,0.0351766588903942,1e-05,1e-05,0.1146676866629351,0.0128110322683201,0.3071119878003096,0.067835181266459,0.1271541601869283,0.6809087097711531,0.1906973373353939,,,-271.02384099842044,564.0476819968409,601.1247003062451
2026-05-29T15:09:09,10,1,1000012,"ARX(1,1)",True,False,2,-186.88472506014014,395.7694501202803,432.8464684296846,3.950686189192048,0.005,0.2801481346973277,0.2051496695287458,0.7919707419363258,0.4350836536451637,0.1762438014663501,0.4744709765679384,0.0847839315011732,0.0833974085427823,0.8291121420200832,,,-209.38425440554892,440.7685088110979,477.8455271205022
2026-05-30T05:31:42,10,2,1000022,"ARX(1,1)",True,False,1,-203.66527444547714,429.3305488909543,466.4075672003586,0.005,9.84571577572881,0.0519480017623425,0.4747374477516745,0.3821892741087929,0.1520906067207979,1.4923539217297013,0.1495396180516142,-0.0140003394286608,0.5097663739692057,0.6356773951825601,,,-215.80255192279716,453.6051038455943,490.6821221549986
2026-05-30T19:44:55,10,3,1000032,"ARX(1,1)",True,False,1,-223.50017850066132,469.00035700132264,506.07737531072695,0.3602719776564331,0.4100054262848028,0.1874943775628698,1e-05,1.2143254006037598,1.4685576239643363,1.5240664076629369,1.2058026337510703,0.1522571122252752,0.2004633946595873,0.7615160509004489,,,-161.93856458014312,345.87712916028624,382.95414746969055
2026-05-29T20:04:10,11,1,1100012,"ARX(1,1)",True,False,1,-191.19667029349569,404.39334058699137,441.4703588963957,8.442072620356821,0.005,0.0017517726544646,1e-05,0.2574814275548369,0.062723164857826,0.2027163830124841,0.9381791427767135,0.2315822126848448,0.3812882011260564,0.4587369840921354,,,-196.10373207492128,414.20746414984256,451.2844824592469
2026-05-30T15:50:30,11,2,1100022,"ARX(1,1)",True,False,1,-210.28074161945335,442.5614832389067,479.638501548311,0.005,6.184118988606913,0.6029553068914145,0.5422515816345532,1e-05,0.3559244121486219,1.1745820788597812,0.1865382812124277,0.0406905051300356,0.316477605520123,0.6760544760980695,,,-221.36750932817023,464.73501865634046,501.8120369657448
2026-05-29T15:39:00,12,1,1200012,"ARX(1,1)",True,True,0,-507.1039001705511,1036.2078003411023,1073.2848186505066,4.950045708712739,4.105069501595806,0.0062727416835382,1e-05,0.5241483543441571,0.218221337428401,1.5895641005487358,0.0056122194951449,-0.0188707692565037,0.1801284883658558,-0.0522247401266463,,,1370.3087961306198,-2718.61759226124,-2681.5405739518355
2026-05-30T09:30:19,12,2,1200022,"ARX(1,1)",True,False,1,-188.2532403925535,398.506480785107,435.5834990945113,9.203399807857371,0.005,0.0599993401552228,1e-05,0.975541918911094,0.6392201182229678,0.1603616074896453,1.109050032624904,0.2466290061910773,0.3840769516485351,0.3125889407556221,,,-204.83999051660444,431.6799810332089,468.7569993426132
2026-05-29T20:03:54,13,1,1300012,"ARX(1,1)",True,False,1,-224.93063875193545,471.8612775038709,508.9382958132752,0.005,5.235132024486175,0.3155604372587837,0.4509353959415751,1e-05,0.6147731965294988,1.5037802778342988,0.2310534322400949,-0.0744473450027482,0.1337557787110433,1.1965349657688538,,,-232.9356359091132,487.8712718182264,524.9482901276307
2026-05-30T09:29:18,13,2,1300022,"ARX(1,1)",True,True,0,-379.8844785493543,781.7689570987086,818.8459754081128,5.789735470827278,1.8288998979504396,0.4905980222062839,0.0580400734705447,0.1276349695049966,0.0394546638321658,0.6043594222618646,0.01258712568455,-0.0528899601545228,0.4463385462066858,0.4790867036082986,,,30.99494718459732,-39.98989436919464,-2.9128760597903565
2026-05-29T16:45:10,14,1,1400012,"ARX(1,1)",True,False,2,-438.9611124980965,899.922224996193,936.9992433055972,2.6899735875966284,2.88144236275,1e-05,0.0409847000598054,0.7709222575522745,0.5117785171420283,0.0113103557399174,1.3890396880731966,0.3183952706095665,0.2461051545336477,1.227530255308726,,,-170.22270900239724,362.4454180047945,399.5224363141988
2026-05-30T11:30:10,14,2,1400022,"ARX(1,1)",True,False,1,-462.925258730587,947.850517461174,984.9275357705783,7.406342587641578,8.40078765878955,0.0238087796314983,0.0238444811152892,0.0519416059185734,0.3627466934711708,0.0064860728806066,1.0865808943418485,0.0625956640399299,0.3587228378474439,1.1176723798763648,,,1762.4789459830788,-3502.9578919661576,-3465.880873656753
2026-05-30T20:06:30,14,3,1400032,"ARX(1,1)",True,False,1,-219.8557735993444,461.7115471986888,498.7885655080931,0.005,5.467077255585244,0.0848648289487818,0.3307952577196892,1e-05,0.9868995006859572,1.1643554852744529,0.2569358072384949,0.0482760913300458,0.3842639037276801,0.6854018041576126,,,-225.95646013975727,473.91292027951454,510.9899385889189
2026-05-29T19:23:45,15,1,1500012,"ARX(1,1)",True,False,1,-228.09794359733075,478.1958871946615,515.2729055040658,0.0082950157940646,1.7009709155577084,0.0610543760562856,0.5420905002541246,0.0901693466339929,0.4044069142136968,0.9170933454271112,0.3549143054049314,0.1044832153788663,0.2465254834713071,0.8864943519513887,,,-231.0538036109133,484.1076072218265,521.1846255312308
2026-05-30T13:03:01,15,2,1500022,"ARX(1,1)",True,False,2,-244.86282723611376,511.7256544722275,548.8026727816318,0.2323880387861389,0.6041629765332045,0.5614354458602011,0.2086697938325575,1.3033450819020638,1.5,1.0958445702286486,0.5922521879651588,0.1819632394854237,0.3387144151300314,1.0120416603856497,,,-264.1728147898749,550.3456295797498,587.4226478891541
2026-05-29T16:10:07,16,1,1600012,"ARX(1,1)",True,True,0,-397.7180338419375,817.436067683875,854.5130859932792,7.448480871493747,1.616767669894321,0.4210900631839724,1.0000000000005e-05,1.3538331430851362,0.2388084134109405,0.4220750274207134,0.0211136086626538,0.0638982796904895,0.1423886413896085,0.2143970308842595,,,-234.80271507302908,491.60543014605815,528.6824484554625
2026-05-30T14:22:13,16,2,1600022,"ARX(1,1)",True,False,1,-519.9478571571459,1061.8957143142918,1098.9727326236962,5.0998042538679975,7.129255251431675,1.0536847631455795e-05,0.1192530516104896,0.1650961433364793,0.7218201922215396,0.0057762511007147,1.3375655898277716,0.4350866732681218,0.2718972645744683,1.5693750843863197,,,779.5970752048088,-1537.1941504096176,-1500.1171321002132
2026-05-29T19:25:49,17,1,1700012,"ARX(1,1)",True,False,2,-438.91399417435804,899.8279883487161,936.9050066581203,1.552431845070566,3.8019474862269633,1.0000456188221166e-05,6.336059316072604e-05,0.3123659161589871,0.5470215878495156,0.0118176115541643,1.0551921111868647,0.7306066386016297,-0.0596808541358592,1.6117771590503387,,,-183.37249965357373,388.74499930714745,425.82201761655176
2026-05-30T10:03:43,17,2,1700022,"ARX(1,1)",True,True,0,-524.8749583209681,1071.7499166419361,1108.8269349513405,6.635846327175963,3.298589698140561,0.0108196903575447,0.1610023393035691,0.2489251071295713,0.9411414940357008,0.0109991058607312,1.7316905257164508,0.5139920556027139,0.2310854977158949,1.8154079063878044,,,-182.4556934457375,386.911386891475,423.9884052008793
2026-05-29T16:00:50,18,1,1800012,"ARX(1,1)",True,False,1,-190.3541122414104,402.7082244828208,439.7852427922251,2.890195176211413,0.005,0.5751026779050915,0.4365788400870871,0.3737900607473863,0.6463482722326105,0.1773551290096019,2.0,-0.0713920137788345,0.3394000719491262,0.6757979822882622,,,-212.3062221097657,446.6124442195315,483.6894625289358
2026-05-30T07:56:04,18,2,1800022,"ARX(1,1)",True,False,1,-182.5461792162365,387.092358432473,424.16937674187733,5.445476931476618,0.005,0.6562720901224738,1e-05,0.6408851160026894,0.2400910242988689,0.1177167668943022,1.5433222077571094,0.2192974943634907,0.2505447198207609,0.7007107501756216,,,-191.965720812867,405.931441625734,443.0084599351383
2026-05-29T17:42:47,19,1,1900012,"ARX(1,1)",True,False,1,-200.69944493887863,423.39888987775726,460.47590818716156,3.099170313839217,0.005,0.2629427377231034,1e-05,0.4480289038319598,1e-05,0.2716692381742479,0.4435155087919217,0.1094202300318311,0.4174937512476454,0.5294353046787634,,,-200.0873899143939,422.1747798287878,459.2517981381921
2026-05-30T04:19:59,19,2,1900022,"ARX(1,1)",True,False,1,-208.9085280600785,439.817056120157,476.89407442956133,0.005,6.207529500223283,1e-05,0.034405552339137,0.0163002536009717,1.2419889137566331,1.1488361772672178,0.2637484324606245,0.0168693336386361,0.523758720440171,0.5218976025076024,,,-209.30611493885755,440.6122298777151,477.6892481871194
2026-05-30T19:41:37,19,3,1900032,"ARX(1,1)",True,False,1,-211.63856068859474,445.2771213771895,482.3541396865938,0.1559754226596937,1.6749972103870148,1e-05,3.054999167292196e-05,0.6884908150887475,1e-05,1.7816451739526376,0.2910665975297826,0.031928081402412,0.5138508489287275,0.530557047254396,,,-170.24703017684885,362.4940603536977,399.571078663102
2026-05-29T16:12:54,20,1,2000012,"ARX(1,1)",True,True,0,-500.9292354682718,1023.8584709365437,1060.935489245948,1.0434221463166038,7.356610619887602,0.1874046449095636,0.0558784320335704,0.5945616311153751,0.7236247741693527,0.0092545979389989,1.1628662066249302,0.4068282884856371,0.0134844535004887,2.1103565197565146,,,-19.15671655273559,60.31343310547118,97.39045141487546
2026-05-30T06:05:32,20,2,2000022,"ARX(1,1)",True,False,1,-204.42641266065553,430.85282532131106,467.92984363071537,0.005,6.2945164656227,0.1827703221679653,0.2096682824022047,1e-05,0.0795874548709942,1.302743836789336,0.2363133453084125,-0.0921617533709208,0.4652677274097158,0.710875760252594,,,-205.8783055327394,433.7566110654788,470.8336293748831
2026-05-29T20:23:04,21,1,2100012,"ARX(1,1)",True,False,1,-195.57438955549662,413.14877911099325,450.22579742039756,3.375606198178681,0.0389832883978058,0.3091631670224022,1e-05,1.0574547482929846,1e-05,0.2274847715358558,0.2992949461822539,0.1867757167005022,0.4393982466005481,0.5214503684829057,,,-202.532339905461,427.064679810922,464.1416981203263
2026-05-30T20:33:28,21,2,2100022,"ARX(1,1)",True,False,2,-227.72125691223147,477.44251382446294,514.5195321338672,1.97499111063121,0.29591906309283,0.169790400859366,0.0221898151272505,0.1166996944301953,0.1453008631257839,0.4704352792505695,0.3098697189073697,0.3004575902135595,0.051338982602716,0.610289149306401,,,-266.23737275057493,554.4747455011499,591.5517638105541
2026-05-29T17:06:48,22,1,2200012,"ARX(1,1)",True,False,1,-201.53490771768986,425.0698154353797,462.14683374478403,8.584191804701646,1.783309213458184,0.7421253651898367,0.1089436524468471,0.931392757743276,1.1050599314862448,0.0207739770736591,0.2508672292135965,0.0519715509954152,0.3228688240493768,0.8907359475100913,,,1113.1424448223397,-2204.284889644679,-2167.207871335275
2026-05-30T09:45:12,22,2,2200022,"ARX(1,1)",True,False,2,-237.4544597714021,496.9089195428042,533.9859378522085,0.0112856207481538,0.9396121833213438,0.3346555940663777,0.283021732109143,0.8609619917764454,0.7258643755374625,1.1969725183703086,0.6232693032888339,0.0995507274313883,0.315784259649011,0.8563345193340536,,,-235.5283003604989,493.0566007209977,530.133619030402
2026-05-29T16:43:31,23,1,2300012,"ARX(1,1)",True,True,0,-449.73163432055907,921.4632686411181,958.5402869505224,2.404064187480863,5.263535626848038,0.0021371783679479,0.4126344755496623,1.0510425585475234,0.8837184553117945,0.0034205118175563,0.665983291971182,0.564537475843508,0.3243597707702359,1.684107864477593,,,2187.3811584671803,-4352.762316934361,-4315.685298624956
2026-05-30T14:00:55,23,2,2300022,"ARX(1,1)",True,False,1,-348.49079997057527,718.9815999411505,756.0586182505548,0.5100342422061839,5.3276434243531625,0.0004063794228601,0.0038444490484435,0.3931196444715877,1.0420572444328753,0.0114737422431374,0.4737053966930059,-0.1999367752102037,0.4207148282146404,1.8981997271832916,,,-223.8460299130044,469.6920598260088,506.7690781354131
2026-05-29T17:48:50,24,1,2400012,"ARX(1,1)",True,False,2,-468.68491351879925,959.3698270375985,996.4468453470027,2.053394783973852,3.389986321751175,0.0002352485516861,0.3996442864294857,0.407581565685037,1.0386279171217383,0.0075238078994431,1.0233027864710087,0.8129623522483341,0.3485103921322168,1.1645841005652695,,,292.7555640774955,-563.511128154991,-526.4341098455867
2026-05-30T11:35:07,24,2,2400022,"ARX(1,1)",True,False,1,-190.96236882645655,403.9247376529131,441.0017559623174,6.624342981779015,0.005,0.567163399150946,0.0586349810066814,0.9028050237613168,0.1492699735878556,0.1044345490095005,1.0761115167878457,-0.0028775205381824,0.4239372150832011,0.6390525769457498,,,-198.07029933794163,418.14059867588327,455.2176169852876
2026-05-29T17:14:57,25,1,2500012,"ARX(1,1)",True,False,1,-519.982880144963,1061.965760289926,1099.0427785993304,5.315178843076839,7.522289169397865,1e-05,1e-05,0.5279914146474202,1e-05,1.363944060447922,0.0003802628002014,1.2362954232252397,0.3388136890811534,2.7440056166179323,,,2321.3461269502304,-4620.692253900461,-4583.615235591056
2026-05-30T14:53:48,25,2,2500022,"ARX(1,1)",True,False,2,-230.3263909753966,482.6527819507932,519.7298002601975,8.76447751704941,1.2057538766558171,0.7993248050913182,0.527027340565118,0.0646161464838403,1.3435817785209976,0.0200073648995542,0.392575808676358,0.0645206623661418,0.3076306014134713,0.5977460133777373,,,39.95626566433532,-57.91253132867064,-20.83551301926635
2026-05-29T19:04:42,26,1,2600012,"ARX(1,1)",True,False,2,-380.68708971186516,783.3741794237303,820.4511977331346,6.81639339031315,5.460527654069092,0.0070092354810013,0.1200995031589458,0.6695405017394813,0.5699060417012877,0.0092990777678431,0.6785605871108856,0.3110692394154858,0.346092438135807,1.1496530410335348,,,-119.087279594456,260.174559188912,297.2515774983163
2026-05-30T10:49:13,26,2,2600022,"ARX(1,1)",True,True,0,-258.5313407834437,539.0626815668874,576.1396998762916,6.302151475268165,2.649107912283726,0.7301885682367893,0.1875829209112645,1.205361351553754,0.8365768931114848,0.0267454667419963,0.4136376352578934,0.2706103055989552,0.2238255033327425,0.9662312116788506,,,-38.1944658774072,98.3889317548144,135.46595006421867
2026-05-29T15:41:58,27,1,2700012,"ARX(1,1)",True,False,1,-198.53914350572472,419.07828701144945,456.15530532085376,3.7787695741280833,0.005,0.101033969035482,1e-05,1.1283792321644928,0.7861735653947637,0.2731293910521593,1.5374927147571,0.201545135312317,0.2685178160425507,0.4667655279403468,,,-208.1483221485598,438.2966442971196,475.3736626065239
2026-05-30T14:47:14,27,2,2700022,"ARX(1,1)",True,False,1,-619.8509870133805,1261.701974026761,1298.7789923361654,2.0012988058526995,8.493839519519266,0.0553031672433503,0.4807381808061673,0.3728450345640123,1.2578870063921186,0.0254988156112384,1.5590864016692736,0.0073970882036099,0.5523197129453848,1.8216718583144895,,,1169.1441817757982,-2316.2883635515964,-2279.211345242192
2026-05-30T02:20:05,28,1,2800012,"ARX(1,1)",True,False,1,-207.104294756077,436.208589512154,473.2856078215583,0.005,3.5315487233495944,1e-05,0.3449185017152941,0.1936570950569778,0.6933305447993562,1.731056083775626,0.2589250573858755,-0.0557967882056838,0.7183418816996894,0.3876409944329409,,,-210.5672452732619,443.1344905465238,480.2115088559281
2026-05-30T17:10:39,28,2,2800022,"ARX(1,1)",True,False,1,-469.13928465263774,960.2785693052755,997.3555876146797,3.1632472668720903,2.581719210930455,0.5065269849359277,0.1416755082367821,1.1983872697713596,1.4057849014243946,0.0133947671634299,1.3483458089662106,0.3718776418962985,0.4447462081807892,1.0489155284966118,,,-45.99160578381057,113.98321156762114,151.06022987702542
2026-05-29T16:52:40,29,1,2900012,"ARX(1,1)",True,False,1,-247.7354528252435,517.470905650487,554.5479239598912,0.005,2.5605376583034207,1e-05,0.4485220070402258,0.1905619377424227,0.7665738215192841,0.8190153979215317,0.3781064571581133,0.4737626564920191,0.3038624815237317,0.4078805204206006,,,-253.4639683529801,528.9279367059603,566.0049550153645
2026-05-30T08:38:09,29,2,2900022,"ARX(1,1)",True,False,1,-214.71800302654248,451.43600605308495,488.51302436248926,1.7672844097889748,0.0094535585367938,0.269636798186345,0.5744950487278987,0.4837603076418806,0.0245347095681757,0.3499296113945188,0.9235380239572096,0.1090971099471279,0.2937097133140924,0.4502285732995006,,,-215.17611791871585,452.3522358374317,489.429254146836
2026-05-29T18:56:19,30,1,3000012,"ARX(1,1)",True,False,2,-258.76339402146476,539.5267880429295,576.6038063523338,0.0288993797542205,1.6583060564795962,1e-05,0.0238834769054051,0.2619368637135651,0.3231360073155883,1.4122012646939155,0.9647665899263076,-0.2459045675434181,0.5553215310085917,0.5354787063393284,,,-249.30395772415324,520.6079154483065,557.6849337577107
2026-05-30T10:56:25,30,2,3000022,"ARX(1,1)",True,False,2,-494.6456526059692,1011.2913052119384,1048.3683235213427,4.269370687857491,1.5092370905458523,0.1965131219199925,1e-05,0.4903072602144211,0.3873270738664132,1.6707352235493598,0.0101102957766502,0.153381412163279,0.3202588879513441,0.5707914990597904,,,92.31107059078391,-162.62214118156783,-125.54512287216356
2026-05-29T18:58:26,31,1,3100012,"ARX(1,1)",True,False,2,-435.08687101262296,892.1737420252459,929.2507603346502,9.791778864615246,3.498849892233885,0.0282348383191957,0.5767164399356492,0.5372095099285165,1.3674170574640463,0.0143314296139342,0.791367059158208,0.2415851844315703,0.228638874625684,1.1206030200159534,,,-132.7853561161477,287.5707122322954,324.64773054169973
2026-05-30T11:54:00,31,2,3100022,"ARX(1,1)",True,False,2,-664.4056033325751,1350.8112066651502,1387.8882249745545,6.150540750461488,2.740875939778849,0.5221911757136661,0.2403130553915967,0.567203262047684,0.76117216840866,1.2040500256176638,0.00775353583689,-1.200940566380309,-0.0372002357750519,-2.851320826602,,,1934.19528317218,-3846.39056634436,-3809.313548034956
2026-05-29T15:27:28,32,1,3200012,"ARX(1,1)",True,False,1,-212.78281190612026,447.5656238122405,484.6426421216448,0.005,4.862218559979234,1e-05,0.2741019586981689,0.6514727667872376,0.5578088776352019,0.9609980198123308,0.2583284053568106,0.2409052347066564,0.5863677164724879,0.2603196596475282,,,-238.0626213916246,498.1252427832492,535.2022610926534
2026-05-30T08:48:23,32,2,3200022,"ARX(1,1)",True,False,1,-242.2696271459427,506.5392542918854,543.6162726012897,0.005,6.02969600099906,1e-05,0.1569145848326845,1e-05,1.197253585916597,0.7586168788315433,0.3055667130554955,0.2724675860313594,0.1663802839791958,0.8495368217000869,,,-243.3730922223061,508.7461844446122,545.8232027540165
2026-05-29T16:29:21,33,1,3300012,"ARX(1,1)",True,False,1,-552.4202618317565,1126.840523663513,1163.9175419729174,2.5249705307200103,4.218464767156814,0.0180679865889968,0.5697907670441696,0.5363981117436187,0.7528219938405976,0.0191694923041619,1.3797086364493196,0.0546622893672467,0.3430029537010209,2.115747045925076,,,-55.30376142554542,132.60752285109083,169.68454116049512
2026-05-29T17:26:34,34,1,3400012,"ARX(1,1)",True,False,1,-187.89908130798736,397.7981626159747,434.875180925379,7.718345036254634,0.005,0.2821171604642545,0.1590473877468052,1.1423231609006097,0.635986032954938,0.1268155041470267,1.5295544962718606,0.0352857361680064,0.1503963612963419,0.7640283183799013,,,-200.131977373715,422.26395474743,459.3409730568343
2026-05-30T08:22:05,34,2,3400022,"ARX(1,1)",True,False,2,-419.20850716373354,860.4170143274671,897.4940326368713,8.34787060652673,6.088842426705045,0.3629850672982123,0.0494956379917581,0.5766964301646551,0.2645722536695621,0.6360591716283224,0.0154793122092118,0.1209101641494584,0.1334746684248357,0.0410440125921023,,,280.2525572523464,-538.5051145046928,-501.4280961952885
2026-05-30T19:37:52,34,3,3400032,"ARX(1,1)",True,False,1,-223.27510394867141,468.55020789734283,505.62722620674714,0.0580825813560652,1.98968600660455,0.000145898655124,0.0520661203020335,0.0264308655136924,1.156015158039809,0.4606218588611911,0.5186275245221789,-0.114886840487298,0.2154670428792558,0.9486241299994328,,,-214.65317752827536,451.30635505655073,488.38337336595504
2026-05-29T17:52:43,35,1,3500012,"ARX(1,1)",True,True,0,-388.82477870128184,799.6495574025637,836.7265757119679,2.9745076107009645,8.160640027556799,0.006512969818301,0.1767185485762724,0.1454025552213974,0.00369059234774,0.0133538499184755,0.5531513134746251,0.2960080810658971,0.1807450585391821,1.3966536882348175,,,-177.75579509877485,377.5115901975497,414.588608506954
2026-05-29T19:20:03,36,1,3600012,"ARX(1,1)",True,False,2,-248.6264654408142,519.2529308816283,556.3299491910327,0.005,6.2229678624071045,1e-05,4.932177701139164e-05,0.4044624182322642,0.3085265107207979,1.511963601237532,0.3164375888156341,-0.0127103336856761,-0.086106456868447,0.7585173657307056,,,-250.9286811334402,523.8573622668804,560.9343805762846
2026-05-30T11:32:00,36,2,3600022,"ARX(1,1)",True,False,1,-271.39870472947774,564.7974094589555,601.8744277683597,0.0782419080750787,0.2794070185707566,1e-05,0.0919908351929117,0.3278660849807354,1.1848896213471654,1.0463556299715788,1.5042492775117975,-0.2675725564062573,0.6616982216076934,0.6477290373037426,,,-241.5839648505712,505.1679297011424,542.2449480105468
2026-05-29T16:52:32,37,1,3700012,"ARX(1,1)",True,True,0,-580.5614686223807,1183.1229372447615,1220.1999555541659,3.0136921203953344,3.108097708720445,1.0000000000065415e-05,0.5117307388134014,0.9143934715652572,0.5816442478616343,0.014190078515338,1.6559428709584492,0.7331299549722193,0.2420831448364521,2.5220511673178003,,,66.17470714954868,-110.34941429909736,-73.27239598969308
2026-05-30T10:44:17,37,2,3700022,"ARX(1,1)",True,False,1,-205.3246151952051,432.6492303904102,469.7262486998145,0.5440015549121779,0.2043329819536281,0.1055966086747428,0.0420657594163896,0.1811935676489497,1.0597250254730044,0.817792108349523,0.969721394456636,0.1044727784615666,-0.0800016984057308,1.089278762999429,,,-163.3784804973992,348.7569609947984,385.8339793042027
2026-05-29T18:17:52,38,1,3800012,"ARX(1,1)",True,True,0,-344.24481058096995,710.4896211619399,747.5666394713442,9.480381227719612,1.958364770427886,0.497160318184781,0.1618527149705534,0.527846512458495,1.4208670466643218,0.0187011863595111,1.2392961825435338,0.1167828536780585,0.2686441080293812,0.440356360694672,,,-4.420297789636777,30.840595579273558,67.91761388867783
2026-05-30T09:54:20,38,2,3800022,"ARX(1,1)",True,False,1,-195.47238788114112,412.94477576228223,450.02179407168654,2.686521476188028,0.005,0.4224136583781259,0.4996306095402613,1.0364385228972677,0.6763811027981613,0.2215232436687853,1.7408087519493582,-0.0939902765488742,0.4361853537740035,0.6277116658798987,,,-218.00485883615207,458.00971767230425,495.08673598170856
2026-05-29T14:32:36,39,1,3900012,"ARX(1,1)",True,False,1,-203.75774956657907,429.51549913315813,466.59251744256244,6.740219300457449,0.005,0.0947419571866,0.261767936376755,0.6620949031705117,0.0063248083367113,0.1977303785856796,0.2448594076258264,0.0219041337986741,0.3992030662171852,0.6012092352877788,,,-206.6577743503876,435.3155487007752,472.3925670101795
2026-05-30T14:44:39,39,2,3900022,"ARX(1,1)",True,False,1,-230.14952691362112,482.29905382724223,519.3760721366465,0.4892319676590926,0.1846101219811584,0.0004239388515136,0.3413514396581082,1.2861829730793584,0.8537580330008341,1.0926228657667063,1.0834153195951035,-0.1237853329723578,0.2054204947712174,1.3220074657712042,,,-183.0354922597897,388.0709845195794,425.1480028289837
2026-05-29T17:34:17,40,1,4000012,"ARX(1,1)",True,False,2,-203.80081911851036,429.6016382370207,466.67865654642503,0.0154393210959326,4.950175170214107,0.0005171496790533,0.0017153273747416,0.0233773987910061,0.590309229520887,0.9685863727039636,0.2622313349767333,-0.0009780262834232,0.4832028487076792,0.6321944113279496,,,-192.95930334411025,407.9186066882205,444.9956249976248
2026-05-29T22:43:01,41,1,4100012,"ARX(1,1)",True,True,0,-690.1819218176527,1402.3638436353053,1439.4408619447097,9.491421906108366,2.8451874947557383,0.3184851053346181,0.4456161060187578,0.594542883931283,0.4983342926550045,1.744329962659642,0.0028905642500305,-1.0631842377954208,-0.0051708038470004,-2.837287644937573,,,7333.759443554473,-14645.518887108949,-14608.441868799542
2026-05-30T20:00:17,41,2,4100022,"ARX(1,1)",True,False,2,-279.0602206455801,580.1204412911602,617.1974596005645,9.630269528584323,1.167854719834266,0.4673084217354984,0.1197385102927595,0.5627475140595761,0.3716680526696673,0.0301910413664869,0.9727032206968949,-0.282527288842936,0.3250710361316901,0.2212813595383289,,,-268.7821428948373,559.5642857896746,596.6413040990789
2026-05-29T15:34:59,42,1,4200012,"ARX(1,1)",True,False,1,-223.59610602042085,469.1922120408417,506.269230350246,0.0126641364145688,5.794208047834956,1e-05,0.0222010364501709,1e-05,0.9939609709583108,0.3201890205475005,0.3049342400161895,-0.017114322133171,0.2467811598453437,0.9410838664548552,,,-224.121966189913,470.243932379826,507.3209506892303
2026-05-30T11:05:57,42,2,4200022,"ARX(1,1)",True,False,1,-193.4522262805957,408.9044525611914,445.98147087059573,5.547838053480193,0.005,0.0644659521568661,1e-05,0.397893624090472,0.3771754047115509,0.240217268131386,0.8726651683268861,0.2001977404065118,0.4234096617974431,0.3633303373051478,,,-209.42371114486087,440.84742228972175,477.92444059912606
2026-05-29T17:42:46,43,1,4300012,"ARX(1,1)",True,False,1,-205.25139594917954,432.5027918983591,469.5798102077634,1.098639088570848,0.0336107326060782,0.1648211504804613,0.4519869180398423,0.8803267192172298,0.0731186629573139,0.610916538220896,1.0144263232982356,0.3761731627353471,0.5058662256105025,0.2210657618854455,,,-182.9672917399315,387.934583479863,425.0116017892673
2026-05-30T12:20:51,43,2,4300022,"ARX(1,1)",True,False,2,-420.1350966047082,862.2701932094164,899.3472115188207,4.500699510476472,6.326592022850806,1e-05,0.0039156642955397,0.021506816180419,0.8031585390107158,0.0035993121692443,0.9831875125697344,0.1054124879796951,0.2212105037997746,1.2881448644789957,,,688.182342507479,-1354.364685014958,-1317.2876667055536
2026-05-29T15:17:08,44,1,4400012,"ARX(1,1)",True,False,1,-213.8002954397117,449.6005908794234,486.6776091888277,5.513543994273924,0.005,1e-05,1e-05,1.0444947846102244,0.9214511817804256,0.3153574042256761,1.6095079808230703,0.056544038410093,0.0354451166917254,1.0994986522269607,,,-220.2332415201084,462.4664830402168,499.54350134962107
2026-05-30T12:20:28,44,2,4400022,"ARX(1,1)",True,False,1,-526.5644317659785,1075.128863531957,1112.2058818413614,4.911907327350623,7.548249937005925,0.0014623847420989,0.0074166857810992,0.2370896886243954,0.2274348965634058,0.0033570207382723,1.5586253361246236,0.3010723618978726,0.1966953583884763,1.2301809533329116,,,575.589330925312,-1129.178661850624,-1092.1016435412196
2026-05-29T16:23:15,45,1,4500012,"ARX(1,1)",True,False,2,-226.4106849997653,474.8213699995306,511.8983883089349,0.7148414586907403,1.4924506920016805,0.1114914969090829,1e-05,0.0891610243189883,0.013332186268723,0.4427004009886211,0.1592908879163945,0.3166594896974447,-0.0162091937566933,0.702253960314574,,,-231.03625411994145,484.0725082398829,521.1495265492871
2026-05-30T11:54:03,45,2,4500022,"ARX(1,1)",True,False,1,-210.42690384379878,442.85380768759757,479.9308259970019,1.168209478797663,0.005,0.5785895807502519,1e-05,0.5267347392983504,0.621261535758499,0.3718596194782137,0.8206352769558715,0.108535333727475,0.1576589944105332,0.732608324948715,,,-231.5324781590237,485.0649563180474,522.1419746274516
2026-05-29T20:28:16,46,1,4600012,"ARX(1,1)",True,False,2,-278.3804274516477,578.7608549032954,615.8378732126996,6.05277845317349,3.41809314285115,0.6412847479928472,0.0541962392041377,0.1091701046551008,0.8377523132219796,0.010896191252711,0.3509502382894904,0.254375994814491,0.2675941250197811,0.9690788035218127,,,-115.1812712900994,252.3625425801988,289.4395608896031
2026-05-30T17:59:59,46,2,4600022,"ARX(1,1)",True,False,1,-675.9041471429191,1373.8082942858382,1410.8853125952426,3.684388444923438,7.191609195908844,1e-05,0.7353211814634804,0.3703247709464499,0.809197543866786,0.0049024151065255,1.579826575291012,0.4742600792696983,-0.1034298960428315,2.626938812057165,,,6873.647290322536,-13725.294580645072,-13688.217562335669
2026-05-29T13:49:22,47,1,4700012,"ARX(1,1)",True,False,2,-228.85858008062536,479.7171601612507,516.794178470655,0.0953203475611111,1.5607166626895987,0.0069704218172046,0.2795713732296073,0.1351632057473899,0.1496950427336485,0.3711263047334519,0.4554125864031221,0.2500147557691557,0.1271750619847962,0.6294238901439211,,,-218.57391645414447,459.14783290828905,496.22485121769336
2026-05-30T04:40:30,47,2,4700022,"ARX(1,1)",True,True,0,-530.8305634013079,1083.6611268026159,1120.7381451120202,5.591914502517162,7.6719423025296605,0.0063791703250903,0.1464434762244605,1.4188914945807645,0.1742017723976568,1.7408022655446755,0.0221208597498637,-0.1007530008424775,0.4285194392507446,0.0318429389571717,,,-67.23569975480322,156.47139950960644,193.54841781901072
2026-05-29T18:36:29,48,1,4800012,"ARX(1,1)",True,False,2,-207.84338416312752,437.68676832625505,474.76378663565936,4.848203333650541,0.005,5.608235628892356e-05,0.1153411067706166,0.1959618033311824,0.0379085792723331,0.2614606331328448,0.7536926872823737,0.1337810916614504,0.5854485038491436,0.3028933974611815,,,-192.97123063899448,407.94246127798897,445.0194795873933
2026-05-30T11:33:03,48,2,4800022,"ARX(1,1)",True,False,1,-189.34951311297428,400.69902622594856,437.77604453535287,6.864575541878264,0.005,0.2013728033337283,0.2327561714802483,0.4842909294008528,1e-05,0.1941168125457273,0.7607550261044116,0.3277839700535778,0.2861650178577525,0.5049483775733086,,,-193.04143115882465,408.0828623176493,445.1598806270536
2026-05-29T19:00:45,49,1,4900012,"ARX(1,1)",True,False,2,-582.9303989179034,1187.8607978358068,1224.9378161452112,5.739739610004455,4.624151644820269,0.4684501054822735,0.0018644426884626,0.8480823044668039,0.9458897525169234,1.720625510914125,0.0164487061964424,0.1920460209331007,0.2431934850355416,0.0826019125139809,,,1360.7776872665418,-2699.5553745330835,-2662.4783562236794
2026-05-30T15:33:04,49,2,4900022,"ARX(1,1)",True,False,1,-206.40873120499083,434.81746240998166,471.89448071938597,0.005,8.48549254347705,1e-05,0.0097983794912044,1.1600167231411311,1.1150095194324252,0.7029968640973077,0.1775112151354171,-0.0802949012778305,0.564430274892265,0.7545958475084753,,,-258.02471219840095,538.0494243968019,575.1264427062061
2026-05-29T15:29:26,50,1,5000012,"ARX(1,1)",True,False,1,-185.44425562688332,392.88851125376664,429.96552956317095,1.5028803362670111,0.005,0.6161067911754476,0.0109484652661097,0.5308925082187813,0.3218253909128831,0.2464986762899954,1.5864579436686697,0.115656061900645,0.3520039695651151,0.6132448686071357,,,-189.23140613537456,400.4628122707492,437.5398305801535
2026-05-30T11:09:55,50,2,5000022,"ARX(1,1)",True,False,2,-428.0051210495533,878.0102420991066,915.0872604085108,1.103909688257315,7.675090718183375,0.773968182601511,0.6031933610810973,0.09438689404101,0.9354863917627938,0.8608876235450942,0.016769132145252,-0.0471688804164774,0.1248027555998032,0.4309006755567077,,,-237.7890567378001,497.5781134756003,534.6551317850045
2026-05-29T16:39:55,51,1,5100012,"ARX(1,1)",True,True,0,-508.2402561883498,1038.4805123766996,1075.557530686104,9.451937358716002,7.74038922496256,0.0002449342055979,0.0863386026795277,0.0611982979200414,0.3458304220526755,0.0014372680862562,0.9985272490692564,0.6632291443696733,0.4342865448096607,1.9011703111159084,,,4655.619471957705,-9289.23894391541,-9252.161925606006
2026-05-30T11:34:59,51,2,5100022,"ARX(1,1)",True,False,1,-231.39825769872246,484.7965153974449,521.8735337068492,6.10158574243159,0.7311577831391581,0.0045208698766505,1e-05,1.0187287625844978,1e-05,0.2348712443070618,0.0830568830665203,0.0095797802370492,0.4146493166594542,0.5508974250767599,,,-273.2855352224879,568.5710704449758,605.6480887543801
2026-05-29T15:34:01,52,1,5200012,"ARX(1,1)",True,False,1,-191.30528006898362,404.61056013796724,441.68757844737155,2.0019303597479707,0.1017803739998218,1e-05,1e-05,0.8506360081727047,0.7144678983019377,0.3060407291300429,0.4588557438014765,0.1205432124269599,-0.0329784215563422,1.049639222434598,,,-198.36156665114595,418.7231333022919,455.8001516116962
2026-05-30T13:40:13,52,2,5200022,"ARX(1,1)",True,True,0,-477.3714900390744,976.7429800781488,1013.819998387553,4.643905413600552,2.328934750097058,0.4310481983426991,0.0018458008566254,0.4384058317787957,0.9482256492849028,1.0239041117070875,0.0045757797774217,0.046076387394067,0.1271805923267175,-0.2447345574972312,,,213.2685128572681,-404.5370257145362,-367.4600074051319
2026-05-29T17:28:50,53,1,5300012,"ARX(1,1)",True,False,1,-197.06826885479603,416.13653770959206,453.21355601899637,7.103035359335337,0.005,0.0441273713018941,1e-05,0.1019174927133408,0.1136220868181881,0.2270427099886144,0.8401733726490277,0.1209546148033442,0.3092810830836279,0.6258158280990657,,,-204.5968079362916,431.1936158725832,468.27063418198753
2026-05-29T13:52:30,54,1,5400012,"ARX(1,1)",True,False,1,-223.21168779070882,468.42337558141764,505.50039389082195,0.0171255280299602,0.4935558749633739,0.3369718606978895,0.907014774720903,1e-05,0.0247265229556044,0.117712041350575,0.3329567075030015,0.0195220644843832,0.4395852933603578,0.5654622462121356,,,-224.2204956678368,470.4409913356735,507.5180096450778
2026-05-30T04:44:46,54,2,5400022,"ARX(1,1)",True,False,1,-214.35329689825454,450.7065937965091,487.7836121059134,0.005,2.4509662614961734,0.0379196997868281,0.2815198173996467,0.4287349414756543,0.1854397901698641,0.6868680719883029,0.3464058534989317,0.0566874089847015,0.3258569803871464,0.8545972542596851,,,-215.928939115024,453.857878230048,490.93489653945227
2026-05-29T16:43:56,55,1,5500012,"ARX(1,1)",True,False,1,-196.31060144346202,414.62120288692404,451.69822119632835,0.8162657990512354,0.6098546907124671,1e-05,1e-05,1.1733981183139626,0.8087434425857655,0.3950939025840577,0.3920104627895561,0.4896531722858073,0.3675445405661688,0.0438756016300798,,,-201.26115589362547,424.5223117872509,461.5993300966553
2026-05-30T11:41:36,55,2,5500022,"ARX(1,1)",True,False,1,-203.02326616417,428.04653232834,465.1235506377443,2.6343597270878334,0.0079023595556201,0.4354197899521153,1e-05,1.0718297033326416,1e-05,0.2041136317460387,0.5735386002344004,-0.0986154354080807,0.2273542662858496,0.8230111452579876,,,-203.78026331991015,429.5605266398204,466.6375449492247
2026-05-29T15:55:03,56,1,5600012,"ARX(1,1)",True,False,1,-199.50264235687604,421.0052847137521,458.0823030231564,7.745629865108802,0.005,0.0795248378148958,1e-05,0.1011780872204949,1.0420834193330617,0.2109613113892544,1.0556560107538897,0.1626637967654672,0.3675555902205449,0.4272978310319209,,,-227.215504428356,476.431008856712,513.5080271661162
2026-05-30T12:37:08,56,2,5600022,"ARX(1,1)",True,False,1,-252.6438544434037,527.2877088868074,564.3647271962117,0.4381029796436185,0.6945583084197512,0.1331872274350435,1e-05,0.5072759698370601,0.1789110139837086,1.2628143240419103,0.9341983443545558,-0.0470597912348754,-0.225239244292353,1.790899554332651,,,-212.6697270659064,447.3394541318128,484.4164724412171
2026-05-29T17:38:27,57,1,5700012,"ARX(1,1)",True,False,1,-222.952608993669,467.905217987338,504.9822362967423,0.1218067629904663,0.4269042516573594,0.51322895257305,0.285137472653285,0.2752679846424889,0.2198696750949667,1.0219618820670016,1.2372342095426774,-0.3951813071118497,0.1664322406953187,1.2350388910203975,,,-171.7003448698198,365.4006897396396,402.4777080490439
2026-05-30T14:16:44,57,2,5700022,"ARX(1,1)",True,False,1,-228.19683465513924,478.3936693102785,515.4706876196827,0.0112653092141429,2.4553208464529392,1e-05,0.0264161951113554,1.336627706281729,0.1535568936680843,0.921841734680882,0.4103038989169583,0.1012065679687243,0.4534716189879654,0.7602653788920496,,,-231.21310437666315,484.4262087533263,521.5032270627305
2026-05-29T17:45:12,58,1,5800012,"ARX(1,1)",True,False,1,-189.55116449617674,401.1023289923535,438.1793473017578,9.068357580705662,0.005,0.0293508983023294,1e-05,0.5750247837477191,0.174404258047536,0.1708889634954926,1.1167945251292375,0.1060894559984269,0.4509737187731236,0.4187198283017728,,,-195.3908652371302,412.7817304742604,449.8587487836648
2026-05-30T10:14:09,58,2,5800022,"ARX(1,1)",True,False,1,-206.90591517170742,435.81183034341484,472.88884865281915,0.005,10.0,0.0147928508728252,0.253010479137,1e-05,0.3636894075326567,1.0999080035214823,0.1884223541551166,-0.0239916592655757,0.3494468962697367,0.7808548111004918,,,-212.89020268337035,447.7804053667407,484.857423676145
2026-05-30T09:13:40,59,1,5900012,"ARX(1,1)",True,True,0,-499.15202071312194,1020.3040414262439,1057.3810597356483,6.5642986703425255,2.646864210027966,0.0544258229842896,1e-05,0.4585668311304201,0.2353399147657471,1.344015438178559,0.0123324068145549,-0.1289386474540901,0.5999363237215107,-0.2974513051275322,,,-135.51168457204847,293.02336914409693,330.10038745350124
2026-05-29T17:38:36,60,1,6000012,"ARX(1,1)",True,True,0,-559.0741254428603,1140.1482508857207,1177.225269195125,3.7488046080834527,9.60320740875889,0.4769998114033628,0.2113357535870555,0.2949278069534368,0.2186374395613909,1.904804375574611,0.0158989327056033,-0.0137370534110274,0.1634968189303819,0.5551172972421161,,,-154.97076178287062,331.94152356574125,369.0185418751456
2026-05-30T11:22:24,60,2,6000022,"ARX(1,1)",True,False,1,-184.04816413695252,390.09632827390504,427.17334658330935,6.466158915692424,0.005,0.2894168043114866,1e-05,0.4663805155224724,0.6930556129725528,0.1733853163459362,1.8009059911199037,0.2221641464722608,0.3192868940131085,0.4707752964325407,,,-194.98351559592064,411.9670311918413,449.0440495012456
2026-05-29T23:34:25,61,1,6100012,"ARX(1,1)",True,False,1,-552.3054204146441,1126.6108408292882,1163.6878591386926,4.512335795238007,8.585383879401574,1e-05,1e-05,0.2772751512625061,0.3600242992022171,0.0082334063781099,1.5004293841896086,0.4207307313386422,0.1596930297498405,2.075901279629787,,,721.4559999723535,-1420.911999944707,-1383.8349816353027
2026-05-30T17:14:31,61,2,6100022,"ARX(1,1)",True,False,1,-369.9143031313122,761.8286062626244,798.9056245720286,5.301263029170132,0.3609564801004018,0.1010704516804729,0.2218047435966264,1.4673536969139118,0.0800534640589585,0.7928514862973564,0.0645372575949459,0.5795090189725287,0.0874118536121529,0.2096742049468074,,,-396.7564750618701,815.5129501237402,852.5899684331445
2026-05-29T16:19:44,62,1,6200012,"ARX(1,1)",True,False,1,-221.5604680161965,465.120936032393,502.1979543417973,0.0132253214090686,3.53306923076126,0.0013142295674959,0.0038244948040238,0.2138825817414293,0.4520496669361928,1.321103783577524,0.4181819938275612,-0.477294257543966,0.7030399109491685,0.7391380716199926,,,-220.13083539032056,462.2616707806411,499.3386890900454
2026-05-30T05:16:00,62,2,6200022,"ARX(1,1)",True,False,1,-191.9061718293331,405.8123436586662,442.8893619680705,7.100016079109871,0.005,0.1257811774758999,1e-05,1.5,1e-05,0.1724927710700399,0.3812216870376253,0.1799125240187614,0.2467553625516735,0.6659143932798349,,,-192.8155016781322,407.6310033562644,444.7080216656687
2026-05-30T19:56:52,62,3,6200032,"ARX(1,1)",True,False,1,-237.50190754240296,497.0038150848059,534.0808333942102,2.0395723984301752,0.012915963288912,0.0543898636428961,0.0939921601819757,0.6095162970991717,0.5772361947483474,0.5153204575272621,1.6797346734758265,-0.0529977033763932,0.7818573160982281,0.6549449996780616,,,-220.03649536018736,462.0729907203747,499.150009029779
2026-05-29T20:49:43,63,1,6300012,"ARX(1,1)",True,False,2,-594.2986186550283,1210.5972373100567,1247.674255619461,1.938842996840033,3.319486124856206,0.5442183618822848,0.2923692380930028,0.6206459098012401,0.032064149636708,1.9779664802107768,0.0118939792778605,-0.4786368651871716,0.0770271760344797,-1.1123520247139804,,,-112.94692593425964,247.89385186851928,284.9708701779236
2026-05-30T15:05:37,63,2,6300022,"ARX(1,1)",True,False,1,-452.9877182053702,927.9754364107404,965.0524547201446,4.904427188207758,1.0635584282769652,0.0014553080591765,1e-05,1.5,0.0094226985511191,1.3520679926396928,0.013676835480583,0.0820904542865725,0.5043675162351261,0.2041375278425714,,,-37.14031410474203,96.28062820948406,133.35764651888834
2026-05-29T16:30:06,64,1,6400012,"ARX(1,1)",True,False,1,-212.24403037556942,446.48806075113885,483.56507906054316,0.3997763155457197,7.926014398843184,0.3433276089155363,0.3680601830968554,1e-05,0.31232168520521,0.0017944972604878,0.1874462132554315,0.082209896639574,0.3482300242009492,0.7031551444525012,,,-214.2869081547649,450.5738163095298,487.6508346189341
2026-05-30T11:52:46,64,2,6400022,"ARX(1,1)",True,False,1,-248.09577449398495,518.1915489879699,555.2685672973741,0.005,3.9538997541083303,0.2339531672818973,1e-05,0.1584854071124808,0.7349240221283951,1.0320626194880482,0.5086227521106759,-0.0172315914052617,0.1398616598499807,0.981245828430875,,,-253.3080204940679,528.6160409881359,565.6930592975401
2026-05-29T13:26:20,65,1,6500012,"ARX(1,1)",True,False,2,-213.34792204850837,448.69584409701673,485.77286240642104,4.675819634443228,0.005,1.4249326559022948e-05,1e-05,0.2736460733597509,1.139387520477609,0.310830410696035,1.425436484875117,0.1701283375049841,0.1215348231988856,0.6677138484958977,,,-227.19147095848584,476.3829419169717,513.459960226376
2026-05-30T11:02:08,65,2,6500022,"ARX(1,1)",True,False,2,-555.859171550165,1133.71834310033,1170.7953614097344,4.018818259903196,5.023783301261828,1e-05,0.2823948537295331,0.013092825297879,1.0418491580989764,0.0018896892478103,1.7860118767607864,0.2806498370195059,0.307504377796192,1.4400064890408375,,,6616.8444797907705,-13211.68895958154,-13174.611941272136
2026-05-29T21:07:29,66,1,6600012,"ARX(1,1)",True,False,2,-441.2871220617847,904.5742441235694,941.6512624329737,0.2362285928382734,7.963837725102476,1e-05,1e-05,0.9152927947632769,0.7619591949794801,0.0155160568398274,0.7815237256163469,0.4223604224972029,0.2017829616230902,1.5766024868457134,,,-140.20192772504646,302.4038554500929,339.48087375949723
2026-05-30T15:58:55,66,2,6600022,"ARX(1,1)",True,False,2,-238.30015142993562,498.60030285987125,535.6773211692755,0.005,3.491348057527534,1.487271507367739e-05,1e-05,1.2659257441220737,0.9625158143707156,1.3997815338298334,0.373453111661198,0.0973805603966086,0.2389878509063324,1.0235172076085173,,,-227.9787293879316,477.9574587758632,515.0344770852674
2026-05-29T15:55:35,67,1,6700012,"ARX(1,1)",True,False,2,-203.53714652894257,429.07429305788514,466.15131136728945,3.006458607343831,0.0196019119023086,0.4344660701902958,0.060290754922612,0.0225600386094226,0.0723544774709731,0.2853222397570408,0.8226133696292864,0.1095833444314034,0.3450206199364788,0.6019560222072039,,,-199.7920032901796,421.58400658035913,458.6610248897634
2026-05-30T19:27:29,67,2,6700022,"ARX(1,1)",True,False,1,-385.5056546675647,793.0113093351295,830.0883276445337,5.57353266747047,2.6711987104957933,0.017873996852242,1e-05,0.934181593593911,1e-05,0.6803950142940055,0.0026741396683716,0.473687632737144,0.7163936272625923,-0.9925413399759908,,,-387.5976522063777,797.1953044127554,834.2723227221596
2026-05-29T17:12:54,68,1,6800012,"ARX(1,1)",True,False,2,-389.4702660010452,800.9405320020904,838.0175503114947,1.92656844509918,4.624053296276658,0.0214547858748765,0.0019514903462658,0.4047075057388532,0.463977427430107,0.0081232107577063,0.91501447727884,0.1206951020863224,0.1862043714434194,1.2299099535719766,,,-56.02101002361477,134.04202004722953,171.1190383566338
2026-05-30T16:40:08,68,2,6800022,"ARX(1,1)",True,True,0,-408.1443006631077,838.2886013262154,875.3656196356196,8.233670089579125,6.926044862733677,0.3810469952431808,0.0017386802956324,1.0218128861341351,0.2695791648170449,0.6276973481919776,0.0144173490861645,0.0183284710460331,0.2547207480960674,0.3192032864871919,,,-118.3199721992886,258.6399443985772,295.7169627079815
2026-05-29T14:50:50,69,1,6900012,"ARX(1,1)",True,False,1,-213.4200744504135,448.840148900827,485.9171672102313,1.7365614067355557,0.005,0.4351078798326721,1e-05,0.4374732707059929,1.0733602029121965,0.3042276595632151,1.3740995716050797,0.0220579087216914,0.4246641195633501,0.3818350192095036,,,-217.509786420812,457.019572841624,494.0965911510284
2026-05-30T09:37:15,69,2,6900022,"ARX(1,1)",True,False,1,-578.9292558665578,1179.8585117331156,1216.93553004252,7.054051062735841,7.855758660948816,0.0318418410622769,1.000001067624387e-05,0.8395704471649597,1.4959862339156438,0.0107572486880617,1.907929359587336,0.6365713166081568,-0.2230299598533465,1.6856220702670677,,,67.45074055411362,-112.90148110822724,-75.82446279882296
2026-05-29T19:34:23,70,1,7000012,"ARX(1,1)",True,False,2,-685.9279572913673,1393.8559145827346,1430.932932892139,7.995251072945866,3.134494986981377,0.4290683086153955,0.4291614779057408,0.7953201595466668,0.589833684053451,1.5884309365060223,0.0030874024335355,-1.0486212201049994,-0.1391979067828711,-2.7723920561290325,,,6551.022232741709,-13080.044465483415,-13042.967447174013
2026-05-29T23:27:51,71,1,7100012,"ARX(1,1)",True,False,1,-193.37757927125344,408.7551585425069,445.8321768519112,7.304337669220669,0.005,0.0326702680047843,1e-05,0.8819240138705942,0.0982301604620441,0.206492063172921,0.7361933602595913,0.3451974917356997,0.5347023280369573,0.1487604314976966,,,-199.42079250879897,420.84158501759794,457.91860332700224
2026-05-30T12:08:45,71,2,7100022,"ARX(1,1)",True,False,1,-208.73997732619415,439.4799546523883,476.5569729617926,0.0106981944775333,2.7113411143425568,0.1709791980365564,0.0781309433389109,0.1084700211601867,0.5713475902368231,0.6946944706910019,0.3436584076459421,-0.0758021776041331,0.372848836693419,0.8419253678581102,,,-204.37428066246576,430.74856132493153,467.82557963433584
2026-05-29T21:14:19,72,1,7200012,"ARX(1,1)",True,False,1,-519.9564207013425,1061.912841402685,1098.9898597120894,8.117012638626628,7.975456859262381,0.1875317225691078,0.7546004517056741,0.8176725140331342,0.0194675808389255,0.0555789337635064,0.0176195462200024,-0.0185756760849756,0.2283177469214301,0.0537042011390205,,,251.42822085789803,-480.85644171579605,-443.7794234063917
2026-05-30T14:46:55,72,2,7200022,"ARX(1,1)",True,False,2,-198.75925225326714,419.51850450653427,456.5955228159386,6.229314538373745,0.005,0.0371964276297426,1e-05,0.4566617300498367,0.7467607359040297,0.1973584561007486,0.9379519026061284,-0.0391643719220065,0.4833596959322682,0.4653332152696596,,,-207.1490781365148,436.2981562730296,473.3751745824339
2026-05-29T17:48:12,73,1,7300012,"ARX(1,1)",True,False,1,-209.1060115882873,440.2120231765746,477.2890414859789,0.005,7.217495930042986,0.4256237953132506,0.4746003264990524,1e-05,0.3455303494976753,1.8684693007894293,0.1830031692087285,0.0639059186127094,0.3184153837196118,0.7485576752921334,,,-217.1924121383774,456.3848242767548,493.4618425861591
2026-05-30T07:51:46,73,2,7300022,"ARX(1,1)",True,False,1,-204.92698421383975,431.8539684276795,468.9309867370838,1.1346599386111846,0.082964176670942,0.3383954121568598,0.0048467455251947,0.063615545659517,0.1007426191348479,0.4317857875737442,0.5237396785263261,0.1769519103208889,0.3007704735050231,0.6433674724155295,,,-190.18403715125973,402.36807430251946,439.44509261192377
2026-05-29T13:43:07,74,1,7400012,"ARX(1,1)",True,False,1,-205.89874695235082,433.79749390470164,470.87451221410595,8.762175080877501,0.005,0.0394456368305976,1e-05,0.0581406388123818,0.0173257862899954,0.207761467205892,0.4135380773870634,0.1118761167758892,0.4448840464593525,0.4928307549437282,,,-208.81954330791604,439.63908661583207,476.7161049252364
2026-05-30T04:27:26,74,2,7400022,"ARX(1,1)",True,True,0,-497.2881860937116,1016.5763721874232,1053.6533904968276,7.297637451042173,2.22290588447718,0.413592509828505,0.4096435905395336,0.8742978488287494,0.9278335712860392,0.0100770814264245,1.5191875087787894,0.4656416887265941,0.2448876533432576,1.6573699491198466,,,282.03774483512484,-542.0754896702497,-504.9984713608454
2026-05-29T14:30:23,75,1,7500012,"ARX(1,1)",True,False,1,-221.88677531010413,465.77355062020825,502.85056892961256,0.0280044939527991,2.3517350395359613,0.02268541096903,0.0204456316779497,0.0237011371954195,1.1873609901493885,1.5914562095591862,0.4521601850004036,0.0683883857105278,0.5544295213302117,0.5361744305627923,,,-214.9044562307438,451.8089124614876,488.8859307708919
2026-05-30T05:34:18,75,2,7500022,"ARX(1,1)",True,False,2,-574.4596889884141,1170.9193779768282,1207.9963962862325,9.058670943144689,2.3502017435001545,0.00014118984385,1e-05,0.3599511223761532,0.56198581703928,1.7087407494289488,0.0364903823842805,-0.0128147706173585,0.6162101755095518,0.058591672899557,,,-162.0833640321181,346.1667280642362,383.2437463736405
2026-05-29T17:10:06,76,1,7600012,"ARX(1,1)",True,False,2,-650.8023916555262,1323.6047833110524,1360.6818016204568,4.823338623095774,4.542851201384383,0.4859628735157772,0.0515833318329617,1.1973172650386508,0.7597349836999729,0.8099782154887435,0.0196042033486397,-1.057349344063644,0.0206826243033909,-2.747556901402613,,,202.5017137202697,-383.0034274405393,-345.926409131135
2026-05-29T21:47:01,77,1,7700012,"ARX(1,1)",True,False,1,-540.5250379048538,1103.0500758097076,1140.127094119112,4.61612239367884,7.93438140200992,0.3238854039461932,0.0002538211670121,0.6396428763931287,1.2697151318850195,1.4464486167008077,0.0016980377323113,-0.2618285010601812,0.1577750827409986,-0.4929506099727023,,,401.4321025556165,-780.8642051112329,-743.7871868018286
2026-05-30T19:32:04,77,2,7700022,"ARX(1,1)",True,False,2,-497.32011046840444,1016.6402209368089,1053.7172392462132,7.331107356618864,4.72174667574617,0.2234102695261878,0.0499609027502826,0.6649913139068966,0.3928086906637006,1.04474350192399,0.0182537297513801,0.1300717652180096,0.0463711881464186,-0.1810084631185179,,,-150.54434756317767,323.08869512635533,360.16571343575964
2026-05-30T00:52:04,78,1,7800012,"ARX(1,1)",True,False,2,-525.2440518475839,1072.4881036951679,1109.5651220045722,8.042407763191532,7.446389655885886,0.1450002280106524,0.0847631228003112,0.7961989640490059,0.1079846097428459,1.3685556942091344,0.0040315632124272,0.0230701334338191,0.1945902906808814,0.1681616792578906,,,4031.2652609852857,-8040.5305219705715,-8003.453503661167
2026-05-29T20:21:28,79,1,7900012,"ARX(1,1)",True,True,0,-263.8396507813086,549.6793015626172,586.7563198720214,0.3739780417789528,6.672729133737054,1.0000000000011764e-05,1.0000000000011764e-05,1.0367821050898225,1.1280611556721627,0.010775663282796,0.3105531374416699,0.2946283669174436,0.0262887817258077,1.2234881735476408,,,-273.91039204314256,569.8207840862851,606.8978023956894
2026-05-30T18:14:18,79,2,7900022,"ARX(1,1)",True,False,1,-272.1572828225186,566.3145656450372,603.3915839544414,0.0639823801726127,2.829565533863178,0.1274893929251442,0.1076070131044466,0.0817679381714605,0.646526644405373,0.1986212332389595,0.5656330112693759,-0.2785133468711315,-0.4154554261914052,1.973392393799136,,,-309.66498000560523,641.3299600112105,678.4069783206147
2026-05-29T16:47:03,80,1,8000012,"ARX(1,1)",True,False,1,-392.0843367862347,806.1686735724694,843.2456918818737,4.819130934362372,4.465408389172598,0.4745738974842083,0.0761728308997833,0.7366370757619186,0.0011579869666967,0.7575632979540882,0.0023239874449404,0.5400171369628598,0.1750310330840236,0.3083649713426699,,,1946.03282317846,-3870.06564635692,-3832.9886280475152
2026-05-30T09:40:43,80,2,8000022,"ARX(1,1)",True,False,2,-562.1650530321572,1146.3301060643144,1183.4071243737187,5.5071017798403865,5.265773844468327,0.2723504896733797,0.6126338174958181,1.2757701177399052,0.4564205483945102,0.0358186404460827,0.8650042124971308,0.209675716283646,0.3861914232556131,0.936791861422969,,,-193.96738769979595,409.9347753995919,447.0117937089962
2026-05-29T16:48:54,81,1,8100012,"ARX(1,1)",True,True,0,-476.3053176181527,974.6106352363054,1011.6876535457096,3.16757637294803,4.480562028720088,0.3576560690888443,0.0457597321013586,0.678858887295313,0.3191128071541256,1.36182443348653,0.0173649801020111,-0.0489619839277337,0.4701985795202991,0.260563950521549,,,-180.78598502087357,383.5719700417471,420.6489883511514
2026-05-30T15:07:18,81,2,8100022,"ARX(1,1)",True,False,2,-199.16675503322952,420.33351006645904,457.41052837586335,1.0780567661206455,0.2012471375784623,0.0396221763815696,0.0004129658011532,0.7415596380516836,0.4035424899518743,0.4482428318612294,0.3550312100878884,0.1288168607856881,0.414196494848338,0.4153534863385956,,,-183.7218824663433,389.4437649326866,426.5207832420909
2026-05-29T17:00:27,82,1,8200012,"ARX(1,1)",True,False,1,-233.38813864342993,488.77627728685985,525.8532955962642,3.698405800193764,0.0124218936467148,1e-05,0.0262022538568411,0.4858647257114064,1e-05,0.4283208267863327,0.2523285269336848,0.172987439511726,0.1526760085098487,0.7195313150671181,,,-234.16130050420657,490.32260100841313,527.3996193178174
2026-05-30T05:45:31,82,2,8200022,"ARX(1,1)",True,False,1,-546.1828074893846,1114.3656149787691,1151.4426332881735,5.633693605818533,5.018091234339637,0.003638485238969,0.2954012774712803,0.4389328833351616,0.6737786148804826,0.0134719487054848,1.853381495568407,0.1735073290968353,0.1522388865706284,0.8176943403859979,,,610.8233513790967,-1199.6467027581934,-1162.569684448789
2026-05-30T19:58:07,82,3,8200032,"ARX(1,1)",True,False,1,-223.5065910032984,469.0131820065968,506.09020031600113,0.0104262641685273,3.4279020559780427,1e-05,0.0014249043092907,1e-05,0.9395677498649888,0.7568395456287764,0.4033699095903041,-0.3286217302461434,0.7976011445145078,0.5627970142316197,,,-224.3155147540124,470.6310295080248,507.7080478174291
2026-05-29T14:24:37,83,1,8300012,"ARX(1,1)",True,False,2,-226.99937701614112,475.99875403228225,513.0757723416865,0.0408248624609579,3.520009587101928,0.0013044171798224,1e-05,1e-05,0.6727554465447396,0.2290957180611521,0.3866920052436824,0.2020494628230874,0.4939604334314413,0.4462553603742916,,,-219.59555296685076,461.1911059337015,498.2681242431058
2026-05-30T16:48:52,83,2,8300022,"ARX(1,1)",True,True,0,-466.04582582993817,954.0916516598763,991.1686699692806,4.850928473870702,3.934830947560297,0.0020459109220127,0.0107325781037021,1.1341889646747136,0.7801313718954525,0.0063533076536855,1.333221946634341,0.32025375332581,0.0708055809394218,1.82494841797138,,,-89.39360156182926,200.7872031236585,237.8642214330628
2026-05-29T18:06:22,84,1,8400012,"ARX(1,1)",True,False,1,-237.25229441672812,496.50458883345624,533.5816071428605,1.159924662069953,5.730765043141407,0.5143344210879995,0.8403941777714565,1.262534976738,0.231231984612787,0.3162580032080316,0.1114463672477571,0.0348156403462571,0.4206930960029837,0.6819338680645258,,,-237.24229425450665,496.4845885090133,533.5616068184175
2026-05-30T13:30:23,84,2,8400022,"ARX(1,1)",True,False,2,-664.7904633035323,1351.5809266070646,1388.657944916469,7.460167975679868,2.69073675558942,0.516019907184012,0.0707502670443438,1.024543055806512,0.6473893130283238,0.7577053498864418,0.0063959554443204,-1.132370647519134,-0.2791517573644573,-2.6934522274861967,,,3362.607747885693,-6703.2154957713865,-6666.138477461982
2026-05-29T17:04:35,85,1,8500012,"ARX(1,1)",True,False,1,-199.65694652826613,421.31389305653227,458.3909113659366,7.414714463997017,0.005,0.059771602291401,1e-05,0.232612992958194,1.247704531477569,0.2284452354908338,1.4214121437627034,0.0766346841509471,0.1092998819460109,0.9223757870765688,,,-212.64872640498996,447.2974528099799,484.37447111938417
2026-05-30T14:54:53,85,2,8500022,"ARX(1,1)",True,False,1,-182.7996887695337,387.5993775390674,424.6763958484717,7.511403812837988,0.005,0.2722418701468774,0.0219259549198046,0.8570495613056359,1e-05,0.1466597933236841,1.030458248857079,0.2252250284124945,0.3316435560422509,0.483450328227007,,,-184.6626838321424,391.3253676642847,428.402385973689
2026-05-29T15:47:12,86,1,8600012,"ARX(1,1)",True,False,1,-590.9500990624986,1203.9001981249971,1240.9772164344015,4.033168543988592,6.983560631502845,0.3579633927530595,0.4457066227358847,0.583776842986075,1.3268884707963913,0.0153990983201025,1.2999918572792644,0.578751637453511,0.4598846720030488,2.1588153538874386,,,391.7518973054842,-761.5037946109684,-724.4267763015641
2026-05-30T08:37:09,86,2,8600022,"ARX(1,1)",True,True,0,-677.5246707999428,1377.0493415998856,1414.12635990929,9.984144514796707,1.86392118204612,0.3931712137505538,0.4547571997361916,0.8846288574106926,0.9646184450166012,1.3332095218601088,0.0109225717202542,-1.0956674910663111,-0.119974414639044,-2.810328574934021,,,1664.586960259487,-3307.173920518974,-3270.0969022095696
2026-05-29T20:57:10,87,1,8700012,"ARX(1,1)",True,False,2,-536.5774869077435,1095.154973815487,1132.2319921248913,7.211411275507495,4.215097514774519,0.5978524052552489,0.4682639303337803,0.8956789309123597,0.958366595126196,1.0300187944092951,0.0168639203421051,-0.0569647148591662,0.1348492803743087,0.4119851998800544,,,2024.3101778718187,-4026.620355743637,-3989.543337434233
2026-05-30T12:20:43,87,2,8700022,"ARX(1,1)",True,False,2,-277.05494509538255,576.1098901907651,613.1869085001694,0.5973729337857971,0.2320867127850732,0.144843658356267,0.6598556951016202,0.2134583068075208,1.2240136281328329,1.3634131668017904,1.7825481553582807,0.1161797929301068,0.0978122078064934,0.5607072157380708,,,-220.98088806677745,463.9617761335549,501.0387944429592
2026-05-29T18:38:42,88,1,8800012,"ARX(1,1)",True,False,1,-209.60956780468013,441.21913560936025,478.29615391876456,1.9128118467891704,0.0869971071315302,0.3019124843834807,1e-05,0.6897018596544161,1e-05,0.441536626592475,0.3096533271168932,0.3492554810411659,0.5060389603614097,0.3098049546002254,,,-216.1790862179893,454.3581724359785,491.4351907453829
2026-05-30T11:10:35,88,2,8800022,"ARX(1,1)",True,False,2,-219.45406113114473,460.90812226228945,497.98514057169376,0.2194406811187015,1.533345833374808,1e-05,0.0086280408937085,0.461977358915539,1.0393414014703595e-05,1.514093171085935,0.6026841934367902,0.2860270852611875,0.3521784403971811,0.3801635448845644,,,-202.23206068676149,426.46412137352297,463.5411396829273
2026-05-29T18:33:19,89,1,8900012,"ARX(1,1)",True,False,2,-210.14088557248436,442.28177114496873,479.35878945437304,0.5652863409501143,0.2568920316076261,1e-05,0.00718167245438,0.9424782159672128,0.3381379541953384,0.8499986623298538,0.8722665759909256,0.211814615262889,0.1485593172035278,0.9911067665373228,,,-148.61822427642954,319.2364485528591,356.3134668622634
2026-05-30T13:13:11,89,2,8900022,"ARX(1,1)",True,False,1,-551.005066762127,1124.010133524254,1161.0871518336583,3.657846445609184,2.456675486673842,0.3418910215248814,0.7550281079686229,1.1227203836968316,0.6124687027457921,0.0189039414729075,1.3460412705792104,0.516072730349073,0.3676931671773802,1.4430768684910351,,,5.372319899436775,11.25536020112645,48.33237851053074
2026-05-29T16:55:36,90,1,9000012,"ARX(1,1)",True,False,1,-376.17673879556173,774.3534775911235,811.4304959005277,5.360373822241164,0.0390786847966041,0.2417917705749224,1e-05,1.464332742995392,0.0615058654688466,0.2490278859698249,0.0030575888238917,-0.1881341997222117,0.3522065799409977,-0.3124715416500655,,,709.7887887492832,-1397.5775774985664,-1360.500559189162
2026-05-30T12:56:43,90,2,9000022,"ARX(1,1)",True,False,2,-472.4683464979381,966.9366929958762,1004.0137113052805,5.398287217252685,3.830685588705119,0.0591018665976057,1e-05,0.6410393928856262,0.8534030473881045,1.4190186535933669,0.0078726057278933,0.3366504083045805,0.1102523280652509,0.4715211707427247,,,2609.5094918772897,-5197.01898375458,-5159.941965445175
2026-05-30T05:02:43,91,1,9100012,"ARX(1,1)",True,False,2,-515.335033275059,1052.670066550118,1089.7470848595224,5.972479020869866,7.774163483888978,1e-05,1e-05,0.0327828006697315,0.5341485732618043,0.0030635869689511,1.4445229587631851,0.3725112321594513,0.0309289231347039,1.384566460804626,,,2741.450039342913,-5460.900078685827,-5423.823060376422
2026-05-30T17:35:55,91,2,9100022,"ARX(1,1)",True,False,1,-245.3710015672386,512.7420031344773,549.8190214438815,0.005,8.327238612749056,1e-05,0.0004687517514863,0.9627743131043136,0.1278178469914243,0.5565222271134825,0.2581965553256227,0.1549434927156413,0.1953665653318034,1.1629196290130426,,,-277.5477490932609,577.0954981865218,614.1725164959261
2026-05-29T15:46:19,92,1,9200012,"ARX(1,1)",True,False,1,-620.9432050448411,1263.8864100896822,1300.9634283990865,7.797171262472607,1.6531511489323285,0.3601250228365292,0.5558988765255028,0.6133399342400575,0.379955366035505,1.2835246630610335,0.0223244415377874,-0.8344739782358592,0.1203880347032054,-1.8852359780423835,,,79.85115904718077,-137.70231809436154,-100.62529978495726
2026-05-30T11:27:18,92,2,9200022,"ARX(1,1)",True,True,0,-244.246259182321,510.492518364642,547.5695366740463,6.714396510607362,1.7287251011119809,0.3131530566083039,0.0138618124122208,0.7155083313551203,0.8808222092116648,0.0094920782548412,0.5647624098860332,0.0061949228942633,0.2260014724812623,0.6789403054430221,,,675.6276037421344,-1329.2552074842688,-1292.1781891748644
2026-05-29T16:52:58,93,1,9300012,"ARX(1,1)",True,False,2,-209.50624378962527,441.01248757925055,478.08950588865486,0.0818013437209582,3.1976913356837278,0.0690764301448553,0.0632530601298449,0.0225492181318947,1.080826424228133,0.7158661682390509,0.3126793784339677,0.082617347305618,0.2088783816681078,0.7319710214513458,,,-195.32905779605403,412.65811559210806,449.7351339015124
2026-05-30T15:55:13,93,2,9300022,"ARX(1,1)",True,False,1,-205.9275126124862,433.8550252249724,470.9320435343767,0.0107814692462306,3.0101093608379914,1e-05,0.119966512776555,0.3854768953664738,0.4492658796496922,1.0768546614645078,0.3328678283886874,-0.148670645752886,0.488341681384171,0.762026092970475,,,-198.22424259491143,418.44848518982286,455.5255034992272
2026-05-30T01:15:29,94,1,9400012,"ARX(1,1)",True,False,1,-539.0496373321955,1100.099274664391,1137.1762929737954,2.203582212842248,8.030218926248125,0.1294352011194668,0.0553856364385188,0.606212574010111,0.3358161419805872,0.00710713012318,1.3721936873758396,0.3941931798022256,0.5042681838793045,1.7706808705121266,,,1786.1634335604845,-3550.326867120969,-3513.249848811565
2026-05-30T19:58:40,94,2,9400022,"ARX(1,1)",True,False,1,-289.4091359381821,600.8182718763642,637.8952901857684,3.1801825728290725,0.635611654831389,1e-05,0.148082045473725,0.3419913409766389,1e-05,0.4850690999025558,0.1843307370396267,0.0730169912659628,-0.5911858841075995,1.5123841451623752,,,-325.8527594816667,673.7055189633334,710.7825372727376
2026-05-29T14:20:06,95,1,9500012,"ARX(1,1)",True,False,1,-215.91552244057306,453.8310448811461,490.9080631905504,8.203717877324797,0.005,0.7483745039535653,0.2225376874577171,1.3083711307090595,1e-05,0.0562372179264573,1.225537111633361,0.0248541264125794,0.0115155825960445,1.129563603526355,,,-207.6777657266378,437.3555314532756,474.4325497626799
2026-05-30T12:21:03,95,2,9500022,"ARX(1,1)",True,False,2,-518.2264938198232,1058.4529876396464,1095.5300059490507,2.391691414349996,4.933878895455111,0.1920801938332658,0.5028819359456742,0.5827606951693308,0.2808768271909657,0.0054987841977772,1.0200768332707033,0.5951632548128565,0.3170790890279972,2.099248351664796,,,536.3710898808636,-1050.7421797617271,-1013.6651614523228
2026-05-29T20:00:33,96,1,9600012,"ARX(1,1)",True,False,1,-517.9513073415192,1057.9026146830383,1094.9796329924427,7.023351859589071,3.4895557260397427,0.0488785548590191,0.0223369464740448,0.584892368905475,0.2446160975009833,1.28877148940095,0.0263759496774553,0.196656571803634,0.3352843261336182,0.4537938354533554,,,-147.96665129044902,317.93330258089804,355.01032089030235
2026-05-30T18:53:52,96,2,9600022,"ARX(1,1)",True,False,1,-209.53975338016096,441.0795067603219,478.15652506972623,0.005,7.739965882843501,0.1225151294894461,0.3419974771205085,0.3506888290863556,0.2234919580949931,1.4625645206363198,0.1947695316989227,-0.035579627271701,0.3638769191915121,0.9046609940287365,,,-224.53319617083451,471.0663923416691,508.1434106510734
2026-05-29T17:10:41,97,1,9700012,"ARX(1,1)",True,False,2,-469.8613201325755,961.722640265151,998.7996585745552,0.7452606733780874,5.792868415511033,1e-05,0.177872960116079,0.1610392753531736,0.4887795874312571,0.0210208592351123,0.945463651677171,0.435767928238541,0.4188452205939489,1.5948401159541103,,,-192.6594527488429,407.3189054976859,444.3959238070902
2026-05-30T02:38:08,97,2,9700022,"ARX(1,1)",True,False,2,-663.43348379762,1348.86696759524,1385.9439859046445,6.401271760970305,3.4401052212802785,0.1334714794361552,0.0017897420951529,1.2006880434724363,0.4258897001993078,1.8529289278953989,0.0218065105349941,-0.9658473178043672,-0.0006803263721975,-2.3827438574733706,,,-173.97578996389225,369.9515799277845,407.0285982371888
2026-05-29T21:37:20,98,1,9800012,"ARX(1,1)",True,False,2,-237.11632476405674,496.2326495281135,533.3096678375177,0.1262349738767593,0.3687050596737408,0.2180425353552017,0.4074235107110927,1.1887592696928582,0.1040317997327057,1.5959291240691895,1.406438821119242,0.0456846888989407,0.203668077050294,0.4993376957657742,,,-182.92726847795245,387.8545369559049,424.9315552653092
2026-05-30T15:56:15,98,2,9800022,"ARX(1,1)",True,True,0,-542.4190065601639,1106.8380131203278,1143.9150314297322,3.269856320074261,6.097527505816348,0.0092679751113869,0.1808553670371963,0.4176166660130352,0.5469904894696248,0.008590247743141,1.352114760604317,-0.2410923527711443,0.3683298184119057,3.015407713027008,,,1263.6153817826207,-2505.230763565241,-2468.1537452558373
2026-05-29T21:07:43,99,1,9900012,"ARX(1,1)",True,False,1,-644.8377780144842,1311.6755560289685,1348.7525743383728,3.215139059005578,2.129635523449543,0.5198489045116864,0.1228941715795114,0.4110173090566879,1.1213143546353983,1.9569187913650845,0.016282350788725,-0.7470137065000442,0.0406839215507406,-1.9956228983058903,,,130.08124828190398,-238.162496563808,-201.08547825440368
2026-05-30T09:37:34,99,2,9900022,"ARX(1,1)",True,False,1,-189.88352845429876,401.7670569085975,438.8440752180018,8.760075189601569,0.005,0.0397585086932767,1e-05,0.89071967908374,1.099712466875592,0.1696882097505897,1.890950646943586,0.0935186991280269,0.3207583834969167,0.5354989369680156,,,-204.12187220802616,430.2437444160523,467.32076272545663
2026-05-30T05:30:25,100,1,10000012,"ARX(1,1)",True,False,1,-192.48381449379374,406.9676289875875,444.0446472969918,7.63911561419855,0.005,0.0834144335382676,1e-05,0.6060499216654742,0.6494372488019088,0.1776270379433455,1.1064926678838791,0.3967397668105677,0.4235179323741652,0.1299288318192601,,,-213.43227502429065,448.8645500485813,485.9415683579856
2026-05-29T20:33:28,1,1,100013,"ARX(2,1)",True,False,2,-264.1393544376408,552.2787088752816,592.7263652128136,1.149237209634231,2.654719316499946,0.0568848815380382,0.8720557658981805,0.4196780403075313,0.355177258351966,0.2891573117504871,0.0989985870070981,0.2703308728575737,0.2797948711384054,1.0760586308004985,-0.0092006275908787,,-280.7155117118787,585.4310234237574,625.8786797612894
2026-05-30T14:08:10,1,2,100023,"ARX(2,1)",True,False,2,-459.7610478875784,943.5220957751568,983.9697521126888,3.60556399119382,6.93834040246867,0.0803442437108385,0.2654430379589067,0.2216782765671397,0.1863045654917957,0.0131711948113003,1.0789768929062966,0.2844933165706186,0.163353270043992,0.6467421038231139,-0.0797327579065997,,481.6017795095488,-939.2035590190976,-898.7559026815655
2026-05-29T22:08:05,2,1,200013,"ARX(2,1)",True,False,1,-341.3812459554441,706.7624919108882,747.2101482484202,6.07250425983003,4.113903227484214,0.2980135221075463,0.4771214767245542,0.4410835248298344,1e-05,0.5773562286676376,0.0025475750248394,0.5740133720910778,0.4519915597051585,-0.4197806816073047,0.2976197756375538,,-348.6885661074222,721.3771322148444,761.8247885523764
2026-05-30T04:15:59,3,1,300013,"ARX(2,1)",True,False,1,-222.36331161251502,468.72662322503004,509.174279562562,0.005,8.45294374514337,1e-05,0.0004295274321645,1.0786620563254166,0.8561253187728887,1.5626457096227495,0.2500934732862019,0.025799561318043,0.1928388973257183,0.9451815624992452,0.0998247438263369,,-242.50530756388437,509.0106151277687,549.4582714653006
2026-05-30T17:38:08,4,1,400013,"ARX(2,1)",True,False,1,-635.7827734680179,1295.5655469360358,1336.0132032735678,0.005,10.0,1e-05,0.526217775749019,0.3057311876938205,1.3959931701638608,0.0023071154558364,0.9763453582999976,1.0017735866104922,-0.385206552282507,5.014779729994832,-0.6605625740008817,,6599.750799908144,-13175.501599816287,-13135.053943478755
2026-05-29T20:50:29,5,1,500013,"ARX(2,1)",True,False,2,-413.83601233011245,851.6720246602249,892.1196809977569,4.510997067817678,3.2731830132613915,0.0052513456367543,0.2759464386993193,0.2511772695814354,0.5187377859526842,0.006706252335951,0.91391265848963,0.111986820752303,0.4600043818411391,1.370017710485402,0.1060718700973505,,7.721807767717394,8.556384464565213,49.004040802097165
2026-05-30T12:03:18,5,2,500023,"ARX(2,1)",True,True,0,-430.0988151561683,884.1976303123366,924.6452866498686,5.043821047194979,0.8673720094088313,1.853092975787653e-05,1e-05,0.0024735245184916,0.2743969282895446,1.1014172564717994,0.0107244226706318,-0.1089615287972341,0.2526924323514208,0.0408392947984208,0.2171102261929552,,32.30769074760403,-40.615381495208055,-0.1677251576761023
2026-05-30T02:26:00,6,1,600013,"ARX(2,1)",True,False,1,-395.12631809270306,814.2526361854061,854.7002925229381,9.45205641007658,2.565388427115882,0.0014337847394372,1e-05,1.3776106348550408,0.0067066908783564,0.8043825286184777,0.0043993821853571,0.3133702453322552,0.470287613462551,0.5636853016540438,0.1597070951922523,,701.1951267245536,-1378.3902534491071,-1337.9425971115752
2026-05-30T18:41:27,6,2,600023,"ARX(2,1)",True,False,2,-451.55279933903864,927.1055986780773,967.5532550156092,2.1351561999562008,4.257175914153421,1.0011480595728735e-05,0.0719075423996244,0.0027606601062452,0.6966471517950472,0.0007274163904517,1.300776970550835,0.2978070962459417,0.2940970982142291,1.2581659559208234,-0.0851165314251426,,12669.567613913256,-25315.135227826515,-25274.687571488983
2026-05-29T19:29:10,7,1,700013,"ARX(2,1)",True,False,2,-223.85375454920313,471.70750909840626,512.1551654359382,0.3377864506158581,0.3294851642514765,0.4460947839650605,0.0743964388598489,0.1672712826522035,0.4378879021576255,1.1922025841934645,1.4006537045783192,0.1111318122785535,0.2672766691780888,0.5725020555059395,0.0539225915981658,,-168.25859164289608,360.51718328579216,400.9648396233241
2026-05-30T18:11:09,7,2,700023,"ARX(2,1)",True,False,1,-219.7587176419411,463.5174352838822,503.96509162141416,0.1557533861775103,4.318462407839204,1e-05,0.1504111743239312,0.0545307301306962,0.0209338281483612,0.120016264370256,0.3276577170047419,0.2180582207896576,0.3628884765401013,0.4651298966083467,0.1344394750974581,,-246.04330885953917,516.0866177190783,556.5342740566102
2026-05-29T21:20:05,8,1,800013,"ARX(2,1)",True,False,1,-396.40944412779186,816.8188882555837,857.2665445931157,4.307257975548534,3.4679893046998385,1e-05,0.0062794901768309,0.0045348506152541,0.5899371515921448,0.0056049740698976,1.2790920734409816,0.0025829660629897,-0.1398988312194399,1.135308715950649,0.025289347108486,,1.9907444055686483,20.018511188862703,60.466167526394656
2026-05-30T11:43:23,8,2,800023,"ARX(2,1)",True,False,2,-213.6225253753305,451.245050750661,491.69270708819295,0.0071613573751112,6.52357576579495,0.0027720351573083,0.1398940920060791,0.0644072001449353,0.5702976700919736,0.6948180540799728,0.2131154165756877,-0.0201721144550271,0.3147448291850781,0.9934513116811612,-0.0361508951587617,,-206.70345385104645,437.4069077020929,477.8545640396249
2026-05-30T00:50:40,9,1,900013,"ARX(2,1)",True,False,2,-493.0450808647439,1010.0901617294878,1050.5378180670198,7.672947443140972,5.511047115478661,0.119272816081619,0.1011128333656294,1.106274876829771,0.1665005529811212,1.2374002628931249,0.0095791373646933,-0.0134251907654548,0.1349565317336799,0.2459707109248021,0.2587895181911227,,521.5486304601881,-1019.097260920376,-978.6496045828442
2026-05-30T15:32:09,9,2,900023,"ARX(2,1)",True,False,1,-195.923247280211,415.846494560422,456.29415089795395,3.542440989880621,0.005,0.1966497042140335,0.0472574711830567,1.0311756661748417,0.8389575010470323,0.2422451131397395,1.3361175625615402,0.0426715476361119,0.3269007467015644,0.5318533401212632,0.0264054011379146,,-209.5424146931396,443.0848293862791,483.5324857238111
2026-05-29T19:26:29,10,1,1000013,"ARX(2,1)",True,True,0,-437.655634463003,899.311268926006,939.758925263538,3.3705089384195066,6.194765215720902,0.59369108385048,0.2917150824893659,0.3859953312915709,0.0136119398399673,0.9041280267153982,0.0055011240540439,0.0622172705592458,0.1094603166546032,0.0364200322860992,0.2010089526402259,,762.4577296296211,-1500.9154592592422,-1460.4678029217102
2026-05-30T10:11:56,10,2,1000023,"ARX(2,1)",True,False,1,-274.0728038413416,572.1456076826832,612.5932640202152,0.005,2.5125402801356094,0.451071010940351,0.0409292435374483,0.0313015482928993,1.2732053536506915,0.8438440803693819,0.6217290024631602,0.1649998765249693,0.2184154018311006,1.074813479917473,-0.133308911089669,,-272.31235762184554,568.6247152436911,609.072371581223
2026-05-30T03:50:35,11,1,1100013,"ARX(2,1)",True,False,2,-632.5881890282687,1289.1763780565375,1329.6240343940694,5.178416919031179,6.573753161858041,1e-05,0.5337273810197257,0.688917956569096,0.7684195162029236,0.017686124979149,1.889886690796493,0.3400752606373924,0.2588677395439581,1.57105209394729,-0.1408013828138583,,664.7387394591608,-1305.4774789183216,-1265.0298225807896
2026-05-29T20:21:40,12,1,1200013,"ARX(2,1)",True,False,2,-497.1025666214039,1018.2051332428078,1058.6527895803397,2.1896920149122727,3.2487949452085303,0.1134049310980431,0.6151922388613815,1.0504073399240643,0.2458474839490622,0.0098538019145628,1.0916851687013611,0.3530701906703407,0.510966294848693,1.3951589394371786,0.1632401502815144,,-31.94747926153872,87.89495852307743,128.3426148606094
2026-05-30T17:13:20,12,2,1200023,"ARX(2,1)",True,True,0,-350.7128621584385,725.425724316877,765.873380654409,6.621949509794358,3.5125871864343146,1e-05,0.0012589300851519,0.7300262162308014,0.0327586036785951,0.5849962983584199,0.0060586870094516,0.0001430327127856,0.1818316664581003,0.4659335291373325,-0.0224849872382419,,-102.51559385610724,229.0311877122145,269.47884404974644
2026-05-29T22:28:07,13,1,1300013,"ARX(2,1)",True,False,2,-214.5854532109817,453.1709064219634,493.6185627594954,1.8928009195704831,0.005,0.6253391621012544,0.158358798133526,1.0070255640941763,1.4392147834142228,0.1458462038899783,1.9391027436180872,0.201643036698933,0.2889920371264035,0.442116956172835,-0.1070090044726026,,-228.5568909547952,481.11378190959033,521.5614382471223
2026-05-30T14:38:43,13,2,1300023,"ARX(2,1)",True,False,2,-383.54132830454625,791.0826566090925,831.5303129466245,8.007365285463749,7.885898215693428,0.2807814104515534,0.0020033903845969,0.1775798874498495,1.229526219190172,0.5005887094461139,0.0069566281937347,-0.007974674242757,0.0196173792267143,0.265576380184035,-0.0917346124254183,,1262.4180610022934,-2500.8361220045867,-2460.388465667055
2026-05-29T22:24:18,14,1,1400013,"ARX(2,1)",True,False,1,-213.64977865245913,451.29955730491827,491.7472136424502,0.3364896889797347,0.0302717027941974,0.9030474825101128,0.0036150126885464,0.7942034842437626,0.3707389927641251,0.2455141023435293,1.602774088378767,-0.0583331338479223,0.2905286843312291,0.889972469112133,0.0658133436349257,,-240.41922084334004,504.8384416866801,545.286098024212
2026-05-30T13:36:56,14,2,1400023,"ARX(2,1)",True,False,1,-227.01023265751664,478.0204653150333,518.4681216525653,0.005,3.6745212912341927,1e-05,0.117132976177055,0.5844620626083176,1.1678351566260632,1.4431898219674062,0.2299922701803461,0.1204888495835034,0.4456782049917207,0.6158570548069692,0.1731211793017208,,-226.1978675904061,476.3957351808122,516.8433915183441
2026-05-30T00:40:53,15,1,1500013,"ARX(2,1)",True,False,1,-450.49814919033906,924.9962983806781,965.4439547182101,6.448281868953962,8.717654225055565,0.0701292647750191,0.0056883363452278,0.3344958357673013,0.6213223350372878,0.9793297807488216,0.0142880783001645,-0.1072162213750822,0.2093484915245321,0.1419427903989717,-0.1194118014689625,,-213.4901822946364,450.9803645892727,491.4280209268047
2026-05-30T17:41:04,15,2,1500023,"ARX(2,1)",True,False,2,-524.013831868496,1072.027663736992,1112.475320074524,3.366968341373654,8.14588746760379,1e-05,1e-05,0.3021880571503801,0.8339437338595508,0.0148971705254267,1.5063200586404784,0.1851201905971624,0.0178249399395334,1.6933089050201349,-0.2541024214470563,,553.2452790387945,-1082.490558077589,-1042.042901740057
2026-05-29T23:34:09,16,1,1600013,"ARX(2,1)",True,False,1,-479.4035194776675,982.807038955335,1023.2546952928669,3.4086314854992343,7.385775420329595,1e-05,0.08294403387385,0.2280447994471242,0.9454335601382606,0.0132332343389904,0.8720298793387068,0.5171869867277491,0.2521498569915271,2.014158629659148,-0.1185465865318026,,-196.7754692716985,417.550938543397,457.998594880929
2026-05-30T00:38:54,17,1,1700013,"ARX(2,1)",True,False,1,-219.8441415726706,463.6882831453412,504.13593948287314,1.3099474180701791,9.645372251716712,1e-05,0.0143191816872463,1e-05,1.4930859471054392,0.0025594627158569,0.2124093748699063,0.1670989183403284,0.1323655888203878,0.6489430967232768,0.1584339587537246,,-223.65009768802517,471.3001953760503,511.74785171358224
2026-05-30T13:35:00,17,2,1700023,"ARX(2,1)",True,True,0,-598.0132249936587,1220.0264499873174,1260.4741063248493,2.973078051438058,2.078715216528204,0.5667775834392595,0.2466543595185655,0.7954984948055053,0.176557036640139,1.3581791961957257,0.008234641259147,-0.5521375287125415,-0.0541785119645433,-1.246348697715444,-0.231802600786411,,701.9633678235768,-1379.9267356471537,-1339.4790793096215
2026-05-29T21:09:13,18,1,1800013,"ARX(2,1)",True,False,2,-527.9608636759763,1079.9217273519525,1120.3693836894845,3.6030492870707183,5.181601923710205,0.7927473415980654,0.5858113894712268,1.259745245979688,0.7819286308160713,0.0809420189265268,0.1085355008285452,0.2071303750513729,0.4727904431925027,0.719659035904006,0.1593408215448832,,-202.5389096652785,429.077819330557,469.525475668089
2026-05-30T11:44:08,18,2,1800023,"ARX(2,1)",True,False,1,-233.17816306035058,490.35632612070117,530.8039824582331,5.048738872425158,0.005,0.094187671487108,1e-05,0.3335950680967481,0.0256426738652061,0.3553011819752112,0.3890688504999534,0.0231944140569578,0.4287237636732668,0.2322172484570495,0.266321735901913,,-235.2210347148631,494.4420694297262,534.8897257672581
2026-05-29T20:19:32,19,1,1900013,"ARX(2,1)",True,False,1,-226.41529571922808,476.83059143845617,517.2782477759881,0.005,6.743615966454794,0.0910055494723945,0.1463696353006421,0.0679248987026368,1.049388216295196,0.9709394574323886,0.2450922734030566,-0.3017003891089208,0.3976884653498979,0.5743640916450141,0.5266124156988963,,-233.1984292841903,490.3968585683806,530.8445149059125
2026-05-30T08:08:22,19,2,1900023,"ARX(2,1)",True,False,1,-537.6282798022474,1099.256559604495,1139.7042159420268,9.065930546425577,1.4511780840267163,0.0108809007144467,1e-05,0.4505600683678572,1.4590609527102445,0.928076745859116,0.0217736740306573,-0.0577995734837328,0.6021708856040231,-0.2567914362794958,0.527013675375633,,-227.7008432898284,479.4016865796568,519.8493429171888
2026-05-29T20:56:06,20,1,2000013,"ARX(2,1)",True,False,2,-225.42704744252583,474.85409488505167,515.3017512225836,0.005,2.822418517786063,0.0048181282645503,0.2412714345988499,0.9831061290959592,0.7038880665403037,0.959845580965376,0.4096704964573558,0.0937265475654036,0.2652261992074423,0.723568908218363,-0.0713513856572386,,-230.5673749064849,485.1347498129698,525.5824061505018
2026-05-30T16:05:56,20,2,2000023,"ARX(2,1)",True,True,0,-450.9941492124793,925.9882984249585,966.4359547624905,7.525034485767069,4.211002538505555,0.2316110881051508,0.1279854171733772,0.9038489700968002,0.7655957122729753,0.8060287538625556,0.0165120228311984,-0.1244873722157843,0.0930574960267826,0.160345554810994,-0.071979558476342,,6.505488282462494,10.989023435075012,51.436679772606965
2026-05-30T01:08:16,21,1,2100013,"ARX(2,1)",True,False,1,-290.262908166696,604.525816333392,644.9734726709239,0.353820201102187,5.423919081228273,1e-05,0.2251248687211296,0.0012083698623874,0.8999929161113518,0.2031837646615732,0.4113033181210394,0.0095649432019515,-0.1900735997803179,2.064811197265504,-0.492710305745035,,-323.86745849502745,671.7349169900549,712.1825733275869
2026-05-29T19:06:59,22,1,2200013,"ARX(2,1)",True,True,0,-577.368646223784,1178.737292447568,1219.1849487851,2.1715504604775404,8.172989317861065,1e-05,0.0174018385277747,0.6610563407084775,0.15420056978104,0.0229062057351601,1.64151449554982,0.5992087812853014,0.4888756591669712,2.044930692425984,-0.0430813838668947,,-121.16666288442065,266.3333257688413,306.78098210637324
2026-05-30T13:06:35,22,2,2200023,"ARX(2,1)",True,True,0,-531.4494249965945,1086.898849993189,1127.346506330721,6.243654032081642,5.771956413714753,0.2523866689616276,0.0042817631861965,0.3035805197395234,0.7981852171334899,1.5435011229217377,0.0128508407298448,0.1448703423518219,0.1352181807964482,0.3033825473594534,0.0596582606555455,,232.49554846380897,-440.991096927618,-400.543440590086
2026-05-29T21:08:47,23,1,2300013,"ARX(2,1)",True,True,0,-414.9253925145723,853.8507850291446,894.2984413666766,2.875901074709994,5.223169804515828,0.0094567201454357,0.066346284796726,0.6382936396274524,0.1719854106028104,0.0111208973932532,0.8753638039095858,0.3435353246290367,0.3277049634760183,1.335399685095643,0.0399628995442179,,-198.22013732502504,420.4402746500501,460.8879309875821
2026-05-30T19:20:34,23,2,2300023,"ARX(2,1)",True,False,2,-204.2606015838568,432.5212031677136,472.9688595052456,0.0199575370564115,3.0566360504999066,0.0723972492234181,0.0645009127121379,0.4913503180203069,1.3712701014331978,1.053356017216352,0.249238657779557,0.0506169672968664,0.4186327784309421,0.5238787654088027,0.2163676658232459,,-197.37520010492955,418.7504002098591,459.1980565473911
2026-05-29T23:27:02,24,1,2400013,"ARX(2,1)",True,True,0,-587.7664497405424,1199.5328994810848,1239.9805558186167,7.654417302180631,7.322066200542362,0.0018313956455892,0.3413267421945474,0.9466106504260012,0.0844136377688212,0.007330003446878,1.3172045959739551,0.6007731939386347,0.5555067020493971,2.436969797004467,0.2682685277729131,,1441.7218113971187,-2859.4436227942374,-2818.995966456705
2026-05-30T00:06:37,25,1,2500013,"ARX(2,1)",True,True,0,-461.7415382408695,947.483076481739,987.9307328192709,7.046550694733392,2.265534597264258,0.1790232330818643,0.0383242086900924,1.3783848525224327,0.0974648344001204,0.8683458464511392,0.0033841798051439,-0.2651417137712151,0.2173357461084454,0.1388315656794317,-0.1253262858548009,,3264.106639407295,-6504.21327881459,-6463.765622477058
2026-05-29T22:56:07,26,1,2600013,"ARX(2,1)",True,False,2,-443.92063874544067,911.8412774908813,952.2889338284133,2.732427317726627,1.0818539118343538,0.0182182438014913,1e-05,0.3992019351357761,1.0753947375896131,1.701215151689908,0.0146232539482812,0.5565364413027635,0.3643143908025794,0.4923869848292202,-0.147100302339304,,-120.55536325197764,265.1107265039553,305.55838284148723
2026-05-30T17:55:30,26,2,2600023,"ARX(2,1)",True,False,1,-389.5109434809161,803.0218869618323,843.4695432993642,5.075908272731255,3.205933621607477,0.0215434378568345,0.0097557007854191,0.2866977416720703,0.0063115231311553,1.0714899029422698,0.0162903494115696,0.1908577829892478,0.4431785438893343,0.7272174491997514,0.227386235560172,,-174.421287297582,372.842574595164,413.290230932696
2026-05-30T00:11:24,27,1,2700013,"ARX(2,1)",True,False,1,-558.4361425421259,1140.8722850842519,1181.3199414217838,5.458587155304895,3.221237267874036,0.1832395899773116,0.3589638006700832,0.0899442298389147,0.6728267772528458,0.0026804888165882,1.539313625796867,0.7530011885810703,0.6105413386008732,1.7227020587345625,0.2209636641411656,,5971.742293020001,-11919.484586040002,-11879.03692970247
2026-05-30T03:57:09,28,1,2800013,"ARX(2,1)",True,False,1,-186.817954731617,397.635909463234,438.08356580076594,2.738315535677804,0.005,0.5210577279581158,1e-05,0.6842089619798353,1.0201812172641944,0.1998436004051061,1.5884327432989291,0.112248730022288,0.4727032105122377,0.3128704157187826,0.0677283967495946,,-201.85098323123464,427.7019664624693,468.1496228000012
2026-05-29T20:06:01,29,1,2900013,"ARX(2,1)",True,False,1,-224.62309475872155,473.2461895174431,513.693845854975,0.0090251518442473,9.075964574444727,1e-05,0.0371905999367713,0.8338897704603037,0.270825275133842,1.502671037907697,0.2737172478531429,0.0634459033192071,0.1902955950990757,0.6434412723570699,0.2531851681458373,,-238.5474417281984,501.0948834563968,541.5425397939288
2026-05-30T13:44:47,29,2,2900023,"ARX(2,1)",True,False,2,-720.2318830660518,1464.4637661321035,1504.9114224696355,3.1345168284688967,8.514981670816798,0.7673946493218325,0.7574023793840926,0.377648898358572,1.1744373267437376,0.0074759508937373,1.964521839481504,0.0970121444515717,0.3143651937444053,1.050309220789562,-0.0070740251646047,,14156.42868418522,-28288.85736837044,-28248.40971203291
2026-05-30T00:48:10,30,1,3000013,"ARX(2,1)",True,False,1,-213.57666701171559,451.15333402343117,491.6009903609631,1.8695167333121872,0.1555531406868734,0.1983720925517182,0.4390303075456416,0.0013335716796857,1e-05,0.2737015007031762,1.0245887585638769,-0.0656769554264982,0.529640575812564,-0.0515050431447224,0.3223417455138175,,-226.18620211560244,476.3724042312049,516.8200605687368
2026-05-30T21:19:28,30,2,3000023,"ARX(2,1)",True,False,1,-219.90839230912545,463.8167846182509,504.26444095578285,3.787122605702949,0.0517738785243254,0.084254402092248,0.0930230280985338,0.5887752805093631,0.0093708906631598,0.3224702174698688,0.5385995509382393,0.1313705125666575,0.5129704595730439,-0.1902758336560802,0.5024559339026343,,-231.66307145661105,487.3261429132221,527.7737992507541
2026-05-29T22:13:20,31,1,3100013,"ARX(2,1)",True,False,1,-184.46268899591476,392.9253779918295,433.3730343293615,7.395485547068882,0.005,0.2754373663095179,0.3236626418082887,0.6780853659158315,0.0006714269112679,0.1625259265886706,1.397776573065148,0.1120325090898884,0.2452909702719582,0.6691923659845959,0.0109703149123294,,-187.04495476075883,398.08990952151765,438.5375658590496
2026-05-30T17:34:23,31,2,3100023,"ARX(2,1)",True,False,1,-187.26893623817637,398.53787247635273,438.9855288138847,4.711768788820638,0.005,0.5440979601154996,1e-05,1.1246098624121013,0.4315427538740548,0.1386004821964234,1.960685001350752,0.0501104244289995,0.3568577569608892,0.5824647005400607,0.0965962567910081,,-193.70906637561117,411.4181327512223,451.86578908875424
2026-05-29T17:32:32,32,1,3200013,"ARX(2,1)",True,False,2,-444.9239915924618,913.8479831849236,954.2956395224555,6.919638023930682,2.2331215622179705,0.0061859892157037,0.0044714238392383,0.8498604894659274,1.2701534687354006,0.9201211423887236,0.0058017219193817,-0.1636677317034158,0.391996321718272,-0.5011331130440697,0.2819721485775092,,325.61762213644886,-627.2352442728977,-586.7875879353658
2026-05-30T15:58:18,32,2,3200023,"ARX(2,1)",True,False,1,-541.457826698485,1106.91565339697,1147.3633097345019,8.047905559572184,4.4628500790146655,0.0733747030025448,0.4061394747070473,0.1109147926877777,0.4890365187939923,0.0081373181750506,1.5770034266254256,0.2013818021624438,0.4590783319897982,1.3923882286562088,0.1156253983520627,,1246.3792404823907,-2468.758480964781,-2428.310824627249
2026-05-29T20:16:11,33,1,3300013,"ARX(2,1)",True,False,2,-341.8822322144878,707.7644644289755,748.2121207665075,1.79849185004528,3.142954099470381,0.0960578519824658,0.0734712399246298,0.5257934388001267,0.0911127611148979,0.0415346402286961,1.0246051790052455,0.1312206498573051,0.0300380697174539,0.751168538538878,-0.1099872327647734,,-385.6398294335188,795.2796588670376,835.7273152045695
2026-05-29T22:22:37,34,1,3400013,"ARX(2,1)",True,False,1,-208.4507523287317,440.9015046574634,481.3491609949954,0.005,7.985096782240197,1e-05,0.1189464128902197,1e-05,0.1389105497616336,0.8003771177738245,0.2510539199161578,-0.0212180443156686,0.3099532639387177,0.5573562393306314,0.2083202719910915,,-214.57568440494796,453.1513688098959,493.5990251474278
2026-05-30T12:29:25,34,2,3400023,"ARX(2,1)",True,False,1,-224.22438593028653,472.44877186057306,512.896428198105,0.3092655893340604,0.3342206893317722,0.0018112546466943,0.0893040335965142,0.5250204379496716,1.1891255478044758,0.9561650123257104,0.6115843492737205,-0.2023905299181821,0.0488191147790314,0.9359005119625518,0.296557358486421,,-187.3789802043686,398.7579604087372,439.20561674626913
2026-05-30T08:21:04,35,1,3500013,"ARX(2,1)",True,False,2,-565.2732725732137,1154.5465451464274,1194.9942014839594,4.015304348831195,4.924414951723395,1e-05,0.5363919297861056,1.071501115927545,0.6723281061682996,0.0156536016593931,1.5430135775962135,0.2737166742904136,0.2414922675663988,1.5738677296139567,-0.0481734344910455,,60.73709208945513,-97.47418417891026,-57.02652784137831
2026-05-30T00:22:05,36,1,3600013,"ARX(2,1)",True,False,1,-203.17532551627744,430.3506510325549,470.79830737008683,0.005,2.4596062892723247,0.3283777441950338,0.8417783858247553,0.254497315046598,0.0201494997539468,1.8981394511457728,0.1704066478303186,0.009147874528008,0.233203829455708,0.5190012280865488,0.2915018458293932,,-216.27207176501008,456.54414353002016,496.9917998675521
2026-05-30T18:34:15,36,2,3600023,"ARX(2,1)",True,False,2,-637.0204759408487,1298.0409518816973,1338.4886082192293,6.06614206278529,8.302400823342694,0.4580793130263641,0.2655920115543259,0.6736107934182288,0.4001686009566,0.0149276102658374,1.9440880054952212,0.5041733353549087,0.5249982288882814,2.0954093791739687,0.2802164213647399,,1707.9701611584169,-3391.9403223168338,-3351.492665979302
2026-05-30T00:38:31,37,1,3700013,"ARX(2,1)",True,True,0,-480.81890774918145,985.6378154983629,1026.0854718358949,5.673844983467268,4.046123953312995,0.0112284457529065,0.0011924204706694,1.231488944885544,1.1908057897205166,1.277842331938024,0.0018201357176516,0.0975729194873192,0.1889693862305373,-0.3435641227029602,0.1726282548168727,,2064.356609676698,-4104.713219353396,-4064.265563015864
2026-05-30T16:05:27,37,2,3700023,"ARX(2,1)",True,True,0,-481.26089973301373,986.5217994660275,1026.9694558035594,1.3821101586159217,4.771591958202623,0.1516212471904812,0.0063830503043825,0.2207643071211819,0.3911551925625857,0.0076326069269578,1.4113585931288175,0.4717735147988547,0.4711615858437172,1.136531124609928,-0.0579799533328232,,241.62052038147755,-459.2410407629551,-418.7933844254232
2026-05-29T23:22:00,38,1,3800013,"ARX(2,1)",True,False,1,-195.71544788611428,415.43089577222855,455.8785521097605,4.598993817605976,0.005,0.3343121262152009,1e-05,0.3633930449094752,1e-05,0.2282002799648044,1.0742678826131251,0.1152143314977287,0.3327256927010245,0.4147266348810672,0.2234847647826643,,-197.59266922205103,419.18533844410206,459.632994781634
2026-05-30T11:47:43,38,2,3800023,"ARX(2,1)",True,False,2,-211.64986102100698,447.29972204201397,487.7473783795459,1.9678681409686545,0.0123517182024428,0.0048172609081002,0.3961608650241764,0.359914638392725,0.0995768080470047,0.5210875496294146,1.5233164170512832,0.1380548234073496,0.4028641119316148,0.7400609260628671,-0.0925010077450249,,-191.549730938202,407.099461876404,447.5471182139359
2026-05-29T22:22:23,39,1,3900013,"ARX(2,1)",True,False,2,-507.4808444289451,1038.9616888578903,1079.4093451954222,1.112743185643398,8.790326637661735,0.0237213025679767,0.1244559610986194,0.5730800632019555,0.6245508498605417,0.0143828887646797,1.2299702710143705,0.2956853425604274,0.2629278277704341,1.2543367323057393,-0.0584735525990065,,890.0869831990026,-1756.1739663980052,-1715.7263100604732
2026-05-30T19:30:37,39,2,3900023,"ARX(2,1)",True,False,1,-183.9013626113545,391.802725222709,432.25038156024095,6.195634358500944,0.005,0.1880967141103939,1e-05,0.5095878004577862,0.3274494906910677,0.1745229862344807,1.7796445883391496,0.1984046970743612,0.2922278903286631,0.4148684887243506,0.081053609566048,,-193.46624321319743,410.9324864263949,451.38014276392687
2026-05-30T11:32:43,40,1,4000013,"ARX(2,1)",True,False,2,-640.6996961344828,1305.3993922689656,1345.8470486064975,6.735961368073631,7.632816628966772,1e-05,0.3099614538056209,0.4359453747113778,0.363220819904526,0.0021956830331673,1.9168326781410692,0.6409790959935753,0.4955221150920401,2.474405120273278,0.214012613126097,,6333.726722411709,-12643.453444823415,-12603.005788485883
2026-05-30T03:31:54,41,1,4100013,"ARX(2,1)",True,True,0,-605.0333554713379,1234.0667109426759,1274.5143672802078,3.36221060443117,6.755380019569939,1.0000000002011216e-05,0.2077042483589872,0.78672983220322,0.4975417853094541,0.0190377985602817,1.975894315386973,0.4652415904021458,0.4016201442514164,1.8089216235933936,0.0864355461673146,,8.622059295253166,6.755881409493668,47.20353774702562
2026-05-30T00:48:34,42,1,4200013,"ARX(2,1)",True,False,1,-276.71648687092903,577.4329737418581,617.88063007939,0.0786675724962087,5.905521124806131,1e-05,1e-05,0.0022284885171752,1.4608287027209623,0.0816133895520085,0.3469359960012192,0.0265286330699704,-0.1800395803820881,1.8738014082838808,-0.173492820060266,,-285.5628250935933,595.1256501871866,635.5733065247185
2026-05-30T16:08:46,42,2,4200023,"ARX(2,1)",True,False,1,-217.52817161738636,459.0563432347727,499.5039995723047,8.042346712613266,0.005,1e-05,1e-05,0.2351950068848792,1e-05,0.2823951598662708,0.9376633958739587,0.5796142151292756,0.2412568309437748,0.5250168051621773,-0.1538865881753463,,-218.2995198142901,460.5990396285803,501.0466959661122
2026-05-30T01:12:02,43,1,4300013,"ARX(2,1)",True,False,1,-314.56130845763767,653.1226169152753,693.5702732528073,7.709390660076986,2.7837916406533734,0.7555493499483943,0.6438149235815042,0.4985265472603692,0.6951715933408277,0.0393642043189703,0.1642214549033338,-0.085379256538997,0.2027689426378798,0.6163014868618216,-0.0159069997626026,,215.37740612212272,-406.75481224424544,-366.3071559067135
2026-05-30T17:24:31,43,2,4300023,"ARX(2,1)",True,False,1,-396.3437117979473,816.6874235958946,857.1350799334266,2.92710136312497,5.37981943810124,0.0232551535280863,0.0312528230125587,0.2338831784593269,1.0008577709995614,0.0167969261458494,0.8407538168286233,0.3487266710943114,0.2584152803932319,0.742835813415464,0.1183335540672209,,-124.30297816222912,272.60595632445825,313.0536126619902
2026-05-29T19:30:59,44,1,4400013,"ARX(2,1)",True,False,2,-196.7640022827109,417.5280045654218,457.97566090295373,3.5886376276340246,0.005,0.1638568340569697,1e-05,0.3488512005368485,0.7178089112247603,0.2492179827991986,1.1039313768928385,0.0999989449396447,0.441408908170142,0.2449282869702494,0.1375083350887328,,-193.4104661741212,410.8209323482424,451.2685886857744
2026-05-30T15:31:23,44,2,4400023,"ARX(2,1)",True,False,1,-669.818843746982,1363.637687493964,1404.085343831496,6.899054412025775,0.005,0.0664539831167835,1e-05,1.263014005776814,1.080182044808742,0.8697057616698787,0.007257456204569,-0.8883006345001905,0.3119074080047555,-4.480674661629941,0.1327254159257695,,330.523517661248,-637.047035322496,-596.599378984964
2026-05-29T23:28:14,45,1,4500013,"ARX(2,1)",True,True,0,-497.2825424473572,1018.5650848947143,1059.0127412322463,2.4507702306127856,5.469758612300914,0.001776489563413,0.465762163430344,0.1207096991132826,0.6691217504312709,0.0067802080162037,1.1732557875274083,0.2037806978690722,0.1783559934637271,1.0324688287978403,0.1343171360398732,,3106.4610957709183,-6188.922191541837,-6148.474535204305
2026-05-30T18:01:59,45,2,4500023,"ARX(2,1)",True,False,1,-298.6633968958148,621.3267937916296,661.7744501291616,4.272699535002412,0.9289232223191912,0.4916286800665836,1e-05,1.478326681025827,1.000000000000249e-05,0.3509336329979983,0.0385267646035731,0.222904405625989,0.439654236979685,-0.0636397309716571,0.4681154109519951,,-317.86353767015805,659.7270753403161,700.1747316778481
2026-05-30T03:33:56,46,1,4600013,"ARX(2,1)",True,False,2,-465.4944704007671,954.9889408015342,995.4365971390662,8.05630996910928,5.303038147187065,0.0440467068245701,0.1943906685775207,1.1217575248065816,0.1326296523955827,0.0149374727450269,1.1911702688444976,0.143405545536414,0.3673723830759889,0.9684100975771242,0.2853062165442492,,59.54680930246696,-95.09361860493392,-54.64596226740196
2026-05-29T16:46:00,47,1,4700013,"ARX(2,1)",True,True,0,-444.8872543260162,913.7745086520324,954.2221649895644,8.14258721336363,7.426087185566664,0.2397189835993687,0.5406633450320318,0.1831237963317941,0.7492311192262261,0.0167487836591485,0.7351946875330433,0.4056007484680408,0.3313200965245272,0.4515241655725759,0.0508067097238979,,385.0072801357374,-746.0145602714748,-705.5669039339429
2026-05-30T11:10:24,47,2,4700023,"ARX(2,1)",True,True,0,-399.0995574570363,822.1991149140727,862.6467712516046,7.7647663995297105,2.545657292708976,0.0468937077989877,0.0120935735819156,0.4714087870094059,0.8672711801633228,0.8474778898679873,0.007225180685038,0.15168043554508,0.2324374654260097,0.3584693997433206,0.3146913766362955,,535.8174060316792,-1047.6348120633584,-1007.1871557258264
2026-05-30T01:17:03,48,1,4800013,"ARX(2,1)",True,False,2,-250.44818668778154,524.8963733755631,565.3440297130951,0.1194681143692086,0.5699838091090248,0.7056299182130792,0.1629152046113323,0.4941571297247459,0.5680464092152836,1.8630356666858991,1.3976066146752015,0.161443385997765,0.3108923938141746,0.5895995849433143,0.0264669929787497,,-191.1874118633456,406.3748237266912,446.8224800642232
2026-05-30T17:43:18,48,2,4800023,"ARX(2,1)",True,False,2,-492.93030709957725,1009.8606141991545,1050.3082705366865,8.331857089706785,2.517912544463395,0.1169890838909987,0.3907609592142261,0.3989583686499316,0.2537669476731788,1.2203948774904938,0.015983714287966,0.0385381812814084,0.1645473199534966,0.2940103114312044,0.2686997977656453,,179.98636905152685,-335.9727381030537,-295.52508176552175
2026-05-30T02:18:26,49,1,4900013,"ARX(2,1)",True,False,1,-195.96108788438107,415.92217576876214,456.3698321062941,5.021072892341141,0.005,0.6264734092888866,1e-05,0.8601539118687098,0.3830303396274039,0.113518353245729,0.9788929042195652,0.08258969064686,0.4344330040605472,0.8284462138331224,-0.2167678990014364,,-217.3262533436313,458.6525066872626,499.1001630247946
2026-05-29T19:24:17,50,1,5000013,"ARX(2,1)",True,False,1,-201.5971075008789,427.1942150017578,467.64187133928976,0.5624837351904132,0.2403069831702759,5.3075835002594096e-05,0.0361381476639021,0.3614214310487437,1.4169995674613385,0.6321819156035032,1.476407672052073,0.2108737595463331,0.1610015510634229,0.5638987723459045,-0.0391805324494522,,-139.99915632358798,303.998312647176,344.4459689847079
2026-05-30T15:21:49,50,2,5000023,"ARX(2,1)",True,False,1,-194.01715460160946,412.0343092032189,452.4819655407509,6.6998041705456135,0.005,0.1281707342071088,1e-05,0.6422819305421559,0.4853736592570616,0.1982544824555569,0.9117941713312232,0.1190273386199983,0.3379184100148167,0.4926583312171981,-0.0112676360141657,,-207.7470747121009,439.4941494242018,479.94180576173375
2026-05-30T00:19:34,51,1,5100013,"ARX(2,1)",True,False,1,-230.53336058530795,485.0667211706159,525.5143775081478,0.005,2.640371194346834,0.3869870270192191,0.2171605325697938,1.179026320879383,0.2294328876795272,1.2391353505693743,0.4724177246848557,0.0949448608834821,0.3762595002146569,0.5007785953855731,0.173164103441636,,-258.23509931170776,540.4701986234155,580.9178549609475
2026-05-30T02:00:15,52,1,5200013,"ARX(2,1)",True,False,1,-570.0704101059824,1164.1408202119649,1204.5884765494968,6.218658892764849,4.740612618237259,0.395940326046234,0.3071661331794523,0.4303021386093714,0.6752400528088328,0.0026746722757497,0.8856060640138129,1.4569873358680772,0.661182743536646,1.8185898111302048,0.1837393495588649,,3499.379896186986,-6974.759792373972,-6934.31213603644
2026-05-30T18:43:50,52,2,5200023,"ARX(2,1)",True,False,2,-497.87676686537816,1019.7535337307563,1060.2011900682883,8.277112413320692,3.1084844326470966,0.2014487974956339,0.1738044647262625,0.9494686982147656,0.7477361672743786,1.1737871048518422,0.0146284198228165,0.148685588181463,0.1155978278048478,0.46433732840648,-0.0185847775809319,,-4.708982199331103,33.41796439866221,73.86562073619416
2026-05-30T00:22:27,53,1,5300013,"ARX(2,1)",True,False,1,-196.54624232500646,417.0924846500129,457.5401409875449,5.754445134731952,0.005,0.0075220316627876,1e-05,0.7653264327887225,1.1040294760940184,0.2213241773025354,1.1536967554857287,0.1601849528627814,0.584113302240622,0.1580661321678393,0.0004663295091742,,-213.61718884349276,451.2343776869855,491.6820340245174
2026-05-29T19:02:09,54,1,5400013,"ARX(2,1)",True,False,2,-604.0441704699628,1232.0883409399255,1272.5359972774575,5.485599454374057,5.1607869712557255,1e-05,0.3600097822367727,0.6520641454300918,1.0954168415241754,0.0078283523822687,1.491129158883845,0.7711871338927407,0.6509412294989979,2.567524152729991,0.0613365768168431,,989.856997109324,-1955.713994218648,-1915.266337881116
2026-05-30T12:32:28,54,2,5400023,"ARX(2,1)",True,False,2,-514.2880729351858,1052.5761458703716,1093.0238022079036,3.549291870129317,8.318499475483739,1e-05,0.4849087457030333,0.1491181939121193,0.9684496345275247,0.0063425789257063,0.9390086161733224,1.019173667076564,0.1413503448549898,0.7519734580840394,0.0665155675441322,,307.98135884303133,-591.9627176860627,-551.5150613485307
2026-05-29T20:11:51,55,1,5500013,"ARX(2,1)",True,True,0,-646.5432695331465,1317.086539066293,1357.534195403825,3.657031733990989,7.439042406463109,1.0000000000000358e-05,0.0191953765139373,0.9718218955717196,0.3686725365999683,0.0109448588802237,1.869885880794256,0.951346449383492,0.8885548585632463,2.583806616464481,0.4436972328721821,,258.82399917107466,-493.6479983421493,-453.20034200461737
2026-05-30T16:22:24,55,2,5500023,"ARX(2,1)",True,False,1,-217.94727387921446,459.8945477584289,500.3422040959609,1.7502990883252671,0.0795252462869239,0.097019437887491,1e-05,0.949109397743081,0.0440749493150796,0.4064164476928375,0.4418035479531444,0.0110796094598012,0.4275790179085569,0.3823483495630616,0.0858691058638076,,-211.4933417796707,446.9866835593414,487.4343398968733
2026-05-29T21:27:02,56,1,5600013,"ARX(2,1)",True,False,1,-204.48227914826862,432.96455829653723,473.4122146340692,0.005,4.2324094087484925,0.0457259418365709,0.0344376212045588,0.0851943023714546,1.3296839617377818,1.5012148259346347,0.2977875411382941,0.0127104941995681,0.5969305660790157,0.0048308501965694,0.3765283126514794,,-207.63828230050785,439.2765646010157,479.7242209385476
2026-05-30T14:04:02,56,2,5600023,"ARX(2,1)",True,False,1,-209.31951277724318,442.63902555448635,483.0866818920183,0.2921402017679395,0.3011416768076997,0.0008516201809912,0.4037293808177079,1.2477897847091466,0.782856887210296,0.5302725370483603,0.6998004108424022,0.0179216055695771,0.102465952024769,0.3245427779196127,0.4763381111075538,,-189.97733674820677,403.9546734964135,444.40232983394543
2026-05-29T21:35:28,57,1,5700013,"ARX(2,1)",True,True,0,-508.5836134042073,1041.1672268084146,1081.6148831459466,4.351367120998996,4.750907625140161,0.4634267390152629,0.0685765974907669,0.3026957035183908,0.2434193898505284,1.161581141363783,0.0108486712810948,-0.5848616918719277,0.8628723649640305,-1.3822432179426003,0.5742554262961694,,107.17396409801694,-190.34792819603388,-149.90027185850192
2026-05-30T20:07:07,57,2,5700023,"ARX(2,1)",True,False,1,-188.8232872607818,401.6465745215636,442.09423085909555,4.091273212493745,0.005,0.2439724655443028,0.1073043693964408,0.4777010721138481,0.3614142229002511,0.2141294662455642,0.9036734229051956,0.2196529335253632,0.4150104729587534,0.1494172285814085,0.1800978872602785,,-210.9579779853401,445.9159559706802,486.36361230821217
2026-05-29T21:27:17,58,1,5800013,"ARX(2,1)",True,True,0,-398.8546235379223,821.7092470758446,862.1569034133765,1.920516192508104,5.746913881024661,1e-05,0.0250616299678753,0.6425825899818756,0.7330814253893204,0.0176991689574297,0.7595610419388695,0.2291271606588926,0.4692141951429455,1.0263556422480251,0.130075610406521,,-260.6051241745449,545.2102483490899,585.6579046866218
2026-05-30T16:15:13,58,2,5800023,"ARX(2,1)",True,False,1,-210.86887368429316,445.7377473685863,486.1854037061183,9.274152285476962,0.005,1e-05,1e-05,0.3622666874499682,0.1308848790797442,0.2067624230022977,0.3008430886573605,-0.0528178515169978,0.6581826999711202,0.3969366898665711,0.0355120236582878,,-249.2760679586519,522.5521359173038,562.9997922548357
2026-05-30T13:54:04,59,1,5900013,"ARX(2,1)",True,False,1,-186.87485311143547,397.74970622287094,438.1973625604029,8.815124630593866,0.0465444300780946,0.0856492619531472,1e-05,0.2906574592628488,0.028814250551487,0.162814124459518,0.6392850033390798,0.257044480063442,0.3535944700175197,0.3513842027147529,0.071572998682174,,-210.2238235160409,444.4476470320818,484.89530336961377
2026-05-29T21:54:08,60,1,6000013,"ARX(2,1)",True,False,1,-256.0519595790711,536.1039191581422,576.5515754956741,7.982005567521231,0.005,0.2845370607823665,1e-05,0.866052981021726,0.3837939403549451,0.1381341047469546,0.5986392591663274,-0.0015601171296723,0.6127609725772313,0.1617266008831611,-0.1726248654250516,,-274.53431520234307,573.0686304046861,613.5162867422181
2026-05-30T19:11:35,60,2,6000023,"ARX(2,1)",True,True,0,-578.675687195185,1181.35137439037,1221.799030727902,8.293891261761514,2.3163810198218378,0.2851622642930386,0.502275799593439,0.6448110801298571,0.9322733259520876,1.072816840679292,0.0067369473903045,-0.3365624081622726,-0.175463594311797,-1.1794977863937397,-0.2134112820896248,,453.7780418453277,-883.5560836906554,-843.1084273531235
2026-05-30T05:01:13,61,1,6100013,"ARX(2,1)",True,False,1,-463.272939981902,950.545879963804,990.993536301336,6.0605291380500415,4.896807971578883,1e-05,1e-05,0.8899053445511406,0.7941129274004934,0.009688513785314,1.159889687596987,0.5631908811761331,-0.0024919264957871,1.656485059142255,0.0718995080477504,,211.1418366842625,-398.283673368525,-357.83601703099305
2026-05-29T18:48:27,62,1,6200013,"ARX(2,1)",True,False,1,-186.13193827931252,396.26387655862504,436.711532896157,5.132755685344178,0.005,0.5300774188965068,0.005596434164558,0.3634856914166537,1e-05,0.1604480347727598,0.7340078452232257,0.2573146122355838,0.2601649374178589,0.3835577543464316,0.1729449740789209,,-187.63749764524448,399.27499529048896,439.7226516280209
2026-05-30T08:29:16,62,2,6200023,"ARX(2,1)",True,False,1,-183.7956844411956,391.5913688823912,432.03902521992313,7.9592641380259535,0.005,0.1684649633353052,0.2194180265598639,0.6287726546753941,0.5206345756682974,0.1664325313643312,1.4510516460654366,0.1798813563988648,0.3545168991738813,0.3418182013681841,0.0943133418463661,,-197.5908580370042,419.1817160740084,459.6293724115404
2026-05-30T02:05:36,63,1,6300013,"ARX(2,1)",True,False,1,-261.3047855284178,546.6095710568356,587.0572273943676,5.168747476521574,1.7363937812426655,0.8845615509038292,0.4180925322411094,0.0836906325282471,1.1842118199143024,0.0496493017328517,0.1886344359289425,0.0450998684263558,0.2257652289690317,0.8817673577778543,-0.088630171474412,,-160.69697575872877,345.39395151745754,385.8416078549895
2026-05-30T20:23:16,63,2,6300023,"ARX(2,1)",True,False,1,-581.0782261227218,1186.1564522454437,1226.6041085829756,5.595013207310679,5.3568346010272245,1e-05,0.466705028230553,1.2687952788590908,0.8121634265913673,0.0301450324139352,1.6076163832353738,0.2718789944317385,0.3551829906487202,1.770117756452399,0.1665692579507334,,-175.58479003375533,375.16958006751065,415.6172364050426
2026-05-29T23:35:28,64,1,6400013,"ARX(2,1)",True,False,2,-459.5555532913504,943.1111065827008,983.5587629202328,9.898927122947494,5.656537860856244,0.8054667744305382,0.7994652843454656,0.7084131334668133,1.0074336356867568,0.0671017670827333,0.1285605970382827,0.2139976169995484,0.4543048642561182,0.4074887194762151,0.0169771953617435,,-233.6017768642489,491.2035537284978,531.6512100660298
2026-05-30T14:23:51,64,2,6400023,"ARX(2,1)",True,False,1,-218.86060683139084,461.7212136627817,502.16887000031363,0.0062714411987591,2.8617817134611587,1e-05,0.0915227097429184,0.7180448990153158,1.1320877717459954,0.9553750586553073,0.3647999658895609,-0.0062599528098336,0.3403304780708616,0.6070105947900757,0.2928738692891159,,-221.8230474295362,467.6460948590724,508.09375119660433
2026-05-29T19:23:09,65,1,6500013,"ARX(2,1)",True,False,1,-561.6885238315114,1147.3770476630227,1187.8247040005547,6.291876281676336,7.558153118403506,1.0464282049605934e-05,0.0313268879943604,0.685388729525304,1.227425425654993,0.0086254721405188,1.664981360387698,0.3973626344247074,0.2670943817478522,1.5588848506759938,0.1895619415422823,,234.4518193840412,-444.9036387680824,-404.4559824305504
2026-05-30T15:55:42,65,2,6500023,"ARX(2,1)",True,False,1,-279.42967501804173,582.8593500360835,623.3070063736154,0.005,4.30247846615854,1e-05,0.0732937410768222,0.105773261319175,0.5559358932647894,1.4181446056528877,0.4538201941643703,-0.0007270994667222,0.2677319294361859,1.0881090304460346,0.1866905074685246,,-280.5632378823197,585.1264757646395,625.5741321021715
2026-05-30T01:27:43,66,1,6600013,"ARX(2,1)",True,False,1,-186.18707191759353,396.37414383518706,436.821800172719,8.401655017174214,0.005,0.4944164101084289,1e-05,0.5588137010800736,0.2066720465960133,0.1059497876830757,1.843067641170049,-0.0875055811117376,0.251958576013471,0.8855711058247898,-0.0396810165306813,,-192.65711640960188,409.31423281920377,449.7618891567357
2026-05-29T17:52:10,67,1,6700013,"ARX(2,1)",True,False,1,-192.48110783703646,408.9622156740729,449.4098720116049,6.642685720525402,0.0412724469037545,0.2592885804624043,1e-05,0.4256055286931882,1e-05,0.1490499613371693,0.5416879281003183,0.2121670308187371,0.273380916579478,0.4028740588142959,0.0347176519202202,,-206.3951236546122,436.7902473092244,477.2379036467564
2026-05-30T01:05:03,68,1,6800013,"ARX(2,1)",True,False,1,-528.0743481183979,1080.1486962367958,1120.5963525743277,3.986996431408438,5.432055481016244,1e-05,0.0540379793931514,1.0175518057376518,1.043218940006299,0.0067697872737873,1.7780201264846207,0.1584072198460807,0.4413506993983823,0.8756072592184831,0.1694436351593178,,-18.83531837715236,61.67063675430472,102.11829309183668
2026-05-30T20:44:21,68,2,6800023,"ARX(2,1)",True,False,1,-224.6461115700775,473.292223140155,513.7398794776869,0.5712530519890906,0.4662122078120906,0.0087104527236993,0.127194965644762,0.0327505963193413,0.6565728192850395,1.5384331404915277,0.9299261720648352,0.2855355026444546,0.4862121338457207,0.627893893625593,0.019818650734893,,-166.88755146671156,357.7751029334231,398.2227592709551
2026-05-29T20:56:30,69,1,6900013,"ARX(2,1)",True,False,1,-200.2852158020857,424.5704316041714,465.01808794170336,7.415520358347926,0.005,0.0478028268631114,0.0112890484502307,1.4906620231745418,0.0010326795121451,0.2035419398100531,0.6211836146406207,0.3607293458143585,0.3233310272476976,-0.0102662830535355,0.3465005984941341,,-201.55044051946285,427.1008810389257,467.54853737645766
2026-05-30T15:47:29,69,2,6900023,"ARX(2,1)",True,False,1,-425.86710400855935,875.7342080171187,916.1818643546507,6.112143351656654,5.200312541015786,1e-05,1e-05,0.7301929419792028,1e-05,1.1532311344657695,3.852795433879575e-05,0.3078296298645083,0.6484211596795327,-0.1245549941163526,0.3601887835149862,,-427.2325997373191,878.4651994746382,918.9128558121702
2026-05-30T11:36:12,70,1,7000013,"ARX(2,1)",True,False,1,-483.4139571080693,990.8279142161387,1031.2755705536706,1.2836249359155136,2.924550375980637,1e-05,0.2445530940422322,0.0192760997084496,0.7085467527504168,0.0031575516755364,1.6324365180370268,1.0752717610124147,0.0295741744039373,0.440602814945762,0.1591773466717794,,964.8992525382514,-1905.7985050765028,-1865.3508487389709
2026-05-30T03:59:26,71,1,7100013,"ARX(2,1)",True,False,1,-230.30097916892248,484.60195833784496,525.0496146753769,0.1829602540312626,2.672836600306585,1e-05,0.0759840812206025,1.1826522961771837,1.081247688676924,0.8717391984359393,0.4479102384026596,-0.2208699631294391,0.3043469130694073,1.2557113854970845,-0.0478290610624619,,-272.7150476760616,569.4300953521232,609.8777516896552
2026-05-30T17:05:35,71,2,7100023,"ARX(2,1)",True,False,2,-534.9554765938522,1093.9109531877043,1134.3586095252363,4.486894826337976,8.296915370780205,0.0771456110542814,1e-05,0.9325587209191648,0.2080726737064648,1.7600787043499666,0.0155836122787428,0.2856629780672016,0.2781870869176591,0.6550362955311406,0.2044651804128945,,367.3934945351268,-710.7869890702536,-670.3393327327217
2026-05-30T01:26:24,72,1,7200013,"ARX(2,1)",True,False,1,-202.91091672051994,429.82183344103987,470.2694897785718,0.005,4.6946542423841136,1e-05,0.1669712270662819,0.113346656950532,0.381013028852466,1.6108152685519526,0.2639848711267594,0.0062998134680584,0.2980341738772907,0.5912737541714337,0.2533219022637218,,-205.01253644121616,434.0250728824324,474.4727292199643
2026-05-30T18:40:40,72,2,7200023,"ARX(2,1)",True,False,1,-238.5456327056141,501.0912654112282,541.5389217487602,0.3145952444288242,8.698757650554414,1e-05,0.0257606299144401,0.1107325769978971,0.6897645733292891,0.0654788894438977,0.1925021741689914,0.2497891845344369,0.5234319618284222,0.0167800896242613,0.5222810051932152,,-295.7652199113612,615.5304398227224,655.9780961602544
2026-05-29T21:18:19,73,1,7300013,"ARX(2,1)",True,True,0,-491.6451242441394,1007.2902484882788,1047.7379048258108,5.669490688840643,2.168448941145187,0.1190755514186426,0.0057061783997431,1.1568733849448944,0.9367262666676904,1.2290538758171872,0.0259377285499295,0.1254850345629391,0.2151730450303354,0.1455783722965889,-0.0230375188884301,,-340.2195720446252,704.4391440892504,744.8868004267823
2026-05-30T10:03:17,73,2,7300023,"ARX(2,1)",True,False,1,-197.29260115362945,418.5852023072589,459.03285864479085,4.993414019570564,0.005,0.0262866629895818,1e-05,1.3291792309700792,0.0184459600060632,0.2675882101373789,1.0077536990729763,0.4139356041550215,0.3424634461049033,0.0924915983596642,0.156011323493502,,-198.97767038703185,421.9553407740637,462.4029971115956
2026-05-29T18:46:08,74,1,7400013,"ARX(2,1)",True,False,1,-200.68812021782045,425.3762404356409,465.82389677317286,0.005,8.160343929792004,0.0657686296965429,0.0483815854520875,0.076249184387867,0.9248095006630052,0.6098831030264897,0.2011703904880833,0.0491615750503116,0.3853880539443857,0.4389355925441354,0.2551117989596588,,-212.7588602478992,449.5177204957984,489.9653768333303
2026-05-30T11:07:39,74,2,7400023,"ARX(2,1)",True,False,1,-249.06441072872985,522.1288214574597,562.5764777949917,3.57306470281837,0.0294880267576424,0.0006948396195718,1e-05,0.9989689269308112,1e-05,0.3328111501822527,1.6851494741658877,0.1807982134920618,0.3072259933800148,0.2016836792703001,-0.0617248939692276,,-253.85727668509944,531.7145533701989,572.1622097077309
2026-05-29T17:24:58,75,1,7500013,"ARX(2,1)",True,False,1,-197.3694823709268,418.7389647418536,459.18662107938553,0.005,7.313327353112623,1e-05,0.1143745145805583,0.0295399555785284,0.4010324697443562,1.5985254701407032,0.2114886826196997,-0.0841717909277433,0.5219335297037373,0.2208767409699594,0.3045211253203262,,-198.58100013771215,421.1620002754244,461.6096566129563
2026-05-30T09:55:18,75,2,7500023,"ARX(2,1)",True,False,1,-398.0515782851769,820.1031565703538,860.5508129078858,7.583673533526981,2.6869621921666136,0.0170267099682715,0.0133192578284237,0.5277436418837839,0.0449557165317907,0.81212829705666,0.0079909675765898,0.194853368278051,0.0674410628855423,0.5556290086721041,-0.0494286455224204,,-44.40301412070056,112.80602824140112,153.25368457893308
2026-05-30T08:32:18,76,1,7600013,"ARX(2,1)",True,False,2,-421.83581279652253,867.6716255930451,908.119281930577,3.544378406093735,6.539705282460482,0.0028258415252468,0.0382492415161479,0.0008629776759583,1.1212190173078056,0.0016440078057991,1.0959672543608967,0.0985187830689347,-0.0415518275588154,0.4975770598890987,-0.1682237521228844,,1790.7606158884444,-3557.5212317768887,-3517.073575439357
2026-05-30T07:13:34,77,1,7700013,"ARX(2,1)",True,True,0,-336.1305494303723,696.2610988607446,736.7087551982765,5.31534702248515,2.5390684903631686,0.2864436382404534,0.7682896509763497,1.49466383431759,1.4656836485753415,0.3476465988905048,0.0175820309604952,-0.0732558310910788,0.1323160845498215,0.5645044878772589,-0.1059702129378753,,-82.27381338513459,188.5476267702692,228.99528310780116
2026-05-30T10:55:29,78,1,7800013,"ARX(2,1)",True,False,2,-258.7206169780186,541.4412339560372,581.8888902935691,0.2267200331698938,0.9147245964856744,1e-05,2.172551175453688e-05,1.4467894126916825,0.1204893673603305,1.5870514968600096,0.9811826262303952,-0.1928428171768015,0.5542687707201638,-0.0675744064159323,0.2823446424830161,,-185.1955578038596,394.3911156077192,434.8387719452511
2026-05-30T02:00:25,79,1,7900013,"ARX(2,1)",True,False,1,-603.158265626282,1230.316531252564,1270.7641875900958,3.4266570763530777,7.0211310270727445,1e-05,0.2086851960258077,1.0561610306010414,0.359655914873573,0.0087085981348585,1.597914894824579,0.8649852295635847,0.5759989894132975,2.079757548504841,0.3209421049387077,,1688.192071033685,-3352.38414206737,-3311.936485729838
2026-05-29T21:08:00,80,1,8000013,"ARX(2,1)",True,False,1,-198.56927792390084,421.1385558478017,461.58621218533364,3.794669063855674,0.005,0.0800220777548605,1e-05,0.2938676595424656,0.0811894869666441,0.3159100246340272,1.506100822778965,0.2809141606936039,0.3880964489462228,0.3754933801267517,-0.0103501261880604,,-198.97435332870208,421.94870665740416,462.3963629949361
2026-05-30T14:36:25,80,2,8000023,"ARX(2,1)",True,False,1,-183.13492582404356,390.2698516480871,430.7175079856191,9.421712547515869,0.005,0.1441630861910068,1e-05,1.226166708390685,0.6056770124443928,0.1580838779435774,0.960353024499852,0.172778099070331,0.3325696647170866,0.4273222966645399,0.0969425176820566,,-209.0924496202598,442.1848992405196,482.6325555780516
2026-05-29T22:13:24,81,1,8100013,"ARX(2,1)",True,False,1,-381.1252078584924,786.2504157169848,826.6980720545167,8.84765221217802,6.74648136788013,0.2003921529670038,0.0720506924157352,1.4321711148607867,0.5774577964616878,0.5005812131533507,0.0040448418957795,-0.2454147404337909,0.1727646697421637,0.4089931429308814,-0.0120331257706546,,422.7915999334116,-821.5831998668232,-781.1355435292912
2026-05-30T20:48:30,81,2,8100023,"ARX(2,1)",True,False,2,-487.0825600085107,998.1651200170214,1038.6127763545533,7.554311249270242,0.8915247574404415,0.063130405803066,0.4247185708827589,0.5130489500751887,0.700345532335816,0.0045014195140091,1.431187720719487,0.5742191397787849,0.3339822633590652,1.432481488278841,0.3245430536588119,,137.3938062293035,-250.787612458607,-210.33995612107503
2026-05-29T20:00:13,82,1,8200013,"ARX(2,1)",True,False,1,-522.870188938007,1069.740377876014,1110.188034213546,5.816096731705686,5.411595263100831,1e-05,1e-05,0.9673448692165582,0.3052151620529374,0.0230309222283582,1.485071549809878,0.1648851141951711,0.1858897483329777,1.35779402052174,-0.3148319149429139,,-196.88191866297888,417.76383732595775,458.2114936634897
2026-05-30T08:08:26,82,2,8200023,"ARX(2,1)",True,True,0,-591.813997160998,1207.627994321996,1248.075650659528,2.5997634252379185,7.869358091252606,1e-05,0.3378068463914614,0.5565462471241165,0.5645641341951244,0.0159568134807941,1.5462958010875087,0.5697905847549055,0.1735785530845645,2.0262692255716037,0.1510182952343894,,324.2268375675137,-624.4536751350274,-584.0060187974955
2026-05-30T00:01:19,83,1,8300013,"ARX(2,1)",True,False,1,-273.27404511048235,570.5480902209647,610.9957465584966,0.0640275690749621,3.7627137778992,1e-05,0.054234337802447,0.0075150523815046,1.4267552576296365,0.099718087105096,0.5134314389833381,0.0163667539105989,0.1836729567169538,1.3376095675278836,-0.2956167791645578,,-273.1228106052687,570.2456212105374,610.6932775480693
2026-05-29T20:19:01,84,1,8400013,"ARX(2,1)",True,False,1,-253.923284083203,531.846568166406,572.2942245039379,0.005,4.4122156055673125,1e-05,1e-05,1e-05,0.9302841024024286,0.3103900686190401,0.4978919389087681,0.0291635145805967,0.3092472759932548,0.6011625791492674,-0.0797683248014646,,-252.50701889956383,529.0140377991277,569.4616941366596
2026-05-30T15:11:30,84,2,8400023,"ARX(2,1)",True,False,1,-208.54696891320702,441.09393782641405,481.541594163946,8.209988102495643,0.005,0.0141170466331387,1e-05,0.0394200022738231,1e-05,0.2177209882686845,0.5973942730586991,0.0783334685298335,0.2431312972164324,0.3763452355338215,0.3168831502499706,,-210.7550593111021,445.5101186222042,485.9577749597362
2026-05-29T21:10:08,85,1,8500013,"ARX(2,1)",True,False,1,-527.5014027852428,1079.0028055704856,1119.4504619080176,4.695931598883876,6.888971872228563,0.3318288035826403,0.5532974047735073,0.2527968335432423,0.0748641577367635,0.0153305523682833,1.13994649600549,0.0469189582990791,0.2381200225421186,1.0276913239921666,0.1542832325246608,,1592.7599315156456,-3161.519863031291,-3121.072206693759
2026-05-30T17:44:37,85,2,8500023,"ARX(2,1)",True,False,2,-579.515036477577,1183.030072955154,1223.477729292686,4.011746192362788,4.036360505988972,0.0078931654140036,0.4888317372897742,0.6697815462077851,0.5794817505444041,0.0089803844691022,1.533697221844196,0.6012492004656038,0.627008115693777,1.8638539724820995,0.2389097960741756,,866.5780438151961,-1709.1560876303922,-1668.7084312928605
2026-05-29T21:34:09,86,1,8600013,"ARX(2,1)",True,False,1,-216.7176624918505,457.435324983701,497.88298132123293,5.72576695632019,0.005,1e-05,1e-05,0.4865817861159938,1e-05,0.2741409926522987,1.2974349500044875,0.5366186864885603,-0.0379012378937547,1.0174400445854532,-0.2810511259966358,,-216.6231668520611,457.2463337041222,497.69399004165416
2026-05-30T12:58:49,86,2,8600023,"ARX(2,1)",True,False,2,-256.9326143185935,537.865228637187,578.3128849747189,0.005,0.8034636130407714,0.3396614684341911,0.6702423826580737,0.9442269210593996,1.0892910298956633,1.43006986465888,0.613993376843878,-0.4734753615144578,0.7520150114287482,0.6174800261360679,0.118409166584855,,-264.99843032413025,553.9968606482605,594.4445169857925
2026-05-30T04:58:51,87,1,8700013,"ARX(2,1)",True,False,1,-245.16738736686384,514.3347747337277,554.7824310712597,0.0250522752427029,1.3628399109150544,0.0104625734133544,0.2613469597752137,1e-05,0.4513576710523632,0.1588633353531258,0.5392927459215779,-0.1823889429986045,0.7742175046079439,0.2715693518501238,0.0761105616701868,,-239.80693474556688,503.61386949113376,544.0615258286657
2026-05-30T20:27:35,87,2,8700023,"ARX(2,1)",True,False,1,-265.73897843445343,555.4779568689069,595.9256132064388,0.7494181167803122,3.623876591324594,1e-05,1e-05,1e-05,0.4711774963449726,0.0035341347174018,0.5121382719630553,0.2986741020591925,0.3655332377833714,0.8001124533259278,-0.1128833565151816,,-266.68234240577914,557.3646848115583,597.8123411490902
2026-05-29T20:56:59,88,1,8800013,"ARX(2,1)",True,False,1,-406.8180516183254,837.6361032366508,878.0837595741827,4.531467448009995,7.203308395542476,0.5265194466431168,0.7357887025444895,1.037048757561974,0.261527229589553,0.0764298533163351,0.0546632124045796,0.1711333922696861,0.2044864324242631,0.558443048980492,0.0882893902791378,,-191.75567973358085,407.5113594671617,447.9590158046937
2026-05-30T15:57:50,88,2,8800023,"ARX(2,1)",True,False,1,-671.3964481162645,1366.792896232529,1407.240552570061,1.438567276107438,5.9638315752163455,0.2347156070030786,0.855250337682929,1.396730537429968,1.2598573947958889,0.0859168776370541,1.2499797877154133,-0.9974618292550396,-0.2161705735642181,3.611137327995918,0.4708396038511806,,-212.45144122745,448.9028824549,489.350538792432
2026-05-30T00:19:59,89,1,8900013,"ARX(2,1)",True,False,1,-215.3041818296296,454.6083636592592,495.0560199967912,0.0158199286369667,2.4001392810159192,1e-05,0.2477448555217996,0.3186814520152192,0.4229975442550306,1.3716126513860638,0.3611361177906499,0.1107053917954458,0.1602739871355114,0.8001881721516638,0.1379582187074571,,-206.86875806665617,437.73751613331234,478.1851724708443
2026-05-30T17:32:29,89,2,8900023,"ARX(2,1)",True,False,1,-234.77155389156337,493.54310778312674,533.9907641206587,0.005,4.105430863593729,1e-05,1e-05,1.190111593140054,0.6030113664725002,1.6251653657494916,0.432663591747464,0.0804350593607054,0.306270481685857,0.669484848400207,0.1310569871203513,,-243.86523333716025,511.7304666743205,552.1781230118524
2026-05-29T22:52:54,90,1,9000013,"ARX(2,1)",True,False,1,-247.19183321531852,518.383666430637,558.831322768169,0.0645245788361862,2.0180801454286383,1e-05,1e-05,1e-05,1e-05,0.5498802374401464,0.7006009950649934,-0.4089500118226894,0.6370090938092757,0.6047683715607284,0.1527597513891183,,-245.09465925358467,514.1893185071693,554.6369748447013
2026-05-30T19:07:40,90,2,9000023,"ARX(2,1)",True,False,2,-251.13638248836565,526.2727649767313,566.7204213142633,2.515190567078436,1.6265230076898451,0.2868582073931655,0.0914921158056968,0.4050833200117065,0.0074240602434598,0.0234034775895335,1.107882975239333,0.1913266700342868,0.2134804846126758,0.5220283790406156,-0.0679383412613646,,-265.9637267250374,555.9274534500748,596.3751097876068
2026-05-30T08:52:13,91,1,9100013,"ARX(2,1)",True,False,2,-188.4725766941853,400.9451533883706,441.39280972590257,1.922323373100732,0.1116771337151481,0.2425776294851045,1e-05,0.1907019467379505,0.459104887480776,0.3212815581809846,0.5111339588389324,0.3372836712112207,0.1783073783348231,0.5409889726823485,0.0110832595373075,,-204.26390597278623,432.52781194557247,472.9754682831044
2026-05-30T20:47:43,91,2,9100023,"ARX(2,1)",True,True,0,-298.07752597136556,620.1550519427311,660.6027082802631,1.687662531583621,6.129214556179452,1e-05,0.0088022198436536,0.1758975992810884,0.1489630022708225,0.0115025608469355,0.449265056993955,0.1952780585552019,0.2478003177797862,0.9416680784767864,0.10134548407839,,-294.65608984336046,613.3121796867209,653.7598360242529
2026-05-29T21:34:52,92,1,9200013,"ARX(2,1)",True,True,0,-302.51297100855015,629.0259420171003,669.4735983546323,2.0232967463757263,4.99888603008544,1e-05,0.2157089773723137,0.4989777597702545,0.9984258263799493,0.0119635570544377,0.4913503376121407,0.2034064861876594,0.1536023894794125,0.9879922258499266,0.0194914333765749,,-166.02913556500286,356.0582711300057,396.5059274675377
2026-05-30T15:34:22,92,2,9200023,"ARX(2,1)",True,False,1,-201.42131399021903,426.84262798043807,467.29028431797,0.005,9.615628768797375,1e-05,0.2370755285441717,0.5756997728009842,0.525971418793108,1.1693206252480235,0.1753222563359203,0.0015222126759155,0.3396637203226793,0.5957160619094282,0.2112010281647671,,-219.6382773259656,463.2765546519312,503.72421098946313
2026-05-30T02:42:21,93,1,9300013,"ARX(2,1)",True,False,1,-609.5708831663717,1243.1417663327434,1283.5894226702753,7.326578104469232,7.340356036474064,1e-05,1.516091832924819e-05,0.3270972239630548,0.6498128856319559,0.0039326839890252,1.9053650025352216,0.8494013167135945,0.6338907502599205,1.9590785846057657,0.1204605654239357,,3404.0478476965754,-6784.095695393151,-6743.648039055619
2026-05-30T21:13:34,93,2,9300023,"ARX(2,1)",True,False,1,-209.4937497135033,442.9874994270066,483.43515576453854,0.005,2.1546975807409168,0.1602145375115072,0.2737612817448588,0.431512713237552,0.278271719250055,0.9093137095852072,0.3739121513326445,-0.0565274518039642,0.357961544651551,0.6391594646523898,0.2414915995186028,,-212.31926359411904,448.6385271882381,489.0861835257701
2026-05-30T08:22:06,94,1,9400013,"ARX(2,1)",True,False,1,-202.44729706822113,428.89459413644227,469.3422504739742,4.383416283320571,7.328619195570416,0.2527832472663815,0.8887659543320819,0.532795224610675,0.0025013307598748,0.1356037065796238,0.0546518960694976,0.3200571901809972,0.2462204192936452,0.6814138549102214,-0.1658956110552427,,-202.4472482133096,428.8944964266192,469.3421527641512
2026-05-29T19:23:58,95,1,9500013,"ARX(2,1)",True,False,1,-231.58082369599612,487.16164739199223,527.6093037295242,6.233985163928087,0.005,0.0889185670283436,0.220478884496333,1.0434941304781822,0.5807826538377959,0.1988442341291048,0.4337704743748345,0.0324923632421038,0.35878966251492,0.1615601999791164,0.1383109819407407,,-258.8030550787752,541.6061101575503,582.0537664950823
2026-05-30T21:25:24,95,2,9500023,"ARX(2,1)",True,False,2,-519.4981785321911,1062.9963570643822,1103.4440134019142,1.9639680646541695,4.805641881282532,1e-05,1e-05,0.1658999364596,0.4292782005151569,0.0079973077706712,1.9191329290043893,0.1732024837623367,0.2719648550264683,1.2226275822374282,-0.1795958735152342,,937.9972239282838,-1851.994447856568,-1811.546791519036
2026-05-30T02:58:12,96,1,9600013,"ARX(2,1)",True,False,1,-197.60483070866098,419.20966141732197,459.6573177548539,7.327441481904408,0.005,0.2561976224761273,0.1929897869925702,1.3722508992143594,0.4452338983288234,0.1888229806266886,1.7042992474303682,0.2036743523633464,0.3343930094570874,0.9373835624739086,-0.2861755085102273,,-214.18649624879475,452.3729924975895,492.8206488351215
2026-05-29T19:24:34,97,1,9700013,"ARX(2,1)",True,False,1,-201.24357275847694,426.4871455169539,466.93480185448584,0.005,8.496288597084073,1e-05,0.1489014800052497,0.5975279049433154,0.1810950244534213,1.608846009705755,0.1982130238527255,0.0713043047806087,0.4219763688596193,0.5869912672549203,0.0880698402815895,,-204.01824148621785,432.0364829724357,472.4841393099677
2026-05-30T11:26:25,97,2,9700023,"ARX(2,1)",True,False,2,-547.3063349827145,1118.612669965429,1159.060326302961,2.189880386630688,7.7348394787576416,0.1116128433986495,0.0064083782352907,1.0972735124039663,0.0137782390687488,0.0222247744815033,1.3326705186480423,0.7551201289399149,0.5685806635773886,1.6835720126667966,0.1539176283972792,,-219.20225515338427,462.4045103067685,502.8521666443005
2026-05-30T02:49:13,98,1,9800013,"ARX(2,1)",True,False,1,-504.8232975022961,1033.6465950045922,1074.0942513421242,7.811616625378934,2.887716852851097,0.1164068906569866,1e-05,0.5711034107572196,0.8571567415441843,1.0286439267616287,0.0045511881969976,-0.2523630087750766,0.3266541099332077,-0.5169362013097244,-0.135982683820733,,854.6070235098452,-1685.2140470196905,-1644.7663906821583
2026-05-30T20:42:19,98,2,9800023,"ARX(2,1)",True,False,1,-211.95660858244008,447.91321716488017,488.3608735024121,0.0360692585296885,4.786184324932238,0.0874450356974708,0.1864300613808542,0.7782989642372165,0.4959683601264981,1.4167455172027286,0.2308858047881501,0.1591150869183428,0.1990125794905912,0.9228565171987312,0.0316907869974745,,-205.5832335689149,435.1664671378297,475.6141234753617
2026-05-30T00:10:25,99,1,9900013,"ARX(2,1)",True,False,2,-204.5255322895928,433.0510645791856,473.49872091671756,1.7345621316145978,0.0205199705410476,0.165290559494581,0.0018664335373274,0.9471995378458558,1.3497522787556069,0.3774367721002276,1.0747725235457286,-0.0361418749026935,0.3208441857509658,0.5669449546918723,0.1742791664417446,,-195.43974350730832,414.87948701461664,455.3271433521486
2026-05-30T15:25:55,99,2,9900023,"ARX(2,1)",True,False,1,-373.9536846302728,771.9073692605456,812.3550255980775,0.6014593064053638,7.850235172258265,1e-05,0.1840395041735539,0.1823384386427644,0.8379005318353614,0.0075643254207654,0.5823473901508581,0.3653595625083289,0.2654273905167046,0.924763085091468,0.1576948646610085,,181.4865957081127,-338.9731914162254,-298.52553507869345
2026-05-30T13:26:21,100,1,10000013,"ARX(2,1)",True,False,2,-229.60714174813032,483.21428349626063,523.6619398337925,0.4004165171728364,9.678436681709728,0.3440859040925858,0.6885282410430825,0.8007597895962016,0.5975867505304735,0.4115639878270197,0.0693157175081825,0.162827818678341,0.4315432694222239,0.4607064601253037,0.282448912045619,,-239.06392054476672,502.12784108953343,542.5754974270653
2026-05-30T01:17:55,1,1,100014,"ARX(2,2)",True,False,1,-206.74211773409542,439.48423546819083,483.30252983385043,2.5184596457919235,0.005,0.2154412335060807,0.1699785274501032,0.6429452915190247,0.0795967659956788,0.2694141222696936,0.4498878081054594,0.15561674140015,0.3728384627634951,-0.0284470777011849,0.176525186539678,0.2079261062273468,-210.51315378880773,447.02630757761546,490.8446019432751
2026-05-30T18:37:20,1,2,100024,"ARX(2,2)",True,False,2,-208.00294048956346,442.0058809791269,485.8241753447865,0.0142419745360096,2.3918735231206094,0.2093658873567669,0.1718663682531356,0.0909181999760298,0.6616234866060368,0.7256415658530535,0.4236874353873446,-0.0980855367780296,0.4369911852025777,0.2154229938858778,0.1715364834853958,0.3094448983418748,-230.95978722067483,487.9195744413497,531.7378688070094
2026-05-30T04:50:32,2,1,200014,"ARX(2,2)",True,False,1,-249.4767799926127,524.9535599852254,568.7718543508851,0.3728436467738993,6.533854577593422,1e-05,1e-05,0.0044568572482744,0.3424668046140611,0.2352728018158407,0.3904754947268137,0.1814953341264295,0.1175890725123051,0.1139752583312848,-0.0287885621026527,0.5264376348388509,-299.4348392286659,624.8696784573318,668.6879728229915
2026-05-30T08:45:34,3,1,300014,"ARX(2,2)",True,False,1,-540.9155719506749,1107.8311439013498,1151.6494382670094,4.272280365707558,0.005,0.4835996798415788,1e-05,0.9674578680085744,0.8146729742452531,1.3930189654673732,0.0132414500223919,0.2083271095888232,0.1222497334461048,0.1451776662899077,-0.058001579774406,-0.6577729713836274,673.2988266768513,-1320.5976533537023,-1276.779358988043
2026-05-30T20:50:01,4,1,400014,"ARX(2,2)",True,False,2,-567.5508332526773,1161.1016665053546,1204.9199608710142,2.531949432081904,3.6836781333557513,0.3655348671769751,1e-05,1.0996771716440947,0.8797883797710893,1.9833781184609487,0.002423592155,-0.1564503794455397,0.2055217185670373,-0.811760250679092,0.2804440308104722,-0.404853123078811,2920.15955717728,-5814.319114354559,-5770.5008199889
2026-05-30T00:54:52,5,1,500014,"ARX(2,2)",True,False,1,-200.1575433881186,426.3150867762372,470.1333811418968,6.367417615942971,0.005,0.1813769936370537,0.0222728637073732,0.1383743855536278,0.4716297265385752,0.2342871574473343,1.542545938657281,0.1345384806561596,0.5488391589962925,-0.1414303290330469,0.0929525874552807,0.3249200158004453,-208.4283310362856,442.8566620725712,486.6749564382308
2026-05-30T20:59:23,5,2,500024,"ARX(2,2)",True,False,2,-583.6533309150343,1193.3066618300686,1237.1249561957281,3.9006451816588874,7.418946630580493,0.1093997154992489,0.1392943656221856,0.3564788972852982,1.2416353395263895,0.0254754019175284,2.0,-0.1831522887450023,-0.0729700435857111,1.6525907822537254,0.1531157973036566,-0.2718446204927001,182.3585702584976,-338.7171405169952,-294.8988461513356
2026-05-30T04:31:30,6,1,600014,"ARX(2,2)",True,False,1,-204.35882225669985,434.7176445133997,478.5359388790593,0.0563884041005648,8.098327595199905,1e-05,0.3008868283165404,1e-05,0.4944053180102176,0.0383819876772586,0.1806484693167072,0.145724883485349,0.4166734027890713,0.0763489907158287,0.4365429119361821,-0.0854408456749859,-206.69582350120757,439.3916470024151,483.2099413680747
2026-05-30T00:57:36,7,1,700014,"ARX(2,2)",True,False,2,-226.66787561390692,479.33575122781383,523.1540455934735,0.1630809910094822,0.9343109328050034,1e-05,0.1915214529582729,0.2796984174506934,0.2685216956392884,1.1561020996526976,0.657119848512533,0.2002454844094138,0.4272651544674165,0.2199965563774988,0.154580017464902,0.2548578731153992,-224.50810718822444,475.0162143764489,518.8345087421085
2026-05-30T00:25:47,8,1,800014,"ARX(2,2)",True,False,1,-218.7109329207851,463.4218658415702,507.2401602072298,0.005,3.04653134414768,1e-05,0.0262618804973239,0.4041540700695433,0.4723701417033805,1.5008617277247136,0.3850059989826448,0.1132234619375775,0.4307019315963479,0.9206469793409072,0.2564322508515128,-0.5643547971779992,-215.04694478161468,456.09388956322937,499.91218392888896
2026-05-30T06:31:00,9,1,900014,"ARX(2,2)",True,False,2,-203.34374092634005,432.6874818526801,476.5057762183397,0.0099827576179144,2.042542342371413,0.0458037910012343,0.0552842418394536,0.4859292581836776,0.5344015270403875,1.1266905732926271,0.4011571056216412,-0.00661716858416,0.437391309343031,0.1897955111933821,0.3093216403282666,0.1402556753042199,-181.9764162974298,389.9528325948596,433.7711269605192
2026-05-29T23:55:25,10,1,1000014,"ARX(2,2)",True,False,1,-471.43211913802077,968.8642382760415,1012.6825326417012,4.711321694106487,2.587846912102408,0.2996689067807711,0.238832678628088,0.8220814118905364,0.8075343830725147,1.035953160701499,0.0141731642832286,-0.2532259427177598,0.0491426722096726,0.3777836810095629,0.2149890701854439,-0.3687200318100261,125.40405905765928,-224.80811811531856,-180.98982374965897
2026-05-30T12:47:11,10,2,1000024,"ARX(2,2)",True,False,2,-199.27985608648814,424.5597121729763,468.3780065386359,2.123035843468132,0.005,0.4582998118739855,0.019047385925944,1.0896765704116318,0.087597412376095,0.2710450457407631,1.0192359956454458,0.2522737017430752,0.2593141980466495,0.7393017422174101,0.062152092077542,-0.2599116549365277,-189.2702268081103,404.5404536162206,448.3587479818802
2026-05-30T08:57:04,11,1,1100014,"ARX(2,2)",True,False,1,-625.2955111284027,1276.5910222568054,1320.409316622465,5.121019572056394,9.133025036375026,1.1686018370623873e-05,0.4279239546957012,0.7430378519264776,1.5,0.0587955855460049,1.6805388916062638,0.432876140411262,-0.1618172135637027,0.3990503284581229,-0.2251788182516057,0.7795526545320264,-106.50730620544093,239.01461241088185,282.83290677654145
2026-05-30T02:46:42,12,1,1200014,"ARX(2,2)",True,False,1,-197.23026849275175,420.4605369855035,464.2788313511631,9.142499618277322,0.005,0.3367971787755349,0.020094912627106,1.3044958553398147,0.8303245787524457,0.0998775114109709,0.611790095079104,0.017104806152842,0.3280410002004992,0.5762703570937213,-0.0260235500294088,-0.0152388830764614,-228.24193388371555,482.4838677674311,526.3021621330907
2026-05-30T20:43:06,12,2,1200024,"ARX(2,2)",True,False,2,-189.6193164720222,405.2386329440444,449.056927309704,2.746144549664784,0.005,0.5160862772489914,0.1706248943230273,0.6684286877974441,0.7520907701569154,0.20924140217905,1.558637220370671,0.1890524305428137,0.291518663933646,0.2141256055906125,-0.1055382440680557,0.409281554995163,-190.86394791570592,407.72789583141184,451.5461901970714
2026-05-30T01:59:35,13,1,1300014,"ARX(2,2)",True,False,1,-185.69153870258123,397.38307740516245,441.20137177082205,9.438685820114546,0.005,0.1222551568038166,0.0901328405312634,0.6235596026634229,0.1441303848691993,0.1518713230797796,1.0333057832922272,0.1651541801875475,0.1884559042005187,1.047455486465684,0.0440426046121684,-0.4103572612540594,-195.85809891563173,417.71619783126346,461.5344921969231
2026-05-30T20:44:31,13,2,1300024,"ARX(2,2)",True,False,1,-191.92215019718304,409.8443003943661,453.6625947600257,3.705889752061428,0.010395451309364,0.0900107336628318,1e-05,1.1394934537928616,0.1296211193190386,0.2418844793241751,1.1146383383546694,0.0803460800123303,0.2676852924780473,0.1648645137295049,-0.0765445649255195,0.5815002320475114,-185.9998193448509,397.9996386897018,441.81793305536144
2026-05-30T02:33:29,14,1,1400014,"ARX(2,2)",True,False,1,-226.123639206267,478.247278412534,522.0655727781937,9.596360539729671,0.111341177301511,1.0000000000000633e-05,1e-05,0.8048576901490839,0.1126116702935641,0.1759635764510328,0.1054615660641705,0.1145214993121367,0.2984632571236169,0.199585054902404,0.0310768115963913,0.2067755452177239,-277.35583506161,580.71167012322,624.5299644888796
2026-05-30T15:07:32,14,2,1400024,"ARX(2,2)",True,False,1,-197.78569762438752,421.57139524877505,465.38968961443464,7.669996137384713,0.0472691630841967,0.0031612043928351,0.0007139386852047,0.703576756649024,1e-05,0.1346189224739979,0.7960842736096237,0.3875385634693166,0.1748018014108857,0.3300170176023823,0.0871986902112185,-0.037082282842193,-212.04607308499976,450.0921461699995,493.9104405356591
2026-05-30T06:02:08,15,1,1500014,"ARX(2,2)",True,False,1,-356.760597285426,739.521194570852,783.3394889365117,8.729095738728471,2.7616821562470246,0.0080506595994655,1e-05,0.3176558353571505,1.2107347893561646,0.5553605355242337,0.0082553206692177,0.0766389642189293,0.4046406008541182,0.1984191764356091,-0.0196409138138867,-0.1634860075157692,403.9255826629602,-781.8511653259204,-738.0328709602608
2026-05-30T07:56:25,16,1,1600014,"ARX(2,2)",True,False,1,-338.1859219548762,702.3718439097524,746.1901382754121,0.005,6.526334193108691,0.0277464745854292,1e-05,5.219656215411249e-05,1.2249626401404772,0.073089948682455,0.7312179393344007,-0.2039900603342336,0.3845554614814499,-0.1517037203196781,0.1238150447045141,0.0078423231770124,-338.422083303018,702.844166606036,746.6624609716956
2026-05-30T02:39:50,17,1,1700014,"ARX(2,2)",True,False,1,-215.32050169498046,456.64100338996093,500.4592977556205,7.078020595700947,0.005,0.6146716929633688,1e-05,1.4133142175914817,0.2854835078778671,0.0593342166827848,1.2660395256964538,0.0732128429593986,0.2376899876263783,-0.2392294989424108,-0.0966430754971186,0.962071212541502,-220.01232175546895,466.024643510938,509.8429378765976
2026-05-30T18:34:46,17,2,1700024,"ARX(2,2)",True,True,0,-391.4376525627487,808.8753051254974,852.6935994911571,4.313090037657307,2.14965024520533,0.1153426277363323,0.0944348908974047,0.1852770456212812,0.4861236216169873,0.6698369057066902,0.0118214750759028,-0.0826734941496234,0.3252715774313137,0.3781765562339407,-0.0982678281461473,-0.0472331724934758,-144.57838592604782,315.15677185209563,358.9750662177552
2026-05-30T01:24:30,18,1,1800014,"ARX(2,2)",True,False,2,-505.77303730280516,1037.5460746056103,1081.3643689712699,2.5244755298536963,9.806971562897443,0.0030323836390925,0.4014752453277224,0.7960172561722532,0.2491801589279106,0.0334360011971074,0.6652587975786888,0.2536527239120625,0.582799332386085,1.8251247844449296,0.1387080228833113,0.4644742916062737,-301.48433351953577,628.9686670390715,672.7869614047312
2026-05-30T15:53:22,18,2,1800024,"ARX(2,2)",True,False,1,-290.7073811715976,607.4147623431952,651.2330567088549,4.906236709321536,0.0661235842186996,0.1836532746567973,1e-05,1.394363223202803,0.1134919960988861,0.1773877646774699,0.1854582738723799,0.6987254196135168,0.3569737727106682,-0.8390156572774992,0.2623349258690631,-0.30615092039449,-321.8049741258827,669.6099482517654,713.4282426174251
2026-05-29T22:25:12,19,1,1900014,"ARX(2,2)",True,False,1,-284.06853348999306,594.1370669799861,637.9553613456458,0.005,2.491055356502092,1e-05,0.1199385893863718,0.5222566994285643,0.7302051463220554,1.560825413946137,0.7711982519489567,-0.0916998061554309,0.3114719878080608,0.8556852639387957,-0.1059663676508519,0.1427491236429534,-275.3111193217396,576.6222386434791,620.4405330091388
2026-05-30T15:48:52,19,2,1900024,"ARX(2,2)",True,True,0,-315.1175661863167,656.2351323726334,700.0534267382931,9.685659321655743,1.7732371748306996,0.2767176182642308,0.5847118572567712,0.3596912724396175,0.0130082797389823,0.2803981667176198,0.0062681075964167,-0.0666507464290319,0.0728044743605969,0.2372367236964323,-0.029001044782593,0.2157975960755259,173.0751475280467,-320.1502950560934,-276.3320006904338
2026-05-30T01:17:46,20,1,2000014,"ARX(2,2)",True,False,1,-694.8412989661904,1415.6825979323808,1459.5008922980403,8.760688697304184,6.376380231645135,0.8056106091279324,0.4252622533840992,0.3791820448003402,0.728613910915699,1.1999878405023274,0.0638489106584333,-0.3873997022709673,-0.0085483305397064,-0.360759167411851,-0.0419526105887863,-0.936862173357281,107.22338188865945,-188.4467637773189,-144.6284694116593
2026-05-30T17:51:47,20,2,2000024,"ARX(2,2)",True,False,2,-194.36206527991226,414.7241305598245,458.5424249254841,2.854581808035908,0.005,0.4438431406124509,0.6552876249388695,0.4939352350964472,0.0324385093968927,0.2495614885407569,1.492380259862959,0.0133494412402854,0.3763620163592974,-0.0610353187761006,0.0388959876170068,0.6731226997929941,-187.88783654692887,401.77567309385785,445.59396745951744
2026-05-30T15:47:06,21,1,2100014,"ARX(2,2)",True,False,2,-464.57101271428735,955.1420254285747,998.9603197942344,4.847758794208104,4.8281013576876655,0.0750708591306887,0.0655145350824458,0.2208493481131515,0.0182261356989567,1.4463375783566197,0.0044134641855611,0.0249482147619677,0.1496330518456271,0.5766364545320142,-0.061194097416398,0.3737835606039402,1464.6394951263692,-2903.2789902527384,-2859.4606958870786
2026-05-30T03:03:56,22,1,2200014,"ARX(2,2)",True,False,2,-462.11491919576014,950.2298383915203,994.0481327571799,3.718006018819388,2.872255045334642,0.0664482996430641,0.0035621297686793,0.8967203093503862,0.953148046103768,0.772513296661781,0.0077222558109108,-0.1778091874947313,0.1018588451508225,0.2893605109762334,0.2328958647851078,-0.0749098943274479,-4.600571561168721,35.20114312233744,79.01943748799705
2026-05-30T15:27:44,22,2,2200024,"ARX(2,2)",True,False,1,-198.25620450032534,422.5124090006507,466.3307033663103,7.151047051078523,0.005,0.0184831299926785,0.2902683863396801,0.6460084981015674,0.006118636239073,0.2213912194177967,0.3413402009241348,0.2388140088758502,0.3988512285219187,0.2913465549354466,0.1122700883701314,0.0077688549451796,-200.75485271621795,427.5097054324359,471.3279997980955
2026-05-30T01:43:40,23,1,2300014,"ARX(2,2)",True,False,1,-259.6502497502262,545.3004995004524,589.118793866112,1.8055612644176773,5.373617956285434,0.6383997085426841,1e-05,0.658851241976247,0.0007152701488256,0.3464451019395334,0.0008121720090535,-0.0754754787210867,0.052949609970781,0.7325452674617126,-0.3692249727301253,0.6237368985423729,1282.05522176884,-2538.11044353768,-2494.2921491720203
2026-05-30T04:06:31,24,1,2400014,"ARX(2,2)",True,False,1,-519.1243492545103,1064.2486985090206,1108.0669928746802,6.695882969861457,4.338017213152905,0.0006187957535568,0.0141134863291859,0.3261640229165977,0.4360341428080106,0.0054626839887404,1.819220475647328,0.1177266587866809,0.3408471049705486,1.014704867426884,0.0024650823322843,0.6132587855490169,474.9607124107765,-923.921424821553,-880.1031304558934
2026-05-30T05:22:53,25,1,2500014,"ARX(2,2)",True,False,2,-199.92564439268062,425.85128878536125,469.66958315102084,4.320865063425432,0.005,0.0006195920506852,1e-05,0.8265449466975195,0.6186008437833925,0.2764625341280795,1.5047600223612454,0.0995604470900384,0.2032342523302658,0.4148574462386554,0.0850994834069509,0.1500917148490457,-196.0605034813016,418.12100696260313,461.93930132826273
2026-05-30T03:28:41,26,1,2600014,"ARX(2,2)",True,False,1,-270.0757425865097,566.1514851730194,609.9697795386791,8.9398900048824,8.204234928742084,1e-05,0.8525064287195792,1.1442504191285432,0.1949832452853163,0.1965018641842082,0.1231425443412299,0.0195105364345475,0.3143234078471398,-0.0420553277589588,0.3673539678389591,0.1754523045412631,-270.07574258650715,566.1514851730143,609.969779538674
2026-05-30T04:56:49,27,1,2700014,"ARX(2,2)",True,False,1,-200.9451225965305,427.890245193061,471.7085395587206,0.0331963243333936,1.5541594934773946,0.088022262330824,0.6446493203484618,0.0138308771859264,0.1230431198512526,1.5002653122674885,0.2967622317322157,-0.2575454703151098,0.3407768280949805,0.7739702112698079,0.3528482947440308,-0.1242663761675584,-209.7980203814137,445.5960407628273,489.4143351284869
2026-05-30T09:56:17,28,1,2800014,"ARX(2,2)",True,False,2,-441.0952932489487,908.1905864978974,952.008880863557,5.857466253086035,2.844100067032791,0.0023551277137605,0.1192992749762133,0.0337426271303625,0.4111866693765143,0.0119913313935137,1.398399767613456,0.1854079003812117,0.3592619960815977,0.069711990926924,0.2184042626933209,0.884782273102605,-116.42345016547571,258.8469003309514,302.665194696611
2026-05-30T01:13:05,29,1,2900014,"ARX(2,2)",True,False,1,-191.03776873606125,408.0755374721225,451.8938318377821,2.5679822466709767,0.005,0.5640260636067447,1e-05,0.549956703723881,0.2053811527552673,0.2371063605386897,1.3089769232325454,0.30997324623263,0.2169203838664568,0.318729340953952,0.23532980173452,-0.0585452384297745,-198.7232577073608,423.4465154147216,467.26480978038114
2026-05-30T17:59:33,29,2,2900024,"ARX(2,2)",True,False,1,-198.90604849681125,423.8120969936225,467.6303913592821,0.005,8.471512560253405,1e-05,0.2488947937157555,0.9191267334410012,0.5045421663839615,1.6309962184763682,0.1696534021080143,0.1192526795012121,0.5090871587029243,-0.2387246731074242,0.3004518057465631,0.4501357076567849,-213.12047353629768,452.24094707259536,496.05924143825496
2026-05-30T03:20:09,30,1,3000014,"ARX(2,2)",True,False,2,-298.20543374783836,622.4108674956767,666.2291618613364,0.0050776533090678,1.283266420021863,1e-05,1e-05,1.3757621427033562,0.8879284281739969,0.8155617472118808,1.2190986892656346,-0.00988423370714,0.2473458299708016,0.5348654224481478,0.2881115698607819,0.0195652252071686,-304.7989840604287,635.5979681208574,679.4162624865171
2026-05-30T04:53:18,31,1,3100014,"ARX(2,2)",True,True,0,-630.1676070551671,1286.3352141103342,1330.1535084759937,3.478703634627636,1.7967873045729714,0.7455033272213766,0.5144282116125973,0.3423290939858809,0.3332297343297392,1.8562269960789677,0.030176044362234,-0.1670918402739494,0.1513255240336372,0.4160404506961075,-0.1144247775103196,-0.3480512529093279,35.70507380399073,-45.41014760798146,-1.5918532423218466
2026-05-29T23:42:18,32,1,3200014,"ARX(2,2)",True,False,2,-329.7442442769731,685.4884885539462,729.3067829196059,7.986082644229392,5.7443784513869,0.3447536072168431,0.7810595190502595,0.781789382811395,1.1963273990136214,0.1186257286049106,0.0503965668832261,0.1467045285199383,0.5044820979967166,-0.2556707689882564,0.0902869490391989,0.3011262076803097,-275.3696967496285,576.739393499257,620.5576878649166
2026-05-30T09:53:35,33,1,3300014,"ARX(2,2)",True,False,2,-419.0438241139118,864.0876482278236,907.9059425934832,4.950221235074165,2.0423819805784955,0.0411364264887056,0.0248071328576906,0.9093829252439108,1.2750929291888828,1.157396244424852,0.007953622847319,0.2107892276620611,0.2109123043447312,0.8256843210990145,0.2077267254441185,-0.4501225549708787,366.1665628776301,-706.3331257552601,-662.5148313896004
2026-05-30T00:50:20,34,1,3400014,"ARX(2,2)",True,False,1,-205.01664169506415,436.0332833901283,479.8515777557879,0.005,2.6749477498607965,0.3129162946584767,0.5048302300269124,1e-05,0.1335798800298481,0.5751169786396222,0.2733614665459007,0.004160629255356,0.3911513858852559,0.7957139489165236,0.2344049974431682,-0.3618702311203321,-206.58869816870504,439.1773963374101,482.99569070306967
2026-05-30T16:00:36,34,2,3400024,"ARX(2,2)",True,False,1,-211.2636087809355,448.527217561871,492.3455119275306,0.2124442248039874,6.12368653346622,0.0035479484665318,0.1982725527173867,1e-05,0.814485268070213,0.0121329782369797,0.2308098565046215,0.2653314529865385,0.4616253547980314,0.1518816204590696,0.2654683032068146,-0.1071248755802935,-213.62181889563715,453.2436377912743,497.0619321569339
2026-05-30T13:54:38,35,1,3500014,"ARX(2,2)",True,False,1,-214.2552684230333,454.5105368460666,498.3288312117262,5.780924585735917,0.005,1e-05,1e-05,0.5015935034392495,0.6703696037860511,0.2712310865583832,0.8940067103692887,0.1643224464270423,0.3639718153104805,0.1438091281097588,0.1317182325747274,0.0177520887370506,-225.58365889459947,477.1673177891989,520.9856121548586
2026-05-30T05:19:07,36,1,3600014,"ARX(2,2)",True,False,1,-211.33097184360525,448.6619436872105,492.4802380528701,0.6388031474630427,0.3715450119443055,1e-05,0.0193810600003993,1.1368608586545037,0.8988686498671797,0.9714019800012548,0.7298424143233053,0.244328829142425,0.0581779238365131,0.4516672365711848,0.1509787341177625,0.4264955143617457,-177.1182501065157,380.2365002130314,424.054794578691
2026-05-30T03:23:53,37,1,3700014,"ARX(2,2)",True,False,1,-219.5847943912159,465.1695887824318,508.9878831480914,0.2099469535275732,0.7563621594639569,0.0461735236415004,0.1099515856349914,1.477637734002862,0.2384117397888907,0.9386162727327464,0.5738749715448409,0.2224781794170364,0.6546328933607376,-0.5077030577071552,0.415262191118807,0.0533969307067342,-183.575233204413,393.150466408826,436.9687607744856
2026-05-30T04:15:16,38,1,3800014,"ARX(2,2)",True,False,2,-200.0350714039282,426.0701428078564,469.888437173516,2.936006023727741,0.005,0.0003611651789856,0.1410429429741636,1.0552672451055607,0.1822373714288262,0.3551599107739484,1.204010299651558,0.1038829304735542,0.4755833895119081,0.0861963189386492,0.032860713430366,0.3279102818105399,-187.0119801641718,400.0239603283436,443.8422546940032
2026-05-30T18:45:41,38,2,3800024,"ARX(2,2)",True,False,1,-220.0472055400336,466.0944110800672,509.9127054457268,8.997133499244852,0.005,0.1429800004620832,1e-05,0.8428091574352453,0.1084935542539058,0.240295931759663,1.1731675391606866,0.2365458635435463,0.0831557175615097,0.4097988775273468,0.0798740284544358,0.1814322111165824,-222.8373265893452,471.6746531786904,515.49294754435
2026-05-30T07:58:00,39,1,3900014,"ARX(2,2)",True,False,2,-218.38004313293095,462.7600862658619,506.5783806315215,3.0268307729861403,0.0129818881333349,0.0816101662639632,0.0061167763306314,0.6502198819281295,0.2924367253586296,0.4170080203173144,0.9811663028843352,0.1178353994699561,0.5907039181672028,0.6332322068218885,-0.1858279281146037,0.2062971447221099,-207.90440254086695,441.808805081734,485.6270994473936
2026-05-30T15:31:39,40,1,4000014,"ARX(2,2)",True,False,1,-206.1691646871622,438.3383293743244,482.156623739984,0.5324236266884804,0.4792136744133042,1e-05,0.0002033429956205,0.0001744539217934,0.8947643575079529,0.9294491879625822,0.369560154838349,0.1686562762386509,0.2775043871006081,-0.112061527048691,0.5102478695582892,0.4527608711598096,-181.75325533268037,389.5065106653607,433.3248050310203
2026-05-30T10:54:59,41,1,4100014,"ARX(2,2)",True,False,1,-211.1088428858657,448.2176857717314,492.035980137391,1.6790751719857795,0.0076090827437672,0.2805748845840024,0.3413387248513375,0.5079675258980189,0.1603165207266421,0.4050513023364412,1.0873632666939002,0.1083130109245805,0.4309752991580553,0.5670195929479164,0.1366445271370592,-0.331542812285418,-210.7582967331864,447.5165934663728,491.33488783203234
2026-05-30T03:45:20,42,1,4200014,"ARX(2,2)",True,False,1,-597.7040136221761,1221.4080272443523,1265.2263216100118,5.326986843741141,7.052374233253237,0.0010630568969351,0.0083544341380643,0.4171899523659815,0.5348403194028494,0.0083848126181173,1.6503480488949918,0.6077571259989548,0.3932186434669855,1.8780488809412323,0.3380493208308716,0.7142768487286167,566.4045984366862,-1106.8091968733725,-1062.990902507713
2026-05-30T04:05:31,43,1,4300014,"ARX(2,2)",True,False,1,-198.8720228317211,423.7440456634422,467.5623400291018,1.5171295778395508,0.0160078466151471,0.219582797479999,1e-05,1.143813294504323,1.1032195710648844,0.3790002656833818,1.8470124908791723,0.2716175810383051,0.3879670716420952,0.0672033812172481,-0.1260865686422249,0.3865226645315147,-185.28456262430143,396.56912524860286,440.38741961426246
2026-05-29T23:58:19,44,1,4400014,"ARX(2,2)",True,False,2,-534.2024098788506,1094.4048197577013,1138.2231141233608,6.562816779846425,8.32877946950597,1.0015316824995614e-05,0.0804267559880553,0.817654282859865,0.9550176796368244,1.4444548591763835,0.0216152187833157,0.1961931525880007,0.3828100950447483,-0.1214662028706289,0.2071754438101311,-0.0376673733440593,-213.78427968183365,453.5685593636673,497.3868537293269
2026-05-30T03:04:43,45,1,4500014,"ARX(2,2)",True,False,1,-245.16945362773816,516.3389072554763,560.157201621136,5.265754037853814,0.0730185864559277,1e-05,1e-05,0.7443177021127452,0.0193840869141364,0.3424367269086087,0.1036228226151408,0.2460389790527123,0.5105176003405157,0.0175723318257048,0.0885240327483206,0.0571150266063267,-255.31667538313096,536.6333507662619,580.4516451319215
2026-05-30T12:42:08,46,1,4600014,"ARX(2,2)",True,True,0,-546.6786539464667,1119.3573078929335,1163.175602258593,6.380000149610985,6.49056373060557,0.5315647848211985,0.0817025350890423,0.0416206006682588,1.1056040713438853,1.2744847858167103,0.0069757873928338,0.2112058381251561,0.106564897328303,-0.1584412199888597,0.073757502924394,-0.0234059063931458,1236.6962872549427,-2447.392574509885,-2403.5742801442257
2026-05-29T21:50:25,47,1,4700014,"ARX(2,2)",True,False,2,-482.8972968258989,991.7945936517978,1035.6128880174574,6.606756557153388,4.768839209230683,0.126845610388507,0.1085344809196986,0.1938542723184315,1.248542167581876,0.003443576254258,1.2247369928653302,0.3926992430566742,0.2524705558211529,0.4058372824583041,0.0507915912434405,1.2408852733236997,953.3535392205342,-1880.7070784410685,-1836.888784075409
2026-05-30T19:29:31,47,2,4700024,"ARX(2,2)",True,False,1,-192.11117123060902,410.22234246121803,454.04063682687763,8.466560236781312,0.005,0.4672726990880187,1e-05,1.1239711894728497,0.0504220414641697,0.1275972774571952,1.5288686652590826,0.162689784307693,0.6913882071392813,0.135552787930286,-0.0570554245615716,0.2661059975786459,-194.93106163640223,415.8621232728045,459.6804176384641
2026-05-30T06:56:44,48,1,4800014,"ARX(2,2)",True,False,1,-862.9956982634725,1751.991396526945,1795.8096908926045,3.753926980302458,2.9295377410601744,1e-05,0.023067537846306,1e-05,0.2646598702998175,9.183982004881875e-05,1.397721109186011,1.8966142438806484,-0.5331524333849763,0.1437346744785169,-0.0951301070523866,-0.1819493227098426,5580.270354032173,-11134.540708064344,-11090.722413698686
2026-05-30T06:25:33,49,1,4900014,"ARX(2,2)",True,False,1,-248.72844882272437,523.4568976454487,567.2751920111084,7.835262731231578,5.70277530960066,1e-05,0.8875254867014135,1e-05,1.0000000000005129e-05,0.0045711263950091,0.1189568383019352,-0.4270467168768763,0.3355800209781236,0.5116448182877872,0.3260562914744693,-0.1528691326933075,-248.7284488227248,523.4568976454495,567.2751920111092
2026-05-30T02:54:32,50,1,5000014,"ARX(2,2)",True,True,0,-532.6480538824293,1091.2961077648586,1135.114402130518,9.794336304182838,6.267329636865401,0.1208441422069777,0.7647411525747438,0.49134808703414,1.0521708676770454,0.0468731545959387,0.9248596498051168,0.0235941638916476,0.5050537280731207,0.0808210323601627,0.2115547036904589,0.036450035836565,267.5771821284953,-509.15436425699056,-465.33606989133096
2026-05-30T20:32:18,50,2,5000024,"ARX(2,2)",True,False,1,-202.95251589310823,431.90503178621645,475.72332615187605,4.597272182776659,0.008951788438084,0.0665230088298967,1e-05,0.4420795653119831,0.0153365105986164,0.2970288283900154,1.623605958119312,0.1096224601037948,0.2314582703246934,0.6266252097361572,0.0775596390893921,-0.0479286080253777,-205.65220381402344,437.3044076280469,481.12270199370647
2026-05-30T06:05:21,51,1,5100014,"ARX(2,2)",True,False,2,-529.6408584805235,1085.281716961047,1129.1000113267066,6.147762445949576,3.0470826277192926,0.0939903415797942,0.5020062015612152,0.2527725461895163,0.4080777721321254,0.0135240765135109,1.6454560736244817,0.1411098453134992,0.3371311561026752,0.6079542674997157,0.201941868161838,0.7906143363414487,320.1399625154421,-614.2799250308842,-570.4616306652246
2026-05-30T05:13:08,52,1,5200014,"ARX(2,2)",True,False,1,-278.931374271006,583.862748542012,627.6810429076717,7.732587982346841,0.005,0.5357723559680763,0.5840252227065639,1.3269198779713212,1.331380796005777,0.0961232228728154,1.0012625291886583,0.2017987215784087,0.5081100331366702,-0.7120993923495075,0.4567634116255814,-0.0819445495850058,-285.2018874767638,596.4037749535275,640.2220693191872
2026-05-30T08:58:53,53,1,5300014,"ARX(2,2)",True,False,1,-206.76915884370365,439.5383176874073,483.3566120530669,0.005,8.447477150203571,1e-05,0.2198120137906562,0.6231137042296031,0.2780973685569222,1.1665246173510366,0.1890104762449553,0.1843651703558269,0.3693361482502378,0.0426309462618866,0.2218296973723669,0.4030747757731935,-221.7563406441544,469.5126812883088,513.3309756539684
2026-05-30T00:00:13,54,1,5400014,"ARX(2,2)",True,False,1,-420.6731978626275,867.346395725255,911.1646900909146,4.506239154000716,7.898666814273441,0.60536867363597,1e-05,1.072986328439715,0.4606349580890347,0.5806364415039723,0.0164258174243775,0.0656887480349773,0.0239346182305639,-0.0686568283597456,-0.0987400413593197,0.3059713346673647,-87.8840983421039,201.7681966842078,245.5864910498674
2026-05-30T19:36:47,54,2,5400024,"ARX(2,2)",True,False,2,-510.6511861443938,1047.3023722887876,1091.1206666544472,3.5816557616650315,5.144386567922084,0.0007237551694134,0.029627941384277,0.3727330775307318,0.2415921961390474,0.0102412330444104,1.4469134516777085,0.3647834957630864,0.5104197203344527,0.6482357014301282,-0.0218684244152372,1.0136788184718972,-40.89959709260029,107.79919418520058,151.61748855086017
2026-05-30T01:51:17,55,1,5500014,"ARX(2,2)",True,True,0,-263.8832188527158,553.7664377054316,597.5847320710913,1.555467342687898,2.111223956590339,1e-05,0.2886056532156671,1e-05,1.252741998558089,0.0042866007845202,0.5728664655916907,0.0557676424290091,0.2310990835718978,0.7917459696179235,0.3335185264833072,-0.1931096116443789,-266.0466713123732,558.0933426247464,601.911636990406
2026-05-30T06:23:35,56,1,5600014,"ARX(2,2)",True,False,1,-242.79478217955676,511.5895643591135,555.4078587247732,1.692200035827225,1.7102847334519622,1e-05,1e-05,0.972507779489536,0.418321026170723,0.1183547407929393,0.376061972439408,0.3081814894359793,0.1853890750366018,0.902381050682212,0.3549339644253296,-0.3818357705269045,-367.30090645296576,760.6018129059315,804.4201072715912
2026-05-30T05:26:57,57,1,5700014,"ARX(2,2)",True,False,1,-597.3439890519232,1220.6879781038465,1264.506272469506,5.790107021989583,5.559313159794049,0.1036676789536886,0.2149128159260423,1.2989877871444506,0.1115719953505595,1.903998850681244,0.0084135618078301,-0.3616231534372905,-0.0472902190646658,0.0538292302511563,-0.0911632577631798,-0.6381578419298671,447.2220787919232,-868.4441575838464,-824.6258632181867
2026-05-30T00:19:24,58,1,5800014,"ARX(2,2)",True,False,2,-212.19032585249244,450.38065170498487,494.19894607064447,0.2451179805222724,1.1742799461045048,1e-05,0.0013996997362105,0.5404484615617453,0.6141184315541226,1.0659254458890357,0.6589889159363148,-0.0102959448567712,0.1953844721549879,0.5029198853874898,0.1640290725247082,0.0116791168049144,-171.8180834934484,369.6361669868968,413.4544613525564
2026-05-30T21:13:13,58,2,5800024,"ARX(2,2)",True,True,0,-507.59799665743986,1041.1959933148796,1085.0142876805394,7.044742825561229,2.7324458933284204,0.1566183700897479,1.0000000000003782e-05,1.257808026406084,0.7518880023899931,1.338801928664597,0.0092030021843906,0.1261636180131704,0.4065870235085067,-0.3097813807897971,0.0758069682365701,0.1971919578253869,1483.1902355038435,-2940.3804710076874,-2896.562176642028
2026-05-30T04:32:23,60,1,6000014,"ARX(2,2)",True,True,0,-510.64365806638193,1047.2873161327639,1091.1056104984234,6.482973099653299,1.9363750533316904,0.2273966838337059,0.7398750988816217,0.7907245928767476,0.5700825749190831,0.0102691023795603,1.0782191398074406,0.3382880931541986,0.3759918127500775,0.7199001927908751,0.2492052271018195,0.9190219739916088,169.30834361508954,-312.6166872301791,-268.7983928645195
2026-05-30T13:00:46,61,1,6100014,"ARX(2,2)",True,False,1,-575.5324093310853,1177.0648186621706,1220.8831130278302,7.382979373953038,8.397846224864523,0.0387690210558237,0.0015749356455975,1.299275240246912,0.7920091760130389,0.0198247838489501,1.6787628345608618,0.3272560186978789,0.2625222945223942,1.7035566355026344,-0.0662308931727824,0.5864700825618333,-72.91804909415151,171.83609818830303,215.65439255396265
2026-05-29T22:42:02,62,1,6200014,"ARX(2,2)",True,False,1,-270.32988059073125,566.6597611814625,610.4780555471222,0.005,9.863341433432849,1e-05,1.0000000000005876e-05,1e-05,1.0968597583175936,0.4519797541670688,0.2817006115488735,0.865682319351022,0.0125987772433646,0.1288570184140358,0.2737787475696648,-0.0004018471173456,-271.28390576545974,568.5678115309195,612.3861058965791
2026-05-30T11:39:01,62,2,6200024,"ARX(2,2)",True,False,1,-210.61305989112844,447.2261197822569,491.0444141479165,3.8082947201243673,0.005,0.0051607052464718,0.0398639880984727,0.0210641879743056,1.1248141068246404,0.3326701536774492,1.7280051466289388,0.0451677019066983,0.1357207888597486,0.5468274916750228,0.1795573608367943,0.0867233417075552,-210.98748372648677,447.9749674529735,491.7932618186331
2026-05-30T07:25:03,63,1,6300014,"ARX(2,2)",True,False,1,-408.15896387989994,842.3179277597999,886.1362221254595,1.009232187505254,6.782662604812174,0.0057506606103783,0.0171540078647262,0.7915848197199749,0.1798701604667058,0.0104778509821868,0.5239616676364691,0.9679921607162628,0.2388139612189146,0.285525238911671,0.3995900003292446,0.3520849424429037,-150.69203553355166,327.3840710671033,371.2023654327629
2026-05-30T04:39:07,64,1,6400014,"ARX(2,2)",True,False,2,-463.69244931898936,953.3848986379787,997.2031930036384,9.038267533910924,2.326538447775599,0.0044025030469609,0.0009325627342032,0.3747592283573135,0.9622681127639976,0.8501181541656314,0.0061150175263875,-0.0750947070184324,0.3650038981057576,0.3978693510576758,-0.0692615843381734,-0.8936664348568369,416.72321616646514,-807.4464323329303,-763.6281379672706
2026-05-29T22:57:23,65,1,6500014,"ARX(2,2)",True,False,1,-233.58825122909735,493.1765024581947,536.9947968238544,0.0341994397564913,0.5929595072429684,1e-05,0.469874571913517,0.7142226580655587,1.030308349179924,1.2280037057668614,0.6144930079741204,0.0876145722705446,0.7205271096226571,-0.1311095579795124,0.2997613042651422,0.1121672325840414,-231.66231509871284,489.3246301974257,533.1429245630853
2026-05-30T20:10:05,65,2,6500024,"ARX(2,2)",True,False,1,-219.34124557611727,464.68249115223455,508.50078551789414,0.005,5.731921242660238,1e-05,0.138305558612287,0.5177573989174398,0.3865110078126859,1.1693187667870035,0.2893046932450769,0.0586877501680142,0.3924504056360791,0.5989847613706021,0.1359861651757123,0.0471920806502797,-235.4487341151451,496.8974682302902,540.7157625959499
2026-05-30T08:58:48,66,1,6600014,"ARX(2,2)",True,False,1,-353.0696068683342,732.1392137366684,775.957508102328,0.173778317680562,7.027414118845975,1e-05,0.0588183818915673,0.9800519035916404,1.499112215843896,0.177977352045964,0.5063754458566742,0.0919043572461307,0.2750766807560666,1.4873992318417455,-0.114373549688236,0.1678855093325736,-407.46680334006425,840.9336066801285,884.7519010457881
2026-05-30T10:50:11,67,1,6700014,"ARX(2,2)",True,False,2,-435.77557229679377,897.5511445935875,941.3694389592472,0.1529496971155698,7.205136908705785,1e-05,0.0003777228251969,1.2033570932102664,0.6914007421092138,0.0037826162477885,0.917010239400226,0.1553393026451432,0.193013162922715,1.2643069933432716,-0.0483549317783141,0.4615838252816265,1543.4542418522478,-3060.908483704496,-3017.090189338836
2026-05-30T11:19:47,68,1,6800014,"ARX(2,2)",True,False,2,-419.83499242712435,865.6699848542487,909.4882792199083,3.157036918858992,6.460837990158812,0.0117702328128125,0.0496910007756995,1.057094823474246,0.6542012497432708,0.0127021983626618,0.7549269653144293,0.3025405486249103,0.3026136529691822,0.2910309427303795,0.313718470449673,0.2838887382386172,145.97125753549523,-265.94251507099045,-222.12422070533088
2026-05-30T01:48:44,69,1,6900014,"ARX(2,2)",True,False,1,-189.66620433014333,405.33240866028666,449.15070302594626,4.18119495961257,0.0077957406893779,0.3184878726612253,0.0136245114108299,0.3395926899311093,0.0318929537540097,0.2164390984342366,0.8390455866242613,0.2115800527486402,0.2313658568248766,0.2072331076721671,0.0148326464524238,0.3842090643341558,-189.12574250044295,404.251485000886,448.0697793665456
2026-05-30T20:55:03,69,2,6900024,"ARX(2,2)",True,False,2,-183.88915359322004,393.7783071864401,437.5966015520997,8.09076493235256,0.005,0.0460564044866828,0.2968851558506097,0.5558105267863634,0.1621532095343617,0.1503937153235017,1.870613724357801,0.1312605509395661,0.2878382132649413,0.2217917634822141,0.0659853786795357,0.3366818938859937,-193.167213649381,412.334427298762,456.1527216644216
2026-05-30T19:18:30,70,1,7000014,"ARX(2,2)",True,False,1,-200.36109656096653,426.72219312193306,470.54048748759266,1.8558196361350443,0.0112038406327041,0.3992488063884429,1.0000000000003413e-05,0.3248340541911885,0.0408767094212303,0.3443739769763428,0.8610841783628846,0.2824161117110867,0.2839462018311731,-0.0972076071620212,0.0580603476451866,0.6274519434252447,-189.5714066180324,405.1428132360648,448.9611076017244
2026-05-30T06:56:38,71,1,7100014,"ARX(2,2)",True,False,1,-207.15909705357535,440.3181941071507,484.1364884728103,1.9099799000073636,0.1407774773481997,0.2570366223450966,1e-05,1.1761659452122386,0.5723796771545052,0.1983289422972834,0.6222128380426231,0.1781841601659674,0.144929176297893,0.5319643773634543,0.0224798855133335,-0.1169324070280734,-250.2384116080692,526.4768232161384,570.2951175817981
2026-05-30T19:48:06,71,2,7100024,"ARX(2,2)",True,True,0,-546.5859659023128,1119.1719318046255,1162.990226170285,6.042224500860049,3.766826904131556,0.0042590616963481,0.3642289506615208,0.4626515719871214,0.8626498121964051,0.013019322751885,1.9399286516197969,-0.0072125309127728,0.3371982566981659,0.8459499284496333,0.0678678055485976,0.3531725961353143,506.5483214065501,-987.0966428131004,-943.2783484474406
2026-05-30T09:31:23,72,1,7200014,"ARX(2,2)",True,False,2,-221.98332137280846,469.9666427456169,513.7849371112766,4.8923586895953095,0.005,0.026281834889646,0.0837109777500463,0.1954341651290869,1.3423857578141107,0.2414740756296537,1.0148559770067225,0.1004651781827193,0.0278043632308459,0.4618343772494231,-0.1298143929103616,0.4402368300780451,-239.6556868495228,505.3113736990457,549.1296680647052
2026-05-30T04:33:08,73,1,7300014,"ARX(2,2)",True,False,1,-193.03085843682902,412.06171687365804,455.88001123931764,8.059175424997008,0.005,0.6544701301286366,1e-05,0.8771936523253597,0.0203702456498389,0.0878031158381172,1.5008834593610847,0.1212623577113449,0.4891333619789307,0.3215154586654625,0.1392381435168841,0.0929576885721458,-194.50258259530733,415.00516519061466,458.8234595562743
2026-05-30T13:30:05,73,2,7300024,"ARX(2,2)",True,False,1,-264.62520267983246,555.2504053596649,599.0686997253246,4.734040684477397,0.005,1e-05,1e-05,1.245634755150584,1.000000000000768e-05,0.4281868073345332,0.8568583926064518,0.0391038215994286,0.4838273491311537,-0.2078464917359116,0.5207946056539585,0.4998930483755069,-251.8795525599957,529.7591051199914,573.5773994856511
2026-05-29T22:47:42,74,1,7400014,"ARX(2,2)",True,False,1,-182.48937318462023,390.97874636924047,434.79704073490007,7.453219419030742,0.005,0.4083450410702582,0.1032711627180119,0.3688319485789146,0.0565815835327529,0.1332685376040749,1.779142355187934,0.1347836083424421,0.2683121745935686,0.3723912707833406,0.1920185102470595,0.0434971289087463,-186.34682096511264,398.6936419302253,442.5119362958849
2026-05-29T21:08:30,75,1,7500014,"ARX(2,2)",True,False,2,-578.7727805385981,1183.5455610771962,1227.3638554428558,2.91891957626727,7.8829771817607694,1e-05,0.6453642595157688,0.7501319710044232,0.7972859701838738,0.0499863789769972,1.1098503005522438,0.2688195003266047,0.3444670646838365,1.0720197241758136,0.1873324340387645,0.296885432726827,-216.96644290055147,459.9328858011029,503.75118016676254
2026-05-30T15:08:31,75,2,7500024,"ARX(2,2)",True,False,1,-206.74956370695975,439.4991274139195,483.3174217795791,4.599850297379796,0.0672746093697893,0.0537018830252314,0.0118324629886438,0.8115245950262485,0.0621366196919174,0.2814847563560412,0.8894536180650257,0.2758998702113162,0.5736557486282192,-0.0125823727593997,0.3270253021497346,-0.2383978494157372,-225.4073494882269,476.8146989764539,520.6329933421135
2026-05-30T17:33:56,76,1,7600014,"ARX(2,2)",True,False,1,-652.3773506054845,1330.754701210969,1374.5729955766285,7.21694828400115,4.101858450247654,0.1758202305631066,1.0071651894534202e-05,0.6959821141472938,0.1048058465690969,1.9435683442900729,0.0111991790057893,-0.2366901430555133,-0.007766192519584,-1.645672575510618,-0.1014621157658873,-0.6741388685162536,437.2904866373826,-848.5809732747653,-804.7626789091056
2026-05-30T13:17:11,77,1,7700014,"ARX(2,2)",True,False,2,-587.886595471497,1201.773190942994,1245.5914853086535,3.952496834300614,1.2296859732979202,0.8448188623865583,0.7329605760120576,0.3189448827094077,0.9357120677011198,1.1006848364955082,0.0148951501080716,0.0412304806101866,0.1886753722245861,-0.2750989670867479,0.1898787233128574,-0.1514170445862933,34.54072015800142,-43.08144031600284,0.7368540496567704
2026-05-30T17:30:32,78,1,7800014,"ARX(2,2)",True,False,1,-205.45668551680498,436.91337103360996,480.73166539926956,5.00525721748397,0.005,0.0247926503765108,1e-05,0.5674346489966764,1.0200022415066186,0.2860425459158936,0.966399522304329,0.2388251883131568,0.3054291679445691,0.2969065314511752,0.0562604631420096,0.0237600746956461,-230.08175774849656,486.1635154969932,529.9818098626528
2026-05-30T06:32:39,79,1,7900014,"ARX(2,2)",True,False,1,-326.1973053921252,678.3946107842504,722.2129051499101,1.867949187238128,2.329756409133761,0.6357762079818564,1e-05,1e-05,0.8643212131288572,0.0007520892513497,1.0018609343797436,0.7848917676279229,0.4970065924012595,0.0260366809453446,0.0447933670517264,-0.3574444773512959,-327.2910448849673,680.5820897699346,724.4003841355942
2026-05-30T01:25:32,80,1,8000014,"ARX(2,2)",True,False,1,-221.52710987749623,469.05421975499246,512.8725141206521,0.005,6.267823516001124,1e-05,0.0033900230239333,1e-05,1.289048428725678,1.6362965410928747,0.2907225606627616,-0.1242321222751772,0.1120291847879629,0.5169953204241935,0.2792768404272633,0.3703206739581506,-234.63347791299483,495.26695582598967,539.0852501916493
2026-05-30T20:03:30,80,2,8000024,"ARX(2,2)",True,False,2,-200.7830216008146,427.5660432016292,471.3843375672888,0.005,7.1102552242103565,1e-05,0.0282225660111503,1.1546903694286892,1.0949169878421006,1.842797121980002,0.1993610088499473,0.1642720819561361,0.5955344191224897,0.1919460305902121,0.2849487184859913,-0.1070942185180407,-209.2259433582326,444.4518867164652,488.2701810821248
2026-05-30T09:13:26,81,1,8100014,"ARX(2,2)",True,True,0,-523.3087556630771,1072.6175113261543,1116.4358056918138,8.888159948712328,2.403014425263619,0.0454757276702184,1e-05,0.766087937321283,1.3733565399955212,1.2414414409564734,0.007163613174536,-0.0115843782465231,0.3568739947918088,-0.2981621832556849,0.1249306583821166,-0.45570093490726,543.2955507736152,-1060.5911015472304,-1016.7728071815708
2026-05-30T00:02:42,82,1,8200014,"ARX(2,2)",True,False,2,-289.54870694726384,605.0974138945277,648.9157082601873,0.0628937846726914,0.583545225552121,0.1238181498584406,0.1650455718172309,1.343366358635953,0.2313724923075634,1.8897024487045144,1.4749979821246255,-0.0573495768845907,0.2876461584307704,0.4054046631817191,-0.105152079479504,-0.2805853690568496,-224.1308051094724,474.2616102189447,518.0799045846044
2026-05-30T13:48:04,82,2,8200024,"ARX(2,2)",True,True,0,-337.0650344751656,700.1300689503312,743.9483633159908,0.8774796414239642,5.2266943283446405,1e-05,1.10342962678881e-05,0.4932963449457077,0.813956806768322,0.0048289935758345,0.5069388463169076,0.4994302384842348,0.341014141682694,0.4797054519902398,0.2892582114249717,0.1755084210943341,-191.43674257117385,408.8734851423477,452.6917795080073
2026-05-30T09:58:03,83,1,8300014,"ARX(2,2)",True,False,2,-468.8996763175294,963.7993526350588,1007.6176470007184,3.659781034554871,7.39382032056728,0.2177322569414562,0.1966365277854069,0.45746582075185,0.0620485921866138,1.514782964131789,0.0077773780288855,0.0984123595053312,0.3872545795746125,0.3067322875867406,0.1821901506619056,-0.2098030785679116,86.19473209965736,-146.38946419931472,-102.5711698336551
2026-05-30T04:25:01,84,1,8400014,"ARX(2,2)",True,False,2,-208.54278969714704,443.0855793942941,486.9038737599537,3.1608287237656563,9.07585735522622,0.8372023715542039,0.2907553525134573,0.0783269823609733,0.9454441667141342,0.0189377892848205,0.1782857671611868,0.0238516280503035,0.2377816984496064,-0.0432472685368957,0.2361912791602782,0.1968247722453919,221.5896152114497,-417.1792304228994,-373.3609360572398
2026-05-30T04:26:24,85,1,8500014,"ARX(2,2)",True,False,1,-211.77475336843105,449.5495067368621,493.3678011025217,1.2924320078927287,9.666874955166818,1e-05,0.9385730423899072,0.0285455265465842,1e-05,0.255757901204896,0.0465175837969044,0.3609696132348038,0.3116459090882763,-0.0389471956622533,0.3452750473551329,0.0687018198345296,-211.77475336842315,449.5495067368463,493.3678011025059
2026-05-30T02:21:15,86,1,8600014,"ARX(2,2)",True,False,1,-205.4160823626687,436.8321647253374,480.650459090997,0.005,6.384470705340468,1e-05,0.4092184561081503,0.4280787994844078,0.2806101805836462,1.813707312745355,0.1904974978165884,-0.1747699256172581,0.3532723539450021,0.6933771778132592,0.1140564599356589,0.2173665170423818,-207.51974422761023,441.0394884552205,484.8577828208801
2026-05-30T20:19:22,86,2,8600024,"ARX(2,2)",True,False,2,-407.4571295027448,840.9142590054896,884.7325533711493,2.2640405654702938,7.993913187148589,1e-05,1e-05,0.8470511924430386,1.0654471078193284,0.0061232340805715,0.4548268838847928,0.3387829310578766,0.381079818951519,0.5752818157671711,-0.1463972700273915,1.403490808171016,53.970211258724646,-81.94042251744929,-38.12212815178968
2026-05-30T08:56:36,87,1,8700014,"ARX(2,2)",True,False,1,-204.8097347801738,435.6194695603476,479.4377639260072,0.005,7.741148725168697,1e-05,0.2436508417078526,1.0359126714506084,0.349748710478337,1.587906986310433,0.1978019570121715,0.1579309237940967,0.4861798131288107,0.4405380343787037,0.3241189252436212,-0.2807755064773337,-223.411783355032,472.8235667100639,516.6418610757236
2026-05-30T03:03:11,88,1,8800014,"ARX(2,2)",True,False,1,-211.31241501506793,448.62483003013585,492.44312439579545,2.5909300139508957,0.0059390045831028,0.0124627862026764,1e-05,0.4438889037533962,1.18976332728415,0.3409764588260338,0.6322757208533104,-0.0078772716484678,0.323022475099687,-0.072488210714523,0.1476940805002243,0.5070276866388035,-211.54227179740167,449.08454359480334,492.9028379604629
2026-05-30T20:02:23,88,2,8800024,"ARX(2,2)",True,True,0,-609.7273834519684,1245.4547669039368,1289.2730612695964,2.070276582538246,8.787904131855095,0.6800349004060536,0.8387451927613861,0.5195132596093336,1.2334849901440947,0.0561342911916607,0.9373873784582788,-0.0976747068114751,0.4120089502347323,0.7956999403498267,0.1060876371025729,-0.3788822809871424,163.95345958298765,-301.9069191659753,-258.0886248003157
2026-05-30T07:04:11,89,1,8900014,"ARX(2,2)",True,True,0,-507.7057845503808,1041.4115691007617,1085.2298634664212,7.366844773946181,4.247660876725957,0.0494836827365978,0.4726721346726169,0.2502086602858508,1.260080067022442,0.0059668558549977,1.0652824547698114,0.1029318494457983,0.4654182573870039,0.7319333945340434,0.1711318217018845,1.0225516805402088,1377.8110611014758,-2729.622122202952,-2685.803827837292
2026-05-30T20:59:13,89,2,8900024,"ARX(2,2)",True,False,1,-562.6265126226267,1151.2530252452534,1195.071319610913,2.2952105157682907,5.309756706679241,0.0287402444867369,0.5922281667322435,0.5063302897067541,0.8925649820056529,0.0213721523512176,1.3899480036320222,0.067353064550608,0.3833333597014446,0.8907074782775306,-0.1315025528608362,0.5821222056790439,491.0172251512731,-956.0344503025462,-912.2161559368866
2026-05-30T02:09:14,90,1,9000014,"ARX(2,2)",True,False,2,-594.4625930727655,1214.925186145531,1258.7434805111905,7.009826573743916,5.041854232294263,0.3566132249371479,0.0703334898035777,1.2867176574851598,0.7158038131144469,0.0159143166010442,1.6863859016246552,0.4312178967827757,0.4446851229913772,1.866860279850687,0.031633306720636,1.3375741845429605,111.52184661494891,-197.04369322989783,-153.22539886423823
2026-05-30T13:24:06,91,1,9100014,"ARX(2,2)",True,False,2,-489.9620219205282,1005.9240438410563,1049.7423382067159,1.2942800881925982,4.275617683553912,1e-05,0.0002439305935214,0.0839704286874953,1.0155298467442098,0.0086183738650854,1.6645553814261096,0.3620715193930306,0.3801734148049404,0.3212278070145615,0.1011995870378974,0.4863817696229712,409.4238661690339,-792.8477323380678,-749.0294379724081
2026-05-30T01:39:52,92,1,9200014,"ARX(2,2)",True,False,2,-536.8306310404255,1099.661262080851,1143.4795564465105,1.4619333323300003,3.356500510457125,1e-05,0.0511021767615524,0.4103888135954969,1.214695922224907,0.0088977236990046,1.1845008998711015,2.0964116455276645,-0.3037780331970049,-5.03114560343887,0.9063355757424164,5.470937214350615,-200.14469999987764,426.2893999997553,470.1076943654149
2026-05-30T19:57:58,92,2,9200024,"ARX(2,2)",True,False,1,-198.1058903528927,422.2117807057854,466.03007507144497,0.005,3.694343367164522,0.0058995620871134,0.2027261414835497,0.6563629254892772,0.6100487135473955,1.6797497560415828,0.2866201563650446,-0.0513285892267448,0.5210322790596522,0.2076998277713057,0.272559819792398,0.1102774382914875,-207.56876960907888,441.1375392181577,484.9558335838173
2026-05-30T07:40:54,93,1,9300014,"ARX(2,2)",True,False,1,-206.28135885154865,438.5627177030973,482.3810120687569,7.132438117104542,0.005,0.2566692351413783,1e-05,0.4670518516050317,0.0423781601658478,0.2438134790992752,1.506716346215758,0.3720150794289552,0.5241572700275055,-0.238450924439728,0.0365582628763187,0.4382459960987813,-207.94485158434125,441.8897031686825,485.7079975343421
2026-05-30T13:58:04,94,1,9400014,"ARX(2,2)",True,False,2,-206.17030540346133,438.34061080692265,482.15890517258225,0.0795915216729727,1.4568139280814263,0.2416386291847951,0.0874734371999286,0.9302353472798356,0.7749752820873677,1.4724482016458953,0.542498742535951,0.078797446586333,0.4788102302641391,-0.1031781503648714,0.0968606762134886,0.4062530954416812,-180.21607164250287,386.43214328500585,430.2504376506655
2026-05-29T23:54:58,95,1,9500014,"ARX(2,2)",True,False,1,-199.58768932729237,425.17537865458473,468.99367302024433,5.140270270813073,0.005,0.0155405061748729,1e-05,0.7812769470874911,0.1687105030727464,0.2461563236260412,1.1418868823561463,0.2172183726026033,0.5033786078843671,0.2517507275194696,0.2386045995757981,-0.2526592194837284,-207.3847195660047,440.7694391320094,484.587733497669
2026-05-30T08:39:14,96,1,9600014,"ARX(2,2)",True,False,2,-578.4970340031265,1182.994068006253,1226.8123623719125,8.108911785372136,7.538890507831767,0.2818582519897029,0.0062587092802559,0.159493125577968,0.0538283173511404,1.622757426846042,0.0027584523273295,0.0212745039711654,0.2941902887539809,-0.4706222566085959,-0.1015446886807083,0.3819622313780059,4755.244790792227,-9484.489581584454,-9440.671287218796
2026-05-29T23:26:51,97,1,9700014,"ARX(2,2)",True,True,0,-538.7575980011597,1103.5151960023195,1147.333490367979,5.599228723471964,1.8289831474173277,0.4938250745534619,0.4738098960473293,0.398946681403286,0.144914198800723,1.008595415239697,0.014535402436871,-0.6878176909136073,-0.0832024412645797,-0.3239267060085197,0.1539905223732171,-0.1498439294345544,179.59362895877348,-333.18725791754696,-289.36896355188736
2026-05-30T15:17:33,97,2,9700024,"ARX(2,2)",True,False,1,-195.33050332501938,416.66100665003876,460.47930101569835,0.7929468934826428,0.005,0.8447800582257807,0.5393664570414641,0.8099546360731797,0.3134146176509773,0.1407115700388488,1.6582937123952193,0.0723846048952856,0.5204794330515744,0.3361956894454349,0.0577132850023828,0.1054701365682874,-207.5730430613884,441.1460861227768,484.9643804884364
2026-05-30T09:14:22,98,1,9800014,"ARX(2,2)",True,False,1,-560.0860197870545,1146.172039574109,1189.9903339397686,2.698438816744688,9.166198469113455,1e-05,0.1114246576373184,0.387252280935756,1.0821189823098236,0.0271958988650141,1.5784863426703235,-0.1764839441313518,0.2044449243802821,1.0297242129389694,0.1626686123056374,0.536294150270762,174.31754625541038,-322.63509251082075,-278.8167981451612
2026-05-30T04:42:56,99,1,9900014,"ARX(2,2)",True,False,1,-222.3566402940304,470.7132805880608,514.5315749537205,0.0154415634922196,1.42148772225895,0.1715559888313383,0.4041170739502465,0.0432231240247435,0.4375639407471052,1.0821987619516242,0.5732819330807756,-0.0854696634302884,0.5999080329984802,-0.0720597536992426,0.3156137089875119,0.0839531126521228,-223.57274689880077,473.1454937976015,516.9637881632611
2026-05-30T21:18:57,99,2,9900024,"ARX(2,2)",True,False,2,-191.64695144494343,409.29390288988685,453.11219725554645,0.4736069695403883,0.2354479817006494,0.4671598931040974,0.0500999858458574,0.7912916108400424,0.0668569769979247,0.4234524057230843,0.5669667398477427,-0.1824268323439419,0.3713472057562555,0.1046868509038458,0.0970081373745219,0.7524140501098322,-168.04743159664253,362.09486319328505,405.9131575589447
2026-05-30T20:55:44,100,1,10000014,"ARX(2,2)",True,False,1,-205.3665081158195,436.733016231639,480.5513105972986,0.005,6.663986016115146,0.0167148804600915,0.0699989832583147,0.6804665648868141,1.3004761953467707,1.3327967255049566,0.2188595441663583,0.0555713818230219,0.3668961994915008,0.2043175355042203,0.3099429313127238,0.2443913715737832,-218.06807406137204,462.1361481227441,505.9544424884037
2026-05-29T11:37:55,1,1,100011,constant,True,False,1,-193.96223761928417,403.92447523856833,430.88957946358966,9.108236400520656,0.005,0.3241113603328679,1e-05,1.2773214138459332,1e-05,0.1128671678624162,0.7953767006382914,,,,,,-195.85539848422027,407.71079696844055,434.67590119346187
2026-05-30T02:52:55,1,2,100021,constant,True,False,1,-206.23540655449344,428.4708131089869,455.4359173340082,0.1042816784752438,1.1661692400262498,1e-05,0.1630075897604417,1.4754325486616695,1.3229507441149904,0.708992910504942,0.4287189930519223,,,,,,-204.032811391446,424.0656227828919,451.0307270079133
2026-05-30T20:54:04,1,3,100031,constant,True,True,0,-236.69552081388514,489.3910416277703,516.3561458527915,3.1962113332069477,0.1581825922369005,0.2331485778349756,0.1044982136781102,0.6780058236163334,0.0089465050780486,0.3967545750893232,0.4041595303809856,,,,,,-256.85664581138246,529.7132916227649,556.6783958477862
2026-05-29T12:48:41,2,1,200011,constant,True,False,2,-258.63693067672875,533.2738613534575,560.2389655784788,0.3194405745716866,0.4979480394239298,0.070106761796347,0.2040859213311869,0.8704261978891218,0.5488999056235094,1.994817168556116,1.6727211096001735,,,,,,-191.55188788961536,399.1037757792307,426.068880004252
2026-05-30T05:53:07,2,2,200021,constant,True,False,1,-203.2742777013844,422.5485554027688,449.5136596277901,7.319445245789882,0.005,0.0172395103630049,1e-05,0.8043303331431173,0.1897348627097222,0.1846492707352156,0.5002330868156579,,,,,,-208.16600098355823,432.3320019671165,459.29710619213785
2026-05-29T13:57:24,3,1,300011,constant,True,False,2,-226.0986451042657,468.1972902085314,495.1623944335527,0.2605482218082188,0.8609357749408479,1e-05,0.0364402952707541,0.1417549060352242,0.3593531275244431,1.5747747849603535,0.5739139415715176,,,,,,-156.45725142539044,328.9145028507809,355.8796070758022
2026-05-30T12:46:31,3,2,300021,constant,True,False,1,-208.85602828095466,433.7120565619093,460.67716078693064,8.932669121609228,0.0112326683609566,0.2539806647857615,1e-05,1.340138506885589,0.0006438182720827,0.1468123094334779,0.1945488354537073,,,,,,-207.7680830137417,431.5361660274834,458.5012702525048
2026-05-29T12:30:31,4,1,400011,constant,True,True,0,-219.87796119242688,455.75592238485376,482.7210266098751,0.4802629425172829,0.3284601971776095,0.2323893281536011,0.0014667478562268,0.5326922706800951,0.3471190153444818,0.8161252301045177,0.7205002634900924,,,,,,-191.9584455758847,399.9168911517694,426.8819953767907
2026-05-29T12:17:37,5,1,500011,constant,True,False,2,-243.9591785162252,503.9183570324504,530.8834612574717,0.3736635062365651,0.4026106348474854,0.0367474714647529,0.0137952376951738,0.0565034699816538,0.0002497740000609,1.985054846593688,1.9263038840210571,,,,,,-165.598065378,347.196130756,374.1612349810213
2026-05-30T04:35:15,5,2,500021,constant,True,False,2,-214.5563898297498,445.1127796594996,472.07788388452093,0.5634539699907463,0.3814819308406065,0.0221790892896797,0.1282151711708127,0.0807380090966841,0.6748162839829254,0.9335368662185962,0.9626645510261078,,,,,,-156.92630429338556,329.8526085867711,356.81771281179243
2026-05-29T11:22:22,6,1,600011,constant,True,False,1,-212.61017454867346,441.2203490973469,468.18545332236823,4.8911841023444405,0.005,0.5255790936678848,0.2372145916032212,0.6984781893025367,0.534403153764566,0.1979953765118349,1.0187419612127866,,,,,,-230.6238129199676,477.2476258399352,504.2127300649565
2026-05-30T07:46:49,6,2,600021,constant,True,False,2,-579.3853450903589,1174.7706901807178,1201.7357944057392,9.088901140556656,6.089667514018614,0.329415928714861,0.2446697254920002,0.5863021045358237,0.5849495902934005,1.565119423301148,0.0328283324250879,,,,,,-62.00882097768596,140.01764195537191,166.9827461803932
2026-05-29T11:46:53,7,1,700011,constant,True,False,2,-212.70292223800772,441.40584447601543,468.37094870103675,1.018797512422622,0.1044200080374951,0.1044994154985233,0.0237145153551127,0.0781695990962034,1.2467425144423443,0.4251085969124212,1.0030780215567077,,,,,,-182.4244043472673,380.8488086945346,407.813912919556
2026-05-30T03:25:58,7,2,700021,constant,True,False,2,-214.242093480115,444.48418696023,471.4492911852513,1.2048045251497277,0.036539655278544,0.1563920039757893,0.0021669964857284,0.5212294828185422,0.5394106630739519,0.4660602786317491,1.7849017262070672,,,,,,-185.68308245180373,387.36616490360746,414.3312691286288
2026-05-29T12:24:00,8,1,800011,constant,True,False,2,-264.17990621497336,544.3598124299467,571.324916654968,0.1770120870259599,0.4555728407841652,0.2660757422437215,0.0315153052387007,0.4315302844431772,0.4989008239456083,1.8659673587119483,0.5718086721801077,,,,,,-204.207139421359,424.414278842718,451.3793830677393
2026-05-30T04:26:42,8,2,800021,constant,True,False,2,-208.5714018179539,433.1428036359078,460.1079078609291,7.055208259743519,0.005,0.011574571346263,0.0018094316448383,1.4714974631922164,1e-05,0.2034778119761305,0.829579112313627,,,,,,-192.2975075720588,400.5950151441176,427.5601193691389
2026-05-29T12:20:50,9,1,900011,constant,True,False,1,-229.10262861551996,474.2052572310399,501.17036145606124,0.3056570567994094,0.5075287895432339,0.0588973696664249,0.0244787732520768,0.1050462456809848,0.3643450281298541,1.3605709200623093,1.3146667324287502,,,,,,-165.12874267561557,346.25748535123114,373.22258957625246
2026-05-30T07:49:31,9,2,900021,constant,True,False,1,-222.73057232163941,461.46114464327883,488.42624886830015,1.2225277943745962,0.0662272867179302,0.0107854885921072,1e-05,0.2202027977595123,1.3258782524576926,0.4697518027454655,0.3393894436315525,,,,,,-237.76153188947967,491.52306377895934,518.4881680039806
2026-05-29T12:00:13,10,1,1000011,constant,True,False,2,-213.68912128939536,443.3782425787907,470.34334680381204,9.715585250391978,0.0127577899958639,0.0004782544011695,1e-05,1.4580804905909737,0.0013524155738242,0.1526045454889706,0.2624516615531343,,,,,,-203.3763242046832,422.7526484093663,449.7177526343877
2026-05-30T02:31:56,10,2,1000021,constant,True,False,1,-211.8404505532696,439.6809011065392,466.6460053315605,9.908901175120604,0.005,1e-05,1e-05,1.087152633456771,1e-05,0.1720442577304006,0.3657622339180795,,,,,,-214.25931595830195,444.5186319166039,471.4837361416252
2026-05-30T16:42:36,10,3,1000031,constant,True,False,2,-330.9434586423806,677.8869172847612,704.8520215097825,5.9444465950316765,7.0241262205516986,0.1797595066780163,0.2835470493219988,0.008197165843812,1.2737537742824705,0.006612347039862,0.4366304863676079,,,,,,-64.94583972308382,145.89167944616764,172.85678367118894
2026-05-29T15:19:55,11,1,1100011,constant,True,False,2,-194.22801028787552,404.45602057575104,431.42112480077236,7.855029424969192,0.005,0.2285418987725262,1e-05,1.1165945985165755,0.9149777208247108,0.1490937305537245,1.434999405978458,,,,,,-209.80929097407855,435.6185819481572,462.5836861731785
2026-05-30T11:24:00,11,2,1100021,constant,True,False,2,-545.3005598956729,1106.6011197913458,1133.5662240163672,4.018755369964162,8.314679503952132,0.2279711474429151,0.6398335635150897,0.4106753658737084,0.6329337311147898,0.0641693096872023,0.9036792411662578,,,,,,-146.7917331151225,309.583466230245,336.5485704552663
2026-05-29T13:12:33,12,1,1200011,constant,True,False,1,-260.4754040316739,536.9508080633478,563.9159122883691,0.424304927992799,0.0536220852238318,0.0281092217115887,0.8539433686228706,0.0831933899469754,1.4245150973541072,1.9106789142630456,1.8954043844336603,,,,,,-186.59272727934643,389.18545455869287,416.1505587837142
2026-05-30T06:25:36,12,2,1200021,constant,True,False,1,-207.37159476375678,430.74318952751355,457.70829375253487,2.839709543850664,0.0066799835086003,0.2544850286574816,0.0629456134606212,0.3813097745971162,0.0319404049526146,0.2517435595294313,1.516163186391417,,,,,,-196.4164465107201,408.8328930214402,435.7979972464616
2026-05-29T12:45:01,13,1,1300011,constant,True,False,2,-276.2441181154188,568.4882362308376,595.4533404558589,0.7032673138669607,0.9365645163828736,1e-05,2.2473383520725784e-05,0.0993965898959448,0.911018711039998,1.5946581254943948,1.1805968569699072,,,,,,-233.81248172122343,483.62496344244687,510.5900676674682
2026-05-30T05:19:39,13,2,1300021,constant,True,False,1,-192.7016458612917,401.4032917225834,428.3683959476047,9.60867902922953,0.005,0.2573257791607154,1e-05,0.858867110856558,1e-05,0.1212039476269814,2.0,,,,,,-195.12440866868863,406.2488173373773,433.2139215623986
2026-05-29T12:42:18,14,1,1400011,constant,True,False,1,-196.78326844128964,409.56653688257927,436.5316411076006,2.1455929158288454,0.005,0.6735555890360219,1e-05,0.2744262027095462,0.1704818365207724,0.1420260359893201,1.5455750457040114,,,,,,-212.2161948571068,440.4323897142135,467.3974939392348
2026-05-30T05:19:00,14,2,1400021,constant,True,False,1,-236.79551824200567,489.59103648401134,516.5561407090327,0.2917356268744679,0.7124349778711521,0.0690234143070136,0.0146175483813589,0.0364922888966881,0.0717377335481956,1.939977821573455,0.9835368467562928,,,,,,-166.9420974159367,349.8841948318734,376.8492990568947
2026-05-30T16:42:45,14,3,1400031,constant,True,False,2,-197.14694318835828,410.29388637671656,437.2589906017379,9.499815780874108,0.005,0.2409766534911793,1e-05,1.3754315135836732,1e-05,0.129631918128941,0.6613370071434617,,,,,,-192.17745525608348,400.35491051216695,427.3200147371883
2026-05-29T15:49:17,15,1,1500011,constant,True,False,2,-201.307767177012,418.615534354024,445.58063857904534,0.7747216972355356,0.3094330782119152,0.0001328079740451,1e-05,0.4670311677678604,0.3438995464606209,0.459055619006159,1.358849554712479,,,,,,-149.74646497185353,315.49292994370705,342.4580341687284
2026-05-30T08:45:54,15,2,1500021,constant,True,False,2,-261.51225571461066,539.0245114292213,565.9896156542426,0.3629439865450611,1.1980343758784244,0.095798937927862,0.0185325156934512,0.0195557710294795,0.1338300053660308,1.9763552075215536,0.7056825827246852,,,,,,-196.7002193664141,409.4004387328282,436.3655429578495
2026-05-29T12:09:37,16,1,1600011,constant,True,False,2,-205.08053376051237,426.16106752102473,453.12617174604605,0.9681610549939036,0.2286078377522565,0.0089150461884031,0.031370175516558,0.2257831844915769,0.2019406311756383,0.4433558471266124,1.6178270742555485,,,,,,-152.99496419895434,321.98992839790867,348.95503262293
2026-05-30T08:47:03,16,2,1600021,constant,True,False,1,-221.01404295755282,458.02808591510563,484.99319014012696,0.0996257224653085,1.1507607605229777,0.0390662032512845,0.1943261419959922,0.1759081748992129,0.1453261120823752,0.4464045441755068,0.3920647656257208,,,,,,-203.1583155117281,422.3166310234561,449.2817352484775
2026-05-29T15:02:47,17,1,1700011,constant,True,False,1,-200.9246787202926,417.8493574405852,444.81446166560653,0.579277088500696,0.6171262325230641,1e-05,0.1139918524226795,0.1233158822975842,0.2421183121269658,0.6399169142815634,0.6826104987837159,,,,,,-160.81655389189382,337.63310778378764,364.59821200880896
2026-05-30T06:08:47,17,2,1700021,constant,True,False,1,-214.68216467810566,445.36432935621133,472.32943358123265,9.913903748510757,0.005,0.0658663191724096,0.0232194180418829,1.4765323893327955,1e-05,0.1567956022134001,0.2213747353411863,,,,,,-215.13042483058052,446.2608496611611,473.2259538861824
2026-05-30T19:48:17,17,3,1700031,constant,True,False,1,-232.9113826483827,481.8227652967654,508.7878695217867,0.1591917867047404,0.3042199755955416,0.3859620889573242,0.1679881584264232,0.4724983490982385,1.433389895662613,1.710009625407155,1.327487033274665,,,,,,-171.0186451284212,358.0372902568424,385.00239448186375
2026-05-29T12:27:25,18,1,1800011,constant,True,False,1,-208.8664986359119,433.7329972718238,460.69810149684514,9.79856293389359,0.0618096067391114,0.5059795821430018,1e-05,1.4776402328032523,1e-05,0.079336983973819,0.0859783266679413,,,,,,-213.479048798842,442.958097597684,469.92320182270527
2026-05-30T05:45:25,18,2,1800021,constant,True,False,1,-226.96745553251816,469.9349110650363,496.90001529005764,6.428561905014078,0.0717735322416729,0.029032461150749,1e-05,1.0584101101410957,0.0039190599678592,0.2177272267761356,0.1348381168539611,,,,,,-230.81376337703023,477.6275267540605,504.5926309790818
2026-05-30T17:03:48,18,3,1800031,constant,True,False,2,-203.62391559223013,423.24783118446027,450.2129354094816,1.890666977044183,0.1504968158236094,0.0143218064523642,1e-05,0.4175374583271844,1e-05,0.4114221184969421,1.1061245614730717,,,,,,-191.35426558840933,398.70853117681867,425.67363540184
2026-05-29T15:06:43,19,1,1900011,constant,True,False,2,-249.30703829052527,514.6140765810505,541.5791808060718,0.5537241043420748,0.8555997091450508,1e-05,0.1760108348240463,0.0520768150349281,0.6511028571401948,1.474166051780896,0.8290365901082748,,,,,,-194.63078908561312,405.26157817122623,432.2266823962476
2026-05-30T02:43:05,19,2,1900021,constant,True,False,1,-239.20361900959153,494.40723801918307,521.3723422442043,0.6395933359460652,9.204616061902318,1e-05,0.0132325696518591,1e-05,1.3276815205235413,0.0016911311738715,0.2790728561659751,,,,,,-241.061373816692,498.122747633384,525.0878518584052
2026-05-30T17:26:57,19,3,1900031,constant,True,False,2,-214.42739597282474,444.8547919456495,471.8198961706708,5.809534699500944,0.005,0.0857918690797845,0.0012309472011193,1.103820470616775,0.0009676589088016,0.2054214704679446,0.3271127819147634,,,,,,-203.89152849350265,423.7830569870053,450.74816121202656
2026-05-29T12:11:18,20,1,2000011,constant,True,False,2,-185.9613888479809,387.9227776959618,414.88788192098315,1.0368795678257503,0.0438965731634796,0.4895629350387299,0.1844190381743982,0.8064111756035724,0.4761737567199341,0.2360010563399424,0.7203656536849777,,,,,,-185.5454641475193,387.0909282950387,414.05603252006
2026-05-30T03:26:41,20,2,2000021,constant,True,False,2,-223.82421279153579,463.64842558307157,490.6135298080929,0.2420142185808524,1.0128761286674244,0.0236933475631061,0.1187525926694812,0.1794505257538656,1.1334425603665217,1.6532057154160238,0.5129145093638715,,,,,,-188.877539029048,393.7550780580961,420.72018228311737
2026-05-29T13:25:28,21,1,2100011,constant,True,False,2,-217.64685495725303,451.29370991450605,478.2588141395274,0.005,9.46813957349062,1e-05,0.0018653815031683,0.8832961882655976,1.2864384695379976,1.630028518619983,0.1376613312905042,,,,,,-212.1301304542174,440.2602609084348,467.22536513345614
2026-05-30T17:26:39,21,2,2100021,constant,True,True,0,-512.7488630682898,1041.4977261365796,1068.462830361601,8.835259031070162,1.6401991394749826,0.0114975515019711,0.0007101156566905,1.192547141930972,0.0046101860339667,1.3912740439494966,0.0052737077235736,,,,,,1438.102690997392,-2860.205381994784,-2833.240277769763
2026-05-29T13:10:42,22,1,2200011,constant,True,False,2,-230.7809990822606,477.5619981645212,504.5271023895425,0.1835306408998491,0.6631013778057973,0.091957553109628,0.6588606187790939,0.2816009846897321,0.2434612756388305,1.4769548478450334,0.2230836189956561,,,,,,-184.84819315264872,385.69638630529744,412.6614905303188
2026-05-30T04:54:33,22,2,2200021,constant,True,False,2,-213.33656156293426,442.6731231258685,469.63822735088985,0.2814393938985164,0.963401741970406,0.0394311913563406,0.0230739296008232,0.2037222666583877,0.1547109150393673,0.4398343478509898,0.6694985429402459,,,,,,-190.74529387123565,397.4905877424713,424.4556919674926
2026-05-30T17:38:12,22,3,2200031,constant,True,False,1,-218.09809861664843,452.19619723329686,479.1613014583182,0.8086762011877575,0.4096868115600838,0.2225537837864686,0.0213642341154807,0.5792594471106584,0.0274098693228418,0.4824781287773009,1.5365369069857275,,,,,,-177.12377130399244,370.2475426079849,397.2126468330062
2026-05-29T14:00:14,23,1,2300011,constant,True,False,1,-213.1902077544583,442.3804155089166,469.3455197339379,0.1825698411056741,0.4276269246481102,0.2482476614960505,0.1266464445536175,0.322060877412858,1.5,0.6365390498000985,0.4325585993365879,,,,,,-185.57387987631984,387.1477597526397,414.112863977661
2026-05-30T04:06:40,23,2,2300021,constant,True,False,2,-238.0064769184851,492.0129538369702,518.9780580619915,1.71627986188445,0.0455990800117231,0.014216608089141,0.0816177032245879,0.0926228020519239,0.3182301853342864,0.6216729955751444,1.7845184625623194,,,,,,-223.90454741283745,463.8090948256748,490.77419905069615
2026-05-29T15:19:30,24,1,2400011,constant,True,False,1,-213.38433725237468,442.76867450474936,469.7337787297707,8.76604583867124,1.196103599677793,0.6801455168282867,1e-05,1.2163186657496092,1e-05,0.0778261289843596,0.0165190269673232,,,,,,-225.42573004269576,466.8514600853915,493.8165643104128
2026-05-30T07:26:10,24,2,2400021,constant,True,False,1,-205.2157338432894,426.4314676865788,453.3965719116001,9.187187721388147,0.005,0.3164087841801883,1e-05,1.3893408275148034,0.4117276631281383,0.1207739794886457,1.0646141124227066,,,,,,-226.2103675557456,468.4207351114911,495.3858393365125
2026-05-29T12:06:51,25,1,2500011,constant,True,False,2,-616.1759645929783,1248.3519291859566,1275.317033410978,3.6013429819616647,5.134189465967692,1e-05,0.0298210949782257,1e-05,1.282769193584149,6.503618874054102e-05,0.3939684838765525,,,,,,3633.497188933312,-7250.994377866624,-7224.029273641602
2026-05-30T06:30:19,25,2,2500021,constant,True,False,1,-204.83030276200964,425.6606055240193,452.6257097490406,9.5406585275939,0.0101522315187707,0.2272482177449507,0.0055177334141073,1.4524620045432677,1e-05,0.1205013634564648,0.2293182073070743,,,,,,-201.0342737281997,418.0685474563995,445.0336516814208
2026-05-29T13:01:57,26,1,2600011,constant,True,False,1,-202.24210241046129,420.48420482092257,447.4493090459439,0.8692149476240566,0.2042418992965643,0.1236603117229253,1e-05,0.4297245263947211,0.1154448016658221,0.3853693272487889,1.6280840261122025,,,,,,-140.5143681336166,297.0287362672332,323.9938404922545
2026-05-30T04:59:32,26,2,2600021,constant,True,False,2,-202.11363869776872,420.22727739553744,447.19238162055876,9.80280553364272,0.0169104821435226,0.2372682474640541,0.0016505442590265,1.3680847841581676,1e-05,0.1284069743581707,0.2747857708546677,,,,,,-197.8493475211737,411.6986950423474,438.6637992673688
2026-05-29T12:48:33,27,1,2700011,constant,True,False,1,-199.2567384754932,414.5134769509864,441.4785811760077,5.844255206658767,0.005,0.3063497324545652,1e-05,1.3841070512606648,1e-05,0.1409374923380462,1.3298486494708055,,,,,,-196.5436036941564,409.0872073883128,436.0523116133341
2026-05-30T07:58:30,27,2,2700021,constant,True,False,1,-201.945224748591,419.890449497182,446.8555537222033,2.120814451705548,0.005,0.5597545586707429,1e-05,0.2432219303552729,0.3460750013391446,0.2172377336777364,1.2864425573084508,,,,,,-196.57886317071063,409.15772634142127,436.1228305664426
2026-05-29T17:47:19,28,1,2800011,constant,True,False,2,-215.05547320659932,446.11094641319863,473.07605063821995,1.4420781107002492,0.1977384430339196,0.05486137316512,0.1531873138296675,0.4660643064687025,0.0918644473345145,0.2498856369592359,1.8793118068028531,,,,,,-176.93407772068883,369.86815544137767,396.833259666399
2026-05-30T12:43:37,28,2,2800021,constant,True,False,2,-219.44508031581103,454.89016063162205,481.8552648566434,0.1207981578933887,0.2419683615642865,0.6225921385670321,0.0188513913965112,0.6946751164883176,0.0261925844889358,0.8991555986044157,1.751521348432725,,,,,,-162.40266072278305,340.80532144556605,367.7704256705874
2026-05-29T11:46:39,29,1,2900011,constant,True,False,2,-287.91313380706845,591.8262676141369,618.7913718391582,0.005,0.3960015089191572,0.3667541253096966,0.0846506106470275,0.120427311429942,0.0513331570930275,0.385600620237858,1.6369493466139242,,,,,,-268.98502046590033,553.9700409318007,580.9351451568219
2026-05-30T04:04:26,29,2,2900021,constant,True,False,1,-210.637187650255,437.27437530051,464.2394795255313,7.004454070567084,0.005,0.5296075572045568,0.2335292456533894,0.9641587621122027,0.0033765464276429,0.1276713498938086,0.560921056700809,,,,,,-212.69078358641963,441.38156717283925,468.3466713978606
2026-05-30T20:34:51,29,3,2900031,constant,True,True,0,-546.9531740557098,1109.9063481114197,1136.871452336441,3.2134442166110726,0.3778745007946414,0.8950418096490117,0.7973202604183846,0.0910043987333462,0.1905008291931861,0.8859779566207362,0.0532228115123279,,,,,,-51.188273634995824,118.37654726999163,145.34165149501294
2026-05-29T14:06:41,30,1,3000011,constant,True,False,2,-649.1123775626357,1314.2247551252715,1341.1898593502929,1.2946672503341772,3.6255055194952224,0.528487306431682,0.7242111340958377,0.4297416690917857,0.2524742557816563,0.0410634476521606,1.3149626150026936,,,,,,71.69175174055408,-127.38350348110816,-100.41839925608689
2026-05-30T06:53:58,30,2,3000021,constant,True,False,2,-274.9096151333773,565.8192302667546,592.7843344917759,0.3017929891001757,0.5915467790206965,0.042924007152177,0.0615085094127681,0.0661403624916896,0.0853689956770264,1.805408845866556,1.8907453664786795,,,,,,-224.3236622131236,464.6473244262472,491.6124286512685
2026-05-29T12:06:51,31,1,3100011,constant,True,False,1,-362.89810446420114,741.7962089284023,768.7613131534235,4.355293469893707,2.0369596331146185,0.1867160969579107,0.0182226706515955,0.2690631475960688,0.0162182505928266,0.7490819436766937,0.0089563716499009,,,,,,-196.2023193503772,408.40463870075433,435.36974292577565
2026-05-30T07:24:06,31,2,3100021,constant,True,False,2,-218.93387900234546,453.8677580046909,480.83286222971225,6.726317085778961,0.3671566850781103,0.6992135010168855,0.0345695715587126,1.445895521862374,0.4406923118450392,0.0340061660606751,0.65835009377288,,,,,,-223.03845520165171,462.0769104033035,489.0420146283248
2026-05-29T12:46:42,32,1,3200011,constant,True,False,1,-238.33647010266756,492.6729402053351,519.6380444303564,0.005,9.603839446748744,1e-05,0.0134977045971768,1e-05,1.3673268275200372,0.3373154938733936,0.2694187284682376,,,,,,-239.59735483553987,495.19470967107975,522.159813896101
2026-05-30T02:07:23,32,2,3200021,constant,True,False,1,-210.29685174276284,436.5937034855257,463.558807710547,8.352701712682018,0.005,0.6391211643781508,1e-05,1.2937976384013368,1e-05,0.0745529488563148,0.003220942267988,,,,,,-210.4668906585307,436.9337813170614,463.8988855420827
2026-05-29T11:49:15,33,1,3300011,constant,True,False,2,-207.4640359206282,430.9280718412564,457.8931760662777,0.1971809575125595,0.9170239680144162,0.1914704507324333,0.2166170557449767,0.4236194009529701,0.2194346389612474,0.9402064930765583,0.6240717859239023,,,,,,-192.18476210561005,400.3695242112201,427.3346284362414
2026-05-30T14:27:15,33,2,3300021,constant,True,False,2,-230.0372451731097,476.0744903462194,503.03959457124074,0.254762083379458,0.7103492868493757,1e-05,0.1083859241353805,0.0749022724028182,0.3576714466620363,1.7151353414673314,0.913976112160666,,,,,,-165.95274176819785,347.9054835363957,374.870587761417
2026-05-29T15:42:02,34,1,3400011,constant,True,False,2,-493.23298431161857,1002.4659686232371,1029.4310728482585,6.144027948618362,5.175549874768822,0.3468876453503414,0.0914894293074557,0.1404324733714882,0.7068063408817455,1.239938266490831,0.0183069379344981,,,,,,128.80711782182718,-241.61423564365435,-214.64913141863303
2026-05-30T04:21:42,34,2,3400021,constant,True,False,1,-234.05776669197957,484.11553338395913,511.08063760898045,0.005,9.425229487090398,1e-05,0.1096503966324515,1e-05,0.4687016491134023,0.3619311606679702,0.2490140597607926,,,,,,-235.69849641248013,487.3969928249603,514.3620970499816
2026-05-30T16:50:38,34,3,3400031,constant,True,False,1,-201.58889673051993,419.17779346103987,446.1428976860612,9.671968751143485,0.005518584828702,0.2746095515975671,1e-05,1.1663225818225615,1e-05,0.1332465708120263,0.3378561078499742,,,,,,-195.31626441212356,406.6325288242471,433.5976330492684
2026-05-29T13:40:57,35,1,3500011,constant,True,False,2,-217.1284465072505,450.256893014501,477.2219972395223,0.7439739908252688,0.1975939802649704,0.0559284268850231,0.3211127758003939,0.3341905276008787,0.080792666136227,0.5721657348982685,1.9047586864300297,,,,,,-162.49749994129854,340.9949998825971,367.9601041076184
2026-05-30T19:22:11,35,2,3500021,constant,True,False,1,-216.1673816221459,448.3347632442918,475.29986746931314,10.0,0.005,0.2544040253042576,1e-05,1.5,1e-05,0.1113358679254293,0.2345775519955537,,,,,,-217.12918687481024,450.2583737496205,477.2234779746418
2026-05-29T13:06:11,36,1,3600011,constant,True,False,2,-211.79842835928656,439.5968567185731,466.56196094359444,0.3350115593768278,0.6426435829951777,1e-05,0.0066090448243245,0.19833950983013,1e-05,0.6504299486854681,0.8053333619998398,,,,,,-165.46397647079036,346.9279529415807,373.893057166602
2026-05-30T07:13:46,36,2,3600021,constant,True,False,2,-227.14920112843168,470.29840225686337,497.2635064818847,0.3132810080608527,0.4914737434000744,0.1529218205543966,0.4693386911488201,0.4037748333504903,0.402167965697543,1.3719127059592535,0.5702213395901103,,,,,,-168.49887983993466,352.9977596798693,379.9628639048906
2026-05-29T14:10:44,37,1,3700011,constant,True,False,1,-215.5312308471997,447.0624616943994,474.02756591942074,3.345242511267559,0.0572970995324464,0.033671087172089,0.0132241657452179,0.117916045501201,0.0163138304387729,0.2633087645013543,0.5070879975675096,,,,,,-210.0748823383744,436.1497646767488,463.1148689017701
2026-05-30T05:39:35,37,2,3700021,constant,True,False,2,-211.85247984358756,439.7049596871751,466.67006391219644,0.3838111663605815,0.1626876695000335,0.1839229600311663,1e-05,1.4514527885803092,1e-05,0.6821220508493109,1.7782940822707871,,,,,,-170.63806401880785,357.2761280376157,384.241232262637
2026-05-29T12:54:16,38,1,3800011,constant,True,False,2,-208.50149700319122,433.00299400638244,459.96809823140376,0.932118252993233,0.2880827499161539,0.0039740606651445,0.0010683469953063,0.5423164948932708,0.275328490587389,0.6926143209245574,1.67990763012319,,,,,,-165.35510926010667,346.71021852021335,373.67532274523467
2026-05-30T06:31:53,38,2,3800021,constant,True,False,1,-213.00353066636006,442.0070613327201,468.97216555774145,0.3265002991512336,1.2313318428903148,0.0268270073049524,0.0133500031742859,0.0244299131320625,0.2779986839329361,0.9824931816499788,0.3857001987304562,,,,,,-171.10948967993437,358.21897935986874,385.18408358489006
2026-05-29T11:43:58,39,1,3900011,constant,True,False,1,-209.48072462222822,434.96144924445645,461.92655346947777,0.7878809927682262,0.2730946178869996,0.2068449420450869,1e-05,0.1384911459003804,1e-05,0.470855999929877,1.825231155141329,,,,,,-154.71355689373763,325.42711378747526,352.3922180124966
2026-05-30T09:37:17,39,2,3900021,constant,True,False,2,-211.57057753613753,439.14115507227507,466.1062592972964,0.3503735892776379,0.403752167258821,0.0674525035127678,0.2706127004005492,0.2966937761193799,0.0208072925150265,1.0827029445914165,0.8337868973075828,,,,,,-146.8447775262356,309.6895550524712,336.6546592774925
2026-05-29T13:45:07,40,1,4000011,constant,True,False,2,-241.20999560132796,498.4199912026559,525.3850954276772,0.5139478778120564,0.3195681850650034,0.210632625690982,0.6010307073387215,0.2390717892193491,1.0259122197434585,1.0385795415562686,0.4767336057484291,,,,,,-228.57300150407,473.14600300814,500.11110723316136
2026-05-30T18:13:12,40,2,4000021,constant,True,False,2,-233.11237032521285,482.2247406504257,509.189844875447,0.2286244218059476,0.5752887991481981,0.0259363345225736,0.0885884200784194,0.1116010672088356,0.1672335210288015,1.7701164973785526,1.1511579497941309,,,,,,-174.6150173264925,365.230034652985,392.1951388780064
2026-05-29T15:48:36,41,1,4100011,constant,True,False,1,-208.6449744693321,433.2899489386642,460.25505316368555,0.4572232467868792,0.4028846533104963,0.3455170644837078,0.095170759577957,0.0367992486133166,0.7329851865609863,0.6322460864469702,1.2136339942112353,,,,,,-151.82288430742813,319.64576861485625,346.6108728398776
2026-05-30T13:24:03,41,2,4100021,constant,True,False,1,-215.66307515071168,447.32615030142335,474.2912545264447,9.663611595553084,0.344427562444859,0.7150054439888757,0.0149707439459956,1.2338583213569825,0.5523530922140858,0.0543560443385269,0.698231272900646,,,,,,-215.10404572185493,446.20809144370986,473.1731956687312
2026-05-29T12:09:08,42,1,4200011,constant,True,False,1,-218.48395795113638,452.96791590227275,479.93302012729407,0.7485667799109741,0.1860513573072219,0.0476006826800295,0.0042934643317466,0.3194229340085328,1e-05,0.8013989002952469,1.6651686640916918,,,,,,-187.0814603336679,390.1629206673358,417.12802489235713
2026-05-30T08:24:32,42,2,4200021,constant,True,False,2,-203.73945893962548,423.47891787925096,450.4440221042723,3.007515527997574,0.0769975650787199,0.0036474461368034,1e-05,0.6770234219674349,1e-05,0.3200528393845734,1.094548189752505,,,,,,-195.04331638335904,406.0866327667181,433.0517369917394
2026-05-29T15:51:02,43,1,4300011,constant,True,False,1,-207.93142062331378,431.86284124662757,458.8279454716489,0.3083749723079848,0.5821040387624572,0.0335516006196411,3.070043618650136e-05,0.6687794841685364,1.3641409302798608,0.272760559931007,0.3888508454564845,,,,,,-200.92141007971284,417.8428201594257,444.807924384447
2026-05-30T06:49:28,43,2,4300021,constant,True,False,2,-218.09032437898787,452.18064875797575,479.14575298299707,0.3389017712555551,0.3304677273355006,0.1639562134281811,0.2086838116381854,0.1425508921718696,0.5858824943324671,1.267990087116736,1.5015871775613645,,,,,,-143.23239175721648,302.4647835144329,329.4298877394543
2026-05-29T12:05:26,44,1,4400011,constant,True,False,1,-359.82981396558677,735.6596279311735,762.6247321561948,9.724447921739223,0.5766297002616688,0.0216341131751918,0.0057746311372095,0.6469989192709474,0.0568859460244249,0.5407622444724236,0.0162661254675325,,,,,,-195.28113125306456,406.5622625061291,433.5273667311504
2026-05-30T01:42:18,44,2,4400021,constant,True,False,1,-233.99477035305858,483.98954070611717,510.9546449311385,0.005,8.247085625711717,1e-05,0.3962044502310941,1e-05,0.6722440705579106,1.1227184508682106,0.2175088158660009,,,,,,-237.1894114194033,490.3788228388066,517.3439270638279
2026-05-29T13:47:40,45,1,4500011,constant,True,False,2,-236.40438027228868,488.80876054457735,515.7738647695986,0.3044762075554196,0.5068205332731857,0.0662558850190905,6.884959375625608e-05,0.0144131117057749,1e-05,1.9998307373037387,1.4322462524776518,,,,,,-152.929954112885,321.85990822577,348.82501245079135
2026-05-30T04:28:33,45,2,4500021,constant,True,False,2,-246.51542658775082,509.03085317550165,535.9959574005229,0.5233221892954504,0.1519180393248325,4.668092407613821e-05,1e-05,0.9645887343858324,0.9042280595364928,1.1251539742360797,0.804338877650134,,,,,,-219.59857429215205,455.1971485843041,482.1622528093254
2026-05-29T13:15:08,46,1,4600011,constant,True,False,2,-229.1237692969833,474.2475385939666,501.21264281898794,0.0330853535282745,3.425601963363455,0.0023912615254266,0.2427545599243105,0.0197031526489103,0.2843467810824334,1.6220176340933523,0.3745916009023025,,,,,,-207.53620165878937,431.07240331757873,458.03750754260005
2026-05-30T16:41:02,46,2,4600021,constant,True,False,1,-209.01961129496465,434.0392225899293,461.0043268149506,9.74138606510567,0.005,0.5714479117541806,1e-05,1.2423261311644762,1e-05,0.0784921003146003,0.0020047718856526,,,,,,-209.30537341531095,434.610746830622,461.5758510556433
2026-05-29T11:07:27,47,1,4700011,constant,True,False,1,-238.93818133597657,493.87636267195313,520.8414668969745,0.0068164123856675,6.091167398521112,0.0013152744335821,0.0006587794229034,0.0001239634976161,0.5029594764049532,0.8272392375331041,0.3413785664911778,,,,,,-235.86552867687567,487.73105735375134,514.6961615787726
2026-05-29T23:41:44,47,2,4700021,constant,True,False,1,-205.35854633524474,426.7170926704895,453.6821968955108,9.875366037152553,0.0074318596499534,0.3741829218504507,1e-05,1.479859565511754,1e-05,0.1050773080796522,0.7906769828234734,,,,,,-207.7184821865584,431.4369643731168,458.40206859813816
2026-05-29T13:01:15,48,1,4800011,constant,True,False,2,-217.34555020788218,450.69110041576437,477.6562046407857,0.2025576793878202,0.653214327028216,1e-05,0.0019635873161908,0.8274726571473864,1.1961881237785426,1.239161973292252,0.8409683848944101,,,,,,-166.50500819811376,349.0100163962275,375.9751206212488
2026-05-30T07:58:53,48,2,4800021,constant,True,False,1,-202.43845106429734,420.8769021285947,447.842006353616,9.78136885393001,0.0155271640630391,0.0139685072804785,0.0047653336823659,1.2378890204749562,0.0059510097581276,0.1457688114665928,0.5409402319604335,,,,,,-200.740943190304,417.481886380608,444.4469906056293
2026-05-29T13:52:15,49,1,4900011,constant,True,False,2,-221.0889874023399,458.1779748046798,485.14307902970114,0.0941052613282863,2.0953456245495743,0.044240210807304,0.0921653273681276,0.1090466731613955,0.9403142721879,0.9613415657640826,0.471268388090111,,,,,,-206.99851030005368,429.99702060010736,456.9621248251287
2026-05-30T08:00:32,49,2,4900021,constant,True,False,1,-669.5422984090587,1355.0845968181175,1382.0497010431388,9.65047023355971,0.2069612107325686,0.5404807337089071,1e-05,1.47282854030051,0.0717065023359155,1.8866880766119716,0.0258148301541774,,,,,,554.1850343731314,-1092.3700687462629,-1065.4049645212417
2026-05-29T13:09:35,50,1,5000011,constant,True,False,1,-215.17852944998674,446.3570588999735,473.3221631249948,3.655270404724561,3.925793374370024,0.7852558598061538,0.2093251372392797,0.6639820360857245,1e-05,0.0745549605766709,0.0016511983832575,,,,,,-223.12626212527076,462.2525242505415,489.2176284755628
2026-05-30T05:24:56,50,2,5000021,constant,True,False,2,-210.35682131363242,436.71364262726485,463.67874685228617,3.2913779476109064,0.0159701448545517,0.1209892524067163,0.0006645159729924,1.054541395963219,0.0114309255128782,0.259584704956833,0.5940492582641331,,,,,,-194.8776629367625,405.755325873525,432.72043009854633
2026-05-29T13:24:04,51,1,5100011,constant,True,False,2,-215.69333511141247,447.38667022282493,474.35177444784625,0.1842875828570732,1.6995033300059357,0.0304310635167267,0.1295386470604727,0.1887226219931399,0.0199887810083652,1.477249257448647,0.4389031888393875,,,,,,-186.8215512567384,389.6431025134767,416.6082067384981
2026-05-30T08:28:02,51,2,5100021,constant,True,False,2,-198.11931927401122,412.23863854802244,439.20374277304376,0.7508502888763169,0.4020481365620362,1e-05,1e-05,0.2353305820397659,0.6132400587574826,0.5038219680053256,0.8141371490431867,,,,,,-152.44496643680355,320.8899328736071,347.85503709862843
2026-05-29T12:01:16,52,1,5200011,constant,True,False,1,-208.48250893260848,432.96501786521696,459.9301220902383,9.346312301126778,0.005,0.5374870665912745,1e-05,1.4289021418038437,1e-05,0.0822549736302399,0.3258489319302194,,,,,,-209.34382904178628,434.68765808357256,461.6527623085939
2026-05-30T08:17:57,52,2,5200021,constant,True,False,1,-196.83654517117157,409.67309034234313,436.63819456736445,8.25047903482172,0.005,0.3053780683313394,1e-05,1.3745274920663773,1e-05,0.1181317818211219,0.7197488193760324,,,,,,-198.77419960886323,413.54839921772646,440.5135034427478
2026-05-29T12:40:19,53,1,5300011,constant,True,False,1,-196.86980596818177,409.73961193636353,436.70471616138485,3.025027953085845,0.0065583383746541,0.1144274418477488,4.100967239542791e-05,0.5507742201143843,0.7045707971475591,0.2108846859484864,0.6621657761391424,,,,,,-191.36867789459808,398.73735578919616,425.7024600142175
2026-05-29T11:33:40,54,1,5400011,constant,True,False,2,-239.82817236578597,495.65634473157195,522.6214489565932,0.2115715436523719,0.5886827498342556,0.1910420819021118,0.4962761457457196,0.0388612936150852,0.639415252377581,1.690026455582603,0.3939659847556989,,,,,,-168.19325753844296,352.3865150768859,379.3516193019073
2026-05-30T02:57:53,54,2,5400021,constant,True,True,0,-215.3991513906401,446.7983027812802,473.7634070063015,8.506758594826627,0.005,1e-05,1e-05,1.0509744774581458,1e-05,0.2136222803597345,0.4639856764386567,,,,,,-216.196670263104,448.393340526208,475.3584447512293
2026-05-29T12:36:11,55,1,5500011,constant,True,False,1,-207.4043421060207,430.8086842120414,457.7737884370627,0.7268830451392406,0.216348097021469,0.016297535150961,0.5757836300582391,0.0064142374492335,0.3294251481783657,0.6454463652534687,0.7699312164723809,,,,,,-168.7646394489292,353.5292788978584,380.4943831228797
2026-05-30T07:06:49,55,2,5500021,constant,True,False,1,-204.4167503275973,424.8335006551946,451.7986048802159,0.8750341100974296,0.4377648647305445,1e-05,0.2282051499356175,0.1422218293167303,0.0257539255023655,0.3275867567000901,0.7706858095807022,,,,,,-175.82112690080953,367.6422538016191,394.6073580266404
2026-05-29T12:24:46,56,1,5600011,constant,True,False,1,-226.37158305402144,468.7431661080429,495.7082703330642,2.382503178562972,0.230470679558932,0.1334464802986804,0.0803924252319834,0.4147068563284061,0.0174519154746664,0.2826345482811568,0.1555352825431885,,,,,,-250.20925234779844,516.4185046955969,543.3836089206181
2026-05-30T08:43:57,56,2,5600021,constant,True,False,1,-216.51690662675927,449.03381325351853,475.99891747853985,0.4024204258754806,0.345620845397479,0.3666054059770504,0.2076929155116485,0.1049059149819322,0.3602364043046626,0.9219130085477316,1.4111544382974384,,,,,,-156.45068711639175,328.9013742327835,355.8664784578048
2026-05-29T14:04:22,57,1,5700011,constant,True,False,1,-231.51566527127648,479.03133054255295,505.99643476757427,0.1580501632816413,0.3957347119579917,0.7620891359879715,0.3796769706272608,0.6388512181807431,0.204468975652151,0.9509189538655264,1.177850094641443,,,,,,-199.5342537589389,415.0685075178778,442.0336117428992
2026-05-30T08:54:59,57,2,5700021,constant,True,False,1,-265.2890207197007,546.5780414394014,573.5431456644227,6.685298093625933,2.5660836684499166,0.0373881141093135,0.3494912036068233,0.0008691993537113,0.1292298121197844,0.0009724563114272,0.5484271319861779,,,,,,1845.588675873596,-3675.177351747192,-3648.212247522171
2026-05-29T13:37:53,58,1,5800011,constant,True,False,2,-205.7598471139309,427.5196942278618,454.4847984528831,0.3276988280293387,0.9685277871026248,1e-05,0.0652337282803722,0.1201224647823769,0.447673879087956,0.7016536767997066,0.455067910638656,,,,,,-164.40930048156824,344.8186009631365,371.7837051881578
2026-05-30T06:54:20,58,2,5800021,constant,True,False,2,-705.8333163518694,1427.6666327037387,1454.6317369287601,9.983287459297214,4.929395691211573,0.8245422131503833,0.594922350643245,0.6932133117985377,1.120088864152923,1.3804995257601764,0.0434480005633565,,,,,,2236.3523334278507,-4456.704666855701,-4429.73956263068
2026-05-29T12:15:37,59,1,5900011,constant,True,False,1,-209.91632836837329,435.83265673674657,462.7977609617679,8.425743352979618,0.0091416505063814,0.0019908761045091,0.0007723222271747,0.3856171870403952,0.0016642456536298,0.175797629965542,0.5092512743327052,,,,,,-204.0958181497316,424.1916362994632,451.1567405244845
2026-05-29T15:13:18,60,1,6000011,constant,True,False,1,-200.91267417242784,417.8253483448557,444.790452569877,8.340381456601015,0.005,0.3482898257950425,0.004249838320892,1.233622814845585,1e-05,0.110249464725591,0.2807318188406661,,,,,,-202.0633712193001,420.1267424386002,447.0918466636216
2026-05-30T08:41:21,60,2,6000021,constant,True,False,2,-246.58901826831251,509.17803653662503,536.1431407616464,1.24521015025179,0.3925091198768302,0.1817722093324327,0.0773296225659344,0.0375335861173055,0.0549040726978617,0.3848911341050665,1.8974106680060487,,,,,,-185.43544365665295,386.870887313306,413.8359915383273
2026-05-29T13:17:38,61,1,6100011,constant,True,False,2,-217.49976693294906,450.9995338658981,477.96463809091944,1.165280256358326,0.0439126417155589,0.2288181903782728,0.4794816645448869,0.1340311588739024,0.6938392548580035,0.5502448864202516,1.966353321513456,,,,,,-194.92523843093448,405.85047686186897,432.8155810868903
2026-05-30T14:40:58,61,2,6100021,constant,True,False,1,-233.09850225023789,482.19700450047577,509.1621087254971,0.942343548538404,0.2388418450272958,0.280019684476603,1e-05,0.1709276157766288,0.3930053259524218,0.702086541663122,1.057990002686868,,,,,,-218.3710580476924,452.7421160953848,479.7072203204061
2026-05-29T12:29:46,62,1,6200011,constant,True,False,2,-201.85221704172096,419.7044340834419,446.66953830846325,1.1197031484265658,0.2909165239296075,0.0171062614516564,1e-05,0.1874604594160026,0.0303344998117819,0.5045752098386821,1.4701751680644704,,,,,,-168.03735281756167,352.07470563512334,379.0398098601447
2026-05-30T02:34:11,62,2,6200021,constant,True,False,2,-217.90975234274362,451.81950468548723,478.78460891050855,0.184857706845317,0.7684717318498295,1e-05,0.0783191628133089,0.3661744146707039,0.0602901418752808,1.247598943810321,0.7305697593465449,,,,,,-161.78147312957913,339.56294625915825,366.5280504841796
2026-05-30T15:21:16,62,3,6200031,constant,True,False,1,-201.82401414514715,419.6480282902943,446.6131325153156,1.5294718829394978,0.1247956223902694,0.0128294554448277,0.0024271611072359,0.2387803368013962,0.0227893017753425,0.2780005863069709,1.688605814031027,,,,,,-173.05758572604083,362.11517145208165,389.080275677103
2026-05-29T16:45:44,63,1,6300011,constant,True,False,2,-492.8218466335824,1001.6436932671648,1028.608797492186,5.058160167111408,5.24453284290935,0.3299177591079677,0.0841653722091784,0.229108659560068,0.8020540002073673,0.9777689034553464,0.017030867332657,,,,,,63.88559367471352,-111.77118734942704,-84.80608312440575
2026-05-30T08:31:31,63,2,6300021,constant,True,False,1,-201.9742071410464,419.9484142820928,446.91351850711413,2.0914796716134774,0.1028295535500596,1.7096499509892332e-05,1.2128887778797836e-05,0.3279977035028809,1e-05,0.3864757529315151,1.5638289130296164,,,,,,-199.82123514523025,415.6424702904605,442.6075745154818
2026-05-29T12:40:13,64,1,6400011,constant,True,False,1,-197.59546702828567,411.19093405657134,438.15603828159266,9.140528878958508,0.005,0.1505903451604533,1e-05,1.3412132267597252,0.5982995633534838,0.1506517150393678,0.7122349434025576,,,,,,-234.8045111140929,485.6090222281857,512.574126453207
2026-05-30T08:46:30,64,2,6400021,constant,True,False,2,-220.0618992560996,456.1237985121992,483.0889027372205,0.0291933270131469,1.0389727364904917,0.0288396227163116,0.6634297228284418,0.2232685871873591,0.2738476841529002,1.6393459412700238,0.3539253626415642,,,,,,-193.4835725800152,402.9671451600303,429.9322493850517
2026-05-29T11:24:27,65,1,6500011,constant,True,False,1,-195.92239495993772,407.84478991987544,434.80989414489676,9.791932715420003,0.005,0.3167133295403367,0.0293492113804921,1.1846609488709468,1e-05,0.1058102415319076,0.5088523468940302,,,,,,-197.64957390777863,411.29914781555726,438.2642520405786
2026-05-30T01:29:07,65,2,6500021,constant,True,False,2,-227.31021569047886,470.6204313809577,497.58553560597903,0.1753155293858242,1.2365956304200771,1e-05,0.0762593405837912,0.0034759722538852,0.0662316513647978,1.9023043621811613,0.6588194966981806,,,,,,-184.22728571410815,384.4545714282164,411.4196756532377
2026-05-29T15:48:14,66,1,6600011,constant,True,False,2,-207.45121790601755,430.9024358120351,457.8675400370564,1.0246407831300344,0.1834707039361186,0.0009605771873205,1e-05,0.0035200723491964,0.0031925689602739,0.5079239898963295,1.9967853484704248,,,,,,-149.32827135534563,314.65654271069127,341.6216469357126
2026-05-30T11:14:24,66,2,6600021,constant,True,False,2,-198.84652524460208,413.69305048920415,440.6581547142255,0.9839961766707672,0.116365836517432,0.1353904128860483,0.0512626396909522,0.28495309743545,0.2361289232400982,0.3948244332749882,1.6284335324474897,,,,,,-166.08050974579947,348.1610194915989,375.1261237166202
2026-05-29T12:40:55,67,1,6700011,constant,True,False,1,-224.31073177075746,464.6214635415149,491.58656776653623,0.3750139213774737,0.2390342463292444,0.4879309310335301,0.1413745444966488,0.0648278799221021,1.1447918689740462,0.4809744608102562,1.7923495512830625,,,,,,-166.33070427938603,348.6614085587721,375.62651278379343
2026-05-30T14:00:16,67,2,6700021,constant,True,False,1,-194.6304624689138,405.2609249378276,432.22602916284893,2.5572864014314938,0.005,0.7665709541038227,0.1390063694252493,0.3253248362812,0.0768558962398097,0.1379654126119776,1.5784158187021355,,,,,,-196.1497133222485,408.299426644497,435.2645308695183
2026-05-29T12:23:39,68,1,6800011,constant,True,True,0,-694.4500072318885,1404.900014463777,1431.8651186887985,8.631454953490863,5.236843596675965,0.8370290788729472,0.0122801773437546,0.459451579752371,0.4544750320688768,1.366237230157426,0.0914796799078108,,,,,,-188.78039724373693,393.56079448747386,420.5258987124952
2026-05-30T12:47:59,68,2,6800021,constant,True,False,1,-197.53769589879988,411.07539179759976,438.0404960226211,9.373364701534449,0.0199793967743889,0.2518833020885231,0.0061654441334712,1.3100770068643524,1e-05,0.1311254342018335,0.4574214276889109,,,,,,-198.75614139655085,413.5122827931017,440.477387018123
2026-05-29T12:07:50,69,1,6900011,constant,True,False,2,-202.62081807332794,421.2416361466559,448.2067403716772,8.21704606442637,0.0063327563382148,0.0536525279914136,4.769974799611246e-05,1.467076267988804,1e-05,0.1467709551537292,0.9393046301330154,,,,,,-198.5430579698548,413.0861159397096,440.05122016473086
2026-05-30T04:04:21,69,2,6900021,constant,True,False,1,-222.28447618872627,460.56895237745255,487.53405660247387,0.436118969022956,0.7254993995882246,1e-05,0.1409986758570207,0.0366322581103512,0.1632783073222021,1.2760795576661323,0.7536516552383739,,,,,,-162.67416386848643,341.34832773697286,368.3134319619942
2026-05-29T14:47:04,70,1,7000011,constant,True,False,2,-215.11581629506526,446.2316325901305,473.19673681515184,0.4155235710240326,0.2467724712405846,0.4369127617120302,0.1832615299074626,1.0766916346188184,0.3647773345462458,0.771074074926547,1.4239162503114011,,,,,,-174.47385024995515,364.9477004999103,391.9128047249316
2026-05-29T13:40:21,71,1,7100011,constant,True,False,1,-228.54247618612413,473.08495237224827,500.0500565972696,0.3274728172241594,0.8948344566689341,1e-05,0.0003636891023107,0.2095549044687559,0.1337036029102131,1.4246998389578596,0.9378113109045546,,,,,,-178.22713973016863,372.45427946033726,399.4193836853586
2026-05-30T08:53:42,71,2,7100021,constant,True,True,0,-251.6299575273782,519.2599150547564,546.2250192797777,0.7237326048020437,0.8362366474523778,0.0138427216502708,0.1299174435579841,0.033558991298,0.058530933846502,0.2930410621539852,1.095065227079013,,,,,,-248.0561875523457,512.1123751046914,539.0774793297127
2026-05-29T11:32:38,72,1,7200011,constant,True,False,1,-204.88923302223128,425.77846604446256,452.7435702694839,2.976330444900384,0.005,0.1958016981657146,0.0278081149225841,0.3440524189441335,0.4158532037443742,0.2599210201150277,1.2329908180396965,,,,,,-198.2010054311488,412.4020108622975,439.3671150873189
2026-05-30T10:39:29,72,2,7200021,constant,True,False,2,-231.3184171433053,478.6368342866106,505.60193851163194,0.005,8.183285513557285,1e-05,0.0008342965513035,0.001151305820421,0.0001063808270827,0.9079428344161896,0.2589291099122096,,,,,,-222.5029450622602,461.0058901245204,487.97099434954174
2026-05-29T11:47:01,73,1,7300011,constant,True,False,1,-200.72252738146244,417.4450547629249,444.4101589879462,3.300838205442904,0.005,0.4810066514646981,1e-05,0.477928990414884,0.2256368632727843,0.2044822583734419,1.4936463799524786,,,,,,-215.5423730422781,447.0847460845561,474.04985030957744
2026-05-30T05:57:59,73,2,7300021,constant,True,False,2,-205.25242178489154,426.5048435697831,453.4699477948044,0.5305593163986333,0.9631517866429288,0.0378293420989519,0.0381056818409233,0.012192890780209,0.3485906559554984,0.6004591180662677,0.5423180832251235,,,,,,-177.81095286788153,371.6219057357631,398.5870099607844
2026-05-30T16:38:53,73,3,7300031,constant,True,False,2,-225.1353585751415,466.270717150283,493.23582137530434,0.3327593055635683,0.6165064928571301,1e-05,0.1069304894863925,1.2179661558442092,0.2183854351106853,1.4728774904202715,0.8696552322845642,,,,,,-162.0824331602966,340.1648663205932,367.1299705456145
2026-05-29T11:48:56,74,1,7400011,constant,True,False,1,-209.6956642000219,435.3913284000438,462.3564326250651,6.445315307156958,0.005,0.530834544151065,1e-05,1.3845335407327024,1e-05,0.1015895681876671,0.1645124600466961,,,,,,-210.360332607489,436.720665214978,463.6857694399993
2026-05-30T01:30:18,74,2,7400021,constant,True,False,1,-652.4996716306448,1320.9993432612896,1347.964447486311,9.292177126780338,0.0454715842289329,0.4123903771549516,1e-05,1.392547463723138,0.522999839972545,2.0,0.0325969116424867,,,,,,51.04699163702264,-86.09398327404529,-59.12887904902399
2026-05-29T12:17:33,75,1,7500011,constant,True,False,1,-248.39968683940987,512.7993736788197,539.764477903841,0.340729913635714,0.77063068419098,0.0342649079261269,0.1479890523040756,1e-05,0.0507788350679366,0.4978849786453971,1.0934180836811986,,,,,,-226.1781982522784,468.3563965045568,495.3215007295781
2026-05-30T00:18:56,75,2,7500021,constant,True,False,1,-202.35198316364585,420.7039663272917,447.66907055231303,6.490869134705423,0.0132073949701279,0.3786246992364765,0.0906622091133656,1.0160482485827431,1e-05,0.1530530148354935,0.3065450509860474,,,,,,-194.58426773573493,405.16853547146985,432.1336396964912
2026-05-29T11:34:45,76,1,7600011,constant,True,False,1,-199.26284165760347,414.52568331520695,441.49078754022827,9.970836606154071,0.005,0.2147142567732235,1e-05,1.4871605038671507,1e-05,0.1148802662252202,0.497837099934603,,,,,,-194.80499588164983,405.60999176329966,432.575095988321
2026-05-30T18:33:58,76,2,7600021,constant,True,False,1,-198.74319390601943,413.48638781203886,440.4514920370602,0.4312678102504255,0.1751479829098412,0.3788919644134155,1.0000000000003037e-05,0.600527285352829,0.0338053391479643,0.5155858642378135,1.4456378645208194,,,,,,-154.4274233097468,324.8548466194936,351.8199508445149
2026-05-29T13:54:42,77,1,7700011,constant,True,False,1,-210.6987925526667,437.3975851053334,464.3626893303547,8.630524713273346,0.1093478406878659,0.6234846598096613,1e-05,1.42800671313936,1e-05,0.0675035752829337,0.0548559252133359,,,,,,-214.76361969054796,445.5272393810959,472.4923436061172
2026-05-30T14:52:22,77,2,7700021,constant,True,False,1,-200.68735724606518,417.37471449213035,444.3398187171517,0.5339204117478108,0.1417671538733203,0.3214953637790604,1e-05,1.5,1.4927060251153004,0.36947326567838,1.8586807546248287,,,,,,-172.21420273441709,360.42840546883417,387.3935096938555
2026-05-29T10:45:32,78,1,7800011,constant,True,False,2,-203.6105372325763,423.2210744651526,450.1861786901739,8.815754353268652,0.011933750357101,0.0005711336395064,0.0006861394269904,1.3559504068882349,1e-05,0.168571719262931,0.7142921886736413,,,,,,-196.1848839250008,408.3697678500016,435.3348720750229
2026-05-29T14:46:32,79,1,7900011,constant,True,False,2,-891.5801968792885,1799.160393758577,1826.1254979835983,9.980362504646688,9.55621244144238,0.9418587388677668,0.7057847391608153,1.4965260469142994,1.344328540099694,1.9866180553354365,0.0750649077492669,,,,,,3351.007486138422,-6686.014972276844,-6659.049868051822
2026-05-30T13:32:34,79,2,7900021,constant,True,False,1,-208.80564923663093,433.61129847326185,460.5764026982832,9.278424822045851,0.005,0.0063432943635619,1e-05,1.3193580353781351,1e-05,0.1808897152432269,0.5989471990710122,,,,,,-211.7319250707676,439.4638501415352,466.42895436655647
2026-05-29T11:59:08,80,1,8000011,constant,True,False,1,-207.07531500013613,430.15063000027226,457.1157342252936,0.409455654857606,0.540924903505443,0.0287130834643574,0.0627815600634362,0.2691202380487822,1.4675724982440017,0.4082966715387043,0.4031645222803943,,,,,,-184.03841448084813,384.07682896169626,411.0419331867176
2026-05-30T05:31:58,80,2,8000021,constant,True,False,2,-252.12718916830056,520.2543783366011,547.2194825616224,0.3707177209279386,0.3324918716197587,0.0656206061313295,0.0850990009443981,0.118686120495049,0.1561411456238,2.0,1.8842973221877888,,,,,,-177.96854211504677,371.9370842300936,398.90218845511487
2026-05-29T12:36:44,81,1,8100011,constant,True,False,2,-223.02569402126954,462.0513880425391,489.0164922675604,0.5519613459793089,0.1397094378396584,0.0864902131184413,0.0047534081907472,0.088949992366608,0.1110219745786506,0.627963664947764,1.1020484246100848,,,,,,-183.23518643617373,382.47037287234747,409.4354770973688
2026-05-30T12:32:03,81,2,8100021,constant,True,False,1,-211.46022678178775,438.9204535635755,465.8855577885968,0.3769342608630799,0.7001902728687265,0.0023562968581535,0.1253077539356606,0.2887124117745585,1.45620955816802,0.3059898442789053,0.4397696158610868,,,,,,-208.91488174071588,433.82976348143177,460.7948677064531
2026-05-29T13:43:44,82,1,8200011,constant,True,False,2,-206.07519841223458,428.15039682446917,455.1155010494905,0.5855843755458975,0.1247537455213777,0.1071304550027757,0.5052688012089717,0.4191882724034977,0.7783197334919782,0.5588517297168688,1.538845604771303,,,,,,-160.6133965238751,337.2267930477502,364.19189727277154
2026-05-30T02:00:01,82,2,8200021,constant,True,False,2,-204.9461839857076,425.8923679714152,452.8574721964365,9.725531967791945,0.0061361885161004,0.0001484464993517,1e-05,1.2038964860950587,0.0047488978059155,0.1527289780496272,0.5633002613362896,,,,,,-194.99904046947432,405.9980809389487,432.96318516397
2026-05-30T17:28:35,82,3,8200031,constant,True,False,2,-218.1016397457375,452.203279491475,479.1683837164963,0.1750240792174532,0.8824973098891413,1e-05,0.1375987979964293,0.1121841018995486,0.2112338148251603,1.3662112926098475,0.6654617205264256,,,,,,-169.3349379066675,354.669875813335,381.63498003835633
2026-05-29T11:54:24,83,1,8300011,constant,True,False,1,-206.41024873613458,428.82049747226915,455.7856016972905,9.169960683938582,0.0155320317444164,0.2520120794872558,1e-05,1.2983280129769863,1e-05,0.1253736090920012,0.1813140913605346,,,,,,-205.28578094438623,426.5715618887725,453.5366661137938
2026-05-30T12:24:37,83,2,8300021,constant,True,False,1,-200.96738538175012,417.93477076350024,444.89987498852156,0.6079236944146774,0.3775287112464738,0.0211342468699734,0.0949677013356323,1.248867413020741,1.1661810275424411,0.6822818034535963,0.8694233703983946,,,,,,-161.59118318510787,339.18236637021573,366.14747059523705
2026-05-29T12:44:29,84,1,8400011,constant,True,False,2,-194.92358740680405,405.8471748136081,432.8122790386294,0.870203600031682,0.1583614192728268,0.340176702596635,0.0104716409742292,1.160412114012933,0.0437904264156197,0.2132171484080373,1.6270856651193977,,,,,,-181.6799678331259,379.3599356662518,406.3250398912731
2026-05-30T07:30:04,84,2,8400021,constant,True,False,2,-248.47446207475042,512.9489241495008,539.9140283745221,0.4468916615390093,0.3225176212229977,0.0021449560980673,0.3848164404911213,0.028613720862846,0.1725137485947579,1.907789728135968,1.7978218661472103,,,,,,-163.1555487269073,342.3110974538146,369.276201678836
2026-05-29T13:20:21,85,1,8500011,constant,True,False,1,-205.21393539045812,426.42787078091624,453.39297500593756,7.011492994661928,0.005,0.4671129827993507,0.3419582758942079,1.2881919617620896,1e-05,0.110941180655739,0.7582670079521511,,,,,,-207.86007970400124,431.7201594080025,458.6852636330238
2026-05-30T06:29:34,85,2,8500021,constant,True,False,1,-234.99414326730778,485.98828653461555,512.9533907596368,0.4925330962842664,0.7393453165582252,1e-05,0.2023280574561576,0.1334615888345202,0.1669943556313688,1.4079630926632454,0.8574834311293403,,,,,,-179.5529733912546,375.1059467825092,402.0710510075305
2026-05-29T12:32:10,86,1,8600011,constant,True,False,1,-240.91740171357304,497.8348034271461,524.7999076521673,0.005,8.568978298400463,1e-05,0.0556753030217467,1e-05,1.468506457032007,0.0200331774757078,0.280288934595126,,,,,,-241.0809198776913,498.1618397553825,525.1269439804038
2026-05-30T05:02:56,86,2,8600021,constant,True,False,2,-532.3819847778914,1080.7639695557828,1107.7290737808041,1.8002493831484057,2.4323726899671936,0.4742364879542467,0.9055022136330104,0.5034061222013645,0.7091492629088454,0.0368065096939711,0.6140563125965471,,,,,,-166.93900223176314,349.8780044635263,376.8431086885476
2026-05-29T14:32:19,87,1,8700011,constant,True,False,1,-237.89170089009158,491.78340178018317,518.7485060052045,0.3537476089690856,0.3296651824330273,0.0517946265254489,0.1993314323472164,0.0852977483836599,0.007375457015927,1.7806203810707149,1.8197681966653296,,,,,,-163.657581219292,343.315162438584,370.28026666360535
2026-05-30T10:19:34,87,2,8700021,constant,True,False,2,-217.4402039103432,450.8804078206864,477.8455120457077,0.005,2.796472292230919,0.283491292547092,0.0407123493498702,0.2046116111154212,1.1798890865545215,0.6092530805880831,0.404130472809695,,,,,,-223.70128375171996,463.4025675034399,490.3676717284612
2026-05-29T12:28:31,88,1,8800011,constant,True,False,1,-223.99085505922193,463.98171011844386,490.9468143434652,0.1681622265485029,0.6136238043284137,0.095213936251412,0.1819605437323989,0.0250471076988683,0.3338370166802423,1.415674778975211,0.7721521040406317,,,,,,-175.0873278521571,366.1746557043142,393.1397599293355
2026-05-30T05:06:04,88,2,8800021,constant,True,False,2,-195.0127500363165,406.025500072633,432.99060429765433,9.212175089545308,0.005,0.2668609534823841,1e-05,1.1965826200056071,1e-05,0.1156543263768856,0.8175711350723159,,,,,,-183.0882721715324,382.1765443430649,409.14164856808617
2026-05-29T14:51:34,89,1,8900011,constant,True,False,2,-230.9987698732574,477.9975397465148,504.9626439715361,0.442562210790003,0.2217864043671423,0.4164535424576858,1e-05,0.1670463965340808,0.2753291228671733,0.9960642753850109,1.6358714871418416,,,,,,-193.55847931999935,403.1169586399988,430.0820628650201
2026-05-30T10:03:39,89,2,8900021,constant,True,False,2,-252.8417663274829,521.6835326549658,548.6486368799871,0.4402796194954716,0.4999243818486776,0.1006013539936514,1.686214635104624e-05,0.6799134732945212,0.0879332222885347,1.0488123395130415,1.888082718647132,,,,,,-194.57146738640623,405.1429347728125,432.1080389978338
2026-05-29T13:25:34,90,1,9000011,constant,True,False,2,-694.147278750271,1404.294557500542,1431.2596617255633,8.021992275109026,2.788073199186912,0.7021664846935015,0.2431086899288636,0.2972038364411896,0.7765534821416491,1.910436125101064,0.0567425990218664,,,,,,60.726046720535805,-105.4520934410716,-78.48698921605032
2026-05-30T04:09:29,90,2,9000021,constant,True,False,2,-203.98564413901914,423.9712882780383,450.9363925030596,0.183863061731037,0.8160996710387389,0.4943236092337272,0.1480779163557787,0.7280665585478515,0.9088857000483586,0.8949486428166119,0.4793798486509738,,,,,,-173.43647577030254,362.8729515406051,389.8380557656264
2026-05-29T11:59:20,91,1,9100011,constant,True,False,2,-251.22492211262593,518.4498442252518,545.4149484502732,0.005425168125281,1.9953805380030063,0.07524523632576,0.5664174900622873,0.0041070210308308,0.3560954357325997,1.061277059997453,0.458084612732066,,,,,,-237.22282889101328,490.44565778202656,517.4107620070479
2026-05-30T14:59:28,91,2,9100021,constant,True,False,2,-204.7943602468844,425.5887204937688,452.5538247187901,9.13793155900847,0.0053307677949813,5.6192385484948446e-05,1e-05,1.3952713603106184,0.0006500749546586,0.1624458872170891,0.7615835319370298,,,,,,-194.8040047151508,405.6080094303016,432.5731136553229
2026-05-29T11:59:24,92,1,9200011,constant,True,False,2,-196.4838253728133,408.9676507456266,435.9327549706479,7.161185814710137,0.005,0.0520928867677266,0.1552082897787015,1.3727221733304051,0.2939689110211481,0.1654303830569729,0.8189291016015454,,,,,,-198.663070484032,413.326140968064,440.2912451930853
2026-05-30T03:48:32,92,2,9200021,constant,True,False,2,-197.34840205153188,410.69680410306376,437.6619083280851,1.865418791412564,0.019419197469476,0.1210658979026133,6.035111430014457e-05,0.9452786035761236,0.1756238189726661,0.2893624602030286,1.6230113855069632,,,,,,-181.785870065566,379.571740131132,406.53684435615327
2026-05-29T12:08:23,93,1,9300011,constant,True,False,1,-217.18948167111478,450.37896334222955,477.3440675672509,0.5618967496936326,0.3788611596217257,0.0127109414228862,1e-05,0.8632746081073669,0.0300340373519272,0.981754612566891,1.2578550256527703,,,,,,-162.8219256636491,341.6438513272982,368.6089555523195
2026-05-30T09:45:08,93,2,9300021,constant,True,False,2,-647.4886245436144,1310.9772490872288,1337.9423533122501,7.201421682676335,5.55987556479093,0.4816172738399852,0.348552959058673,0.9830646656353492,0.8413582793271274,1.2486094080197472,0.0404204129000438,,,,,,38.52038699149591,-61.04077398299182,-34.07566975797052
2026-05-29T14:24:36,94,1,9400011,constant,True,False,1,-224.84880293799586,465.6976058759917,492.66271010101303,10.0,0.0199658767838591,0.0047852165055547,1e-05,1.5,1e-05,0.1668219997707845,0.1470882283399524,,,,,,-228.26539777935767,472.53079555871534,499.4958997837367
2026-05-30T15:02:10,94,2,9400021,constant,True,False,1,-190.76856252104608,397.53712504209216,424.5022292671135,1.4607926578700088,0.0444988114309068,0.407678152901573,0.1816973085951934,0.311774712843288,0.235349762243984,0.2538149457261042,1.7027294491986282,,,,,,-179.42407295332168,374.84814590664337,401.8132501316647
2026-05-29T12:49:56,95,1,9500011,constant,True,False,1,-211.2666213940698,438.5332427881396,465.4983470131609,0.4661358429735835,0.6805059729684156,0.0371380689382413,0.1245818389019497,0.0809754294066508,0.7508943392300833,0.929461005403867,0.6362513403195525,,,,,,-159.48848446240584,334.9769689248117,361.942073149833
2026-05-30T01:39:09,95,2,9500021,constant,True,False,1,-197.40825822322134,410.8165164464427,437.781620671464,5.010199613765024,0.005,0.4178115966978936,1e-05,1.04515141127948,1e-05,0.1634150962761578,0.9846999297604628,,,,,,-182.58769506776804,381.1753901355361,408.1404943605574
2026-05-29T13:40:17,96,1,9600011,constant,True,False,1,-207.26437064464255,430.5287412892851,457.49384551430643,0.50047168326118,0.6729312091856647,1e-05,0.0847257038293709,0.0148020637656689,0.5952302736883562,0.5448409947773707,0.4651774757462983,,,,,,-167.21945544523362,350.43891089046724,377.40401511548856
2026-05-30T10:43:39,96,2,9600021,constant,True,False,1,-223.84632391667935,463.6926478333587,490.65775205838,0.6627044429168565,0.2696484163782615,0.0948949618712852,0.1580787112290231,0.8076710939199454,0.1491188660789121,0.984350567648338,1.801500147955772,,,,,,-164.13245341453214,344.2649068290643,371.2300110540856
2026-05-29T15:14:44,97,1,9700011,constant,True,False,1,-201.953844985023,419.907689970046,446.87279419506734,0.5402175040100972,0.3316029262504851,1e-05,0.5005513869876472,0.1324881410243864,0.4309748057990131,0.6147115403668573,0.5461204524471365,,,,,,-169.02288853958402,354.04577707916803,381.01088130418935
2026-05-30T00:48:55,97,2,9700021,constant,True,False,1,-224.95399439713162,465.90798879426325,492.87309301928457,0.4352438535163107,0.3364160561581397,0.0556584510149064,0.0319323949985672,0.0498270542341938,0.0306803681148617,1.2970349906884768,1.897566696690639,,,,,,-152.18554402393045,320.3710880478609,347.3361922728822
2026-05-30T18:52:14,97,3,9700031,constant,True,False,2,-212.2236796479982,440.4473592959964,467.41246352101774,0.144315075517422,2.1558576224860246,0.1885472668396104,0.3648196715389146,0.1998111479365661,0.7701261865733652,0.4849390313816559,0.3481871137279551,,,,,,-240.4706119320099,496.9412238640198,523.906328089041
2026-05-29T12:31:47,98,1,9800011,constant,True,False,2,-231.40116340706777,478.80232681413554,505.76743103915686,0.0990344482705787,0.8567647165350425,1e-05,0.2155050565750568,0.0885373409048507,4.9230367038580994e-05,1.817220508024396,0.7788203260407769,,,,,,-194.97101345269425,405.9420269053885,432.9071311304098
2026-05-30T12:14:04,98,2,9800021,constant,True,False,1,-238.22425253452178,492.44850506904356,519.4136092940648,0.005,9.925821369367076,1e-05,0.007050015882089,1e-05,1.391781750257468,0.0129724915372607,0.2654330250058936,,,,,,-238.40978192259837,492.8195638451967,519.784668070218
2026-05-29T13:45:14,99,1,9900011,constant,True,False,2,-655.3642426343051,1326.7284852686103,1353.6935894936316,9.433984702942542,1.451172093717643,0.621648817134096,1e-05,1.4720146597253574,1.3519427899937944,1.6203095830993122,0.0580601195858473,,,,,,193.2110499855685,-370.4220999711371,-343.4569957461157
2026-05-30T05:32:57,99,2,9900021,constant,True,False,1,-246.74848995944842,509.49697991889684,536.4620841439181,1.3129150369332014,8.771188584578097,1e-05,1e-05,1e-05,0.5846917852114066,0.0059759026691418,0.3438592175150993,,,,,,-251.802387619166,519.604775238332,546.5698794633532
2026-05-29T12:58:02,100,1,10000011,constant,True,False,2,-218.26626447574313,452.53252895148626,479.4976331765076,0.1257476896620682,1.056455310147944,0.1213881361939814,0.4462378036948553,1.3983168341206889,0.2982073097911992,1.433946506115886,0.2663594782534809,,,,,,-199.46070200021265,414.9214040004253,441.8865082254466
