timestamp,seed,draw,random_state,mean_type,loglik,AIC,BIC,success,status,param_shape_p,param_shape_n,param_sigma_p,param_sigma_n,param_c,param_rho_1,param_phi_1,param_rho_2,param_phi_2,optimizer_success
2026-06-01T18:23:44,1,1,10001,"ARX(2,2)",-181.6885072550371,381.3770145100742,411.7127567632232,True,0,2.6552630704119267,0.2816383356784619,0.2718282457948782,0.8410707573547024,0.0041736179801241,0.3233138945810546,0.4107122778233296,0.16326934089199,0.1941055196469426,True
2026-06-01T18:25:47,1,2,10002,"ARX(2,2)",-181.68865663682053,381.3773132736411,411.7130555267901,True,0,2.678200643354837,0.2828599478925958,0.270372111611121,0.8388394806471141,0.0044696429301987,0.3227308205625314,0.4141940251470692,0.1634700169961639,0.1907745122624074,True
2026-06-01T18:27:03,1,3,10003,"ARX(2,2)",-181.68845311100023,381.37690622200046,411.7126484751494,True,0,2.659313756850665,0.2817650421735295,0.2715521332883275,0.8406823670113126,0.0042802723527385,0.3233009035589531,0.4103562680526865,0.1632938285293141,0.1943914468347789,True
2026-06-01T18:29:15,1,4,10004,"ARX(2,2)",-181.68846567993643,381.37693135987286,411.7126736130218,True,0,2.668270392170492,0.2829198199956766,0.2708861635536052,0.8384097676903562,0.0043630142877908,0.323383701092329,0.4093619274817461,0.1632103284067256,0.1952023819529134,True
2026-06-01T18:30:59,1,5,10005,"ARX(2,2)",-181.6889422125816,381.3778844251632,411.71362667831215,True,0,2.68567149658195,0.2814098822037642,0.2698866552132818,0.8432401103620923,0.0040061364143112,0.3235352695674349,0.4065276218857167,0.1638432106284333,0.1972613934510688,True
2026-06-01T18:33:38,1,6,10006,"ARX(2,2)",-181.6885367377573,381.3770734755145,411.7128157286635,True,0,2.6540600561666987,0.2820714245524043,0.2719120271339731,0.8399138280368632,0.0043788010027873,0.3234344136957487,0.4098495183386147,0.1632562853938663,0.1947159581759671,True
2026-06-01T18:35:30,1,7,10007,"ARX(2,2)",-181.6888605442205,381.377721088441,411.71346334159,True,0,2.6594591780999144,0.2819976789222331,0.2715486018055019,0.8395745367303827,0.0031428502204315,0.3234341449115546,0.4055007286587315,0.1631131176155709,0.2008060061386236,True
2026-06-01T18:37:14,1,8,10008,"ARX(2,2)",-181.6900057773568,381.3800115547135,411.7157538078625,True,0,2.6866058136329536,0.2799609670844398,0.2696823633427221,0.8483930985564805,0.0004564033339489,0.3222985379919544,0.411895597923494,0.16403205665809,0.1966957286023941,True
2026-06-01T18:39:23,1,9,10009,"ARX(2,2)",-181.6924372431108,381.3848744862216,411.7206167393706,True,0,2.6009027010722794,0.2896220504485461,0.274311627829882,0.8285314812660636,0.0075753320209869,0.3349433388679794,0.395286633394543,0.1645296245335414,0.1899831042362933,True
2026-06-01T18:40:47,1,10,10010,"ARX(2,2)",-181.6885197933206,381.3770395866412,411.7127818397902,True,0,2.655066856778801,0.2822567876887879,0.2718263471135873,0.8396198983715903,0.0043653498727044,0.3234772642566177,0.4096734148613127,0.1631829378873401,0.1949132613730044,True
2026-06-01T18:42:31,1,11,10011,"ARX(2,2)",-181.68890586152557,381.3778117230511,411.7135539762001,True,0,2.665946086922717,0.2801620215130154,0.2713544315442082,0.8420045713183651,0.0048288260192412,0.3220840283924522,0.4115349539009786,0.1635961790021434,0.1938360067236627,True
2026-06-01T18:44:39,1,12,10012,"ARX(2,2)",-181.68844747062985,381.3768949412597,411.7126371944087,True,0,2.6605263579547564,0.2815155978719077,0.2715027066304681,0.8415968674840762,0.0040966959651224,0.3232888211713077,0.4106741288801661,0.1633020103864221,0.1941818654201462,True
2026-06-01T18:46:03,1,13,10013,"ARX(2,2)",-181.6885196300073,381.3770392600146,411.7127815131636,True,0,2.6569788779526164,0.2816653639884609,0.2716695800484302,0.841021702429566,0.0042428938844661,0.3229171385169175,0.4127676838476804,0.1629028490960872,0.1928496963473888,True
2026-06-01T18:47:36,1,14,10014,"ARX(2,2)",-181.68859872773413,381.37719745546826,411.7129397086172,True,0,2.666676483734709,0.2815870098246599,0.2710819827279545,0.8407288216466422,0.0041120966430576,0.3224452228942632,0.4156523237507958,0.16280390744798,0.1908597287386678,True
2026-06-01T18:49:18,1,15,10015,"ARX(2,2)",-181.68850368511815,381.3770073702364,411.7127496233853,True,0,2.67365115772044,0.282888490686725,0.2705898525680986,0.8384431452034641,0.004262259458301,0.323259953139799,0.4114296647184595,0.1632583609114492,0.1933368825780416,True
2026-06-01T18:50:41,1,16,10016,"ARX(2,2)",-181.68844586922,381.37689173844,411.712633991589,True,0,2.6707265439450425,0.2825393200627912,0.2708246905916811,0.8393421174095194,0.0042250439868786,0.3231352624840746,0.4098356763004958,0.1633980878294135,0.1949804875637059,True
2026-06-01T18:52:10,1,17,10017,"ARX(2,2)",-181.6884324190529,381.3768648381058,411.7126070912548,True,0,2.664292866875631,0.2821386165108585,0.2712005244558419,0.8398393814412407,0.004427498607287,0.3230726580427435,0.411521001777518,0.1633612963111415,0.1932154755049213,True
2026-06-01T18:53:49,1,18,10018,"ARX(2,2)",-181.6886115376148,381.3772230752296,411.7129653283786,True,0,2.654568991843792,0.2824608827081595,0.2717803461744605,0.8401114556819202,0.0044191243587114,0.323977372910809,0.4085905959470007,0.1634913809559098,0.1944701175641413,True
2026-06-01T18:55:49,1,19,10019,"ARX(2,2)",-181.6884593683293,381.3769187366586,411.7126609898076,True,0,2.671283077446471,0.2823151192378481,0.2708027313621406,0.8403959083212335,0.0039389374373506,0.3228935035430302,0.4113274355419781,0.1633750810647994,0.1940249302557954,True
2026-06-01T18:57:23,1,20,10020,"ARX(2,2)",-181.6884149600396,381.3768299200792,411.7125721732282,True,0,2.6654078268168573,0.2823554347333443,0.2711569776094267,0.839817218732244,0.0042626138970722,0.3232782370933151,0.4104485106347733,0.1633706176340179,0.1941598378967085,True
2026-06-01T18:58:46,1,21,10021,"ARX(2,2)",-181.6884292385788,381.3768584771576,411.7126007303066,True,0,2.667928809742368,0.2821070780924221,0.271009013752581,0.8404208819869258,0.004115571500082,0.3230359157995949,0.4107647768951569,0.1631808871685374,0.1944377944590897,True
2026-06-01T19:00:32,1,22,10022,"ARX(2,2)",-181.68953403116384,381.3790680623276,411.7148103154766,True,0,2.6972866121496093,0.2837379231437349,0.2692759828559208,0.8367395003229464,0.0051116881936948,0.3234226115785227,0.4056932082453839,0.164378162358188,0.1973632788481645,True
2026-06-01T19:02:34,1,23,10023,"ARX(2,2)",-181.6884187833131,381.3768375666262,411.7125798197752,True,0,2.666190485839345,0.282008340129041,0.2711162499198663,0.8404146432525713,0.0041776546277829,0.3232878996545559,0.4099765468672336,0.1634388459191609,0.1946719597751101,True
2026-06-01T19:04:08,1,24,10024,"ARX(2,2)",-181.68846989255275,381.3769397851055,411.71268203825446,True,0,2.670715237411689,0.2822749747885084,0.2708467866289992,0.8396673138772598,0.0042911571958897,0.3231461084118161,0.412184821198284,0.1634467673729248,0.1926375350857019,True
2026-06-01T19:05:49,1,25,10025,"ARX(2,2)",-181.68841897824,381.37683795648,411.712580209629,True,0,2.664648934428364,0.2820875362238558,0.2712291956536936,0.8403299567366311,0.0041825092788647,0.3231079232198744,0.4105839971539661,0.1632426944872995,0.1945261263772646,True
2026-06-01T19:07:24,1,26,10026,"ARX(2,2)",-181.6884644442244,381.3769288884488,411.71267114159775,True,0,2.663316644287225,0.2817411761072774,0.2712958042130783,0.8412157837190826,0.0042729531122661,0.3236572746784203,0.4083321412558836,0.1633973117741987,0.1957877808773864,True
2026-06-01T19:10:26,1,27,10027,"ARX(2,2)",-181.68841875557848,381.37683751115696,411.71257976430593,True,0,2.6670756367362887,0.2821738363809285,0.2710533692208635,0.8402006459058944,0.0040984002764942,0.3232429508387666,0.4100222449090032,0.1634062176837724,0.1947660443086993,True
2026-06-01T19:12:36,1,28,10028,"ARX(2,2)",-181.6884318891165,381.376863778233,411.71260603138194,True,0,2.668493413980665,0.2821253350766738,0.2709627671542328,0.8401246358253429,0.0040944773969428,0.3229196540016616,0.4105481308645012,0.1633600329817361,0.1946998425105241,True
2026-06-01T19:14:15,1,29,10029,"ARX(2,2)",-181.68943604469607,381.3788720893921,411.7146143425411,True,0,2.697537211235619,0.2841174942855845,0.2691434563825714,0.8368502449312749,0.0047453369719526,0.3233432238779217,0.4055070710489733,0.1639256139161052,0.1977825541437063,True
2026-06-01T19:15:54,1,30,10030,"ARX(2,2)",-181.6884438676716,381.3768877353433,411.7126299884922,True,0,2.6665810567943464,0.2820944694185391,0.2711224425080131,0.8396436217697416,0.0042784414574264,0.3228795376133922,0.4109984903370405,0.1631716246175205,0.194461388730953,True
2026-06-01T19:17:27,1,31,10031,"ARX(2,2)",-181.68912942890344,381.3782588578069,411.7140011109559,True,0,2.642076183569228,0.2816008840255578,0.2725911165110896,0.8430820376211662,0.003989176005397,0.3240109271474075,0.4097237251072652,0.1622625710445856,0.1951191781149962,True
2026-06-01T19:19:52,1,32,10032,"ARX(2,2)",-181.69127724962715,381.3825544992543,411.71829675240326,True,0,2.6962113622564696,0.2822875572553173,0.269898720815136,0.8389775079770293,0.005318089021125,0.3200455083838736,0.4228199470767732,0.1633844495953502,0.1842860861694813,True
2026-06-01T19:22:02,1,33,10033,"ARX(2,2)",-181.6912919858185,381.382583971637,411.718326224786,True,0,2.717665872746104,0.2861246589675466,0.267957093975639,0.832237325194592,0.005205750387999,0.3230475591569262,0.4023070110391478,0.1651219932537827,0.1994919093228346,True
2026-06-01T19:23:34,1,34,10034,"ARX(2,2)",-181.68845083073128,381.3769016614625,411.7126439146115,True,0,2.668483128504725,0.2819425730101325,0.2709264926879312,0.8409807682165441,0.0040760231862925,0.3234913635076369,0.4100325069232893,0.163490034716519,0.1941410366505846,True
2026-06-01T19:24:39,1,35,10035,"ARX(2,2)",-181.6885067767772,381.3770135535544,411.71275580670334,True,0,2.65552410699209,0.2820370813807545,0.2717861414222251,0.8402769228586113,0.0044161520455216,0.3234557392442276,0.4112039499919616,0.1632807971368656,0.1931701728688759,True
2026-06-01T19:26:02,1,36,10036,"ARX(2,2)",-181.6884480377344,381.3768960754688,411.71263832861774,True,0,2.6706670059481192,0.2819093759608236,0.2708376411904968,0.8410076206474493,0.0040082015048891,0.3230330305767198,0.4113103383618901,0.1633433695864842,0.1938361811989607,True
2026-06-01T19:27:25,1,37,10037,"ARX(2,2)",-181.6888767782896,381.3777535565792,411.7134958097281,True,0,2.688596431193319,0.2830556548940525,0.2697062304007695,0.8382544548975197,0.0046461637274792,0.3231242934496525,0.4095590382309725,0.1635407204202643,0.1946830744326966,True
2026-06-01T19:29:21,1,38,10038,"ARX(2,2)",-181.68853106231705,381.3770621246341,411.712804377783,True,0,2.6572497293077646,0.2819285994296272,0.2716813647930036,0.8401942752195414,0.0041394559624911,0.3233871788719042,0.4080345240350156,0.1633301715273069,0.1967031361026462,True
2026-06-01T19:31:30,1,39,10039,"ARX(2,2)",-181.6922800218273,381.3845600436546,411.7203022968036,True,0,2.7257275968847448,0.2857747582479791,0.2675424326865565,0.8365269049850268,0.0024724397128183,0.3221422701769714,0.4134188558238041,0.1647228857117773,0.191835771380095,True
2026-06-01T19:33:15,1,40,10040,"ARX(2,2)",-181.6885921473135,381.377184294627,411.712926547776,True,0,2.6768537491370226,0.2809098238228559,0.2704603413146982,0.8427486981870731,0.0039930699648198,0.3229042550534297,0.4106529153490985,0.1635735732448252,0.1944921540173086,True
2026-06-01T18:23:03,2,1,20001,"ARX(2,2)",-181.6884435688212,381.3768871376424,411.71262939079134,True,0,2.6622600701077825,0.2817205556134713,0.2713622692314028,0.8406281041204641,0.0041191679245351,0.3230671197361735,0.4100423907023962,0.1633917858002709,0.194977467300856,True
2026-06-01T18:24:17,2,2,20002,"ARX(2,2)",-181.6884352469691,381.3768704939382,411.7126127470872,True,0,2.6661731264983906,0.2822088507332614,0.2711760542568079,0.8401250586275766,0.0040335341210699,0.3231913692677985,0.4103576622799104,0.1631606329326402,0.1948350562073894,True
2026-06-01T18:25:40,2,3,20003,"ARX(2,2)",-181.6884637092092,381.3769274184184,411.7126696715673,True,0,2.658876015657002,0.2821043157237336,0.2715867566362724,0.8402266531044308,0.0041919494851929,0.3230941599981505,0.4114006419475453,0.1630800802023075,0.1939677780470578,True
2026-06-01T18:27:39,2,4,20004,"ARX(2,2)",-181.6884544468832,381.3769088937663,411.7126511469153,True,0,2.658781260191609,0.2820425794271861,0.2715827220933263,0.8406206115921725,0.0040717140413678,0.323364541931314,0.4102423849376345,0.1632302556791831,0.1946220883344161,True
2026-06-01T18:29:12,2,5,20005,"ARX(2,2)",-181.68899270480392,381.3779854096079,411.7137276627568,True,0,2.6715781765246995,0.2826084909203348,0.2711366053300039,0.8382962582620922,0.005263335593324,0.3215517695742413,0.4099933149743051,0.1636495725731978,0.1959292380157716,True
2026-06-01T18:30:51,2,6,20006,"ARX(2,2)",-181.688425280263,381.376850560526,411.712592813675,True,0,2.6653406522292262,0.2822444789758424,0.2711127842499908,0.8398345970857221,0.0040872605425567,0.3233320865154653,0.4101489768261225,0.1634963774959515,0.194368787410162,True
2026-06-01T18:32:19,2,7,20007,"ARX(2,2)",-181.68844834489448,381.37689668978896,411.71263894293793,True,0,2.6705617844653133,0.2824238038817322,0.2708405627699047,0.8394058383139348,0.004167181021842,0.3229733798932303,0.410601015240394,0.1632989722029061,0.1946543557821783,True
2026-06-01T18:33:43,2,8,20008,"ARX(2,2)",-181.68844493458425,381.3768898691685,411.7126321223175,True,0,2.6604632548248164,0.2818577424611296,0.2714480922859913,0.8409667241797991,0.0041454325379827,0.3234526846985435,0.4101118934665839,0.163465557789987,0.19422909238098,True
2026-06-01T18:35:23,2,9,20009,"ARX(2,2)",-181.6884548311945,381.376909662389,411.712651915538,True,0,2.6602641721285787,0.2818120247324394,0.2714817916831355,0.8408488467580217,0.0039255620656471,0.3232427492870454,0.4095271559392835,0.1632945583367246,0.1956195388756262,True
2026-06-01T18:36:50,2,10,20010,"ARX(2,2)",-181.68857752322097,381.37715504644194,411.7128972995909,True,0,2.657598429100373,0.2809344578994385,0.2716986560458554,0.8430145755398081,0.0038195541423069,0.3234283363120855,0.4081559020411102,0.163401625766608,0.1969092085166468,True
2026-06-01T18:38:48,2,11,20011,"ARX(2,2)",-181.6887874463628,381.3775748927257,411.7133171458746,True,0,2.6647235318818927,0.2829903680810143,0.271064015877532,0.8385005145594776,0.003215536723338,0.3230547011088777,0.4161371556735938,0.163182723269066,0.1899825213866459,True
2026-06-01T18:40:22,2,12,20012,"ARX(2,2)",-181.68893931517988,381.37787863035976,411.7136208835087,True,0,2.690617390674549,0.2828315727862465,0.2696100965196129,0.8391417226252652,0.0042940138284615,0.3229199820281594,0.4095988957398324,0.1636170600269291,0.1951047909825497,True
2026-06-01T18:42:03,2,13,20013,"ARX(2,2)",-181.6923823585797,381.3847647171594,411.7205069703084,True,0,2.5933223547698425,0.2895384139769879,0.2747593243069535,0.8287332313571023,0.0076028320185206,0.3351734887089609,0.3952513033968592,0.1644237355294978,0.1898596327821846,True
2026-06-01T18:43:23,2,14,20014,"ARX(2,2)",-181.68843426114177,381.37686852228353,411.7126107754325,True,0,2.663200536950588,0.2815905743334567,0.2712958773035976,0.8411546956716253,0.0040173335235341,0.3231546451727865,0.4107077629660376,0.1634617307346958,0.1941696198494122,True
2026-06-01T18:45:21,2,15,20015,"ARX(2,2)",-181.6884745982709,381.3769491965418,411.71269144969074,True,0,2.6571272998253006,0.2819812207792491,0.2716924096079975,0.8406993961284313,0.0040492175986146,0.3233774937024437,0.4103099967869603,0.1632502116058849,0.1945283614279107,True
2026-06-01T18:47:11,2,16,20016,"ARX(2,2)",-181.6884377612821,381.3768755225642,411.7126177757132,True,0,2.668908685638048,0.2825606840272006,0.2709449067855269,0.8392683433673249,0.0044967714813138,0.3231882416151481,0.4103147715999095,0.163505621238053,0.1939467566643054,True
2026-06-01T18:48:53,2,17,20017,"ARX(2,2)",-181.6885959463458,381.3771918926916,411.71293414584056,True,0,2.6525545528459364,0.2810743530243546,0.2720024628815653,0.8425528231895033,0.004216200621886,0.3234447656028643,0.4105161097759861,0.1633652910308348,0.193963895778285,True
2026-06-01T18:50:04,2,18,20018,"ARX(2,2)",-181.68880429182187,381.3776085836437,411.7133508367927,True,0,2.6698302551093374,0.282528086457065,0.2709943139457899,0.8408477272779792,0.0036728888239419,0.3227124064465694,0.4093469018198919,0.1631025306631209,0.1974046265355705,True
2026-06-01T18:51:46,2,19,20019,"ARX(2,2)",-181.6884842440181,381.3769684880362,411.7127107411852,True,0,2.6740210907305406,0.282799883371406,0.2706061251374184,0.8391382458064501,0.0042426610325502,0.3231064489657678,0.4102394877566452,0.1635751307359245,0.1943057506820301,True
2026-06-01T18:53:11,2,20,20020,"ARX(2,2)",-181.68854330112347,381.37708660224695,411.7128288553959,True,0,2.6582013397575817,0.2818784024680575,0.2716025637197475,0.8403694958879946,0.0034928978658518,0.3228522520180783,0.4104052105620484,0.1630475077817169,0.196024615633074,True
2026-06-01T18:54:23,2,21,20021,"ARX(2,2)",-181.68852735940047,381.3770547188009,411.7127969719499,True,0,2.6665567527247265,0.2824163858647286,0.2709618610608913,0.8408493737713025,0.0037850345052725,0.323672106987655,0.4120036536711138,0.1634648297078697,0.1921445254982091,True
2026-06-01T18:56:09,2,22,20022,"ARX(2,2)",-181.688546331192,381.377092662384,411.712834915533,True,0,2.672706438347267,0.2826438407379411,0.2707658153666853,0.8402575357975427,0.0040909502190684,0.3228318754852431,0.4125540452084166,0.163538150993859,0.1926358054981163,True
2026-06-01T18:57:42,2,23,20023,"ARX(2,2)",-181.69224323697532,381.3844864739507,411.72022872709965,True,0,2.731595235540526,0.2775691465302028,0.2671635087460134,0.851188061944793,0.0021981360186181,0.3206767227478244,0.415420225805135,0.1630515280152003,0.1945029120743867,True
2026-06-01T18:58:59,2,24,20024,"ARX(2,2)",-181.6886087756326,381.3772175512652,411.7129598044141,True,0,2.6511790552956844,0.2824113601916527,0.2720807202333365,0.8393224611092341,0.0044126612507117,0.3236064735974835,0.4115012930092662,0.1632082345391949,0.1928116171047716,True
2026-06-01T19:00:34,2,25,20025,"ARX(2,2)",-181.68862902266216,381.3772580453243,411.7130002984733,True,0,2.6797526045825264,0.2835837979574618,0.270235835162927,0.8375194570766706,0.0044594600219426,0.3232323333143163,0.4095697620162631,0.1635243046620992,0.1946880105667802,True
2026-06-01T19:01:54,2,26,20026,"ARX(2,2)",-181.68892699087257,381.3778539817452,411.7135962348941,True,0,2.661124359139416,0.2836974507651759,0.2712844252024973,0.8388340554364336,0.0048935696593197,0.325273187590071,0.4076264663809117,0.1637166942277178,0.1933789179968934,True
2026-06-01T19:03:36,2,27,20027,"ARX(2,2)",-181.6884618662171,381.3769237324342,411.7126659855832,True,0,2.669882944769532,0.282080528553334,0.2708041130663607,0.8411107738593545,0.0037368604530231,0.3230971768321761,0.4112780729728462,0.1633545017918612,0.1938564483923395,True
2026-06-01T19:05:20,2,28,20028,"ARX(2,2)",-181.6884428819912,381.37688576398233,411.7126280171313,True,0,2.666211865993929,0.281409823494728,0.2710845696879015,0.8420080696781552,0.003833248724075,0.3229825394380946,0.4106092169795104,0.1633835822340624,0.1946973489328747,True
2026-06-01T19:06:51,2,29,20029,"ARX(2,2)",-181.68845900296748,381.37691800593495,411.7126602590839,True,0,2.661859699041744,0.2823258985600044,0.2714258901646093,0.8399037659515102,0.0040278560490448,0.322810294538604,0.4112464108862255,0.1630696117859068,0.1945727642744881,True
2026-06-01T19:08:57,2,30,20030,"ARX(2,2)",-181.6917683161668,381.3835366323335,411.7192788854825,True,0,2.729348748420692,0.2781786959943652,0.2674939915001408,0.8482629161595103,0.003144081845039,0.3211141569868997,0.4132938245683294,0.1630515048696237,0.1955997846986797,True
2026-06-01T19:09:58,2,31,20031,"ARX(2,2)",-181.68849515966207,381.37699031932414,411.7127325724731,True,0,2.675066653897636,0.2824060060357238,0.2705611482811764,0.8401199134794353,0.0041003434909834,0.3231531357992949,0.4104189032482245,0.1634978932144866,0.1943184185402028,True
2026-06-01T19:11:56,2,32,20032,"ARX(2,2)",-181.68845619373724,381.3769123874745,411.7126546406234,True,0,2.6586394183609228,0.2821097037628283,0.2716084232927189,0.840108888695764,0.0042138101438681,0.3232303221946221,0.4107129527546651,0.1633104498684252,0.1940729483983586,True
2026-06-01T19:13:30,2,33,20033,"ARX(2,2)",-181.68845525120304,381.3769105024061,411.71265275555504,True,0,2.663078623439506,0.2819660850528457,0.2712735069848199,0.840061895842924,0.0040829745566422,0.3229391213090087,0.4118983240210895,0.1630124573563961,0.19388038588675,True
2026-06-01T19:15:09,2,34,20034,"ARX(2,2)",-181.68845714112732,381.3769142822547,411.71265653540365,True,0,2.665714517150371,0.2827184837561128,0.2711485131552313,0.8385966613825429,0.0046775275940995,0.3230528092560347,0.411506746576454,0.1634861993780739,0.1927771205022103,True
2026-06-01T19:16:56,2,35,20035,"ARX(2,2)",-181.6885618678707,381.3771237357414,411.7128659888904,True,0,2.6778994659857407,0.2829564017557852,0.2703953992458289,0.8388299194819563,0.0043564077816324,0.3232633566031904,0.4095929698733975,0.1635442064500504,0.1948288062597698,True
2026-06-01T19:18:16,2,36,20036,"ARX(2,2)",-181.68844734086565,381.3768946817313,411.71263693488027,True,0,2.6628477580091414,0.2820420184119888,0.2713915483774132,0.8405750699602338,0.0041586206797343,0.3230661294564152,0.4123607049290699,0.1631307146673417,0.1928550603097653,True
2026-06-01T19:19:45,2,37,20037,"ARX(2,2)",-181.68860109507247,381.37720219014494,411.7129444432939,True,0,2.652051641890653,0.2819466810777227,0.271995408031791,0.8397029361528712,0.004335490989813,0.3236229321092485,0.4101336301505942,0.1632842390736904,0.1941496432862604,True
2026-06-01T19:20:58,2,38,20038,"ARX(2,2)",-181.6888401092226,381.3776802184452,411.7134224715942,True,0,2.6437122658711503,0.2813922511279812,0.2725848398350533,0.8412670323468374,0.0043627137149463,0.3234884100110114,0.4118328223994089,0.1630849340275218,0.1928328309656368,True
2026-06-01T19:22:01,2,39,20039,"ARX(2,2)",-181.6924122303933,381.3848244607866,411.7205667139356,True,0,2.5978526489160187,0.2896050862177677,0.2744453607993069,0.8287117890360589,0.0076572580810659,0.3351300890818233,0.394764767224347,0.164749312433545,0.1899445282216952,True
2026-06-01T19:23:47,2,40,20040,"ARX(2,2)",-181.6884654872296,381.3769309744592,411.71267322760815,True,0,2.6601756356320583,0.2815055171962585,0.2715060715242698,0.841892443259883,0.0041772648375129,0.3234724317644877,0.4102742045107243,0.1634822924204376,0.1940015444154256,True
2026-06-01T18:19:49,3,1,30001,"ARX(2,2)",-181.69240299431053,381.38480598862105,411.72054824177,True,0,2.5884650410274763,0.2891625530237645,0.2750730376427777,0.8293756407087423,0.0074773436070911,0.3351745184777382,0.3961176326014035,0.1643456869169826,0.1892084598383719,True
2026-06-01T18:21:25,3,2,30002,"ARX(2,2)",-181.68880733214303,381.3776146642861,411.7133569174351,True,0,2.681576718939944,0.284324408818854,0.2701400274191263,0.8358848496229863,0.00471990544816,0.3225439532993546,0.4123735663914896,0.1637202553584482,0.1922804000486362,True
2026-06-01T18:23:09,3,3,30003,"ARX(2,2)",-181.69253965366585,381.3850793073317,411.7208215604806,True,0,2.596907829461824,0.2890447330278304,0.2746498747881937,0.8308512902468216,0.0073348966292336,0.3342183582388168,0.394929460725867,0.164654408512215,0.1910881422298504,True
2026-06-01T18:24:52,3,4,30004,"ARX(2,2)",-181.6884372770141,381.3768745540282,411.71261680717714,True,0,2.66755976150239,0.2821879355902152,0.2710205325715351,0.8397630482534671,0.004245122822207,0.3229582023071667,0.4101074546379774,0.1633685058565151,0.1950570191727402,True
2026-06-01T18:26:13,3,5,30005,"ARX(2,2)",-181.6923911103833,381.3847822207666,411.7205244739156,True,0,2.5933715732805998,0.2892671544329161,0.2747518270902454,0.8290749784076962,0.0076019405202967,0.3348675884678103,0.3963049534169195,0.1645179033463801,0.1891079683754665,True
2026-06-01T18:27:43,3,6,30006,"ARX(2,2)",-181.68846088300492,381.3769217660099,411.71266401915886,True,0,2.666535475624756,0.281528722369651,0.2711672464321286,0.8418778764282169,0.0042957884386693,0.3231401033750281,0.411531748914216,0.1634334302764993,0.1930506916971479,True
2026-06-01T18:30:10,3,7,30007,"ARX(2,2)",-181.68848114822853,381.37696229645707,411.712704549606,True,0,2.6590592238212456,0.2824501510441489,0.271466760969922,0.8395736871848404,0.0042746049592575,0.3236764627214405,0.4091416127219022,0.163422613887694,0.1948046338161282,True
2026-06-01T18:32:40,3,8,30008,"ARX(2,2)",-181.68849565548055,381.3769913109612,411.7127335641101,True,0,2.6700056548498066,0.2815902223666923,0.2708442235879428,0.8418799692546447,0.0035587867032018,0.3227863276518303,0.4121466602886184,0.1630665231496632,0.193978364784063,True
2026-06-01T18:34:20,3,9,30009,"ARX(2,2)",-181.68864458417727,381.37728916835454,411.7130314215035,True,0,2.6671738342509013,0.2825558996218657,0.2709542810401676,0.8394419510105265,0.0029495695331135,0.3231206803573045,0.4084019616218949,0.1630398799561817,0.1980362068116985,True
2026-06-01T18:36:22,3,10,30010,"ARX(2,2)",-181.68845372073795,381.3769074414759,411.7126496946248,True,0,2.661123057926655,0.2816792229686723,0.2714065230077878,0.8409305540168606,0.0039882307368585,0.3232715687206999,0.4093461591204914,0.1635009680224478,0.1954481358921829,True
2026-06-01T18:38:06,3,11,30011,"ARX(2,2)",-181.68846379591685,381.3769275918337,411.71266984498266,True,0,2.666741503387746,0.2832913681851169,0.2710480648518639,0.8379170134306795,0.0042142384491629,0.3234290917294129,0.4101348500228335,0.1633142662782124,0.1945077494189716,True
2026-06-01T18:39:37,3,12,30012,"ARX(2,2)",-181.68865156851624,381.3773031370325,411.7130453901815,True,0,2.652261394234241,0.2813517610130481,0.2719986684653652,0.8416294913628531,0.003481469318638,0.3238027982659944,0.4089325472237229,0.1631133231981978,0.1961527403556225,True
2026-06-01T18:41:52,3,13,30013,"ARX(2,2)",-181.68862793106223,381.37725586212446,411.7129981152734,True,0,2.6797115341202384,0.2835177964693098,0.2702305953445653,0.8377288142050724,0.0043214884383287,0.3231792177358996,0.4110348426498721,0.1635318777858966,0.1933645630807413,True
2026-06-01T18:43:30,3,14,30014,"ARX(2,2)",-181.6885031585936,381.3770063171871,411.7127485703361,True,0,2.65533198965644,0.2818195165122659,0.2718249819042509,0.8408134893437164,0.004167952607033,0.3233389272763127,0.4111286002393312,0.1631612229863291,0.1937588283340049,True
2026-06-01T18:45:25,3,15,30015,"ARX(2,2)",-181.6884960533196,381.3769921066392,411.71273435978816,True,0,2.6562429541831203,0.2816690407041056,0.2717677958103123,0.8410172552932739,0.0041212286186687,0.3232772420273209,0.4101674322069762,0.1634034149824775,0.1945943266255603,True
2026-06-01T18:46:58,3,16,30016,"ARX(2,2)",-181.69113300971,381.38226601942,411.7180082725689,True,0,2.715659546917189,0.2855890101607707,0.2679139250131596,0.8350747152058383,0.0042302522583783,0.3218346861377785,0.4177162072502455,0.1638158577862992,0.1877985353625112,True
2026-06-01T18:48:10,3,17,30017,"ARX(2,2)",-181.68898743278956,381.3779748655791,411.713717118728,True,0,2.69045615814267,0.2835364338374215,0.2696157127628679,0.8379447825787292,0.0044083197996462,0.3228249813693221,0.4119724542957179,0.1633742933265495,0.1930361987373507,True
2026-06-01T18:49:28,3,18,30018,"ARX(2,2)",-181.69215192968068,381.38430385936135,411.7200461125103,True,0,2.718560110715098,0.2778022115503962,0.2681323124443505,0.8504885617232643,-0.0001465067993463,0.3200193608888576,0.4209003322355782,0.163461453423817,0.1916376939911373,True
2026-06-01T18:50:58,3,19,30019,"ARX(2,2)",-181.6884484082659,381.3768968165318,411.7126390696808,True,0,2.6615682659008804,0.2821189677882549,0.2714093146140579,0.8402566965483415,0.0042855915548349,0.3234197739152334,0.4114655215584218,0.1635230866282309,0.1927778220662656,True
2026-06-01T18:52:49,3,20,30020,"ARX(2,2)",-181.68842422525813,381.37684845051626,411.7125907036652,True,0,2.6622738422488297,0.2820305665240993,0.2713546536428448,0.840575779339742,0.0041351046788892,0.3232715605046773,0.4110551623347029,0.1632731444402041,0.1937906750930408,True
2026-06-01T18:53:56,3,21,30021,"ARX(2,2)",-181.68845402646645,381.3769080529329,411.71265030608185,True,0,2.660158793130179,0.2822585860177973,0.2714600394387821,0.8402448819074677,0.0043596830894477,0.32354300197652,0.4098300667097418,0.1634533392641475,0.1942514379031475,True
2026-06-01T18:55:15,3,22,30022,"ARX(2,2)",-181.68843562404695,381.376871248094,411.7126135012429,True,0,2.6628454255885474,0.2824003520498242,0.2713657250034937,0.8396082568281585,0.0043516008090514,0.3230445786561557,0.4115247723610313,0.1632911637318317,0.1933232359991628,True
2026-06-01T18:56:38,3,23,30023,"ARX(2,2)",-181.6886739219686,381.3773478439372,411.7130900970861,True,0,2.6562020653497784,0.2804121420357375,0.271731095247116,0.8444957415064556,0.0038296597367196,0.3232312269890534,0.4136530381393062,0.1633763063982484,0.191331654089429,True
2026-06-01T18:58:20,3,24,30024,"ARX(2,2)",-181.688736001146,381.377472002292,411.7132142554409,True,0,2.6823830738492487,0.2837675751019415,0.2700893323208373,0.8373498166384528,0.0044162415461167,0.3227421420725292,0.4120937193330193,0.1635183918460009,0.1926661981791623,True
2026-06-01T19:00:29,3,25,30025,"ARX(2,2)",-181.6884296220992,381.3768592441984,411.71260149734735,True,0,2.6657922135895347,0.2815547106651883,0.2711314816166598,0.8414396168474125,0.0040683056455935,0.3230420987740594,0.4111366261659513,0.1633017748518379,0.1940434436081711,True
2026-06-01T19:01:38,3,26,30026,"ARX(2,2)",-181.6884467876337,381.3768935752673,411.7126358284163,True,0,2.659349244882698,0.2822554338526449,0.2715397585004673,0.8401154977916699,0.0041974680863278,0.323299767218439,0.4109333192391821,0.1632731113614936,0.19382122024428,True
2026-06-01T19:03:15,3,27,30027,"ARX(2,2)",-181.68861060399712,381.37722120799424,411.7129634611432,True,0,2.680135072542724,0.2826934099947119,0.270240459301396,0.8392042695967775,0.0044114377904116,0.3230174783210921,0.4115944027943286,0.1635386737959891,0.1929326661596339,True
2026-06-01T19:05:35,3,28,30028,"ARX(2,2)",-181.6980380309581,381.3960760619162,411.7318183150652,True,0,2.7017672352379094,0.2787439076675063,0.2697640556019403,0.8486687923542612,0.0014298246995957,0.3226023956796167,0.385656373340209,0.1663824758353355,0.2177359378442515,True
2026-06-01T19:07:12,3,29,30029,"ARX(2,2)",-181.6888497223757,381.3776994447513,411.7134416979003,True,0,2.6814776013715376,0.281135754308836,0.2701654747400754,0.8421073178812821,0.0037043334051241,0.3229839113853537,0.4062136567016279,0.1640377809539106,0.1989204800139022,True
2026-06-01T19:08:45,3,30,30030,"ARX(2,2)",-181.68844765390637,381.3768953078127,411.7126375609616,True,0,2.6625041006612022,0.2827440348410038,0.2713055124712708,0.8386986824818513,0.0045777093812546,0.3233242400915919,0.4105932969974572,0.1634678152562247,0.1935569523793235,True
2026-06-01T19:10:15,3,31,30031,"ARX(2,2)",-181.6884698056,381.3769396112,411.71268186434895,True,0,2.672468618527742,0.2826084540818333,0.2707382406489564,0.8394026459755284,0.0043579446509453,0.3233756085416174,0.4093781318290405,0.1636243071064292,0.1947528855404829,True
2026-06-01T19:11:28,3,32,30032,"ARX(2,2)",-181.68845877988565,381.3769175597713,411.71265981292026,True,0,2.672256253870734,0.2825767815250428,0.2707165362183944,0.8396333019788959,0.0041190809198814,0.3232470495902464,0.409890474122812,0.1635052856101445,0.194737998769378,True
2026-06-01T19:12:54,3,33,30033,"ARX(2,2)",-181.6884282047664,381.3768564095328,411.7125986626817,True,0,2.6622255908704124,0.2823520874947989,0.2713745019351757,0.8396415490177148,0.0042150065121093,0.3231699658592281,0.4112224595323655,0.1632483525588416,0.1937816783234377,True
2026-06-01T19:15:00,3,34,30034,"ARX(2,2)",-181.68842143589347,381.37684287178695,411.7125851249359,True,0,2.6654620021174598,0.2820506659517365,0.2711255896538619,0.8403680027602145,0.0040803332130776,0.3230181128688025,0.4111425946374975,0.1632722911053486,0.1940422953932124,True
2026-06-01T19:16:32,3,35,30035,"ARX(2,2)",-181.68916821510217,381.37833643020434,411.7140786833533,True,0,2.6875537012054127,0.2839023126738563,0.2699143699944978,0.8347375655734534,0.0049559618116843,0.3222757676530798,0.4105243044210749,0.1629681688367406,0.1954093038499845,True
2026-06-01T19:17:58,3,36,30036,"ARX(2,2)",-181.68843534902032,381.3768706980407,411.7126129511896,True,0,2.660504060748885,0.2820282892950411,0.2714741371225164,0.840469090407312,0.0042071202106474,0.3233664849551948,0.4103705832746216,0.1632872969636406,0.1942961552642445,True
2026-06-01T19:19:50,3,37,30037,"ARX(2,2)",-181.68845317730955,381.3769063546191,411.7126486077681,True,0,2.661380347229141,0.2821676990699181,0.2714662031405365,0.8399139393837505,0.0042044649742358,0.3233282610315232,0.41014951799973,0.1630099966875947,0.1950865831150572,True
2026-06-01T19:20:57,3,38,30038,"ARX(2,2)",-181.68865434345923,381.37730868691847,411.7130509400674,True,0,2.6794121452893007,0.2835656352541888,0.2702186456966617,0.8373764315368784,0.0043125232128275,0.3227955104002941,0.4122815216583685,0.1634870138451165,0.1926060482768353,True
2026-06-01T19:22:11,3,39,30039,"ARX(2,2)",-181.68841930217135,381.3768386043428,411.7125808574917,True,0,2.665891905880478,0.2819927128708817,0.2711363256999327,0.8406000280744604,0.0040533449060278,0.323091688555466,0.4111891192247481,0.1632714399574501,0.193945760695372,True
2026-06-01T19:23:43,3,40,30040,"ARX(2,2)",-181.69499692869283,381.38999385738566,411.7257361105346,True,0,2.72397625695601,0.2752230733140318,0.2682741116035907,0.8572103978390674,0.0063861811050647,0.3200376083827747,0.4167555731644689,0.1638522926553426,0.1888955286784328,True
2026-06-01T18:25:35,4,1,40001,"ARX(2,2)",-181.68883563168453,381.37767126336905,411.713413516518,True,0,2.687725651395014,0.2831598921605525,0.2697400299122213,0.8382832100034776,0.0043752159042022,0.3230894542538108,0.4099232516396475,0.163732722816802,0.1943415929679091,True
2026-06-01T18:27:14,4,2,40002,"ARX(2,2)",-181.6923829277605,381.384765855521,411.72050810867,True,0,2.5925248586155094,0.2896844554290904,0.2747972739736411,0.8285317165388011,0.0075890928960652,0.3351576338710642,0.3958353139492504,0.1644427114531799,0.1892520050376225,True
2026-06-01T18:28:43,4,3,40003,"ARX(2,2)",-181.68842372975385,381.3768474595077,411.7125897126567,True,0,2.664861911908223,0.2817848139094508,0.2711751029657527,0.8409891713715554,0.0040475402147229,0.3230485278795,0.4107543077351064,0.1632610047639748,0.1944429017213663,True
2026-06-01T18:30:20,4,4,40004,"ARX(2,2)",-181.6888370404197,381.3776740808395,411.7134163339885,True,0,2.685805185250582,0.2831963630360593,0.2697943898433567,0.8388509037482199,0.0043563096221281,0.3235925483044271,0.4106465887229964,0.1638116077791021,0.1927103535836457,True
2026-06-01T18:32:04,4,5,40005,"ARX(2,2)",-181.6884238584413,381.3768477168826,411.7125899700316,True,0,2.66630970557368,0.2822321112017128,0.2711094020548969,0.8402518052868526,0.0042832850617078,0.323438963471058,0.4096655873671461,0.1635156343848556,0.1945725054087785,True
2026-06-01T18:33:37,4,6,40006,"ARX(2,2)",-181.68868033897576,381.3773606779515,411.7131029311005,True,0,2.648383461356328,0.2812011989983835,0.2722562915332479,0.841890376173803,0.0040755196390602,0.3234939048651482,0.4110895261443635,0.1630564060637526,0.1938560449397008,True
2026-06-01T18:36:13,4,7,40007,"ARX(2,2)",-181.68843784738385,381.3768756947677,411.7126179479166,True,0,2.6617818758605027,0.2815814544275928,0.2714115809301262,0.8412955026292535,0.0039922193497772,0.3231627742966733,0.4112066470115627,0.1633359156179979,0.1939142967431121,True
2026-06-01T18:37:49,4,8,40008,"ARX(2,2)",-181.688526922918,381.377053845836,411.71279609898494,True,0,2.6568024949221734,0.2808506374497902,0.2717015941620148,0.8424933149097807,0.0040925899883687,0.3232014401123178,0.41053391820005,0.1632897855998687,0.1945130113984649,True
2026-06-01T18:40:07,4,9,40009,"ARX(2,2)",-181.6884309765176,381.3768619530352,411.71260420618415,True,0,2.6639379539284,0.282206097751578,0.271218432803688,0.8405340564118744,0.0039097065572168,0.3232130378224328,0.4105918198267221,0.1632915343072854,0.1943242621357216,True
2026-06-01T18:41:58,4,10,40010,"ARX(2,2)",-181.6885054359376,381.3770108718752,411.71275312502416,True,0,2.671899307642739,0.2823299453455291,0.270690292501107,0.8400261044024309,0.0042230464000874,0.3232672684510571,0.4107458186764312,0.1637867274335792,0.1930955806986528,True
2026-06-01T18:43:06,4,11,40011,"ARX(2,2)",-181.6884317616301,381.3768635232602,411.7126057764092,True,0,2.6686450464768527,0.2826968621727984,0.2709109084184543,0.8392252366029475,0.0042254100390269,0.323248704004848,0.4105586652799616,0.1633306449675972,0.1941074320971737,True
2026-06-01T18:44:43,4,12,40012,"ARX(2,2)",-181.68862790513555,381.3772558102711,411.71299806342006,True,0,2.649722458160166,0.2818741694058835,0.2721857152340188,0.8404324087662565,0.0041330589320163,0.3234177138953484,0.4110117718433592,0.1631384401534046,0.1939285366668747,True
2026-06-01T18:46:12,4,13,40013,"ARX(2,2)",-181.6888477949242,381.3776955898484,411.7134378429973,True,0,2.687248410712895,0.2836050716042512,0.2698097308301999,0.8375925787901534,0.0045955836877003,0.3231532373121921,0.4101346944142456,0.1637635916240719,0.1937800836892143,True
2026-06-01T18:47:41,4,14,40014,"ARX(2,2)",-181.68948585010295,381.378971700206,411.7147139533549,True,0,2.6866766603773904,0.2853564156065142,0.2698770955564063,0.8325765313352244,0.003823413862535,0.3217860138131397,0.4135974831207404,0.1633928348403179,0.1932458721629167,True
2026-06-01T18:48:55,4,15,40015,"ARX(2,2)",-181.6885186478536,381.3770372957071,411.7127795488561,True,0,2.675612903598837,0.2828160586734912,0.2705260386952727,0.8388735162017501,0.0043440003380699,0.3229690078587081,0.4116055042568821,0.1633992394396587,0.1932269851564471,True
2026-06-01T18:50:20,4,16,40016,"ARX(2,2)",-181.68867009597105,381.3773401919421,411.7130824450911,True,0,2.673531424324153,0.2834517066791953,0.2706510517741785,0.8375112095061977,0.0050372813354759,0.3238953112637254,0.4090247411017621,0.1632904969504147,0.1937477286445906,True
2026-06-01T18:52:02,4,17,40017,"ARX(2,2)",-181.6884230678397,381.3768461356794,411.7125883888284,True,0,2.663736868299308,0.2818681109966425,0.271246420799389,0.8407536708420968,0.0039934400532628,0.3232299668032727,0.410293482981707,0.1632600323756336,0.1947814365327075,True
2026-06-01T18:53:24,4,18,40018,"ARX(2,2)",-181.6898404275205,381.379680855041,411.71542310819,True,0,2.70064784371294,0.2851987749293198,0.2688596577948128,0.8358434994142719,0.0048109644615527,0.3237839502777059,0.4076070241887611,0.1649190981087193,0.1934907990983272,True
2026-06-01T18:54:43,4,19,40019,"ARX(2,2)",-181.68842288051655,381.3768457610332,411.7125880141821,True,0,2.662696592650988,0.2823722284493721,0.271329200625838,0.8399039281348977,0.004150738465254,0.3232512570733492,0.4106890213842522,0.1633922051826581,0.1940263233776634,True
2026-06-01T18:56:21,4,20,40020,"ARX(2,2)",-181.6885546278591,381.3771092557182,411.7128515088672,True,0,2.662638468280912,0.2817707799893221,0.2712570370138708,0.8406478092084966,0.0042935569321317,0.3236266318530822,0.406376596970833,0.1636264743206405,0.1975352488758804,True
2026-06-01T18:58:31,4,21,40021,"ARX(2,2)",-181.84483744051656,381.6896748810332,412.0254171341821,True,0,3.3717835979363464,0.2373282589512383,0.2431075019101892,0.9108796477898544,0.0313377364130455,0.3215545367338972,0.4431103842287546,0.1882213147105589,0.1011456273015775,True
2026-06-01T18:59:48,4,22,40022,"ARX(2,2)",-181.68846125230948,381.37692250461896,411.7126647577679,True,0,2.6585301791892184,0.2823597135762011,0.2716024434662549,0.8397282117183013,0.0041467072785306,0.3233266087926225,0.4112046524731941,0.1633160881914477,0.1935161485004381,True
2026-06-01T19:01:36,4,23,40023,"ARX(2,2)",-181.68842036006168,381.3768407201233,411.7125829732723,True,0,2.665929193623429,0.2818413098711489,0.2711385890458692,0.8406956937237848,0.0041528365041006,0.3231852790900862,0.4108619666500975,0.1634065247812309,0.1939601977814063,True
2026-06-01T19:02:52,4,24,40024,"ARX(2,2)",-181.6884343895903,381.3768687791806,411.7126110323296,True,0,2.66210368027172,0.2823973486658963,0.2713731116823644,0.8397095221191984,0.0040964870155313,0.3232603523512275,0.4097629947224835,0.1632914769897224,0.1951604621068432,True
2026-06-01T19:04:44,4,25,40025,"ARX(2,2)",-181.69193127774352,381.38386255548704,411.719604808636,True,0,2.730703524976767,0.2788881665486121,0.267331305676671,0.8471893021551703,0.0024935885692747,0.3212143535175938,0.4064686797695777,0.1642950514958708,0.20141711162247,True
2026-06-01T19:06:41,4,26,40026,"ARX(2,2)",-181.6884178096426,381.3768356192852,411.71257787243417,True,0,2.6657988464761067,0.2824471714342872,0.2711387995776328,0.8395673569712706,0.0041807235739397,0.3231528020380376,0.4106697193933711,0.1633965569465518,0.1941649498434089,True
2026-06-01T19:08:18,4,27,40027,"ARX(2,2)",-181.68859806765175,381.3771961353036,411.7129383884525,True,0,2.6735028581323017,0.2820296673583208,0.2707301689843978,0.8396863694571471,0.0045871607348847,0.3231255099245016,0.4091424685296392,0.1627506605398825,0.1962253191252533,True
2026-06-01T19:09:53,4,28,40028,"ARX(2,2)",-181.68841772864283,381.37683545728567,411.7125777104346,True,0,2.664708496269784,0.2821133376273806,0.2712202545299929,0.8402967155756447,0.0043111559102355,0.3232350173911817,0.4105633577077999,0.1634374982829764,0.1940293277673276,True
2026-06-01T19:11:08,4,29,40029,"ARX(2,2)",-181.6893604500016,381.3787209000032,411.71446315315217,True,0,2.698915490122658,0.2834954451593752,0.2690764525372521,0.837203087998962,0.0046592234891607,0.3230321215233078,0.4098092233295686,0.1639735703399117,0.194094294062168,True
2026-06-01T19:13:00,4,30,40030,"ARX(2,2)",-181.68844144798237,381.3768828959647,411.7126251491137,True,0,2.6642440279281807,0.2827947328031371,0.2711920680487883,0.8388296480015199,0.0040064245323628,0.3231740379635723,0.4102497207446936,0.1633549621010079,0.1947760742539807,True
2026-06-01T19:14:14,4,31,40031,"ARX(2,2)",-181.68843680691612,381.3768736138323,411.71261586698125,True,0,2.662456443094245,0.2820529353817831,0.2713510946167889,0.8406724764951705,0.0040169722382351,0.3232023742623213,0.4118853056382004,0.1632425078991105,0.1931050764432811,True
2026-06-01T19:15:28,4,32,40032,"ARX(2,2)",-181.68862401720455,381.3772480344092,411.7129902875581,True,0,2.650427238340391,0.2814843495084843,0.2720506648589048,0.8416846428773496,0.0038987373185604,0.3233039072249343,0.4108450931676877,0.1631339807322839,0.1942831951497173,True
2026-06-01T19:17:08,4,33,40033,"ARX(2,2)",-181.68846510063477,381.3769302012695,411.71267245441845,True,0,2.666305700470715,0.2825348311467178,0.2710494144588608,0.8393664638415428,0.0044201421522802,0.323659602944678,0.4112387296651637,0.1635933540676766,0.1924583569489652,True
2026-06-01T19:18:48,4,34,40034,"ARX(2,2)",-181.69117848369743,381.38235696739486,411.7180992205438,True,0,2.6977210219130447,0.2877901097003312,0.2688181484296276,0.8303699137242863,0.0066795387013699,0.3256911404699505,0.4016463664735912,0.1643205015801332,0.1953218526130248,True
2026-06-01T19:20:29,4,35,40035,"ARX(2,2)",-181.6884332389147,381.3768664778294,411.7126087309784,True,0,2.667686050257686,0.2817985491087446,0.2709963896610218,0.8408907686300954,0.0040405406919974,0.3231265600560432,0.4102442771514991,0.1633682957032157,0.1949030337869439,True
2026-06-01T19:22:38,4,36,40036,"ARX(2,2)",-181.6884296313101,381.3768592626202,411.7126015157692,True,0,2.668946230344546,0.2822675559806817,0.2709307861879656,0.8399125477625843,0.0042054673766911,0.3231020214964395,0.4109308814233985,0.1632243853234729,0.1941033754043247,True
2026-06-01T19:24:06,4,37,40037,"ARX(2,2)",-181.68902529367523,381.37805058735046,411.7137928404994,True,0,2.69273143040602,0.2824430790689216,0.2694649472215883,0.8400571969562679,0.004218538085273,0.3228597483852418,0.4106683723600811,0.1636281568751972,0.1941387934793426,True
2026-06-01T19:25:33,4,38,40038,"ARX(2,2)",-181.6884965928404,381.3769931856808,411.7127354388297,True,0,2.664834732164401,0.282285088465679,0.2713355580447887,0.840312233433777,0.00460224730678,0.3229310452003479,0.4102549311966102,0.1635938646116657,0.1944274855196915,True
2026-06-01T19:27:54,4,39,40039,"ARX(2,2)",-181.68887675617017,381.3777535123404,411.7134957654893,True,0,2.688948311520203,0.2826620392455983,0.2696598222774174,0.839952855407108,0.0041867474308745,0.3230071727257144,0.4103813103183568,0.1637094499437594,0.1940936013651819,True
2026-06-01T19:29:21,4,40,40040,"ARX(2,2)",-181.68846449347117,381.3769289869423,411.71267124009125,True,0,2.672243691903991,0.2826306449450394,0.2706845065420676,0.8397847363485953,0.0040284879737078,0.3232941644909544,0.4100877913025061,0.1634888687945887,0.1944818010406813,True
2026-06-01T18:22:06,5,1,50001,"ARX(2,2)",-181.68851338445145,381.3770267689029,411.7127690220518,True,0,2.655697529322463,0.2815792157722861,0.2717635311241149,0.8414578655156574,0.0039430611347531,0.323076808614812,0.4105040348881699,0.1631559762148083,0.1949002624934287,True
2026-06-01T18:23:56,5,2,50002,"ARX(2,2)",-181.68848934600248,381.3769786920049,411.7127209451539,True,0,2.6563787786030453,0.2817401735057588,0.2717332420785199,0.8408130065277234,0.003991309460367,0.3232630421131228,0.4107607860419594,0.1632850721810484,0.1942877257425792,True
2026-06-01T18:25:34,5,3,50003,"ARX(2,2)",-181.6894295815301,381.3788591630602,411.7146014162092,True,0,2.699887090153997,0.2836106717045812,0.2689841234958552,0.83702703768128,0.0043517178737836,0.322416505409373,0.4108548233949703,0.1637927010488226,0.1943432555025509,True
2026-06-01T18:27:08,5,4,50004,"ARX(2,2)",-181.69238887704412,381.3847777540883,411.72052000723727,True,0,2.593306235249804,0.2891477185219164,0.2747854113637948,0.8293133296818613,0.0074974117449865,0.3350571404630197,0.395484833919442,0.1644222442979379,0.1899490366507533,True
2026-06-01T18:28:20,5,5,50005,"ARX(2,2)",-181.6885739136361,381.3771478272722,411.7128900804212,True,0,2.678811718208264,0.2827810977142819,0.2702975691984003,0.8394883041744329,0.0042460045480843,0.3232400524227983,0.4099617533994587,0.1636469707537774,0.1942587224810167,True
2026-06-01T18:30:04,5,6,50006,"ARX(2,2)",-181.68844950855143,381.3768990171029,411.7126412702519,True,0,2.659550558388682,0.2821392091865908,0.2715163229982436,0.840379839055224,0.0040883957189317,0.3232649664928678,0.4115261898804728,0.1631477941252588,0.1935047829259331,True
2026-06-01T18:31:40,5,7,50007,"ARX(2,2)",-181.68844094282105,381.3768818856421,411.7126241387911,True,0,2.6600059234517697,0.2820107407874487,0.2715080941103759,0.8403412121103847,0.0042449776941733,0.3232223529654229,0.4108800152236631,0.1631939504223001,0.1940752642856008,True
2026-06-01T18:33:29,5,8,50008,"ARX(2,2)",-181.69242152042972,381.3848430408595,411.72058529400846,True,0,2.741527486329776,0.2810142826745149,0.2667257982893798,0.8423970605158162,0.0025977853968547,0.320837110476909,0.4115262146784515,0.1635242329251174,0.1976690154787036,True
2026-06-01T18:35:11,5,9,50009,"ARX(2,2)",-181.68848287511452,381.3769657502291,411.71270800337805,True,0,2.6576045532163106,0.2816369153401558,0.2716508376600356,0.8415518760044255,0.004069654865659,0.3233662841135121,0.411577600563183,0.1632489857510966,0.1931990670513977,True
2026-06-01T18:36:44,5,10,50010,"ARX(2,2)",-181.6884393707998,381.3768787415996,411.7126209947486,True,0,2.662184693500787,0.2823579139053384,0.2713841112141815,0.8397677374804718,0.0040378342463933,0.3232347975299846,0.4095936012551426,0.1633549718765411,0.1953116124866668,True
2026-06-01T18:37:57,5,11,50011,"ARX(2,2)",-181.6884274145504,381.3768548291008,411.7125970822498,True,0,2.662718462157488,0.2819646606066698,0.2713355530151375,0.8405111470293449,0.0041647202201672,0.3231588213361403,0.4112104913335226,0.1634366907879515,0.1935337154816552,True
2026-06-01T18:39:04,5,12,50012,"ARX(2,2)",-181.6884893393143,381.3769786786286,411.7127209317776,True,0,2.670117586469834,0.2827674415958464,0.2707918062816127,0.8400367045528929,0.0038097571641783,0.3233667839842171,0.4112785630371204,0.1634211542059983,0.1932936338118276,True
2026-06-01T18:40:46,5,13,50013,"ARX(2,2)",-181.68844866346475,381.3768973269295,411.7126395800784,True,0,2.669100660772758,0.2824985400489789,0.2709332608839953,0.8395022371872566,0.0042703340434145,0.3234868090646304,0.4098981819081001,0.1636886881623621,0.1942158666195115,True
2026-06-01T18:42:00,5,14,50014,"ARX(2,2)",-181.6886399317613,381.3772798635225,411.7130221166715,True,0,2.678340842184668,0.2826231685595613,0.2703674178147959,0.8398510982999662,0.0047093130737911,0.3234766838053564,0.4116399456604717,0.163736234759477,0.1918196760286392,True
2026-06-01T18:43:52,5,15,50015,"ARX(2,2)",-181.6884895913654,381.3769791827308,411.71272143587976,True,0,2.661574332545825,0.2807619984627316,0.2714272318722248,0.8430317662201158,0.0040624821058879,0.3231955333977423,0.4109402970507899,0.1632288530013459,0.1941770847535799,True
2026-06-01T18:45:11,5,16,50016,"ARX(2,2)",-181.6890281806658,381.3780563613316,411.7137986144805,True,0,2.640492624332714,0.280544414569999,0.2727981824705537,0.8429902019021617,0.0039508785552839,0.3234214423643637,0.4093259859698648,0.1632334958419679,0.1957358655688535,True
2026-06-01T18:46:39,5,17,50017,"ARX(2,2)",-181.6923850345647,381.3847700691293,411.7205123222783,True,0,2.591782431559368,0.2893431917572231,0.2748795230091654,0.8290746895125115,0.0076787259061771,0.3351141825365178,0.3960595182222056,0.1643220682273618,0.1891696881539358,True
2026-06-01T18:48:11,5,18,50018,"ARX(2,2)",-181.6884638056593,381.3769276113186,411.7126698644676,True,0,2.66040763083132,0.2817105144608264,0.2714577307898416,0.8414275797700017,0.004025912410429,0.3233360323519114,0.4120705578671785,0.1633079417099614,0.1926916876846927,True
2026-06-01T18:49:35,5,19,50019,"ARX(2,2)",-181.69171897565312,381.38343795130623,411.7191802044552,True,0,2.715187278822364,0.2860435649696146,0.2681229980148825,0.8304715714580685,0.0075544588775185,0.3230324941390112,0.4038796902158043,0.1630788395037511,0.1982989275856108,True
2026-06-01T18:51:09,5,20,50020,"ARX(2,2)",-181.6887064813923,381.3774129627846,411.7131552159336,True,0,2.649339092106118,0.2820207433528638,0.2722071299917512,0.8403075135802085,0.0045270289218216,0.3234980066563035,0.4136238561407906,0.1629683694118751,0.1908972530368154,True
2026-06-01T18:53:14,5,21,50021,"ARX(2,2)",-181.68844035604667,381.3768807120933,411.7126229652423,True,0,2.668506103095185,0.2823403108119462,0.2709076330944054,0.8402088467530998,0.0041509048853327,0.3232680435271765,0.4095775152020262,0.163264458759587,0.195153380559932,True
2026-06-01T18:55:02,5,22,50022,"ARX(2,2)",-181.68868772452936,381.3773754490587,411.7131177022077,True,0,2.6824454564033533,0.281945961345964,0.2701619310336062,0.841211991553019,0.0042319300384551,0.3231468852097974,0.4108120414601782,0.1635433905916393,0.1937498516614808,True
2026-06-01T18:56:31,5,23,50023,"ARX(2,2)",-181.6909576196515,381.381915239303,411.717657492452,True,0,2.719587552061184,0.284642484599044,0.2676976215277619,0.8359066922683118,0.004164748868614,0.323019469659391,0.4045581746693352,0.1645402796077397,0.1990172909955892,True
2026-06-01T18:57:41,5,24,50024,"ARX(2,2)",-181.6887830369268,381.3775660738536,411.71330832700255,True,0,2.685872909008433,0.2833358159448585,0.269873816120966,0.8379455974532124,0.0044159280523368,0.3230932961984487,0.4105489797610891,0.1634984717531983,0.1939811104734309,True
2026-06-01T18:59:23,5,25,50025,"ARX(2,2)",-181.6887518780593,381.3775037561185,411.7132460092675,True,0,2.6663866487122343,0.2844591982758646,0.271089982927941,0.8373727980208997,0.0041245446770797,0.3241031194109022,0.4061040893994168,0.1636950933861062,0.1968671687202329,True
2026-06-01T19:01:10,5,26,50026,"ARX(2,2)",-181.6884267071805,381.376853414361,411.71259566751,True,0,2.6628140293224543,0.2818987343337396,0.2713309629354327,0.8408673006402407,0.0041231866535841,0.3233760619144643,0.4098284029994837,0.1634147795853341,0.1947726897957482,True
2026-06-01T19:03:07,5,27,50027,"ARX(2,2)",-181.68860974383895,381.377219487678,411.7129617408269,True,0,2.650840144017799,0.2823949589832207,0.2720868710964892,0.8393385586086601,0.0041902769069524,0.3234739321270541,0.4102195705080329,0.1632120534158243,0.1944883471686113,True
2026-06-01T19:04:45,5,28,50028,"ARX(2,2)",-181.6884239508169,381.3768479016339,411.7125901547829,True,0,2.6683247157693435,0.2823692252413836,0.2709865178581269,0.8399984906606023,0.0041072542795248,0.3232340743184319,0.4104839293557928,0.1634641247624694,0.1942061588525696,True
2026-06-01T19:06:10,5,29,50029,"ARX(2,2)",-181.68849523348877,381.3769904669775,411.7127327201264,True,0,2.6595837696060207,0.2822285307881464,0.2715124983825819,0.840008596277181,0.00416565051863,0.3236473835941592,0.4078396752445173,0.1633955717535991,0.1963481448210471,True
2026-06-01T19:08:05,5,30,50030,"ARX(2,2)",-181.6889007168629,381.3778014337257,411.7135436868747,True,0,2.6875632293771803,0.2839044783235804,0.2696442670529368,0.8372064747559642,0.0041181462485972,0.3233251486400731,0.4095319708509918,0.1636550953824035,0.1947420816599407,True
2026-06-01T19:10:00,5,31,50031,"ARX(2,2)",-181.68847604406147,381.37695208812295,411.7126943412719,True,0,2.6732382885749946,0.2821990084747913,0.2706554234753107,0.8406103939694578,0.0042370952832604,0.3232397843800863,0.409897395740268,0.1634675538293327,0.194532672730045,True
2026-06-01T19:11:51,5,32,50032,"ARX(2,2)",-181.68847218766155,381.3769443753231,411.71268662847206,True,0,2.6577551873573557,0.2825003784269888,0.2716579135369162,0.8393918038099837,0.0043379741405214,0.3234502008557649,0.4101921581899993,0.1632899666247916,0.1942643522576647,True
2026-06-01T19:13:46,5,33,50033,"ARX(2,2)",-181.6884831891032,381.3769663782064,411.7127086313553,True,0,2.657270318566024,0.2820624620829881,0.2716660697433585,0.8400829048890729,0.0043467467753851,0.3235207198809383,0.4110086067468561,0.1631565396122073,0.1934376361107888,True
2026-06-01T19:15:04,5,34,50034,"ARX(2,2)",-181.68847887556063,381.37695775112127,411.71270000427023,True,0,2.6723044750925804,0.2827623564052763,0.2707104722703269,0.8389583168121716,0.0046006862020689,0.3234693241766162,0.4092931675124528,0.1634478273122485,0.1946974448690491,True
2026-06-01T19:16:41,5,35,50035,"ARX(2,2)",-181.688436644849,381.376873289698,411.71261554284695,True,0,2.6632082285749896,0.2827508864054955,0.2712774133180939,0.839238538685386,0.004406279327431,0.3233130536191681,0.4112321187384902,0.163321104371793,0.193178863708607,True
2026-06-01T19:18:33,5,36,50036,"ARX(2,2)",-181.6887707322903,381.3775414645805,411.7132837177295,True,0,2.6799917296798994,0.2846324157197805,0.2701653349966185,0.8354045420829254,0.0044739817142829,0.3235396936614611,0.4082170668874282,0.1636286190555977,0.195572990118313,True
2026-06-01T19:19:51,5,37,50037,"ARX(2,2)",-181.688631420711,381.377262841422,411.713005094571,True,0,2.650996106079897,0.2809284600453047,0.2721149626179757,0.8424449760227587,0.0040003763952499,0.3231407607800027,0.4107958595808705,0.1631161698438672,0.1945423818178862,True
2026-06-01T19:21:08,5,38,50038,"ARX(2,2)",-181.68918964149464,381.3783792829893,411.71412153613824,True,0,2.6938206055112914,0.2820856182745977,0.2693307375859992,0.8404828843257328,0.0036112234834035,0.3222834987296282,0.4082002846479753,0.1639692630446292,0.1973777961158947,True
2026-06-01T19:23:02,5,39,50039,"ARX(2,2)",-181.6885427094285,381.377085418857,411.712827672006,True,0,2.676667531232652,0.2829687729595974,0.2704510910800584,0.83846549054034,0.0041628025809573,0.3232555483687281,0.409879546092985,0.1635727143391361,0.1947316470313069,True
2026-06-01T19:25:03,5,40,50040,"ARX(2,2)",-181.69239285792057,381.38478571584113,411.7205279689901,True,0,2.5932512626351065,0.2891617246538275,0.2747889565588397,0.8294995394407252,0.0074731932506658,0.3350805974467474,0.3964964275816194,0.1643492807369443,0.1890204207922941,True
2026-06-01T18:24:55,6,1,60001,"ARX(2,2)",-181.68843089184816,381.3768617836964,411.7126040368453,True,0,2.666725935159208,0.2824601530602311,0.2710393334478751,0.8394340160113413,0.004396954381722,0.3234931138538446,0.4095231802206656,0.1633630313494888,0.1946880126501094,True
2026-06-01T18:26:31,6,2,60002,"ARX(2,2)",-181.68894509910515,381.3778901982103,411.7136324513592,True,0,2.6427008197392143,0.2812609439098515,0.2726157620062914,0.8419750741283667,0.0040758714910146,0.3231459860934081,0.4143028815964296,0.1629274728972239,0.191011977250109,True
2026-06-01T18:27:39,6,3,60003,"ARX(2,2)",-181.6886917354915,381.377383470983,411.713125724132,True,0,2.678226158384992,0.2836746227870175,0.2703397174368197,0.836794697340752,0.0039838596060191,0.3235831651484023,0.4108321198460536,0.1634247283827655,0.1937789365211444,True
2026-06-01T18:28:52,6,4,60004,"ARX(2,2)",-181.68846214784048,381.37692429568096,411.71266654882993,True,0,2.6710646317384104,0.2818345000952865,0.270826198046504,0.8406338771249731,0.0042410596343586,0.3228252541719437,0.411817765856167,0.1634138142867805,0.1933886603703414,True
2026-06-01T18:30:18,6,5,60005,"ARX(2,2)",-181.68843865434417,381.37687730868834,411.7126195618373,True,0,2.668367867710394,0.2825440917168771,0.2709654792607253,0.8401059458254512,0.003933481273337,0.3231100574463302,0.410587388395058,0.1634777154178894,0.1943074722477436,True
2026-06-01T18:32:00,6,6,60006,"ARX(2,2)",-181.68847098621185,381.3769419724237,411.7126842255726,True,0,2.67141570721864,0.2818486321409276,0.2707811229350351,0.841248311102886,0.0043160588274491,0.3233450163499118,0.4108060476226534,0.1633388227388746,0.1936086461032186,True
2026-06-01T18:34:08,6,7,60007,"ARX(2,2)",-181.6884307630476,381.3768615260951,411.7126037792441,True,0,2.662629768580965,0.2823827002589364,0.2713289185287045,0.8397434266612303,0.0043333385744914,0.3233679366484843,0.4096660039245819,0.1632541179784829,0.1949049732894416,True
2026-06-01T18:35:44,6,8,60008,"ARX(2,2)",-181.68844512815463,381.37689025630925,411.7126325094582,True,0,2.665867637207697,0.2821995125488282,0.2712622094287617,0.8401038766360243,0.0043410954453113,0.3230240643113755,0.4110564416870005,0.1634411849027729,0.1937564671709297,True
2026-06-01T18:38:02,6,9,60009,"ARX(2,2)",-181.6902418577848,381.3804837155696,411.7162259687185,True,0,2.6949586890871644,0.282436001505904,0.2696127544067455,0.8370531217120023,0.0066450293955579,0.3210320565674186,0.4080642712810539,0.1638826571108037,0.1966938893482879,True
2026-06-01T18:39:11,6,10,60010,"ARX(2,2)",-181.68880043487104,381.3776008697421,411.7133431228911,True,0,2.64522186492168,0.2814029825093279,0.2724448653680717,0.8407130873584502,0.004408853848957,0.3234424447570023,0.4117149538649569,0.162970610432051,0.1932569740703524,True
2026-06-01T18:40:49,6,11,60011,"ARX(2,2)",-181.6884191901519,381.3768383803038,411.7125806334528,True,0,2.6666556541597526,0.2822999509917459,0.2710424124079519,0.8400463102105896,0.0041392388062907,0.3232674571225298,0.4101684002319797,0.1633121227291943,0.1946040830937582,True
2026-06-01T18:42:21,6,12,60012,"ARX(2,2)",-181.68858869445228,381.37717738890456,411.7129196420535,True,0,2.654798108623201,0.28122720874078,0.2718591388024889,0.8425104275912151,0.0037259808098911,0.3231777637503725,0.4123731363468157,0.1631720503270819,0.1928110382560158,True
2026-06-01T18:44:01,6,13,60013,"ARX(2,2)",-181.68845674979443,381.37691349958885,411.7126557527378,True,0,2.6596124056224344,0.2816223230542114,0.2715369681964318,0.841408637410197,0.0039706089643158,0.323327797871025,0.4102541723471758,0.1631401917256752,0.1948205420445027,True
2026-06-01T18:45:27,6,14,60014,"ARX(2,2)",-181.69046050458783,381.3809210091757,411.7166632623247,True,0,2.7089354038865228,0.281314878472782,0.2684905064716491,0.841484341685968,0.0049376119972599,0.3221043920214424,0.4177952099796981,0.163160206978036,0.1876140996562985,True
2026-06-01T18:47:13,6,15,60015,"ARX(2,2)",-181.6887569316795,381.377513863359,411.713256116508,True,0,2.6457538443759887,0.2813442915419606,0.2724323036523554,0.8415395349487326,0.0040438464108433,0.3233410410735708,0.4114927063837587,0.163010535047931,0.1937760144703688,True
2026-06-01T18:48:46,6,16,60016,"ARX(2,2)",-181.68846886996164,381.3769377399233,411.7126799930722,True,0,2.660293959232609,0.2818619475410535,0.2715374801394916,0.8400957859315353,0.0046475268628396,0.3231716017932349,0.4109414512905039,0.1634225729771573,0.1935561697181605,True
2026-06-01T18:50:24,6,17,60017,"ARX(2,2)",-181.6885036857668,381.3770073715335,411.7127496246825,True,0,2.657431926950153,0.2828479078617611,0.2716992241226318,0.8391786747308022,0.0043674843265047,0.3234465542341416,0.4102875340137156,0.1635332019292169,0.1937670069551799,True
2026-06-01T18:52:03,6,18,60018,"ARX(2,2)",-181.6923900531124,381.3847801062248,411.7205223593737,True,0,2.5957644291834225,0.2895667940051564,0.2746025268004812,0.8287638413782622,0.0074624283277454,0.3350218441181966,0.3951796804697154,0.1644849560412158,0.1901904115180535,True
2026-06-01T18:53:43,6,19,60019,"ARX(2,2)",-181.68871097181795,381.3774219436359,411.7131641967849,True,0,2.64696765900468,0.2820987023390389,0.2723280962687091,0.8401443110514064,0.0040455046250462,0.3235169940270309,0.4107634338586683,0.1630939206751247,0.1941464658135651,True
2026-06-01T18:54:52,6,20,60020,"ARX(2,2)",-181.6884818718352,381.37696374367033,411.7127059968193,True,0,2.6742966762099862,0.2824578870232416,0.2705903599865003,0.8396927459234929,0.0042342149952802,0.3231568636127383,0.4107052884808053,0.163524494902932,0.1938840028073487,True
2026-06-01T18:56:34,6,21,60021,"ARX(2,2)",-181.6924090947872,381.3848181895744,411.72056044272335,True,0,2.5892348707767594,0.2895785319410446,0.2750319053143026,0.8284912616984298,0.0078420728583166,0.3354678145785575,0.3958445245559535,0.1642678201312991,0.1890065194028586,True
2026-06-01T18:57:49,6,22,60022,"ARX(2,2)",-181.68860405397288,381.37720810794576,411.7129503610947,True,0,2.6530155795174304,0.2809474858818507,0.2718858391386939,0.8428589174987021,0.0036013028473411,0.3231042216403458,0.4104581568407877,0.1632401816881508,0.1950276749718349,True
2026-06-01T18:59:26,6,23,60023,"ARX(2,2)",-181.6886778193695,381.377355638739,411.713097891888,True,0,2.6544035970316497,0.2835237565025191,0.2718341556360024,0.8367501409320021,0.004586987861071,0.3232957654397072,0.4127788302671045,0.1624821722041221,0.1926818131914076,True
2026-06-01T19:01:03,6,24,60024,"ARX(2,2)",-181.68843482240567,381.37686964481145,411.7126118979604,True,0,2.6615425694535717,0.2825693390922016,0.2714267583742754,0.8394014904265273,0.0042800138727238,0.3233062513306581,0.4104913162691705,0.163379048899419,0.1941082763711974,True
2026-06-01T19:02:28,6,25,60025,"ARX(2,2)",-181.688439465622,381.376878931244,411.7126211843929,True,0,2.6606113812344767,0.2819906939782861,0.2714784361198361,0.8405795099242016,0.0041784650769399,0.3234223872501195,0.410357562990903,0.1631457175444348,0.1944268043238496,True
2026-06-01T19:04:22,6,26,60026,"ARX(2,2)",-181.68893900695804,381.3778780139161,411.713620267065,True,0,2.641855390475002,0.2821461215518309,0.2727023571233726,0.8392037236821535,0.0046110065309927,0.3238031945587487,0.4112859243089101,0.1631386859523042,0.1928603112164068,True
2026-06-01T19:07:25,6,27,60027,"ARX(2,2)",-181.68863760956265,381.3772752191253,411.7130174722743,True,0,2.6689117189883325,0.2836618418364288,0.2709158983226514,0.8376294862002168,0.0041780171449555,0.3224876621649423,0.4142158828396755,0.1627185726877327,0.1919487810831624,True
2026-06-01T19:09:21,6,28,60028,"ARX(2,2)",-181.6884473983741,381.3768947967482,411.7126370498972,True,0,2.661835092110065,0.2825052118744318,0.2713402786422629,0.8393268721815278,0.0041434673912026,0.3232255454651182,0.4111208656193046,0.163156756201239,0.1940567805698698,True
2026-06-01T19:11:03,6,29,60029,"ARX(2,2)",-181.6884519929033,381.3769039858067,411.7126462389557,True,0,2.6619521954370136,0.2816848157684379,0.2714136246929459,0.8409633333803879,0.0042222286986522,0.3233615248137935,0.4110340697397828,0.1629297909705979,0.1941351343932885,True
2026-06-01T19:12:34,6,30,60030,"ARX(2,2)",-181.69243433177277,381.3848686635455,411.72061091669445,True,0,2.5991494549425767,0.2898394614014672,0.2744095516807763,0.8280494262736019,0.0075202336579398,0.3344094716410308,0.3972546628424232,0.1642605500332981,0.1890091639745698,True
2026-06-01T19:13:57,6,31,60031,"ARX(2,2)",-181.68844664715127,381.37689329430265,411.7126355474516,True,0,2.65962522822259,0.2821333449285526,0.2715508590970337,0.8401888443189147,0.0041927943586529,0.3233234463870203,0.4107399499221643,0.1631026736118989,0.1942234398522357,True
2026-06-01T19:15:47,6,32,60032,"ARX(2,2)",-181.6888754161272,381.3777508322544,411.7134930854034,True,0,2.679248761362905,0.2804174869024671,0.2705229047990601,0.8440301848037935,0.0039219154771783,0.3227893065899755,0.4141202409532893,0.1631065978724564,0.1918469500793401,True
2026-06-01T19:17:12,6,33,60033,"ARX(2,2)",-181.6885203453256,381.3770406906512,411.7127829438001,True,0,2.674500075488428,0.2826140340385834,0.2706219271545736,0.8393864936445017,0.0043321906390661,0.3228470636475707,0.4117142508020232,0.1630242120150812,0.1938246427154188,True
2026-06-01T19:18:35,6,34,60034,"ARX(2,2)",-181.6884244406257,381.3768488812515,411.7125911344005,True,0,2.6665666533391463,0.2817516181461336,0.271087082565205,0.8408618455331011,0.0042229408256246,0.3232327136058373,0.4106027404233804,0.163412335784598,0.1940744206677289,True
2026-06-01T19:20:28,6,35,60035,"ARX(2,2)",-181.69053133501475,381.3810626700295,411.7168049231784,True,0,2.6864628488015008,0.2805375021781575,0.2696012716059999,0.8503804034369071,0.0012643845046106,0.3238048219061268,0.4046647781786364,0.1639720267103143,0.2000666909267784,True
2026-06-01T19:22:05,6,36,60036,"ARX(2,2)",-181.68893148950357,381.3778629790071,411.71360523215606,True,0,2.6502561809551164,0.2817216391212495,0.2720385527141929,0.8424431519580606,0.0045566103248126,0.3249644363246004,0.4071334032586379,0.1632536913663254,0.1951082367206673,True
2026-06-01T19:23:44,6,37,60037,"ARX(2,2)",-181.69243176929297,381.38486353858593,411.7206057917349,True,0,2.6006759022671364,0.289257841227214,0.2742814520903985,0.8295374525195633,0.0075384111343542,0.3347976920335702,0.3962139050453059,0.1644936742340617,0.1892786131254029,True
2026-06-01T19:25:39,6,38,60038,"ARX(2,2)",-181.68842289232867,381.37684578465735,411.7125880378063,True,0,2.667607619487093,0.2818963639044705,0.2710272736089489,0.8406271691414087,0.004235329813932,0.3231184994052709,0.4105713328008882,0.1633759199733025,0.1942890985915485,True
2026-06-01T19:27:29,6,39,60039,"ARX(2,2)",-181.68853054803915,381.3770610960783,411.7128033492272,True,0,2.664609735657744,0.2836020854420697,0.2711474097124165,0.8373181377347422,0.0044296197065389,0.323451876266149,0.4126008879748564,0.163447872015214,0.1914623361191867,True
2026-06-01T19:28:43,6,40,60040,"ARX(2,2)",-181.6884487783437,381.3768975566875,411.7126398098365,True,0,2.65916442246537,0.2819058427730846,0.2715511374402313,0.8405493482166728,0.0041912063421078,0.3232949366817482,0.4108636197083886,0.1632762722796358,0.1939497286788849,True
2026-06-01T18:26:19,7,1,70001,"ARX(2,2)",-181.6886010657059,381.3772021314118,411.7129443845608,True,0,2.67893618009476,0.2827017576932157,0.2703061248385549,0.8396403574638417,0.0037675825587842,0.3229609002681283,0.409506150204988,0.1637049259258415,0.1954190779964313,True
2026-06-01T18:28:47,7,2,70002,"ARX(2,2)",-181.68872292065248,381.37744584130496,411.7131880944539,True,0,2.6843088469951195,0.2823186516887152,0.2699535443594549,0.8399787369423506,0.0040857480223737,0.3228577142760872,0.4116521208551095,0.1634671531572433,0.193475978899185,True
2026-06-01T18:30:27,7,3,70003,"ARX(2,2)",-181.6884422776958,381.3768845553916,411.71262680854056,True,0,2.6606052282755166,0.2818272435799864,0.2714675592219424,0.8408064023695545,0.0040551604755605,0.3230723485646123,0.4105678581325119,0.1633178940754864,0.1946298805325161,True
2026-06-01T18:32:14,7,4,70004,"ARX(2,2)",-181.6884673957308,381.3769347914616,411.7126770446106,True,0,2.672326884693724,0.2828078426899716,0.2706645354072501,0.8389920375140406,0.0043357138704697,0.3232253466788161,0.4102302754938298,0.1633783797376045,0.1943027361183456,True
2026-06-01T18:33:32,7,5,70005,"ARX(2,2)",-181.68847216562625,381.3769443312525,411.7126865844014,True,0,2.661287400576634,0.2823387290885746,0.2713673243623623,0.8398949271916917,0.0043399672178281,0.3232956842419771,0.4089276852319237,0.1636215663462536,0.1951113106249422,True
2026-06-01T18:35:25,7,6,70006,"ARX(2,2)",-181.689248542199,381.378497084398,411.714239337547,True,0,2.696984844204244,0.2833181614974014,0.2691653730801683,0.8384256774682349,0.0041256368290814,0.3225975223279253,0.4113092096889276,0.1636702211260318,0.1938254405213914,True
2026-06-01T18:36:49,7,7,70007,"ARX(2,2)",-181.6899823277531,381.3799646555062,411.7157069086552,True,0,2.694635375064159,0.2851912135151396,0.2695091317390881,0.8363534229033817,0.0054321607512988,0.3245238537978751,0.4108968155548703,0.1624346621065611,0.1919675413731855,True
2026-06-01T18:39:02,7,8,70008,"ARX(2,2)",-181.68855894228668,381.37711788457335,411.7128601377223,True,0,2.6616676769998024,0.2838417777780259,0.2712947180215219,0.8363230458404464,0.0046343827910917,0.3233733815956753,0.4114446828180821,0.1630464566038854,0.1929013158361456,True
2026-06-01T18:40:58,7,9,70009,"ARX(2,2)",-181.68877855647548,381.37755711295097,411.71329936609993,True,0,2.64634888668391,0.2807798401478097,0.2723355327398588,0.8425064041360252,0.0040036737568721,0.3233046846172545,0.4105905757749745,0.1629981940419635,0.1947876184711114,True
2026-06-01T18:42:34,7,10,70010,"ARX(2,2)",-181.6893828510412,381.3787657020824,411.71450795523134,True,0,2.6684562564036822,0.2850909527075401,0.2710520384561608,0.8342367561529836,0.0060388053049647,0.3247786387256256,0.4007975111191872,0.1643067929400103,0.1990848414446278,True
2026-06-01T18:44:37,7,11,70011,"ARX(2,2)",-181.688464419804,381.376928839608,411.712671092757,True,0,2.6725607284133366,0.2826170023986713,0.2706986703214732,0.8391766580856698,0.0043100618436823,0.3232614917089231,0.4097656439080698,0.1634626715020562,0.1947088532293576,True
2026-06-01T18:46:24,7,12,70012,"ARX(2,2)",-181.688517930737,381.377035861474,411.71277811462295,True,0,2.6735488104537186,0.2832968738891179,0.2706931505735025,0.8384645561759875,0.0043102102759433,0.3231618093311484,0.4107710082426042,0.1636758628869106,0.1935865157093247,True
2026-06-01T18:48:00,7,13,70013,"ARX(2,2)",-181.68877244441396,381.3775448888279,411.7132871419768,True,0,2.6486491748593863,0.282493334156862,0.2723643929216056,0.8391446643697481,0.0048120398306485,0.3237939815409766,0.4086245363237969,0.1636606505873578,0.1945322626021473,True
2026-06-01T18:49:15,7,14,70014,"ARX(2,2)",-181.6884636727838,381.3769273455676,411.71266959871656,True,0,2.6697583816698667,0.2822030720698922,0.2708727929612119,0.8399927400899431,0.0043964744190393,0.3235199542682878,0.4087514388746137,0.1632728360230019,0.1956227759262915,True
2026-06-01T18:50:54,7,15,70015,"ARX(2,2)",-181.68926220661103,381.3785244132221,411.7142666663711,True,0,2.6960108526327784,0.28398310908043,0.2691728445068558,0.8375152067169719,0.0039276122215598,0.3231903008818351,0.4086649319702131,0.1637674236634792,0.1957869735857414,True
2026-06-01T18:52:30,7,16,70016,"ARX(2,2)",-181.68852708684048,381.37705417368096,411.7127964268299,True,0,2.675712550689512,0.2825332562115484,0.2704678316618988,0.8395784314595275,0.0039770489086843,0.3231480466122528,0.4111189506738164,0.1637471557779682,0.1934282788984923,True
2026-06-01T18:54:04,7,17,70017,"ARX(2,2)",-181.6885196740018,381.3770393480036,411.7127816011526,True,0,2.654499281092961,0.2819541555896795,0.2718554936198156,0.8403548811999204,0.0042096006396487,0.3232992168899954,0.4114164277947439,0.1631163268094591,0.1936039805897463,True
2026-06-01T18:55:33,7,18,70018,"ARX(2,2)",-181.69114261763724,381.3822852352745,411.7180274884234,True,0,2.6884260785090546,0.2799942954189754,0.2701605401549047,0.8440348848736329,0.0004303236707886,0.3204406005788316,0.4138335195844745,0.1620343733636405,0.1997953624545402,True
2026-06-01T18:57:42,7,19,70019,"ARX(2,2)",-181.68854421184108,381.37708842368215,411.7128306768311,True,0,2.654362840267397,0.2812698745046661,0.271842554898761,0.841985515543586,0.0039530698604493,0.3231331425572883,0.4111652827800067,0.1632805826431709,0.1939229300741495,True
2026-06-01T18:59:26,7,20,70020,"ARX(2,2)",-181.6889886109236,381.3779772218472,411.7137194749962,True,0,2.684698799849799,0.2846406570921631,0.2698531636175494,0.8341465596063665,0.0046482047372694,0.3232812880668375,0.4079197619447041,0.163355661383331,0.1965134988531248,True
2026-06-01T19:01:18,7,21,70021,"ARX(2,2)",-181.68841919438583,381.3768383887717,411.7125806419207,True,0,2.6653746788009856,0.2825886924593813,0.2711596305078844,0.8394644164449657,0.0042616072751064,0.3232895183177706,0.4105521474654006,0.1633078179146799,0.1941074255274562,True
2026-06-01T19:03:03,7,22,70022,"ARX(2,2)",-181.6885744430228,381.3771488860456,411.7128911391946,True,0,2.652175647544118,0.2815534532721908,0.2720043378436678,0.841657363995884,0.0040599117983054,0.3233328622781611,0.4112663563034009,0.1632138686592966,0.1935992281784968,True
2026-06-01T19:04:58,7,23,70023,"ARX(2,2)",-181.6884521711672,381.3769043423344,411.7126465954833,True,0,2.659777270494443,0.2826007368854283,0.2715047891686302,0.8393958786244605,0.004307655162418,0.3235025556435352,0.4099710931909086,0.1633177665984981,0.1943439905538457,True
2026-06-01T19:06:14,7,24,70024,"ARX(2,2)",-181.6900992608075,381.380198521615,411.715940774764,True,0,2.703776619963634,0.284757583165845,0.2688721737726339,0.8367398373078268,0.0054835342432144,0.3220434041195064,0.4133481254992299,0.1643288274317198,0.1903282266672353,True
2026-06-01T19:07:32,7,25,70025,"ARX(2,2)",-181.6886198595003,381.3772397190006,411.7129819721496,True,0,2.669672246010508,0.283593940300555,0.2709232112610013,0.8366927367582273,0.0048829217485965,0.322894635325553,0.4144342219486583,0.1633983143933821,0.1901491098972229,True
2026-06-01T19:09:40,7,26,70026,"ARX(2,2)",-181.68859709875417,381.3771941975084,411.7129364506573,True,0,2.6529953675656635,0.2814036480695519,0.2719704675927332,0.8418015786177645,0.0038589518955417,0.3234894954929039,0.4086697940854326,0.1631087556980308,0.196449931282081,True
2026-06-01T19:11:24,7,27,70027,"ARX(2,2)",-181.6924306368714,381.3848612737428,411.72060352689175,True,0,2.742047883478586,0.280999056448316,0.2667445932661633,0.8424715308347829,0.0033228425740648,0.3210032573770482,0.4121057354482086,0.1636293797041075,0.195904383453722,True
2026-06-01T19:13:22,7,28,70028,"ARX(2,2)",-181.68908088266065,381.3781617653213,411.7139040184702,True,0,2.673992187912849,0.2839087734075477,0.2707037379935991,0.8375952998598306,0.0047697188382634,0.3220197440921536,0.4073851306666921,0.1628764717140694,0.1984370370665294,True
2026-06-01T19:14:45,7,29,70029,"ARX(2,2)",-181.68856326599573,381.3771265319915,411.7128687851405,True,0,2.6779475929054604,0.2819989537322745,0.270373602393705,0.8408228660849376,0.0039350177339162,0.3230028835385635,0.410009617819504,0.1633654324962536,0.1953458824863867,True
2026-06-01T19:16:17,7,30,70030,"ARX(2,2)",-181.68850523997864,381.3770104799573,411.71275273310624,True,0,2.6628019435613712,0.2833737706242563,0.2712259146680634,0.838114384489254,0.0040044431338452,0.3236659095088882,0.4096553445903893,0.1630550710552953,0.1950212811032841,True
2026-06-01T19:18:07,7,31,70031,"ARX(2,2)",-181.68853690455109,381.37707380910217,411.7128160622512,True,0,2.653514218878846,0.2819848901800492,0.2719330020635356,0.8405116022674511,0.0041917845677798,0.3234075156540543,0.4103101972355202,0.1632465373713034,0.1943534861637697,True
2026-06-01T19:19:54,7,32,70032,"ARX(2,2)",-181.6894496941561,381.3788993883122,411.7146416414612,True,0,2.6995671950076665,0.2828047524508602,0.2690599701297292,0.8397151195024601,0.0042829479551718,0.3225895774430157,0.4130188851578533,0.1640520628352487,0.1913871269416998,True
2026-06-01T19:21:50,7,33,70033,"ARX(2,2)",-181.68855666195884,381.3771133239177,411.71285557706665,True,0,2.6547616444803013,0.2813758624068393,0.2718525980413719,0.8414039239459151,0.0037702056095491,0.3230852708461117,0.4100679503638896,0.1630523100403401,0.1958045633398878,True
2026-06-01T19:23:50,7,34,70034,"ARX(2,2)",-181.68851427394952,381.37702854789904,411.712770801048,True,0,2.673728336181532,0.2829905159921366,0.2706069887556952,0.8384804829272072,0.0045319859056234,0.3228201707232621,0.4115992415552229,0.1632870234950547,0.193437524120819,True
2026-06-01T19:25:46,7,35,70035,"ARX(2,2)",-181.6884703196997,381.3769406393994,411.7126828925484,True,0,2.673008697298421,0.2824078939552317,0.2706678472143081,0.8394124687063964,0.0044137561978747,0.3231915595603428,0.4101226572193589,0.1633768394870418,0.19448908407696,True
2026-06-01T19:27:26,7,36,70036,"ARX(2,2)",-181.6884324107342,381.3768648214684,411.7126070746174,True,0,2.6632273154136583,0.2817377622590634,0.2712993215599251,0.8407065661224129,0.004274889816691,0.3232630565424805,0.4113200385661847,0.1633385970423432,0.1934241016508035,True
2026-06-01T19:29:15,7,37,70037,"ARX(2,2)",-181.6884264362785,381.376852872557,411.712595125706,True,0,2.6619105928933497,0.2819956243670081,0.2713827659830444,0.8404114577800037,0.0041793450513749,0.3232979282746849,0.4102995720477633,0.1632703987423266,0.1945318611089324,True
2026-06-01T19:31:18,7,38,70038,"ARX(2,2)",-181.68842815768824,381.3768563153765,411.71259856852544,True,0,2.66882413853041,0.2819448808442766,0.2709355811412852,0.8407321489218422,0.0040204481703306,0.3231578238427902,0.4102591210509867,0.1634177397444908,0.1946718011399369,True
2026-06-01T19:32:37,7,39,70039,"ARX(2,2)",-181.68873439991103,381.37746879982205,411.713211052971,True,0,2.648793383261282,0.2806447459733217,0.2722234088549962,0.8423385303285622,0.004157048576099,0.3230929543296315,0.4114421481315046,0.1628208665057841,0.1942020910278018,True
2026-06-01T19:34:08,7,40,70040,"ARX(2,2)",-181.69063708249325,381.3812741649865,411.7170164181354,True,0,2.708073417171919,0.2838433508835754,0.268496631396312,0.8364020476245988,0.0058486812212779,0.3223263578213801,0.4171916535070809,0.1645603877961117,0.1852062078770818,True
2026-06-01T18:26:43,8,1,80001,"ARX(2,2)",-181.6885175724736,381.3770351449472,411.71277739809614,True,0,2.6759477903349045,0.2823548984747689,0.2705040472169431,0.8399530019197274,0.0042153778310131,0.323154501559158,0.4093070750600582,0.1634504506507293,0.195471896964856,True
2026-06-01T18:28:07,8,2,80002,"ARX(2,2)",-181.6884297264108,381.3768594528216,411.71260170597054,True,0,2.662610086953007,0.2822691535508382,0.2713256335272422,0.8397989083852175,0.0043906002828866,0.3234144111944103,0.410986255775539,0.1632676933848007,0.1934238198757362,True
2026-06-01T18:29:33,8,3,80003,"ARX(2,2)",-181.6885289268787,381.3770578537574,411.7128001069064,True,0,2.655516407502292,0.2819781305362009,0.2717195304297787,0.839970279036521,0.0043218694978648,0.3234516726205842,0.409433010006114,0.1634152768197204,0.1949143510730071,True
2026-06-01T18:31:09,8,4,80004,"ARX(2,2)",-181.6884902583646,381.3769805167292,411.71272276987816,True,0,2.6655708073140136,0.2826434799067678,0.2710768352151201,0.8395500852933795,0.004280032677916,0.3235531937611827,0.4125672352683198,0.1629750313351167,0.1919706149361695,True
2026-06-01T18:32:21,8,5,80005,"ARX(2,2)",-181.688841440094,381.37768288018793,411.7134251333369,True,0,2.673692571431907,0.2834151378500171,0.2707460056505396,0.8393323944017999,0.0055714517796096,0.3232154740451979,0.4130018039661565,0.1629999576612479,0.1905031048573943,True
2026-06-01T18:34:13,8,6,80006,"ARX(2,2)",-181.68857777964348,381.37715555928696,411.7128978124359,True,0,2.66311939752758,0.2824018147666005,0.2714170612545216,0.8406652218912384,0.0035676284456041,0.3231650896453861,0.4092255693045623,0.1627544363636363,0.196809202000048,True
2026-06-01T18:36:13,8,7,80007,"ARX(2,2)",-181.68848261457947,381.3769652291589,411.7127074823079,True,0,2.6684136732184163,0.2818896366488289,0.2710020998820387,0.8402034708884849,0.0042060137732477,0.3225419813008529,0.4123551563693375,0.1631453466906928,0.1937050982370478,True
2026-06-01T18:37:39,8,8,80008,"ARX(2,2)",-181.68848973992,381.37697947984,411.712721732989,True,0,2.6673837459183094,0.2830475887960766,0.2710260778871171,0.8386757299908534,0.0040580263882059,0.3230174826859209,0.4130279513551815,0.163322161472353,0.1920232624475166,True
2026-06-01T18:38:56,8,9,80009,"ARX(2,2)",-181.68845738692133,381.37691477384266,411.7126570269916,True,0,2.6624423409198994,0.2815265907578415,0.2714747885022261,0.8413865552670924,0.004331447165058,0.3231675993012913,0.4111450959665853,0.1632523567439897,0.193841551583703,True
2026-06-01T18:40:50,8,10,80010,"ARX(2,2)",-181.68857407782127,381.37714815564254,411.7128904087915,True,0,2.652276979777828,0.2815321875143447,0.272039599498353,0.8411170416970093,0.0041326103673942,0.3232804622991501,0.4104126747388203,0.1631620216354954,0.1947150746215667,True
2026-06-01T18:42:07,8,11,80011,"ARX(2,2)",-181.68847098793037,381.3769419758607,411.71268422900965,True,0,2.659166200644193,0.2822672553689372,0.2715455175909773,0.8395717836989659,0.0043790795456998,0.3233229019127108,0.4107323300560403,0.1629295154046462,0.1943748533096494,True
2026-06-01T18:43:59,8,12,80012,"ARX(2,2)",-181.68842972237863,381.3768594447573,411.7126016979063,True,0,2.6632250112888194,0.2827196306561478,0.2712781431819759,0.8390417752692065,0.0043069090909802,0.3233634687532838,0.4102171441521425,0.1633332019035542,0.1943182287005891,True
2026-06-01T18:45:45,8,13,80013,"ARX(2,2)",-181.68859172854775,381.3771834570956,411.7129257102445,True,0,2.6517953360919058,0.2821097336748773,0.2720832732723537,0.8404078024149595,0.0045291361336823,0.3234904692032121,0.4113231197586446,0.1631175486465043,0.1930442348946791,True
2026-06-01T18:47:36,8,14,80014,"ARX(2,2)",-181.6924047841824,381.3848095683648,411.7205518215137,True,0,2.5930331189662184,0.2891507277421623,0.2748247835876684,0.8293076384507475,0.0073159188795266,0.334892822127424,0.395595776847395,0.1643387866784048,0.1903967866301594,True
2026-06-01T18:49:28,8,15,80015,"ARX(2,2)",-181.68849353786888,381.37698707573776,411.7127293288867,True,0,2.6606755965242117,0.2813214641058131,0.2714839834983548,0.8418961853140593,0.004007770310562,0.3229120460394811,0.4129343880850589,0.1629479559974101,0.1927593867660238,True
2026-06-01T18:51:05,8,16,80016,"ARX(2,2)",-181.69229810350492,381.3845962070099,411.72033846015887,True,0,2.7116507832391425,0.2834748156671391,0.2686389693224895,0.8382975772082137,0.0044318412157379,0.3182812564817061,0.4159401513881975,0.1648416647791989,0.1923970311275535,True
2026-06-01T18:52:18,8,17,80017,"ARX(2,2)",-181.6891665315128,381.3783330630256,411.71407531617456,True,0,2.6945503721447404,0.2830647130046847,0.2692412140568688,0.8395878929620748,0.003862002363885,0.3230574665259379,0.4078586361970899,0.164008662116889,0.1964148080786538,True
2026-06-01T18:55:14,8,18,80018,"ARX(2,2)",-181.68841837670615,381.3768367534124,411.7125790065613,True,0,2.6643621599449365,0.2819949651862371,0.2712146775954043,0.8404777729752788,0.0041746292456724,0.3232561385057806,0.4100727148259526,0.1633397428970582,0.1946930923935152,True
2026-06-01T18:57:07,8,19,80019,"ARX(2,2)",-181.6884403598609,381.3768807197218,411.7126229728708,True,0,2.668226590124764,0.2826288323184154,0.2709821144321117,0.8392316475205748,0.0045223265335068,0.3232202163544197,0.4112011455781216,0.1633217479548376,0.1931568430553357,True
2026-06-01T18:58:50,8,20,80020,"ARX(2,2)",-181.68847786906773,381.3769557381355,411.7126979912845,True,0,2.661525462282309,0.281163950704074,0.2713859978188224,0.8420822353964724,0.0040072657487982,0.3229195003096032,0.409997372892101,0.1633909387230664,0.1953348632400196,True
2026-06-01T18:59:48,8,21,80021,"ARX(2,2)",-181.6884712836237,381.3769425672474,411.7126848203964,True,0,2.657262459037606,0.2820374053332309,0.2716774179420357,0.8404452378045226,0.0041448290814607,0.3233620450456714,0.4109095585759031,0.1632739250058156,0.1938678491218345,True
2026-06-01T19:01:29,8,22,80022,"ARX(2,2)",-181.68842166205752,381.37684332411504,411.712585577264,True,0,2.666019359448306,0.2820272936658706,0.2711019173153093,0.8407009629943317,0.0039102750527398,0.3231576079336121,0.4109909934233966,0.1633593320149839,0.1940436916173594,True
2026-06-01T19:03:02,8,23,80023,"ARX(2,2)",-181.6884547441584,381.3769094883168,411.7126517414657,True,0,2.6597233245037093,0.2822419455147085,0.2715078071660858,0.8401413476537158,0.0044033050438469,0.3232569075080248,0.410146410159229,0.1632281643229651,0.1945024131281179,True
2026-06-01T19:04:42,8,24,80024,"ARX(2,2)",-181.6884448725704,381.3768897451408,411.7126319982898,True,0,2.664295435977152,0.2829242957111799,0.2712118700312306,0.8383040770605429,0.0046542791869129,0.3233346708729641,0.4104634095163869,0.1632723572434538,0.193846603358334,True
2026-06-01T19:06:29,8,25,80025,"ARX(2,2)",-181.68854255879128,381.3770851175825,411.7128273707315,True,0,2.654026513586088,0.2814371433482186,0.2719061532234108,0.8418174423503545,0.0039084834968275,0.3234569351563897,0.4100090904792393,0.1632901877844429,0.1948190648032505,True
2026-06-01T19:08:34,8,26,80026,"ARX(2,2)",-181.6887430955597,381.3774861911194,411.7132284442684,True,0,2.673059226839009,0.2829006877351799,0.2703686559572871,0.8379992646054675,0.0036993661860407,0.323589249797138,0.4073756342724993,0.1637625317353632,0.1971777619636866,True
2026-06-01T19:10:17,8,27,80027,"ARX(2,2)",-181.68903073475065,381.3780614695013,411.7138037226503,True,0,2.654027279988079,0.2829973293253379,0.2719504232137522,0.839333666357802,0.0048982044481478,0.3242582461422105,0.4096377665954042,0.1649102566184526,0.1912825781398588,True
2026-06-01T19:11:58,8,28,80028,"ARX(2,2)",-181.69240700516127,381.38481401032254,411.7205562634715,True,0,2.5965557471888787,0.2902590339366638,0.2745423491178391,0.8272892378465214,0.0077950391000576,0.3350526069058065,0.3955762740986185,0.1643826901861909,0.1895608960241312,True
2026-06-01T19:13:16,8,29,80029,"ARX(2,2)",-181.6885068649986,381.3770137299972,411.71275598314617,True,0,2.6550180883494527,0.2821451761996189,0.2718216149026006,0.8401695145012082,0.0041408160838867,0.3233692881814124,0.4107278895888503,0.1632476189635726,0.1940293795839067,True
2026-06-01T19:15:31,8,30,80030,"ARX(2,2)",-181.68842354294807,381.37684708589615,411.7125893390451,True,0,2.6628223617134967,0.2818576817920575,0.2713156622994786,0.8407443767321614,0.0042189750716978,0.323278427602592,0.4107233619010497,0.1633178495418736,0.1940201251229971,True
2026-06-01T19:17:16,8,31,80031,"ARX(2,2)",-181.68843658204472,381.37687316408943,411.7126154172384,True,0,2.666355449053934,0.2828478758170026,0.2710942560011438,0.8389463398339194,0.0041223415036741,0.3231039754116615,0.4113750306854196,0.1632436503745589,0.1936838096516401,True
2026-06-01T19:18:48,8,32,80032,"ARX(2,2)",-181.6900679221744,381.38013584434873,411.7158780974977,True,0,2.7022955318632387,0.2863665446289234,0.2687877678880522,0.8323173873075483,0.0053007781634121,0.323960836134105,0.4048985472285235,0.1643919925645554,0.1965554344581914,True
2026-06-01T19:20:48,8,33,80033,"ARX(2,2)",-181.6884285550522,381.3768571101044,411.7125993632534,True,0,2.662823273628588,0.2825595591554694,0.2713160133733543,0.8394704060341743,0.0042985120902218,0.3234169352173824,0.4105002038493153,0.1633687986884968,0.1938256730104809,True
2026-06-01T19:22:25,8,34,80034,"ARX(2,2)",-181.68886448206305,381.3777289641261,411.7134712172751,True,0,2.687326252787964,0.2833422353379128,0.2697351306559313,0.837743652520571,0.0049045670208842,0.323172456160525,0.4094524814558413,0.1638834885754334,0.1939678046895883,True
2026-06-01T19:25:26,8,35,80035,"ARX(2,2)",-181.6886242771805,381.377248554361,411.71299080751,True,0,2.649957675412841,0.2818320110832817,0.2721614530330269,0.8406168165689188,0.0043231200159328,0.323473081341865,0.4113762657677653,0.163132492017882,0.1932884113880483,True
2026-06-01T19:26:54,8,36,80036,"ARX(2,2)",-181.6884474779257,381.3768949558514,411.7126372090004,True,0,2.6713934754297566,0.2823299856865047,0.2708001301267418,0.839803839253448,0.0043389512747746,0.3232562199381478,0.4105085108555379,0.1634168151754419,0.194030477896583,True
2026-06-01T19:29:03,8,37,80037,"ARX(2,2)",-181.6884256037252,381.3768512074504,411.71259346059935,True,0,2.663909504199681,0.2822621099179739,0.2712700181407284,0.8398982744217517,0.0043821171616045,0.3232073578635618,0.4107110583702005,0.1631820317471889,0.1940176176285364,True
2026-06-01T19:30:18,8,38,80038,"ARX(2,2)",-181.6884599368747,381.3769198737494,411.7126621268984,True,0,2.665734356497389,0.2823388251580316,0.2710929794135723,0.8403870922561191,0.0042278992873823,0.3238537834904907,0.4091343181060002,0.1635616720702322,0.1944359533425203,True
2026-06-01T19:32:22,8,39,80039,"ARX(2,2)",-181.68841939789576,381.3768387957915,411.7125810489405,True,0,2.6637506864946228,0.2819764207652852,0.2712576006472209,0.8403420646730739,0.0041832327559642,0.3231952624941772,0.410887943194846,0.1632957286391238,0.1940357445496079,True
2026-06-01T19:33:49,8,40,80040,"ARX(2,2)",-181.68853257609464,381.3770651521893,411.7128074053383,True,0,2.654336112568932,0.2815269085779007,0.2718935062045002,0.8412596383524931,0.004209547732136,0.3232342330135868,0.4106775077663476,0.1630391688593235,0.1944989238774918,True
2026-06-01T18:23:36,9,1,90001,"ARX(2,2)",-181.68844039005864,381.3768807801173,411.7126230332663,True,0,2.662454228444441,0.2823222941132481,0.2713921108379297,0.8404133560054833,0.0041904678813236,0.3234214692406894,0.4101313859657098,0.1635432993826472,0.1941520057902322,True
2026-06-01T18:25:26,9,2,90002,"ARX(2,2)",-181.688532316922,381.37706463384393,411.7128068869929,True,0,2.668309541106171,0.2814076062116807,0.2710638169924498,0.8422053323309994,0.0039338829554225,0.3234727044034189,0.4078981017938992,0.1637897757020412,0.1965772470413818,True
2026-06-01T18:26:50,9,3,90003,"ARX(2,2)",-181.68845198522763,381.37690397045526,411.7126462236042,True,0,2.6668730121488067,0.2818745550748938,0.271028185912378,0.8409640288488909,0.0039319387128005,0.3228472515488507,0.4115769335649409,0.1635905013474924,0.1934239501377615,True
2026-06-01T18:28:19,9,4,90004,"ARX(2,2)",-181.6884815666625,381.3769631333249,411.7127053864739,True,0,2.6569145926596454,0.2820350926577554,0.2717174331427173,0.840231896997131,0.0040368576452954,0.3233855234738202,0.4105853625109323,0.1632912113786168,0.1943241026596415,True
2026-06-01T18:29:42,9,5,90005,"ARX(2,2)",-181.68936180229636,381.3787236045927,411.7144658577416,True,0,2.695645410317516,0.2846730906044451,0.2693290793319366,0.8358427672632481,0.0044588013537707,0.3233312932526364,0.4069088146436472,0.1639879555659231,0.1968673016564393,True
2026-06-01T18:31:01,9,6,90006,"ARX(2,2)",-181.6884305670509,381.3768611341018,411.71260338725074,True,0,2.6661654639986168,0.2823597352314177,0.2710955194512544,0.8398888498856334,0.0043449567377446,0.3230944561479138,0.4104690503264391,0.1631583386946172,0.1945553283036217,True
2026-06-01T18:32:28,9,7,90007,"ARX(2,2)",-181.68851763130908,381.37703526261816,411.71277751576713,True,0,2.6694023822876645,0.2826819109548447,0.2708852347411766,0.8386157048820381,0.003996038313417,0.3225086442007735,0.4127480788663463,0.1631412293424788,0.193276215996742,True
2026-06-01T18:34:12,9,8,90008,"ARX(2,2)",-181.6889708241185,381.377941648237,411.713683901386,True,0,2.688278290616064,0.283427124393414,0.2698172652763459,0.8394845709395766,0.0044905716470005,0.3233040141636371,0.4096546952373628,0.1636651085447018,0.1941414422035655,True
2026-06-01T18:36:09,9,9,90009,"ARX(2,2)",-181.6884538831978,381.3769077663956,411.7126500195446,True,0,2.6657517114050804,0.2822035280446776,0.2712044492079037,0.8404238046198611,0.0042867253603762,0.3234822341085987,0.4085506643414499,0.1633117853793306,0.1958972905740553,True
2026-06-01T18:37:19,9,10,90010,"ARX(2,2)",-181.6884421175672,381.3768842351344,411.7126264882834,True,0,2.6694683135300785,0.2827849219210324,0.270906449922102,0.8388544495324318,0.0044887759487645,0.3233190878614147,0.4099440815977987,0.1634887083680637,0.1943140880712786,True
2026-06-01T18:38:47,9,11,90011,"ARX(2,2)",-181.6898561674581,381.3797123349162,411.7154545880652,True,0,2.699206074155076,0.2829139704303739,0.2690233994957509,0.8408293740459427,0.0047095406248209,0.3242323571031631,0.4059800411179722,0.1650856121767559,0.1943764584266237,True
2026-06-01T18:40:19,9,12,90012,"ARX(2,2)",-181.68855247176865,381.3771049435372,411.7128471966862,True,0,2.652927940210646,0.2816323791927805,0.2719485885983403,0.8412242100252244,0.0040221014155277,0.3234154722675467,0.4103848282588532,0.1631667598043558,0.194553341540876,True
2026-06-01T18:41:48,9,13,90013,"ARX(2,2)",-181.6915157493983,381.3830314987966,411.7187737519456,True,0,2.7112505091340533,0.2791786043716388,0.2676392720564562,0.8453664801673137,0.0035324751035054,0.3226786185563763,0.4045983540241369,0.1647023738830874,0.1993677897490418,True
2026-06-01T18:43:10,9,14,90014,"ARX(2,2)",-181.68853133996265,381.3770626799253,411.7128049330743,True,0,2.655527128187872,0.2813519690978446,0.2717982797874099,0.8417177655580131,0.003929494413736,0.323143230926715,0.412527258765079,0.1629976484187082,0.1930165907744408,True
2026-06-01T18:44:38,9,15,90015,"ARX(2,2)",-181.6924063885604,381.3848127771208,411.72055503026974,True,0,2.592944489230072,0.2887842468010313,0.2748045605588575,0.8303893239645755,0.0075699216964228,0.3351957638555332,0.3955262278634101,0.16434318246951,0.1895910642111749,True
2026-06-01T18:46:06,9,16,90016,"ARX(2,2)",-181.6887242874009,381.3774485748018,411.7131908279508,True,0,2.6468929332394917,0.2812534298032671,0.2723609379308299,0.8418594097037773,0.0040196787520551,0.3233982837126591,0.4114467659801603,0.1629458779854007,0.1937625071809176,True
2026-06-01T18:47:24,9,17,90017,"ARX(2,2)",-181.6885333195751,381.3770666391502,411.7128088922992,True,0,2.6554189962079846,0.2810969241724988,0.2718006982785727,0.842417878783632,0.0038920332326361,0.3231506308664006,0.4118685525548111,0.1631906639361339,0.1934917698878155,True
2026-06-01T18:48:50,9,18,90018,"ARX(2,2)",-181.6884674389659,381.3769348779318,411.7126771310808,True,0,2.667830976793144,0.2812233155737507,0.2710266843195925,0.842168884370455,0.0035979270259142,0.3229672662045226,0.4109107144999282,0.1634315816423432,0.1946894504851682,True
2026-06-01T18:50:50,9,19,90019,"ARX(2,2)",-181.68841662560035,381.3768332512007,411.7125755043497,True,0,2.6644584639562945,0.2819907245375689,0.2712303349817593,0.8406908108370896,0.0040832479800391,0.3232490315901024,0.410513840404171,0.1633375990623437,0.1943544530964017,True
2026-06-01T18:52:25,9,20,90020,"ARX(2,2)",-181.68842222077552,381.37684444155104,411.7125866947,True,0,2.6681099287077434,0.2825010824500401,0.2709868471790999,0.839595884942715,0.0042559647824728,0.3232065969990546,0.4105298514856339,0.1633781302692499,0.1941583675904455,True
2026-06-01T18:54:05,9,21,90021,"ARX(2,2)",-181.68846611713175,381.3769322342636,411.7126744874125,True,0,2.6592524371760144,0.2814028807729154,0.2715331056023635,0.8416612515181523,0.0040319148534818,0.3232816454705249,0.4099767664490483,0.1633408805507409,0.1948790598450144,True
2026-06-01T18:55:55,9,22,90022,"ARX(2,2)",-181.6884401778629,381.3768803557258,411.7126226088748,True,0,2.6655984888018245,0.2823655654364677,0.2711904748587143,0.8400510203436987,0.0041598468662911,0.3230934474112121,0.4104337617398453,0.1637381875766703,0.1941420573245367,True
2026-06-01T18:57:28,9,23,90023,"ARX(2,2)",-181.6884262024537,381.3768524049075,411.7125946580565,True,0,2.6639574208400463,0.2817508826834012,0.271244182784164,0.8413129580237316,0.0040160130522309,0.3230931515851392,0.4110944118074579,0.1633395437356453,0.193940325898469,True
2026-06-01T18:58:45,9,24,90024,"ARX(2,2)",-181.68860737894667,381.3772147578933,411.7129570110423,True,0,2.650851252111686,0.2814808421073527,0.2720901022993652,0.841132890261175,0.0041328310685621,0.323331667070176,0.4115311842770013,0.1631420550524283,0.1934662391306556,True
2026-06-01T19:00:16,9,25,90025,"ARX(2,2)",-181.68844000002747,381.3768800000549,411.7126222532039,True,0,2.663365183832269,0.281589480305489,0.2712664909124994,0.8415148377288338,0.0040232752800282,0.3234058227973757,0.4104928355017118,0.1631109179983522,0.1944659108783409,True
2026-06-01T19:02:13,9,26,90026,"ARX(2,2)",-181.68861281103256,381.3772256220651,411.7129678752141,True,0,2.658561130706861,0.2812449934902539,0.2716703486645493,0.841743740725098,0.0040195715399376,0.3240175508137094,0.4077401459301709,0.1629186841062423,0.1969124290627437,True
2026-06-01T19:03:39,9,27,90027,"ARX(2,2)",-181.72855747317857,381.45711494635714,411.7928571995061,True,0,2.707683979935223,0.2730232182312286,0.2702512911423366,0.8646778581878463,0.0062442836956354,0.304780438270453,0.4462026574424504,0.1622630247283807,0.1806743764778991,True
2026-06-01T19:04:51,9,28,90028,"ARX(2,2)",-181.68842388679624,381.3768477735924,411.7125900267414,True,0,2.6632652107766392,0.2818675183129664,0.2712924343594585,0.8407540132360463,0.0040852823533075,0.3232562084287321,0.4102400081948893,0.1633665618786873,0.1945280378871217,True
2026-06-01T19:07:33,9,29,90029,"ARX(2,2)",-181.68843756672905,381.3768751334581,411.712617386607,True,0,2.6691660306883342,0.2821410598355741,0.2709263801370014,0.840042592678799,0.0044361264257035,0.3229874868293496,0.4111673854845492,0.1634480952023664,0.1935818250456411,True
2026-06-01T19:08:49,9,30,90030,"ARX(2,2)",-181.68852423189736,381.3770484637947,411.7127907169437,True,0,2.655498942974068,0.2815422906141178,0.2718340542543809,0.8411489940457484,0.0040916193921758,0.3231026752552486,0.4107195708640698,0.1629610488299244,0.1949212906121653,True
2026-06-01T19:10:48,9,31,90031,"ARX(2,2)",-181.68862591961351,381.37725183922703,411.712994092376,True,0,2.6756246862017257,0.282452167797422,0.2705903224172063,0.8397291478086213,0.0040670296203262,0.3224281537086998,0.4090657213919386,0.1632926559162505,0.1967260483798195,True
2026-06-01T19:13:03,9,32,90032,"ARX(2,2)",-181.6884266857649,381.3768533715298,411.7125956246788,True,0,2.66260463129222,0.2821023700096146,0.2713573198308914,0.8404548052855054,0.0043789835061153,0.3233112201816079,0.4104438716136874,0.1632999932212799,0.1941117269060863,True
2026-06-01T19:14:32,9,33,90033,"ARX(2,2)",-181.6884373208732,381.3768746417464,411.71261689489535,True,0,2.6605733948065047,0.2819473777300422,0.2714602321134442,0.8406670543724896,0.0040252807284898,0.3231652059097982,0.4110187781232928,0.1632221218677969,0.194101243977523,True
2026-06-01T19:16:04,9,34,90034,"ARX(2,2)",-181.68850173736476,381.3770034747295,411.7127457278784,True,0,2.6557959791731376,0.2823122697934127,0.2717734253882498,0.8400866821121333,0.0041751923346424,0.3232966114129739,0.4106618600356124,0.163092022267395,0.1943503515292047,True
2026-06-01T19:18:09,9,35,90035,"ARX(2,2)",-181.688448035681,381.376896071362,411.712638324511,True,0,2.659223527834967,0.2819969340591966,0.2715653776279683,0.8404314795679331,0.0041706216470135,0.3233703438604275,0.4108025990051601,0.1632179961438978,0.194024887664196,True
2026-06-01T19:19:54,9,36,90036,"ARX(2,2)",-181.68842008675816,381.3768401735163,411.7125824266653,True,0,2.665832342126912,0.2821080326118171,0.2711450186265897,0.8400927509241047,0.0042333855883671,0.3233129747545694,0.410112684584873,0.1633155577980218,0.1945688160058274,True
2026-06-01T19:21:18,9,37,90037,"ARX(2,2)",-181.68856862591977,381.37713725183954,411.7128795049885,True,0,2.6775703608583266,0.2829177599983974,0.2703898895081128,0.8386403896519256,0.0043480010998572,0.3229568742533316,0.4121989329852549,0.1633742241430207,0.1927223775193049,True
2026-06-01T19:23:10,9,38,90038,"ARX(2,2)",-181.6884216276905,381.376843255381,411.71258550853,True,0,2.6630666505418965,0.2822052366100042,0.2713327395822736,0.8400733036788128,0.0041433113052529,0.3231995678396931,0.4108090534414719,0.1633818180771677,0.1940777830180071,True
2026-06-01T19:24:31,9,39,90039,"ARX(2,2)",-181.688504218796,381.377008437592,411.7127506907409,True,0,2.6734839293307098,0.2825928418585359,0.2706344707534652,0.83958163241941,0.0042918559450904,0.3228494693105557,0.4124506421262336,0.1631567345168398,0.1928170733643469,True
2026-06-01T19:25:57,9,40,90040,"ARX(2,2)",-181.6891108464515,381.378221692903,411.713963946052,True,0,2.6921713778539167,0.2830864726141837,0.2693952329549556,0.8394087731916878,0.0038692128101501,0.3231956777539959,0.4121895227526926,0.1638409738531434,0.1919751040273206,True
2026-06-01T18:22:28,10,1,100001,"ARX(2,2)",-181.68850268750597,381.3770053750119,411.71274762816086,True,0,2.675346770428315,0.2823659344568783,0.2705420536179799,0.839951211837678,0.0042490203357019,0.3233181399732034,0.4102982557356959,0.1635544977831899,0.1940791085803921,True
2026-06-01T18:23:52,10,2,100002,"ARX(2,2)",-181.6885859061645,381.3771718123289,411.7129140654779,True,0,2.679539289103093,0.2825340101556996,0.2702641105340685,0.8399073973909571,0.0042618574477926,0.3230332091953126,0.4107852037878937,0.1634478514617015,0.1939249852329871,True
2026-06-01T18:25:09,10,3,100003,"ARX(2,2)",-181.68918813175685,381.3783762635137,411.71411851666267,True,0,2.687618387035673,0.2830329145710514,0.2697641594137162,0.8389368303280682,0.0040705431496386,0.323544099093113,0.4026711846594616,0.1638716012417976,0.201301892979575,True
2026-06-01T18:26:37,10,4,100004,"ARX(2,2)",-181.68844522359305,381.3768904471861,411.712632700335,True,0,2.6603013009474425,0.2817498520098954,0.2715119682792566,0.8407960190160844,0.0041028505763406,0.3231305411398901,0.4111266818483745,0.1631406878384506,0.1941820578046152,True
2026-06-01T18:27:59,10,5,100005,"ARX(2,2)",-181.68847648558616,381.37695297117233,411.7126952243213,True,0,2.668905718853804,0.2824287480937871,0.2708879801213263,0.8389628111809033,0.004365590408285,0.3232005538149695,0.4090781027341605,0.163818644703921,0.1950497573785489,True
2026-06-01T18:29:25,10,6,100006,"ARX(2,2)",-181.68842058425383,381.37684116850767,411.71258342165663,True,0,2.666745222608052,0.2825091921685228,0.2710948828658144,0.8394254873079497,0.0042931899624146,0.323188343777022,0.4104165411656479,0.16345008465497,0.1942304814619591,True
2026-06-01T18:30:54,10,7,100007,"ARX(2,2)",-181.6910465783283,381.3820931566566,411.7178354098056,True,0,2.688543998116288,0.2858405526313574,0.2698663517400169,0.8332617133024143,0.0054731789095484,0.3253851827069218,0.415003855253111,0.1653373340804569,0.1833365703603453,True
2026-06-01T18:32:31,10,8,100008,"ARX(2,2)",-181.68845381078472,381.37690762156944,411.7126498747184,True,0,2.6606049373520158,0.2814520291763015,0.2714624569370941,0.841898894955645,0.0038612424681271,0.3232217205940744,0.4101382874524583,0.163393203458918,0.1948828825124084,True
2026-06-01T18:33:56,10,9,100009,"ARX(2,2)",-181.68849709382624,381.3769941876525,411.7127364408015,True,0,2.665891289563724,0.2832688007702295,0.2710842269426587,0.8372096627875447,0.0045750262759369,0.3235737395989688,0.4091573112947865,0.1632126052187467,0.1951755363516198,True
2026-06-01T18:37:02,10,11,100011,"ARX(2,2)",-181.6886067534736,381.3772135069472,411.7129557600962,True,0,2.679365194812932,0.282524703778067,0.2702280660232789,0.8392233388619412,0.0039074523718919,0.3231264789425748,0.4108284200094496,0.1635692887220521,0.1940196600631664,True
2026-06-01T18:39:18,10,12,100012,"ARX(2,2)",-181.6923975184989,381.3847950369977,411.7205372901467,True,0,2.597846092995285,0.2895413396151203,0.2744580705920488,0.8287724840180778,0.0075727109304782,0.3349123931267144,0.3958101354852876,0.1644460897040688,0.1895998249361979,True
2026-06-01T18:40:45,10,13,100013,"ARX(2,2)",-181.6898840929985,381.379768185997,411.715510439146,True,0,2.669658427615038,0.2840799879047531,0.2706559059614509,0.8327529399699537,0.0070552685003112,0.323625756908084,0.4061059941564939,0.1620038968832442,0.1974977179751594,True
2026-06-01T18:42:16,10,14,100014,"ARX(2,2)",-181.68843152371372,381.3768630474275,411.71260530057646,True,0,2.668228326151262,0.2821172455830511,0.2709906921242326,0.8406098442987201,0.0041106462433161,0.3231051867712773,0.4112111688071652,0.1635653256323835,0.1934860169409226,True
2026-06-01T18:44:06,10,15,100015,"ARX(2,2)",-181.6884337704632,381.3768675409264,411.7126097940753,True,0,2.661973934380901,0.2821056495033313,0.2714026014705704,0.8400529026529439,0.0043075539892686,0.3230687480151217,0.411631681008162,0.1631616236419762,0.1935000219193151,True
2026-06-01T18:45:38,10,16,100016,"ARX(2,2)",-181.69277728184323,381.38555456368647,411.7212968168354,True,0,2.608178331833624,0.2871771383823915,0.2738183002714903,0.833853824572547,0.0071099499944023,0.3342941860882054,0.3967043241052831,0.1647016116158431,0.189638968073068,True
2026-06-01T18:47:29,10,17,100017,"ARX(2,2)",-181.6884578257533,381.3769156515066,411.71265790465554,True,0,2.6606126931761573,0.2816432676942704,0.2714799708319523,0.8412795274840031,0.0038522164132369,0.3229210229975204,0.4118807724026304,0.1631856563755415,0.1938492816567034,True
2026-06-01T18:49:04,10,18,100018,"ARX(2,2)",-181.68883160742783,381.3776632148557,411.7134054680047,True,0,2.654782511803258,0.2819530225280308,0.271918218790076,0.8405449513421345,0.0047164194161555,0.3229120558085701,0.4173545928858366,0.1631396325922396,0.1874985241974126,True
2026-06-01T18:50:28,10,19,100019,"ARX(2,2)",-181.68850311330377,381.37700622660753,411.7127484797565,True,0,2.6556003305723346,0.2818396474785079,0.2717865184244044,0.8407517886459158,0.0041025164869167,0.3233019605763065,0.4109521666980326,0.1630998881123667,0.1940231066296137,True
2026-06-01T18:52:00,10,20,100020,"ARX(2,2)",-181.68843795986984,381.3768759197396,411.7126181728886,True,0,2.664143620944432,0.2817620872909029,0.2711987557623612,0.8407883273363399,0.0041214797594731,0.3232319281437641,0.4114406348087495,0.1635279812183095,0.1932108670418374,True
2026-06-01T18:54:02,10,21,100021,"ARX(2,2)",-181.68842033857985,381.3768406771596,411.7125829303086,True,0,2.665497683552832,0.2823088906663349,0.2711259137974801,0.8400645819777757,0.0040097356190596,0.3231064671205147,0.4111083649904484,0.1633054313312256,0.194008170844412,True
2026-06-01T18:55:40,10,22,100022,"ARX(2,2)",-181.6885024686229,381.3770049372458,411.7127471903948,True,0,2.674303130973929,0.28270337481235,0.2705732348732488,0.8394802851727442,0.0040131694717934,0.3234012143003777,0.4099305995115405,0.1636378789704956,0.1945208783454363,True
2026-06-01T18:57:05,10,23,100023,"ARX(2,2)",-181.68857190641248,381.37714381282495,411.7128860659739,True,0,2.6787949370061144,0.2826670738424369,0.2703105366260773,0.8392386792846818,0.004372959618104,0.3229795700965057,0.4112992147226067,0.1635127470587594,0.1934073843908809,True
2026-06-01T18:58:47,10,24,100024,"ARX(2,2)",-181.6885087076741,381.3770174153482,411.7127596684972,True,0,2.659139625898136,0.2818279942748432,0.2715668910529591,0.8409459917946848,0.0040744723054934,0.3236451905978378,0.4077814839634381,0.163300241363596,0.1967620174584153,True
2026-06-01T19:00:58,10,25,100025,"ARX(2,2)",-181.69242395074065,381.3848479014813,411.7205901546303,True,0,2.594559307830565,0.2893467953269966,0.274687905245362,0.8290902930042824,0.0076985669286331,0.3347594228645405,0.3982862325932189,0.1642867821722392,0.1873476077540534,True
2026-06-01T19:02:32,10,26,100026,"ARX(2,2)",-181.68850109693363,381.37700219386727,411.7127444470162,True,0,2.657004243954881,0.2824320772709164,0.2716315736280567,0.8393318015474655,0.0044338336990895,0.3233188954227912,0.4115289417707877,0.1632053379995818,0.193143539506386,True
2026-06-01T19:04:11,10,27,100027,"ARX(2,2)",-181.6885264878426,381.3770529756852,411.7127952288342,True,0,2.6748397763036054,0.2823213989175311,0.2705151229638201,0.8395548700877157,0.0041116911160671,0.3235752783102233,0.4100501909183633,0.1635630366626703,0.194247199916617,True
2026-06-01T19:06:11,10,28,100028,"ARX(2,2)",-181.68852475039432,381.37704950078864,411.7127917539376,True,0,2.6760065967157973,0.2821885438830666,0.2705397086711713,0.8401613122101094,0.0040959780601527,0.3227654052114849,0.4107933019917805,0.1636689967549062,0.1943417117555992,True
2026-06-01T19:07:43,10,29,100029,"ARX(2,2)",-181.68984244369005,381.3796848873801,411.7154271405291,True,0,2.6662267951602767,0.2779487172285771,0.2712921726283966,0.8514360344266096,0.0026333076803816,0.3229759096577885,0.4055183135689123,0.1622465376090004,0.2024881301435185,True
2026-06-01T19:09:41,10,30,100030,"ARX(2,2)",-181.6886918234281,381.3773836468561,411.7131259000051,True,0,2.681594564459602,0.2828326890831884,0.2700319114938544,0.8383276247583555,0.0042147045336872,0.3229315492652319,0.4114539761452142,0.1631412564785391,0.1938888843221073,True
2026-06-01T19:11:04,10,31,100031,"ARX(2,2)",-181.6884643440361,381.3769286880722,411.7126709412212,True,0,2.6729828191238445,0.2823209928461601,0.2706562238835082,0.8400352481279094,0.0041042784807192,0.3231627669847997,0.4101183661161254,0.1635096395395842,0.1946455661312919,True
2026-06-01T19:12:17,10,32,100032,"ARX(2,2)",-181.6885023773862,381.3770047547724,411.7127470079214,True,0,2.65582434906046,0.2818026797913215,0.2717271698185231,0.8408045130733253,0.0041069361586425,0.3235294798875427,0.4103837859655969,0.1630984071874357,0.1944143300161687,True
2026-06-01T19:13:57,10,33,100033,"ARX(2,2)",-181.6884594408193,381.3769188816385,411.7126611347875,True,0,2.672524301320059,0.2822930805999534,0.2707046687954283,0.8399068390275207,0.0042376698267026,0.3231919428569301,0.4103128936986014,0.1634353672363896,0.1944428637572987,True
2026-06-01T19:15:23,10,34,100034,"ARX(2,2)",-181.68865389062285,381.3773077812457,411.71305003439466,True,0,2.6497162162698595,0.281559094147366,0.2721993568928221,0.8417829654644472,0.003920856998318,0.3231191864729349,0.4121245043477859,0.1628984461459036,0.1934866199383415,True
2026-06-01T19:16:49,10,35,100035,"ARX(2,2)",-181.68870198608232,381.37740397216464,411.7131462253136,True,0,2.6492196670837447,0.2826864380052682,0.2721864038265916,0.8382752112584952,0.0047740298144231,0.3235925707166711,0.4121791010520075,0.1630393656174306,0.192076192871887,True
2026-06-01T19:18:22,10,36,100036,"ARX(2,2)",-181.6885446629073,381.3770893258146,411.7128315789636,True,0,2.6531807282541395,0.2820484289265753,0.2719632193764466,0.8404019281913737,0.0042587237678354,0.3234354408538376,0.4104774180994682,0.1631471907310033,0.1942749221138411,True
2026-06-01T19:19:52,10,37,100037,"ARX(2,2)",-181.688419077365,381.37683815473,411.712580407879,True,0,2.666433896108816,0.28208181338414,0.2710806395072605,0.8404114883400517,0.0041000460711478,0.3232231229051554,0.4098850159818191,0.1634697141253601,0.1948377177190547,True
2026-06-01T19:21:29,10,38,100038,"ARX(2,2)",-181.68841616835,381.3768323367,411.71257458984894,True,0,2.666229101632482,0.282023990281577,0.2711070424926649,0.8404646332265747,0.0041688864309503,0.3231616056751398,0.4105919857475245,0.1633118472348218,0.1943415119572532,True
2026-06-01T19:22:49,10,39,100039,"ARX(2,2)",-181.68842057290172,381.3768411458035,411.71258339895246,True,0,2.666697666324151,0.2823425081137267,0.2711009299058874,0.8399486773775957,0.0041932086848101,0.3230259152407667,0.4110835596885244,0.1633224840865837,0.1939560379108034,True
2026-06-01T19:25:31,10,40,100040,"ARX(2,2)",-181.6884935069766,381.3769870139532,411.7127292671022,True,0,2.6671616459532093,0.2810713495004498,0.2710875021134485,0.8427519546793814,0.0038611969967249,0.323062944888184,0.4125810874505682,0.1632460607381611,0.1927713341994821,True
2026-06-01T18:21:24,11,1,110001,"ARX(2,2)",-181.6886260015024,381.3772520030048,411.71299425615376,True,0,2.680000980496812,0.283014947831777,0.2702106805140156,0.8384740819808395,0.0042494161222187,0.3231916791730287,0.4086883018654235,0.1637016418885086,0.1957843836722411,True
2026-06-01T18:23:20,11,2,110002,"ARX(2,2)",-181.68850809928173,381.37701619856347,411.7127584517124,True,0,2.655689198083872,0.2818270011454455,0.2717464120847741,0.8408280081412017,0.0042322477260243,0.3233029219553423,0.4118414220496244,0.1631403476138353,0.1930484625068273,True
2026-06-01T18:25:13,11,3,110003,"ARX(2,2)",-181.68843759295777,381.37687518591554,411.7126174390645,True,0,2.667493135150428,0.2816202872057023,0.2710376568247051,0.8412698418825131,0.0040050498578565,0.3232510078281882,0.4095585899433027,0.1634028770564263,0.1953678135675145,True
2026-06-01T18:26:56,11,4,110004,"ARX(2,2)",-181.6885065200597,381.3770130401194,411.7127552932684,True,0,2.6554973905410795,0.2822965533580127,0.2717694124972604,0.8397110487302607,0.0043718639443355,0.323491598844873,0.4107683451773686,0.1632533361300129,0.1936962630203938,True
2026-06-01T18:28:24,11,5,110005,"ARX(2,2)",-181.68853235905712,381.37706471811424,411.7128069712632,True,0,2.671822711547513,0.2820518300193892,0.2706821730323362,0.8408694649065123,0.0037986372015276,0.3232035709882264,0.4082584337452541,0.1631037033669557,0.1970660809201651,True
2026-06-01T18:29:53,11,6,110006,"ARX(2,2)",-181.68843716896367,381.37687433792735,411.7126165910763,True,0,2.6608359642842165,0.2817921091682993,0.271448730258214,0.8407643713586003,0.0041036751290127,0.3232216984866676,0.4109972820993102,0.1633655123977981,0.193885047747529,True
2026-06-01T18:31:30,11,7,110007,"ARX(2,2)",-181.68851789293768,381.37703578587536,411.71277803902433,True,0,2.6558323388631013,0.2811813070733781,0.2717739195380584,0.8419399727258261,0.0040305209138788,0.3231559508295536,0.4114644028744657,0.1631877859671505,0.1938312141472783,True
2026-06-01T18:32:34,11,8,110008,"ARX(2,2)",-181.68842954819092,381.3768590963819,411.71260134953087,True,0,2.6632299747494077,0.2825357174833942,0.2712548435437124,0.839325293635237,0.0042618913555799,0.3234156053930005,0.4108906519644013,0.1633592439279198,0.1935206547515642,True
2026-06-01T18:34:03,11,9,110009,"ARX(2,2)",-181.68862070462507,381.3772414092501,411.7129836623991,True,0,2.64994985976121,0.2818561333316581,0.2721623848897819,0.8407020293391918,0.0042009413932863,0.3235483081455637,0.4106976723537868,0.1631631979099973,0.1939456766506692,True
2026-06-01T18:35:36,11,10,110010,"ARX(2,2)",-181.68866530508132,381.3773306101627,411.71307286331165,True,0,2.675774301889028,0.2815292545100724,0.2703764238272045,0.8421754841495196,0.0036684877141133,0.3233053752409837,0.4066437437371045,0.1637490642611835,0.1980914875180046,True
2026-06-01T18:37:02,11,11,110011,"ARX(2,2)",-181.6884213372096,381.3768426744192,411.7125849275681,True,0,2.66512498940829,0.2825626315649873,0.2711640380235207,0.8393315171712854,0.0042851458556119,0.3232905720171339,0.410022496871271,0.1633204485465318,0.1946070827008736,True
2026-06-01T18:39:56,11,12,110012,"ARX(2,2)",-181.6887466896701,381.3774933793402,411.7132356324892,True,0,2.680590064806364,0.2841190556834986,0.2701610279687415,0.8363483881855044,0.0044915836227197,0.3234641358686571,0.4072081640028247,0.1638251884648262,0.1964142434563639,True
2026-06-01T18:41:52,11,13,110013,"ARX(2,2)",-181.6884305534134,381.3768611068268,411.7126033599758,True,0,2.6627163115823365,0.2819921884303244,0.2713380299480634,0.8405890466394084,0.0041743952164015,0.3233713411834432,0.4094399286438228,0.1633919758866515,0.1951814819186082,True
2026-06-01T18:43:08,11,14,110014,"ARX(2,2)",-181.688792396181,381.377584792362,411.7133270455109,True,0,2.644725006039084,0.2813285424450756,0.272482125441367,0.8416481750791847,0.0040209776491181,0.3233904730788752,0.4111595283708676,0.1629679930720571,0.1940808074061123,True
2026-06-01T18:44:40,11,15,110015,"ARX(2,2)",-181.68885203120544,381.3777040624109,411.7134463155599,True,0,2.68366556051751,0.2836535003513044,0.2699968108653798,0.8366779880395179,0.0039569876378967,0.3224503783741643,0.4128877095301864,0.1633205128607298,0.193291788519557,True
2026-06-01T18:46:15,11,16,110016,"ARX(2,2)",-181.68852964931256,381.3770592986251,411.7128015517741,True,0,2.676182321610755,0.2817130691495911,0.2704773025652392,0.8414844938321212,0.0039397064276698,0.322964443071564,0.4101061937916626,0.1636188997336595,0.1949089586264545,True
2026-06-01T18:48:03,11,17,110017,"ARX(2,2)",-181.68842509440577,381.3768501888116,411.7125924419605,True,0,2.663329950330926,0.2822848615396601,0.2713032933110367,0.8400511596536204,0.0042203356542919,0.3233901828390983,0.4096037721792551,0.1633285463948109,0.1949825064108041,True
2026-06-01T18:50:16,11,18,110018,"ARX(2,2)",-181.6884355368668,381.3768710737336,411.71261332688255,True,0,2.6634150602377296,0.2817908753249909,0.2713041872100988,0.8409503343322757,0.0040023131520107,0.3231923664317992,0.4098020831696793,0.1631840653605004,0.1954672129604474,True
2026-06-01T18:51:56,11,19,110019,"ARX(2,2)",-181.68843759733613,381.37687519467227,411.7126174478212,True,0,2.661054892337809,0.2823409796956934,0.2714150759581186,0.8397671712169562,0.0041540828033107,0.3233838867288583,0.4106516078121467,0.1631025217940217,0.1942650422879162,True
2026-06-01T18:53:19,11,20,110020,"ARX(2,2)",-181.68844152070255,381.3768830414052,411.7126252945541,True,0,2.668121231123456,0.2822150007811392,0.2709321209204297,0.8405359331287112,0.0039890583533805,0.3234918310654373,0.4091750326420575,0.1634615324457781,0.1953056941622831,True
2026-06-01T18:54:58,11,21,110021,"ARX(2,2)",-181.68847974983467,381.3769594996693,411.7127017528183,True,0,2.65694530041756,0.2819471004374811,0.2716902122788366,0.8403834539764,0.0041424815602798,0.3233233360590613,0.4106628566148025,0.1631778781001206,0.1943594393890474,True
2026-06-01T18:56:57,11,22,110022,"ARX(2,2)",-181.69240077507132,381.3848015501427,411.72054380329166,True,0,2.596874188917692,0.289801823015581,0.2745472192124491,0.8282329928881212,0.0078061812968367,0.3348690613566567,0.3965744248548971,0.164472340438364,0.1886524033703395,True
2026-06-01T18:58:40,11,23,110023,"ARX(2,2)",-181.68849589536035,381.3769917907207,411.71273404386966,True,0,2.657726213394238,0.2816542385630176,0.2716742292222585,0.8416504295516679,0.0039166808230959,0.3231430115892728,0.4118442134504352,0.1629626168242395,0.1935960285427502,True
2026-06-01T19:00:58,11,24,110024,"ARX(2,2)",-181.68845214346663,381.37690428693327,411.71264654008223,True,0,2.671318995459455,0.2818901726916924,0.2707974188859808,0.8409703965729417,0.0039541986977878,0.3230240250394748,0.4108226364712,0.1633768699204615,0.1944026831569668,True
2026-06-01T19:02:18,11,25,110025,"ARX(2,2)",-181.6884187349944,381.3768374699888,411.71257972313776,True,0,2.666514765832811,0.2819814376691422,0.2711087209413733,0.8407319535102664,0.0040664462495108,0.3231802414687879,0.4106865095191253,0.163436796085997,0.1941813570723634,True
2026-06-01T19:04:01,11,26,110026,"ARX(2,2)",-181.68842673485392,381.37685346970784,411.7125957228568,True,0,2.66624980979832,0.2824313349392843,0.2710974131210057,0.839447647737268,0.004224811402097,0.3230814518966908,0.4114020599828466,0.1632929790646912,0.1936911768061915,True
2026-06-01T19:05:43,11,27,110027,"ARX(2,2)",-181.6884181940954,381.3768363881908,411.71257864133975,True,0,2.664532998215532,0.2819792723167327,0.271215895371392,0.8407519391420779,0.0041154463829372,0.3232775840517842,0.4108614973042424,0.163388364559006,0.1938655375161747,True
2026-06-01T19:07:05,11,28,110028,"ARX(2,2)",-181.68856320653327,381.37712641306655,411.7128686662155,True,0,2.676406796813827,0.2832980729739578,0.2704401379296835,0.8375267778355984,0.0045285082980188,0.3233210235338192,0.4092603240395532,0.163415818163512,0.1951065633253124,True
2026-06-01T19:08:48,11,29,110029,"ARX(2,2)",-181.68845353904655,381.3769070780932,411.7126493312421,True,0,2.6608448038864694,0.2819032485753001,0.2714533773724176,0.8409263315144211,0.004301906646352,0.3236596267532848,0.4097354926175603,0.163234720731965,0.1945586306992899,True
2026-06-01T19:10:33,11,30,110030,"ARX(2,2)",-181.6885009953034,381.3770019906068,411.71274424375576,True,0,2.6689318295082285,0.2819396077343207,0.2708626421258699,0.8414467270084626,0.0036886479987363,0.3229791826500069,0.4102547702717083,0.1629344230834553,0.1955319437893428,True
2026-06-01T19:12:46,11,31,110031,"ARX(2,2)",-181.6884297925945,381.376859585189,411.712601838338,True,0,2.665919473597392,0.2826257090205543,0.271124834735988,0.8391274364046926,0.0045106336154943,0.3233744557341247,0.4099725198711502,0.1635381271762852,0.1940810830583055,True
2026-06-01T19:14:00,11,32,110032,"ARX(2,2)",-181.6896349087892,381.3792698175784,411.7150120707273,True,0,2.7037972114464743,0.282489531255574,0.2687968361298387,0.840024951556124,0.004086577875821,0.3223266945509501,0.4126388786346414,0.1636950368441783,0.1928369303050594,True
2026-06-01T19:15:28,11,33,110033,"ARX(2,2)",-181.6884401480614,381.3768802961228,411.71262254927177,True,0,2.6704218402107456,0.2823780092059273,0.2708690271490555,0.8398073477887235,0.0043001373783972,0.3230160320886441,0.4105949381850422,0.1633855595725328,0.1943382516432482,True
2026-06-01T19:17:31,11,34,110034,"ARX(2,2)",-181.6900036939555,381.380007387911,411.71574964106,True,0,2.683360614898774,0.2864112317872285,0.269752543716316,0.8328763040779538,0.0046080310541402,0.32352262456986,0.4136100561191523,0.1654286520049804,0.1879148773836834,True
2026-06-01T19:18:56,11,35,110035,"ARX(2,2)",-181.69239642890415,381.3847928578084,411.7205351109573,True,0,2.5897081651031564,0.2893045275367073,0.2749793448355159,0.8294313014999826,0.0074485362090384,0.335313167994253,0.3954170983492641,0.1644538331361031,0.1895159650567001,True
2026-06-01T19:20:19,11,36,110036,"ARX(2,2)",-181.6889198901484,381.3778397802968,411.7135820334457,True,0,2.642960581170272,0.280460113890384,0.2726171583721946,0.8440125767819705,0.003732403456981,0.3232646775683722,0.4113650436906155,0.1629740986608969,0.1942142147622125,True
2026-06-01T19:21:49,11,37,110037,"ARX(2,2)",-181.6887007115532,381.3774014231064,411.71314367625536,True,0,2.65026744565075,0.2821895537473808,0.272042450948524,0.8393265723577004,0.0036766883425964,0.3233175339728231,0.4101342191558998,0.1628052595208225,0.1957439483192981,True
2026-06-01T19:23:48,11,38,110038,"ARX(2,2)",-181.68862173305772,381.3772434661155,411.71298571926445,True,0,2.6800305167237197,0.2831826248382454,0.2702962531448101,0.8382202709947153,0.0043613927295284,0.3232227542853332,0.4095862221739348,0.163551997049487,0.1948651161790487,True
2026-06-01T19:25:32,11,39,110039,"ARX(2,2)",-181.68842129932705,381.3768425986541,411.7125848518031,True,0,2.666367477964319,0.2824381718047604,0.2710793239602584,0.8396748405290014,0.0040665362066104,0.3231605579901851,0.4107577536946707,0.1634787742228175,0.1940738260879642,True
2026-06-01T19:27:40,11,40,110040,"ARX(2,2)",-181.690943939063,381.381887878126,411.717630131275,True,0,2.722158839292844,0.2836781315700382,0.2676662994361648,0.8378835271302577,0.0043065442182814,0.3222560759417055,0.4110145363339246,0.1642892410179804,0.1936366612296421,True
2026-06-01T18:24:23,12,1,120001,"ARX(2,2)",-181.69233684091228,381.38467368182455,411.7204159349735,True,0,2.72106770055556,0.2853588926178151,0.2673671178624314,0.8329553616995875,0.0059877012469099,0.3208254960896606,0.4105873774927285,0.1657137837649812,0.1925981127525287,True
2026-06-01T18:26:02,12,2,120002,"ARX(2,2)",-181.84486804600897,381.68973609201794,412.0254783451669,True,0,3.377864074116875,0.2368780119026458,0.2428771105967974,0.9118641817027656,0.0315360539640075,0.3214580868122952,0.4437881640145022,0.1883342799049578,0.1001955439528033,True
2026-06-01T18:27:43,12,3,120003,"ARX(2,2)",-181.688422905716,381.376845811432,411.7125880645809,True,0,2.664345932188206,0.2818712570456233,0.2712017200201165,0.8408605410470711,0.0039806771580281,0.3233049690610872,0.4104615887755822,0.1634577095601136,0.1942367569499755,True
2026-06-01T18:29:37,12,4,120004,"ARX(2,2)",-181.68850200299795,381.3770040059959,411.71274625914486,True,0,2.67524450829863,0.2820119103042172,0.2705556770292603,0.8406954459533402,0.0042144864603854,0.3231256311118528,0.4108588863966781,0.1634579835308331,0.1938901760479501,True
2026-06-01T18:31:12,12,5,120005,"ARX(2,2)",-181.68847360030185,381.3769472006037,411.7126894537526,True,0,2.667104081724441,0.2821287045849632,0.27099247911338,0.8402837997930755,0.00407783674856,0.3229908716315555,0.4132419527400222,0.1630135412231348,0.1922038253205554,True
2026-06-01T18:32:31,12,6,120006,"ARX(2,2)",-181.6884914418378,381.3769828836756,411.7127251368246,True,0,2.670029026486225,0.2833961490754674,0.2708086387274824,0.8382283962148079,0.0040936999002306,0.3232129210299478,0.4095395118830928,0.1633862317183533,0.19509156014336,True
2026-06-01T18:34:26,12,7,120007,"ARX(2,2)",-181.6886180052536,381.3772360105072,411.71297826365617,True,0,2.6808083367929947,0.2824484668697443,0.2701382436074382,0.8399291830073561,0.0040742138206886,0.3228844907129251,0.4108496730122217,0.1636089968803098,0.1940204584520752,True
2026-06-01T18:36:13,12,8,120008,"ARX(2,2)",-181.68852602542103,381.37705205084205,411.712794303991,True,0,2.676887822292682,0.2824652470122094,0.2704442199286825,0.839799328309589,0.0042273572885686,0.3231850079328346,0.4099644266392204,0.1635389290973788,0.1946336948327013,True
2026-06-01T18:37:33,12,9,120009,"ARX(2,2)",-181.69099937276917,381.3819987455383,411.7177409986873,True,0,2.710718708749049,0.2800684934790363,0.2684425111762883,0.8460384606430921,0.0015236805630171,0.3201148062952439,0.4158467815426327,0.1631957297422117,0.1956232292338466,True
2026-06-01T18:39:51,12,10,120010,"ARX(2,2)",-181.68857343843712,381.37714687687424,411.7128891300232,True,0,2.678608351396824,0.2828602927190879,0.270325316649008,0.838890519099396,0.0042298078287607,0.3231667130147861,0.4093213940695558,0.1635005591780188,0.195343660900799,True
2026-06-01T18:41:21,12,11,120011,"ARX(2,2)",-181.68944714088403,381.37889428176805,411.714636534917,True,0,2.677033369620311,0.2800016059087855,0.2704750503049896,0.8447024175831365,0.0035442909093395,0.3239176936241497,0.4004026364618887,0.1649338596669089,0.2023009940857188,True
2026-06-01T18:42:57,12,12,120012,"ARX(2,2)",-181.69113483638603,381.38226967277205,411.718011925921,True,0,2.718795754750801,0.2841579668137798,0.267834865232683,0.8386541696670374,0.0023917817336906,0.3220666370407791,0.4113529925864974,0.1648290732829861,0.1946261468847574,True
2026-06-01T18:44:22,12,13,120013,"ARX(2,2)",-181.68882952784932,381.3776590556987,411.71340130884766,True,0,2.684199832978106,0.2839412415104673,0.2699872430610057,0.8366986737647396,0.0046696571180721,0.3230741467574657,0.4120764488801242,0.1638391290766674,0.1916637059361641,True
2026-06-01T18:45:56,12,14,120014,"ARX(2,2)",-181.68862068128183,381.37724136256367,411.71298361571263,True,0,2.6703949849135387,0.2826586798146057,0.27085341014129,0.8387873406677286,0.0048132720642714,0.3230714491778173,0.4151966216905773,0.1632700094701144,0.1892552289799637,True
2026-06-01T18:47:25,12,15,120015,"ARX(2,2)",-181.69238621141236,381.3847724228247,411.7205146759736,True,0,2.592500398344196,0.28937771583417,0.2748412406284988,0.828939890082865,0.0077389476220673,0.3351072128559769,0.3955426954480422,0.1643069900346695,0.1896767521141327,True
2026-06-01T18:48:56,12,16,120016,"ARX(2,2)",-181.68842463085812,381.3768492617163,411.71259151486527,True,0,2.667828288716449,0.2820236432212901,0.2710146134199598,0.8402730209836198,0.0042997475943383,0.3231191472514381,0.4104811461574794,0.163391868300871,0.1943659769635961,True
2026-06-01T18:50:50,12,17,120017,"ARX(2,2)",-181.6894140507756,381.3788281015512,411.7145703547002,True,0,2.677930074299288,0.2864049047143001,0.2703396141152673,0.8294982492865535,0.0063275668875376,0.3236027549759592,0.4121660176521188,0.1639323234954735,0.1897273480873848,True
2026-06-01T18:52:51,12,18,120018,"ARX(2,2)",-181.68846963743707,381.3769392748741,411.7126815280231,True,0,2.672803288989377,0.2822879839596544,0.2706414156347265,0.8401138025739148,0.0041158499478749,0.3232766631642161,0.4106702406680909,0.1634136682077355,0.1938980734217603,True
2026-06-01T18:54:23,12,19,120019,"ARX(2,2)",-181.68865190991173,381.37730381982345,411.7130460729724,True,0,2.655765647728961,0.2825893971127379,0.2717021384835243,0.8387485570333577,0.0044289316604131,0.3244928358884897,0.407614707582596,0.1636862422095803,0.195166543652818,True
2026-06-01T18:56:40,12,20,120020,"ARX(2,2)",-181.69142914221757,381.3828582844351,411.71860053758405,True,0,2.716719081306508,0.2831783113948319,0.2682990343461466,0.8363121478814611,0.004964403772227,0.3238530615174628,0.4081117942898525,0.1656018600428913,0.1935568672959703,True
2026-06-01T18:57:54,12,21,120021,"ARX(2,2)",-181.68844334773812,381.3768866954763,411.71262894862525,True,0,2.6640495636383497,0.2815230268555753,0.2712457893686675,0.8414956842878668,0.0043567239385409,0.3232283236803241,0.4113872977396294,0.1633603631961974,0.1931908597828132,True
2026-06-01T19:00:14,12,22,120022,"ARX(2,2)",-181.68884746754355,381.3776949350871,411.71343718823607,True,0,2.687239709546478,0.2828969562611946,0.2697340211457131,0.838275529205064,0.0042922793436773,0.3227781159661833,0.4120079205822239,0.1634440774767389,0.1931596614878203,True
2026-06-01T19:01:37,12,23,120023,"ARX(2,2)",-181.68850005389623,381.37700010779247,411.71274236094143,True,0,2.6673297348888174,0.2826025868208293,0.2711436122762093,0.8390074734664604,0.0043031201016817,0.3233462708336536,0.4082140424423462,0.1632329938655175,0.1967302692140102,True
2026-06-01T19:03:32,12,24,120024,"ARX(2,2)",-181.68846175129573,381.37692350259147,411.7126657557404,True,0,2.6719256954334685,0.2824913135873441,0.2707666005670693,0.8397889464407952,0.0039656928077875,0.3231772268753408,0.4104264265273515,0.1634594595644593,0.194419424158561,True
2026-06-01T19:04:53,12,25,120025,"ARX(2,2)",-181.6884264591584,381.3768529183168,411.71259517146575,True,0,2.6667859966349265,0.2821370030390575,0.271115139206839,0.8401059290938391,0.004276756738944,0.3233970248767179,0.4099928050157129,0.1634851735946389,0.1944506993075511,True
2026-06-01T19:07:09,12,26,120026,"ARX(2,2)",-181.68847443586415,381.3769488717284,411.7126911248773,True,0,2.6588537981744724,0.281493490126369,0.2715526734359395,0.8417011160941534,0.0037205805641544,0.3230860084767735,0.4111306765421329,0.1632497216120484,0.1942867596512617,True
2026-06-01T19:08:48,12,27,120027,"ARX(2,2)",-181.68842952963143,381.37685905926287,411.71260131241183,True,0,2.663479283824892,0.2821060220251806,0.2712853552477164,0.8400816071767769,0.0041341036169903,0.3231831395261505,0.4096274663311242,0.1633404252421408,0.1953137995623003,True
2026-06-01T19:10:23,12,28,120028,"ARX(2,2)",-181.68886241424465,381.3777248284893,411.7134670816383,True,0,2.669058525609898,0.2833214354424933,0.2709734426532965,0.8371888691733383,0.0056332790881482,0.3248586268329211,0.409242763881767,0.1634661438211359,0.1918534527438862,True
2026-06-01T19:12:25,12,29,120029,"ARX(2,2)",-181.6884492698032,381.3768985396063,411.7126407927553,True,0,2.6628098474053883,0.2815655167608343,0.2713137826039372,0.8416671794482232,0.003861691834088,0.3232389385423142,0.4092175046924466,0.1633949728848716,0.1957765993495537,True
2026-06-01T19:13:52,12,30,120030,"ARX(2,2)",-181.68849236381223,381.3769847276245,411.7127269807735,True,0,2.656465468425011,0.2818652943410147,0.2717901023393586,0.840655977987943,0.004190712432693,0.3234209275423063,0.4105674993670873,0.163082080682637,0.1943644857485548,True
2026-06-01T19:15:20,12,31,120031,"ARX(2,2)",-181.6886420712638,381.3772841425276,411.7130263956766,True,0,2.651712725885028,0.2811138530993427,0.2720479663871004,0.8426072147185835,0.0038294839377779,0.3235038966884022,0.4084073754580702,0.1633982932855202,0.1963359884225663,True
2026-06-01T19:17:20,12,32,120032,"ARX(2,2)",-181.6893652520096,381.3787305040192,411.71447275716815,True,0,2.698647802261005,0.2831535837986953,0.2689944551375974,0.8389601039584507,0.0036335100456717,0.3231435041291265,0.4085388398830375,0.1637204854665405,0.1962882975448553,True
2026-06-01T19:19:02,12,33,120033,"ARX(2,2)",-181.68842220615767,381.37684441231534,411.7125866654643,True,0,2.666460228553712,0.2825296441283959,0.2711083412827801,0.8396745567314136,0.004071784677608,0.3232380833393967,0.4103534355916814,0.163430241401756,0.1944312408116719,True
2026-06-01T19:20:57,12,34,120034,"ARX(2,2)",-181.68846991947535,381.3769398389508,411.7126820920997,True,0,2.659093943087621,0.2814520031890115,0.2715980764276831,0.8414726529413653,0.0039252908510627,0.323095649145621,0.4102617914218893,0.1633262326009451,0.1950524193630276,True
2026-06-01T19:22:31,12,35,120035,"ARX(2,2)",-181.6885055767985,381.377011153597,411.712753406746,True,0,2.6684790398982794,0.2825604421274769,0.2710161366582082,0.8388184844341549,0.0041231365041713,0.3226877921417025,0.4097242214401774,0.1631557261663815,0.196138211598351,True
2026-06-01T19:24:01,12,36,120036,"ARX(2,2)",-181.6885394019842,381.3770788039684,411.71282105711737,True,0,2.654192327145761,0.2825554565392946,0.2718679959483018,0.8391138620816329,0.0044841901611089,0.3235036446019714,0.4103374375372305,0.1633464318893265,0.1938710098123233,True
2026-06-01T19:25:15,12,37,120037,"ARX(2,2)",-181.68849375244025,381.3769875048805,411.7127297580294,True,0,2.6663757782486077,0.2831187018657075,0.2710612109170817,0.8377501219261193,0.0045808543300234,0.3230636524158257,0.4129865387961602,0.1631282424519141,0.1918752248428133,True
2026-06-01T19:26:42,12,38,120038,"ARX(2,2)",-181.68959993097636,381.3791998619527,411.7149421151016,True,0,2.6862292698723893,0.2827558832001802,0.269871285609832,0.8410507831623093,0.0032032026104506,0.3233953518098432,0.4000392677445146,0.1639797346239565,0.2046595979827852,True
2026-06-01T19:28:09,12,39,120039,"ARX(2,2)",-181.6915293397464,381.3830586794928,411.7188009326418,True,0,2.729096683499161,0.282879510574862,0.2674074796304124,0.8386161664699847,0.0037513165879278,0.3217714209912079,0.4102821518107001,0.1637961540658038,0.1961852261353693,True
2026-06-01T19:29:44,12,40,120040,"ARX(2,2)",-181.68842622009467,381.3768524401893,411.7125946933383,True,0,2.666565383645652,0.2820421906707622,0.271064839245223,0.8406674237931645,0.0042561595450253,0.3234234584557758,0.4101856318895251,0.1635084514231844,0.1940119595710428,True
2026-06-01T18:27:50,13,1,130001,"ARX(2,2)",-181.68851684059555,381.3770336811911,411.71277593434,True,0,2.662921324712828,0.283731347770998,0.2712749666773304,0.8375172908125958,0.0044233278104328,0.3238504787778632,0.4099334129782085,0.1632409179371159,0.1938304279758772,True
2026-06-01T18:29:18,13,2,130002,"ARX(2,2)",-181.6884282556888,381.3768565113776,411.71259876452655,True,0,2.6632434237453007,0.2818166620155329,0.2712834891295349,0.8411619532171878,0.0039286952471456,0.3233430783345642,0.4105293245514131,0.1632443158608481,0.1944881493089472,True
2026-06-01T18:30:52,13,3,130003,"ARX(2,2)",-181.68886925841397,381.3777385168279,411.71348076997685,True,0,2.658918354553769,0.280853294691366,0.2715523027602697,0.8427664902730033,0.0025954315390815,0.3228008106816893,0.4084636390451481,0.1625574862337671,0.1996422137450446,True
2026-06-01T18:32:18,13,4,130004,"ARX(2,2)",-181.68843594359788,381.37687188719576,411.7126141403447,True,0,2.6621445315151986,0.2821819439129512,0.2713351684306387,0.8407203089439282,0.0038658172081129,0.3232835330368229,0.4104052096010393,0.1633042461164431,0.1945254252196756,True
2026-06-01T18:34:01,13,5,130005,"ARX(2,2)",-181.69034230018497,381.38068460036993,411.7164268535189,True,0,2.70799246830115,0.279902839991698,0.2685457202102306,0.845072619364788,0.0035026699371642,0.3228685908779691,0.404049923179,0.1641142871535096,0.2010853993481005,True
2026-06-01T18:35:27,13,6,130006,"ARX(2,2)",-181.68868970145363,381.3773794029073,411.7131216560563,True,0,2.683379964103088,0.2820989809931956,0.2700320754251856,0.8404728991221748,0.0039808536504925,0.3228211447092541,0.4103838910592223,0.1634912307197068,0.1949375463837574,True
2026-06-01T18:37:08,13,7,130007,"ARX(2,2)",-181.68899109518944,381.3779821903789,411.71372444352784,True,0,2.649970847073422,0.2818985757539047,0.2720340714166328,0.84089887169219,0.0042732979948938,0.3245650112755628,0.4070007497742071,0.1646319888391477,0.1943324568714669,True
2026-06-01T18:38:37,13,8,130008,"ARX(2,2)",-181.688428862425,381.37685772485,411.712599977999,True,0,2.6639830644605875,0.2821710972110106,0.2712326686089489,0.840242854585191,0.0042533290125695,0.3232860893248082,0.4104584946968154,0.1632180823281284,0.1941582764096321,True
2026-06-01T18:40:13,13,9,130009,"ARX(2,2)",-181.6922749502532,381.38454990050633,411.7202921536553,True,0,2.734875784525389,0.2831892948384075,0.2669381668970434,0.8379625597792084,0.0050922928725068,0.3230381180443791,0.4046782997264417,0.1642697225381958,0.1985064693872672,True
2026-06-01T18:41:18,13,10,130010,"ARX(2,2)",-181.6889189098979,381.3778378197958,411.7135800729448,True,0,2.671675914031525,0.2837764694506461,0.2707215919370729,0.8373215066016768,0.0032926766901749,0.3234515454417329,0.4042570649043768,0.1635826898924789,0.2010752701401355,True
2026-06-01T18:42:59,13,11,130011,"ARX(2,2)",-181.6884629218863,381.3769258437726,411.7126680969216,True,0,2.6626260917737063,0.2823804198496592,0.2713211399818503,0.8403758343002177,0.0038853943474109,0.3229458069413092,0.4099570573337641,0.1635711237955532,0.1951141420540031,True
2026-06-01T18:45:15,13,12,130012,"ARX(2,2)",-181.68884762627803,381.37769525255607,411.713437505705,True,0,2.6873023318169347,0.2816519693637018,0.2697666301877932,0.8416504576642276,0.0036961125824643,0.3228207111791153,0.4094332893917428,0.1639037035788602,0.1956531238026215,True
2026-06-01T18:46:49,13,13,130013,"ARX(2,2)",-181.6884358656026,381.3768717312052,411.71261398435416,True,0,2.6682504459111374,0.2828555043859638,0.2709626734070935,0.8388102772583154,0.0043442989429932,0.3232315084927133,0.4110945903436589,0.1633437867303319,0.1935204025828568,True
2026-06-01T18:48:33,13,14,130014,"ARX(2,2)",-181.69186649581616,381.3837329916323,411.7194752447813,True,0,2.728755343753678,0.2819236314829574,0.2675030463866065,0.8391518466040337,0.0031588260332258,0.3203454898303329,0.4136909719201918,0.1625547497918487,0.1971553055927223,True
2026-06-01T18:50:08,13,15,130015,"ARX(2,2)",-181.68854676882583,381.3770935376517,411.7128357908007,True,0,2.65518661428194,0.2813416808346526,0.271761569394953,0.8422035803848642,0.003628186224749,0.3230798126960046,0.41207465837372,0.1632977058225268,0.1933766683505516,True
2026-06-01T18:51:32,13,16,130016,"ARX(2,2)",-181.6884439337396,381.3768878674792,411.7126301206282,True,0,2.6702726019489225,0.2818937102585638,0.2708294986423032,0.8409816764316247,0.0039556814215689,0.323167498870299,0.4099665406947186,0.1635768929342035,0.1948115483314423,True
2026-06-01T18:53:03,13,17,130017,"ARX(2,2)",-181.6884914219464,381.37698284389273,411.7127250970417,True,0,2.6612565073571988,0.2828288202911132,0.271511982997576,0.8392802388405364,0.0042132992298001,0.3234466411654378,0.4106549964362612,0.1636792014387709,0.1933506042898842,True
2026-06-01T18:55:32,13,18,130018,"ARX(2,2)",-181.68843329240852,381.3768665848171,411.71260883796606,True,0,2.661200471288063,0.2818768752968532,0.2714451973481874,0.8408066507735357,0.0042364955062353,0.3233224566042902,0.4103777027653024,0.1632973243262857,0.1942765827517791,True
2026-06-01T18:56:52,13,19,130019,"ARX(2,2)",-181.68854639924405,381.3770927984881,411.71283505163706,True,0,2.653288591958546,0.2815577625567547,0.2719370877060689,0.8412770352335632,0.0040249460882486,0.3232623731299958,0.4108015935261936,0.1632620499623275,0.1942214141171972,True
2026-06-01T18:58:51,13,20,130020,"ARX(2,2)",-181.6885065356143,381.3770130712286,411.7127553243776,True,0,2.6557892961422387,0.2818343724915493,0.2718198952058717,0.8404683090459635,0.0043377483451317,0.3231456321602016,0.4113745809407837,0.1630082698060042,0.1938417469446712,True
2026-06-01T19:00:29,13,21,130021,"ARX(2,2)",-181.69248607942976,381.3849721588596,411.7207144120085,True,0,2.598946356080066,0.2892958095689475,0.2742342874306794,0.829264301738298,0.0076774003482649,0.3349061516804873,0.3976177641993824,0.1644716965091575,0.1875760194214966,True
2026-06-01T19:03:10,13,22,130022,"ARX(2,2)",-181.6914231400581,381.3828462801162,411.7185885332652,True,0,2.687666625846733,0.2858389032451977,0.2698315298887316,0.8326863427175015,0.0047445712539711,0.3199761925539134,0.428059995960829,0.1625985844357426,0.1811455158972453,True
2026-06-01T19:04:36,13,23,130023,"ARX(2,2)",-181.6884265020189,381.3768530040378,411.7125952571868,True,0,2.664553795896795,0.2817866201332841,0.2712305312373092,0.8409042016334944,0.0039946027711855,0.3230950114029659,0.4104358227034503,0.1632055699453685,0.1948792468605376,True
2026-06-01T19:06:27,13,24,130024,"ARX(2,2)",-181.68851486938317,381.3770297387663,411.7127719919153,True,0,2.65573520105936,0.2820980204082475,0.2717548730223842,0.8402292701302305,0.0041325302006651,0.323592683279219,0.4098595786451462,0.1633872954042241,0.1946658553783852,True
2026-06-01T19:07:53,13,25,130025,"ARX(2,2)",-181.68856320102736,381.3771264020547,411.7128686552037,True,0,2.6747221114387814,0.2832592328477922,0.2705657129032974,0.8372841282630973,0.0043385952189485,0.3232568156117741,0.4087757316251235,0.1637395780751229,0.1955402522742673,True
2026-06-01T19:09:25,13,26,130026,"ARX(2,2)",-181.6887580494482,381.3775160988964,411.7132583520454,True,0,2.6835554370177697,0.281077407486984,0.2700139625844319,0.8428908262420102,0.0037243996600788,0.3229819693467155,0.4103844601913848,0.1637538575986525,0.1946720524442176,True
2026-06-01T19:12:35,13,27,130027,"ARX(2,2)",-181.6884350665656,381.3768701331312,411.71261238628017,True,0,2.6620972647792285,0.2817197918222455,0.2713476277007035,0.8413875587169762,0.0039417961158866,0.3233594867351227,0.410619851517406,0.1633990968719273,0.194148956602154,True
2026-06-01T19:13:55,13,28,130028,"ARX(2,2)",-181.6884439566753,381.3768879133506,411.7126301664996,True,0,2.669296033498267,0.2821108981758657,0.2709508058099343,0.8401330465749881,0.0044144128370618,0.323290450527265,0.4093024693153502,0.1635690655221262,0.1949958463561698,True
2026-06-01T19:15:49,13,29,130029,"ARX(2,2)",-181.6887736213971,381.3775472427942,411.7132894959432,True,0,2.68596264021087,0.2825483036996888,0.2698453788316077,0.8397876768096203,0.0042323720634908,0.3231247333338636,0.4088706801492909,0.1636361078827611,0.1956297648998488,True
2026-06-01T19:17:44,13,30,130030,"ARX(2,2)",-181.68841510882163,381.37683021764326,411.7125724707922,True,0,2.664399802168807,0.2821169157007575,0.2712280573893286,0.840331165946841,0.0041787005724909,0.3232309869035674,0.4104639935490653,0.1633573988335373,0.19429021946133,True
2026-06-01T19:19:07,13,31,130031,"ARX(2,2)",-181.68841772926208,381.37683545852417,411.71257771167313,True,0,2.6652952747940617,0.2822649960806204,0.271190058804272,0.8397976482849058,0.0042951375870441,0.3231740727182469,0.4110143833237318,0.163271515816142,0.1938561861453338,True
2026-06-01T19:20:26,13,32,130032,"ARX(2,2)",-181.68847008464056,381.3769401692812,411.7126824224301,True,0,2.6731830529642617,0.2821011321082651,0.2706571547870271,0.8407096060576317,0.0041121919163205,0.323239690460507,0.4102437243661915,0.1634757179807084,0.1943783328671104,True
2026-06-01T19:22:07,13,33,130033,"ARX(2,2)",-181.69242463985603,381.38484927971206,411.720591532861,True,0,2.6004669503549507,0.2897489205701986,0.2742982904177742,0.8281318073577856,0.007649581981343,0.3347184173772887,0.396211804167406,0.1644793833652646,0.1893815092798728,True
2026-06-01T19:23:46,13,34,130034,"ARX(2,2)",-181.6886396373248,381.3772792746496,411.71302152779856,True,0,2.680779518375314,0.2820116176242616,0.2702725294822874,0.8400729431285986,0.0043477261223305,0.3227617824628032,0.4110653090455705,0.1634900623871253,0.1942048996085205,True
2026-06-01T19:25:36,13,35,130035,"ARX(2,2)",-181.68842422994743,381.37684845989486,411.7125907130438,True,0,2.665246803701664,0.2820031787774784,0.2711864120170608,0.8404303727114707,0.0042892659652735,0.3231428949417639,0.4117002359732638,0.1633167843703215,0.1931354984492237,True
2026-06-01T19:27:02,13,36,130036,"ARX(2,2)",-181.68845544023776,381.3769108804755,411.7126531336245,True,0,2.666803897597384,0.282474452555624,0.2710346264534402,0.8399596243090961,0.0041617230132714,0.3231437870591208,0.4087153860207481,0.1635505146200264,0.1959118562590349,True
2026-06-01T19:28:42,13,37,130037,"ARX(2,2)",-181.6884655031204,381.3769310062408,411.7126732593897,True,0,2.6588005697564885,0.2816027167765303,0.271581944728692,0.8413883441960245,0.0041741335054877,0.3231766536436934,0.4115585965453461,0.1631466537096071,0.1935513393073145,True
2026-06-01T19:30:20,13,38,130038,"ARX(2,2)",-181.68844006887565,381.3768801377513,411.71262239090026,True,0,2.660720596745899,0.2823045055712176,0.2714706474572685,0.8395147901583423,0.004320620609085,0.3232434288669598,0.4103809909705559,0.1632904313927394,0.1943801800635358,True
2026-06-01T19:31:36,13,39,130039,"ARX(2,2)",-181.68842723508885,381.3768544701777,411.7125967233266,True,0,2.6639222343926616,0.2822677984043639,0.2712325821327451,0.8400525421231497,0.0043610987272379,0.3233915045914005,0.4096381137340518,0.163500671624102,0.1945249374735104,True
2026-06-01T19:33:19,13,40,130040,"ARX(2,2)",-181.68842824816647,381.37685649633295,411.7125987494819,True,0,2.6668702320564117,0.2820340053172684,0.2710505927039736,0.8404377351000172,0.0042479596425845,0.3233719614853081,0.4095742332953085,0.1632795602276014,0.1950862466559857,True
2026-06-01T18:21:35,14,1,140001,"ARX(2,2)",-181.68850256245588,381.37700512491176,411.7127473780607,True,0,2.657460905296129,0.2813779204751764,0.2716567408462398,0.8417046831108417,0.0041576006149826,0.3232372072525658,0.4119926894774945,0.1634134432202398,0.1926997879556841,True
2026-06-01T18:23:35,14,2,140002,"ARX(2,2)",-181.6884617087054,381.3769234174108,411.7126656705598,True,0,2.6603471507641108,0.2820048974849657,0.2714886259387282,0.8412062789345387,0.0039425199851047,0.323616164420388,0.4102779982167144,0.1632149808756231,0.1943463290655336,True
2026-06-01T18:25:59,14,3,140003,"ARX(2,2)",-181.68860606223168,381.3772121244633,411.7129543776123,True,0,2.678356357833985,0.2813868973396913,0.2703716809015877,0.8422383984106041,0.0040790958097621,0.3230307219903582,0.411178229162837,0.1636824205650005,0.1934463459379105,True
2026-06-01T18:28:14,14,4,140004,"ARX(2,2)",-181.6890001113508,381.3780002227016,411.71374247585055,True,0,2.6909874449553786,0.2822208512852778,0.2695764342122588,0.8402533951440251,0.0039885870949216,0.323238503489891,0.4102502365274548,0.1640858944170016,0.1939126222481813,True
2026-06-01T18:29:32,14,5,140005,"ARX(2,2)",-181.6884292798622,381.3768585597244,411.71260081287335,True,0,2.664129805629277,0.2824654279343683,0.2712595753140789,0.8399824902930175,0.0041285763187203,0.3231437761483818,0.4114812743055487,0.1631820581286815,0.1935739224201963,True
2026-06-01T18:31:21,14,6,140006,"ARX(2,2)",-181.6886874721464,381.3773749442928,411.71311719744176,True,0,2.658340986946672,0.2819695709099052,0.2716447913852765,0.8407228429475553,0.0045789072438709,0.3231019436583661,0.4162585048788485,0.163070642822409,0.1885914597085814,True
2026-06-01T18:32:56,14,7,140007,"ARX(2,2)",-181.69247630296104,381.3849526059221,411.7206948590711,True,0,2.5823111450030707,0.2894818463888918,0.2754725758970043,0.8287228073117867,0.0076649049601443,0.3355111673149012,0.3960161790991229,0.1642800268736144,0.1887753761514582,True
2026-06-01T18:34:02,14,8,140008,"ARX(2,2)",-181.68867043029155,381.3773408605831,411.71308311373207,True,0,2.680859756945934,0.2818717642659994,0.2702878114382793,0.8412131361145078,0.0040481354768134,0.3227047219181531,0.4125946633542376,0.1633002153306051,0.1930194556066964,True
2026-06-01T18:35:22,14,9,140009,"ARX(2,2)",-181.6884238342524,381.3768476685048,411.7125899216537,True,0,2.6632880895782844,0.2819047153113419,0.2712887839692798,0.8409256956115103,0.004100212389131,0.3233256168310653,0.4102258954415379,0.1633198628980054,0.1944630251426791,True
2026-06-01T18:36:57,14,10,140010,"ARX(2,2)",-181.68843193068025,381.3768638613605,411.7126061145095,True,0,2.669684083319273,0.2821915775720526,0.2708888910692278,0.8403607586703977,0.004120177529612,0.3231141468678173,0.4107914316106569,0.163446303989406,0.193993736902356,True
2026-06-01T18:38:06,14,11,140011,"ARX(2,2)",-181.68846000926632,381.37692001853264,411.7126622716816,True,0,2.6611324143636157,0.2822183214947457,0.2714181466409238,0.8407256103157276,0.0042779939702363,0.3236753262987396,0.4094771970788368,0.163267610746779,0.1946211324537455,True
2026-06-01T18:39:35,14,12,140012,"ARX(2,2)",-181.6885064770749,381.3770129541498,411.7127552072988,True,0,2.673537887770806,0.2823270466395639,0.2706506086176737,0.8397863271437754,0.0042457941414114,0.3227473146049028,0.4127469261281574,0.1632697057282429,0.1927168248075242,True
2026-06-01T18:41:29,14,13,140013,"ARX(2,2)",-181.6884758786226,381.3769517572452,411.71269401039416,True,0,2.6656959943197616,0.2815440429657634,0.2711222262922247,0.8417574562234476,0.00405316974412,0.3236879760926204,0.4095953510055834,0.1636258708440092,0.1942351565195096,True
2026-06-01T18:43:14,14,14,140014,"ARX(2,2)",-181.68845162389488,381.37690324778976,411.7126455009387,True,0,2.665406849091863,0.2816494558474637,0.2712693145781095,0.8411313280387953,0.0043297377359438,0.3231235797199739,0.4117749172432183,0.1633880728076826,0.1930235875703523,True
2026-06-01T18:44:41,14,15,140015,"ARX(2,2)",-181.6886937833349,381.3773875666699,411.7131298198189,True,0,2.6809946634692707,0.2825118413919009,0.270137339241881,0.8400736992533695,0.0039401219556055,0.3231281847833968,0.4071702187412719,0.163807232970995,0.1974605741186695,True
2026-06-01T18:46:36,14,16,140016,"ARX(2,2)",-181.68849571362333,381.3769914272467,411.7127336803957,True,0,2.6600766265738462,0.2825827082435636,0.2714793999972431,0.8389712967251791,0.0041201156955375,0.3231156357370484,0.409118557687841,0.1631896883901264,0.1961764894963028,True
2026-06-01T18:47:50,14,17,140017,"ARX(2,2)",-181.68846271999408,381.37692543998816,411.7126676931371,True,0,2.668378200772467,0.2817232258644115,0.2709487566395365,0.841389289986752,0.0035790462584408,0.3228762851959948,0.4101319670009279,0.163483496694513,0.1955447056812591,True
2026-06-01T18:49:34,14,18,140018,"ARX(2,2)",-181.6911104731444,381.3822209462888,411.7179631994378,True,0,2.714211262839431,0.2820577717907169,0.2685510896491259,0.8383319852982686,0.0054155068767832,0.3206761622452548,0.4096256936206039,0.163564551154842,0.1969870029545346,True
2026-06-01T18:52:38,14,19,140019,"ARX(2,2)",-181.68944649859952,381.3788929971991,411.714635250348,True,0,2.689520708159069,0.278976454932855,0.2697343656566723,0.8487021726474998,0.0035077498103196,0.3225822431237546,0.4111981969853948,0.1638475780952004,0.1942906984226962,True
2026-06-01T18:53:48,14,20,140020,"ARX(2,2)",-181.68844420794784,381.3768884158957,411.71263066904464,True,0,2.662318258499688,0.2817380347485063,0.2714476007949989,0.8412390830027943,0.0043154414496801,0.3230802976632459,0.4110566611891614,0.1632406901254278,0.1939278296921917,True
2026-06-01T18:57:08,14,22,140022,"ARX(2,2)",-181.68843770534187,381.3768754106837,411.7126176638327,True,0,2.66528437784529,0.2818426960353615,0.2711803582469371,0.8409345769222766,0.004170094254285,0.3232982707098521,0.4089571906827973,0.1635787987915036,0.1955226956366886,True
2026-06-01T18:58:59,14,23,140023,"ARX(2,2)",-181.688423328548,381.376846657096,411.71258891024496,True,0,2.667990956706069,0.282433923667662,0.2710180608222263,0.839641848202626,0.0042510995924513,0.3232692839409584,0.4104098200145996,0.16343828905874,0.1941457896031211,True
2026-06-01T19:00:14,14,24,140024,"ARX(2,2)",-181.68849002771915,381.3769800554383,411.7127223085873,True,0,2.656272512159466,0.2823412469823664,0.2717589344601767,0.8397094666275366,0.0042979563301629,0.3234051584070994,0.4106437757796336,0.1632662440411839,0.1939873221361987,True
2026-06-01T19:01:59,14,25,140025,"ARX(2,2)",-181.68843392701484,381.3768678540297,411.71261010717865,True,0,2.668222961368159,0.2826906274496949,0.2709501780416281,0.8393730050781467,0.0041386658324651,0.323356951549241,0.4095143244786363,0.1634685269525735,0.1949557750189451,True
2026-06-01T19:03:06,14,26,140026,"ARX(2,2)",-181.6892813873686,381.3785627747372,411.71430502788616,True,0,2.6952162246846028,0.2821945388854588,0.2693242637898921,0.8398434398544082,0.0043201183516806,0.3220109393183515,0.414748694986977,0.1633571553957653,0.1913720413989441,True
2026-06-01T19:05:23,14,27,140027,"ARX(2,2)",-181.6884661079303,381.3769322158606,411.7126744690096,True,0,2.6586083103252216,0.2817702832089533,0.2716036890605366,0.8407468408882306,0.0039161007898518,0.3230721612321484,0.4109202942440927,0.1632513100107082,0.1944578399789902,True
2026-06-01T19:06:54,14,28,140028,"ARX(2,2)",-181.68859152339812,381.3771830467963,411.71292529994525,True,0,2.6781338559600125,0.2833244142246737,0.2703108223145475,0.8384854023156788,0.004362711868817,0.3234608338667575,0.409994364361309,0.1636760973000025,0.1938396841437433,True
2026-06-01T19:08:54,14,29,140029,"ARX(2,2)",-181.68854920608217,381.37709841216434,411.7128406653133,True,0,2.6581124747029024,0.2822594811225915,0.2717329509757082,0.8397193612002515,0.0044525668784242,0.3225246292583854,0.4133859039813982,0.1632049875677303,0.1922458848013597,True
2026-06-01T19:10:46,14,30,140030,"ARX(2,2)",-181.68952060515144,381.3790412103028,411.7147834634518,True,0,2.6992656089893785,0.2811776072006253,0.2689499386990593,0.8417736841318857,0.0036748002130735,0.3227757158165997,0.4072356815616493,0.163647960750864,0.1984512469058798,True
2026-06-01T19:12:19,14,31,140031,"ARX(2,2)",-181.68847242025447,381.37694484050894,411.7126870936579,True,0,2.670344079538371,0.2824748671340227,0.2708456818661822,0.8402394481782148,0.0039064335792168,0.3233921777044279,0.4089585598993548,0.1638033507724912,0.195348743511676,True
2026-06-01T19:14:25,14,32,140032,"ARX(2,2)",-181.68846317215448,381.3769263443089,411.7126685974579,True,0,2.6712000340232103,0.2828661113865973,0.2707595097772289,0.8387159173019054,0.0043133945918245,0.3234657284648359,0.4103333660936898,0.1635232369663097,0.1938014738464194,True
2026-06-01T19:15:38,14,33,140033,"ARX(2,2)",-181.68852377245423,381.37704754490846,411.71278979805743,True,0,2.660673594513053,0.2832606353409135,0.2714949032404606,0.837646605336748,0.0048815116428312,0.3233666222620312,0.4126352305990522,0.1631960437708319,0.1915048118850269,True
2026-06-01T19:17:53,14,34,140034,"ARX(2,2)",-181.689277053464,381.3785541069281,411.714296360077,True,0,2.647856114855788,0.278331686115208,0.2723251387713061,0.848976347296181,0.0033130882801883,0.3234430294935383,0.4133648252651387,0.1628593842265975,0.1921173248643723,True
2026-06-01T19:20:00,14,35,140035,"ARX(2,2)",-181.688924638962,381.377849277924,411.713591531073,True,0,2.689523810733069,0.2829779483144589,0.2695865261970134,0.8385440896089659,0.0042707455832795,0.323216758154135,0.4080770711902986,0.1639041852678433,0.1959540407484777,True
2026-06-01T19:21:16,14,36,140036,"ARX(2,2)",-181.6884401116624,381.3768802233248,411.7126224764737,True,0,2.66067188084868,0.2821771249715654,0.2714285180510529,0.8401030366213992,0.0040513136279182,0.3234167395269379,0.411044317235208,0.1632328526222081,0.1937843403078003,True
2026-06-01T19:22:51,14,37,140037,"ARX(2,2)",-181.68844021414344,381.3768804282869,411.7126226814359,True,0,2.667971286227698,0.2823030171190208,0.2709875546840658,0.8398993933604287,0.0038610594357262,0.3232000614696207,0.4106200791040478,0.1635800086856189,0.1941792803928125,True
2026-06-01T19:24:36,14,38,140038,"ARX(2,2)",-181.68844587652148,381.37689175304297,411.71263400619193,True,0,2.669849222989523,0.2828238713815199,0.2709202018306336,0.8387711277843817,0.0044190811596962,0.3232744541951472,0.410326661143588,0.1634322502005299,0.1941087575291168,True
2026-06-01T19:27:12,14,39,140039,"ARX(2,2)",-181.68849011400548,381.37698022801095,411.7127224811599,True,0,2.6563855129480207,0.2817533478436391,0.2717100373361082,0.8406895308874134,0.0041109690764464,0.3234023108481877,0.4107784667976613,0.1632655654828242,0.1939946195423262,True
2026-06-01T19:28:34,14,40,140040,"ARX(2,2)",-181.6884375344809,381.3768750689618,411.7126173221108,True,0,2.6688464171400725,0.2828620656821277,0.2709264281937334,0.8388121627811466,0.0042612210865917,0.3232502921772073,0.4101725510833139,0.1633413342547982,0.1944979248136722,True
2026-06-01T18:24:45,15,1,150001,"ARX(2,2)",-181.688523138862,381.3770462777241,411.712788530873,True,0,2.674414967419225,0.2830985399697699,0.2705722339785134,0.8389699525086598,0.0043023039684176,0.3231569913742539,0.4114902016849991,0.1635578724509419,0.1927807127254245,True
2026-06-01T18:26:30,15,2,150002,"ARX(2,2)",-181.6884382686548,381.3768765373096,411.7126187904586,True,0,2.6626804538768565,0.2814458373598439,0.2713239109378423,0.841816646816844,0.0039578279054753,0.3231461579039204,0.4105730841091166,0.1633978012045177,0.1944392960365593,True
2026-06-01T18:28:20,15,3,150003,"ARX(2,2)",-181.68854448913996,381.3770889782799,411.7128312314288,True,0,2.655000175084394,0.2828760721149791,0.2718656275403118,0.8387388224943206,0.0042718928353895,0.3233295083443858,0.4099123633389542,0.1633023646398701,0.1946763564319232,True
2026-06-01T18:29:56,15,4,150004,"ARX(2,2)",-181.68843701051296,381.376874021026,411.7126162741749,True,0,2.660640828643241,0.281884053834899,0.2714672537365618,0.8405906584259114,0.0040908633541416,0.3232837287045603,0.4102968451616051,0.1632869714900767,0.1946198572016466,True
2026-06-01T18:31:02,15,5,150005,"ARX(2,2)",-181.6884737758048,381.37694755160953,411.7126898047585,True,0,2.6663152209523537,0.2833257382624515,0.2710580727200057,0.8373079319274813,0.004555587498624,0.3234544721515886,0.4097864190697765,0.163412457463691,0.1942811812597243,True
2026-06-01T18:32:31,15,6,150006,"ARX(2,2)",-181.68870572646935,381.3774114529388,411.7131537060877,True,0,2.6480729485915067,0.2823523955530665,0.2723212268941425,0.8390766117297922,0.0046732199724667,0.3235023140681453,0.4107080760602324,0.1628987841337224,0.1939512744786986,True
2026-06-01T18:34:03,15,7,150007,"ARX(2,2)",-181.68843111123252,381.3768622224651,411.71260447561406,True,0,2.669199492340016,0.282214994583035,0.2709277724265393,0.8403849354109817,0.0041460111589659,0.3230171372421512,0.4107916202833363,0.1633423323865579,0.1942134794907277,True
2026-06-01T18:35:49,15,8,150008,"ARX(2,2)",-181.68845003310813,381.3769000662163,411.7126423193653,True,0,2.6674722954337606,0.2822447175337033,0.2710222571474032,0.8399302816886492,0.0040318000661705,0.3230255653835339,0.4111708107666513,0.1629055867912962,0.1945384013659754,True
2026-06-01T18:37:55,15,9,150009,"ARX(2,2)",-181.6885343313616,381.3770686627232,411.7128109158722,True,0,2.6666991353423546,0.2821321395890238,0.2710940969211459,0.8404519907226312,0.0046006798701432,0.3226753797841252,0.4142358058394694,0.163227772598101,0.1907234200624244,True
2026-06-01T18:39:28,15,10,150010,"ARX(2,2)",-181.6884881132324,381.3769762264648,411.7127184796137,True,0,2.668815406945701,0.2834815872330557,0.2709262900777526,0.837434319859196,0.0045111431611712,0.3233411183432099,0.4114813721273565,0.1634749717163545,0.1927309979431468,True
2026-06-01T18:40:56,15,11,150011,"ARX(2,2)",-181.68846542789575,381.3769308557916,411.7126731089405,True,0,2.672593349557423,0.28272893044003,0.2706986047430502,0.8392798750755831,0.0043199337875987,0.3232241846083553,0.4104212626673624,0.1635861944839295,0.1939044562073819,True
2026-06-01T18:43:02,15,12,150012,"ARX(2,2)",-181.68843969682743,381.3768793936549,411.7126216468039,True,0,2.6607594933390835,0.2822676030508945,0.2714700180070473,0.8399022595334146,0.0041502297506807,0.3231275049821178,0.4110407850688143,0.1631138610262237,0.1941824439292546,True
2026-06-01T18:44:38,15,13,150013,"ARX(2,2)",-181.6893055678788,381.3786111357575,411.7143533889065,True,0,2.686420778911984,0.2862655628660697,0.2698305442794813,0.8319940399775752,0.0048924974155269,0.3231414408384225,0.4127105332069708,0.1637519952290434,0.1911448189400252,True
2026-06-01T18:47:09,15,14,150014,"ARX(2,2)",-181.688570107664,381.3771402153279,411.7128824684769,True,0,2.6624326735979755,0.2830749710334976,0.2714843823763176,0.8381244694496545,0.0048170035175881,0.3233941659550605,0.4088454359041816,0.16405705343019,0.1943101607741227,True
2026-06-01T18:48:46,15,15,150015,"ARX(2,2)",-181.692390029748,381.384780059496,411.7205223126449,True,0,2.594686541675668,0.2895605589537605,0.2746752804950955,0.8284484848738878,0.0074920569052837,0.3350110007267908,0.3963265008406101,0.1643864941036523,0.1891711882173377,True
2026-06-01T18:49:59,15,16,150016,"ARX(2,2)",-181.6884782193422,381.3769564386844,411.7126986918333,True,0,2.673628649637796,0.282605408719217,0.2706185057672668,0.839380230105591,0.0042562608889948,0.3233827762553997,0.4098942081152771,0.1634902977691266,0.1944647073387637,True
2026-06-01T18:52:08,15,17,150017,"ARX(2,2)",-181.68849030821892,381.3769806164379,411.71272286958686,True,0,2.6574529162542064,0.2819361930103147,0.2716580586608173,0.840563284991021,0.0042220424910441,0.3231381363481563,0.411677625592244,0.1634339500017283,0.1931922130229804,True
2026-06-01T18:54:02,15,18,150018,"ARX(2,2)",-181.6884918825621,381.3769837651242,411.71272601827314,True,0,2.661851178654284,0.2820406490335188,0.2714021561862982,0.8407817521585903,0.0038453440063971,0.3233084856290685,0.4078222592687743,0.1634639894248169,0.197092241089428,True
2026-06-01T18:56:26,15,19,150019,"ARX(2,2)",-181.68853776178784,381.3770755235757,411.7128177767247,True,0,2.67626508514032,0.2825888013610099,0.2704524005906355,0.8397397122912399,0.0044108013743223,0.323390150697785,0.409860104107794,0.1636038418746146,0.1939681307799658,True
2026-06-01T18:58:08,15,20,150020,"ARX(2,2)",-181.68904778291028,381.37809556582056,411.7138378189695,True,0,2.691686612324991,0.2833434285442085,0.2694081722505449,0.8387100065672308,0.0041465259371998,0.3228098455096449,0.4087133263806558,0.1641517601431165,0.1954126798255218,True
2026-06-01T18:59:41,15,21,150021,"ARX(2,2)",-181.6884359638434,381.3768719276868,411.71261418083577,True,0,2.661114337231804,0.2818045560750099,0.271443158002237,0.8410305899389073,0.0040625474045377,0.3232073408144227,0.4113361416392342,0.1632202613155867,0.1937396152579142,True
2026-06-01T19:01:00,15,22,150022,"ARX(2,2)",-181.6884598977507,381.3769197955014,411.7126620486504,True,0,2.6619307551690854,0.2822609281814236,0.2713667211888885,0.8400597125594451,0.0037647535755586,0.3230040319492661,0.4118081499464404,0.1629817937197561,0.194046310006425,True
2026-06-01T19:02:31,15,23,150023,"ARX(2,2)",-181.68850049687,381.37700099374,411.712743246889,True,0,2.665587317320121,0.2810435008950018,0.2711943713030833,0.8417551034963892,0.0046549762694304,0.3229034021383487,0.411095750915076,0.1632384199905885,0.1938940202411549,True
2026-06-01T19:04:15,15,24,150024,"ARX(2,2)",-181.6886187774388,381.3772375548775,411.7129798080265,True,0,2.6509969654480727,0.281504357899438,0.2721154733684886,0.8414340348849065,0.0040045219144048,0.3231402879167105,0.4126648864770839,0.1630935870020542,0.1926909026056466,True
2026-06-01T19:05:54,15,25,150025,"ARX(2,2)",-181.68893776706665,381.3778755341333,411.7136177872822,True,0,2.6895133921750536,0.283659816170239,0.2696116937935252,0.8372355547926148,0.0045304838793832,0.3231257534409517,0.4104810224731801,0.1638464928395917,0.1935025597988597,True
2026-06-01T19:07:27,15,26,150026,"ARX(2,2)",-181.68911966567063,381.3782393313413,411.7139815844903,True,0,2.6942311211572614,0.2830586699429349,0.2692901394551606,0.8385515981651053,0.0040948902131372,0.3225216629085255,0.4114364034910289,0.163598587735626,0.1939333098822563,True
2026-06-01T19:08:46,15,27,150027,"ARX(2,2)",-181.6886287046513,381.3772574093026,411.7129996624516,True,0,2.652651510836461,0.282297510996675,0.2719196927312277,0.8404404853624416,0.0039003618579267,0.3233699628097941,0.4135867442126564,0.1629868905810418,0.1915561082110228,True
2026-06-01T19:10:14,15,28,150028,"ARX(2,2)",-181.68928826742865,381.3785765348573,411.7143187880063,True,0,2.688873674975801,0.2849554012185827,0.2695782331358354,0.8326694772951264,0.0052335955423385,0.323770484545083,0.4101616743353922,0.1635768633073502,0.1931121741151388,True
2026-06-01T19:11:47,15,29,150029,"ARX(2,2)",-181.68843218803437,381.3768643760687,411.7126066292177,True,0,2.66971033454462,0.2821476700704393,0.2708728339060226,0.8403574760847108,0.004223482807165,0.3231031981367182,0.4109057461897022,0.1634128559596226,0.1938747424905845,True
2026-06-01T19:13:38,15,30,150030,"ARX(2,2)",-181.6886774513877,381.3773549027753,411.7130971559243,True,0,2.6769012645326686,0.2830876385794955,0.2702305360806208,0.8379641066050509,0.0040201684810638,0.3228627187094813,0.4102390296150684,0.162923169397456,0.1954315570784899,True
2026-06-01T19:15:11,15,31,150031,"ARX(2,2)",-181.6885535796328,381.3771071592656,411.7128494124146,True,0,2.655329507876916,0.2817593636912807,0.2717854584874902,0.8402075719325971,0.0046789066926236,0.3234414555107419,0.412215746278601,0.1630611219535684,0.1922318011893689,True
2026-06-01T19:16:32,15,32,150032,"ARX(2,2)",-181.68901146236144,381.3780229247229,411.7137651778719,True,0,2.6692320829132035,0.2815445241254084,0.2706782117024693,0.8437233222498377,0.0036711041874836,0.3242825207084979,0.4033243505503837,0.1637840221978687,0.1993247563439087,True
2026-06-01T19:18:19,15,33,150033,"ARX(2,2)",-181.68924354696327,381.37848709392654,411.7142293470755,True,0,2.693757804173399,0.2840436984522577,0.2693280538602055,0.8366784326355163,0.0042287680775588,0.3231109041482478,0.4073167784365485,0.1639005604152634,0.197236612673484,True
2026-06-01T19:19:49,15,34,150034,"ARX(2,2)",-181.68842538168556,381.3768507633711,411.71259301652,True,0,2.664640592501046,0.2824414362014266,0.2712165801440958,0.84008423850031,0.0041106890650659,0.3232108643592852,0.4100973187965246,0.1634387330836621,0.1946517025727651,True
2026-06-01T19:21:33,15,35,150035,"ARX(2,2)",-181.68853802047323,381.37707604094646,411.7128182940954,True,0,2.676758341208775,0.2819724855300131,0.2704474798108516,0.8406093650845721,0.00423872272041,0.3230248805182867,0.4116511530211922,0.1634508752017342,0.1932150134338061,True
2026-06-01T19:22:57,15,36,150036,"ARX(2,2)",-181.6885997079468,381.37719941589353,411.7129416690425,True,0,2.667812328638079,0.2812830456177509,0.2709779378959849,0.8407786584356456,0.0044887033600461,0.3237954786342468,0.4110728805398124,0.1638112215880449,0.1924140964785786,True
2026-06-01T19:24:44,15,37,150037,"ARX(2,2)",-181.6884419755293,381.3768839510586,411.71262620420754,True,0,2.66945882434824,0.282221027706839,0.2708837280438648,0.8402682182057548,0.0039835640649211,0.3231076283156919,0.4103296973328041,0.1636715011121343,0.1942888774581143,True
2026-06-01T19:26:24,15,38,150038,"ARX(2,2)",-181.68843698565323,381.3768739713065,411.7126162244555,True,0,2.662292394394207,0.2816026029161078,0.2713814447320595,0.8412664773780987,0.0041672149593136,0.3231593991359178,0.4107287629853146,0.1634081135586691,0.1940290290979626,True
2026-06-01T19:28:04,15,39,150039,"ARX(2,2)",-181.68849624820595,381.3769924964119,411.71273474956087,True,0,2.6728357890694947,0.2821674841965568,0.2706858482330377,0.8405946768428055,0.0045301577490076,0.3232617481451463,0.4090365459586233,0.1634680858669812,0.19517977268355,True
2026-06-01T19:29:39,15,40,150040,"ARX(2,2)",-181.6886151510982,381.3772303021964,411.71297255534535,True,0,2.650423006156683,0.2814051638950419,0.2721290029411506,0.8416346961231906,0.0040054006530304,0.3233485750869092,0.4109805046741955,0.1631781657055066,0.194072159185952,True
2026-06-01T18:27:55,16,1,160001,"ARX(2,2)",-181.68844438697712,381.3768887739543,411.7126310271032,True,0,2.6611546231391747,0.2823691890311213,0.2714626921283093,0.8398144470892422,0.0039330824886953,0.3231991513822758,0.4105488679200405,0.1632383520531227,0.1946947543453293,True
2026-06-01T18:29:06,16,2,160002,"ARX(2,2)",-181.68852656774095,381.377053135482,411.7127953886309,True,0,2.676232489148505,0.2829881981263153,0.2704616592713807,0.8389739887336809,0.004161913507186,0.3230791379706425,0.4103976437357211,0.1634835087900792,0.1943429110204386,True
2026-06-01T18:30:48,16,3,160003,"ARX(2,2)",-181.68851399703956,381.3770279940791,411.712770247228,True,0,2.6572684381566067,0.2810394034318108,0.271661210924537,0.8425281055794095,0.0039299647342786,0.3230931327573703,0.411683538757981,0.1630203660532335,0.1938775461728962,True
2026-06-01T18:32:52,16,4,160004,"ARX(2,2)",-181.6884460638081,381.3768921276162,411.7126343807652,True,0,2.663960552328465,0.2822573501427973,0.2712078402665654,0.8397665810682223,0.0040969225810705,0.3229950890634012,0.4124900667230604,0.1631944732382112,0.1927642630712278,True
2026-06-01T18:34:39,16,5,160005,"ARX(2,2)",-181.68852865942603,381.37705731885205,411.712799572001,True,0,2.6727918992830246,0.2830834006076991,0.2707398934111185,0.8382174736036254,0.0040483202458316,0.3231585217985045,0.4088927853269953,0.1633260216111281,0.1962870473080004,True
2026-06-01T18:35:57,16,6,160006,"ARX(2,2)",-181.6905849487185,381.3811698974371,411.7169121505861,True,0,2.659837098199681,0.2873727404875391,0.2717150825875545,0.830600929192548,0.006082309494544,0.320978065442533,0.4125885622804005,0.16199186155114,0.1946460837221422,True
2026-06-01T18:37:15,16,7,160007,"ARX(2,2)",-181.6884763124872,381.3769526249744,411.7126948781233,True,0,2.6584582828902343,0.2820286454812205,0.2715973486497453,0.8403813264819089,0.0042389690834773,0.3230578212594178,0.4123800224274466,0.1632864873815811,0.1925783641041561,True
2026-06-01T18:38:19,16,8,160008,"ARX(2,2)",-181.6884861222772,381.3769722445544,411.7127144977033,True,0,2.673854212244042,0.2825283190314911,0.2705692489137148,0.8393288495855037,0.0042617219437894,0.3233774665111065,0.4100173371155357,0.163507389337041,0.1942692859713274,True
2026-06-01T18:39:35,16,9,160009,"ARX(2,2)",-181.6886831906774,381.3773663813548,411.7131086345038,True,0,2.654044639686497,0.2812506014292346,0.2717797217690698,0.8424239801469479,0.0037580364412305,0.3227953080908995,0.4126224536416593,0.1624232017406899,0.1941277498237108,True
2026-06-01T18:40:59,16,10,160010,"ARX(2,2)",-181.6885372152386,381.3770744304772,411.71281668362616,True,0,2.67525290365088,0.2822607140060784,0.270603709141348,0.8400754179677147,0.003846957483648,0.3226524741153235,0.4116497094372208,0.16333004072541,0.1943304071834271,True
2026-06-01T18:42:48,16,11,160011,"ARX(2,2)",-181.68846139154036,381.3769227830807,411.7126650362296,True,0,2.658781946984666,0.2816895865747969,0.2715831245819025,0.8410153150886418,0.0040469153128842,0.3230550087832317,0.4110539190594597,0.1631850655606475,0.1942629302215568,True
2026-06-01T18:44:09,16,12,160012,"ARX(2,2)",-181.6884849086348,381.3769698172696,411.71271207041855,True,0,2.6567815191439457,0.2816444070331032,0.2717205443069186,0.8414117814565529,0.0040939630353244,0.3234110845444491,0.410607220112111,0.1632412399950394,0.1941507685796495,True
2026-06-01T18:45:29,16,13,160013,"ARX(2,2)",-181.6884531138768,381.3769062277536,411.71264848090254,True,0,2.658961122272649,0.2818298487552905,0.2715705699396668,0.8408443527260617,0.0040298263684223,0.3232365805419149,0.4111342561073583,0.1633035983744183,0.1938496014625624,True
2026-06-01T18:46:43,16,14,160014,"ARX(2,2)",-181.6884788331698,381.3769576663396,411.71269991948856,True,0,2.6646620115712536,0.2811150625851393,0.2711616025814614,0.8421146819017115,0.0035712046586275,0.3231825683108164,0.4108915840083925,0.1634296984225325,0.1943779355146752,True
2026-06-01T18:48:03,16,15,160015,"ARX(2,2)",-181.6884209282955,381.376841856591,411.71258410974,True,0,2.6633673149948742,0.2822102875217385,0.2712999955730303,0.8400281251125047,0.0041591623077885,0.3231326786714624,0.410656281488676,0.1634156976246008,0.1942393862316196,True
2026-06-01T18:49:19,16,16,160016,"ARX(2,2)",-181.68842083133595,381.3768416626719,411.71258391582086,True,0,2.665912898487348,0.2820100814152892,0.2710992553964995,0.8404109674665219,0.0040438975804872,0.323265369150813,0.4102933854387503,0.163274997571827,0.1946331056662009,True
2026-06-01T18:50:24,16,17,160017,"ARX(2,2)",-181.68842897214685,381.3768579442937,411.7126001974426,True,0,2.666815726373096,0.282155382829905,0.2710710568716809,0.8404360069438774,0.0038837216009256,0.3231173373940947,0.4114078791442681,0.1632216379822599,0.1939520725801143,True
2026-06-01T18:52:06,16,18,160018,"ARX(2,2)",-181.688465266869,381.376930533738,411.71267278688697,True,0,2.6700512858129377,0.2824051518351881,0.2708695442106008,0.839955448576239,0.0041739393214516,0.3229995051214841,0.412570715094851,0.1634715836310849,0.1923184804495524,True
2026-06-01T18:53:41,16,19,160019,"ARX(2,2)",-181.68854382228744,381.3770876445749,411.7128298977239,True,0,2.6760656213666048,0.2825050632836105,0.2705449091021495,0.8394254297784525,0.0043237430516962,0.322899576097661,0.4123264166852216,0.163156251157008,0.1929616137710473,True
2026-06-01T18:55:48,16,20,160020,"ARX(2,2)",-181.68854129864224,381.3770825972845,411.7128248504335,True,0,2.676728962765632,0.2816817281965886,0.2704522286240581,0.841473213257569,0.0040783162015186,0.3229577099119458,0.4101448539989734,0.1634695706394261,0.1948393669252016,True
2026-06-01T18:57:24,16,21,160021,"ARX(2,2)",-181.68848454850223,381.3769690970045,411.7127113501535,True,0,2.658466142886628,0.2814449141908089,0.2716311792493148,0.8419972760059348,0.0039205316387673,0.3234548467745701,0.4096906971133148,0.1632474726925237,0.1951218255718438,True
2026-06-01T18:58:47,16,22,160022,"ARX(2,2)",-181.6924013795613,381.3848027591226,411.72054501227154,True,0,2.590291864847526,0.2897239093731884,0.274964288100899,0.8282174979323774,0.0077150521151945,0.3352677284724191,0.3946050470140815,0.16456769327497,0.1901438464806642,True
2026-06-01T19:00:42,16,23,160023,"ARX(2,2)",-181.6885969979708,381.3771939959416,411.7129362490906,True,0,2.674555036854547,0.2819847498307467,0.2705954990266019,0.8404748106341035,0.0032860132431959,0.3224983777088733,0.410727435060139,0.1632613880273902,0.1960306198471149,True
2026-06-01T19:02:37,16,24,160024,"ARX(2,2)",-181.68860688463587,381.37721376927175,411.7129560224207,True,0,2.651155473844588,0.2814875422394671,0.2720655817359958,0.8414733671347666,0.0041100646619282,0.3235737906765567,0.4100342183107484,0.1634277505914103,0.1943076342605087,True
2026-06-01T19:03:54,16,25,160025,"ARX(2,2)",-181.6884192599532,381.3768385199064,411.7125807730553,True,0,2.6638489041685283,0.2819970608281908,0.2712546432513776,0.840448479022628,0.0042500191854174,0.3233407454610426,0.4102407758885215,0.1633389918385544,0.1943891836405242,True
2026-06-01T19:05:23,16,26,160026,"ARX(2,2)",-181.68843009578453,381.3768601915691,411.7126024447181,True,0,2.6630701848870166,0.281902736732818,0.2713063828514996,0.8407972797708538,0.0038499977175785,0.3231510624018304,0.4105792455313583,0.1631997213783634,0.1947900531646676,True
2026-06-01T19:07:31,16,27,160027,"ARX(2,2)",-181.6921339561909,381.3842679123818,411.7200101655308,True,0,2.7175775259952237,0.2849506844949854,0.2680717137838834,0.8331146022147798,0.004936215372359,0.3192081472954159,0.420043958271542,0.1633468688761917,0.1893560433716253,True
2026-06-01T19:08:50,16,28,160028,"ARX(2,2)",-181.68892637061575,381.3778527412316,411.7135949943805,True,0,2.689220849327345,0.2834768492846283,0.2696321642238469,0.8375621652130335,0.004559431068042,0.3229454329763189,0.4100317756739712,0.1636535613721068,0.1945318533368279,True
2026-06-01T19:10:43,16,29,160029,"ARX(2,2)",-181.68847128358507,381.37694256717015,411.7126848203191,True,0,2.657450385832385,0.2818184685582495,0.2716766508926322,0.840824779712181,0.0040705785158137,0.3233173335887371,0.4106260236515818,0.1633607807528528,0.1941739662646598,True
2026-06-01T19:12:13,16,30,160030,"ARX(2,2)",-181.6886934970352,381.3773869940704,411.7131292472194,True,0,2.681559876302567,0.2820752172336098,0.2701923534281514,0.8414767446873056,0.0034949255328181,0.3229334690085936,0.4095004721979158,0.1636038107885505,0.195851064836918,True
2026-06-01T19:14:07,16,31,160031,"ARX(2,2)",-181.68937747679465,381.3787549535893,411.7144972067382,True,0,2.690311900830432,0.279475963316213,0.2695440609013456,0.8469966334308838,0.0028531982233296,0.3225469079308121,0.4072290747493975,0.1639736695873827,0.1988835209237252,True
2026-06-01T19:15:35,16,32,160032,"ARX(2,2)",-181.68842952882585,381.3768590576517,411.7126013108006,True,0,2.668440607309408,0.2824917186762325,0.2709872989452258,0.8393320329821137,0.0043173343409112,0.3232619708862301,0.4103559282707761,0.1635207589890502,0.1941394215022855,True
2026-06-01T19:17:03,16,33,160033,"ARX(2,2)",-181.688422242476,381.376844484952,411.712586738101,True,0,2.663409488599975,0.2822999115461311,0.2712932704086077,0.8398311891862007,0.0043808136868565,0.3233286141953956,0.4105102467543977,0.1632240145815666,0.1941538105276985,True
2026-06-01T19:18:48,16,34,160034,"ARX(2,2)",-181.69240715026595,381.3848143005319,411.72055655368086,True,0,2.592618961437504,0.2894378571238069,0.2747556188427841,0.8289137593917398,0.0077384423777576,0.3354817986975326,0.3964626631594394,0.1643530445171802,0.1881731506986777,True
2026-06-01T19:20:53,16,35,160035,"ARX(2,2)",-181.6887731013648,381.3775462027296,411.7132884558785,True,0,2.6459227440798347,0.2813491641296599,0.2724365978705985,0.8418475282970702,0.0041089468239075,0.3233441720432469,0.4125240117875187,0.162762891480227,0.1929441182319903,True
2026-06-01T19:22:33,16,36,160036,"ARX(2,2)",-181.68843759827803,381.37687519655606,411.712617449705,True,0,2.661974072047652,0.2817012353365238,0.2713944275755597,0.8412374763055905,0.0042167930880188,0.3233239811068197,0.4099535694882812,0.1632397615044827,0.1948276442938311,True
2026-06-01T19:23:52,16,37,160037,"ARX(2,2)",-181.6894716563293,381.3789433126585,411.7146855658075,True,0,2.694870887059145,0.2857766793734739,0.269278579478667,0.8330690733859806,0.00483543035518,0.3232748378778737,0.4071215796169097,0.1639140158425893,0.1963015788762968,True
2026-06-01T19:25:14,16,38,160038,"ARX(2,2)",-181.68842766202607,381.37685532405214,411.7125975772011,True,0,2.661485534295176,0.2820919444332156,0.2714205137575893,0.8403367244054581,0.0041631271296092,0.3232114863722259,0.4109789566896902,0.1632637020100169,0.1939469531249613,True
2026-06-01T19:26:44,16,39,160039,"ARX(2,2)",-181.69040977740264,381.38081955480527,411.71656180795424,True,0,2.683348324408782,0.2807828453812724,0.2702827736831119,0.8446355645058629,0.0022749964420114,0.3196927513458221,0.4200026525977084,0.1626914679833601,0.1907653147928955,True
2026-06-01T19:28:48,16,40,160040,"ARX(2,2)",-181.6885113526465,381.3770227052929,411.7127649584419,True,0,2.6654401844770765,0.2810167044197227,0.2711459971775717,0.8432916182171343,0.0032915521447585,0.3232800728191111,0.4092978819288764,0.1634059948127658,0.1961082914814221,True
2026-06-01T18:21:07,17,1,170001,"ARX(2,2)",-181.68844514142447,381.37689028284905,411.712632535998,True,0,2.669998105080763,0.2821394811434639,0.2708514009967342,0.8407942274305904,0.0038654049126886,0.3230390377143868,0.4106953519324338,0.1633295609483198,0.1945186298828397,True
2026-06-01T18:22:49,17,2,170002,"ARX(2,2)",-181.6884566807757,381.3769133615514,411.7126556147004,True,0,2.6724069151964467,0.282412386356352,0.2706875466493628,0.8398627924842534,0.0041839537350428,0.3231509591796659,0.4103985171946516,0.1634988684486576,0.1942775850747878,True
2026-06-01T18:23:57,17,3,170003,"ARX(2,2)",-181.6886804136536,381.3773608273072,411.7131030804561,True,0,2.6817028854371854,0.2825503632293623,0.2701196600980758,0.8387317728731487,0.0040868884198263,0.3227367421997922,0.4102703364197983,0.163365060373979,0.1952329126361674,True
2026-06-01T18:25:15,17,4,170004,"ARX(2,2)",-181.68863971491692,381.3772794298339,411.71302168298286,True,0,2.6787849429588566,0.2836551165855257,0.2701964235043004,0.8374366256770623,0.0041626529481181,0.3234244693025949,0.4090548360709412,0.1634648922767945,0.1952826406859613,True
2026-06-01T18:27:15,17,5,170005,"ARX(2,2)",-181.68849288124449,381.37698576248897,411.71272801563794,True,0,2.665797768111481,0.2830849779109123,0.27105378431071,0.8382867214869192,0.0041190485042162,0.3232953269821995,0.4116891741334413,0.1632796074113053,0.1928200528831729,True
2026-06-01T18:28:46,17,6,170006,"ARX(2,2)",-181.68843574060296,381.376871481206,411.7126137343549,True,0,2.6668289786633035,0.2817839713750977,0.2710124454675036,0.8406441983868017,0.0040055471529164,0.3233307109219395,0.4105734895105062,0.1632799215184131,0.1943548738146295,True
2026-06-01T18:30:42,17,7,170007,"ARX(2,2)",-181.68853458324884,381.3770691664977,411.7128114196466,True,0,2.6642171697204047,0.2821949443304654,0.271245854538019,0.8396593635412114,0.0049722317392194,0.3230943661705265,0.4111778404405552,0.1627166036090507,0.193986876559036,True
2026-06-01T18:32:21,17,8,170008,"ARX(2,2)",-181.68841772419145,381.3768354483829,411.7125777015318,True,0,2.665666624128684,0.2820519410029201,0.2711487759624132,0.8404763935121975,0.0041354738760474,0.3231755499436995,0.4112500925495568,0.1632822814174677,0.1937041244492756,True
2026-06-01T18:33:26,17,9,170009,"ARX(2,2)",-181.68862003809613,381.37724007619227,411.7129823293412,True,0,2.650355918928025,0.2818656882168827,0.2721502075653537,0.8407506157090125,0.0042371793795511,0.3236440568902909,0.4112676131101509,0.1630026938764578,0.1933906050583621,True
2026-06-01T18:35:21,17,10,170010,"ARX(2,2)",-181.6885848142579,381.3771696285157,411.7129118816647,True,0,2.6518399125992884,0.2819995247459573,0.2719458260111465,0.8402886535240753,0.0040972114060524,0.3233030625679743,0.4109336629250988,0.1631746102728608,0.1939826750769608,True
2026-06-01T18:36:46,17,11,170011,"ARX(2,2)",-181.6884244887212,381.3768489774424,411.7125912305913,True,0,2.666942347157471,0.2821661290930463,0.2710529851892768,0.8401887826421167,0.0043675163112995,0.3232063948379688,0.41111703415358,0.163192715190771,0.1936797728587727,True
2026-06-01T18:38:06,17,12,170012,"ARX(2,2)",-181.6885357172924,381.3770714345848,411.7128136877337,True,0,2.671031978261966,0.281775106434228,0.2708055853986074,0.8412048629464228,0.0035698935138173,0.3230534171779166,0.4083158128709168,0.1637653048113225,0.1965750212444897,True
2026-06-01T18:39:24,17,13,170013,"ARX(2,2)",-181.68843931946972,381.3768786389395,411.71262089208847,True,0,2.6680112137509444,0.2817330008612436,0.2709850766157173,0.8414804584421125,0.0038649951359352,0.3230004361580376,0.4112444758497375,0.1634972961464384,0.1938975751265734,True
2026-06-01T18:40:59,17,14,170014,"ARX(2,2)",-181.6886760284895,381.377352056979,411.713094310128,True,0,2.6487094820445027,0.2816867107199493,0.2722323938818449,0.841170206337988,0.0037616519004729,0.3236730577017302,0.4107379502702276,0.163239763982038,0.1941238904339333,True
2026-06-01T18:42:18,17,15,170015,"ARX(2,2)",-181.68884039565225,381.3776807913045,411.7134230444534,True,0,2.64436009274548,0.2807741557443269,0.2725428914230043,0.8428783547337166,0.0037299260121036,0.3231797326037585,0.4115537382555508,0.1629226857639612,0.1942550162016429,True
2026-06-01T18:43:51,17,16,170016,"ARX(2,2)",-181.68848675477807,381.37697350955614,411.7127157627051,True,0,2.658280092370628,0.2817369648800079,0.2716703752315869,0.8409249545672518,0.0043853459681405,0.3232449023136817,0.412311246575032,0.1631980173040688,0.1924277643381764,True
2026-06-01T18:45:31,17,17,170017,"ARX(2,2)",-181.68845336277963,381.37690672555925,411.7126489787082,True,0,2.6697384966933493,0.281560106207074,0.2708866539493604,0.8418721302213901,0.0039596445737608,0.3230302868149268,0.4111318096375524,0.1634093086084388,0.1939546191706375,True
2026-06-01T18:47:10,17,18,170018,"ARX(2,2)",-181.6886085385148,381.3772170770296,411.7129593301785,True,0,2.6590293890443624,0.2814756769330502,0.2713391183230765,0.8421351007399105,0.0042201298831191,0.3237152391515365,0.4102569278688805,0.1632983975664655,0.1934207603424712,True
2026-06-01T18:48:27,17,19,170019,"ARX(2,2)",-181.6885611550975,381.377122310195,411.712864563344,True,0,2.653194515387449,0.2813586171120851,0.271957756133799,0.8419501327912163,0.0037529837616512,0.3232991207850803,0.4110205047747096,0.1632254225039957,0.1942495537191474,True
2026-06-01T18:50:16,17,20,170020,"ARX(2,2)",-181.68844079336824,381.3768815867364,411.7126238398854,True,0,2.670538108175195,0.282167864049559,0.2708321484368308,0.8402238720400119,0.0041772066870381,0.3231085480389417,0.4112114397286455,0.1632851703133537,0.1937932426103551,True
2026-06-01T18:51:59,17,21,170021,"ARX(2,2)",-181.68853215016296,381.3770643003259,411.7128065534749,True,0,2.662585667708195,0.280673613119046,0.271302154093493,0.8437621167527405,0.0032787578540909,0.3231256401740241,0.4104558648257589,0.1631098209160416,0.1954917654380638,True
2026-06-01T18:54:00,17,22,170022,"ARX(2,2)",-181.68852283402845,381.3770456680569,411.71278792120586,True,0,2.65577886055725,0.2817585439702686,0.2717587661971846,0.8410353729044926,0.0042493022539293,0.3236209198712613,0.411609669278474,0.1633203081545547,0.19261147730764,True
2026-06-01T18:55:42,17,23,170023,"ARX(2,2)",-181.6884211737204,381.3768423474408,411.7125846005897,True,0,2.66547453741265,0.2818921331695485,0.2711305136385732,0.8409224345539206,0.0039967462237494,0.3232068880552467,0.4100548693506865,0.1634256952579006,0.1948302865268688,True
2026-06-01T18:57:41,17,24,170024,"ARX(2,2)",-181.68854509603236,381.3770901920647,411.7128324452136,True,0,2.6536027010872765,0.2823356649156066,0.2718876001039547,0.8395649538260743,0.0042794356936401,0.32360505262012,0.4104943256763904,0.1630350331060011,0.194119468344678,True
2026-06-01T18:59:22,17,25,170025,"ARX(2,2)",-181.6886721549572,381.3773443099144,411.71308656306337,True,0,2.648766411631912,0.2820376607027555,0.2722884392590605,0.8402837554121095,0.0041456388388565,0.3235383230097916,0.4114327324831853,0.1632907119289699,0.1932158769816138,True
2026-06-01T19:00:40,17,26,170026,"ARX(2,2)",-181.68849813959253,381.3769962791851,411.7127385323341,True,0,2.675324164970266,0.2824078043536717,0.2705195473118962,0.83983498590252,0.0041340016269638,0.3231152785664818,0.4107479825572149,0.163525394932119,0.1939637417838261,True
2026-06-01T19:01:53,17,27,170027,"ARX(2,2)",-181.68855044092388,381.37710088184775,411.7128431349967,True,0,2.663463240777786,0.2829456089816116,0.2711741450702545,0.8378023592313515,0.0041268676486433,0.3235338517978769,0.4091081898722288,0.1639212761562592,0.1945592233840774,True
2026-06-01T19:03:27,17,28,170028,"ARX(2,2)",-181.6884302312926,381.3768604625852,411.7126027157342,True,0,2.661371801769917,0.2822035432244895,0.2714171841354004,0.8400052655598753,0.0042223312997225,0.3232365062573226,0.4102629071550908,0.1633516703595606,0.1944915815716743,True
2026-06-01T19:05:09,17,29,170029,"ARX(2,2)",-181.6923829546408,381.3847659092816,411.7205081624306,True,0,2.5935241380045646,0.2896003547537166,0.2747514289147268,0.828795062264467,0.0075695975315727,0.3351964668560775,0.3954583100261852,0.1644169685754349,0.1896381522775783,True
2026-06-01T19:06:53,17,30,170030,"ARX(2,2)",-181.68842132771923,381.37684265543845,411.7125849085874,True,0,2.6678018862514685,0.2823772229826933,0.2709914554844247,0.8396525404317252,0.0042337276323281,0.3232546494641341,0.4107196999301921,0.1633709685599225,0.1939599107986725,True
2026-06-01T19:08:33,17,31,170031,"ARX(2,2)",-181.6904750385156,381.3809500770312,411.7166923301802,True,0,2.697577718816194,0.2880091237209282,0.26916150159906,0.8310878447287552,0.0055332346777462,0.3225247869641024,0.4143036075601713,0.163817524125847,0.1886506289580479,True
2026-06-01T19:09:59,17,32,170032,"ARX(2,2)",-181.6884255136371,381.3768510272742,411.7125932804232,True,0,2.6653055023632506,0.2822639009353079,0.271143355159929,0.8400114680019416,0.004186927572225,0.3233842428190616,0.410349497677025,0.1636288147795607,0.1938843537835787,True
2026-06-01T19:11:29,17,33,170033,"ARX(2,2)",-181.68843462275487,381.37686924550974,411.7126114986587,True,0,2.66995413375104,0.2823312424687635,0.2708790838242263,0.8397792667623796,0.0042979037968346,0.3231186140060773,0.4101643345195661,0.1633808128215049,0.1946222085821979,True
2026-06-01T19:13:58,17,34,170034,"ARX(2,2)",-181.69101228253152,381.38202456506303,411.717766818212,True,0,2.721240064943296,0.2810865045017072,0.2678181364960847,0.8419574413660632,0.003390261014318,0.3225523711597101,0.4110206535826494,0.163389991217762,0.1956827509395629,True
2026-06-01T19:15:39,17,35,170035,"ARX(2,2)",-181.692306943693,381.384613887386,411.720356140535,True,0,2.7193419443399143,0.2781663524964307,0.2677575845640372,0.8468317797002485,0.0013397824257525,0.3221901328616603,0.4013987334369581,0.1655023948116372,0.2050661439914429,True
2026-06-01T19:16:46,17,36,170036,"ARX(2,2)",-181.6885998395596,381.3771996791192,411.7129419322681,True,0,2.653542213418972,0.280810070588979,0.2719221289274941,0.8430098454888866,0.0041359164822363,0.3232752283778933,0.411565834093105,0.1629199258151645,0.1937835130939093,True
2026-06-01T19:18:47,17,37,170037,"ARX(2,2)",-181.6884395838728,381.3768791677455,411.7126214208945,True,0,2.669625957895488,0.2825304013785991,0.2708795970031994,0.8394870306122854,0.0043076216626193,0.3233003502360523,0.4110691545950912,0.1634000937863734,0.1935076119818395,True
2026-06-01T19:20:34,17,38,170038,"ARX(2,2)",-181.68847493324816,381.3769498664963,411.7126921196453,True,0,2.673478031848815,0.2826682013942849,0.2706341000515275,0.839097142581413,0.0042359732604986,0.323142282029361,0.4101974174010512,0.1635313942094449,0.1943971120795326,True
2026-06-01T19:22:05,17,39,170039,"ARX(2,2)",-181.6909944068332,381.3819888136664,411.7177310668153,True,0,2.71911570461226,0.2822213916590854,0.2679084763612416,0.8401503290586665,0.0044096291496582,0.3223426385740613,0.4166597862115139,0.1634097484104039,0.1889002365951924,True
2026-06-01T19:23:22,17,40,170040,"ARX(2,2)",-181.69209914763712,381.3841982952743,411.7199405484232,True,0,2.7326183998235183,0.2780183190710659,0.2674156922681983,0.8487383599218109,0.0015558311746709,0.3197959963012403,0.4162605696570089,0.1632654215329324,0.1955026988751994,True
2026-06-01T18:23:21,18,1,180001,"ARX(2,2)",-181.6884147883301,381.3768295766602,411.7125718298092,True,0,2.6647708790957423,0.2820992798644878,0.2712036269449259,0.8403684078582544,0.0041713426033238,0.3231732739744623,0.4107169941744909,0.1633153851376804,0.1941722019875253,True
2026-06-01T18:24:43,18,2,180002,"ARX(2,2)",-181.69217202162395,381.3843440432479,411.72008629639686,True,0,2.7015738576214234,0.2749120203039548,0.2690959608586128,0.8573291863786292,0.0004429779614426,0.3206628033606387,0.4127026416017189,0.161336716541956,0.2009122252003265,True
2026-06-01T18:26:03,18,3,180003,"ARX(2,2)",-181.688456222125,381.37691244425,411.712654697399,True,0,2.670065981660763,0.2831111477063642,0.2708405541958937,0.8383846137663052,0.0043580767644409,0.3233654848107676,0.4102138702808652,0.163484388677999,0.1940598513197478,True
2026-06-01T18:28:02,18,4,180004,"ARX(2,2)",-181.6885222787012,381.3770445574024,411.7127868105514,True,0,2.661120541123128,0.2808393073292905,0.271434644086992,0.8434533100893262,0.0033804697746588,0.3229472464307614,0.411506003080874,0.163438925159711,0.1941147022267542,True
2026-06-01T18:30:05,18,5,180005,"ARX(2,2)",-181.68849212656116,381.3769842531223,411.7127265062712,True,0,2.657541170232344,0.2812683911254285,0.2716417329884877,0.8421417566381341,0.0040366121003956,0.3233421369850061,0.4107635667065216,0.1631430907715998,0.1942662963105914,True
2026-06-01T18:31:32,18,6,180006,"ARX(2,2)",-181.69164909783973,381.38329819567946,411.7190404488284,True,0,2.7075100737874997,0.2839183728023846,0.2682202863718195,0.837081348822886,0.0023999603784908,0.3238885021698041,0.4198879030658313,0.1636256092137706,0.1850737307157378,True
2026-06-01T18:32:57,18,7,180007,"ARX(2,2)",-181.69208130025177,381.38416260050354,411.7199048536525,True,0,2.70137903324495,0.2759088404394922,0.2689836752932632,0.8551606498895347,0.0001024542407645,0.3205317419541934,0.4074841449587398,0.1622040732869971,0.20568316181503,True
2026-06-01T18:34:54,18,8,180008,"ARX(2,2)",-181.6884209477807,381.3768418955614,411.7125841487104,True,0,2.6665262307936466,0.2825592829321499,0.2710600223214964,0.8394976586892409,0.0042063107770198,0.3233063585844406,0.4102096136015207,0.1633892532431926,0.194413968699995,True
2026-06-01T18:38:20,18,9,180009,"ARX(2,2)",-181.68878288907464,381.3775657781492,411.7133080312982,True,0,2.6491093079087555,0.2818160428805872,0.2721482543054441,0.8407895230743433,0.0037295251550636,0.3235641941962436,0.4070147807442764,0.1631795112459837,0.1981965742628435,True
2026-06-01T18:40:54,18,10,180010,"ARX(2,2)",-181.6891376233471,381.3782752466942,411.7140174998432,True,0,2.646174839042617,0.2830649720548973,0.2723022452381433,0.8379443766035737,0.0047304066671951,0.3231375060266029,0.4171166538252431,0.1634067157779197,0.1870301586205434,True
2026-06-01T18:42:26,18,11,180011,"ARX(2,2)",-181.68845538545253,381.37691077090506,411.712653024054,True,0,2.6599090757770667,0.2823667645769053,0.2714667672118226,0.8396561751712299,0.0042384715336044,0.3235680061886093,0.4097063075842964,0.1633535450829124,0.1946947038144551,True
2026-06-01T18:44:28,18,12,180012,"ARX(2,2)",-181.6924901458717,381.3849802917434,411.72072254489234,True,0,2.5965307027465943,0.2901225924363261,0.2745086004200809,0.827962257983563,0.0080321847232682,0.3353583481539448,0.3980860681936031,0.1642404114636004,0.1864491188424656,True
2026-06-01T18:46:13,18,13,180013,"ARX(2,2)",-181.692394563842,381.3847891276839,411.7205313808329,True,0,2.595878524388949,0.2899479244155895,0.2745813619792969,0.8281129703452916,0.0076782711869569,0.335061840064978,0.396211249804072,0.1643824702714297,0.1889782276851009,True
2026-06-01T18:47:37,18,14,180014,"ARX(2,2)",-181.69192676364915,381.3838535272983,411.71959578044726,True,0,2.7112573902936488,0.2802978063584,0.2681254922494287,0.8463789727399647,-0.0007075013083467,0.3211157001537765,0.4143192520183989,0.164241884502435,0.1969339335870675,True
2026-06-01T18:49:12,18,15,180015,"ARX(2,2)",-181.68845063535304,381.3769012707061,411.7126435238551,True,0,2.667030579220522,0.2831448073101208,0.2710147276685464,0.8382288141513621,0.0041350156568834,0.3232304793345237,0.410693255957125,0.163381565853272,0.1940916753885021,True
2026-06-01T18:50:33,18,16,180016,"ARX(2,2)",-181.6885530971176,381.3771061942351,411.7128484473841,True,0,2.6778987844227355,0.2823558136241822,0.2703491301284901,0.8401673037447746,0.0041432880940602,0.3231526173921544,0.4110616519937605,0.1635934688635179,0.1935079720754007,True
2026-06-01T18:51:46,18,17,180017,"ARX(2,2)",-181.68846058004212,381.3769211600843,411.71266341323326,True,0,2.670448017959428,0.2819029621813307,0.2708318972150508,0.8407999110512294,0.0037861489884478,0.3228755697105177,0.4114187630364206,0.1634646425548161,0.1941370423560672,True
2026-06-01T18:53:33,18,18,180018,"ARX(2,2)",-181.6884621263192,381.3769242526385,411.7126665057874,True,0,2.659087892283162,0.2815057618823517,0.2715468708809279,0.8416261775498388,0.0039861144150248,0.3233619288675058,0.4105637012770251,0.1631827297250563,0.1944557646214534,True
2026-06-01T18:55:25,18,19,180019,"ARX(2,2)",-181.68850360631143,381.37700721262286,411.7127494657718,True,0,2.6659925448602597,0.2829000499924678,0.2711167932179241,0.8382865295252702,0.0045565107195113,0.3230258055790805,0.4136371273159667,0.1633207328757062,0.1910462523016334,True
2026-06-01T18:57:23,18,20,180020,"ARX(2,2)",-181.68874148981516,381.3774829796303,411.7132252327792,True,0,2.6525316531294707,0.2814154550315073,0.2721122765766679,0.8427865375685161,0.0038583433715818,0.3238283733139056,0.4099700013148913,0.1626239430938145,0.1949307538238047,True
2026-06-01T18:59:16,18,21,180021,"ARX(2,2)",-181.68844561391643,381.37689122783286,411.7126334809818,True,0,2.670145282779832,0.2826308794943877,0.2708144781540134,0.8394883784177265,0.0042772523207383,0.3232973108129963,0.4096817324778055,0.1633519876309034,0.1948583976777723,True
2026-06-01T19:01:12,18,22,180022,"ARX(2,2)",-181.68857114159343,381.3771422831869,411.7128845363359,True,0,2.6788755990462207,0.2825960106329395,0.2703229415751396,0.8392347539190607,0.0043242159129218,0.3231843920170061,0.4097536117391742,0.1635931792958392,0.1946610590211144,True
2026-06-01T19:02:33,18,23,180023,"ARX(2,2)",-181.68845174231365,381.3769034846273,411.71264573777626,True,0,2.668686238836496,0.2814841849585578,0.2709487711439409,0.8419403928473168,0.0039143846963306,0.3229912421635819,0.4104423477709877,0.1635442603425539,0.1945326677168516,True
2026-06-01T19:03:50,18,24,180024,"ARX(2,2)",-181.6885488579785,381.377097715957,411.712839969106,True,0,2.677452922189057,0.2821071759842717,0.2703768476268532,0.8404702239747082,0.0041658037133225,0.3230500149923508,0.411516190808378,0.1635510357646124,0.1932208977673938,True
2026-06-01T19:05:03,18,25,180025,"ARX(2,2)",-181.68890595386029,381.37781190772057,411.71355416086953,True,0,2.6752440660131125,0.279583544739818,0.2706638913978046,0.8453785793335782,0.0038731734214973,0.3224701087975729,0.4127237919317375,0.1633274791833109,0.1939952073072061,True
2026-06-01T19:07:05,18,26,180026,"ARX(2,2)",-181.6884390904803,381.3768781809606,411.7126204341096,True,0,2.661583155702152,0.2815697176702418,0.2714016831889215,0.8412874888127226,0.0040022658955856,0.3232989447325637,0.4108046070664462,0.1633540271987481,0.1941384829220039,True
2026-06-01T19:08:32,18,27,180027,"ARX(2,2)",-181.68889275065536,381.3777855013108,411.7135277544597,True,0,2.688286904251512,0.2825532350537953,0.2697258192355695,0.839832371080508,0.0041110685778894,0.3226501418421372,0.4130023359650245,0.1634714444322059,0.1922979714185668,True
2026-06-01T19:09:48,18,28,180028,"ARX(2,2)",-181.6884362582935,381.376872516587,411.712614769736,True,0,2.666394556060242,0.282382267708498,0.2710965996198082,0.8396135732549583,0.0044470108018986,0.3230078130143778,0.4115136680937261,0.1630566895222499,0.1936102099544383,True
2026-06-01T19:11:20,18,29,180029,"ARX(2,2)",-181.6884266993716,381.3768533987432,411.7125956518921,True,0,2.663567635320108,0.2823548879924107,0.2712336047935917,0.8399589643497112,0.0039960804423644,0.3232538721803479,0.4100818076288918,0.1634926707247199,0.1946586030200112,True
2026-06-01T19:13:06,18,30,180030,"ARX(2,2)",-181.6923845613438,381.3847691226876,411.72051137583657,True,0,2.5922310160133333,0.2895257026158283,0.2748028094741518,0.8289793654374659,0.0075156771649172,0.3352577980067593,0.3955751008880817,0.1644477321875688,0.1894179494831416,True
2026-06-01T19:14:31,18,31,180031,"ARX(2,2)",-181.68852245009725,381.3770449001945,411.7127871533434,True,0,2.655925114343248,0.2826617879552181,0.2717669486837952,0.8393811660475534,0.0042270764475677,0.3235959055457215,0.4089830371378733,0.1632619189932508,0.1954088805860131,True
2026-06-01T19:16:12,18,32,180032,"ARX(2,2)",-181.6884771498217,381.3769542996433,411.7126965527923,True,0,2.6689257586137325,0.2815889672499346,0.2709496085159588,0.8418626752525253,0.003794079612419,0.3231495284809918,0.4123133012683792,0.1632320335885224,0.1931085006091871,True
2026-06-01T19:17:35,18,33,180033,"ARX(2,2)",-181.69238329289243,381.38476658578486,411.7205088389338,True,0,2.594376283315761,0.289648672565283,0.2746815322516894,0.8284294039869832,0.0076546602883414,0.335007236380164,0.3959043178749033,0.1644291142573699,0.1893576313184573,True
2026-06-01T19:19:33,18,34,180034,"ARX(2,2)",-181.68843658669292,381.3768731733859,411.71261542653485,True,0,2.662201275781756,0.2819381135949411,0.2713681627618683,0.8404097543260559,0.004112907568486,0.3234432259692045,0.410582619906787,0.1631888498586579,0.1941747552593295,True
2026-06-01T19:21:18,18,35,180035,"ARX(2,2)",-181.68844654621307,381.3768930924261,411.7126353455751,True,0,2.662958070796571,0.2813705422019666,0.2713503457167294,0.8421155213398404,0.0038996270757353,0.3230982246689527,0.4113407482834052,0.1632417371318396,0.1939819759480326,True
2026-06-01T19:22:29,18,36,180036,"ARX(2,2)",-181.68866718528068,381.37733437056136,411.7130766237103,True,0,2.6678021216981267,0.2817236639205726,0.2709258268937123,0.8420162792215231,0.0049721482727827,0.323189025635703,0.4090888122631839,0.1631838383811252,0.1950823914825823,True
2026-06-01T19:23:47,18,37,180037,"ARX(2,2)",-181.68844616953237,381.3768923390647,411.7126345922137,True,0,2.6642502707007054,0.2819356520647171,0.2712509264213134,0.8407493550542656,0.0038462157847581,0.3231511344631543,0.4091307353588753,0.163418441342883,0.1960889195808972,True
2026-06-01T19:25:13,18,38,180038,"ARX(2,2)",-181.69104428142077,381.3820885628415,411.71783081599045,True,0,2.7218310629153883,0.2835184942469091,0.2676828577200669,0.8370598589855311,0.0050693446872042,0.3220653958948896,0.4137516568688859,0.164054842584485,0.1907093599123245,True
2026-06-01T19:27:11,18,39,180039,"ARX(2,2)",-181.68844328307244,381.3768865661449,411.71262881929385,True,0,2.662831519083001,0.2816833584424053,0.2713338790369185,0.841082120382483,0.0040156357222424,0.3230791517161779,0.4117778635869982,0.1632777121790751,0.193319060462101,True
2026-06-01T19:28:33,18,40,180040,"ARX(2,2)",-181.69098860752507,381.3819772150501,411.7177194681991,True,0,2.722934488201005,0.2822427758682436,0.2675757015654129,0.8403353212101984,0.004249732321511,0.3226869124086813,0.4090458965841693,0.1641985800166646,0.1953472924977662,True
2026-06-01T18:24:06,19,1,190001,"ARX(2,2)",-181.6894734095905,381.378946819181,411.71468907233,True,0,2.700420447859025,0.2818581823180113,0.269045237260025,0.8405293909222595,0.0041934376515504,0.3221836687952716,0.4122976441048298,0.1638441038372512,0.1934360755801826,True
2026-06-01T18:25:11,19,2,190002,"ARX(2,2)",-181.6887295865893,381.3774591731785,411.7132014263275,True,0,2.6492404535999823,0.2818592131371534,0.2721730432255168,0.8412722043923644,0.0034289148539304,0.3229460608095048,0.4131183402913483,0.1631694722464094,0.1926749267669029,True
2026-06-01T18:26:36,19,3,190003,"ARX(2,2)",-181.68843798185955,381.3768759637191,411.71261821686807,True,0,2.664132451263214,0.2825010564022905,0.2712226637297483,0.8399952600160623,0.0043971399292164,0.3234839742819162,0.4103766146127278,0.1635393234669086,0.1935314118058127,True
2026-06-01T18:27:56,19,4,190004,"ARX(2,2)",-181.68886618553063,381.37773237106126,411.7134746242102,True,0,2.656003590606377,0.2804449252774418,0.2718101628250587,0.8457385634102926,0.0032729331266138,0.3240546201155209,0.406036583857007,0.1637508456853428,0.197943659919971,True
2026-06-01T18:29:27,19,5,190005,"ARX(2,2)",-181.68870811935463,381.37741623870926,411.7131584918582,True,0,2.6716393025185603,0.2832699042445084,0.270773796592021,0.8380039073500827,0.0051396452009858,0.3232768432989558,0.4152744775739577,0.1632218511995199,0.1886508105573222,True
2026-06-01T18:31:10,19,6,190006,"ARX(2,2)",-181.68842079231183,381.37684158462366,411.7125838377726,True,0,2.667640723855417,0.2824867566401541,0.2710075233899353,0.8395857888420208,0.0043084973746826,0.3232494987616217,0.4105305552246453,0.16340283694672,0.1940116196816587,True
2026-06-01T18:32:34,19,7,190007,"ARX(2,2)",-181.6884640231385,381.3769280462769,411.7126702994259,True,0,2.657992897942842,0.2818697992465382,0.2716381589618241,0.8405007768704158,0.0041823175994603,0.3232872653245384,0.410609950055874,0.1632780159461313,0.1942111494992593,True
2026-06-01T18:33:55,19,8,190008,"ARX(2,2)",-181.69240292543972,381.3848058508795,411.72054810402847,True,0,2.5883964114490814,0.2893223475589656,0.2750434997762309,0.8290996666679287,0.0076307073972228,0.335329945234161,0.3958381845009667,0.1642878033347316,0.1891362331276322,True
2026-06-01T18:35:48,19,9,190009,"ARX(2,2)",-181.6884275691756,381.3768551383511,411.7125973915001,True,0,2.669132158462101,0.2824483166865695,0.2709091335789864,0.8395779417676759,0.0042155501487754,0.3231767653782496,0.4104193745188469,0.1634324836768978,0.194288451110306,True
2026-06-01T18:37:43,19,10,190010,"ARX(2,2)",-181.6890781494461,381.3781562988922,411.7138985520412,True,0,2.6631811158085137,0.281935985491447,0.2712018538166507,0.8417684321744883,0.0033737796962879,0.3239072307683827,0.4011453742629944,0.1635858959308866,0.2029344042717754,True
2026-06-01T18:39:00,19,11,190011,"ARX(2,2)",-181.69244210119604,381.3848842023921,411.720626455541,True,0,2.584709260507202,0.28952685019879,0.2753219050554785,0.8288998890253507,0.0074963215356715,0.3353312534210996,0.3958004982677404,0.1643145352183039,0.1892734301281081,True
2026-06-01T18:40:19,19,12,190012,"ARX(2,2)",-181.68846177187,381.37692354374,411.7126657968889,True,0,2.659187387525672,0.2814902876249911,0.2715958938136789,0.84169841940657,0.0040634395184581,0.3231729196936559,0.4111883312858134,0.1632568719799918,0.193895982644009,True
2026-06-01T18:42:49,19,13,190013,"ARX(2,2)",-181.6884581794451,381.3769163588902,411.7126586120392,True,0,2.65865303227039,0.2823887246947087,0.271579472323285,0.8398365451436831,0.004115764387414,0.3234090898416557,0.410141950704581,0.1633010355018949,0.1945359959688099,True
2026-06-01T18:43:55,19,14,190014,"ARX(2,2)",-181.6884644034864,381.3769288069727,411.7126710601217,True,0,2.670369958842862,0.2825749722978766,0.2708183331846953,0.8396943246699301,0.0038898272639896,0.3235585174167805,0.4093432179003599,0.1633949997250284,0.1952358224999042,True
2026-06-01T18:45:24,19,15,190015,"ARX(2,2)",-181.68861657768863,381.3772331553773,411.7129754085263,True,0,2.661736450441113,0.2822233786060136,0.27134372607865,0.8405817865185456,0.0034747190843553,0.3232788915290351,0.4062343570831122,0.1635317181022854,0.1990188593122981,True
2026-06-01T18:46:38,19,16,190016,"ARX(2,2)",-181.68844062150407,381.37688124300814,411.7126234961571,True,0,2.670716641292675,0.2822966782978984,0.2708124969307896,0.8401845312307604,0.0041090343203857,0.3231055800930292,0.4108309663916651,0.1635026145021317,0.1939179749468699,True
2026-06-01T18:47:54,19,17,190017,"ARX(2,2)",-181.6884426784389,381.3768853568778,411.71262761002674,True,0,2.66535483798418,0.281668547153616,0.2711582439316571,0.8418298280143925,0.0041217516701061,0.3233050378208359,0.4111073814246678,0.1633770637303976,0.1935155304585433,True
2026-06-01T18:49:21,19,18,190018,"ARX(2,2)",-181.68852839785563,381.37705679571127,411.7127990488602,True,0,2.6551958060653806,0.2823536114812099,0.2718247281651919,0.8395068623685936,0.0044665234172403,0.3233651023507629,0.4122020584647929,0.1632149171462357,0.1922923228773186,True
2026-06-01T18:51:15,19,19,190019,"ARX(2,2)",-181.68843897142875,381.3768779428575,411.71262019600647,True,0,2.6680840220885917,0.2828108059695616,0.2709903342763972,0.8391941650211755,0.0043890809477856,0.3232710546860901,0.4099937323270712,0.1635361086608927,0.1943352613433935,True
2026-06-01T18:52:44,19,20,190020,"ARX(2,2)",-181.6903845976508,381.3807691953016,411.71651144845055,True,0,2.7080304505030743,0.2824884152843311,0.2686315849864372,0.8372446500058517,0.004379508142094,0.320940718596349,0.4139240077260381,0.1628821779363948,0.1945747824703431,True
2026-06-01T18:54:30,19,21,190021,"ARX(2,2)",-181.68845074588384,381.3769014917677,411.7126437449167,True,0,2.6713140879537223,0.2821660069804818,0.2707968791384295,0.8401851793883182,0.0042511661485358,0.3232396877300529,0.4108601288499576,0.1635430847509648,0.1936035792037594,True
2026-06-01T18:56:29,19,22,190022,"ARX(2,2)",-181.6886403192601,381.3772806385202,411.71302289166914,True,0,2.6533890246827734,0.282554143158467,0.2719197931113252,0.8391501872229981,0.0043496568659735,0.3231181663683412,0.4145688795988978,0.1630003957160598,0.1905895965834246,True
2026-06-01T18:58:22,19,23,190023,"ARX(2,2)",-181.68847293555723,381.37694587111446,411.7126881242634,True,0,2.67348109551934,0.2825846614000644,0.2706591253758568,0.8394457190613125,0.0043709273646008,0.3231397616345944,0.4104803469060837,0.1635616886930906,0.1939652899016904,True
2026-06-01T18:59:58,19,24,190024,"ARX(2,2)",-181.69240089693864,381.3848017938773,411.72054404702624,True,0,2.591776278975316,0.2894407480690463,0.2748061766013883,0.8286569769233988,0.0078119805640261,0.3354598840845121,0.3948677909209812,0.164577780778177,0.1895075868969178,True
2026-06-01T19:01:40,19,25,190025,"ARX(2,2)",-181.68912679932288,381.37825359864576,411.7139958517947,True,0,2.6891862730858827,0.2851225829449513,0.2696429082763018,0.8347095406653552,0.0049092160752241,0.3230389758404721,0.412323633808406,0.1636759930186922,0.1913971125585291,True
2026-06-01T19:03:14,19,26,190026,"ARX(2,2)",-181.68849631612133,381.37699263224266,411.7127348853916,True,0,2.6572040269784485,0.2825454488071493,0.2716860931101781,0.8388680431753083,0.0042328356619632,0.3234431862162393,0.4100431655092144,0.1631389014955337,0.1948075771828618,True
2026-06-01T19:05:05,19,27,190027,"ARX(2,2)",-181.6884439345637,381.3768878691275,411.7126301222765,True,0,2.660020859671933,0.2823202458958935,0.2714751719218738,0.8400519464073766,0.0042041066277637,0.3233834969683419,0.4100596948368857,0.1633167696778175,0.1945093492312356,True
2026-06-01T19:06:21,19,28,190028,"ARX(2,2)",-181.6884277718308,381.3768555436616,411.71259779681054,True,0,2.6615770806281303,0.2821894007870041,0.2713990958581095,0.8401261268371265,0.0042528187005492,0.3233647875569612,0.4107931398659892,0.1633047027749452,0.1938060497524519,True
2026-06-01T19:07:45,19,29,190029,"ARX(2,2)",-181.6884452937749,381.3768905875498,411.7126328406988,True,0,2.66519726719571,0.2828009756644475,0.2711250173458862,0.8388663423800793,0.0045059175439972,0.3231769458849723,0.4112735688277065,0.1630788840945699,0.19348278839129,True
2026-06-01T19:09:42,19,30,190030,"ARX(2,2)",-181.68847703614563,381.37695407229126,411.7126963254402,True,0,2.6573794995054407,0.2821024361673809,0.2716677942564362,0.8401768061209836,0.0041874577405824,0.323480284734667,0.4106517003411932,0.1634186466170112,0.1937126025228188,True
2026-06-01T19:11:24,19,31,190031,"ARX(2,2)",-181.6884720178772,381.3769440357544,411.71268628890334,True,0,2.669455404791408,0.2812551816557921,0.2709406889820632,0.8421327516082613,0.0042141660639204,0.3228871549686676,0.4111145065223004,0.1633525550367534,0.1941272264883317,True
2026-06-01T19:12:57,19,32,190032,"ARX(2,2)",-181.68842584249492,381.3768516849899,411.71259393813887,True,0,2.661861518089405,0.2822645378449974,0.2713809960995059,0.8399523549295196,0.0042341520191497,0.3232452511050298,0.4106287659299079,0.1632973866616447,0.1941715116793881,True
2026-06-01T19:14:31,19,33,190033,"ARX(2,2)",-181.68844056758363,381.37688113516725,411.7126233883162,True,0,2.6701289870406715,0.2823117470372006,0.2708516582022863,0.83985188136551,0.0041920530807564,0.3232544207993537,0.4094477179709015,0.1634501374113223,0.1951632185356372,True
2026-06-01T19:15:50,19,34,190034,"ARX(2,2)",-181.68855492467463,381.37710984934927,411.71285210249823,True,0,2.653182970004614,0.2814719989269698,0.2719518703039679,0.8417186259691372,0.003996667395469,0.3232619802591657,0.4116014719716203,0.1630875009403123,0.1936259026001769,True
2026-06-01T19:17:02,19,35,190035,"ARX(2,2)",-181.68842018866087,381.37684037732174,411.7125826304707,True,0,2.665071791348501,0.2818361289054273,0.2711723353980782,0.8407758203777753,0.0041116978878788,0.323144432902219,0.410344057141317,0.1634475231986704,0.1945185155447486,True
2026-06-01T19:18:39,19,36,190036,"ARX(2,2)",-181.68842152065852,381.3768430413171,411.71258529446607,True,0,2.6629149492285906,0.2820075743282249,0.2713028992304495,0.8404932341083488,0.0041427252343341,0.3233358615908309,0.4108106917029032,0.1632897917836802,0.1939432901007145,True
2026-06-01T19:19:59,19,37,190037,"ARX(2,2)",-181.68865450465077,381.3773090093015,411.7130512624505,True,0,2.681296826467295,0.283049058381902,0.2702139149552708,0.8384247749222399,0.0042386443363021,0.3229218834467173,0.4105825105262369,0.1635623569042157,0.194182489089594,True
2026-06-01T19:21:42,19,38,190038,"ARX(2,2)",-181.6885754646385,381.377150929277,411.712893182426,True,0,2.672072437712944,0.281984588627193,0.2707219260767175,0.8405961177411738,0.003969462360108,0.3233616334262248,0.4063133384339079,0.1635245142718193,0.1983854059135836,True
2026-06-01T19:23:13,19,39,190039,"ARX(2,2)",-181.6884232858958,381.3768465717916,411.71258882494055,True,0,2.665434968744787,0.2823801505924216,0.2710985510593913,0.8400121512928447,0.0040308674304478,0.3232811218778975,0.4100654313477715,0.1633469315494287,0.1946808281024662,True
2026-06-01T19:24:25,19,40,190040,"ARX(2,2)",-181.68848179556952,381.37696359113903,411.712705844288,True,0,2.6575258129670867,0.2818966419049761,0.271703279068418,0.8403665769356216,0.0042904945191943,0.3232466440264588,0.4117257320357337,0.1633156016700689,0.1931086718868271,True
2026-06-01T18:19:57,20,1,200001,"ARX(2,2)",-181.70445204684836,381.4089040936967,411.7446463468456,True,0,2.7217074079275774,0.2982409612889514,0.2677345184305266,0.8013526765732694,0.0091552744661338,0.324221113295261,0.4131684618442913,0.1598512068881509,0.1888423984060822,True
2026-06-01T18:21:23,20,2,200002,"ARX(2,2)",-181.69247799177975,381.3849559835596,411.7206982367085,True,0,2.5827309533772818,0.2892159437572389,0.2754625971406904,0.8291342281048109,0.0078574438163988,0.3357195484025808,0.3958656919480241,0.1643611456208321,0.188442771725278,True
2026-06-01T18:22:43,20,3,200003,"ARX(2,2)",-181.6884202927965,381.3768405855931,411.7125828387421,True,0,2.6660385968554507,0.2822227709076291,0.2711191876834645,0.8401719444524195,0.0040622598811103,0.3231891921333132,0.4099620894023746,0.1633017298935048,0.1950323540273152,True
2026-06-01T18:24:34,20,4,200004,"ARX(2,2)",-181.68848408728536,381.3769681745707,411.7127104277197,True,0,2.673892821852736,0.2822415776927426,0.2706706150007136,0.8402725634835088,0.0042108424304655,0.3229349403734298,0.4112537621969026,0.1633350477124121,0.1939002876341381,True
2026-06-01T18:25:49,20,5,200005,"ARX(2,2)",-181.6885814634928,381.3771629269857,411.7129051801346,True,0,2.675728506441806,0.2836236731334164,0.2704960973429834,0.8372997053922089,0.0042445376295895,0.3230719839526205,0.40900745064488,0.1634023637379014,0.1958133744425755,True
2026-06-01T18:27:08,20,6,200006,"ARX(2,2)",-181.68844100361892,381.3768820072379,411.71262426038686,True,0,2.6604836629816706,0.2821780921497576,0.2714265908063332,0.8401513975630367,0.0042513033998967,0.3232921807831746,0.410813070155817,0.1633693009174401,0.1937083003474312,True
2026-06-01T18:29:43,20,7,200007,"ARX(2,2)",-181.6884488334951,381.3768976669902,411.7126399201392,True,0,2.6651718143322864,0.2820670075379834,0.271201834410744,0.8399345287163174,0.0045476647158286,0.3235853601372511,0.410981122742912,0.1633141320452844,0.1931923067139879,True
2026-06-01T18:30:53,20,8,200008,"ARX(2,2)",-181.6884477127229,381.3768954254458,411.7126376785948,True,0,2.666849989911863,0.2823864803298973,0.2710486513300693,0.8391232985311365,0.0043765233982256,0.3232645112032707,0.4092219681928954,0.1633270103772599,0.195379420762961,True
2026-06-01T18:32:17,20,9,200009,"ARX(2,2)",-181.68844209670743,381.37688419341487,411.71262644656383,True,0,2.660036232389462,0.282282851989507,0.27149175589323,0.8401476351239998,0.0041822230713768,0.3233867165315373,0.4104479669333889,0.1632410903027737,0.1941764820386898,True
2026-06-01T18:33:39,20,10,200010,"ARX(2,2)",-181.68842522340208,381.37685044680416,411.7125926999531,True,0,2.662833552338762,0.2820594142019968,0.2713336813942817,0.8404197510036041,0.0041850230005924,0.3234022151446105,0.4097681099230712,0.1633970612752122,0.1947923124725918,True
2026-06-01T18:34:57,20,11,200011,"ARX(2,2)",-181.68846702855416,381.3769340571083,411.7126763102573,True,0,2.660858882723941,0.2820697896112437,0.2713919644887456,0.8406168298900522,0.003734000051423,0.3232776870134005,0.4093491604699547,0.1631624592031907,0.1959647705108552,True
2026-06-01T18:36:32,20,12,200012,"ARX(2,2)",-181.68845578409517,381.3769115681903,411.7126538213393,True,0,2.6601701918595517,0.281383612941466,0.2714738391650196,0.8416723858940066,0.0040041464489933,0.32331738725916,0.4107368468293264,0.1633046835589347,0.1942127446868601,True
2026-06-01T18:38:14,20,13,200013,"ARX(2,2)",-181.6887993770635,381.377598754127,411.713341007276,True,0,2.684303427000408,0.2830657401307864,0.2699151715528597,0.8385273373693268,0.0043333316333515,0.3226582510997791,0.4132027593997371,0.1637706573790467,0.1914167417080056,True
2026-06-01T18:39:41,20,14,200014,"ARX(2,2)",-181.68857887552173,381.37715775104346,411.7129000041924,True,0,2.677989368499406,0.2824109504003986,0.2703822771864578,0.8402698263363235,0.0041584599370639,0.3228240093408573,0.4123414118395129,0.1634967959901583,0.1926249841524579,True
2026-06-01T18:41:20,20,15,200015,"ARX(2,2)",-181.68846246614677,381.3769249322935,411.71266718544246,True,0,2.65822553997538,0.2820289610370754,0.2716396498187269,0.8403420679020578,0.0040805462351168,0.3233848453708786,0.4103091493253241,0.1631964325842868,0.194621971435153,True
2026-06-01T18:43:10,20,16,200016,"ARX(2,2)",-181.6928513330042,381.3857026660084,411.72144491915736,True,0,2.7219925601011825,0.2796367649575468,0.2678480123763842,0.8438856286553611,0.0012880152723519,0.3188889591821607,0.4165526267410587,0.1607181625105757,0.1998061998898653,True
2026-06-01T18:45:07,20,17,200017,"ARX(2,2)",-181.69038335983424,381.3807667196685,411.7165089728175,True,0,2.698082937037714,0.2859799502389934,0.2689159500661296,0.8336835889034255,0.0021557312745099,0.322531463270944,0.4069831121643984,0.1635235853464314,0.200456549205305,True
2026-06-01T18:47:41,20,18,200018,"ARX(2,2)",-181.6884346611767,381.3768693223534,411.7126115755024,True,0,2.6648837979611444,0.2814572941533164,0.2712081385258836,0.8416276725027891,0.004044912547725,0.3232706232497306,0.4110005000514708,0.1632980056827548,0.1939607692646515,True
2026-06-01T18:49:15,20,19,200019,"ARX(2,2)",-181.68848217576956,381.3769643515391,411.712706604688,True,0,2.6598597555040238,0.2813959896295013,0.2714664601733663,0.8420787032604509,0.0038991318738232,0.323513715110555,0.4107107827572969,0.1631415505216948,0.1940342436076242,True
2026-06-01T18:50:30,20,20,200020,"ARX(2,2)",-181.68867224650677,381.3773444930135,411.7130867461625,True,0,2.6539258852450227,0.2832567734748984,0.2718833004863687,0.8378571071622133,0.0039438840230099,0.3229171572722994,0.4137912005934169,0.1629116205333753,0.1922152427168748,True
2026-06-01T18:52:59,20,21,200021,"ARX(2,2)",-181.68854656463367,381.37709312926734,411.7128353824163,True,0,2.676011443953651,0.2832762014383049,0.2704808612817572,0.8379038379242544,0.0042530413774372,0.3231185245941415,0.4094481260491264,0.163671566897418,0.1950021776050994,True
2026-06-01T18:54:43,20,22,200022,"ARX(2,2)",-181.68864607455936,381.3772921491187,411.7130344022677,True,0,2.6805187525774423,0.2819712386573543,0.2702146812278993,0.8403695134653072,0.0045902262293334,0.3231812869959221,0.4090009658104485,0.1638841507708471,0.1948423721069857,True
2026-06-01T18:56:09,20,23,200023,"ARX(2,2)",-181.6898971379709,381.3797942759417,411.7155365290907,True,0,2.704682192182336,0.2812511599129955,0.2689138741317138,0.8418420008305953,0.0050865141609308,0.3219411861015647,0.4126007762648719,0.1640561029988211,0.1921387197423026,True
2026-06-01T18:57:37,20,24,200024,"ARX(2,2)",-181.6910286268893,381.3820572537786,411.7177995069276,True,0,2.70132929979637,0.2767769866873656,0.2690447179566177,0.8535918480489177,0.0015118749421065,0.3212062149526918,0.4177379498752305,0.1633405963952774,0.1919291655067767,True
2026-06-01T18:59:37,20,25,200025,"ARX(2,2)",-181.6894677979689,381.3789355959378,411.7146778490868,True,0,2.700926145583769,0.2831268467568092,0.2689605532772366,0.8387630005695556,0.0044927749803239,0.3226735154314281,0.4120707529134034,0.1637350591776745,0.1924737757690099,True
2026-06-01T19:01:15,20,26,200026,"ARX(2,2)",-181.68870690934008,381.3774138186801,411.7131560718291,True,0,2.674673612659698,0.2816266578614733,0.2705304530014135,0.8407429449536112,0.0040451631077479,0.3230627889289711,0.4060471032026622,0.1639679969195754,0.1987485997470323,True
2026-06-01T19:02:45,20,27,200027,"ARX(2,2)",-181.6886657132476,381.3773314264951,411.7130736796441,True,0,2.6805389975266225,0.2829359328987236,0.2702040898389085,0.8387639161012841,0.0043005097496526,0.3228142169510948,0.4130968481799396,0.1634735561143483,0.1917902274843146,True
2026-06-01T19:04:01,20,28,200028,"ARX(2,2)",-181.6884552820722,381.3769105641444,411.71265281729336,True,0,2.6708456918654044,0.2826305853776418,0.2708446362979108,0.8393242899535881,0.0044595025731809,0.3232885823732764,0.4108224825146943,0.16350686130722,0.1933475141954521,True
2026-06-01T19:05:37,20,29,200029,"ARX(2,2)",-181.68849880177984,381.3769976035596,411.7127398567086,True,0,2.674125261192226,0.2819449481745468,0.2705908177201439,0.8409287448610795,0.0040939980691354,0.3232350425444498,0.4088903348649068,0.1635347779415993,0.1957142983320811,True
2026-06-01T19:07:39,20,30,200030,"ARX(2,2)",-181.68847748692596,381.3769549738519,411.7126972270008,True,0,2.6672551049920306,0.2829117649038641,0.27106794088127,0.8383298808164851,0.0046108653138233,0.3228905769879229,0.4128372290336543,0.1633134489855325,0.1920398286806981,True
2026-06-01T19:09:23,20,31,200031,"ARX(2,2)",-181.68845696654444,381.3769139330889,411.7126561862378,True,0,2.658756758707321,0.2817946173323085,0.2716132767676695,0.8410007936549266,0.004089458698244,0.3233688404031362,0.4102902176713131,0.1633181360959258,0.1944832739574029,True
2026-06-01T19:10:56,20,32,200032,"ARX(2,2)",-181.6884540609153,381.3769081218305,411.7126503749795,True,0,2.6589941855627286,0.2818106963822673,0.2715653087743604,0.8410461524838205,0.0039574592399102,0.3233492302699153,0.4107099316888245,0.1632388330456268,0.1942420555827049,True
2026-06-01T19:12:41,20,33,200033,"ARX(2,2)",-181.688587798884,381.377175597768,411.71291785091694,True,0,2.6517726164360425,0.2814966960918134,0.2720365861968214,0.8412956680834814,0.0042516945513772,0.3234826017853815,0.4111198262741311,0.1629719618778174,0.1937822011512862,True
2026-06-01T19:14:00,20,34,200034,"ARX(2,2)",-181.6884797382584,381.37695947651673,411.7127017296657,True,0,2.673422569450722,0.2824601551123309,0.2706529070444329,0.8395051974003749,0.0043886741457227,0.3232290129589631,0.4113090729077172,0.1634401952657013,0.1931729856833698,True
2026-06-01T19:15:57,20,35,200035,"ARX(2,2)",-181.68847245833007,381.37694491666014,411.7126871698091,True,0,2.663205245276737,0.2826910214146635,0.2713950303577011,0.8385099436562606,0.0044451998666831,0.3228191183242595,0.4117542632408978,0.1633147168782832,0.1934580794609265,True
2026-06-01T19:18:21,20,36,200036,"ARX(2,2)",-181.6884295936392,381.3768591872784,411.7126014404273,True,0,2.664136113562667,0.2819627679240001,0.2712534421413904,0.8409343944753327,0.0042951425764487,0.3232587354569872,0.4111761310860312,0.1634332393150493,0.1932773603790151,True
2026-06-01T19:19:54,20,37,200037,"ARX(2,2)",-181.6884491599525,381.3768983199051,411.7126405730541,True,0,2.669020438061924,0.2828530680885746,0.2709190113465886,0.8387134116252657,0.0044036731392693,0.3235315634352916,0.4102513994341981,0.163490275288154,0.1937422012930935,True
2026-06-01T19:21:06,20,38,200038,"ARX(2,2)",-181.688522331296,381.377044662592,411.71278691574094,True,0,2.654604987599745,0.2818678947962583,0.2718555437606356,0.8405523655003366,0.004210751768002,0.3232185171949459,0.4116868381047873,0.1632060148140305,0.1933519303511293,True
2026-06-01T19:22:24,20,39,200039,"ARX(2,2)",-181.68843456665755,381.3768691333151,411.71261138646406,True,0,2.669805411924238,0.2823270170253887,0.2708447217915579,0.8398664187046299,0.0040788183491225,0.3232322528474316,0.4104495811291487,0.1635156455384797,0.1942258138039137,True
2026-06-01T19:23:50,20,40,200040,"ARX(2,2)",-181.68843901702053,381.37687803404106,411.71262028719,True,0,2.6627397121068066,0.2821052830642964,0.2714059666472655,0.8402754590266587,0.0042856283297633,0.3232418914434567,0.4111476020086304,0.1634876512280963,0.1935147978630275,True
2026-06-01T18:22:18,21,1,210001,"ARX(2,2)",-181.6884739869001,381.3769479738002,411.7126902269492,True,0,2.6725235078880645,0.2827344991968521,0.2706917382757177,0.8392443707650477,0.0044294088094815,0.3230089744708677,0.4109828593780301,0.1633622702252433,0.193645930384007,True
2026-06-01T18:24:17,21,2,210002,"ARX(2,2)",-181.6884561728816,381.3769123457632,411.7126545989122,True,0,2.671256152253859,0.2827015938417961,0.2707988159207322,0.8391731979793653,0.0042743479265116,0.3232492179214001,0.4093373998581648,0.1634848002882511,0.1951809824005557,True
2026-06-01T18:26:45,21,3,210003,"ARX(2,2)",-181.68877300206708,381.37754600413416,411.7132882572831,True,0,2.6855453410214367,0.2831836110620055,0.2698631415262312,0.8383388311940155,0.0044533088309359,0.3228825425980288,0.4113746870544711,0.163573430243766,0.1931918774904677,True
2026-06-01T18:28:20,21,4,210004,"ARX(2,2)",-181.6884611783126,381.3769223566252,411.71266460977415,True,0,2.6678168977934105,0.2833028677764407,0.2709981000363501,0.8380549291554871,0.0044216826541135,0.3233697299893763,0.4095064562599214,0.1634835976718332,0.1947227646917226,True
2026-06-01T18:30:09,21,5,210005,"ARX(2,2)",-181.6884787721632,381.3769575443264,411.71269979747535,True,0,2.6703807753449853,0.2826771182413877,0.2708183964473676,0.8386097828244273,0.0045851205837135,0.3232797323107426,0.4090247546809037,0.1632882831169178,0.1955013490613185,True
2026-06-01T18:32:31,21,6,210006,"ARX(2,2)",-181.6911726362328,381.3823452724656,411.7180875256146,True,0,2.686237090433981,0.2885648311002615,0.2697478245037706,0.8230800862331187,0.0061775158340864,0.3243601581639977,0.4014246552438283,0.1639558547248322,0.2000733721136313,True
2026-06-01T18:33:55,21,7,210007,"ARX(2,2)",-181.74255242638785,381.4851048527756,411.8208471059246,True,0,2.7331753542264057,0.2649610600175641,0.2656879883332337,0.8658519990591106,-0.0104248606749745,0.3144951880888529,0.3907974976830899,0.1600959232693411,0.2488628057873258,True
2026-06-01T18:35:43,21,8,210008,"ARX(2,2)",-181.68878136539857,381.37756273079714,411.7133049839461,True,0,2.6864034812276567,0.2822840316478616,0.2698524950761159,0.8398991935873256,0.0043546000578699,0.3229421183985055,0.4102531824588151,0.1637551642535949,0.1942672481534845,True
2026-06-01T18:37:36,21,9,210009,"ARX(2,2)",-181.68844192676855,381.3768838535372,411.7126261066861,True,0,2.666310082344266,0.2822716292245752,0.2711219221587737,0.8402415477205211,0.0038706786788397,0.323067414814887,0.4121016500671748,0.163161860644426,0.193359870918504,True
2026-06-01T18:38:57,21,10,210010,"ARX(2,2)",-181.68891386240668,381.37782772481336,411.7135699779623,True,0,2.687064788721416,0.2817990701692004,0.2698468285887116,0.841186993272791,0.0040886501394916,0.323609306226899,0.4069256445087555,0.1637790366503327,0.1969820777330735,True
2026-06-01T18:40:24,21,11,210011,"ARX(2,2)",-181.68845382534525,381.3769076506905,411.71264990383946,True,0,2.658797384938421,0.2819830831656008,0.2715875846498877,0.8404368116786511,0.0042765661726087,0.323310828828016,0.4109536176568762,0.1632986958361792,0.193677092911891,True
2026-06-01T18:41:32,21,12,210012,"ARX(2,2)",-181.68872855673808,381.3774571134761,411.7131993666251,True,0,2.6843927531878404,0.2827980069330044,0.2699396316482867,0.8392798088358957,0.0041093056385596,0.3228034784970005,0.4108078176344294,0.1634979408623476,0.1944313017107896,True
2026-06-01T18:43:05,21,13,210013,"ARX(2,2)",-181.68842470976952,381.37684941953904,411.712591672688,True,0,2.668329917781614,0.282258860700003,0.2709632432767078,0.839878544763825,0.0041848814558666,0.3233159314779968,0.4100330255281709,0.1634210296056811,0.1945829973273154,True
2026-06-01T18:44:20,21,14,210014,"ARX(2,2)",-181.6887662568137,381.3775325136274,411.7132747667764,True,0,2.6829989672264114,0.2831497906233181,0.2701427696004977,0.8372679757511016,0.0048024762064205,0.3226711323395706,0.4115354449695639,0.1633219442162376,0.1937365449660708,True
2026-06-01T18:45:48,21,15,210015,"ARX(2,2)",-181.68853240621328,381.3770648124265,411.7128070655755,True,0,2.6757520388158698,0.2831744391532289,0.2705034778584413,0.8380896043456612,0.0043366899297027,0.3230996827006495,0.411289047759501,0.1634453462887657,0.1933960021210431,True
2026-06-01T18:47:05,21,16,210016,"ARX(2,2)",-181.68842067300508,381.37684134601017,411.71258359915913,True,0,2.663581456124977,0.2818705307285817,0.2713035794354231,0.8408258012790822,0.0041752074593957,0.3232482945514059,0.4107150478026801,0.1633092564415487,0.1941141465021805,True
2026-06-01T18:48:15,21,17,210017,"ARX(2,2)",-181.68858073815528,381.37716147631056,411.7129037294595,True,0,2.651480611412553,0.2817825175086371,0.2720497543738328,0.8408045794756425,0.0041384645703032,0.3234229880033117,0.4108284402728748,0.1631642959504487,0.1940033349362265,True
2026-06-01T18:49:41,21,18,210018,"ARX(2,2)",-181.68843048359813,381.37686096719625,411.7126032203452,True,0,2.661865057318526,0.282314951381915,0.2713954524784924,0.839837713303654,0.0041529370164916,0.3231339984561859,0.411381951427083,0.1632786051403255,0.1936594211011594,True
2026-06-01T18:51:01,21,19,210019,"ARX(2,2)",-181.6887743995345,381.377548799069,411.713291052218,True,0,2.657120952588778,0.281395162039647,0.2718422778280078,0.8392377594856129,0.0047216152687355,0.3236219746738548,0.4104092719513968,0.1625807050118978,0.194704396191149,True
2026-06-01T18:52:35,21,20,210020,"ARX(2,2)",-181.6885052094122,381.3770104188244,411.71275267197336,True,0,2.6756642942785764,0.2826390186399921,0.2704906058774579,0.8393317238034365,0.0042585365899116,0.3231673250041281,0.4105016851352503,0.1634598466304556,0.1940900652850131,True
2026-06-01T18:54:25,21,21,210021,"ARX(2,2)",-181.68848031880128,381.37696063760256,411.71270289075153,True,0,2.6724603245348715,0.2814731065796851,0.2707222288781197,0.8418014993427587,0.0040090044557897,0.3229350389143818,0.4106101519032643,0.1634512442561113,0.1945823427848052,True
2026-06-01T18:56:03,21,22,210022,"ARX(2,2)",-181.68850417903616,381.3770083580723,411.7127506112213,True,0,2.655763962313688,0.2819382135313603,0.2717749806246938,0.8406337584271243,0.0039062594723973,0.3231215629167416,0.4107332302651119,0.1632329388811987,0.1945348179805585,True
2026-06-01T18:57:33,21,23,210023,"ARX(2,2)",-181.6885900445133,381.3771800890266,411.7129223421756,True,0,2.6703575997173434,0.2833869845757142,0.2709910032320568,0.8383044195562738,0.0044630768831688,0.3225079548839516,0.4134504790646284,0.1633956854814694,0.19187531781002,True
2026-06-01T18:59:12,21,24,210024,"ARX(2,2)",-181.6884246451847,381.3768492903694,411.7125915435184,True,0,2.662980103073441,0.2823733436544571,0.2713144068354672,0.8395689319297691,0.0042574445958099,0.3233091295897906,0.4100003631397878,0.163376871270653,0.1946046988176404,True
2026-06-01T19:01:22,21,25,210025,"ARX(2,2)",-181.68854286944008,381.37708573888017,411.71282799202913,True,0,2.667856170890302,0.2806134216779413,0.2709964980300288,0.8434748035595951,0.0040680150709483,0.3225885121473186,0.4124235552355627,0.1633854886094433,0.1931669374360212,True
2026-06-01T19:02:57,21,26,210026,"ARX(2,2)",-181.68863035838277,381.3772607167655,411.7130029699144,True,0,2.6806459381380368,0.2830274495352307,0.2701745648753133,0.8382371214913382,0.0043140450777633,0.3229972532674421,0.4113384837734496,0.1635012880638441,0.1934314640744198,True
2026-06-01T19:04:44,21,27,210027,"ARX(2,2)",-181.68850898196928,381.37701796393856,411.7127602170875,True,0,2.6667176872482816,0.283031403195141,0.2710162708352334,0.839061859041152,0.0035157135441952,0.3230461112789121,0.4109924882841232,0.163026887486565,0.194856195883849,True
2026-06-01T19:06:30,21,28,210028,"ARX(2,2)",-181.68843594581088,381.37687189162176,411.7126141447707,True,0,2.660898436875756,0.2818714346064139,0.2714712907019557,0.8408225538309263,0.0041244723669237,0.3232475403592962,0.4108725861123808,0.163216831273063,0.1941777719282275,True
2026-06-01T19:08:40,21,29,210029,"ARX(2,2)",-181.68844505398587,381.37689010797175,411.7126323611207,True,0,2.660092693540607,0.2817126671515384,0.2714975768651184,0.8411606462281846,0.0040210662354392,0.3233688467904005,0.4102330549417556,0.1632756122688131,0.1946350400251627,True
2026-06-01T19:10:15,21,30,210030,"ARX(2,2)",-181.6884832216029,381.3769664432058,411.7127086963548,True,0,2.6733994560361976,0.2822527893625737,0.2706425301225691,0.840063774615587,0.0040555337447302,0.3230084925528991,0.4094223100148474,0.1637014791411878,0.1953544564611571,True
2026-06-01T19:11:57,21,31,210031,"ARX(2,2)",-181.68865731328805,381.3773146265761,411.71305687972506,True,0,2.6529777550818103,0.2835743351057928,0.2719579368610763,0.8366917652652969,0.0047309709468795,0.3232257681069894,0.4118736868390745,0.16313324292819,0.1927253760157549,True
2026-06-01T19:14:07,21,32,210032,"ARX(2,2)",-181.68849464816972,381.3769892963395,411.71273154948847,True,0,2.673588921839039,0.2828982208860241,0.2706208875770762,0.8384243796857987,0.0042360607604996,0.3231512290623192,0.410209015601844,0.1634299597115577,0.1946732441643802,True
2026-06-01T19:15:38,21,33,210033,"ARX(2,2)",-181.6885032129118,381.3770064258236,411.71274867897256,True,0,2.656890605217316,0.2813553070996034,0.2716733891111644,0.8418503430214586,0.004052178464309,0.3234742392559779,0.4112822024515575,0.1633162654817613,0.193360307143879,True
2026-06-01T19:17:53,21,34,210034,"ARX(2,2)",-181.69240428779395,381.3848085755879,411.72055082873686,True,0,2.598403351005273,0.289619726621563,0.2744025500792346,0.8286657889506911,0.0075652660729421,0.3349166389102527,0.3960484142066278,0.1644028681332463,0.189432168929596,True
2026-06-01T19:19:20,21,35,210035,"ARX(2,2)",-181.68893911943337,381.37787823886674,411.7136204920157,True,0,2.6747404784661084,0.2812445459695044,0.270564966889266,0.840431570673818,0.0035008319326316,0.3213480797236096,0.4113447412604669,0.1638891170578279,0.1959914283005545,True
2026-06-01T19:21:17,21,36,210036,"ARX(2,2)",-181.68847887897795,381.3769577579559,411.71270001110486,True,0,2.6731351259773795,0.2825676535901828,0.2706414719196894,0.8396520595972358,0.004280550680268,0.3232286416966589,0.4090947907887743,0.1635445503581253,0.1952983258499022,True
2026-06-01T19:24:24,21,37,210037,"ARX(2,2)",-181.6884214191753,381.3768428383506,411.7125850914996,True,0,2.666065492805601,0.2826227672306376,0.2711128915486813,0.8393174175644156,0.0042926564672935,0.3232061234432729,0.4109710332200764,0.1633851531159035,0.1936570140570298,True
2026-06-01T19:25:52,21,38,210038,"ARX(2,2)",-181.6884705048596,381.3769410097192,411.71268326286815,True,0,2.660093393815671,0.2828955458629908,0.2715316037588363,0.8382652743875555,0.0043500758866375,0.3233094364633033,0.4108327481463781,0.1633304581221626,0.1938238160151396,True
2026-06-01T19:27:23,21,39,210039,"ARX(2,2)",-181.68973173086465,381.3794634617293,411.7152057148782,True,0,2.7039588534459105,0.2813736904825397,0.2687403755477206,0.8427705611082511,0.0031553295273105,0.322171552115369,0.4112253877294385,0.1635918289765535,0.1955658432687748,True
2026-06-01T19:28:30,21,40,210040,"ARX(2,2)",-181.68849922681008,381.37699845362016,411.7127407067691,True,0,2.655994550250937,0.2824967469954269,0.271774815359949,0.8394570660573027,0.0043737602350712,0.323365838987393,0.4109843079037911,0.1631272528903717,0.1936681591443583,True
2026-06-01T18:27:23,22,1,220001,"ARX(2,2)",-181.68857514345308,381.37715028690616,411.7128925400551,True,0,2.652146484995314,0.2813993105278086,0.2720225590503123,0.8415880935566107,0.0040798729143197,0.3234116412644324,0.4107372147622409,0.1631217648075088,0.1942570162561981,True
2026-06-01T18:28:58,22,2,220002,"ARX(2,2)",-181.68889645370308,381.37779290740616,411.7135351605551,True,0,2.689455688826168,0.2820819909770897,0.2696492542286413,0.840661705278254,0.0041022557886986,0.3229757757910808,0.4094941544590094,0.1636706744471381,0.1952842606923432,True
2026-06-01T18:30:43,22,3,220003,"ARX(2,2)",-181.688928423614,381.377856847228,411.713599100377,True,0,2.688712504779745,0.2835680427736226,0.2697022224333911,0.8373261310715665,0.0046635675707487,0.3228584516023441,0.4103753496098095,0.1641119034335606,0.1933958418317002,True
2026-06-01T18:32:22,22,4,220004,"ARX(2,2)",-181.6884293516938,381.3768587033876,411.71260095653656,True,0,2.6616926096736475,0.2819220327629705,0.271404469963648,0.8408766019688905,0.0040931732186261,0.3232322355468526,0.4103244727591281,0.1633242825043596,0.1945302066398324,True
2026-06-01T18:34:40,22,5,220005,"ARX(2,2)",-181.6884572335262,381.3769144670524,411.7126567202014,True,0,2.65997943715308,0.2821735545643628,0.2715160614025706,0.840327405198089,0.0040232155667028,0.3235672987267254,0.4111228217506357,0.1631586440086291,0.1936118841881069,True
2026-06-01T18:36:21,22,6,220006,"ARX(2,2)",-181.68851653155363,381.37703306310726,411.7127753162562,True,0,2.67082790659946,0.2837464475322653,0.2707536754994946,0.8371882822098792,0.0045748135322495,0.3235273940200097,0.4092952541497379,0.1634836786432412,0.1944778004806277,True
2026-06-01T18:38:28,22,7,220007,"ARX(2,2)",-181.6885689873763,381.3771379747526,411.7128802279016,True,0,2.6543250597671184,0.2820991936524107,0.2717958810258049,0.8397142843341261,0.0042009122180485,0.323004069973885,0.4102105552392965,0.1634128784706412,0.1948238035182904,True
2026-06-01T18:40:08,22,8,220008,"ARX(2,2)",-181.68843357474736,381.37686714949473,411.7126094026437,True,0,2.6618186802718418,0.2821751188314791,0.271407483369365,0.8404561147683264,0.0041178792758508,0.3234396446005291,0.4097349068313234,0.1634340077993362,0.1947490739431949,True
2026-06-01T18:42:22,22,9,220009,"ARX(2,2)",-181.68876762428,381.37753524856,411.71327750170894,True,0,2.6856593550586907,0.2831325968316739,0.2698621008017086,0.8383719792575575,0.004452126973522,0.32309411467267,0.41024405662974,0.1637406317798448,0.1938820853614279,True
2026-06-01T18:44:10,22,10,220010,"ARX(2,2)",-181.68851810016736,381.3770362003347,411.7127784534837,True,0,2.660694211874449,0.2819678268037354,0.2714326426748608,0.8404550905990087,0.0038790050640444,0.3235973031755673,0.4071873033693156,0.1634555053457919,0.1973827623296145,True
2026-06-01T18:45:42,22,11,220011,"ARX(2,2)",-181.68860688143903,381.37721376287806,411.712956016027,True,0,2.652891742374833,0.2810532529132898,0.272043357762523,0.842359605117933,0.0038077540567164,0.3231287188923308,0.412654426828864,0.1630727523459922,0.1930997657026395,True
2026-06-01T18:47:09,22,12,220012,"ARX(2,2)",-181.6884520985323,381.3769041970646,411.7126464502136,True,0,2.666781572308538,0.28127458388393,0.2710693453211292,0.8422112850179654,0.0038453033328281,0.3230389585369891,0.4111157922040024,0.1631786396820293,0.1944118161093732,True
2026-06-01T18:48:14,22,13,220013,"ARX(2,2)",-181.68849516003337,381.37699032006674,411.7127325732157,True,0,2.656632374243425,0.2818034063396621,0.2717396082589775,0.8407357775697142,0.0041846167244419,0.3232244957233522,0.4118519480669719,0.1629275205457356,0.1934734430705088,True
2026-06-01T18:49:41,22,14,220014,"ARX(2,2)",-181.68870454758,381.37740909516,411.713151348309,True,0,2.6837788651931707,0.2819222495251035,0.2699937444124488,0.8410320525372538,0.004012303981823,0.322856197467926,0.4101690914201445,0.1636681095530616,0.1948543086362698,True
2026-06-01T18:51:16,22,15,220015,"ARX(2,2)",-181.68856665112656,381.3771333022531,411.7128755554021,True,0,2.673267820168864,0.2837468078933387,0.2706306527949575,0.8368181433903729,0.0049453070100055,0.323260521655286,0.4117606659493237,0.1633796569425424,0.1920992676731003,True
2026-06-01T18:53:16,22,16,220016,"ARX(2,2)",-181.6884186410844,381.3768372821688,411.7125795353178,True,0,2.666425789585271,0.2821484253850711,0.271107660711939,0.8402636559346145,0.0042894361857796,0.3232865064503878,0.4102988908429122,0.1632975047310714,0.1943303895821989,True
2026-06-01T18:55:04,22,17,220017,"ARX(2,2)",-181.688695792918,381.377391585836,411.71313383898496,True,0,2.683261007558947,0.2822319787728687,0.2700173821088445,0.8404865615477348,0.0039831444024754,0.3231695875087789,0.4087299024256414,0.1637218309140743,0.1957993651434096,True
2026-06-01T18:56:58,22,18,220018,"ARX(2,2)",-181.6885185947906,381.3770371895812,411.71277944273015,True,0,2.6609682673475668,0.2818826189774302,0.2714864208420897,0.8411746481224625,0.004719398794447,0.3233413110095957,0.4126259814193163,0.1633369436098342,0.1913521430345414,True
2026-06-01T18:58:24,22,19,220019,"ARX(2,2)",-181.68844355154792,381.37688710309584,411.7126293562448,True,0,2.6699625988363205,0.2822862287993803,0.2708705034313601,0.8398292691544235,0.0040627632584636,0.3231759885153162,0.4113790830698595,0.1634317398809961,0.1934940243414411,True
2026-06-01T18:59:47,22,20,220020,"ARX(2,2)",-181.688431878834,381.376863757668,411.71260601081696,True,0,2.667424682945029,0.2826624077758498,0.2710445958401637,0.8390750527878409,0.0043496399931454,0.3233342587547185,0.4101195417674673,0.1636057729715652,0.1941066752044834,True
2026-06-01T19:01:23,22,21,220021,"ARX(2,2)",-181.68877941179989,381.37755882359977,411.71330107674873,True,0,2.685329109052728,0.2831525538492275,0.2698655796620702,0.8384085166279945,0.0046759191809548,0.3229553774882904,0.4109748244609902,0.1634487902452655,0.1933262243331636,True
2026-06-01T19:02:57,22,22,220022,"ARX(2,2)",-181.688793136299,381.377586272598,411.713328525747,True,0,2.6548087964699905,0.283654442666529,0.2717449179736766,0.835591240556112,0.0051531660767765,0.3238782153151182,0.4127267233246122,0.1633070883578401,0.1907397320616387,True
2026-06-01T19:04:17,22,23,220023,"ARX(2,2)",-181.68853499464336,381.3770699892867,411.7128122424357,True,0,2.6569150429960704,0.2823864556996412,0.2716224843761484,0.8396761393403164,0.0044142339868451,0.3236598339948749,0.4099261200663596,0.1629718567140181,0.1942394250302321,True
2026-06-01T19:05:16,22,24,220024,"ARX(2,2)",-181.68844076800772,381.3768815360155,411.71262378916447,True,0,2.6664921244518416,0.2824409696350716,0.2711048312266352,0.8394162389557095,0.004124491583284,0.3228166876169969,0.4106691746368601,0.163297085539905,0.1947264854489598,True
2026-06-01T19:06:50,22,25,220025,"ARX(2,2)",-181.68845378311477,381.3769075662295,411.7126498193784,True,0,2.659881000216699,0.281892910118807,0.2715191992213454,0.8411076141375028,0.0037946231888412,0.3233061080535939,0.4108665183068491,0.1632186857299431,0.1943621012861114,True
2026-06-01T19:08:40,22,26,220026,"ARX(2,2)",-181.6884280690203,381.3768561380406,411.7125983911896,True,0,2.6615176240325558,0.2820254376937456,0.2714062557246726,0.8405917251886996,0.0041340808307052,0.3232034521969164,0.4107364632186452,0.1633351365501979,0.1941328662145025,True
2026-06-01T19:10:50,22,27,220027,"ARX(2,2)",-181.6884532375301,381.3769064750602,411.7126487282092,True,0,2.6587967869300098,0.2819276939938571,0.2715861165643899,0.8405501347423068,0.0042053231100089,0.3233025120573974,0.4104703855828179,0.1633563703844211,0.1942041039420517,True
2026-06-01T19:12:38,22,28,220028,"ARX(2,2)",-181.688539560596,381.377079121192,411.712821374341,True,0,2.658365645491988,0.281814306447893,0.2715184526309843,0.841509218342898,0.003685709357297,0.3231145917771287,0.4115703550326153,0.163183461062603,0.1935145661552945,True
2026-06-01T19:14:15,22,29,220029,"ARX(2,2)",-181.6885403339583,381.3770806679166,411.7128229210656,True,0,2.6764262962959013,0.2832419211658266,0.2704309646856135,0.8380776328131644,0.0043871288927923,0.323206703606625,0.410030214438802,0.1635644614869421,0.1943047728037053,True
2026-06-01T19:15:38,22,30,220030,"ARX(2,2)",-181.68851570629775,381.3770314125956,411.7127736657445,True,0,2.6545573591460747,0.2820673639198605,0.2718536303368041,0.8405081228703659,0.0041267884400507,0.3234305096030359,0.4106952508372494,0.1631486350422016,0.1941161733201219,True
2026-06-01T19:17:13,22,31,220031,"ARX(2,2)",-181.688545255952,381.377090511904,411.71283276505295,True,0,2.653579845937671,0.2815138894023739,0.2719396383689028,0.8413780047070869,0.0041550442594695,0.3234212114092227,0.4111152573430546,0.1630841499875106,0.1938788474071599,True
2026-06-01T19:18:25,22,32,220032,"ARX(2,2)",-181.6884307096517,381.3768614193034,411.7126036724524,True,0,2.6681626060185626,0.2826631071499159,0.2710199965335937,0.8392584398875996,0.0042456795051728,0.3232654912022233,0.4101727888343798,0.1634805443089665,0.1944070749277765,True
2026-06-01T19:20:10,22,33,220033,"ARX(2,2)",-181.6884398031263,381.3768796062526,411.7126218594016,True,0,2.660447153420834,0.2822101759456183,0.2715127305664195,0.8399648070157186,0.0042956084708942,0.3232828539686559,0.4107688191654752,0.163193595088963,0.1941281390929183,True
2026-06-01T19:21:49,22,34,220034,"ARX(2,2)",-181.68871259332488,381.37742518664976,411.7131674397987,True,0,2.6563740403652414,0.2817596163966649,0.2717452565106231,0.840055050862464,0.0044400437680928,0.3227742343085781,0.4132318451693985,0.1634817066400919,0.1923825585685882,True
2026-06-01T19:23:11,22,35,220035,"ARX(2,2)",-181.6924006573998,381.3848013147996,411.7205435679485,True,0,2.589244718150981,0.2890312892099996,0.2750244367774533,0.8296977904776689,0.0074859063240676,0.3353682613660901,0.3954090468112917,0.1644346551761667,0.1895630647281505,True
2026-06-01T19:24:28,22,36,220036,"ARX(2,2)",-181.6886175880912,381.3772351761824,411.7129774293313,True,0,2.6803364624086328,0.2817206036826132,0.2702211958879953,0.8410751250184457,0.004005641418161,0.3228180427496157,0.4106715743149533,0.1634981213130824,0.1945966745666995,True
2026-06-01T19:26:00,22,37,220037,"ARX(2,2)",-181.68958942592425,381.3791788518485,411.7149211049974,True,0,2.646862659606545,0.2826297394053881,0.2724027022726807,0.8377982944445082,0.0053842129503906,0.3245945045310875,0.401294898004432,0.1625303693436954,0.2018207830956867,True
2026-06-01T19:27:30,22,38,220038,"ARX(2,2)",-181.68861447929703,381.3772289585941,411.7129712117431,True,0,2.650600919861155,0.2820752568336452,0.2721117255047123,0.8399035154194628,0.0040133260754555,0.3232988361033019,0.410988333850478,0.1631085273507925,0.1942787046805738,True
2026-06-01T19:28:39,22,39,220039,"ARX(2,2)",-181.69285384570327,381.38570769140654,411.7214499445555,True,0,2.5691253879844536,0.2891969551824483,0.2763459322291052,0.8291703550537243,0.0076849520894831,0.3360917034589304,0.3956235213438679,0.1641536252062098,0.1886083743285695,True
2026-06-01T19:30:21,22,40,220040,"ARX(2,2)",-181.6887868245082,381.3775736490164,411.7133159021654,True,0,2.676758832010588,0.2806937964883393,0.270554059536569,0.8425550599315348,0.0030368702034419,0.3221925707370029,0.4114632773666417,0.1633539394439681,0.1961278257322662,True
2026-06-01T18:25:31,23,1,230001,"ARX(2,2)",-181.6884551044202,381.3769102088404,411.71265246198936,True,0,2.659733484242273,0.2820409315667908,0.2715316536952392,0.840738751871083,0.0039966618022941,0.3231511624835033,0.4114691736588919,0.1631385887572715,0.1936849143788771,True
2026-06-01T18:26:54,23,2,230002,"ARX(2,2)",-181.688424906452,381.3768498129039,411.7125920660529,True,0,2.66615102961172,0.2820557619059762,0.271135601578935,0.8402798260722946,0.0041567070863166,0.3234175906306112,0.4102886208777241,0.1632831801048284,0.1943962315932806,True
2026-06-01T18:28:20,23,3,230003,"ARX(2,2)",-181.6884237793226,381.3768475586452,411.71258981179415,True,0,2.6675187139702587,0.2821064847252589,0.2710143080278419,0.840384856853304,0.0040457377307038,0.3230900247773343,0.4104279265019573,0.1634864229542467,0.1945543813662374,True
2026-06-01T18:29:32,23,4,230004,"ARX(2,2)",-181.6884264490937,381.3768528981874,411.7125951513364,True,0,2.666788718131066,0.2818885001082032,0.2710752876388014,0.8406659993266524,0.0043086575461332,0.323363380146478,0.4099476110583417,0.1633366196677417,0.1945652061579365,True
2026-06-01T18:31:20,23,5,230005,"ARX(2,2)",-181.68847330548635,381.3769466109727,411.7126888641217,True,0,2.657431215619977,0.2821392669053774,0.2716806129035147,0.840109175388658,0.0041750895257773,0.3234523433764774,0.4099429793701068,0.1633415232660355,0.1946261698692941,True
2026-06-01T18:32:48,23,6,230006,"ARX(2,2)",-181.68853747040936,381.3770749408187,411.7128171939677,True,0,2.669952664403976,0.2834945541352737,0.2708070372537047,0.8385313486903637,0.0043630569919192,0.3235291791047252,0.4097140162220754,0.1638949042316405,0.1935112870155657,True
2026-06-01T18:34:08,23,7,230007,"ARX(2,2)",-181.688496366796,381.3769927335919,411.7127349867409,True,0,2.671987501160961,0.2833291209203744,0.2707286913886204,0.8375656416572083,0.0046635163943747,0.3232928413686907,0.4096139750490477,0.1634342054195037,0.1945486529883245,True
2026-06-01T18:35:40,23,8,230008,"ARX(2,2)",-181.68857030010284,381.3771406002057,411.7128828533546,True,0,2.652147209248417,0.2817476790056132,0.2720464865153743,0.840963310662975,0.0041657333789458,0.3234163891454891,0.4104158347325104,0.163249188912144,0.1943756005722823,True
2026-06-01T18:37:24,23,9,230009,"ARX(2,2)",-181.68859834975,381.3771966995,411.712938952649,True,0,2.65118962334792,0.2816560470766572,0.2720608052022859,0.8408578211291609,0.0041839716896499,0.3234423583523183,0.4104988382108994,0.162974137443012,0.1945561578752154,True
2026-06-01T18:39:04,23,10,230010,"ARX(2,2)",-181.68851452466595,381.3770290493319,411.71277130248086,True,0,2.675032977219117,0.2819673801842087,0.2705347085728044,0.8409100336135872,0.0038904053360723,0.3228085524136028,0.4109492436160546,0.1632359870502271,0.194689262424586,True
2026-06-01T18:40:33,23,11,230011,"ARX(2,2)",-181.6884209530476,381.3768419060952,411.7125841592441,True,0,2.663168402825598,0.2820855054153767,0.271279781164111,0.8403813212051664,0.0040215415293586,0.3232518699230693,0.4108261029862471,0.1633706099830672,0.1940572779919047,True
2026-06-01T18:41:56,23,12,230012,"ARX(2,2)",-181.68844399248465,381.3768879849693,411.7126302381182,True,0,2.660564505756803,0.2817166534327505,0.2714871700297531,0.8408638485561116,0.0043054187964326,0.3233001507442209,0.4109654974907405,0.1633404046139615,0.1936533894577232,True
2026-06-01T18:43:22,23,13,230013,"ARX(2,2)",-181.6884334274316,381.3768668548632,411.7126091080122,True,0,2.664415050053109,0.2816024907338549,0.2712161381088671,0.8413193041564205,0.003958065541377,0.3232371237921547,0.4096878123176563,0.163324229882307,0.1953615964990903,True
2026-06-01T18:45:37,23,14,230014,"ARX(2,2)",-181.6884451586704,381.3768903173408,411.71263257048975,True,0,2.666063347250588,0.2815503762099271,0.271043973157984,0.8411698543495715,0.0039606823801081,0.3233533881611328,0.4101953141270734,0.1635244269524911,0.1944677185324489,True
2026-06-01T18:47:05,23,15,230015,"ARX(2,2)",-181.68851749536827,381.37703499073655,411.7127772438855,True,0,2.654656905368927,0.2816583752167513,0.2718532947662496,0.8411987342044525,0.0041276029622531,0.3233808304811437,0.4108717521439964,0.1631271924952504,0.1940272269617595,True
2026-06-01T18:48:28,23,16,230016,"ARX(2,2)",-181.68856640449437,381.3771328089887,411.7128750621376,True,0,2.674351435692313,0.2829393179928143,0.2705826835228964,0.8384876822139417,0.0046573359631021,0.3232780363250145,0.4083991562049613,0.1632312932896738,0.1962145174057049,True
2026-06-01T18:50:20,23,17,230017,"ARX(2,2)",-181.6885966185528,381.37719323710553,411.7129354902545,True,0,2.6796629512628787,0.2827563824891674,0.2702687368409466,0.8391420863345082,0.0043644730225521,0.3229153514212055,0.4111949676676861,0.1635129956370343,0.193674262183368,True
2026-06-01T18:51:47,23,18,230018,"ARX(2,2)",-181.69239381674103,381.38478763348206,411.720529886631,True,0,2.593020631029769,0.2897126131137226,0.2747933784493533,0.8281342971313543,0.0080054443146292,0.335265142517996,0.3954573748731042,0.1644288035976705,0.1891628231819031,True
2026-06-01T18:52:57,23,19,230019,"ARX(2,2)",-181.68857528731533,381.37715057463066,411.7128928277796,True,0,2.676918817285752,0.2834051475339764,0.2703721760820621,0.8381659154295531,0.0043707481159507,0.3233655555564282,0.4089451205321604,0.1637943165407346,0.194817085249346,True
2026-06-01T18:54:35,23,20,230020,"ARX(2,2)",-181.68845732871307,381.3769146574261,411.7126569105751,True,0,2.6671477155456422,0.2824072876985241,0.2709952791296168,0.8399328491448947,0.003762831623628,0.3230212164841763,0.4104414967616441,0.1630465766014408,0.1952415343502443,True
2026-06-01T18:56:13,23,21,230021,"ARX(2,2)",-181.68850402082523,381.37700804165047,411.7127502947994,True,0,2.6617762511233454,0.2832037897538032,0.2713822649966387,0.8380018695064464,0.0046061079089656,0.323814701170136,0.4103220829894158,0.1631980564517746,0.1933067560985738,True
2026-06-01T18:57:36,23,22,230022,"ARX(2,2)",-181.6884522732473,381.3769045464946,411.7126467996436,True,0,2.660001044205239,0.2820555535976992,0.2714837883186213,0.8403825424973227,0.0039021525133763,0.323425182103568,0.4108777750180788,0.1631015253198165,0.1942534745453431,True
2026-06-01T18:58:56,23,23,230023,"ARX(2,2)",-181.6886401296225,381.377280259245,411.713022512394,True,0,2.675916696654267,0.28398276815829,0.2705835185744735,0.8375299680879007,0.0046732171709502,0.3230675066112091,0.4105915700874198,0.1634021098456674,0.1935550180373178,True
2026-06-01T19:00:30,23,24,230024,"ARX(2,2)",-181.68841652540087,381.37683305080185,411.7125753039508,True,0,2.665569494979565,0.2823367084865492,0.2711563738774967,0.8398961113437081,0.0041794553318424,0.3231482493710133,0.410883764705873,0.1634024313616839,0.1938992181162931,True
2026-06-01T19:01:39,23,25,230025,"ARX(2,2)",-181.6888775130501,381.3777550261002,411.7134972792492,True,0,2.655969270746851,0.2815473014694248,0.27189283097188,0.8428707200554715,0.0032022211342264,0.3219855836449331,0.4163118090681723,0.1632937434907657,0.1907551032567521,True
2026-06-01T19:03:16,23,26,230026,"ARX(2,2)",-181.68842685428544,381.3768537085709,411.71259596171984,True,0,2.665438789475725,0.2823678407211266,0.2712121866086372,0.8399449164970846,0.0043117366014603,0.3231445976112365,0.4110163187322591,0.1632656400539609,0.1937434865572539,True
2026-06-01T19:04:52,23,27,230027,"ARX(2,2)",-181.6887646938257,381.3775293876514,411.7132716408004,True,0,2.6459511132111517,0.2812751717170809,0.2723844061410795,0.8422999860747467,0.003881263138393,0.3232434973353284,0.411323635403633,0.1630774190002674,0.1939095976507521,True
2026-06-01T19:06:21,23,28,230028,"ARX(2,2)",-181.6884611646088,381.3769223292176,411.7126645823665,True,0,2.66690626438448,0.282701079123097,0.2710454153590618,0.8392325785410532,0.0044592869197408,0.3234190968058027,0.4120166457189538,0.1632845583266326,0.1921487517320567,True
2026-06-01T19:08:22,23,29,230029,"ARX(2,2)",-181.6884934023941,381.3769868047882,411.7127290579372,True,0,2.672685516575054,0.2831274658482341,0.2706958435080689,0.8388604225464286,0.0043388245974439,0.3231619462138117,0.4096783067876151,0.163484073608377,0.1946704526905733,True
2026-06-01T19:10:28,23,30,230030,"ARX(2,2)",-181.68884098696867,381.3776819739373,411.7134242270863,True,0,2.6437952533274025,0.2820398007130082,0.2725897697962877,0.8396655850349702,0.0045210895166522,0.3234988948965945,0.4111470876727754,0.1630893716419623,0.1935321021619264,True
2026-06-01T19:11:58,23,31,230031,"ARX(2,2)",-181.6886600926584,381.3773201853168,411.7130624384657,True,0,2.651526550015169,0.2828278378751356,0.2719406341869828,0.8388906361119332,0.0041702454489202,0.3237031039564865,0.4081046928491146,0.1632870063256881,0.1960749604893774,True
2026-06-01T19:13:41,23,32,230032,"ARX(2,2)",-181.688639964932,381.377279929864,411.713022183013,True,0,2.6660001831182982,0.2841907123164107,0.2711093043406629,0.8363186337649688,0.0050428039565263,0.3232491548028725,0.4137932100261319,0.1631890787804636,0.1901095607935302,True
2026-06-01T19:15:02,23,33,230033,"ARX(2,2)",-181.68868158093323,381.37736316186647,411.7131054150154,True,0,2.67934863774704,0.2823223406451311,0.270368078568388,0.8405538906633276,0.0041974855997778,0.3234518235739312,0.4078794786068636,0.1633387721273743,0.196389688825684,True
2026-06-01T19:16:18,23,34,230034,"ARX(2,2)",-181.68846535905328,381.37693071810656,411.71267297125553,True,0,2.6589800155315637,0.2821603153837205,0.2715351109347775,0.840124188426285,0.0040525419424321,0.323528908279854,0.4094148860679798,0.1631935148003129,0.1952980270518917,True
2026-06-01T19:17:40,23,35,230035,"ARX(2,2)",-181.68842937765191,381.37685875530383,411.7126010084528,True,0,2.666124155814216,0.2822725518742016,0.2711547604782836,0.8402404803180231,0.0040283187168523,0.3230678553857506,0.4112200173394739,0.1635325029350714,0.1937233502695814,True
2026-06-01T19:20:21,23,36,230036,"ARX(2,2)",-181.68859564751392,381.37719129502784,411.7129335481768,True,0,2.671321767608555,0.281387323530927,0.2707580666641788,0.8421057388639542,0.0036033833196748,0.3231948135581657,0.4066472775915636,0.1634649379742312,0.1985262264328265,True
2026-06-01T19:21:47,23,37,230037,"ARX(2,2)",-181.68870044209973,381.37740088419946,411.7131431373484,True,0,2.6483822223456586,0.2809604605150908,0.272252222836797,0.842476671729893,0.0037960547548678,0.3234706475387826,0.4106846171869167,0.1629219909188667,0.1947533925299685,True
2026-06-01T19:23:22,23,38,230038,"ARX(2,2)",-181.68842409495957,381.3768481899191,411.71259044306805,True,0,2.667900895575114,0.2820611443807064,0.2710034986306041,0.84050707196465,0.0039980381639184,0.3230338610365855,0.4107699120363198,0.1633412623776607,0.1944462014972931,True
2026-06-01T19:25:31,23,39,230039,"ARX(2,2)",-181.6884324594843,381.3768649189686,411.7126071721176,True,0,2.6639331543588907,0.2821695797527123,0.2712156840057365,0.8403597237718202,0.0041589001091736,0.3235268596807509,0.4101100161156623,0.1635256402959279,0.1939774671123546,True
2026-06-01T19:27:09,23,40,230040,"ARX(2,2)",-181.6885125782765,381.3770251565529,411.7127674097019,True,0,2.657101632094468,0.2812217109323384,0.2716502431890234,0.8421215495471772,0.0042149529116962,0.3233716794958777,0.4115265187654224,0.1632450189795749,0.1931575121296402,True
2026-06-01T18:24:40,24,1,240001,"ARX(2,2)",-181.6884508181649,381.3769016363298,411.7126438894788,True,0,2.6698547685905107,0.2823010474050738,0.2708837949713584,0.8403024795136316,0.0042755275210604,0.3233201334652704,0.4105182205247685,0.1636128121022284,0.1935591151619577,True
2026-06-01T18:25:58,24,2,240002,"ARX(2,2)",-181.68844161441285,381.3768832288257,411.7126254819746,True,0,2.669071855180837,0.2818156616123116,0.2709114815755524,0.8412229515234086,0.0040165553057762,0.3232893337277464,0.41039624594946,0.1636324955923783,0.1941061568917075,True
2026-06-01T18:27:12,24,3,240003,"ARX(2,2)",-181.6884305684734,381.3768611369468,411.71260339009575,True,0,2.6618253330197765,0.2819078151716551,0.2713673625995721,0.8408619733127468,0.0040169540187871,0.3233019328552421,0.4101253360334875,0.1632701283558218,0.1947681610791557,True
2026-06-01T18:28:37,24,4,240004,"ARX(2,2)",-181.69185384784703,381.3837076956941,411.7194499488431,True,0,2.7326709834304137,0.2811845830719282,0.2671242674315867,0.8400754528698797,0.0034660838970478,0.3213891291315137,0.4125828478020236,0.1638795307441435,0.1950077130976063,True
2026-06-01T18:30:07,24,5,240005,"ARX(2,2)",-181.6887931102473,381.3775862204946,411.7133284736436,True,0,2.685557903093712,0.2816430536978497,0.2699616451266226,0.8410911252106852,0.0042732671416321,0.322691147733195,0.4104320455534918,0.163698239375148,0.1947685374995512,True
2026-06-01T18:31:56,24,6,240006,"ARX(2,2)",-181.68857517069225,381.3771503413845,411.7128925945334,True,0,2.679023201372682,0.2826956224097289,0.2703074813089228,0.8392720486519145,0.0043711832214403,0.3230501409954026,0.4096638514783428,0.1636651496792698,0.1947658127971255,True
2026-06-01T18:33:32,24,7,240007,"ARX(2,2)",-181.6924214583817,381.3848429167633,411.7205851699123,True,0,2.587811855283676,0.2894369059964095,0.2750801575400073,0.8292164909163412,0.0075313701697541,0.3355009690171219,0.3943845117180425,0.1643025572826822,0.1904711315940464,True
2026-06-01T18:35:27,24,8,240008,"ARX(2,2)",-181.68862374722315,381.3772474944463,411.71298974759526,True,0,2.650147598724123,0.2818205028221345,0.2721303716545968,0.8408885718554535,0.0041940165588748,0.323482705884258,0.4115175243659743,0.1629334815145534,0.193472011364152,True
2026-06-01T18:37:31,24,9,240009,"ARX(2,2)",-181.68844219798527,381.37688439597065,411.7126266491196,True,0,2.6676296913291555,0.2825291697423954,0.2710256177789316,0.8391966086081968,0.0040839369552699,0.3228887823032479,0.4106215377799621,0.1635206883369073,0.1944942637309222,True
2026-06-01T18:39:00,24,10,240010,"ARX(2,2)",-181.68847671710915,381.3769534342183,411.7126956873673,True,0,2.6619934951404334,0.2820767194786016,0.2713663084344263,0.84044351606421,0.0041502085122437,0.3234095586990771,0.4124875879622978,0.1633577577012502,0.1922550188835795,True
2026-06-01T18:40:33,24,11,240011,"ARX(2,2)",-181.68856162143447,381.37712324286895,411.7128654960179,True,0,2.6524560001204054,0.2819550154820508,0.2719700737559249,0.8406628361184623,0.0041714079899255,0.3234307030256179,0.4108688778243046,0.1632206903759331,0.1938750774146234,True
2026-06-01T18:42:10,24,12,240012,"ARX(2,2)",-181.68857710918653,381.3771542183731,411.7128964715221,True,0,2.652934611666957,0.2810942937759487,0.2719646994936303,0.8419158047866574,0.0041772371816123,0.3233817531709091,0.4112094415559122,0.1631231313830564,0.193760251331773,True
2026-06-01T18:44:11,24,13,240013,"ARX(2,2)",-181.68911420814345,381.3782284162869,411.7139706694359,True,0,2.671907248291709,0.2839333895935892,0.2707539601071302,0.8389862693730908,0.0039455637777046,0.323410290938946,0.4166113956258503,0.1639735936779829,0.1869953916375582,True
2026-06-01T18:45:27,24,14,240014,"ARX(2,2)",-181.68862973483272,381.37725946966543,411.7130017228144,True,0,2.653425722591284,0.2806488781445084,0.2719945770520246,0.8431545714976124,0.00395179895601,0.3232294517112093,0.4095021098328887,0.1636469266879494,0.1952392596716495,True
2026-06-01T18:46:55,24,15,240015,"ARX(2,2)",-181.68846706077304,381.37693412154607,411.71267637469504,True,0,2.665156412019478,0.2816892849605903,0.2712161499778752,0.8413984411087919,0.0042779769425169,0.3233803202323222,0.4119859117528111,0.1633754594131271,0.1923405725692179,True
2026-06-01T18:48:19,24,16,240016,"ARX(2,2)",-181.6884187997749,381.3768375995498,411.7125798526988,True,0,2.665303715659918,0.2819026026974169,0.2711940270644778,0.8407598710342347,0.0041369337331776,0.323146793408788,0.4105969787126396,0.1634560398126133,0.1942362784039662,True
2026-06-01T18:50:19,24,17,240017,"ARX(2,2)",-181.688500304579,381.377000609158,411.712742862307,True,0,2.673255944626401,0.2829911180412661,0.2706448465286772,0.8385990938101617,0.0040399550861629,0.3232970908034717,0.4109753194036684,0.1634839538696002,0.1937959445497361,True
2026-06-01T18:52:09,24,18,240018,"ARX(2,2)",-181.68857278796764,381.3771455759353,411.71288782908425,True,0,2.652475645123763,0.2815501943857361,0.2719853370663941,0.8411994889854005,0.0039102814861204,0.3231498625863402,0.4115909468491045,0.1630036484788266,0.1940334083181505,True
2026-06-01T18:54:25,24,19,240019,"ARX(2,2)",-181.68842295403044,381.3768459080609,411.71258816120985,True,0,2.663522010840237,0.2818582075883475,0.2712972583266931,0.8406034647787035,0.0041676634953057,0.3232286406877102,0.4107223294501234,0.1632203434544225,0.1942594507507128,True
2026-06-01T18:56:35,24,20,240020,"ARX(2,2)",-181.69241709650493,381.3848341930099,411.7205764461589,True,0,2.599927193542214,0.2894727136349089,0.2743259724767805,0.8288339838813733,0.007580406914289,0.3347688900457291,0.395895980807157,0.1645391286018895,0.1895783830352995,True
2026-06-01T18:58:23,24,21,240021,"ARX(2,2)",-181.6892217555105,381.378443511021,411.71418576417,True,0,2.688355608051201,0.28115091826068,0.269781959403978,0.8427640011945333,0.0035907014642406,0.3223558040672707,0.4139422023109989,0.1638514604611127,0.1912069455291194,True
2026-06-01T18:59:46,24,22,240022,"ARX(2,2)",-181.6886675585849,381.3773351171698,411.7130773703188,True,0,2.64943560921328,0.2814574635420209,0.2722226425631919,0.8416990163667903,0.0042732235747795,0.3234263843197947,0.4123230493130123,0.1632189268503383,0.1923136166022771,True
2026-06-01T19:01:22,24,23,240023,"ARX(2,2)",-181.6889665933943,381.3779331867886,411.7136754399376,True,0,2.6409672390250565,0.2818920534438296,0.2726693910312005,0.8402182858307938,0.0042739900733452,0.3238234650927158,0.4101248173834735,0.1633892738202903,0.1939170746977448,True
2026-06-01T19:03:10,24,24,240024,"ARX(2,2)",-181.6884194608919,381.3768389217838,411.7125811749328,True,0,2.6659170909382706,0.2823474995073002,0.2711199385548943,0.8398767097264489,0.004289246598212,0.3234284431430913,0.4104857394716856,0.1633112141328701,0.1939602529133357,True
2026-06-01T19:04:46,24,25,240025,"ARX(2,2)",-181.69073465270623,381.3814693054125,411.7172115585615,True,0,2.7125987930734814,0.2816465389313841,0.2679818576698818,0.8414144393852507,0.0030924769330674,0.3216447347789835,0.4163658346594798,0.1631332754985329,0.1908791177333944,True
2026-06-01T19:06:15,24,26,240026,"ARX(2,2)",-181.68850938154247,381.37701876308495,411.7127610162339,True,0,2.65508649535622,0.2819485313666898,0.2718396765020979,0.8404469014007864,0.0042869629015038,0.3233429626806151,0.4113164135844616,0.1631633214007925,0.1934293674255288,True
2026-06-01T19:07:46,24,27,240027,"ARX(2,2)",-181.6884883019357,381.3769766038714,411.7127188570204,True,0,2.673375302685721,0.2824264960111103,0.270607983235927,0.8393649929292674,0.0041050099857869,0.3229531116512223,0.4112830481356842,0.1636252007189741,0.1936108590103319,True
2026-06-01T19:08:54,24,28,240028,"ARX(2,2)",-181.68849473850668,381.37698947701335,411.7127317301623,True,0,2.660494575890335,0.2818778152950151,0.2714408683907176,0.8410055280394678,0.0037738461068342,0.3229558207151758,0.4113090017404271,0.1627367587795278,0.1949066235957712,True
2026-06-01T19:11:05,24,29,240029,"ARX(2,2)",-181.6885259669472,381.3770519338945,411.7127941870434,True,0,2.6546248983283047,0.2822233662734471,0.2718324995896714,0.8397807590557325,0.0040201352805359,0.3232252972896578,0.4105341162977916,0.1632182914440268,0.19464176858576,True
2026-06-01T19:12:42,24,30,240030,"ARX(2,2)",-181.68875099861455,381.3775019972292,411.7132442503781,True,0,2.6807920233710454,0.2815801537128435,0.2702278776087364,0.8419416689015581,0.0045478013285646,0.3225206519330459,0.4122064148312677,0.1629008556261653,0.1934228660757876,True
2026-06-01T19:14:00,24,31,240031,"ARX(2,2)",-181.68842607435025,381.3768521487005,411.7125944018495,True,0,2.661968862310336,0.2821566504247972,0.2713932167993997,0.8401413861087824,0.0041216530369982,0.3232805999324235,0.4108486475045051,0.1632559703177827,0.1940454817471389,True
2026-06-01T19:15:24,24,32,240032,"ARX(2,2)",-181.69238211027348,381.38476422054697,411.72050647369593,True,0,2.5922612468469435,0.2894928665393757,0.2748191662738626,0.828744486101123,0.0076456561450867,0.3351816900320161,0.3957513951707628,0.1643542810047302,0.1893709122147646,True
2026-06-01T19:17:19,24,33,240033,"ARX(2,2)",-181.6886561171036,381.3773122342071,411.7130544873561,True,0,2.6490589243148484,0.2822129261400948,0.2722113705853345,0.8398294496129249,0.0042006630816892,0.3235190742976844,0.4100602489199007,0.1633349278492757,0.194374513490276,True
2026-06-01T19:18:54,24,34,240034,"ARX(2,2)",-181.68855553851463,381.3771110770293,411.7128533301783,True,0,2.660708968763825,0.2815596778223111,0.2714718933262349,0.8421897763403008,0.0043550575149316,0.3235033927295293,0.413309741423398,0.1631705622537546,0.191052762598492,True
2026-06-01T19:20:51,24,35,240035,"ARX(2,2)",-181.6900155810002,381.3800311620004,411.7157734151494,True,0,2.703459405505831,0.2852241603993419,0.2687740523185154,0.8327046533118427,0.0050092665682693,0.3226832823625822,0.4063157868957621,0.1639592947473244,0.1980673241982397,True
2026-06-01T19:22:13,24,36,240036,"ARX(2,2)",-181.6885431902817,381.3770863805634,411.7128286337124,True,0,2.675894936345922,0.2829812116329405,0.2704199347309842,0.8388426407788464,0.0043958906639517,0.3234200575459497,0.4090778641637412,0.163830425603977,0.1945830879241419,True
2026-06-01T19:23:41,24,37,240037,"ARX(2,2)",-181.6884604850227,381.3769209700454,411.7126632231944,True,0,2.669403718601187,0.2820697214530034,0.2709345922540916,0.8402966921935384,0.0037292818439515,0.3229186011968113,0.4109820918635016,0.1632187722821112,0.1948790557439162,True
2026-06-01T19:25:34,24,38,240038,"ARX(2,2)",-181.6920485563516,381.3840971127032,411.7198393658521,True,0,2.724866205153924,0.2874240055781277,0.2674445051865237,0.8285009189963642,0.006176741266729,0.3220891238735197,0.4132893053491359,0.1640130969826145,0.1901262721921308,True
2026-06-01T19:26:55,24,39,240039,"ARX(2,2)",-181.6885252414993,381.3770504829986,411.7127927361476,True,0,2.657122554832167,0.2816454490705248,0.2717376895506756,0.8417712359672513,0.0040693227661236,0.323360575927586,0.4126147736131237,0.1632796153629313,0.1921182645107475,True
2026-06-01T19:28:28,24,40,240040,"ARX(2,2)",-181.68848092135767,381.3769618427153,411.7127040958643,True,0,2.670322587738541,0.28243720187896,0.2708725029323738,0.8401840312445845,0.0038558952331095,0.3231545601950463,0.4089201022451373,0.1632396779810148,0.1963741793569117,True
2026-06-01T18:23:06,25,1,250001,"ARX(2,2)",-181.68843519021317,381.3768703804263,411.7126126335753,True,0,2.6692400022033254,0.2818611906664603,0.2709224771944247,0.8408307072141393,0.0042322496899475,0.3232561881327767,0.4105375621891629,0.1633091985233088,0.1941991473385591,True
2026-06-01T18:24:13,25,2,250002,"ARX(2,2)",-181.6884225533978,381.3768451067956,411.71258735994456,True,0,2.6653704130162463,0.2824737010058156,0.2711703800610942,0.8395873392418841,0.0041877826074339,0.3233756493374711,0.4097116808762262,0.1634863884725159,0.1947435901370898,True
2026-06-01T18:25:47,25,3,250003,"ARX(2,2)",-181.6884236820292,381.3768473640585,411.7125896172074,True,0,2.6640360064228368,0.2818168885596806,0.2712409576601081,0.8409194518467417,0.0040421951011666,0.3232504731412102,0.4111248152730494,0.1633830298525213,0.1936997865991116,True
2026-06-01T18:27:23,25,4,250004,"ARX(2,2)",-181.69081895843695,381.381637916874,411.7173801700229,True,0,2.7202356335671545,0.2830108381785139,0.267847483669726,0.8382003341980172,0.0039393743238476,0.3216909030786645,0.411853782911697,0.1640803110309874,0.1943082099224639,True
2026-06-01T18:29:11,25,5,250005,"ARX(2,2)",-181.6892297339112,381.3784594678224,411.7142017209714,True,0,2.6916163368230914,0.2818653952313377,0.269318080320831,0.8419020480430347,0.0030956085034925,0.3226980616208731,0.4064882146089406,0.164433022908612,0.1983181138020663,True
2026-06-01T18:30:40,25,6,250006,"ARX(2,2)",-181.68902384760293,381.37804769520585,411.7137899483548,True,0,2.663763277062086,0.2822130304287663,0.2712119752870344,0.8408444642879833,0.0035422199401289,0.3241201237960791,0.40093289548022,0.1638140353016001,0.2028298844392415,True
2026-06-01T18:32:16,25,7,250007,"ARX(2,2)",-181.68849505437603,381.37699010875207,411.712732361901,True,0,2.661308577554743,0.2828575958540248,0.2714775925802132,0.8388313816036428,0.0042617863547921,0.322929772123438,0.4125200828265077,0.163287376211088,0.192818675586284,True
2026-06-01T18:33:38,25,8,250008,"ARX(2,2)",-181.69271832109067,381.3854366421813,411.7211788953303,True,0,2.573670873980468,0.2888912394596082,0.2760690421109963,0.8300132994732161,0.0076975833568538,0.3360213489712765,0.3937260427345668,0.1643905564410852,0.1903199591397744,True
2026-06-01T18:34:57,25,9,250009,"ARX(2,2)",-181.6886283095867,381.3772566191734,411.7129988723224,True,0,2.650233229462029,0.2821849396227354,0.2721521381720919,0.8401015691123688,0.0044372721037172,0.3236297747257621,0.4107922622582852,0.1633552273320718,0.1932370089153312,True
2026-06-01T18:36:44,25,10,250010,"ARX(2,2)",-181.6884294891377,381.3768589782753,411.7126012314243,True,0,2.6629620790404767,0.2821171204036038,0.2713016752533027,0.8403082625498046,0.0040972952396804,0.3229599512948087,0.4108809752562077,0.1633090817292339,0.1943625614028216,True
2026-06-01T18:38:49,25,11,250011,"ARX(2,2)",-181.68881665902185,381.3776333180437,411.7133755711927,True,0,2.6873185366935046,0.282843128212507,0.269756643148816,0.838718107367904,0.004254887336633,0.3228686523923411,0.409940608347957,0.1637566044903076,0.1947545422776461,True
2026-06-01T18:40:00,25,12,250012,"ARX(2,2)",-181.68842076988687,381.37684153977375,411.7125837929227,True,0,2.66710614745453,0.2824280232654581,0.2710680497549652,0.8396126365331342,0.0043129987946149,0.3233417281162637,0.4105377921715563,0.1633766927221623,0.193957181085236,True
2026-06-01T18:41:17,25,13,250013,"ARX(2,2)",-181.688482535004,381.376965070008,411.71270732315696,True,0,2.66247931616141,0.2819650779237645,0.2713356087623145,0.8409026661650139,0.0042498504964078,0.3233620104751329,0.4112630374763428,0.1637051730855251,0.1925755121545923,True
2026-06-01T18:42:42,25,14,250014,"ARX(2,2)",-181.6884942235872,381.3769884471744,411.7127307003234,True,0,2.6741937615086204,0.2827524533851761,0.2705935953751764,0.8392852049954612,0.004471820470446,0.3233540634860594,0.4094625369289287,0.1635417872732042,0.1946178662567045,True
2026-06-01T18:44:11,25,15,250015,"ARX(2,2)",-181.6887059720502,381.3774119441004,411.71315419724937,True,0,2.6840906891191603,0.2822839319389791,0.2699602420697273,0.8400397738425891,0.0041759287707886,0.3230684841276887,0.4102486598130548,0.1636248811660743,0.1943336203233007,True
2026-06-01T18:46:43,25,16,250016,"ARX(2,2)",-181.6884410992647,381.3768821985294,411.7126244516784,True,0,2.670492804248497,0.2825885231969079,0.2708117257943737,0.8395851578402893,0.0042136093995609,0.3231410930626654,0.4105005456464706,0.1635122574718382,0.1941072935815937,True
2026-06-01T18:47:50,25,17,250017,"ARX(2,2)",-181.6923877731019,381.3847755462038,411.7205177993528,True,0,2.5909347198400448,0.2892418695253391,0.2749066641904791,0.8292218410859319,0.0075249135226459,0.3352227197331074,0.3957843108316025,0.1644311998750241,0.1893618677362956,True
2026-06-01T18:49:23,25,18,250018,"ARX(2,2)",-181.68846410984088,381.37692821968176,411.7126704728307,True,0,2.662406805383599,0.2820694897717021,0.2714456854055049,0.8405341857690616,0.0041207693459501,0.3229959509578751,0.4108611408118164,0.162894031532261,0.1948934872602681,True
2026-06-01T18:51:09,25,19,250019,"ARX(2,2)",-181.6884352459647,381.3768704919294,411.7126127450784,True,0,2.663877395322598,0.2816403720438863,0.2712742408495091,0.8412638379937089,0.0042117936791709,0.3231059924018277,0.4102690234529142,0.1631677238335728,0.19484623609593,True
2026-06-01T18:52:55,25,20,250020,"ARX(2,2)",-181.68863430157745,381.3772686031549,411.7130108563039,True,0,2.6692831853918886,0.2816445317371688,0.2709424341979359,0.8412512820226099,0.004024221687612,0.3226031256631206,0.4158852902219673,0.1633034230790358,0.1896758798000749,True
2026-06-01T18:54:38,25,21,250021,"ARX(2,2)",-181.6884562490636,381.3769124981272,411.7126547512762,True,0,2.659699273993813,0.2820186510447946,0.2715238983830993,0.8408247853587573,0.0039386266544458,0.3232818980303633,0.4096368537638413,0.1632810071737212,0.1953663598965559,True
2026-06-01T18:55:50,25,22,250022,"ARX(2,2)",-181.6922653104689,381.3845306209379,411.7202728740869,True,0,2.6833062773088763,0.2880170426406247,0.2700142055921543,0.8241784127928932,0.0064635882461972,0.3192927303854377,0.4177773782506768,0.1623979600083588,0.1915309981833831,True
2026-06-01T18:57:21,25,23,250023,"ARX(2,2)",-181.68841905852696,381.3768381170539,411.7125803702029,True,0,2.666991371164784,0.2823242155398772,0.2710484230553781,0.8397468931654866,0.0041388186976165,0.323139953847096,0.4105498170905766,0.1634209897251698,0.1943241122585157,True
2026-06-01T18:58:47,25,24,250024,"ARX(2,2)",-181.6887348590431,381.3774697180862,411.7132119712352,True,0,2.6463942179897857,0.2817659577189599,0.2724215898897021,0.8408444207414761,0.0039477056764034,0.3233053882499666,0.4111391154066101,0.1630464350726485,0.1942512769515035,True
2026-06-01T19:00:25,25,25,250025,"ARX(2,2)",-181.68875980409643,381.37751960819287,411.7132618613418,True,0,2.646893546321897,0.2813239982745282,0.2723600338049162,0.8413400458092648,0.0037868680431866,0.3235869891816373,0.4092084984215011,0.1631366473745956,0.1960132327237973,True
2026-06-01T19:01:40,25,26,250026,"ARX(2,2)",-181.69054575388952,381.3810915077791,411.716833760928,True,0,2.695944296231513,0.2796364771573326,0.2694456114514324,0.8476188676051145,0.0025942216727068,0.3203322982038789,0.4190265671817685,0.1630172509748912,0.1916671722602564,True
2026-06-01T19:03:02,25,27,250027,"ARX(2,2)",-181.6884285551361,381.3768571102723,411.7125993634213,True,0,2.662130685893344,0.2822340727134487,0.2713822391760673,0.8398356278863632,0.004312004096768,0.323317938032876,0.4099992629046587,0.1632903238018498,0.194683461749132,True
2026-06-01T19:04:22,25,28,250028,"ARX(2,2)",-181.6885992036945,381.3771984073891,411.7129406605381,True,0,2.6644177683292622,0.281893052769911,0.2712969309840834,0.8428680795801801,0.0036128053083106,0.3232153387358985,0.4094224898724348,0.1638447927254047,0.1948755362040639,True
2026-06-01T19:06:32,25,29,250029,"ARX(2,2)",-181.6884216283804,381.3768432567608,411.7125855099098,True,0,2.6635663807534287,0.2823451371151337,0.2712763180416195,0.8398045700138973,0.0042748228830428,0.3233248788765162,0.4106268529633015,0.163405853723507,0.1938125536256095,True
2026-06-01T19:07:40,25,30,250030,"ARX(2,2)",-181.68844850150649,381.3768970030129,411.7126392561619,True,0,2.66717899142834,0.2813924605987602,0.271051720450432,0.8415232931332004,0.0042232080273522,0.3233600990254019,0.4104640524540488,0.1633042820969162,0.1942229284950394,True
2026-06-01T19:09:21,25,31,250031,"ARX(2,2)",-181.68845641846525,381.3769128369305,411.71265509007947,True,0,2.6592387542070157,0.2819086445102298,0.2715802201409367,0.8406455350384392,0.0041586672228474,0.3230937418353342,0.4108836705534967,0.1633800205079039,0.1939861658941525,True
2026-06-01T19:10:43,25,32,250032,"ARX(2,2)",-181.68860103244,381.37720206488,411.7129443180289,True,0,2.6800052757970643,0.2829861200615535,0.2702237053019497,0.8387321530523391,0.0042468293130904,0.3230911246788609,0.4103963412437987,0.1635087108001222,0.1942266715059422,True
2026-06-01T19:12:04,25,33,250033,"ARX(2,2)",-181.68869151270505,381.3773830254101,411.713125278559,True,0,2.648602345403938,0.2812424857716679,0.2722389275715343,0.8421874345566257,0.0038486325933431,0.3235629798449445,0.4092282682340393,0.16324856316185,0.1956153827101167,True
2026-06-01T19:13:26,25,34,250034,"ARX(2,2)",-181.68852931067107,381.3770586213421,411.7128008744911,True,0,2.6754064124972032,0.2824190294135956,0.2705020023502082,0.8405049347859407,0.0040471995122795,0.3234085022678185,0.4089114282530889,0.1634178551482568,0.1955774074826327,True
2026-06-01T19:15:12,25,35,250035,"ARX(2,2)",-181.68842740415508,381.37685480831016,411.7125970614591,True,0,2.6683905563018704,0.2820167195685388,0.2709441550781615,0.8406206709128838,0.0040009162116509,0.3232117582161619,0.4107646391807712,0.1634286752347657,0.1940421382836473,True
2026-06-01T19:16:38,25,36,250036,"ARX(2,2)",-181.6885430378696,381.3770860757392,411.7128283288881,True,0,2.6549618856778667,0.2814034388513374,0.2718346510053865,0.8414307122883511,0.0041929681323327,0.3231638038227767,0.4117289197950461,0.1635116226017203,0.1929377477113582,True
2026-06-01T19:18:20,25,37,250037,"ARX(2,2)",-181.6884503947764,381.3769007895528,411.71264304270176,True,0,2.6711387206848984,0.2821451428007446,0.270781442515164,0.8406353981141219,0.0040623549349771,0.3233002776512518,0.410718851349849,0.1633495961584846,0.1940486926892545,True
2026-06-01T19:19:33,25,38,250038,"ARX(2,2)",-181.68845961451976,381.3769192290395,411.7126614821885,True,0,2.6614804189435257,0.2828027580818947,0.2714100386231219,0.839593093752084,0.0040876739278729,0.3233408522090773,0.4099331069775811,0.1635083428727602,0.1944576487578714,True
2026-06-01T19:21:16,25,39,250039,"ARX(2,2)",-181.68861402691968,381.37722805383936,411.7129703069883,True,0,2.660467244210857,0.2830451201369508,0.2717186661150286,0.839697616713578,0.0041368248702651,0.3232576966120515,0.4113709846130134,0.1633354342901159,0.1933529346103371,True
2026-06-01T19:23:10,25,40,250040,"ARX(2,2)",-181.6888501112376,381.3777002224752,411.7134424756241,True,0,2.686350240669529,0.2839337902109596,0.2697756147653993,0.8365422875658324,0.0046866838279288,0.3233193480907301,0.409776066184097,0.1636567525112977,0.1939918848503923,True
2026-06-01T18:21:36,26,1,260001,"ARX(2,2)",-181.68891718371736,381.37783436743473,411.7135766205837,True,0,2.670028033245832,0.2833665615589878,0.2704727880778337,0.8369937303196979,0.0029620159724701,0.3238659661655154,0.4108318991222302,0.1635016527198256,0.1940743230073167,True
2026-06-01T18:22:47,26,2,260002,"ARX(2,2)",-181.69247217287133,381.38494434574267,411.7206865988916,True,0,2.5831117843376954,0.2893380168468765,0.2753761261811032,0.8287887902650037,0.0076697839709487,0.3355637666469585,0.3959132221432686,0.1644377890106308,0.1885868133430643,True
2026-06-01T18:24:30,26,3,260003,"ARX(2,2)",-181.6884936258952,381.3769872517904,411.7127295049394,True,0,2.673843344544773,0.28304995326499,0.2705918022637515,0.8387184648839773,0.004418705533017,0.3232791600127851,0.4103099457230463,0.1635058717697833,0.1938689916747313,True
2026-06-01T18:26:11,26,4,260004,"ARX(2,2)",-181.68881552585435,381.3776310517087,411.71337330485767,True,0,2.68707019602968,0.283097295434835,0.2697684102814343,0.838890003131888,0.0041303046880035,0.3229477691913449,0.4104303633997059,0.1637425779484572,0.1942305608967271,True
2026-06-01T18:27:36,26,5,260005,"ARX(2,2)",-181.68851892331355,381.3770378466271,411.71278009977607,True,0,2.654929552025226,0.2816085384609973,0.2718322680569874,0.8412344551004765,0.0041718264141506,0.3232936720241575,0.4116171546131769,0.1632634218880065,0.19321655911396,True
2026-06-01T18:29:41,26,6,260006,"ARX(2,2)",-181.6886243445652,381.3772486891304,411.71299094227936,True,0,2.6811150259175527,0.2825061073836959,0.2701736158717502,0.8396130267230252,0.0042738092387762,0.3230819864536409,0.4110879478373835,0.1635077966685613,0.1935802598449678,True
2026-06-01T18:31:19,26,7,260007,"ARX(2,2)",-181.68841956991625,381.3768391398325,411.7125813929814,True,0,2.6658068985790244,0.2824019635268156,0.2711413805210684,0.8395717354961775,0.0042912275095659,0.3231191780498179,0.4112319980709962,0.1632794707130845,0.1936703663417401,True
2026-06-01T18:32:47,26,8,260008,"ARX(2,2)",-181.68857074633888,381.37714149267777,411.71288374582673,True,0,2.651877549373998,0.2819590710054156,0.2720279349233913,0.8405476902626323,0.0041675781826562,0.3234022870330484,0.410663519893306,0.1631613429620622,0.1941352833284423,True
2026-06-01T18:34:03,26,9,260009,"ARX(2,2)",-181.68940488715756,381.3788097743151,411.714552027464,True,0,2.699619131083188,0.2816421802021042,0.2690273506455848,0.8419737560622537,0.0039087729685325,0.3226529666022696,0.4111787249430234,0.1639213855105714,0.1938311689295219,True
2026-06-01T18:35:30,26,10,260010,"ARX(2,2)",-181.68861138421835,381.3772227684367,411.71296502158566,True,0,2.650251347452173,0.2819755537334596,0.2721446513380349,0.8405838170522878,0.0041340171124826,0.3234187270773082,0.4108741600324377,0.163142753937637,0.1939828911993296,True
2026-06-01T18:37:38,26,11,260011,"ARX(2,2)",-181.68870099745533,381.37740199491066,411.7131442480596,True,0,2.682004760896864,0.2835457784905182,0.2700390734710421,0.8376495133948052,0.0046390850552513,0.3232249641773808,0.4110288055714895,0.1636254879238398,0.1929000542598551,True
2026-06-01T18:39:11,26,12,260012,"ARX(2,2)",-181.68956415366264,381.3791283073253,411.7148705604743,True,0,2.6959618131546903,0.2798946081844197,0.2693836183673618,0.8457330482775067,0.0030599155445955,0.3216227687176465,0.4132974509932172,0.1633801759569108,0.1946537039247723,True
2026-06-01T18:40:39,26,13,260013,"ARX(2,2)",-181.6884237867116,381.3768475734232,411.7125898265722,True,0,2.662269144202334,0.2820981145443712,0.271351792054443,0.8402390048610603,0.0041126538783445,0.3231991666189354,0.4106756263928566,0.1632578853368802,0.1943138690990757,True
2026-06-01T18:41:58,26,14,260014,"ARX(2,2)",-181.68846725122987,381.3769345024597,411.7126767556087,True,0,2.672601561907834,0.2821215877166606,0.2707242286712916,0.840354767516353,0.0040828685372396,0.3228897926402822,0.4111006721579195,0.1632770308302093,0.1942956210315241,True
2026-06-01T18:43:50,26,15,260015,"ARX(2,2)",-181.68846024992075,381.3769204998415,411.71266275299047,True,0,2.6614762439441093,0.281703158233257,0.2713407064881675,0.8409076096417933,0.004204162486928,0.323581303726587,0.4091867658682742,0.1633403546042682,0.1952101960384859,True
2026-06-01T18:45:57,26,16,260016,"ARX(2,2)",-181.69225976039783,381.3845195207957,411.7202617739447,True,0,2.734722379417033,0.2851040699256963,0.2669472860795566,0.8354646419689138,0.0040660261252732,0.3217494432818591,0.4097354405871773,0.1645554353835524,0.1952784512929174,True
2026-06-01T18:47:11,26,17,260017,"ARX(2,2)",-181.6887150383696,381.3774300767392,411.71317232988815,True,0,2.6746140986833526,0.2810114518313426,0.2706277852241607,0.841838520133095,0.0039930117870436,0.3222282742512919,0.4155874671643242,0.1629109051393465,0.1912778368742247,True
2026-06-01T18:48:39,26,18,260018,"ARX(2,2)",-181.6888374772809,381.3776749545619,411.7134172077109,True,0,2.648081776101944,0.2821814022479181,0.2722780568337087,0.8395487524466737,0.0040544979080078,0.3238415495045392,0.4063146928917264,0.1631562520421203,0.1983368509819992,True
2026-06-01T18:50:13,26,19,260019,"ARX(2,2)",-181.68873133506173,381.37746267012346,411.7132049232724,True,0,2.646590881851325,0.2821886562776159,0.2723999568271802,0.8402176735557603,0.0042022066511359,0.3235436454113817,0.4100841495298746,0.1630493493085218,0.1946148755333691,True
2026-06-01T18:51:36,26,20,260020,"ARX(2,2)",-181.68870737829727,381.3774147565945,411.7131570097435,True,0,2.6832087207187074,0.2831468561775873,0.2700817200902561,0.8385640057960756,0.0043314811133505,0.3227405076770508,0.4102178736461257,0.1634716759355581,0.1947973659036427,True
2026-06-01T18:53:34,26,21,260021,"ARX(2,2)",-181.6884556758631,381.3769113517262,411.7126536048752,True,0,2.6616248447410595,0.2824793020434417,0.2713911799668828,0.8392032480228891,0.0043641173018541,0.3234039429491132,0.4099660756538516,0.1636974897117495,0.1940176878249284,True
2026-06-01T18:55:20,26,22,260022,"ARX(2,2)",-181.6884942336299,381.3769884672598,411.7127307204088,True,0,2.6582530038256493,0.2822505780335914,0.2716046570015458,0.8397161973498638,0.0037466136180386,0.3231409188400168,0.410391774403574,0.1632452459454326,0.1950170692617725,True
2026-06-01T18:57:05,26,23,260023,"ARX(2,2)",-181.68846378808047,381.37692757616094,411.7126698293099,True,0,2.6609794374281828,0.2813032052861557,0.2714418769543398,0.8418706340268125,0.0040376773087291,0.3230675192279436,0.4120458318114175,0.1631110925750918,0.1934028216028202,True
2026-06-01T18:58:53,26,24,260024,"ARX(2,2)",-181.68842720788825,381.3768544157765,411.7125966689255,True,0,2.663813666573973,0.2816209617953486,0.2712702193709987,0.8412068326997899,0.0041623880752234,0.3231024665989457,0.4109741216469921,0.1632750761172264,0.1941036872945131,True
2026-06-01T19:00:23,26,25,260025,"ARX(2,2)",-181.6886288554134,381.3772577108268,411.7129999639758,True,0,2.680880571105245,0.2820324768934139,0.2701640572837616,0.8408926599972322,0.0041093560386583,0.3228854631901228,0.4095881927707965,0.1636845818394421,0.1951846997331295,True
2026-06-01T19:01:48,26,26,260026,"ARX(2,2)",-181.68842565061624,381.3768513012325,411.71259355438144,True,0,2.6638680065521974,0.2823537512153117,0.2712495037272563,0.8400009145742856,0.0040921269453834,0.3232937797667725,0.4111021365585478,0.163108786770399,0.1939128475669386,True
2026-06-01T19:03:06,26,27,260027,"ARX(2,2)",-181.68855183595477,381.3771036719095,411.7128459250585,True,0,2.677499103932464,0.2829945959499352,0.2704069069021325,0.8385345297777144,0.004258192864458,0.3231711218566935,0.4105708911244238,0.163476561085867,0.1941141059441869,True
2026-06-01T19:04:22,26,28,260028,"ARX(2,2)",-181.68861718416463,381.37723436832925,411.7129766214782,True,0,2.673710829284378,0.2818138791729013,0.270548251688979,0.8414975543019717,0.0039742463105,0.3227001137581747,0.4145059323098733,0.1631185187047493,0.1913161203430889,True
2026-06-01T19:06:31,26,29,260029,"ARX(2,2)",-181.6886500275873,381.3773000551746,411.7130423083236,True,0,2.648958392353434,0.281710597158456,0.2722000725494293,0.8410633690503302,0.003978671223566,0.3233784588713694,0.4112681392294823,0.1630322238690486,0.1939011562877188,True
2026-06-01T19:08:03,26,30,260030,"ARX(2,2)",-181.6884566126235,381.376913225247,411.712655478396,True,0,2.672179938944695,0.2820615289685387,0.2707277511285199,0.8405446949434859,0.0041628479752787,0.3230861427646068,0.4109834583299322,0.1633539647096634,0.1939618339694954,True
2026-06-01T19:09:54,26,31,260031,"ARX(2,2)",-181.6884421789321,381.3768843578641,411.7126266110131,True,0,2.6596743369957667,0.2821287553562193,0.2715328197505198,0.8403185355815207,0.0041613772277457,0.323304314211799,0.4104955377523223,0.163266801354588,0.1943161047153987,True
2026-06-01T19:11:36,26,32,260032,"ARX(2,2)",-181.68843482290916,381.3768696458183,411.7126118989672,True,0,2.66954258485524,0.2823987286503777,0.2708543176617505,0.839839317507357,0.0042913790353299,0.3233118218009967,0.4105839946717689,0.1634672482248849,0.1937662455283265,True
2026-06-01T19:13:14,26,33,260033,"ARX(2,2)",-181.68843596789733,381.37687193579467,411.7126141889436,True,0,2.663647685943204,0.2819223035900952,0.2713099452698258,0.8408223806729681,0.0040415910582965,0.3231073030498517,0.4095739404843384,0.1635408145784222,0.1952936085650332,True
2026-06-01T19:15:10,26,34,260034,"ARX(2,2)",-181.69000318643475,381.3800063728695,411.71574862601847,True,0,2.6949849531366694,0.2867763269951474,0.2691997929146267,0.8304159301581497,0.0055609161344117,0.3239281989942429,0.4027355956842323,0.1639394293198209,0.1992271668977721,True
2026-06-01T19:16:44,26,35,260035,"ARX(2,2)",-181.6895174505885,381.3790349011771,411.7147771543261,True,0,2.7019198427667463,0.283452249294576,0.2688956607553854,0.8379143913650382,0.0046221988391224,0.3225727296149452,0.4109056802505597,0.1639973749564862,0.1934000187573877,True
2026-06-01T19:18:24,26,36,260036,"ARX(2,2)",-181.6884433613856,381.37688672277113,411.7126289759201,True,0,2.6626359585795987,0.2816643253425673,0.2713325808668735,0.8417657845251849,0.0037810641697479,0.3233494847570607,0.4107273885122116,0.1633240815972952,0.1942987005353908,True
2026-06-01T19:19:50,26,37,260037,"ARX(2,2)",-181.68849342382575,381.3769868476516,411.7127291008005,True,0,2.671893471480393,0.2820540368775523,0.2707645151637588,0.8402227169821584,0.0046418275037792,0.3235560854332668,0.4107133749481808,0.1634754022253426,0.1931523248266033,True
2026-06-01T19:21:16,26,38,260038,"ARX(2,2)",-181.6886752102026,381.3773504204052,411.7130926735542,True,0,2.6482775899621296,0.2814842567887531,0.2722700038164488,0.8411606054355416,0.0042421852773872,0.3234359292544627,0.4107990932093829,0.1630943411870327,0.19400406194553,True
2026-06-01T19:22:39,26,39,260039,"ARX(2,2)",-181.6884223257612,381.3768446515225,411.7125869046714,True,0,2.663211224946193,0.2818041520762695,0.2713092555462155,0.8409176456258037,0.0041716153179384,0.3232666294336566,0.4105451431311782,0.1633365112333685,0.1942413846990512,True
2026-06-01T19:24:08,26,40,260040,"ARX(2,2)",-181.6885017241424,381.3770034482848,411.7127457014338,True,0,2.656953088867849,0.2816118372526953,0.2716813754939605,0.8412096713941666,0.0039557936097093,0.3229750253399477,0.4124488958843615,0.1630962116617973,0.1931560506468491,True
2026-06-01T18:25:08,27,1,270001,"ARX(2,2)",-181.68844392012664,381.3768878402533,411.7126300934023,True,0,2.659552083746435,0.2819903286742586,0.2715304475218294,0.8405200758618968,0.0041133887524119,0.3232989538296299,0.4109172363956621,0.1632119999616557,0.1940216677176675,True
2026-06-01T18:26:41,27,2,270002,"ARX(2,2)",-181.68928443006445,381.3785688601289,411.71431111327786,True,0,2.696374021420461,0.2826608708548169,0.2692705915036631,0.8406522831659872,0.0043242932329191,0.3231865941838079,0.4078283055864112,0.1642144643096724,0.1955654075557983,True
2026-06-01T18:27:58,27,3,270003,"ARX(2,2)",-181.688427688471,381.376855376942,411.71259763009095,True,0,2.66640740313556,0.2827574862733143,0.2710799380001641,0.838934924558038,0.0042598309086477,0.3231733692786632,0.4111062626917112,0.1633568721667405,0.1936528595152096,True
2026-06-01T18:29:24,27,4,270004,"ARX(2,2)",-181.6884281967998,381.3768563935996,411.7125986467486,True,0,2.6691227013435705,0.2824201995305417,0.2709337420966206,0.839611490135517,0.0043536351749008,0.3231975727527101,0.4104108731885174,0.163375469267941,0.1942454876030129,True
2026-06-01T18:30:42,27,5,270005,"ARX(2,2)",-181.6924336706049,381.3848673412099,411.7206095943589,True,0,2.589735405935337,0.2897564653563504,0.2749213052471829,0.8285552771052253,0.0075279992413423,0.335739953610783,0.3937770285805345,0.1644198986204301,0.1905057656648947,True
2026-06-01T18:32:40,27,6,270006,"ARX(2,2)",-181.6886620782739,381.3773241565478,411.7130664096968,True,0,2.672819290168317,0.2833027846036383,0.270771606156445,0.8371675629617914,0.0044808577345961,0.3229303996823097,0.4128624907986301,0.1623880775679656,0.1933386142154579,True
2026-06-01T18:34:12,27,7,270007,"ARX(2,2)",-181.6884302002001,381.3768604004002,411.7126026535492,True,0,2.66236415840634,0.2824554563360668,0.2713222895077758,0.8395419830798482,0.0042915337080145,0.3233850554836605,0.4101976613918799,0.163201959356122,0.1944717844262689,True
2026-06-01T18:35:47,27,8,270008,"ARX(2,2)",-181.68843327617932,381.3768665523587,411.71260880550767,True,0,2.6682721814022083,0.2818804737442181,0.2709743856713852,0.8405964502452481,0.0040356100734961,0.3232698488159227,0.4098429593635962,0.1633344878210914,0.1950940547550649,True
2026-06-01T18:37:13,27,9,270009,"ARX(2,2)",-181.69023171335172,381.3804634267035,411.71620567985246,True,0,2.6844824205646023,0.277742263594222,0.2699282709630878,0.8515073733067713,0.0010593527926364,0.3229346688714955,0.4140523839257027,0.1621961190677893,0.1954227978544718,True
2026-06-01T18:38:45,27,10,270010,"ARX(2,2)",-181.68845226031152,381.37690452062304,411.712646773772,True,0,2.671832188684176,0.2822269917024306,0.2707551491246692,0.840154258843348,0.0041627018211323,0.3231263125972025,0.4111386884161697,0.1634255022334364,0.1936678800153412,True
2026-06-01T18:40:37,27,11,270011,"ARX(2,2)",-181.68841662350317,381.3768332470063,411.71257550015525,True,0,2.6650910317144487,0.2824100087585479,0.2711720697268092,0.8397946175410228,0.0041755137810413,0.3232924551729927,0.4103149282451312,0.163353462776951,0.1943341690616696,True
2026-06-01T18:41:51,27,12,270012,"ARX(2,2)",-181.6884318679941,381.3768637359882,411.7126059891372,True,0,2.6627672972698915,0.281591901835064,0.2713306990538479,0.8414850570586916,0.0040529537834569,0.3232920908536411,0.410527775437412,0.1632513603989576,0.1944295990234495,True
2026-06-01T18:43:35,27,13,270013,"ARX(2,2)",-181.68849725690689,381.37699451381377,411.71273676696273,True,0,2.658985676137333,0.2824503046509359,0.271569507068235,0.8390592228413645,0.0041671075789429,0.3232186234585875,0.4118355140982808,0.1633550143384473,0.1932695341661171,True
2026-06-01T18:45:01,27,14,270014,"ARX(2,2)",-181.69239423654255,381.3847884730852,411.7205307262341,True,0,2.590587043216172,0.2891416998842742,0.2749464432379726,0.8296936154988642,0.0074476278229728,0.3351846397469877,0.3958031064891112,0.1644631801063871,0.1893062879817849,True
2026-06-01T18:46:24,27,15,270015,"ARX(2,2)",-181.69027520934944,381.3805504186989,411.71629267184784,True,0,2.704750127551507,0.2809322458132811,0.2686861522057757,0.8441971370961702,0.0036591115920202,0.3224774528736553,0.418083717280013,0.1635087010006,0.1875681859792217,True
2026-06-01T18:47:40,27,16,270016,"ARX(2,2)",-181.68843177261684,381.3768635452337,411.7126057983826,True,0,2.6696517897789733,0.282369922137403,0.2708800685903234,0.8397481801269294,0.0043312164998241,0.3232751817978062,0.4104756330412519,0.1634536452948606,0.1939754480895797,True
2026-06-01T18:49:25,27,17,270017,"ARX(2,2)",-181.68843676576373,381.37687353152745,411.7126157846764,True,0,2.6604528314976643,0.2820574556639871,0.2714732933000875,0.840453423749857,0.0041548481999008,0.3233838671689802,0.4101385482470873,0.1633538041561751,0.1944594436821256,True
2026-06-01T18:51:27,27,18,270018,"ARX(2,2)",-181.68842822453053,381.3768564490611,411.7125987022101,True,0,2.6617854220568447,0.2820281886251666,0.2713903077324943,0.8405469216754989,0.0041250522340126,0.3234015097641192,0.410769073564036,0.1632853949918312,0.1939184644143377,True
2026-06-01T18:52:55,27,19,270019,"ARX(2,2)",-181.68844724981707,381.37689449963415,411.7126367527831,True,0,2.660364860957216,0.281938277305811,0.2714762201488733,0.8407301650978221,0.0041275744787144,0.3234605055800879,0.409458154145196,0.1633995403074163,0.1949818875411732,True
2026-06-01T18:54:44,27,20,270020,"ARX(2,2)",-181.6891596628716,381.3783193257432,411.71406157889214,True,0,2.6387521353247823,0.2801417927919305,0.2727699483064344,0.843716431335141,0.0038129299667724,0.3235140045000191,0.4095672338659403,0.1632016641507293,0.1955261636192422,True
2026-06-01T18:56:36,27,21,270021,"ARX(2,2)",-181.68861024776956,381.3772204955391,411.712962748688,True,0,2.6629971509853174,0.2842261566940319,0.2712695873058403,0.8358484043135342,0.0049487518377963,0.3238854196770768,0.4110288047468582,0.1629303675614734,0.1927928123213112,True
2026-06-01T18:58:53,27,22,270022,"ARX(2,2)",-181.6884501036949,381.3769002073898,411.7126424605388,True,0,2.6607550775099726,0.2823813946021846,0.271455239536565,0.8399553590238928,0.0043715848150886,0.3234445526879687,0.4096022427677335,0.1635644691250458,0.1944385316383638,True
2026-06-01T19:01:04,27,23,270023,"ARX(2,2)",-181.6884590871415,381.376918174283,411.712660427432,True,0,2.658544844260957,0.2819008761887552,0.2715808829519128,0.8409270166684053,0.0041637237732373,0.3233606740580389,0.4107743792558729,0.1633505049447128,0.1937988649039806,True
2026-06-01T19:02:35,27,24,270024,"ARX(2,2)",-181.68844238009228,381.37688476018457,411.71262701333353,True,0,2.6685505318596063,0.2821858303331194,0.2709520021843144,0.8402454543762734,0.004103450597814,0.3232747774473129,0.4108049273506258,0.163744609284419,0.1935400413993877,True
2026-06-01T19:03:50,27,25,270025,"ARX(2,2)",-181.68842327495844,381.3768465499169,411.7125888030658,True,0,2.6624241988462445,0.2821962613649975,0.2713606073055924,0.840148875729474,0.004244321379515,0.3233070906716897,0.4109484948846136,0.1632967540332552,0.1937731693381296,True
2026-06-01T19:06:02,27,26,270026,"ARX(2,2)",-181.68950135330533,381.37900270661066,411.7147449597596,True,0,2.6625162296667826,0.2847450294347377,0.2713612529078527,0.8341737005898845,0.005684653634151,0.322814474031919,0.4215530276926238,0.1626429366569411,0.1830954412141299,True
2026-06-01T19:07:40,27,27,270027,"ARX(2,2)",-181.68844446067047,381.37688892134094,411.7126311744899,True,0,2.662100144765994,0.2821587688260594,0.2714350915891692,0.8401550985579668,0.0041166216264494,0.3230538527432175,0.4118197214262931,0.1633900794215408,0.1931856697756245,True
2026-06-01T19:09:08,27,28,270028,"ARX(2,2)",-181.6892610261848,381.3785220523696,411.71426430551855,True,0,2.6949871546346627,0.2836791465194614,0.2692288767411021,0.8367950129227235,0.0045351417941724,0.3236821896124206,0.4072747228667371,0.1642261068444255,0.1955612296813511,True
2026-06-01T19:11:55,27,29,270029,"ARX(2,2)",-181.68842169508724,381.3768433901745,411.71258564332345,True,0,2.664894152807261,0.2826147092844645,0.2711693413033346,0.8393002983236314,0.0042913663074393,0.3232213611770714,0.4107930236864732,0.1633421480365423,0.1938334724842415,True
2026-06-01T19:13:30,27,30,270030,"ARX(2,2)",-181.68859014253397,381.3771802850679,411.7129225382168,True,0,2.6656716302375725,0.2834908732723866,0.2711977104981299,0.8378809757014808,0.0046535830746417,0.3237758023933068,0.4127207073276938,0.1629451879678458,0.1916096476496222,True
2026-06-01T19:15:25,27,31,270031,"ARX(2,2)",-181.6901515186709,381.3803030373418,411.71604529049074,True,0,2.697035138616136,0.2786147480892191,0.2693190458480765,0.8460842358534146,0.0040293244602057,0.3240536335103076,0.4077841259543937,0.1641686869064711,0.1959155133215742,True
2026-06-01T19:17:08,27,32,270032,"ARX(2,2)",-181.68854725314276,381.3770945062855,411.7128367594344,True,0,2.664291674419197,0.2829357126403363,0.2712563410436106,0.8401311533240443,0.0047352681032678,0.3236464378897568,0.4100466777124799,0.1632985955521844,0.1933850942813903,True
2026-06-01T19:18:52,27,33,270033,"ARX(2,2)",-181.6892899580086,381.3785799160172,411.71432216916617,True,0,2.673084092653672,0.2797580656826114,0.2706789267758642,0.8446946241290844,0.0030442300025521,0.3225230992689021,0.4069032557722668,0.1655954787966778,0.1975651128021949,True
2026-06-01T19:20:09,27,34,270034,"ARX(2,2)",-181.6884392252553,381.3768784505106,411.7126207036596,True,0,2.6606555336946163,0.2820840170743116,0.2714734002888853,0.8402308515703952,0.0043172207205818,0.3232236042385876,0.4105624280722779,0.1631875021886193,0.1943710808148344,True
2026-06-01T19:21:50,27,35,270035,"ARX(2,2)",-181.688454450489,381.376908900978,411.71265115412695,True,0,2.6599339480489825,0.282216723063568,0.2715150075828307,0.8400776647439808,0.0042367570973752,0.3234537284001667,0.4091471538433247,0.1633711558948691,0.1953287916108224,True
2026-06-01T19:23:39,27,36,270036,"ARX(2,2)",-181.6887341891421,381.3774683782842,411.7132106314332,True,0,2.647046110443708,0.2825037476568596,0.2723344161989656,0.8393344999877973,0.0042455097659951,0.3235565540849441,0.4093559748501369,0.1632246009830842,0.1951348581786064,True
2026-06-01T19:24:50,27,37,270037,"ARX(2,2)",-181.68872279864044,381.3774455972809,411.71318785042985,True,0,2.683684809672775,0.2830825138244126,0.2699779607157742,0.838428572988813,0.0043512230649264,0.3228838190645717,0.411420469807975,0.1636926590658487,0.1930194657576789,True
2026-06-01T19:27:00,27,38,270038,"ARX(2,2)",-181.68842120747087,381.3768424149417,411.7125846680907,True,0,2.665906775461573,0.2820377886192322,0.2711244022368554,0.840430521376093,0.0042839093228967,0.3233289445953589,0.4098102962936168,0.1633247867564716,0.1947967695083972,True
2026-06-01T19:28:33,27,39,270039,"ARX(2,2)",-181.6884357669244,381.3768715338488,411.71261378699774,True,0,2.663915586870829,0.282413255945387,0.2712176319200449,0.8392238707577078,0.004403729523968,0.3234785976804885,0.4108745246888464,0.1633419782163747,0.193496909779343,True
2026-06-01T19:29:50,27,40,270040,"ARX(2,2)",-181.68843405838604,381.3768681167721,411.712610369921,True,0,2.6683679695699096,0.2826404619436787,0.2709616165664899,0.8392485642336928,0.0042342893561875,0.3230902558405515,0.4102365517244248,0.1634590696509155,0.1946061180441135,True
2026-06-01T18:29:01,28,1,280001,"ARX(2,2)",-181.69267324625696,381.3853464925139,411.7210887456629,True,0,2.588531527810247,0.2899958567054687,0.2748777027570419,0.828797140319916,0.0080056321696919,0.3356016624852565,0.3984049821362089,0.164857067075264,0.1849990370267396,True
2026-06-01T18:30:19,28,2,280002,"ARX(2,2)",-181.6885226171181,381.3770452342362,411.7127874873852,True,0,2.6766572250450107,0.2825118117336417,0.2704429729266944,0.8397162150783334,0.0041201883904912,0.3229712064539776,0.4103581113245576,0.1634796230854149,0.1946316795972977,True
2026-06-01T18:32:28,28,3,280003,"ARX(2,2)",-181.6884177313893,381.3768354627787,411.7125777159277,True,0,2.6666657188699183,0.282070006547048,0.271079812535565,0.8403526717590272,0.0041869453694884,0.3230768259221492,0.4106597318446896,0.1633606907322632,0.1943111660977985,True
2026-06-01T18:34:02,28,4,280004,"ARX(2,2)",-181.6885526751492,381.3771053502984,411.71284760344736,True,0,2.658051463423757,0.2815863339096704,0.2715188481816526,0.8422404303705842,0.0038687817674048,0.3234428556503353,0.4098336264972428,0.1630182240628485,0.1949054817833205,True
2026-06-01T18:36:07,28,5,280005,"ARX(2,2)",-181.688458074226,381.376916148452,411.71265840160095,True,0,2.6655240202107877,0.2821861829513352,0.2711575981581446,0.8401310935652528,0.0039486890538275,0.3230707949729035,0.4087274442639592,0.1633595423447632,0.196530734957994,True
2026-06-01T18:37:43,28,6,280006,"ARX(2,2)",-181.68855737024583,381.3771147404917,411.7128569936407,True,0,2.6677884718697698,0.2819488335965324,0.2709870735242867,0.8406428083259707,0.0043362180758207,0.3236735574733777,0.4059508357215964,0.1638247705520783,0.1975802129345591,True
2026-06-01T18:39:19,28,7,280007,"ARX(2,2)",-181.6888308630612,381.3776617261224,411.7134039792714,True,0,2.6817695193237645,0.2846479818067394,0.2701312091225962,0.8345974437920062,0.0048634204018894,0.3232285139438996,0.409165121160441,0.1638197130309154,0.1946083054492405,True
2026-06-01T18:41:04,28,8,280008,"ARX(2,2)",-181.6921488513967,381.3842977027934,411.7200399559424,True,0,2.7321252498376043,0.2823129724215582,0.2676022824844641,0.8399606989580456,0.0028423092467268,0.3209983362507457,0.4088698594096587,0.1644227496444156,0.1993029288902127,True
2026-06-01T18:43:08,28,9,280009,"ARX(2,2)",-181.68843950087197,381.3768790017439,411.7126212548928,True,0,2.6612153756380463,0.2817993928555558,0.2714307660387063,0.8411877225043237,0.0039280090666298,0.3233839162348286,0.4104343520873696,0.1634235560095304,0.1942763634593562,True
2026-06-01T18:44:43,28,10,280010,"ARX(2,2)",-181.68845691939973,381.3769138387995,411.7126560919485,True,0,2.67183083681418,0.2823388584567882,0.2707110998639805,0.8397264819242879,0.0040354543637356,0.3232455593499395,0.4105276163717626,0.1634220967546479,0.1943207446535778,True
2026-06-01T18:46:23,28,11,280011,"ARX(2,2)",-181.6884917132808,381.3769834265616,411.7127256797105,True,0,2.6728054749032717,0.2822842974488184,0.2706191854508058,0.8400760295300448,0.0041355666057429,0.3235277449474503,0.4088531156865904,0.1633376616400693,0.1955955576397437,True
2026-06-01T18:47:40,28,12,280012,"ARX(2,2)",-181.6884427245866,381.3768854491732,411.71262770232215,True,0,2.660216071531553,0.2821135070600508,0.2714887829816656,0.8403391764258794,0.0043530105214944,0.3234056244457517,0.4105376822087808,0.1633814259616445,0.1937696218399832,True
2026-06-01T18:49:59,28,13,280013,"ARX(2,2)",-181.6891998451595,381.378399690319,411.714141943468,True,0,2.691333605758003,0.2842872744670703,0.2695849687932915,0.8351087462239454,0.0053783154579723,0.3228047660183109,0.4107866321372893,0.1643710542405477,0.1923253905517861,True
2026-06-01T18:51:50,28,14,280014,"ARX(2,2)",-181.69129115760165,381.3825823152033,411.7183245683523,True,0,2.7178832000570243,0.2851419093465351,0.268096706988642,0.8326547486551947,0.0040914440113119,0.321459561275743,0.4134760049247083,0.1633852264604789,0.1944184454790978,True
2026-06-01T18:53:26,28,15,280015,"ARX(2,2)",-181.6884271871685,381.376854374337,411.71259662748594,True,0,2.6648664178334083,0.2817852821564433,0.2711986876774466,0.8410805806905884,0.003957927317708,0.3233460723345803,0.4099486052864297,0.1632791587065641,0.1950367931671519,True
2026-06-01T18:55:07,28,16,280016,"ARX(2,2)",-181.6884982874946,381.3769965749892,411.7127388281382,True,0,2.67283914069802,0.2832246220308014,0.2706888734967041,0.8381253055871885,0.0046807601938628,0.3233786161782782,0.4097230630200473,0.1635054868008026,0.1941137184390432,True
2026-06-01T18:56:49,28,17,280017,"ARX(2,2)",-181.68871973792452,381.3774394758491,411.71318172899805,True,0,2.6831848713175868,0.2823478938895586,0.2700255672745538,0.8395523477549591,0.0039850722775405,0.3228899662921001,0.40987122701868,0.1641072386964701,0.194642034905372,True
2026-06-01T18:58:19,28,18,280018,"ARX(2,2)",-181.6911151936752,381.3822303873503,411.7179726404993,True,0,2.718581852506748,0.2802030554562358,0.2677969931288781,0.8425303250881357,0.0026663154805311,0.3217474013049388,0.4099225662694311,0.1631015038745922,0.1989652164905884,True
2026-06-01T19:00:22,28,19,280019,"ARX(2,2)",-181.68843284917696,381.3768656983539,411.7126079515029,True,0,2.6617295535402223,0.2822993318469285,0.2713832390219977,0.8400441683563701,0.0041295641284267,0.3233806761650609,0.4112915345311812,0.1632247811889395,0.1934534129223038,True
2026-06-01T19:01:48,28,20,280020,"ARX(2,2)",-181.68877554182265,381.3775510836453,411.7132933367942,True,0,2.685629180486081,0.2833552309868631,0.2698861761647363,0.8382281962315895,0.0042917694339126,0.3231196564155316,0.4104140102963995,0.1636904550815234,0.1939115226556283,True
2026-06-01T19:03:47,28,21,280021,"ARX(2,2)",-181.69088063757005,381.3817612751401,411.71750352828906,True,0,2.72008792018148,0.2828608429569602,0.2678779380895542,0.8393948990254533,0.0039611262495359,0.3229272428059089,0.4059942161634443,0.1638675375727152,0.1986529444449272,True
2026-06-01T19:05:47,28,22,280022,"ARX(2,2)",-181.68861869314304,381.3772373862861,411.7129796394351,True,0,2.679600117518086,0.2822650108395957,0.270268772476034,0.8403261387886706,0.0044387883016802,0.323135737589654,0.4119370112545253,0.1635924087285135,0.192327573394115,True
2026-06-01T19:07:47,28,23,280023,"ARX(2,2)",-181.6895102190834,381.3790204381668,411.7147626913157,True,0,2.7006697676205307,0.2819545233493951,0.2690425466524691,0.8412299359120905,0.0034860637654448,0.3222296305584289,0.4124142703827136,0.1636694750673163,0.1940381356921486,True
2026-06-01T19:09:38,28,24,280024,"ARX(2,2)",-181.688513038585,381.37702607717,411.71276833031897,True,0,2.6589854645216446,0.2827437908159256,0.2715503621287064,0.8382877858005277,0.0048021009694483,0.3232806595152349,0.4122037831943682,0.1632518076136977,0.1921901029504384,True
2026-06-01T19:11:06,28,25,280025,"ARX(2,2)",-181.68849064333324,381.3769812866665,411.7127235398154,True,0,2.6741159607214224,0.2828295311390242,0.2706064725693211,0.8386316535483526,0.004495904665691,0.3231322258396705,0.4104555444843633,0.1635172476913752,0.1939498591422692,True
2026-06-01T19:12:36,28,26,280026,"ARX(2,2)",-181.68843382838617,381.37686765677233,411.7126099099213,True,0,2.665941136368977,0.2819127900828851,0.2711373593098485,0.8401463979726528,0.004243871604213,0.3229390886215568,0.4115948526012823,0.1632278241178309,0.1937094858917653,True
2026-06-01T19:14:08,28,27,280027,"ARX(2,2)",-181.6885195518541,381.3770391037082,411.7127813568572,True,0,2.674353243905622,0.2834256484101216,0.2705776598301263,0.8378074632846365,0.0044655747625346,0.3233478619602519,0.4101920670585179,0.1635142225821952,0.1939058668823999,True
2026-06-01T19:15:43,28,28,280028,"ARX(2,2)",-181.6884821326625,381.376964265325,411.712706518474,True,0,2.6579647139261606,0.2816490504731359,0.2716114279299488,0.8411184007152012,0.0042725594317937,0.3230452044672583,0.411108347488666,0.1633715141626838,0.1937226412545615,True
2026-06-01T19:17:13,28,29,280029,"ARX(2,2)",-181.68843075961055,381.3768615192212,411.7126037723701,True,0,2.661387134734744,0.2821033945894427,0.2714402982058045,0.8404088735553867,0.0041815322063076,0.3233768551180115,0.4102604547124421,0.163349094268526,0.1943956018365118,True
2026-06-01T19:18:26,28,30,280030,"ARX(2,2)",-181.6884203475909,381.3768406951817,411.7125829483307,True,0,2.664612837711296,0.282047382711672,0.2712336638344018,0.8404491161192922,0.0041668682948102,0.3231683589768802,0.4114408115311805,0.1632724132397369,0.1935085744532613,True
2026-06-01T19:20:20,28,31,280031,"ARX(2,2)",-181.6906320827701,381.3812641655402,411.7170064186892,True,0,2.707687793908226,0.279430542498563,0.2689968201531781,0.8460206379532801,0.0027386830560877,0.3214741586590653,0.4074242958148574,0.1641648749584537,0.2004390457017027,True
2026-06-01T19:22:04,28,32,280032,"ARX(2,2)",-181.68853553277015,381.3770710655404,411.7128133186893,True,0,2.6733306391760414,0.2820101882164841,0.2706455244042181,0.8401297500193671,0.0037848777275822,0.3229145766585651,0.4085762745094958,0.1634489605947326,0.1969995529550362,True
2026-06-01T19:23:35,28,33,280033,"ARX(2,2)",-181.68850076907228,381.37700153814455,411.7127437912935,True,0,2.675522543420233,0.2824418629243983,0.2705122879042162,0.8399706513122676,0.0041894312753954,0.3230794504976407,0.410367805536722,0.1634857106337382,0.1943775230947317,True
2026-06-01T19:25:31,28,34,280034,"ARX(2,2)",-181.6884994510937,381.3769989021874,411.7127411553364,True,0,2.6559658614769504,0.2817551774720042,0.2717622904177341,0.841271401852632,0.0039062662658052,0.3233413232634614,0.4112673246413396,0.1631717739355734,0.1938621314123238,True
2026-06-01T19:26:55,28,35,280035,"ARX(2,2)",-181.68860591307924,381.3772118261585,411.71295407930745,True,0,2.676379005839012,0.2837612163205675,0.2704671696702405,0.8364284822277038,0.0045301471291137,0.3233047814088076,0.4099709586120216,0.1633586330016276,0.1945858429269457,True
2026-06-01T19:29:02,28,36,280036,"ARX(2,2)",-181.6885334715253,381.3770669430506,411.7128091961996,True,0,2.6597107857271896,0.2808337861384949,0.2715309224708135,0.8430931040928988,0.0038030749394177,0.3235941275263641,0.4084984782714355,0.1633999556198745,0.1962484318224333,True
2026-06-01T19:30:41,28,37,280037,"ARX(2,2)",-181.6885408701768,381.3770817403536,411.7128239935025,True,0,2.654143244326874,0.2824266695983516,0.2718450021076279,0.8397385620075111,0.0042131528503492,0.3235195569737498,0.4094790436062239,0.1631818410659022,0.1950825654025214,True
2026-06-01T19:32:38,28,38,280038,"ARX(2,2)",-181.68879651864967,381.37759303729945,411.7133352904484,True,0,2.6444674475177266,0.2815124371820703,0.2725210865628512,0.841280699616474,0.0041102481372435,0.3234456298953157,0.411357070133837,0.1630637241770828,0.1935913220226945,True
2026-06-01T19:34:14,28,39,280039,"ARX(2,2)",-181.6887066084913,381.3774132169826,411.7131554701316,True,0,2.6649412483575112,0.2803285481710137,0.2710836891949324,0.8455969005122781,0.0040145304588388,0.3233183418413969,0.4105995834159875,0.1635005908000524,0.1938483848891733,True
2026-06-01T19:35:58,28,40,280040,"ARX(2,2)",-181.6884913940047,381.3769827880094,411.7127250411584,True,0,2.6737685444280546,0.2822302055787478,0.2706057263555171,0.8403554520020365,0.003959510961815,0.3229417416399144,0.4099548000517995,0.1632949064250858,0.1953502836436383,True
2026-06-01T18:27:35,29,1,290001,"ARX(2,2)",-181.6884675653328,381.3769351306656,411.7126773838146,True,0,2.670791630160043,0.2825627179109231,0.2707863075714312,0.8396173426318237,0.0037955812293439,0.323234635814135,0.4094731057143835,0.1633243917189386,0.1957019052992011,True
2026-06-01T18:29:23,29,2,290002,"ARX(2,2)",-181.6884493281781,381.3768986563562,411.7126409095052,True,0,2.6636612307524024,0.2817601353524954,0.2713048319637929,0.841488613203436,0.0041040347405976,0.3228945970432142,0.4104937643370098,0.163260122767882,0.194730317412109,True
2026-06-01T18:30:34,29,3,290003,"ARX(2,2)",-181.68845018908692,381.3769003781739,411.71264263132286,True,0,2.6590601104346114,0.2822325954336075,0.2715625140511875,0.8401135471607699,0.0042063413409884,0.323376027459802,0.4108932584642977,0.163208219123107,0.1938689867938632,True
2026-06-01T18:32:13,29,4,290004,"ARX(2,2)",-181.6884471463601,381.3768942927202,411.7126365458692,True,0,2.6617002427123704,0.2827607493979863,0.2713827546598737,0.8388427063328892,0.0042604896017473,0.3234622958213587,0.4096545789684501,0.163265840911851,0.1949269667975718,True
2026-06-01T18:34:26,29,5,290005,"ARX(2,2)",-181.6885362764108,381.3770725528215,411.7128148059705,True,0,2.676794356996949,0.2826341958049603,0.2704084403356297,0.8396909847570851,0.0042851415346778,0.3231533725690719,0.4109920255063904,0.1634972575282101,0.1934071437413862,True
2026-06-01T18:36:21,29,6,290006,"ARX(2,2)",-181.68901217150045,381.3780243430009,411.71376659614987,True,0,2.6916285743398114,0.2829868497544219,0.2695389084227028,0.8388419200745019,0.0044173317650274,0.3226593003294785,0.412069756717559,0.16380085132466,0.192675206680714,True
2026-06-01T18:38:39,29,7,290007,"ARX(2,2)",-181.6889340826488,381.3778681652976,411.7136104184466,True,0,2.6791695666320643,0.2821227092807807,0.2702031044578027,0.8410882016001283,0.0049081755576437,0.322818033928961,0.4151005620263698,0.1628907227588989,0.1893028635979234,True
2026-06-01T18:40:06,29,8,290008,"ARX(2,2)",-181.68847725246516,381.3769545049303,411.7126967580792,True,0,2.6668196461458518,0.2812951589170351,0.2711018176168354,0.8426046849923048,0.0035509938381125,0.3233692949890069,0.4102110781797037,0.163348984917397,0.194998819093231,True
2026-06-01T18:41:34,29,9,290009,"ARX(2,2)",-181.68851845865635,381.3770369173127,411.71277917046166,True,0,2.6750337023759254,0.2817250067011226,0.2705784952149075,0.8415118204340784,0.0037748921425423,0.32315687103975,0.4098315863578807,0.1635165578735724,0.1952054165788529,True
2026-06-01T18:43:48,29,10,290010,"ARX(2,2)",-181.844852059586,381.689704119172,412.02544637232097,True,0,3.365779084624694,0.2370161143924434,0.243387780999865,0.9116629602436312,0.0313216541467974,0.3217183890335464,0.4428551270954299,0.1883240980052804,0.1011285842749541,True
2026-06-01T18:45:52,29,11,290011,"ARX(2,2)",-181.68845990701067,381.3769198140213,411.7126620671703,True,0,2.663322719795335,0.2817544055686757,0.2712827705645214,0.8408119389251942,0.0039527088748965,0.3233043146235119,0.4116396054051434,0.162922449499613,0.1939551720874198,True
2026-06-01T18:47:17,29,12,290012,"ARX(2,2)",-181.68895023167005,381.3779004633401,411.71364271648906,True,0,2.668357353089005,0.2830831216901452,0.2705673723766404,0.8388675278907912,0.0036808013853545,0.3236632990940395,0.404197379496779,0.1636369946072726,0.1995169356070365,True
2026-06-01T18:49:21,29,13,290013,"ARX(2,2)",-181.6886420037411,381.3772840074822,411.7130262606312,True,0,2.6778029606975458,0.2818171419883316,0.2704356648365568,0.8411141218012217,0.0044819679193143,0.3230681977517501,0.4107766696124011,0.1627906702968097,0.1944314809774657,True
2026-06-01T18:50:52,29,14,290014,"ARX(2,2)",-181.68842687377312,381.3768537475463,411.7125960006952,True,0,2.6625860623763358,0.2824374582567036,0.2713441992806494,0.8399463094670457,0.0042758764118469,0.3232748080600149,0.4108613798830669,0.1632925893130104,0.1937777864279402,True
2026-06-01T18:53:03,29,15,290015,"ARX(2,2)",-181.68896263739236,381.3779252747847,411.7136675279336,True,0,2.6818935282570235,0.2851567524953073,0.2701200209166633,0.8330858409870353,0.0051623126372403,0.3233388192936919,0.4115030891356766,0.1636358341155294,0.1920846104344028,True
2026-06-01T18:54:46,29,16,290016,"ARX(2,2)",-181.6886471269468,381.3772942538936,411.7130365070426,True,0,2.681148078789771,0.2816502678974183,0.2701774416949666,0.8414576718504456,0.0041970129631763,0.3228259296373201,0.4112690318978643,0.1635909551817933,0.1936585560427742,True
2026-06-01T18:56:20,29,17,290017,"ARX(2,2)",-181.68842692015795,381.3768538403159,411.71259609346487,True,0,2.6641474874413444,0.2819678422215117,0.2712038248838599,0.8408560390518353,0.0039648913233079,0.3233136074393834,0.4097735380124085,0.1633979556339163,0.1950722431789264,True
2026-06-01T18:57:41,29,18,290018,"ARX(2,2)",-181.69139959635868,381.38279919271736,411.7185414458663,True,0,2.719308155450192,0.2836112896826936,0.2681028396033826,0.8385438494690601,0.0044292607073783,0.3212167739829741,0.4193333174709174,0.1633606528388544,0.1878849227198904,True
2026-06-01T18:59:41,29,19,290019,"ARX(2,2)",-181.6898744041329,381.3797488082657,411.7154910614147,True,0,2.7068802751004206,0.282690925431366,0.2685486710424213,0.84004386459667,0.0038184822581546,0.3225215793946863,0.4094064147274852,0.1647686132940291,0.194702906472624,True
2026-06-01T19:01:21,29,20,290020,"ARX(2,2)",-181.68848149619217,381.37696299238434,411.7127052455333,True,0,2.6597502015356778,0.2820303242398346,0.2715957440981414,0.8404132597157161,0.0038742982690834,0.3233756996780568,0.4091128380206212,0.1633905705471889,0.1958275468304061,True
2026-06-01T19:02:58,29,21,290021,"ARX(2,2)",-181.69086120016172,381.3817224003235,411.71746465347246,True,0,2.68571607978292,0.2895069399510703,0.2698473287524819,0.825872028744932,0.0069082534016095,0.3241961767949054,0.41605500790601,0.163684597976326,0.1842123172639979,True
2026-06-01T19:04:17,29,22,290022,"ARX(2,2)",-181.68911721610027,381.3782344322005,411.7139766853495,True,0,2.6934878598539576,0.2814314113091978,0.269428360713017,0.8423424497510551,0.0039800125004393,0.3229614314995646,0.4097692877893809,0.1636009663639278,0.1952900324526761,True
2026-06-01T19:06:02,29,23,290023,"ARX(2,2)",-181.6920270310841,381.3840540621682,411.7197963153172,True,0,2.7359862456081765,0.2804934552258925,0.26706391520716,0.8427626871872035,0.0030502341021713,0.3209635883320345,0.4152378025696551,0.1636856952646815,0.1931751926908138,True
2026-06-01T19:07:29,29,24,290024,"ARX(2,2)",-181.6886730646137,381.3773461292275,411.7130883823765,True,0,2.6658221431175555,0.2825848623020615,0.2711607959007068,0.8389577610184937,0.0040691426566301,0.3237488525465478,0.4046766659673004,0.1634518490134742,0.1997439033083116,True
2026-06-01T19:08:51,29,25,290025,"ARX(2,2)",-181.688474513365,381.37694902673,411.712691279879,True,0,2.6609414676670218,0.2810921671578154,0.2714608725306874,0.8424524529977733,0.0038225031793909,0.322972998083198,0.4117593412090197,0.1631985069272836,0.1939259168798516,True
2026-06-01T19:10:18,29,26,290026,"ARX(2,2)",-181.68846616626536,381.3769323325307,411.7126745856797,True,0,2.6725358819330607,0.2825685612613639,0.2706986169174676,0.8394573722422207,0.0040391683214139,0.3229629402168674,0.4104601509514058,0.1634892379322957,0.1945901177714176,True
2026-06-01T19:11:41,29,27,290027,"ARX(2,2)",-181.69240153310108,381.38480306620215,411.7205453193511,True,0,2.5891637623260184,0.289821905496683,0.2750454332469175,0.828272477247823,0.0075798628367459,0.335185419734966,0.3956701317248236,0.1643052990568042,0.1895286105162083,True
2026-06-01T19:13:34,29,28,290028,"ARX(2,2)",-181.6903584125539,381.3807168251078,411.7164590782568,True,0,2.7083212715010507,0.2821622232038709,0.2683322326197006,0.8414120186175237,0.0017959366502126,0.3225890718642049,0.406747148039138,0.1639292926144069,0.2003674294999183,True
2026-06-01T19:14:58,29,29,290029,"ARX(2,2)",-181.6884593238475,381.376918647695,411.712660900844,True,0,2.660131410943839,0.2814170809393011,0.2714887507943451,0.8417672299834283,0.0039573044010807,0.3233058568488044,0.4097654170369659,0.1633104277086987,0.1952037194939133,True
2026-06-01T19:16:46,29,30,290030,"ARX(2,2)",-181.6884176299257,381.3768352598514,411.7125775130004,True,0,2.666049309812796,0.2819053664735027,0.2711230620492595,0.8407177960434903,0.0041596971134989,0.3232010547264737,0.410843848259811,0.1633623728313855,0.1939865638276735,True
2026-06-01T19:18:31,29,31,290031,"ARX(2,2)",-181.68865669000365,381.3773133800073,411.7130556331563,True,0,2.6502150269725857,0.2810173757582261,0.2721325152954698,0.8429128499248996,0.0038139555467916,0.323347552800947,0.4120079696765401,0.1631221485227255,0.1931642513429136,True
2026-06-01T19:20:04,29,32,290032,"ARX(2,2)",-181.688494944953,381.376989889906,411.71273214305495,True,0,2.6716699147515506,0.2824450034894719,0.2707897576540817,0.839373474496677,0.0040474391882004,0.3225842261491041,0.4114407380355386,0.1632641621792554,0.1945270661087724,True
2026-06-01T19:21:35,29,33,290033,"ARX(2,2)",-181.68843014648195,381.3768602929639,411.71260254611286,True,0,2.6663663391636434,0.2820366512092599,0.2711377161997397,0.8404464869920756,0.0041079050035302,0.323060501887096,0.4102424668427752,0.1635820067322698,0.1944899765386736,True
2026-06-01T19:23:19,29,34,290034,"ARX(2,2)",-181.6891291646962,381.3782583293924,411.71400058254136,True,0,2.681931577821101,0.285295738415963,0.270190807662741,0.8338615588115129,0.006022156575197,0.3224243596874052,0.4124067410132533,0.1631433011078016,0.1916561260696212,True
2026-06-01T19:24:58,29,35,290035,"ARX(2,2)",-181.6884773611815,381.376954722363,411.712696975512,True,0,2.6567996795938766,0.2821050124533904,0.2716943249373058,0.8402696265016181,0.0041417415074454,0.3233418754484164,0.4108317949154826,0.1632293657529572,0.19396773010816,True
2026-06-01T19:26:32,29,36,290036,"ARX(2,2)",-181.68845568259707,381.3769113651941,411.7126536183431,True,0,2.6668308355208823,0.2816294770450985,0.2710482648385914,0.8414878192718684,0.004047066593524,0.3229859248846933,0.41209254243041,0.1631931709080108,0.1933941623825235,True
2026-06-01T19:28:25,29,37,290037,"ARX(2,2)",-181.68849367292955,381.3769873458591,411.71272959900807,True,0,2.668282513041904,0.2826187125008588,0.2710111965227197,0.8394936174327725,0.0042375524685701,0.3234453480960152,0.407280326136516,0.1636824528926118,0.1968115609328803,True
2026-06-01T19:29:52,29,38,290038,"ARX(2,2)",-181.6884561475967,381.3769122951934,411.7126545483424,True,0,2.6611506381492123,0.2813360452848243,0.2714917468898703,0.841922877161922,0.0041760168642435,0.3232464030303063,0.4105326732477444,0.1633764953529254,0.1942254804884985,True
2026-06-01T19:31:31,29,39,290039,"ARX(2,2)",-181.68842749541395,381.3768549908279,411.71259724397686,True,0,2.6667438978141043,0.2822518002988473,0.2710640280679785,0.8401483989874202,0.0041910468084442,0.3233440004279236,0.4091533692692348,0.1634526206336388,0.1953498011546296,True
2026-06-01T19:33:21,29,40,290040,"ARX(2,2)",-181.69134122265243,381.3826824453049,411.7184246984539,True,0,2.7156367053197346,0.2804962425857622,0.2681493895259781,0.8397443126266554,0.0040794035768544,0.3221872404780204,0.4040159348539192,0.1642039937325892,0.2022072872615442,True
2026-06-01T18:26:45,30,1,300001,"ARX(2,2)",-181.68862807284947,381.3772561456989,411.7129983988479,True,0,2.678423862946913,0.2834329454428176,0.2702869445290534,0.8378644827270394,0.0041605528684235,0.3230357146229792,0.4124735674829309,0.1634538424322018,0.1923116261748378,True
2026-06-01T18:28:51,30,2,300002,"ARX(2,2)",-181.6892128279339,381.3784256558678,411.7141679090168,True,0,2.6513803226662644,0.2854216058181975,0.2720370880285262,0.8314267891103678,0.0056617671458142,0.3241815719961012,0.4080456026578434,0.1634289533192498,0.1941866001226141,True
2026-06-01T18:31:11,30,3,300003,"ARX(2,2)",-181.6884738141736,381.3769476283472,411.7126898814962,True,0,2.6572582982113517,0.2817927773513297,0.271663839163178,0.8409515889204064,0.0040319902772121,0.3232512641836829,0.4108812603751227,0.1631920111384014,0.1941801473487094,True
2026-06-01T18:32:44,30,4,300004,"ARX(2,2)",-181.6887800768506,381.3775601537012,411.7133024068502,True,0,2.6502750202586616,0.2829950529683769,0.2720601362278757,0.8372423888175309,0.0051345360820996,0.3242926685943409,0.4089706879326805,0.1630246358000718,0.194037749296465,True
2026-06-01T18:34:09,30,5,300005,"ARX(2,2)",-181.688444657706,381.3768893154119,411.7126315685609,True,0,2.660682116905567,0.2818457669959037,0.2714528097961365,0.8406460415858003,0.0042409178087454,0.3232236892481336,0.4113565025612597,0.163060065200468,0.1936785342844493,True
2026-06-01T18:35:43,30,6,300006,"ARX(2,2)",-181.6884789187185,381.376957837437,411.71270009058594,True,0,2.663717070060202,0.2822145378575855,0.2713285724810448,0.8396370389750415,0.0045069225857291,0.3236526844389948,0.4094342998961413,0.1633325609783429,0.1949475475570301,True
2026-06-01T18:37:05,30,7,300007,"ARX(2,2)",-181.68849288978208,381.37698577956417,411.71272803271313,True,0,2.65736202607912,0.2815509682844547,0.2717140796530417,0.8417402906187124,0.0038991452181648,0.3232356754619405,0.4104797141365158,0.1630917033149403,0.1949527725403738,True
2026-06-01T18:38:21,30,8,300008,"ARX(2,2)",-181.6884308822868,381.3768617645736,411.7126040177225,True,0,2.6627550158062467,0.2817373773187659,0.2712949258825674,0.8410477273989939,0.0041414742996576,0.3232770020106102,0.4100488619459679,0.1632923946729396,0.1947491001212203,True
2026-06-01T18:39:53,30,9,300009,"ARX(2,2)",-181.6893032484296,381.3786064968592,411.7143487500082,True,0,2.697688276576947,0.283644855344876,0.269117191334884,0.8370130275323888,0.0043299264645622,0.3229867567867089,0.4089003083761014,0.1638945179639324,0.1954285130345608,True
2026-06-01T18:41:14,30,10,300010,"ARX(2,2)",-181.68872104684527,381.37744209369055,411.7131843468395,True,0,2.6749639365242737,0.2810598924482553,0.2707623819525143,0.8417684207916618,0.0043771136419078,0.3219681453683156,0.4116784043105032,0.1630811191363398,0.1951930909029827,True
2026-06-01T18:42:31,30,11,300011,"ARX(2,2)",-181.6884216345084,381.3768432690168,411.71258552216574,True,0,2.6649965792284074,0.2819746105763153,0.2711921031439771,0.8401720857600021,0.0042276441187497,0.3231793969116041,0.4103282484399106,0.1633613499372472,0.1945525235869349,True
2026-06-01T18:44:45,30,12,300012,"ARX(2,2)",-181.6888288813776,381.3776577627552,411.7134000159042,True,0,2.6779508868157658,0.2825325910126265,0.2703844122100057,0.839165724390226,0.0044047875991413,0.3224347169066444,0.4169530628528778,0.1628745600254811,0.1889851809936236,True
2026-06-01T18:46:07,30,13,300013,"ARX(2,2)",-181.6893408951568,381.3786817903135,411.7144240434625,True,0,2.686855035126146,0.282641554183016,0.2698167714845577,0.8394938830822097,0.0054412367468539,0.3229244006441706,0.4174084522241254,0.1636675055361687,0.1859561211996225,True
2026-06-01T18:47:54,30,14,300014,"ARX(2,2)",-181.6884367144402,381.3768734288804,411.71261568202937,True,0,2.6670056764671783,0.2821542244131166,0.2710910695633293,0.8401551681587225,0.0038704388124211,0.322926026536081,0.411111490047024,0.1632390259170916,0.1945172538501999,True
2026-06-01T18:49:31,30,15,300015,"ARX(2,2)",-181.69029673733465,381.3805934746693,411.7163357278182,True,0,2.709079607777242,0.2815518235062673,0.2684327025889364,0.842579736055529,0.0038601450156825,0.3229063386467541,0.4033309994250628,0.1649274606685543,0.2001118024061362,True
2026-06-01T18:51:33,30,16,300016,"ARX(2,2)",-181.6886344537865,381.377268907573,411.713011160722,True,0,2.6494435773510734,0.2817031962904878,0.2721835203233426,0.8410640402032148,0.004060703818041,0.3233671171058563,0.4111554882935093,0.1630918248268692,0.1938951299325401,True
2026-06-01T18:53:29,30,17,300017,"ARX(2,2)",-181.6885377043412,381.3770754086824,411.7128176618313,True,0,2.6774074051960293,0.2825818978310365,0.2703962980294848,0.8396615516791522,0.0040701529751048,0.3230165333790202,0.4104259902944266,0.163535846060965,0.1944921904332178,True
2026-06-01T18:54:47,30,18,300018,"ARX(2,2)",-181.6884200848026,381.3768401696052,411.71258242275417,True,0,2.6654254002010758,0.2821120707305987,0.2711433127459422,0.8404533560304057,0.0041766883970287,0.3232986109241332,0.4096734931534755,0.1634316987343013,0.1948840466605171,True
2026-06-01T18:56:10,30,19,300019,"ARX(2,2)",-181.69243186634867,381.3848637326973,411.7206059858463,True,0,2.5950364675593685,0.2892481725355428,0.2746294033377385,0.8294500003846486,0.008040998090843,0.3352459444472291,0.3963042666330481,0.1646502578640358,0.1879432038446987,True
2026-06-01T18:57:57,30,20,300020,"ARX(2,2)",-181.6884433046297,381.3768866092594,411.71262886240834,True,0,2.663744038623228,0.2824295900124604,0.2712376468197227,0.8396553007574936,0.0042875673704123,0.3231176249433321,0.4125005371810807,0.1631992848551192,0.1924519464044891,True
2026-06-01T18:59:12,30,21,300021,"ARX(2,2)",-181.68852345867373,381.37704691734746,411.7127891704964,True,0,2.6560954288101155,0.2827216803593889,0.2717055387693333,0.8387073598330388,0.0041362449856641,0.323703773039236,0.4099203439132622,0.1633258390160417,0.1944353558041974,True
2026-06-01T19:00:57,30,22,300022,"ARX(2,2)",-181.6884353632264,381.3768707264528,411.7126129796018,True,0,2.669767711703825,0.2824707128493924,0.2708534781838911,0.839680180996437,0.0041602225715613,0.323267317137539,0.4103602776761886,0.1633715534920819,0.1942607619905048,True
2026-06-01T19:03:02,30,23,300023,"ARX(2,2)",-181.68857838369047,381.37715676738094,411.7128990205299,True,0,2.652005328090419,0.2814102392559338,0.2720083649634428,0.8416746515837076,0.0039277681729548,0.3233737671035283,0.4106765314377157,0.1631575262574737,0.1944033662889504,True
2026-06-01T19:04:28,30,24,300024,"ARX(2,2)",-181.68929164832417,381.37858329664834,411.7143255497973,True,0,2.6974064455012083,0.2835562527724316,0.2692165299596074,0.8376538937150556,0.0048284107997118,0.3227571705069288,0.4094657464628395,0.1636818025682621,0.1948701187811157,True
2026-06-01T19:06:07,30,25,300025,"ARX(2,2)",-181.68866783983069,381.37733567966137,411.7130779328104,True,0,2.6819329437623978,0.2832629232570948,0.2700707456010012,0.8384331447973085,0.0043244272045227,0.3231411537815849,0.4105737872024419,0.1637218632705601,0.1935807521777962,True
2026-06-01T19:08:03,30,26,300026,"ARX(2,2)",-181.68847577302165,381.3769515460433,411.71269379919227,True,0,2.6595952436515318,0.2815118934419972,0.2715284075385144,0.8412565345026017,0.0040593656366806,0.3229509149335738,0.4125899658826821,0.1630964287400751,0.1929791098075691,True
2026-06-01T19:10:05,30,27,300027,"ARX(2,2)",-181.68882626413424,381.3776525282685,411.7133947814175,True,0,2.6444625420662784,0.2809107558276265,0.2725004084659057,0.8423310740348532,0.0040487203294719,0.3233916808055042,0.4118449689200626,0.162938471014306,0.1933495149129873,True
2026-06-01T19:12:00,30,28,300028,"ARX(2,2)",-181.6884233912887,381.3768467825774,411.7125890357264,True,0,2.6630281457333043,0.2819869958565194,0.2713089071997374,0.8405549720113628,0.0040806658582876,0.3233652280866151,0.4099343914312652,0.1633427241466261,0.1948147788982876,True
2026-06-01T19:13:34,30,29,300029,"ARX(2,2)",-181.68845980970872,381.37691961941744,411.7126618725664,True,0,2.6697241186843828,0.2824084443236676,0.2709320781209874,0.8400389363002001,0.0046514417627907,0.3232250693634247,0.4103792911729156,0.1636206299146764,0.1935632438610584,True
2026-06-01T19:15:17,30,30,300030,"ARX(2,2)",-181.6884289412004,381.3768578824008,411.7126001355498,True,0,2.668809691720456,0.2819340242434353,0.2709347929307954,0.8406767553859305,0.0040886818209866,0.3231670746602484,0.4102077508887887,0.1635066309868472,0.1945945209643896,True
2026-06-01T19:16:48,30,31,300031,"ARX(2,2)",-181.6884450341561,381.3768900683122,411.7126323214612,True,0,2.668591490153932,0.2825451817624148,0.2709653150369516,0.8399197900702776,0.0042219440263359,0.3232390523231528,0.4105274187640942,0.1631998788142688,0.1944367700555931,True
2026-06-01T19:18:48,30,32,300032,"ARX(2,2)",-181.68846280718495,381.37692561437,411.7126678675189,True,0,2.6720575874761625,0.281980605138219,0.2707309049802529,0.841085279425412,0.0039086027104084,0.3231332335650975,0.4099729284707221,0.1634759737194605,0.1949649242067113,True
2026-06-01T19:20:48,30,33,300033,"ARX(2,2)",-181.69240402756049,381.38480805512097,411.72055030826994,True,0,2.597586497320902,0.2895319477026786,0.2744866545638249,0.8291445141555946,0.0075571866296861,0.3350770306974597,0.3959490287384076,0.1643617548874738,0.1893371883520025,True
2026-06-01T19:22:03,30,34,300034,"ARX(2,2)",-181.688496443246,381.376992886492,411.7127351396409,True,0,2.674800286483642,0.2827477480853027,0.2705703236339055,0.8393670695099492,0.0042427306457602,0.3232327220545587,0.4104409387709609,0.1635939177637086,0.1939362437721228,True
2026-06-01T19:23:42,30,35,300035,"ARX(2,2)",-181.68878073819792,381.37756147639584,411.7133037295448,True,0,2.682063700959062,0.2809587599197563,0.2701491148697903,0.8431556581081534,0.0039097699588096,0.3230263806297639,0.4074263026543598,0.1637261977016683,0.1974266046878344,True
2026-06-01T19:25:11,30,36,300036,"ARX(2,2)",-181.69241276553717,381.3848255310743,411.7205677842233,True,0,2.598757771696989,0.2895235369331368,0.2744067217285981,0.8288633080765243,0.00751403942867,0.3345930854464162,0.396606375675429,0.164396345640794,0.1893201779310332,True
2026-06-01T19:26:55,30,37,300037,"ARX(2,2)",-181.6884871035571,381.3769742071141,411.7127164602631,True,0,2.657965867084608,0.2822063745168766,0.2716519155162749,0.8397886127660469,0.004309997489333,0.3234330775235073,0.4089183452811737,0.1633592721371327,0.1956007522935556,True
2026-06-01T19:29:16,30,38,300038,"ARX(2,2)",-181.68956365581877,381.3791273116375,411.71486956478645,True,0,2.701705289118188,0.2823180696498581,0.2689232612021234,0.8412519006934792,0.0044310190280996,0.3232772883103561,0.4090339138267783,0.1637860553557155,0.1946619074538448,True
2026-06-01T19:31:11,30,39,300039,"ARX(2,2)",-181.692421932466,381.384843864932,411.720586118081,True,0,2.587025436151012,0.2891331684308212,0.2751134830045469,0.8294579021867701,0.0076221205549098,0.3352761392770865,0.3955070291875521,0.1643464476789491,0.1894672318383186,True
2026-06-01T19:32:34,30,40,300040,"ARX(2,2)",-181.688430321344,381.376860642688,411.712602895837,True,0,2.6612088626758914,0.2821492654496694,0.2714361253250163,0.8402724998741599,0.0041586562725879,0.3232368209096224,0.4104228900549473,0.1632646359252549,0.1944852065463506,True
2026-06-01T18:24:58,31,1,310001,"ARX(2,2)",-181.689750349788,381.379500699576,411.7152429527249,True,0,2.696900260046759,0.2861985504672339,0.2692984100806113,0.8332568139733345,0.0043753647690941,0.3226851681875639,0.4127355513050133,0.1634743983744254,0.1924567545881323,True
2026-06-01T18:26:20,31,2,310002,"ARX(2,2)",-181.68869193769223,381.37738387538445,411.7131261285334,True,0,2.6832617559916665,0.2828609772285038,0.2700292375029096,0.8392780227701575,0.0040895030286789,0.3230874988093842,0.4107408993852156,0.163714940312338,0.1938567249701126,True
2026-06-01T18:27:52,31,3,310003,"ARX(2,2)",-181.68846655550243,381.37693311100486,411.7126753641538,True,0,2.659156187560759,0.2814766507981527,0.2715602364063499,0.8416005540898169,0.0038903865773848,0.3232265923071917,0.4115254159227268,0.1632367061788176,0.1937510039640945,True
2026-06-01T18:29:11,31,4,310004,"ARX(2,2)",-181.6897463073476,381.3794926146952,411.7152348678442,True,0,2.667593737457004,0.2829826852393219,0.2711861710918589,0.836176927549491,0.0062321420544956,0.3219157802623144,0.4132422798222354,0.1656683527951894,0.188933257236057,True
2026-06-01T18:31:09,31,5,310005,"ARX(2,2)",-181.68841979325688,381.3768395865137,411.7125818396627,True,0,2.666588934163799,0.2823380602369059,0.2710900337329906,0.8398372097507387,0.0041021541832681,0.3232010424721013,0.4109380015499823,0.1634351025711847,0.1938439956031636,True
2026-06-01T18:33:24,31,6,310006,"ARX(2,2)",-181.68851875626487,381.37703751252974,411.7127797656787,True,0,2.6760002545136983,0.2821573921798352,0.2704560790467887,0.84039184650385,0.0038726882648596,0.3232013010934778,0.4099282283952337,0.1634755719352427,0.1950054339262656,True
2026-06-01T18:34:43,31,7,310007,"ARX(2,2)",-181.6904145781056,381.3808291562112,411.7165714093602,True,0,2.6926095970597093,0.285851888878825,0.2692408707258973,0.8298483382075262,0.0030769381905526,0.3234304142832802,0.4070944007335424,0.1641753054909885,0.1982287120135779,True
2026-06-01T18:36:14,31,8,310008,"ARX(2,2)",-181.68846511849935,381.3769302369988,411.7126724901477,True,0,2.662835333105817,0.2810575127465988,0.2713351469264252,0.842509902485617,0.0039268691232964,0.3232024070033821,0.4106662673461225,0.1631022108642366,0.194722439125234,True
2026-06-01T18:37:37,31,9,310009,"ARX(2,2)",-181.69238887584424,381.3847777516884,411.7205200048374,True,0,2.59302229211614,0.2895144889839308,0.2747666914211945,0.8283775714451495,0.0075639088186949,0.3350336189794248,0.3959030224250654,0.1643252441580475,0.1895474124756984,True
2026-06-01T18:40:00,31,10,310010,"ARX(2,2)",-181.6889779097483,381.3779558194966,411.7136980726456,True,0,2.6404188998161264,0.2809947819918976,0.2727658071983061,0.8423393613322117,0.0040038680888259,0.3235477562472331,0.4108679309303157,0.1631884041751912,0.1939511880094251,True
2026-06-01T18:41:29,31,11,310011,"ARX(2,2)",-181.6923929676212,381.3847859352424,411.7205281883913,True,0,2.592298486268489,0.2897801166181625,0.2748361176287622,0.8281119483866408,0.0076910054765314,0.3350292697246888,0.3962217506113925,0.1645460148240881,0.1887852096484069,True
2026-06-01T18:43:27,31,12,310012,"ARX(2,2)",-181.688521109024,381.377042218048,411.712784471197,True,0,2.6559997673577604,0.2813778094943728,0.2717839597749163,0.841828042710575,0.0041371412239836,0.3236310137474812,0.4096820391546484,0.1633518906888295,0.1946262401375557,True
2026-06-01T18:45:07,31,13,310013,"ARX(2,2)",-181.6884564984985,381.376912996997,411.712655250146,True,0,2.671873967685708,0.2826583288861142,0.2707416717888191,0.8392477582775567,0.0042436496109639,0.3230449109986436,0.410642311401392,0.1635533060808448,0.1940264568813458,True
2026-06-01T18:47:12,31,14,310014,"ARX(2,2)",-181.6887748648992,381.3775497297984,411.71329198294734,True,0,2.685197930120642,0.2820275815493241,0.2699360525652266,0.8411698866593084,0.0042271037539846,0.3231206486517813,0.4089935707073098,0.1639120678509846,0.1952586447256355,True
2026-06-01T18:48:45,31,15,310015,"ARX(2,2)",-181.68842840852045,381.3768568170409,411.71259907018987,True,0,2.66549499369283,0.2816967188744301,0.271148839822535,0.8411778763506906,0.004066230580194,0.3230483370869759,0.411307236459935,0.1632968364925903,0.1937716931994586,True
2026-06-01T18:50:06,31,16,310016,"ARX(2,2)",-181.6884811142849,381.3769622285698,411.7127044817188,True,0,2.6641567847694585,0.2824856082591422,0.2712472225400223,0.839940693161976,0.0042441437684114,0.3239802401686079,0.4088967241113521,0.163716909930578,0.1944527945615022,True
2026-06-01T18:51:53,31,17,310017,"ARX(2,2)",-181.6884897166347,381.3769794332694,411.7127216864184,True,0,2.674726749669833,0.2824756681208203,0.2705426424203192,0.8397194995303601,0.004287428867439,0.3230826279143372,0.4107027809752675,0.1635293760931843,0.1938865448404857,True
2026-06-01T18:53:14,31,18,310018,"ARX(2,2)",-181.68843068646825,381.3768613729365,411.7126036260854,True,0,2.666078798759799,0.2823094517739536,0.2711641192179098,0.8394552202164949,0.0042865913137451,0.3231008081096893,0.4114430351115841,0.1633838763874006,0.1934785799298357,True
2026-06-01T18:55:08,31,19,310019,"ARX(2,2)",-181.6884476529395,381.376895305879,411.712637559028,True,0,2.666319455229252,0.2817312855387988,0.2711191292738195,0.8413893400724438,0.0042489959017932,0.3233134607846299,0.4115082391134441,0.1635172183815766,0.1928202088738694,True
2026-06-01T18:56:25,31,20,310020,"ARX(2,2)",-181.68882480612956,381.3776496122591,411.713391865408,True,0,2.685593574287872,0.2829035868896436,0.2698050477286693,0.839079993796167,0.0038731132450985,0.3233371018202297,0.4075981384765685,0.1640848142991819,0.196279414641448,True
2026-06-01T18:57:58,31,21,310021,"ARX(2,2)",-181.68843903100736,381.3768780620147,411.7126203151637,True,0,2.664044918677539,0.2826703028527739,0.2711935132505582,0.8392928118184668,0.0042063266830191,0.3232963751475223,0.4118152103790144,0.1632794227744017,0.1928845054307449,True
2026-06-01T18:59:31,31,22,310022,"ARX(2,2)",-181.6886763792711,381.3773527585422,411.7130950116912,True,0,2.6823414244695627,0.2831649430429843,0.2700914928697095,0.8379533124341199,0.0043009632527967,0.322932583459072,0.4105029385813024,0.1634759113402209,0.1944133994577513,True
2026-06-01T19:00:56,31,23,310023,"ARX(2,2)",-181.68847559594468,381.37695119188936,411.7126934450383,True,0,2.66579382434428,0.2822919001209985,0.2710825996587902,0.840312096473381,0.0037202322828622,0.3229577647076068,0.4090493719569533,0.163283205139541,0.1964426903923457,True
2026-06-01T19:02:24,31,24,310024,"ARX(2,2)",-181.6884250790268,381.3768501580536,411.71259241120254,True,0,2.6645718710999065,0.2819904116331901,0.2712348919318514,0.8402993315101973,0.0042167050711824,0.322954889738786,0.4107722518004961,0.1633094361343153,0.1943751684081109,True
2026-06-01T19:04:00,31,25,310025,"ARX(2,2)",-181.68841773195248,381.37683546390497,411.71257771705393,True,0,2.6651864940232337,0.2824756344532269,0.2711885126046903,0.839632368836819,0.0042621080718046,0.3232193306418563,0.4104194605101833,0.1633509795404675,0.1943195399936801,True
2026-06-01T19:05:36,31,26,310026,"ARX(2,2)",-181.6884687009869,381.3769374019738,411.7126796551228,True,0,2.66611581664899,0.2830710115400839,0.2711266734377464,0.8384391092129064,0.004592189023575,0.3236189064729446,0.4114878503530404,0.1632325954031231,0.1925433849325088,True
2026-06-01T19:07:28,31,27,310027,"ARX(2,2)",-181.6884538886782,381.3769077773564,411.71265003050536,True,0,2.668036534396892,0.2824968554409638,0.2709696575575125,0.8394978220924754,0.0046120193367243,0.3235455593196882,0.4100826479871622,0.1635293103218598,0.1935239272004674,True
2026-06-01T19:08:59,31,28,310028,"ARX(2,2)",-181.6884154560736,381.3768309121471,411.7125731652961,True,0,2.665276471441508,0.2822770383576419,0.2711497636900553,0.8399071530257521,0.004208303518805,0.3232970934885412,0.4103119019720679,0.1633698205483154,0.1943142410121509,True
2026-06-01T19:10:20,31,29,310029,"ARX(2,2)",-181.6884732467185,381.376946493437,411.712688746586,True,0,2.6593549450456484,0.2817979774318364,0.2715434706311198,0.8410085153428368,0.0042156735858906,0.3233298855726725,0.4122228982430969,0.1632387658927881,0.1924170012563657,True
2026-06-01T19:11:53,31,30,310030,"ARX(2,2)",-181.68853724711505,381.3770744942301,411.7128167473791,True,0,2.675541884877084,0.2818582598391952,0.2704716016039389,0.8413324676337136,0.0039368798413908,0.3232901240265012,0.4105789222727807,0.1638169236504575,0.1936767944573327,True
2026-06-01T19:13:41,31,31,310031,"ARX(2,2)",-181.68843720516065,381.3768744103213,411.7126166634703,True,0,2.660576975912693,0.2822887829887418,0.271462375286556,0.8397858010129572,0.0041270881730197,0.3232550607576515,0.4106387237426727,0.163274311867345,0.19430677992975,True
2026-06-01T19:16:00,31,32,310032,"ARX(2,2)",-181.6884582141214,381.3769164282428,411.71265868139176,True,0,2.6694730131976385,0.2818306393176487,0.2708642098541669,0.8413918768503397,0.0039328494751823,0.3233927446272607,0.4110663422352311,0.1634959412200217,0.1935476486760906,True
2026-06-01T19:17:32,31,33,310033,"ARX(2,2)",-181.68855393948704,381.3771078789741,411.71285013212304,True,0,2.6717513992550965,0.2817966859217236,0.2706108599670171,0.8418169519170697,0.0038352520147798,0.3238219601111398,0.4088993450401348,0.163848848476862,0.1946760274674878,True
2026-06-01T19:19:03,31,34,310034,"ARX(2,2)",-181.68848560296016,381.3769712059203,411.7127134590693,True,0,2.657927371429336,0.2813014756358887,0.271653204362418,0.8421775453555235,0.0040493719717501,0.323198279909427,0.410924314513024,0.1631516500965562,0.194219525358603,True
2026-06-01T19:20:40,31,35,310035,"ARX(2,2)",-181.68843372908512,381.37686745817024,411.7126097113192,True,0,2.6625475738118967,0.2819974850919285,0.271330020052315,0.8405755315383562,0.0039682218058407,0.3231443935114799,0.4118578553395443,0.1632780313743755,0.1932772973543581,True
2026-06-01T19:21:48,31,36,310036,"ARX(2,2)",-181.6884712667212,381.3769425334424,411.71268478659135,True,0,2.672209903803243,0.2830641277735301,0.2707305636416748,0.8386128292230297,0.0042875055484122,0.3231949145943583,0.4103047847201437,0.163465958128885,0.194222745254379,True
2026-06-01T19:24:00,31,37,310037,"ARX(2,2)",-181.68850212480748,381.37700424961497,411.71274650276393,True,0,2.655302518739763,0.2819683865136378,0.2718152636618465,0.8404873172882492,0.0040892049068584,0.3233399994135588,0.4105432734614329,0.16324855170046,0.1943362918262656,True
2026-06-01T19:25:31,31,38,310038,"ARX(2,2)",-181.6905607726229,381.3811215452458,411.7168637983948,True,0,2.693709967867988,0.2814661950745471,0.2690114986104138,0.8366534461032291,0.0043998838750074,0.3231315721657147,0.4085104260413373,0.1647771646743194,0.195929554660735,True
2026-06-01T19:26:52,31,39,310039,"ARX(2,2)",-181.68842278733203,381.37684557466406,411.712587827813,True,0,2.6648013217885165,0.2820377454028221,0.2712210766680011,0.8403524312686025,0.0043301491587791,0.3233233113323062,0.4106805577995001,0.1634528373368122,0.193696691280127,True
2026-06-01T19:28:38,31,40,310040,"ARX(2,2)",-181.6908955855627,381.3817911711254,411.7175334242744,True,0,2.7194662440664765,0.281857240769618,0.2678466461176335,0.8424277039864193,0.0030980392002807,0.321444459740138,0.4128023089669136,0.1639000146968569,0.194604816941786,True
2026-06-01T18:26:28,32,1,320001,"ARX(2,2)",-181.68846987479185,381.3769397495837,411.7126820027326,True,0,2.6700948923757664,0.2826005922791345,0.2707967467307498,0.839455536546539,0.0040144723683327,0.3230904655414662,0.4089920142532355,0.1634662907147404,0.195814847602492,True
2026-06-01T18:27:51,32,2,320002,"ARX(2,2)",-181.68844074964105,381.3768814992821,411.712623752431,True,0,2.665388444450662,0.281450281506019,0.2711918211515937,0.8418731617051656,0.0042108396893856,0.3232162393361917,0.4100383208704827,0.1634396477053619,0.1946369553575791,True
2026-06-01T18:29:26,32,3,320003,"ARX(2,2)",-181.6885367757821,381.3770735515642,411.7128158047132,True,0,2.673348718680141,0.2812755319963845,0.2707253205363556,0.8423227164591215,0.0037975884482047,0.3228911489647842,0.4096829893647024,0.1638099285872335,0.1952645023855991,True
2026-06-01T18:31:09,32,4,320004,"ARX(2,2)",-181.68844676494177,381.3768935298836,411.7126357830325,True,0,2.669540754499004,0.2824633046495284,0.2708669606602389,0.8396063990019977,0.0040277508490963,0.3232898030885727,0.4113005108292507,0.1634650004616708,0.1933508955774276,True
2026-06-01T18:32:42,32,5,320005,"ARX(2,2)",-181.6885930175163,381.3771860350326,411.7129282881816,True,0,2.672105984756212,0.2833717349822649,0.2706090114395093,0.8389592197503822,0.0046630758746209,0.3235074056982845,0.4103412826430982,0.1636043999246378,0.1927800460589102,True
2026-06-01T18:34:31,32,6,320006,"ARX(2,2)",-181.68847652578077,381.3769530515615,411.7126953047105,True,0,2.657461770942141,0.2821254815339746,0.271637441189174,0.8403543788434402,0.0041970858453005,0.3231817269540074,0.4114615407706631,0.1632934331211516,0.193400236246857,True
2026-06-01T18:36:21,32,7,320007,"ARX(2,2)",-181.6909704826718,381.3819409653436,411.7176832184925,True,0,2.711078148714241,0.2812481633649578,0.2683935232061132,0.8427220807280611,0.0035240542419938,0.320060444182143,0.4199150326948139,0.1627100283172137,0.1897183952355989,True
2026-06-01T18:38:52,32,8,320008,"ARX(2,2)",-181.69239367734195,381.3847873546839,411.7205296078329,True,0,2.592469537910433,0.2897962763248476,0.2747769248103536,0.8283793550460333,0.0074776599536262,0.3353952343144262,0.3948283069142082,0.164481979567303,0.1900245301854596,True
2026-06-01T18:40:10,32,9,320009,"ARX(2,2)",-181.6889176914787,381.3778353829574,411.7135776361064,True,0,2.644607956744233,0.2805566981930733,0.2725212252328984,0.843797169924352,0.0041668895055287,0.3234231977061431,0.4124533841933877,0.1635114869907061,0.1918146498172773,True
2026-06-01T18:42:00,32,10,320010,"ARX(2,2)",-181.688589274572,381.3771785491441,411.712920802293,True,0,2.673021668021383,0.2827401518346639,0.2707892496316722,0.839043489921566,0.0047878182035956,0.3229100060807943,0.412455326583535,0.1633252740447921,0.1918179339111764,True
2026-06-01T18:43:59,32,11,320011,"ARX(2,2)",-181.68849634716625,381.3769926943325,411.7127349474814,True,0,2.674496687691692,0.2827472930960365,0.2705466525304038,0.8389719988418813,0.0043197230028839,0.3232047984315093,0.409777805276993,0.1636920332780725,0.1944569614745236,True
2026-06-01T18:45:37,32,12,320012,"ARX(2,2)",-181.6884230794295,381.376846158859,411.712588412008,True,0,2.663383309987964,0.2820925558537056,0.2712711003279093,0.8403229914323396,0.0041581210113848,0.3232564845169593,0.4109390153120508,0.1633764966488056,0.1938841541242938,True
2026-06-01T18:46:50,32,13,320013,"ARX(2,2)",-181.6895755177128,381.3791510354256,411.71489328857456,True,0,2.7008514525667886,0.2809896383070143,0.2689451192723773,0.8430055284593863,0.0044185111316439,0.3231239777226334,0.4099081897224204,0.1637961696194186,0.1941437056403834,True
2026-06-01T18:48:13,32,14,320014,"ARX(2,2)",-181.6885030169124,381.3770060338248,411.7127482869738,True,0,2.6578282612737247,0.2827158937221862,0.2716633140706831,0.8389182170248639,0.0044188931004258,0.3231832001092285,0.4124307459434802,0.1632430342591803,0.1924069162604009,True
2026-06-01T18:49:50,32,15,320015,"ARX(2,2)",-181.68842838534948,381.37685677069896,411.71259902384793,True,0,2.667914125649168,0.2827205114472643,0.2709865895475841,0.8393724033263648,0.0041914975180663,0.3232632362143386,0.410264055293026,0.1634645239689942,0.1942594813168707,True
2026-06-01T18:51:26,32,16,320016,"ARX(2,2)",-181.68844770921356,381.3768954184271,411.712637671576,True,0,2.670322017214303,0.2824550503710122,0.2708639357392259,0.8393160149465995,0.0044692390303109,0.3233485962565721,0.4096172841195354,0.1634088671937933,0.1947336843326632,True
2026-06-01T18:52:43,32,17,320017,"ARX(2,2)",-181.68842164586687,381.3768432917337,411.7125855448827,True,0,2.6666199000438824,0.2819042720391727,0.2710750282365788,0.8407378762752251,0.0041539390076082,0.3233611470312539,0.4102127091639839,0.163345317132194,0.1944559663189148,True
2026-06-01T18:54:49,32,18,320018,"ARX(2,2)",-181.69225965028124,381.3845193005625,411.72026155371145,True,0,2.6993742252806974,0.2787727036961631,0.2693515478080175,0.855015078001253,0.0003658501510572,0.3216023323672008,0.412526137100414,0.1640299273849293,0.1953983861398475,True
2026-06-01T18:56:08,32,19,320019,"ARX(2,2)",-181.6884361888829,381.3768723777658,411.7126146309148,True,0,2.6636581318902435,0.2817169903685614,0.2713113453966766,0.840937521917652,0.0042095954850999,0.3230213013694721,0.4119388231263034,0.1632558271387079,0.1932951543118348,True
2026-06-01T18:57:25,32,20,320020,"ARX(2,2)",-181.6903030973668,381.3806061947336,411.7163484478826,True,0,2.70313080303601,0.280173996687431,0.2689977421553246,0.845967339636954,0.0026053449050974,0.3208340267449115,0.4105699486975789,0.1630318912596927,0.1987803780075725,True
2026-06-01T18:58:47,32,21,320021,"ARX(2,2)",-181.6884453708432,381.3768907416864,411.7126329948353,True,0,2.661294664701297,0.2819444359028641,0.2713818903159042,0.8404969088534691,0.0041734519069543,0.3236300363032339,0.4102270957853464,0.1634048692035354,0.194006170995779,True
2026-06-01T19:00:42,32,22,320022,"ARX(2,2)",-181.688635025474,381.3772700509479,411.7130123040969,True,0,2.6514350779382125,0.282410186168084,0.2720314887655244,0.8388064205700001,0.0041765743798313,0.323399029397308,0.409487018413968,0.1630979048504,0.195602354241895,True
2026-06-01T19:02:50,32,23,320023,"ARX(2,2)",-181.68848748576457,381.37697497152914,411.7127172246781,True,0,2.6694851444325063,0.2832561027427533,0.270874394568023,0.8382687214966008,0.004172530942862,0.3231052404771332,0.4089521243933554,0.1635670940849284,0.1956817216125851,True
2026-06-01T19:04:46,32,24,320024,"ARX(2,2)",-181.6885011539876,381.3770023079752,411.71274456112417,True,0,2.655469885037458,0.282056924818242,0.2718153735043696,0.8401915116033367,0.0043492136444662,0.3234001092114983,0.4105892285177218,0.1632360146444296,0.1939841828492054,True
2026-06-01T19:06:19,32,25,320025,"ARX(2,2)",-181.6889130034268,381.3778260068535,411.7135682600025,True,0,2.689771385550428,0.2831801441742486,0.2696180302082998,0.8383095033084332,0.004413612963191,0.3229162352166982,0.4101916526736051,0.1638161930239489,0.194117461762795,True
2026-06-01T19:08:03,32,26,320026,"ARX(2,2)",-181.6888036395424,381.3776072790848,411.71334953223374,True,0,2.6444210493784506,0.2815155739892512,0.2725342885684227,0.8410881783223813,0.0043088782916179,0.323349468342069,0.411519529517651,0.1629791515864598,0.1934887488538796,True
2026-06-01T19:09:46,32,27,320027,"ARX(2,2)",-181.6897077038634,381.3794154077268,411.7151576608758,True,0,2.690299505738937,0.2791362036424495,0.2695316083174117,0.848053060411629,0.0023067966867086,0.3225264280936994,0.4048122782085201,0.1637418805593081,0.2020882451074009,True
2026-06-01T19:11:15,32,28,320028,"ARX(2,2)",-181.68844090209063,381.37688180418127,411.71262405733023,True,0,2.664634425777394,0.2829117161218542,0.271191850971524,0.8387009547777894,0.0042322531426609,0.3233835275553053,0.4095155025055781,0.163333364043764,0.1950945149769714,True
2026-06-01T19:12:38,32,29,320029,"ARX(2,2)",-181.68842951449392,381.37685902898784,411.7126012821368,True,0,2.665914389089218,0.2820552641659504,0.2710782535418216,0.8405617011343485,0.0041046339762314,0.3233564597563875,0.4113487896136768,0.1632806415968791,0.193314982066394,True
2026-06-01T19:14:12,32,30,320030,"ARX(2,2)",-181.6884721010137,381.3769442020274,411.7126864551764,True,0,2.6705518509755075,0.2815840598743477,0.2708563871916353,0.8415052277165265,0.0042104492119801,0.3233147887563717,0.4090151941550498,0.1636779073737373,0.1952711835825379,True
2026-06-01T19:15:41,32,31,320031,"ARX(2,2)",-181.6884516683392,381.3769033366784,411.7126455898274,True,0,2.6608927508561577,0.2823985327036168,0.2714456912455578,0.8399060064362114,0.0044446992751418,0.3231926789806878,0.4106771341855174,0.1632323726788327,0.1940856729665085,True
2026-06-01T19:17:31,32,32,320032,"ARX(2,2)",-181.688523708827,381.377047417654,411.712789670803,True,0,2.6587443395512564,0.2812264096090154,0.2716118074554955,0.842527847960477,0.0042727382328806,0.3232116031652812,0.4103852089815033,0.1635365120933737,0.1942520203614658,True
2026-06-01T19:19:02,32,33,320033,"ARX(2,2)",-181.68845896658203,381.37691793316407,411.712660186313,True,0,2.659255159585983,0.2820501104449179,0.2715005270052167,0.8405279195986086,0.0040625371028685,0.3234103864654369,0.4099682148481854,0.1634956061826848,0.1945606339269616,True
2026-06-01T19:20:22,32,34,320034,"ARX(2,2)",-181.6885252893818,381.3770505787636,411.71279283191257,True,0,2.672170863318601,0.282838245574016,0.2706938345888064,0.8390831866659784,0.0041114006893249,0.3227911315497469,0.4132761194727871,0.163250422075127,0.1919807466924751,True
2026-06-01T19:21:55,32,35,320035,"ARX(2,2)",-181.6884203176068,381.3768406352136,411.7125828883625,True,0,2.6640912197359854,0.2821880136200636,0.2712423892592117,0.8399719826042723,0.0041609180018497,0.3232135482760436,0.410879146397362,0.1631627337672998,0.1942000323154012,True
2026-06-01T19:23:50,32,36,320036,"ARX(2,2)",-181.68853937006045,381.3770787401209,411.7128209932698,True,0,2.6626426109389194,0.2807964627111184,0.2713608001367183,0.8436356208206093,0.0035332804252702,0.3232229030679831,0.4087782624560763,0.1632551161674686,0.1968405186552431,True
2026-06-01T19:25:39,32,37,320037,"ARX(2,2)",-181.6884301299366,381.3768602598732,411.71260251302215,True,0,2.6690423113244486,0.2825468792442203,0.2709377680888813,0.8395222772539257,0.0043735814046988,0.323179741550688,0.4106471155411003,0.163344416855087,0.1939644467208978,True
2026-06-01T19:27:36,32,38,320038,"ARX(2,2)",-181.68845420364747,381.3769084072949,411.7126506604439,True,0,2.659182864769242,0.2818853334661326,0.2715618927950596,0.8408885758243878,0.0040476325044491,0.3233350199955102,0.4099655767518834,0.163211776583541,0.1949894030151052,True
2026-06-01T19:29:28,32,39,320039,"ARX(2,2)",-181.6884759037993,381.3769518075986,411.71269406074754,True,0,2.6576890661069803,0.2815984429456491,0.271702614989763,0.841354439661252,0.0041242891062987,0.3232767927927473,0.4109576283700087,0.1631313830302968,0.1941349597736466,True
2026-06-01T19:30:59,32,40,320040,"ARX(2,2)",-181.68842708641975,381.3768541728396,411.7125964259885,True,0,2.667716751731145,0.2821765307661521,0.2709955263874606,0.8400489444730153,0.0040125901776467,0.3230540193657233,0.410963511833454,0.1632821062536857,0.1943441591394721,True
2026-06-01T18:30:34,33,1,330001,"ARX(2,2)",-181.68857006764105,381.3771401352821,411.7128823884311,True,0,2.6776414980647214,0.2828249892663956,0.2703919430237361,0.8390636719883706,0.0044537696919306,0.3233191803930329,0.4088591246875278,0.1633271363907525,0.1955585628872981,True
2026-06-01T18:32:21,33,2,330002,"ARX(2,2)",-181.68852014556347,381.37704029112695,411.7127825442759,True,0,2.6574649586910573,0.2817259269137413,0.2716185433681788,0.8413587196425453,0.0036633430355668,0.3236331869957051,0.4085912518243798,0.1635757548475696,0.195948112870415,True
2026-06-01T18:33:46,33,3,330003,"ARX(2,2)",-181.69224898203092,381.3844979640619,411.72024021721086,True,0,2.6914179105245126,0.2771979811577157,0.269976694565185,0.8504235345104765,0.006370380842584,0.3241097574772574,0.4008582897081922,0.1636189882882736,0.1996399721195949,True
2026-06-01T18:35:51,33,4,330004,"ARX(2,2)",-181.6884548293688,381.3769096587376,411.71265191188655,True,0,2.668903183370889,0.2828794204586176,0.2709139313587187,0.8384102406395708,0.0044230411263695,0.3233563189031621,0.4091354711188854,0.1635262501040851,0.1950675072280727,True
2026-06-01T18:37:43,33,5,330005,"ARX(2,2)",-181.6886552936025,381.37731058720505,411.713052840354,True,0,2.6819027038931056,0.2826456561556004,0.2701781708464205,0.8390615292578026,0.0042765319120137,0.3227453499387815,0.4105742522240233,0.1635252540807613,0.1946034228144628,True
2026-06-01T18:39:56,33,6,330006,"ARX(2,2)",-181.69225207369823,381.38450414739646,411.7202464005454,True,0,2.721515499537782,0.2819465282636907,0.267570075488089,0.8443572583447325,0.0044717079979603,0.320901678693803,0.4192199760054518,0.1642802715092881,0.1865117505187923,True
2026-06-01T18:41:24,33,7,330007,"ARX(2,2)",-181.68844891828863,381.37689783657726,411.7126400897262,True,0,2.6591262528723294,0.2819089041506143,0.27155468249802,0.8406223943902489,0.0041441916005633,0.323259386035802,0.4110152363082668,0.16322387765754,0.1939167593726819,True
2026-06-01T18:43:00,33,8,330008,"ARX(2,2)",-181.6884623165589,381.3769246331179,411.7126668862669,True,0,2.659079538893188,0.2817099355544835,0.2715261663500564,0.8414479478528413,0.0039211992472262,0.3233336859150419,0.4099745466736346,0.1633880409203031,0.1948250810703713,True
2026-06-01T18:44:41,33,9,330009,"ARX(2,2)",-181.688782423912,381.377564847824,411.713307100973,True,0,2.684967155769816,0.2836826417201177,0.2699058634202039,0.8375825145875646,0.0043765707156902,0.3233730261297645,0.4089642223186773,0.1636696088875447,0.1950295336799894,True
2026-06-01T18:46:34,33,10,330010,"ARX(2,2)",-181.68844279916527,381.37688559833055,411.7126278514795,True,0,2.6623651915369577,0.2820506199457513,0.2714004881465149,0.8409456792447108,0.0043493990002614,0.3232149792311807,0.4102129631711474,0.1634006208167104,0.1943132558840776,True
2026-06-01T18:48:09,33,11,330011,"ARX(2,2)",-181.6884823017234,381.3769646034468,411.7127068565958,True,0,2.673283502731756,0.2829580652343386,0.2706348432293117,0.8387236350172833,0.004383972044988,0.3232718021112406,0.4101851176567343,0.1635977215367236,0.1940499333061716,True
2026-06-01T18:50:22,33,12,330012,"ARX(2,2)",-181.6885844464145,381.377168892829,411.712911145978,True,0,2.651435864060147,0.2816950953705469,0.2720482991945022,0.8410724072846526,0.0041317731921619,0.3234703312286232,0.4108377194466776,0.1632255803774758,0.1938743538496338,True
2026-06-01T18:52:16,33,13,330013,"ARX(2,2)",-181.68894317627883,381.37788635255765,411.7136286057066,True,0,2.69023004897574,0.2831858732938324,0.2695527708600045,0.8382723052413845,0.004164143620743,0.3229356628025026,0.4110586508053342,0.1635576116117007,0.1937178824141404,True
2026-06-01T18:54:06,33,14,330014,"ARX(2,2)",-181.6884334528452,381.3768669056904,411.7126091588393,True,0,2.6693948055348136,0.2822841432311688,0.2709250399408827,0.8400383900333196,0.0041138521473994,0.3231238158353192,0.4111192056371006,0.1634069086012836,0.1938698472396772,True
2026-06-01T18:55:41,33,15,330015,"ARX(2,2)",-181.6884871693603,381.3769743387206,411.7127165918696,True,0,2.6577514159174536,0.2814938066525338,0.2716328730568926,0.8411502665784815,0.003972739896042,0.3230428166409019,0.4111144496846321,0.1634144052588065,0.1940790078128778,True
2026-06-01T18:57:15,33,16,330016,"ARX(2,2)",-181.68872901950175,381.3774580390036,411.7132002921525,True,0,2.648783562348398,0.2807370800433233,0.2721511506340971,0.8426522689736324,0.0039537219756233,0.3236681747017792,0.4116773854917241,0.1631762015144947,0.1930165426971244,True
2026-06-01T18:59:27,33,17,330017,"ARX(2,2)",-181.68870755873047,381.37741511746094,411.7131573706099,True,0,2.659874618729231,0.2820172515060764,0.2714643203720632,0.841022361709994,0.0039312777569809,0.3241772475671756,0.4042199765431936,0.1635134829380713,0.199401163407512,True
2026-06-01T19:00:57,33,18,330018,"ARX(2,2)",-181.6894940933181,381.3789881866362,411.7147304397852,True,0,2.696682659672447,0.2805999871266857,0.2692447406011008,0.8451942981164628,0.0035321910702252,0.3224085514886078,0.4134411313161382,0.1637685893437666,0.1921327891267204,True
2026-06-01T19:02:22,33,19,330019,"ARX(2,2)",-181.6888055786824,381.3776111573648,411.7133534105138,True,0,2.644639059133072,0.2811221430341389,0.272501843529883,0.8419697806528419,0.0040702402094361,0.3233703841060047,0.4117239280438303,0.1630844626553125,0.1933408910579451,True
2026-06-01T19:03:42,33,20,330020,"ARX(2,2)",-181.6924135056013,381.3848270112027,411.7205692643517,True,0,2.59061666738254,0.2893103316182356,0.2749423952304858,0.8292003960509734,0.0076776828312156,0.3349846246394248,0.3970445167284359,0.1645119130638894,0.1879482228785299,True
2026-06-01T19:05:06,33,21,330021,"ARX(2,2)",-181.6885154752802,381.3770309505604,411.7127732037094,True,0,2.6553971990910807,0.2814785305182852,0.2718155896725627,0.8413170464609321,0.004303892282053,0.3231994604223341,0.4113404785188041,0.1631126129206936,0.193687146744635,True
2026-06-01T19:06:58,33,22,330022,"ARX(2,2)",-181.6885668488327,381.3771336976654,411.7128759508144,True,0,2.656296108908501,0.2824811646962409,0.2717436164029235,0.8391073497771693,0.0047114142377811,0.323614286335563,0.411623239501397,0.1636817207484841,0.1917564345276716,True
2026-06-01T19:08:26,33,23,330023,"ARX(2,2)",-181.68888773117675,381.3777754623535,411.71351771550246,True,0,2.683954584325049,0.2802711016438848,0.2700287000713898,0.843696945822311,0.0034832340917895,0.3226980217481928,0.4093319771428922,0.1634987682446158,0.1967840320525024,True
2026-06-01T19:09:56,33,24,330024,"ARX(2,2)",-181.68851596096692,381.3770319219339,411.71277417508287,True,0,2.6669393959108185,0.2808296054983382,0.2711456275698048,0.8437804086562937,0.0038593484969811,0.3230062590791544,0.4106939219343947,0.1635641865711292,0.1944175210438854,True
2026-06-01T19:11:12,33,25,330025,"ARX(2,2)",-181.6884162671243,381.3768325342486,411.7125747873976,True,0,2.6655265884945383,0.2822320253935075,0.2711382884234871,0.8402562633550265,0.0040286929110477,0.3232447684092323,0.4103352342944423,0.1633638079441143,0.1945260296660232,True
2026-06-01T19:12:44,33,26,330026,"ARX(2,2)",-181.68844142678356,381.3768828535671,411.712625106716,True,0,2.6616113015565284,0.281559805618922,0.2713601590660928,0.8414973148443567,0.0039466347046096,0.3232595743172567,0.4103847758669542,0.1632466294224174,0.1946828241243655,True
2026-06-01T19:14:25,33,27,330027,"ARX(2,2)",-181.6885219741921,381.3770439483842,411.7127862015332,True,0,2.6745526866236347,0.2814101202427322,0.2705882521994134,0.8416747135806227,0.0042496563843944,0.3231351045925287,0.4106373169343527,0.1636081524921089,0.1939938980716325,True
2026-06-01T19:16:53,33,28,330028,"ARX(2,2)",-181.6884311945925,381.3768623891851,411.7126046423341,True,0,2.664688897952073,0.2825217731134725,0.2712274013592722,0.839150545232156,0.0044399454918521,0.323390820485288,0.4108933105319164,0.1634367131388379,0.1933653329772358,True
2026-06-01T19:18:37,33,29,330029,"ARX(2,2)",-181.68842372911223,381.3768474582245,411.7125897113735,True,0,2.663366026851768,0.2821236055553764,0.2713060961177528,0.840343171190904,0.004055409159123,0.3232602480211491,0.4098920602000069,0.1633144653396775,0.1950491171379825,True
2026-06-01T19:20:42,33,30,330030,"ARX(2,2)",-181.68848868308896,381.3769773661779,411.7127196193269,True,0,2.672638767162641,0.2830587145018682,0.2706599355909183,0.8383455247316255,0.0041229813659854,0.3230201940886069,0.410164595618385,0.163565675259234,0.1946169504963563,True
2026-06-01T19:22:12,33,31,330031,"ARX(2,2)",-181.6884997358684,381.3769994717368,411.7127417248858,True,0,2.6725490938024,0.2823970163921738,0.2707101612047237,0.8400218387062334,0.0040941993668874,0.3228349656986615,0.4129558327136274,0.1633940047046465,0.1922259365030255,True
2026-06-01T19:23:29,33,32,330032,"ARX(2,2)",-181.6885054332394,381.3770108664788,411.7127531196278,True,0,2.667677211875776,0.2825283871144023,0.2710061656230402,0.8385671184875796,0.004348322804513,0.323142384683717,0.4120968809505672,0.1636988751900977,0.1921906430131925,True
2026-06-01T19:25:21,33,33,330033,"ARX(2,2)",-181.68958503899324,381.3791700779865,411.71491233113545,True,0,2.7029167089225403,0.2827334562960046,0.2688902619088245,0.8394935343711581,0.0042420630015664,0.3229059021539535,0.4074958101095719,0.164146285172829,0.1966976484342444,True
2026-06-01T19:26:45,33,34,330034,"ARX(2,2)",-181.68844507259948,381.37689014519896,411.7126323983479,True,0,2.668746771742727,0.2819262942045938,0.2709805811226771,0.8406897305231913,0.004102829295589,0.3228343237569113,0.4120387066724469,0.1634375575228818,0.1931983389799563,True
2026-06-01T19:28:24,33,35,330035,"ARX(2,2)",-181.69209744983533,381.38419489967066,411.7199371528196,True,0,2.703561793658777,0.2829440400170875,0.2688621409359001,0.8397516287245652,0.0042162624291136,0.3253777106549001,0.4202620168841973,0.1623515602390284,0.1828800371313957,True
2026-06-01T19:29:57,33,36,330036,"ARX(2,2)",-181.6922188294204,381.3844376588408,411.7201799119897,True,0,2.713905133040853,0.2807391066949348,0.2684196722799223,0.8395781758819326,0.0020845707966399,0.3185790811815326,0.4230441254129677,0.1627049916138754,0.1909488462810705,True
2026-06-01T19:31:27,33,37,330037,"ARX(2,2)",-181.68955765075063,381.3791153015013,411.7148575546503,True,0,2.683925016274972,0.2833022174568226,0.2703138580798445,0.8338406952948036,0.0045996805689924,0.3226082747034259,0.4107607612019008,0.1633358774734997,0.1956087613696728,True
2026-06-01T19:33:11,33,38,330038,"ARX(2,2)",-181.68850434149357,381.3770086829871,411.7127509361361,True,0,2.674030322599917,0.2832405730386652,0.2705819259782825,0.8383693205108524,0.0042887881015025,0.3232019364788364,0.4101395182944381,0.1634092866005408,0.194428128775238,True
2026-06-01T19:34:46,33,39,330039,"ARX(2,2)",-181.688491004138,381.376982008276,411.7127242614249,True,0,2.674818220783308,0.2825285073598426,0.2705473391233055,0.8396737961245943,0.0040983241908966,0.3231962789396874,0.4103950459144224,0.1634498968517582,0.1943565261681579,True
2026-06-01T19:36:49,33,40,330040,"ARX(2,2)",-181.68848013776247,381.37696027552494,411.7127025286739,True,0,2.673508310179604,0.2822911196037652,0.2706801328566016,0.8400970044443057,0.0042525330817157,0.3231576400607964,0.4093256556998506,0.1635386450957716,0.1953171323009994,True
2026-06-01T18:25:52,34,1,340001,"ARX(2,2)",-181.68855782025668,381.37711564051335,411.7128578936623,True,0,2.653127447952893,0.2814669286786149,0.2719658282453173,0.8412190575255334,0.0042201346617382,0.3234178625296013,0.4107927606817577,0.1630297087681081,0.1941500260106742,True
2026-06-01T18:27:14,34,2,340002,"ARX(2,2)",-181.6884167572445,381.376833514489,411.712575767638,True,0,2.665434582964989,0.282210925664952,0.2711547568422492,0.8401962871259806,0.0042425576418304,0.3232291879638937,0.4111075403910516,0.1633284062734856,0.1936400730945503,True
2026-06-01T18:28:38,34,3,340003,"ARX(2,2)",-181.68854516045383,381.37709032090766,411.7128325740566,True,0,2.65331811620717,0.2817105367007195,0.2719049032075701,0.8409788134376681,0.0039282667355779,0.3233268727898413,0.4106099224361089,0.1632364920833412,0.1944416123840439,True
2026-06-01T18:30:40,34,4,340004,"ARX(2,2)",-181.6888388424357,381.3776776848714,411.7134199380204,True,0,2.687982994607686,0.2825758387199099,0.269721822659876,0.839394631924921,0.0041607984379204,0.3230417926361437,0.4094227241186805,0.1635722864348127,0.1953718961863256,True
2026-06-01T18:32:23,34,5,340005,"ARX(2,2)",-181.688422594871,381.376845189742,411.712587442891,True,0,2.6641732011269728,0.2824772950523359,0.2712327556384631,0.8394189138553331,0.0042197222125188,0.3232529627408335,0.4101779170573731,0.1632537281615414,0.1946849032500495,True
2026-06-01T18:33:52,34,6,340006,"ARX(2,2)",-181.6884331521092,381.3768663042184,411.7126085573674,True,0,2.6611756512184086,0.282200704755108,0.2714087767746605,0.8400801239013226,0.0042220497378929,0.3232052379862046,0.4112487248429728,0.1632423566240243,0.1936627863192052,True
2026-06-01T18:35:30,34,7,340007,"ARX(2,2)",-181.6888550094557,381.3777100189113,411.7134522720603,True,0,2.6540646256115457,0.2832591225229237,0.2718189952455995,0.8372139136743649,0.0042854766979489,0.3247575966944049,0.4051086969605128,0.1635979259232728,0.1974701036103557,True
2026-06-01T18:37:21,34,8,340008,"ARX(2,2)",-181.68843971934183,381.37687943868366,411.7126216918326,True,0,2.667388598364236,0.2822363343480127,0.2709957503409811,0.8399325916103796,0.0041690426139787,0.3230112771434511,0.4121989200448251,0.163413804894019,0.1927624850337248,True
2026-06-01T18:39:59,34,9,340009,"ARX(2,2)",-181.68858609756543,381.3771721951309,411.7129144482799,True,0,2.653842065577824,0.2815039925515348,0.271991116477442,0.8419696743153522,0.0037300302277676,0.3231945403033727,0.4123276802039005,0.1632417430740272,0.1929779912218269,True
2026-06-01T18:41:32,34,10,340010,"ARX(2,2)",-181.6903644161152,381.3807288322304,411.7164710853794,True,0,2.708606957721404,0.2822362681461805,0.2683938541609655,0.8427616490115738,0.0030627156918382,0.3227736156918604,0.410707718889241,0.1652718053415312,0.1926848843792663,True
2026-06-01T18:44:01,34,11,340011,"ARX(2,2)",-181.6884347642752,381.3768695285504,411.71261178169937,True,0,2.667851201487247,0.2816868347845158,0.2710082558454927,0.8411904437900741,0.0038870430508755,0.3231424026209876,0.4100432042554304,0.1633724850926831,0.1951468642626689,True
2026-06-01T18:45:49,34,12,340012,"ARX(2,2)",-181.6885647465703,381.3771294931406,411.7128717462896,True,0,2.678192850480736,0.282792490259104,0.2703198051775861,0.8390426066648535,0.0041242523961593,0.3232990415834869,0.4097865692088462,0.16370908497589,0.1945636382076629,True
2026-06-01T18:47:15,34,13,340013,"ARX(2,2)",-181.6923854303532,381.3847708607064,411.7205131138553,True,0,2.5910746021216564,0.2893401422678579,0.2748952566423852,0.829039244576162,0.0075546773001453,0.3352049356884227,0.3955789833880901,0.1643917511889862,0.1895809377500692,True
2026-06-01T18:49:19,34,14,340014,"ARX(2,2)",-181.6884257867083,381.3768515734166,411.7125938265656,True,0,2.666551259500579,0.2822180477407363,0.2711407714084258,0.8402554347439303,0.0044260207659317,0.3231704719999255,0.410820500881321,0.1632505038173597,0.1939070681045367,True
2026-06-01T18:51:00,34,15,340015,"ARX(2,2)",-181.68896290659157,381.3779258131831,411.7136680663321,True,0,2.6714692912900597,0.2826891923167149,0.2705053769377551,0.8396521639652076,0.0035897894115538,0.3232048441610619,0.4073024837258704,0.1621547653356817,0.1989655164904057,True
2026-06-01T18:52:20,34,16,340016,"ARX(2,2)",-181.688437775362,381.376875550724,411.712617803873,True,0,2.669616297722474,0.2825361579043856,0.2708784911195689,0.8395822603282772,0.004218429977819,0.3233839695182652,0.4094706142462718,0.1634677994386985,0.1949098183276334,True
2026-06-01T18:53:58,34,17,340017,"ARX(2,2)",-181.68905219936585,381.3781043987317,411.7138466518807,True,0,2.638396284543177,0.2819315666200648,0.2728856851541735,0.8405233600075344,0.0042333083480214,0.3236312689459822,0.4108467516104364,0.1630172206352962,0.193768810140393,True
2026-06-01T18:55:39,34,18,340018,"ARX(2,2)",-181.68850403811385,381.3770080762277,411.7127503293766,True,0,2.659326967815423,0.2823159706893161,0.2715306168192956,0.8403400156062453,0.0036188890208896,0.3232439727038874,0.4112176167722363,0.1628074019646367,0.1945864063460912,True
2026-06-01T18:56:55,34,19,340019,"ARX(2,2)",-181.6884352579872,381.3768705159744,411.7126127691233,True,0,2.665458983744381,0.2814475582305057,0.2711681390048787,0.8417033348547117,0.004094075635836,0.3230232806934781,0.4110940864578284,0.1634318093534895,0.1939293846502499,True
2026-06-01T18:58:13,34,20,340020,"ARX(2,2)",-181.68852234026585,381.3770446805317,411.7127869336806,True,0,2.6671964463212463,0.2820045077765439,0.2711088990270127,0.8410106097258679,0.0036591154016818,0.322904491109187,0.4085106364493265,0.1631631096037476,0.1973099682066849,True
2026-06-01T18:59:54,34,21,340021,"ARX(2,2)",-181.68864152110632,381.37728304221264,411.7130252953616,True,0,2.673501571350356,0.2831194438883007,0.270591463715306,0.8370149367516203,0.0052373923026065,0.3237093800698622,0.4106379982653029,0.1637051609567236,0.1921048017952344,True
2026-06-01T19:01:13,34,22,340022,"ARX(2,2)",-181.6885138120296,381.3770276240591,411.7127698772081,True,0,2.6757902646511647,0.2826689051471062,0.2704532213736575,0.8395264099711041,0.0043426159910776,0.3232399334732661,0.4101115713612381,0.1635386292175008,0.1941695412038337,True
2026-06-01T19:03:07,34,23,340023,"ARX(2,2)",-181.6885706522894,381.3771413045788,411.71288355772776,True,0,2.6525950956274,0.2821274838832038,0.2719693672929374,0.8400114971777506,0.0042695857040573,0.3235167500067374,0.4093615613068035,0.163193782393617,0.1951845782828763,True
2026-06-01T19:04:45,34,24,340024,"ARX(2,2)",-181.68854194736204,381.3770838947241,411.71282614787305,True,0,2.6547030370633227,0.281169927278075,0.2718755172706021,0.8423640764573691,0.0040247048458203,0.3231376686617348,0.410827554120441,0.1631267507228454,0.1945194962789396,True
2026-06-01T19:06:32,34,25,340025,"ARX(2,2)",-181.68846073914168,381.37692147828335,411.7126637314323,True,0,2.6589937269323407,0.2817157176580065,0.2715445304679149,0.8407619014325882,0.0040670901582581,0.3233331568853372,0.4108550994127958,0.1631380152773979,0.1942660801668531,True
2026-06-01T19:07:59,34,26,340026,"ARX(2,2)",-181.68870577072383,381.3774115414477,411.7131537945967,True,0,2.647118123582375,0.281583090553669,0.2723472196183592,0.8411651393053632,0.0041080724877008,0.3233424497100048,0.4113553510117064,0.1630170363268565,0.1937932971699152,True
2026-06-01T19:09:36,34,27,340027,"ARX(2,2)",-181.68843099332813,381.3768619866563,411.7126042398053,True,0,2.666735943616229,0.2822982148554233,0.2711174629879934,0.8398515190324919,0.0044971326401579,0.3231279818938208,0.4114277627389581,0.1634651197136437,0.1930544654577725,True
2026-06-01T19:11:41,34,28,340028,"ARX(2,2)",-181.68843991025776,381.3768798205155,411.7126220736645,True,0,2.669978041704991,0.2825424318480737,0.270854718585285,0.8394656780298927,0.0040802965992079,0.3230862201755262,0.4103548856922974,0.163561217770652,0.1944296335846074,True
2026-06-01T19:13:05,34,29,340029,"ARX(2,2)",-181.68853204988488,381.37706409976977,411.71280635291873,True,0,2.6537408058467533,0.2819682761785872,0.2719113576432193,0.8403173756452237,0.0042007350341054,0.3234065986895499,0.410897253237509,0.1631134160653127,0.1940000012413486,True
2026-06-01T19:14:35,34,30,340030,"ARX(2,2)",-181.68843526492145,381.3768705298429,411.7126127829919,True,0,2.6694683556130485,0.2826780441948434,0.2708940353717385,0.8393038707186392,0.004263057230902,0.3232062116625402,0.4107989475951411,0.1634902840853918,0.1937284056781088,True
2026-06-01T19:16:28,34,31,340031,"ARX(2,2)",-181.6885234545168,381.3770469090336,411.7127891621825,True,0,2.65455318338017,0.2818513412771752,0.2718383098402822,0.8407952931135572,0.0040229022929012,0.3232492733979464,0.4102181784671259,0.1632261737370622,0.1947631220369558,True
2026-06-01T19:18:28,34,32,340032,"ARX(2,2)",-181.68871358740927,381.37742717481854,411.7131694279675,True,0,2.6714930912609383,0.281928841005348,0.2708408457238856,0.8397299693357481,0.0047538587023936,0.3230111102563192,0.4159783095857979,0.1633298657089955,0.1886733086332071,True
2026-06-01T19:20:12,34,33,340033,"ARX(2,2)",-181.6884367544776,381.3768735089552,411.7126157621041,True,0,2.670069339155918,0.2823230479027987,0.2708689683780815,0.8399792266187885,0.0043191973082724,0.3233061288176703,0.4099290607290957,0.1633691514128419,0.1946010441394589,True
2026-06-01T19:21:33,34,34,340034,"ARX(2,2)",-181.68858224908664,381.3771644981733,411.7129067513223,True,0,2.651566719802755,0.2817577201872154,0.272047759204153,0.840866851311666,0.0042238184996952,0.3233745569825176,0.4109933150105707,0.1632784168902001,0.1936914575104035,True
2026-06-01T19:24:06,34,35,340035,"ARX(2,2)",-181.68857158665267,381.3771431733053,411.7128854264543,True,0,2.6561896922114974,0.2821542196714999,0.2717965994886047,0.839827678606086,0.003620959975702,0.3232154684401742,0.4111779625670338,0.1627320386993294,0.1949761186149941,True
2026-06-01T19:25:44,34,36,340036,"ARX(2,2)",-181.68866249442803,381.37732498885606,411.713067242005,True,0,2.67820367843816,0.2821319153314709,0.2704010846776512,0.8400021462301085,0.0042696553270166,0.3226000529999511,0.4144674747905261,0.1633394762151636,0.1909715333419996,True
2026-06-01T19:26:47,34,37,340037,"ARX(2,2)",-181.6886201367217,381.3772402734434,411.7129825265924,True,0,2.6742192417732715,0.2828470455392375,0.2705351572863258,0.839894891669568,0.0036886350517695,0.3226797502816836,0.4114319869558074,0.1629221965652367,0.1949748559164717,True
2026-06-01T19:29:06,34,38,340038,"ARX(2,2)",-181.68877932702603,381.3775586540521,411.7133009072011,True,0,2.675172639064748,0.2840638634286586,0.2702942900514196,0.8360318062009363,0.0051768774254407,0.3232639931074464,0.4113127595290776,0.1635707256658988,0.1916816443342579,True
2026-06-01T19:30:24,34,39,340039,"ARX(2,2)",-181.6884680165313,381.3769360330625,411.7126782862115,True,0,2.6586808897292697,0.2826469882786562,0.271574482869966,0.8394347847626198,0.0041304286493951,0.3234494949525819,0.410321867908417,0.1631677418781627,0.1944601104795142,True
2026-06-01T19:32:12,34,40,340040,"ARX(2,2)",-181.6923897970992,381.3847795941985,411.7205218473474,True,0,2.5957740853200795,0.28942775266429,0.2745896026347343,0.8292163031450165,0.007516988046269,0.3350652239631298,0.3957536993523247,0.1645116779580041,0.1894336147261346,True
2026-06-01T18:26:41,35,1,350001,"ARX(2,2)",-181.6923889617068,381.3847779234136,411.72052017656256,True,0,2.591138722593349,0.2894882939209255,0.2749160678793651,0.8291712987118218,0.007563780422788,0.3351752395031459,0.3959572001534324,0.1643582657881669,0.1892278707059148,True
2026-06-01T18:27:49,35,2,350002,"ARX(2,2)",-181.68848338697475,381.3769667739495,411.71270902709847,True,0,2.6568279733497917,0.282385609210436,0.2716901821744531,0.8396152041874082,0.0042333252671897,0.3234459153489012,0.4108346577063594,0.1632072709076294,0.1937408606810699,True
2026-06-01T18:29:15,35,3,350003,"ARX(2,2)",-181.6897879980253,381.3795759960507,411.7153182491997,True,0,2.6830830027151844,0.2789572808518996,0.2703847658219832,0.8459200552651438,0.0022084007754798,0.3228108645788639,0.4099306598564167,0.1648868414867288,0.1962145196438652,True
2026-06-01T18:30:43,35,4,350004,"ARX(2,2)",-181.68879783526032,381.37759567052063,411.7133379236696,True,0,2.6530056023349613,0.283445189975908,0.2717492780245106,0.837871479930978,0.0040297025154583,0.3242847293352448,0.4104769846873692,0.1624081449781957,0.1938912828507537,True
2026-06-01T18:32:18,35,5,350005,"ARX(2,2)",-181.68844766533323,381.37689533066646,411.7126375838154,True,0,2.668569202703616,0.2824511295838902,0.2709470312397675,0.8393207819017762,0.0041568896873695,0.3230744998229628,0.4092926577614504,0.1635859195039702,0.1954524797594286,True
2026-06-01T18:33:49,35,6,350006,"ARX(2,2)",-181.68855024985845,381.3771004997169,411.71284275286587,True,0,2.653055716013993,0.28181029645646,0.2719694305807641,0.8409429214997678,0.0041223260638889,0.3233035053812674,0.4114846528851751,0.1632057174315383,0.1934938356706689,True
2026-06-01T18:35:46,35,7,350007,"ARX(2,2)",-181.68844662016696,381.376893240334,411.7126354934829,True,0,2.6697445333907424,0.282219621831889,0.2708733385939195,0.8403235861511205,0.0041901811459044,0.3232198460162896,0.4118241411726067,0.1632988184601202,0.1929416990922897,True
2026-06-01T18:38:09,35,8,350008,"ARX(2,2)",-181.6884854312597,381.3769708625193,411.7127131156683,True,0,2.6569395669281195,0.2818600300882956,0.2717045220563958,0.8407915372774422,0.0042074466264255,0.3233359587859057,0.4097143358002741,0.1632396719473061,0.1950580212249239,True
2026-06-01T18:40:15,35,9,350009,"ARX(2,2)",-181.688554133605,381.37710826721,411.712850520359,True,0,2.66328673453496,0.2833114533474837,0.2713347490637546,0.8375620885156007,0.004189485488282,0.3231731502170544,0.4138319285082864,0.1630006901522345,0.1915032633246219,True
2026-06-01T18:41:35,35,10,350010,"ARX(2,2)",-181.69239755180124,381.38479510360247,411.7205373567514,True,0,2.5954438506113533,0.2892073431317333,0.2746161438393068,0.8296595432436941,0.0074250832629839,0.3350616294098449,0.3963060911483414,0.1643297526009271,0.1891035925642087,True
2026-06-01T18:43:14,35,11,350011,"ARX(2,2)",-181.6885436612543,381.3770873225086,411.7128295756576,True,0,2.6772097790754823,0.2829380535129727,0.2704207094203291,0.8388697972762141,0.0043126805041963,0.3231435557751672,0.4109297473315159,0.1635048622779867,0.1935701864714934,True
2026-06-01T18:44:30,35,12,350012,"ARX(2,2)",-181.69220656207807,381.38441312415614,411.7201553773051,True,0,2.7328800467900773,0.2804551524154474,0.2673430467130993,0.8450730371844706,0.0037631473413903,0.3214483084632916,0.4140589117822799,0.162383557532335,0.1946979845889839,True
2026-06-01T18:46:13,35,13,350013,"ARX(2,2)",-181.68861559956875,381.3772311991375,411.71297345228646,True,0,2.6508624647326364,0.2814000960899059,0.2720815777479125,0.8414893780187712,0.0039740899942816,0.3236249122879158,0.4099291147033291,0.1632322289837589,0.194740197953756,True
2026-06-01T18:47:48,35,14,350014,"ARX(2,2)",-181.6886225918236,381.3772451836471,411.7129874367961,True,0,2.679610382968157,0.2832005189158014,0.2702232214422206,0.838072591421801,0.0041216228642854,0.3231344160200322,0.4088977548851724,0.163619995302067,0.195776075023481,True
2026-06-01T18:49:31,35,15,350015,"ARX(2,2)",-181.68849705485547,381.37699410971095,411.7127363628599,True,0,2.6583745113070814,0.281239012264751,0.2716490348945882,0.8419833903599664,0.0038245399236747,0.3233952353724512,0.409765302740495,0.1632414860545911,0.1953010858374953,True
2026-06-01T18:51:30,35,16,350016,"ARX(2,2)",-181.68848561383572,381.3769712276715,411.71271348082047,True,0,2.662736326715382,0.2820886756012266,0.2713707623831036,0.8394340450022384,0.0049755987454587,0.3234658135640288,0.4100132558025973,0.1634893785996704,0.1937707495443043,True
2026-06-01T18:53:00,35,17,350017,"ARX(2,2)",-181.68855015592575,381.3771003118516,411.7128425650005,True,0,2.676571338581381,0.2827472340638377,0.2704585980387001,0.8392513584462834,0.004587325104095,0.3230521552806982,0.4118032449742717,0.1633245431209814,0.1926749608949834,True
2026-06-01T18:54:25,35,18,350018,"ARX(2,2)",-181.68847503447603,381.37695006895206,411.712692322101,True,0,2.663622579163916,0.2809688577477702,0.2712724933402343,0.8431117484241605,0.0037781412209726,0.3230759625420143,0.4107825644687902,0.163433737173028,0.1943408259701863,True
2026-06-01T18:55:58,35,19,350019,"ARX(2,2)",-181.6924146847816,381.3848293695632,411.7205716227121,True,0,2.588361603985544,0.2887777120152404,0.2750670958911527,0.8300927565968117,0.0074665793286068,0.3351858879387757,0.395896749886203,0.1643810047066819,0.189383217000165,True
2026-06-01T18:57:31,35,20,350020,"ARX(2,2)",-181.68846130469697,381.37692260939394,411.7126648625429,True,0,2.668694486903297,0.2830351703944,0.2709893579205684,0.8386117120595918,0.004511985576788,0.3235176452784641,0.4093806378686659,0.1636087686695369,0.1944976692173801,True
2026-06-01T18:59:34,35,21,350021,"ARX(2,2)",-181.68930472820736,381.3786094564147,411.7143517095637,True,0,2.663287151707202,0.2819740775775817,0.2717407440019159,0.8377970405321842,0.0057631244320656,0.3219013391163002,0.4171465076877978,0.162641722130344,0.1887301117249366,True
2026-06-01T19:01:26,35,22,350022,"ARX(2,2)",-181.6884565872951,381.3769131745902,411.7126554277392,True,0,2.6641068194397035,0.2822578215727603,0.2712123250485156,0.839845300697574,0.004680054786944,0.3233796952888185,0.4096940348305002,0.1632035162646882,0.1944310177039839,True
2026-06-01T19:02:54,35,23,350023,"ARX(2,2)",-181.6884373302433,381.3768746604866,411.71261691363554,True,0,2.661454377163969,0.2817565235353609,0.2714153337425243,0.8411825905430289,0.0040714850460473,0.3232320917095207,0.4099064580567508,0.1633727307706352,0.1949176443612658,True
2026-06-01T19:04:14,35,24,350024,"ARX(2,2)",-181.68881083841333,381.37762167682666,411.7133639299756,True,0,2.6866415342574173,0.2819973025327254,0.2698366986745222,0.8410476654742103,0.0043054530590456,0.3230765090585513,0.4094342993625215,0.1635337287682215,0.1950967264004194,True
2026-06-01T19:05:35,35,25,350025,"ARX(2,2)",-181.6884915556064,381.3769831112127,411.7127253643617,True,0,2.659737881021884,0.2832572472910721,0.2715521028258295,0.8378359744210262,0.0043841240170948,0.3233520647365885,0.4102421587066994,0.1632483650600996,0.1943941180980264,True
2026-06-01T19:07:23,35,26,350026,"ARX(2,2)",-181.68869184027653,381.37738368055307,411.713125933702,True,0,2.681380963292716,0.2836413901011196,0.2701616576380278,0.8373504908393399,0.0045139628810329,0.3228368517484087,0.4119908705106666,0.1635009747390252,0.1927012118752561,True
2026-06-01T19:08:59,35,27,350027,"ARX(2,2)",-181.69224182537928,381.3844836507585,411.7202259039075,True,0,2.705967684926136,0.2732799754711238,0.2689219978973077,0.8568032953382513,0.0019018966186294,0.3199062466561022,0.4114057907247448,0.1629090635296854,0.2005975237762354,True
2026-06-01T19:10:28,35,28,350028,"ARX(2,2)",-181.6888153428108,381.3776306856216,411.7133729387706,True,0,2.667038908437806,0.2826355247314103,0.2710327336990266,0.8365777285529565,0.0052888764599065,0.3223849572791564,0.4144710665886079,0.1636620041621459,0.1903372060918776,True
2026-06-01T19:12:07,35,29,350029,"ARX(2,2)",-181.6889078474101,381.3778156948202,411.7135579479692,True,0,2.688187717555427,0.2823940899783966,0.2696924263328706,0.8404156766832965,0.0038427971845657,0.3223266489099559,0.4105251915964801,0.1638055317985453,0.1947840814219393,True
2026-06-01T19:13:17,35,30,350030,"ARX(2,2)",-181.6885394887666,381.3770789775332,411.71282123068215,True,0,2.6549830614404217,0.2815284277860964,0.2718355626575469,0.8407121208326542,0.0042369633432559,0.3230897488935478,0.4108839108173787,0.1633825607093149,0.194013337614031,True
2026-06-01T19:14:42,35,31,350031,"ARX(2,2)",-181.69238457815607,381.3847691563121,411.7205114094611,True,0,2.592622807382817,0.2895089391928167,0.274780936254354,0.8286633621733379,0.0075872851175168,0.3351842050436134,0.3951500634610006,0.1644711439296706,0.1899109931953309,True
2026-06-01T19:16:05,35,32,350032,"ARX(2,2)",-181.68879591721625,381.3775918344325,411.7133340875814,True,0,2.6457146517651795,0.2808517938385736,0.2723932449299002,0.8428373947258885,0.0036551241818548,0.3232869196664313,0.4120411351030548,0.1631226160157996,0.1933733455408269,True
2026-06-01T19:17:43,35,33,350033,"ARX(2,2)",-181.6886095900761,381.3772191801522,411.7129614333012,True,0,2.669353850042941,0.2830288578508698,0.270872334246978,0.8389844486991862,0.0042063412454636,0.3223855421207832,0.4150050465731883,0.1633315295260846,0.190564563250468,True
2026-06-01T19:18:59,35,34,350034,"ARX(2,2)",-181.68877321118163,381.37754642236325,411.7132886755122,True,0,2.6470005724441488,0.2813015759826535,0.2723629565846187,0.8414863929944258,0.0038902427231215,0.3228706089532379,0.4137092527659595,0.1627649479571103,0.1925695486467805,True
2026-06-01T19:20:26,35,35,350035,"ARX(2,2)",-181.6922497938952,381.3844995877904,411.72024184093937,True,0,2.6918196653343123,0.2812987080559713,0.2698278526261085,0.8360633017635699,0.0027294377433193,0.3192470711975483,0.4205556738412715,0.1609259746037175,0.1945456474097627,True
2026-06-01T19:22:37,35,36,350036,"ARX(2,2)",-181.68843827228807,381.37687654457625,411.7126187977252,True,0,2.666344277604859,0.281791855040828,0.271071097570995,0.840852700072478,0.0038361326731174,0.3231756385886575,0.4098763741303974,0.1632490406082957,0.1955102526458772,True
2026-06-01T19:23:43,35,37,350037,"ARX(2,2)",-181.6885487632429,381.3770975264858,411.7128397796348,True,0,2.6767905822343776,0.2821436608045767,0.2704313009320861,0.8400929744794667,0.0042857100971788,0.3225986738385124,0.4111820839481332,0.1634940770378098,0.1941374421905705,True
2026-06-01T19:25:53,35,38,350038,"ARX(2,2)",-181.69061430366884,381.3812286073377,411.7169708604866,True,0,2.6779719674648583,0.2836302256374575,0.2705518993960479,0.8349784035799166,0.0045132737352553,0.3248067693232466,0.3940167979789905,0.164369337495003,0.2082416247892723,True
2026-06-01T19:27:23,35,39,350039,"ARX(2,2)",-181.68842614874416,381.3768522974883,411.7125945506373,True,0,2.663134487862912,0.2818217623149935,0.2713105191135241,0.8409866167999317,0.0041012202925918,0.3231469880199638,0.4114505788371734,0.1633090055071456,0.1935286654153164,True
2026-06-01T19:29:08,35,40,350040,"ARX(2,2)",-181.68847602839097,381.37695205678193,411.7126943099309,True,0,2.6578098235670837,0.2823420543115552,0.271648967276889,0.8397512435451049,0.0042857535173824,0.3234063378594656,0.4094787364496502,0.1633517625082603,0.1949775587565764,True
2026-06-01T18:22:19,36,1,360001,"ARX(2,2)",-181.6900873662655,381.380174732531,411.71591698568,True,0,2.6948910615946957,0.2778985972290133,0.2694108672909641,0.850839972456435,0.002451652154266,0.3226113842677093,0.4125220550450266,0.1632898352988236,0.1950291972270348,True
2026-06-01T18:23:48,36,2,360002,"ARX(2,2)",-181.68841964377023,381.37683928754046,411.7125815406894,True,0,2.6634857826358798,0.2822720911540673,0.2712722440401629,0.8399098220427402,0.0041399942254831,0.3231940903188289,0.4107811922812122,0.1633123059553761,0.1941789256145767,True
2026-06-01T18:25:38,36,3,360003,"ARX(2,2)",-181.6888034360144,381.3776068720288,411.7133491251777,True,0,2.6864411758322504,0.2833862633331552,0.2698318353573822,0.8379936800577593,0.0044631993755172,0.3230077340829109,0.4107718520376399,0.1636103847424374,0.1936731038508791,True
2026-06-01T18:27:10,36,4,360004,"ARX(2,2)",-181.6884267447577,381.3768534895154,411.7125957426644,True,0,2.662344008841317,0.281999128502408,0.271339823357152,0.8404821260978534,0.004161060612249,0.3234278060501335,0.4100693936386999,0.163301713415204,0.1945901232021339,True
2026-06-01T18:28:53,36,5,360005,"ARX(2,2)",-181.6888078556932,381.3776157113864,411.71335796453536,True,0,2.646751695784633,0.282000469237799,0.2722650234738234,0.8394400543523184,0.0045315976591413,0.3230493132154523,0.4131837782631403,0.1631415417306138,0.1918259857702696,True
2026-06-01T18:30:33,36,6,360006,"ARX(2,2)",-181.68843004148505,381.3768600829701,411.7126023361191,True,0,2.6680624254519394,0.2823475968360109,0.2710108961939568,0.8398273834459641,0.004534025992551,0.3231721973451085,0.410907548106687,0.1633439072107371,0.1936134377011603,True
2026-06-01T18:32:10,36,7,360007,"ARX(2,2)",-181.68843217900556,381.3768643580111,411.71260661116,True,0,2.668938374368117,0.2823644495602537,0.2709474772088526,0.8397439984074584,0.0043161450314268,0.3231298862969823,0.4114695165197163,0.1632684336052689,0.1933920561240944,True
2026-06-01T18:33:22,36,8,360008,"ARX(2,2)",-181.68845459108303,381.37690918216606,411.712651435315,True,0,2.672186572873538,0.282246781448939,0.2707157778278454,0.840159506954736,0.0040822280438786,0.3230439749607641,0.4103922588238918,0.1634300482138332,0.1946017718899646,True
2026-06-01T18:34:38,36,9,360009,"ARX(2,2)",-181.6884675116565,381.3769350233131,411.7126772764621,True,0,2.66365036751408,0.2830722780354376,0.2712713070782954,0.8384301908587001,0.0043914024755438,0.3228746946811894,0.4114604667124013,0.1633407467178938,0.1934306363206999,True
2026-06-01T18:36:29,36,10,360010,"ARX(2,2)",-181.68887821673556,381.3777564334711,411.71349868662,True,0,2.643482329463232,0.282438804153967,0.2725572486951895,0.8393433954151559,0.0044305161301429,0.3234342259930736,0.4130208256653503,0.1630841850721504,0.1915696799464983,True
2026-06-01T18:38:31,36,11,360011,"ARX(2,2)",-181.68859774872504,381.37719549745,411.712937750599,True,0,2.679845830317153,0.2828451175485189,0.2702487022614916,0.8392485985471023,0.0042379688366143,0.322908640817809,0.4107417065270458,0.163473671221913,0.1941194295986046,True
2026-06-01T18:40:17,36,12,360012,"ARX(2,2)",-181.6885463321277,381.3770926642554,411.7128349174044,True,0,2.6758654942800835,0.2834166857302312,0.2704428860364269,0.8379461456944476,0.0043400542188884,0.3233646543385189,0.4104683071173836,0.1634875017228922,0.1936970692762107,True
2026-06-01T18:41:46,36,13,360013,"ARX(2,2)",-181.6885016207573,381.3770032415146,411.7127454946637,True,0,2.65553009813019,0.2818912935730835,0.2717956979559109,0.8405742773251135,0.0040299630268703,0.3234172002808648,0.4105053728216232,0.1632207241519653,0.1943506287224726,True
2026-06-01T18:43:12,36,14,360014,"ARX(2,2)",-181.689142087377,381.378284174754,411.714026427903,True,0,2.6721164859585715,0.2783560778955171,0.2707911688945587,0.8495227461407706,0.0030099978337985,0.3226438040057606,0.4141692151983758,0.1629700201285599,0.1926069308428379,True
2026-06-01T18:46:40,36,15,360015,"ARX(2,2)",-181.68866855612453,381.37733711224905,411.713079365398,True,0,2.671859467335849,0.2811510511873928,0.2707930955496731,0.8431437290332551,0.0045420876464256,0.3238170774292936,0.4077776212087606,0.1640953604701431,0.1948442605894406,True
2026-06-01T18:48:02,36,16,360016,"ARX(2,2)",-181.68922023630984,381.3784404726197,411.7141827257687,True,0,2.696003965056168,0.2832729323345723,0.2692745697224589,0.8389669258604983,0.0040209104315033,0.3226212454719512,0.4107099800944895,0.1638872003450845,0.1940413470377927,True
2026-06-01T18:49:31,36,17,360017,"ARX(2,2)",-181.6884929023709,381.3769858047418,411.7127280578908,True,0,2.657990198860009,0.2826087307200834,0.271639305803762,0.8393369757696548,0.0046648965852705,0.3236847054128734,0.4101642359863792,0.1633366773591201,0.1935268875129671,True
2026-06-01T18:51:05,36,18,360018,"ARX(2,2)",-181.6884437369377,381.3768874738754,411.7126297270244,True,0,2.6609030232149866,0.2818011109849808,0.2714302237778438,0.8408042691261238,0.0039774932174726,0.3230515282617485,0.4104008510176142,0.1632749847367392,0.1948900464838454,True
2026-06-01T18:53:33,36,19,360019,"ARX(2,2)",-181.6884734693881,381.3769469387762,411.7126891919252,True,0,2.658666421214392,0.2816372749735347,0.2715729361813433,0.8415990966437005,0.0039266371045663,0.3232326433428384,0.4115557229373842,0.1634218180741699,0.1933202489505172,True
2026-06-01T18:55:11,36,20,360020,"ARX(2,2)",-181.68859758792564,381.3771951758513,411.71293742900025,True,0,2.6599548198086294,0.2805066354883571,0.2714567710131535,0.8437336446546855,0.0041941045207536,0.3236622808590969,0.4082789066523615,0.163398343038308,0.1957424036401952,True
2026-06-01T18:56:40,36,21,360021,"ARX(2,2)",-181.68853354406085,381.3770670881217,411.71280934127066,True,0,2.653779746133911,0.2818088852279839,0.2718897746893983,0.8407842189796947,0.0040469171102931,0.3232302634018168,0.4112681193333045,0.1631111290639897,0.1939416070305241,True
2026-06-01T18:58:33,36,22,360022,"ARX(2,2)",-181.6884424221452,381.3768848442904,411.7126270974394,True,0,2.664162877462554,0.2817545148000931,0.2712549939020962,0.8410213053410962,0.0039070202425694,0.3229470044709708,0.4110488391229906,0.1630378898295077,0.1946606148022425,True
2026-06-01T18:59:55,36,23,360023,"ARX(2,2)",-181.68843126401592,381.37686252803184,411.7126047811808,True,0,2.662428211339825,0.2819211260780265,0.2713440029360779,0.840883202101078,0.0040464462583297,0.3231135706842103,0.4115389038547143,0.1633858795380359,0.1934474652466967,True
2026-06-01T19:01:48,36,24,360024,"ARX(2,2)",-181.68872738066216,381.3774547613243,411.7131970144733,True,0,2.684612008060431,0.2826900294239315,0.2699258511585029,0.8392451794812827,0.004273192420886,0.3232412305742348,0.4093318508238708,0.1637873364469427,0.1948192100684811,True
2026-06-01T19:03:36,36,25,360025,"ARX(2,2)",-181.68859188863652,381.3771837772731,411.71292603042207,True,0,2.679531957772597,0.2828988200493665,0.2702708013568196,0.8388274464043827,0.0045451230895846,0.3231796753983251,0.4098827448435936,0.163572154691143,0.1943278110614471,True
2026-06-01T19:05:14,36,26,360026,"ARX(2,2)",-181.6884825222098,381.3769650444196,411.71270729756856,True,0,2.6728426890881853,0.2828328416569974,0.2706477533524594,0.8389508600947012,0.0043498915678253,0.3234965254378213,0.4091274534608908,0.1635424208106201,0.1948788459974206,True
2026-06-01T19:06:31,36,27,360027,"ARX(2,2)",-181.68845124542048,381.37690249084096,411.7126447439899,True,0,2.659820608738225,0.2818183600955655,0.2715108257617139,0.8411971085890663,0.0040276646243304,0.3233152770939166,0.4113913624665011,0.163282486737249,0.1934293898248862,True
2026-06-01T19:08:13,36,28,360028,"ARX(2,2)",-181.68865848186425,381.3773169637285,411.7130592168775,True,0,2.671359695287118,0.2824854889204737,0.2707419089510723,0.8396951378284605,0.0038875293693698,0.323755611360975,0.4047559696825593,0.1636166391141273,0.1994262139643987,True
2026-06-01T19:09:29,36,29,360029,"ARX(2,2)",-181.68850353772012,381.3770070754403,411.71274932858927,True,0,2.6557188057953427,0.2816100758814739,0.2717812586374725,0.8413777182529817,0.0040211880862915,0.3233119868277014,0.4100917913429869,0.1632643066377238,0.1948451000563907,True
2026-06-01T19:10:52,36,30,360030,"ARX(2,2)",-181.6884337821201,381.3768675642402,411.71260981738914,True,0,2.6609229134683328,0.2819203109563354,0.2714382303254683,0.8408592445151789,0.0041436866604308,0.3233102505747259,0.4105458056777987,0.1632839283281733,0.1942370673512551,True
2026-06-01T19:12:35,36,31,360031,"ARX(2,2)",-181.6885129605693,381.3770259211387,411.7127681742877,True,0,2.670182645117592,0.2832243393985481,0.2708021742858165,0.8377624743312889,0.0046364675336678,0.3238557097605768,0.4084228073535788,0.1635962406151815,0.1949414573997032,True
2026-06-01T19:14:07,36,32,360032,"ARX(2,2)",-181.6884829641852,381.3769659283704,411.71270818151936,True,0,2.6692766434716177,0.2822884904446356,0.2708534821959102,0.8391852662532765,0.0041050669198793,0.3229365070557524,0.4112587961648056,0.1629747071534146,0.1944010998598902,True
2026-06-01T19:15:32,36,33,360033,"ARX(2,2)",-181.68855778060893,381.37711556121786,411.7128578143668,True,0,2.661268155971888,0.2819811462656315,0.2714755845925322,0.8396693010552709,0.0049033531687246,0.3227998490931418,0.4127562468998278,0.162547357688183,0.1929646071833018,True
2026-06-01T19:16:47,36,34,360034,"ARX(2,2)",-181.6884394067995,381.376878813599,411.712621066748,True,0,2.6659708093491874,0.2823792808936862,0.2710689848283729,0.840107192013052,0.0042371042290351,0.3235542745069459,0.4089757368213585,0.1635746092406179,0.1950402973632731,True
2026-06-01T19:19:13,36,35,360035,"ARX(2,2)",-181.6923862501426,381.3847725002852,411.7205147534341,True,0,2.5917009522511125,0.2896029882190328,0.2748669233636439,0.8287603749546721,0.0076557375862605,0.3353114685206186,0.3957277778823288,0.1644457596937725,0.1890742609814991,True
2026-06-01T19:20:44,36,36,360036,"ARX(2,2)",-181.6884271508861,381.3768543017722,411.7125965549212,True,0,2.661886883955336,0.2822676742699377,0.2713658305271427,0.8399125402475883,0.0041809936595647,0.3232800078377869,0.4104830871141799,0.1633607352802977,0.1942737194017443,True
2026-06-01T19:22:19,36,37,360037,"ARX(2,2)",-181.68847145626643,381.37694291253285,411.7126851656818,True,0,2.672881880973197,0.2824947480817372,0.2706610672662774,0.8399074899082662,0.0041437706451971,0.3230854581338391,0.411105002996788,0.1636049692492196,0.1934921164522908,True
2026-06-01T19:24:06,36,38,360038,"ARX(2,2)",-181.68844866582825,381.3768973316565,411.7126395848054,True,0,2.6592926198029168,0.2819127422457839,0.2715780294099258,0.8405516162195,0.0041572413467587,0.3231883013517042,0.4109071984673949,0.1632347654565746,0.1941510742387557,True
2026-06-01T19:26:03,36,39,360039,"ARX(2,2)",-181.6884708704892,381.3769417409784,411.71268399412736,True,0,2.6573624366052093,0.281986954773516,0.2716650798847382,0.8407085090305614,0.0040334424653853,0.3233883047677471,0.4107221479313619,0.1632224200794663,0.1941342508389053,True
2026-06-01T19:27:14,36,40,360040,"ARX(2,2)",-181.6890479919685,381.3780959839369,411.7138382370859,True,0,2.690745317736639,0.2838536173891571,0.2695488906429243,0.8368783676471604,0.0046012979975548,0.3232075514747604,0.4070342737805569,0.1638565188313444,0.1968351008788588,True
2026-06-01T18:24:09,37,1,370001,"ARX(2,2)",-181.6884263468911,381.3768526937822,411.7125949469312,True,0,2.665592236838202,0.2824557133165805,0.2711383864648649,0.8396198130745957,0.0043878093559848,0.323556601687929,0.4102158326752105,0.1633532350439051,0.1939379628934995,True
2026-06-01T18:25:54,37,2,370002,"ARX(2,2)",-181.6885174297069,381.3770348594138,411.7127771125628,True,0,2.6547801364071413,0.28195749411943,0.2718936435706375,0.840455940678448,0.0040800420132831,0.3233651572912919,0.4108941759570823,0.1631993605040517,0.1941011186590147,True
2026-06-01T18:28:03,37,3,370003,"ARX(2,2)",-181.68849587440917,381.3769917488183,411.7127340019673,True,0,2.657159583295213,0.2818673737442995,0.2717089211172284,0.840427274680869,0.0042549026227148,0.3235098052618758,0.4092764871252774,0.1634662656185758,0.1951363278104263,True
2026-06-01T18:29:42,37,4,370004,"ARX(2,2)",-181.6885709701137,381.3771419402273,411.7128841933763,True,0,2.653375649490769,0.2828727237560892,0.2719455661659409,0.838302624555163,0.0045040333684698,0.3234896867771822,0.4103613661283911,0.1632028764301531,0.194036892637033,True
2026-06-01T18:31:18,37,5,370005,"ARX(2,2)",-181.6923872523126,381.3847745046252,411.7205167577742,True,0,2.59105603588028,0.2894269852771889,0.2749050168762874,0.8291079537136937,0.007475392512879,0.3351791017077331,0.3961070547941493,0.1643513955888305,0.189184553132769,True
2026-06-01T18:33:07,37,6,370006,"ARX(2,2)",-181.68846252401943,381.3769250480389,411.7126673011879,True,0,2.662599812349136,0.2821342969399135,0.271345955627059,0.8402371264950282,0.0042601746607413,0.3236081201859862,0.4081038867405605,0.1633673784453207,0.196174993407252,True
2026-06-01T18:34:21,37,7,370007,"ARX(2,2)",-181.68869794125823,381.3773958825165,411.7131381356655,True,0,2.683562696011234,0.282578628704028,0.2700036288086724,0.8394768889122638,0.0042898623216488,0.3231424621290374,0.4101267795315084,0.1633317923652623,0.1946953638262161,True
2026-06-01T18:35:44,37,8,370008,"ARX(2,2)",-181.68927768684324,381.3785553736865,411.71429762683545,True,0,2.6550751907326844,0.2780886197209475,0.2720638612148082,0.8473543627034703,0.0051020287416752,0.3229022105497083,0.4137814821854982,0.1630576873419847,0.1911671518122085,True
2026-06-01T18:36:59,37,9,370009,"ARX(2,2)",-181.6888372234842,381.3776744469684,411.71341670011736,True,0,2.6862794233581635,0.2839212584893936,0.2698181940113713,0.8370317611088169,0.0044606280204665,0.3232842648452498,0.4091958762062463,0.163648978016427,0.1947996784476919,True
2026-06-01T18:38:20,37,10,370010,"ARX(2,2)",-181.68844789967773,381.37689579935545,411.7126380525044,True,0,2.6594035733243317,0.2820651110212454,0.2715378189361922,0.8405453889305005,0.0040260330483646,0.3233451259418097,0.4108210614221325,0.1631630562581683,0.1941750372720043,True
2026-06-01T18:39:56,37,11,370011,"ARX(2,2)",-181.68848559360012,381.3769711872003,411.71271344034926,True,0,2.671765600383616,0.2819989706559393,0.2707306700069884,0.84116413036159,0.0039567729164691,0.3235386288851007,0.4091419703745962,0.1637694058710976,0.1949380570788361,True
2026-06-01T18:41:46,37,12,370012,"ARX(2,2)",-181.68842847726515,381.3768569545303,411.71259920767926,True,0,2.6650423171380893,0.2822024602603631,0.2711829913244478,0.8396902771783902,0.0041018880248897,0.3231791568464436,0.4103820412030701,0.1633765470518596,0.1946913805667965,True
2026-06-01T18:43:10,37,13,370013,"ARX(2,2)",-181.69244183589683,381.38488367179366,411.7206259249426,True,0,2.7409045417434688,0.2824884377366433,0.2667260601142409,0.840001726465348,0.0035348300936476,0.3212881234162757,0.4113038486180708,0.1637283478141041,0.1958401056761017,True
2026-06-01T18:44:50,37,14,370014,"ARX(2,2)",-181.68854949159305,381.3770989831861,411.7128412363351,True,0,2.660195044787875,0.2835070382328116,0.271441132559824,0.8385176660441582,0.0040773477432729,0.3237687594355983,0.4095783424682272,0.1630375830895915,0.1947022904994806,True
2026-06-01T18:46:17,37,15,370015,"ARX(2,2)",-181.6889696357504,381.3779392715009,411.7136815246498,True,0,2.691128054453357,0.2828654807465172,0.2695257308454313,0.8392335332546078,0.0044696841033708,0.323115923797161,0.4094298387566385,0.163886060880688,0.1944177036464588,True
2026-06-01T18:48:02,37,16,370016,"ARX(2,2)",-181.6890141215517,381.3780282431034,411.7137704962524,True,0,2.6411657926813232,0.2810174458363259,0.2727986755513401,0.8430017191961403,0.0038818322901987,0.3235863065574539,0.4105397368550711,0.1636712902431834,0.193728204370938,True
2026-06-01T18:49:46,37,17,370017,"ARX(2,2)",-181.68850771006916,381.3770154201383,411.7127576732872,True,0,2.6562535303735526,0.2815491137736746,0.2717728733700046,0.8419173839983481,0.00400510905902,0.3233790542968311,0.4101307265214584,0.1634058057215973,0.1944886831198246,True
2026-06-01T18:51:21,37,18,370018,"ARX(2,2)",-181.689268154613,381.378536309226,411.7142785623749,True,0,2.6978564110790497,0.2823975715757483,0.269148576195696,0.8397949890552707,0.0041405054943052,0.3227133101995812,0.4098620056539212,0.1639636978171418,0.1949181211842686,True
2026-06-01T18:53:21,37,19,370019,"ARX(2,2)",-181.68849070221057,381.37698140442114,411.7127236575701,True,0,2.656580744117146,0.2816470369943175,0.2717031022003504,0.8410539971253471,0.0040345173008058,0.3234285507660628,0.4108310534892885,0.163139753886097,0.1941856325017504,True
2026-06-01T18:55:02,37,20,370020,"ARX(2,2)",-181.6884387533937,381.3768775067874,411.7126197599364,True,0,2.662388683816052,0.2817081719304041,0.2713412638845743,0.841511267007547,0.0040875931091903,0.3234076540373667,0.4106459294203897,0.1632181218945954,0.1940511407101654,True
2026-06-01T18:56:23,37,21,370021,"ARX(2,2)",-181.6885939748874,381.3771879497748,411.71293020292376,True,0,2.6555243899491883,0.2815580697040731,0.2717662776997191,0.840634589969459,0.0037603548607997,0.3233138404934186,0.4092496343981617,0.1637848562985242,0.1953429784512315,True
2026-06-01T18:58:25,37,22,370022,"ARX(2,2)",-181.69238411631804,381.3847682326361,411.720510485785,True,0,2.591842415576227,0.2895544088977393,0.2748488946333764,0.8288111376369264,0.0076301133232763,0.335246724899823,0.3953973268075001,0.1644801135412889,0.1895120903894435,True
2026-06-01T18:59:37,37,23,370023,"ARX(2,2)",-181.68858938778823,381.37717877557645,411.7129210287254,True,0,2.678909305584159,0.2822659364687366,0.2702968642555856,0.839743868387413,0.0045038181007914,0.3232140206057142,0.4091864854421199,0.1637607321957765,0.1947925613398649,True
2026-06-01T19:01:32,37,24,370024,"ARX(2,2)",-181.68847510419965,381.3769502083993,411.7126924615483,True,0,2.6573097104343524,0.2822003124086995,0.2716769948782452,0.8399656396260676,0.0042522398441306,0.323300206348189,0.4114390641679566,0.1630899417804523,0.193497409538922,True
2026-06-01T19:02:59,37,25,370025,"ARX(2,2)",-181.68841937418975,381.3768387483796,411.7125810015285,True,0,2.664374200917716,0.2822897991664247,0.2712429975595351,0.8397445600650868,0.0043336258022665,0.3233616738990147,0.4105310441995733,0.1632828707245665,0.1940835939826664,True
2026-06-01T19:04:20,37,26,370026,"ARX(2,2)",-181.6885238879947,381.3770477759894,411.7127900291384,True,0,2.655796816796504,0.2811695990056708,0.2718111294641764,0.8419387190998504,0.0041640956233525,0.3232369037911058,0.4100829399531041,0.1633032957417397,0.1948626710926833,True
2026-06-01T19:05:30,37,27,370027,"ARX(2,2)",-181.68862851292204,381.3772570258441,411.712999278993,True,0,2.6505856961280654,0.2814608205190068,0.2721601077750752,0.8412953332718731,0.0041134933524473,0.3235406701455651,0.4111281051413405,0.1633643919390531,0.1934871772837561,True
2026-06-01T19:07:07,37,28,370028,"ARX(2,2)",-181.688472982754,381.376945965508,411.712688218657,True,0,2.657197821299061,0.2820293953393616,0.2716592624638898,0.8403663762396253,0.0041809163620107,0.3233049885803614,0.4110600190628576,0.1632023129760695,0.1938023281234041,True
2026-06-01T19:09:13,37,29,370029,"ARX(2,2)",-181.68845141253644,381.3769028250729,411.7126450782218,True,0,2.663481620325966,0.2818063667749176,0.2712232070612331,0.8404232577862049,0.003922778506864,0.3231702353406472,0.4112397475216274,0.1633783558596411,0.1940307361448859,True
2026-06-01T19:10:44,37,30,370030,"ARX(2,2)",-181.692417517598,381.384835035196,411.72057728834494,True,0,2.589387506115292,0.2901990306802955,0.2750168853346554,0.8272858116051554,0.0078775715434825,0.3353628692366463,0.3948287964719194,0.1644093610189515,0.1898159296356771,True
2026-06-01T19:12:09,37,31,370031,"ARX(2,2)",-181.6885126299759,381.3770252599518,411.7127675131008,True,0,2.675414235003627,0.2825043327717701,0.2705516193152509,0.8399655059007379,0.0043161412478129,0.3231733352662467,0.4096863683913797,0.1636327290897346,0.1947566226035918,True
2026-06-01T19:13:23,37,32,370032,"ARX(2,2)",-181.6884526346747,381.3769052693494,411.7126475224984,True,0,2.660259008515075,0.2817013822772093,0.2715089070393455,0.8411096869992786,0.0041178866750342,0.323317179869172,0.4111850911511626,0.1630300680282196,0.1938905835630879,True
2026-06-01T19:14:41,37,33,370033,"ARX(2,2)",-181.688422966927,381.376845933854,411.71258818700295,True,0,2.666731759348969,0.2825226295166587,0.2710561256047657,0.8396338077724742,0.0041179988600708,0.3233052994104486,0.4103041583377975,0.1634523135631946,0.1943680039573819,True
2026-06-01T19:16:37,37,34,370034,"ARX(2,2)",-181.68842679387927,381.37685358775855,411.7125958409075,True,0,2.66680274506038,0.2822732664319677,0.2711387610197484,0.8401755954411823,0.0043149617788431,0.3231351129402915,0.4109706086594418,0.1633544259317839,0.1937410741146807,True
2026-06-01T19:18:34,37,35,370035,"ARX(2,2)",-181.68844909324085,381.3768981864817,411.71264043963066,True,0,2.6603423375588835,0.2817983560166696,0.2714823317716184,0.841139434738818,0.0041805908995881,0.3234161960061124,0.4108649508599428,0.163430893484528,0.1935126645398517,True
2026-06-01T19:20:19,37,36,370036,"ARX(2,2)",-181.68851936499408,381.37703872998816,411.7127809831371,True,0,2.674795083046038,0.2825466909926273,0.270583400129635,0.8391666979737276,0.0040960298929404,0.32274022800432,0.4120604741301486,0.1634124245003397,0.1934326029196204,True
2026-06-01T19:22:49,37,37,370037,"ARX(2,2)",-181.6884717975247,381.3769435950494,411.7126858481984,True,0,2.659687564327581,0.2814504508813002,0.2715790650077883,0.8418697007102975,0.0038099716585219,0.3229660909538581,0.4108640886214678,0.1632867288005462,0.1946446475554003,True
2026-06-01T19:24:19,37,38,370038,"ARX(2,2)",-181.6885120686946,381.3770241373892,411.71276639053815,True,0,2.6562064454415,0.2818738948271188,0.2717476739108165,0.8410388947276933,0.0038039763484393,0.3229925817620572,0.4121702101311051,0.1631108332110172,0.1935333825508423,True
2026-06-01T19:25:49,37,39,370039,"ARX(2,2)",-181.68844592230965,381.3768918446193,411.7126340977683,True,0,2.6599348471079827,0.2821650167471108,0.2715064197560779,0.8401292096781044,0.0043007679796741,0.3234655067310114,0.4103705469628665,0.1634529742106409,0.1939105396423387,True
2026-06-01T19:27:29,37,40,370040,"ARX(2,2)",-181.6884673658883,381.3769347317766,411.7126769849256,True,0,2.6608293362822857,0.2811269829947764,0.2714687220041988,0.8421357868652269,0.0039313320943896,0.3229692587377216,0.4113194399397359,0.1633208951187346,0.1941118048866858,True
2026-06-01T18:26:05,38,1,380001,"ARX(2,2)",-181.68846401313385,381.3769280262677,411.7126702794167,True,0,2.6708239704551957,0.2825511149170249,0.2708256406172437,0.839946948575593,0.0040512248040476,0.3231087708611941,0.4119630306721599,0.163259741862328,0.1931044362485867,True
2026-06-01T18:28:18,38,2,380002,"ARX(2,2)",-181.68842410330672,381.37684820661343,411.7125904597624,True,0,2.665936527452717,0.2822528953706438,0.2711146125120419,0.8403832795239959,0.0042313746080931,0.3232444786997835,0.4105068805213313,0.1632714665772561,0.1943105312028613,True
2026-06-01T18:29:41,38,3,380003,"ARX(2,2)",-181.68849591246345,381.3769918249269,411.7127340780759,True,0,2.666831649202543,0.2833549143726154,0.2710968995642012,0.8374581219467956,0.0047759462184414,0.3233596237818517,0.4086164315082196,0.1635618427950768,0.195267568361202,True
2026-06-01T18:31:51,38,4,380004,"ARX(2,2)",-181.68845936338656,381.3769187267732,411.7126609799221,True,0,2.6683611713019824,0.283088614323039,0.2709929975376389,0.8378503158246488,0.0046136942193591,0.3231640137073156,0.4108535223917036,0.1632410171920804,0.193801731315824,True
2026-06-01T18:34:06,38,5,380005,"ARX(2,2)",-181.6893168346909,381.3786336693819,411.7143759225309,True,0,2.69341742920458,0.2825156923563912,0.2695780466348037,0.8387877252054546,0.0047363529893761,0.3222069443830475,0.4151199363624188,0.1638602415138159,0.1902689227585506,True
2026-06-01T18:35:50,38,6,380006,"ARX(2,2)",-181.68882844577715,381.3776568915543,411.71339914470326,True,0,2.6540458093883563,0.2798108172991696,0.271902277904972,0.8447185792736809,0.0040991764376991,0.324271530880745,0.4091498601382854,0.1632385601775871,0.1949642315965716,True
2026-06-01T18:37:50,38,7,380007,"ARX(2,2)",-181.68859874331488,381.3771974866297,411.7129397397787,True,0,2.6513191003804724,0.2820342905756886,0.2720411693457074,0.8401879120883564,0.0043033796902459,0.3234707179790539,0.4106650466793822,0.1633092267532606,0.1936289774918999,True
2026-06-01T18:39:20,38,8,380008,"ARX(2,2)",-181.68847244945343,381.37694489890686,411.7126871520558,True,0,2.6646758621336457,0.281679875428088,0.2712082985802735,0.8409341517426184,0.0039029446748365,0.3236238876775429,0.4085217313848713,0.1635534795947962,0.1960350889415835,True
2026-06-01T18:40:32,38,9,380009,"ARX(2,2)",-181.68844319189597,381.3768863837919,411.7126286369409,True,0,2.66137825218154,0.2815207523380853,0.2714077976136325,0.8416117309952355,0.003915049598385,0.3231771184933729,0.4105535031288249,0.163357611888699,0.1945926430889255,True
2026-06-01T18:42:21,38,10,380010,"ARX(2,2)",-181.6884335936693,381.3768671873386,411.71260944048754,True,0,2.6694497386126312,0.2819867067297378,0.270906510858532,0.8407181775279088,0.004177220562372,0.3230800505196093,0.4103420405735727,0.1634959605812718,0.1943797225677779,True
2026-06-01T18:44:20,38,11,380011,"ARX(2,2)",-181.68843184106615,381.3768636821324,411.7126059352813,True,0,2.6641080881789,0.2823795608907243,0.2712757354922794,0.8394409816462451,0.0043739433201313,0.3233429159690648,0.4094437024334239,0.1634672857685972,0.194965691946736,True
2026-06-01T18:46:17,38,12,380012,"ARX(2,2)",-181.68856506733388,381.37713013466777,411.71287238781673,True,0,2.671239186180816,0.2809741252542856,0.270775469130699,0.842986074475385,0.0032567191639838,0.3225056876065735,0.4125479696967856,0.1634492823200484,0.1938669658474167,True
2026-06-01T18:47:39,38,13,380013,"ARX(2,2)",-181.69238792770307,381.3847758554061,411.7205181085551,True,0,2.5953327336195824,0.2894820679490396,0.2745921805091122,0.8288534154306988,0.0074638929632721,0.3350333979060516,0.3953500285094928,0.1644609582813895,0.189980264462411,True
2026-06-01T18:48:55,38,14,380014,"ARX(2,2)",-181.6923923649053,381.3847847298106,411.72052698295954,True,0,2.5955138200632697,0.2895593414973406,0.2746639036248811,0.8284504941756294,0.0077659886605356,0.3350597224405419,0.3954271587356279,0.1644688064564401,0.1897232194528526,True
2026-06-01T18:50:44,38,15,380015,"ARX(2,2)",-181.6898206404753,381.3796412809505,411.7153835340995,True,0,2.707144623451854,0.2828137268257791,0.2685293160485872,0.8393599625767324,0.0041848584552291,0.3229277638909927,0.4108211085441334,0.1639883041177488,0.1935363271623277,True
2026-06-01T18:52:05,38,16,380016,"ARX(2,2)",-181.6923940230897,381.3847880461794,411.7205302993284,True,0,2.5911318816199573,0.2890956844568937,0.2749278762227183,0.8293851546791019,0.007553429648943,0.3351487823243887,0.3961747236805763,0.1643374437234481,0.1892321894506117,True
2026-06-01T18:53:36,38,17,380017,"ARX(2,2)",-181.68874984129687,381.37749968259374,411.7132419357427,True,0,2.6848219477528588,0.2820856875779683,0.2699689758894827,0.8404068595820059,0.0042976073286219,0.3226227267844897,0.4118933816520385,0.1634330113723284,0.1934385685215331,True
2026-06-01T18:55:04,38,18,380018,"ARX(2,2)",-181.68848493387856,381.3769698677572,411.7127121209061,True,0,2.6730999544172938,0.2823906565800652,0.2706672802662164,0.8398810015962503,0.0045709752372055,0.3233388383848997,0.4098657151461523,0.1632972229314857,0.1944626342796079,True
2026-06-01T18:56:59,38,19,380019,"ARX(2,2)",-181.69009508693827,381.3801901738765,411.7159324270255,True,0,2.649100645813536,0.2784065964993181,0.2721779806948507,0.8476400468211134,0.0034749820033272,0.3249009272084141,0.3984265746583458,0.1636910665581911,0.204776576696524,True
2026-06-01T18:58:22,38,20,380020,"ARX(2,2)",-181.68849678482025,381.3769935696405,411.7127358227895,True,0,2.660734992375803,0.281352107623556,0.2714234462600143,0.8422079224603477,0.003721787650261,0.3229034402580977,0.4100741130708939,0.1630585948738455,0.1957456470923392,True
2026-06-01T18:59:48,38,21,380021,"ARX(2,2)",-181.6884828938877,381.3769657877755,411.7127080409245,True,0,2.673927144541972,0.2827081595071685,0.2706272218476376,0.8392457065166028,0.0044127674579926,0.323194339651476,0.4108051776089047,0.1634249482646314,0.1936488213935356,True
2026-06-01T19:01:02,38,22,380022,"ARX(2,2)",-181.68841924454367,381.37683848908745,411.7125807422364,True,0,2.6662550949378696,0.2825175140863531,0.2710948993841581,0.839582401460534,0.0041904745566837,0.3232559000222219,0.4101514012410538,0.1634127551987415,0.1945273171261449,True
2026-06-01T19:02:27,38,23,380023,"ARX(2,2)",-181.68849815749488,381.37699631498975,411.7127385681387,True,0,2.6746309583700785,0.282780017296358,0.2706048576157571,0.8388462236542635,0.0043836843809132,0.3231617756723152,0.4109973420072089,0.1634093715899141,0.1936734319011639,True
2026-06-01T19:04:02,38,24,380024,"ARX(2,2)",-181.6889983297665,381.377996659533,411.713738912682,True,0,2.6520261564272056,0.283645358146054,0.2719614454485152,0.8353656069487647,0.0051494169239781,0.3235768073173248,0.4151629000924708,0.1620434377972697,0.189809150923415,True
2026-06-01T19:05:51,38,25,380025,"ARX(2,2)",-181.68843943336367,381.37687886672734,411.7126211198763,True,0,2.667610018101127,0.2826605392270663,0.2709678712908443,0.839753991034253,0.0039388423365206,0.3232906255580556,0.4097778337136483,0.1633826347994584,0.1949608533386412,True
2026-06-01T19:07:56,38,26,380026,"ARX(2,2)",-181.6884552832666,381.3769105665332,411.71265281968215,True,0,2.6586681043078464,0.2818797067140551,0.2716015599421755,0.8407919012700151,0.0042129526644737,0.3233291117146155,0.4109936048541502,0.1632113603804132,0.1938040220345151,True
2026-06-01T19:09:23,38,27,380027,"ARX(2,2)",-181.68865841144049,381.37731682288097,411.71305907602994,True,0,2.669340766628956,0.2810717756773109,0.2709461486417643,0.8432385306768575,0.0035732293198425,0.3237019053803265,0.4063088500434378,0.1634407118210172,0.1986397755271057,True
2026-06-01T19:10:46,38,28,380028,"ARX(2,2)",-181.6886132659535,381.377226531907,411.712968785056,True,0,2.652069270526571,0.2810729808533924,0.2720312785405144,0.8424249563080707,0.0039850219376847,0.3233062346899112,0.4093337110734991,0.1633488839171722,0.1955160806072725,True
2026-06-01T19:12:07,38,29,380029,"ARX(2,2)",-181.6903243879297,381.3806487758594,411.7163910290084,True,0,2.708121277673981,0.2859155694419454,0.2684116503765009,0.8317605896084546,0.004811037312915,0.3235661283975776,0.4067274668859684,0.1638481411650645,0.1965001954623925,True
2026-06-01T19:13:36,38,30,380030,"ARX(2,2)",-181.68867736979297,381.37735473958594,411.7130969927349,True,0,2.674821281659503,0.2809867760998218,0.2705979598536412,0.8431453680851673,0.0034088921080506,0.3232760958005836,0.406542592545468,0.1636409849866525,0.1986555254379127,True
2026-06-01T19:15:09,38,31,380031,"ARX(2,2)",-181.68842557714967,381.37685115429935,411.7125934074483,True,0,2.6642579534662274,0.2816973483140829,0.2712520495675542,0.8412152056423231,0.0039819092815705,0.3231011520792116,0.4105240315776458,0.1632971225137186,0.1947117907734442,True
2026-06-01T19:17:40,38,32,380032,"ARX(2,2)",-181.6886876814488,381.3773753628975,411.7131176160465,True,0,2.655572901800132,0.280828580677381,0.271857514943269,0.8424353758213079,0.0038743153904034,0.3223998801684052,0.4153639239044858,0.1626807945541513,0.1916760206623358,True
2026-06-01T19:19:30,38,33,380033,"ARX(2,2)",-181.68842228386552,381.37684456773104,411.71258682088,True,0,2.663757167158395,0.2823249790179947,0.271260130405495,0.8397289273914986,0.0041916452782304,0.3231840395007568,0.411380661651876,0.1633305182280764,0.1934663426129411,True
2026-06-01T19:21:01,38,34,380034,"ARX(2,2)",-181.6885704416843,381.3771408833686,411.7128831365176,True,0,2.670696453482683,0.28068943393989,0.2707983996694718,0.8440556810248581,0.0034037133259204,0.322609809319234,0.4108235224011242,0.1634030996947974,0.1951781465744531,True
2026-06-01T19:22:25,38,35,380035,"ARX(2,2)",-181.6884565479793,381.3769130959586,411.7126553491076,True,0,2.6584336834686115,0.2819167020421941,0.2716030063056919,0.8407466827798021,0.0041005353204896,0.3233494654932198,0.4108545214563165,0.1632705259734395,0.1939493093746226,True
2026-06-01T19:24:40,38,36,380036,"ARX(2,2)",-181.6884688170693,381.3769376341385,411.7126798872875,True,0,2.6604685138466952,0.2817568806359208,0.2715198356389005,0.8409086186307279,0.00438975441391,0.3232255125336642,0.4121585075209326,0.1632975489550271,0.1924049364606365,True
2026-06-01T19:26:07,38,37,380037,"ARX(2,2)",-181.68857258860183,381.3771451772037,411.7128874303527,True,0,2.653541928866109,0.281305311980989,0.2718663171912605,0.8416774406793013,0.004091022069093,0.3237544516608386,0.4098843736189672,0.1631846225550429,0.1945236941457432,True
2026-06-01T19:27:46,38,38,380038,"ARX(2,2)",-181.6884374675774,381.3768749351548,411.7126171883037,True,0,2.661462858890824,0.2818875704540939,0.2714203727274584,0.8409566558651256,0.0040795317691365,0.3234811111336899,0.4098438482454133,0.1634333285081152,0.19465077713333,True
2026-06-01T19:29:21,38,39,380039,"ARX(2,2)",-181.6894540787933,381.3789081575866,411.7146504107356,True,0,2.691021974597668,0.2820301496162355,0.2692264621773312,0.8396568142361032,0.0033841491087567,0.323294867055646,0.414019450385487,0.1642336151165026,0.1904156594167649,True
2026-06-01T19:30:53,38,40,380040,"ARX(2,2)",-181.68843850806235,381.3768770161247,411.71261926927366,True,0,2.66356050695591,0.2822265584471189,0.2712864790278894,0.839948178826303,0.0045564243874184,0.3234895527537885,0.4107935975766553,0.163218069679116,0.1935846280295027,True
2026-06-01T18:26:46,39,1,390001,"ARX(2,2)",-181.6884237749924,381.3768475499848,411.7125898031337,True,0,2.666516135601091,0.282343667055846,0.2710909553142919,0.8398716486082045,0.0043516569346373,0.323146414529817,0.4112474258484581,0.1631667421540794,0.1936826488185425,True
2026-06-01T18:28:48,39,2,390002,"ARX(2,2)",-181.688525962467,381.377051924934,411.71279417808296,True,0,2.6710949904696344,0.2832992767313486,0.2707809160322438,0.8382347569863746,0.0046809766437836,0.3235666569140978,0.4080926718453675,0.1634172126893084,0.1954929437125793,True
2026-06-01T18:29:53,39,3,390003,"ARX(2,2)",-181.6889220392977,381.3778440785953,411.7135863317443,True,0,2.6418514662865435,0.2811902940142339,0.2726838910643549,0.842126300098655,0.0039603510952166,0.3234574231193163,0.4125515698609247,0.1628846259468312,0.1927603607933088,True
2026-06-01T18:31:35,39,4,390004,"ARX(2,2)",-181.68856725078007,381.37713450156025,411.7128767547092,True,0,2.652149732754495,0.281966253177018,0.2720063956393221,0.8404550656687356,0.0040971035579131,0.3232530337228972,0.411083599036557,0.163220231035804,0.1938931090981627,True
2026-06-01T18:33:10,39,5,390005,"ARX(2,2)",-181.68849885426488,381.37699770852976,411.7127399616787,True,0,2.6555033644626382,0.2817984679927582,0.2717967686630275,0.8408982296339387,0.0041204085536332,0.3233322119084676,0.4107181360421435,0.1632230779579966,0.194152730978034,True
2026-06-01T18:34:31,39,6,390006,"ARX(2,2)",-181.68846593012847,381.37693186025695,411.7126741134059,True,0,2.6610668233976904,0.2816900050127968,0.2713884148635021,0.8411674301613238,0.0043002117447212,0.3234242417218425,0.4114677800160966,0.1634398767764758,0.1929075117454098,True
2026-06-01T18:35:52,39,7,390007,"ARX(2,2)",-181.68843212450125,381.3768642490025,411.71260650215146,True,0,2.66434881143537,0.2816382808299596,0.2712381724082265,0.8412399012910712,0.0040075577922928,0.3229394799103425,0.4113116912177897,0.1632360768199406,0.1941879052261353,True
2026-06-01T18:37:22,39,8,390008,"ARX(2,2)",-181.6886192464679,381.3772384929358,411.7129807460848,True,0,2.6552694284291456,0.281877372889287,0.2718245513508531,0.8410818307270106,0.0045504735933756,0.3240176054000582,0.4091413898544054,0.163937694494931,0.1935684123823257,True
2026-06-01T18:38:42,39,9,390009,"ARX(2,2)",-181.68844724083337,381.37689448166674,411.7126367348157,True,0,2.669736298070908,0.2820408962830602,0.2708812058698907,0.8406522770932222,0.0037982835749888,0.3231629657268712,0.4109653472005724,0.1633397936477639,0.1943586420644285,True
2026-06-01T18:40:47,39,10,390010,"ARX(2,2)",-181.6884819323169,381.3769638646338,411.7127061177828,True,0,2.657613371227008,0.2825907796448438,0.2716549081009333,0.8390882657805399,0.0043141724806107,0.3234096657384405,0.4113964098385801,0.1632502623064941,0.1932192697256197,True
2026-06-01T18:43:49,39,11,390011,"ARX(2,2)",-181.69249063048545,381.3849812609709,411.7207235141199,True,0,2.582499143358506,0.2897091666788422,0.2754749650081131,0.8280192712980968,0.0078341438902144,0.3352494947389839,0.3968379772830559,0.1641945700535698,0.1882800721840414,True
2026-06-01T18:45:09,39,12,390012,"ARX(2,2)",-181.6884597911869,381.3769195823737,411.7126618355227,True,0,2.6693984037466807,0.2821074028449842,0.2709144575098507,0.8403112241748004,0.0043155114001759,0.3227925937879974,0.4124464442908845,0.1634650655097309,0.1925700654068483,True
2026-06-01T18:46:42,39,13,390013,"ARX(2,2)",-181.6884559568408,381.3769119136816,411.7126541668306,True,0,2.6721476039972027,0.2823375861137814,0.2707311202999231,0.840052156901241,0.0040713442098407,0.3230537948280849,0.4101803664345762,0.1635562166910503,0.1946259420744064,True
2026-06-01T18:48:36,39,14,390014,"ARX(2,2)",-181.6885328464138,381.3770656928276,411.7128079459766,True,0,2.654104405988749,0.2818569550423982,0.2718983937192729,0.8405196706640629,0.0043418185957727,0.3231781232512339,0.4113019566058564,0.1631045342885537,0.1937738757844162,True
2026-06-01T18:50:27,39,15,390015,"ARX(2,2)",-181.68846359005448,381.37692718010896,411.71266943325793,True,0,2.665037650441316,0.281247881609885,0.2712027414831511,0.8425376677306858,0.0037476549837612,0.3229546632137804,0.4118743866108464,0.1633804473172637,0.1936292370279774,True
2026-06-01T18:51:39,39,16,390016,"ARX(2,2)",-181.6884449230776,381.3768898461552,411.7126320993041,True,0,2.666567450409594,0.2821934032500664,0.2710717856377029,0.840099535478175,0.0037242767858676,0.3231135615199165,0.4103842000366953,0.1635399428580187,0.1949007683156149,True
2026-06-01T18:53:07,39,17,390017,"ARX(2,2)",-181.688459139089,381.376918278178,411.71266053132695,True,0,2.668669644951063,0.2831623331317077,0.2709740413156827,0.8379579526009168,0.004426177712855,0.3234320602390175,0.4099309172354763,0.1634628352054995,0.1943016321582054,True
2026-06-01T18:54:54,39,18,390018,"ARX(2,2)",-181.6892650650699,381.3785301301398,411.7142723832888,True,0,2.634498265990189,0.2809260590197399,0.2731539168626589,0.8424431523686219,0.0038808797681923,0.3235610229150003,0.4111058739668158,0.1629165923817046,0.1941361816945645,True
2026-06-01T18:56:23,39,19,390019,"ARX(2,2)",-181.68847187267343,381.3769437453469,411.7126859984959,True,0,2.672661202134621,0.2822557858956289,0.2706921525159479,0.8403454455658876,0.004063502847596,0.3230586627906776,0.4093732188025956,0.1635022488197382,0.1955320241027382,True
2026-06-01T18:58:19,39,20,390020,"ARX(2,2)",-181.688681305393,381.377362610786,411.713104863935,True,0,2.683199166791319,0.2827680196464718,0.2700575996803538,0.8390138107281035,0.0044401197930601,0.3229711245703962,0.4107456580561445,0.1635419725902991,0.1938799503766808,True
2026-06-01T19:00:08,39,21,390021,"ARX(2,2)",-181.68982874742343,381.3796574948469,411.7153997479959,True,0,2.7040506929477144,0.2813523085964819,0.2687406683140065,0.8426431601673653,0.003488947101604,0.3217353076395393,0.414865391499807,0.1637247736124862,0.191842309320457,True
2026-06-01T19:02:13,39,22,390022,"ARX(2,2)",-181.6886581933216,381.3773163866432,411.71305863979217,True,0,2.6486906545281186,0.2818629079204736,0.2722264817884369,0.8406884343109812,0.0041339282719606,0.3236161098384846,0.4101620477448416,0.1631662844520747,0.1944091849698594,True
2026-06-01T19:04:34,39,23,390023,"ARX(2,2)",-181.68854973679677,381.3770994735935,411.71284172674245,True,0,2.653227477266938,0.2817188435358822,0.2719176776335911,0.8412506524655644,0.0038887869306584,0.3232538605858392,0.4114255040572888,0.1631101866362334,0.1938359195194149,True
2026-06-01T19:05:53,39,24,390024,"ARX(2,2)",-181.6889776304037,381.3779552608074,411.7136975139564,True,0,2.6895518181009344,0.28238459489216,0.2695990198216165,0.8403743933609188,0.0041083631172056,0.3232104715978527,0.4115313041022378,0.1634552489249446,0.1927925148082103,True
2026-06-01T19:07:14,39,25,390025,"ARX(2,2)",-181.68843550541436,381.3768710108287,411.7126132639776,True,0,2.670009375584823,0.2820342943036887,0.2708600770917175,0.8406582000619115,0.0040688665223467,0.3231726951850522,0.4104876905544162,0.1634927467962845,0.194320637909438,True
2026-06-01T19:09:00,39,26,390026,"ARX(2,2)",-181.68862468095773,381.37724936191546,411.7129916150644,True,0,2.680835425613469,0.2829921301258199,0.2701698721968093,0.8384873951214514,0.0043946915455752,0.3231132391036552,0.4107619904108736,0.1635582249345697,0.1937157130918947,True
2026-06-01T19:10:36,39,27,390027,"ARX(2,2)",-181.6884241567286,381.3768483134572,411.7125905666061,True,0,2.6670919795521053,0.2824949264476851,0.2710478044553557,0.8393447471982424,0.0042848621688245,0.3230506047688451,0.4110448146855584,0.1633991727884449,0.1938094088223312,True
2026-06-01T19:13:14,39,28,390028,"ARX(2,2)",-181.68843044758583,381.37686089517166,411.7126031483206,True,0,2.661158563933636,0.2820721731215874,0.2714218681047197,0.8405470214723746,0.0041103138163492,0.3232320978742714,0.4107114439222489,0.1632821135920095,0.1941844711990163,True
2026-06-01T19:14:47,39,29,390029,"ARX(2,2)",-181.6884927105162,381.3769854210324,411.7127276741813,True,0,2.672293052528279,0.2826781985260592,0.2708101033812212,0.8389090689448451,0.0044740216889208,0.3232768451851047,0.4114189667231154,0.1633378837956744,0.1930562527504434,True
2026-06-01T19:16:22,39,30,390030,"ARX(2,2)",-181.68850023606228,381.37700047212456,411.71274272527353,True,0,2.668567032615512,0.2832046090550325,0.2709680749551121,0.8380840560181329,0.0043503915810433,0.3228996346972918,0.4130918569861025,0.1632094595132851,0.1921514302774288,True
2026-06-01T19:17:51,39,31,390031,"ARX(2,2)",-181.68845088836383,381.37690177672766,411.7126440298766,True,0,2.6686265191935195,0.2826306171986275,0.2709557719217517,0.8390675012848493,0.0040497354631198,0.3230135061446783,0.4108515664960934,0.163097172449136,0.1946831527486523,True
2026-06-01T19:19:10,39,32,390032,"ARX(2,2)",-181.68853858363667,381.3770771672733,411.7128194204223,True,0,2.676937965103266,0.2827239668256565,0.270403087118978,0.8395107052756617,0.0042674962089189,0.3230632938237429,0.4112211513685033,0.1634222733233136,0.1934315447178266,True
2026-06-01T19:20:38,39,33,390033,"ARX(2,2)",-181.6923897062172,381.3847794124344,411.7205216655833,True,0,2.59536773936814,0.2897598975570991,0.2746332763710582,0.8282793778508397,0.0076777690129636,0.3349269095643634,0.3962630005895367,0.1643932663793499,0.1891628845643388,True
2026-06-01T19:21:55,39,34,390034,"ARX(2,2)",-181.69266800891293,381.38533601782586,411.7210782709748,True,0,2.6085856292291214,0.2911533042547595,0.2737908252103092,0.8247522637758887,0.0081358966774662,0.3341616973491632,0.3968308464001602,0.1643573832353605,0.1892250264600682,True
2026-06-01T19:23:08,39,35,390035,"ARX(2,2)",-181.68858257490436,381.3771651498087,411.7129074029576,True,0,2.6516484475553868,0.2816463375613473,0.2720597152575174,0.8409917006526119,0.0041150580447118,0.3234369268010418,0.411007270025655,0.16326242113345,0.1937755687294509,True
2026-06-01T19:24:29,39,36,390036,"ARX(2,2)",-181.6886306974146,381.3772613948292,411.71300364797816,True,0,2.678176505890416,0.2837447833251833,0.2703476148362252,0.8366632823362579,0.0046004648197726,0.3234827593005185,0.410386205698715,0.1634497500544517,0.1936637629430327,True
2026-06-01T19:26:12,39,37,390037,"ARX(2,2)",-181.68846256946048,381.37692513892097,411.71266739206993,True,0,2.6722979289434856,0.2823026500800819,0.2706993411480403,0.8402614679709759,0.0039577220023244,0.3231868428790646,0.409702321737197,0.1634394906798444,0.1952137109117847,True
2026-06-01T19:27:49,39,38,390038,"ARX(2,2)",-181.689492664524,381.378985329048,411.7147275821969,True,0,2.697869904965668,0.284096788305146,0.2691035822162085,0.8354646581634588,0.00531955030793,0.3235791799952225,0.4088112179963578,0.1632155418053704,0.1945393761310654,True
2026-06-01T19:29:08,39,39,390039,"ARX(2,2)",-181.69096971042956,381.3819394208591,411.717681674008,True,0,2.72044594079248,0.2839682686817987,0.2677270367513173,0.8354698483206157,0.0047274661934983,0.3224886177320695,0.4131676397204342,0.163846645526352,0.1917213990979756,True
2026-06-01T19:30:34,39,40,390040,"ARX(2,2)",-181.6884322477963,381.3768644955926,411.7126067487416,True,0,2.6670025943163744,0.2820189888158663,0.2710522419352019,0.8409781066930436,0.004080898871877,0.3234683118723338,0.4095463546096464,0.1634123663353281,0.1948809607507775,True
2026-06-01T18:23:58,40,1,400001,"ARX(2,2)",-181.6884620700232,381.3769241400464,411.7126663931954,True,0,2.6659850063101915,0.2826608112815,0.2710704705956279,0.839090183837888,0.0042594969683115,0.3235323689108256,0.408298159380101,0.163749489614537,0.1956044915269305,True
2026-06-01T18:25:36,40,2,400002,"ARX(2,2)",-181.68853685996584,381.3770737199317,411.71281597308064,True,0,2.6537515616467986,0.282185740892234,0.2718925063229941,0.8400928148419909,0.0040843189447588,0.3234525442328265,0.4104255802690183,0.1633911299563925,0.1941466171604561,True
2026-06-01T18:27:27,40,3,400003,"ARX(2,2)",-181.6923618228804,381.3847236457608,411.7204658989097,True,0,2.7367749768508918,0.2792455824240896,0.2670224843171875,0.8457647321553564,0.0029922694157542,0.3200164661617087,0.4185587663290998,0.1640303637132728,0.1906367330230674,True
2026-06-01T18:28:51,40,4,400004,"ARX(2,2)",-181.6886693549465,381.377338709893,411.713080963042,True,0,2.649381271286784,0.2808660012439373,0.2721810359339264,0.8426171415495962,0.003979806787887,0.323335929225874,0.410996014088861,0.1631213944843658,0.1941793005918109,True
2026-06-01T18:30:36,40,5,400005,"ARX(2,2)",-181.6923948878179,381.3847897756358,411.7205320287848,True,0,2.592473170706985,0.2898688017851795,0.2748179633841776,0.828092633463728,0.0079635926486329,0.3352825150497679,0.3959273252731522,0.1644051578481169,0.1887024718034194,True
2026-06-01T18:32:34,40,6,400006,"ARX(2,2)",-181.69169574585672,381.38339149171344,411.7191337448624,True,0,2.7312792758388884,0.2811045086402885,0.2673397593714012,0.8424254594723223,0.0041046890556232,0.3216767916146858,0.4106001442356541,0.1642872730070545,0.1953034606294532,True
2026-06-01T18:34:12,40,7,400007,"ARX(2,2)",-181.6886229009798,381.3772458019596,411.71298805510855,True,0,2.6498589887477766,0.2816819893414978,0.2721586141740123,0.8410421077028708,0.0041145036050835,0.3234155731709084,0.4108023247033878,0.163135291245354,0.1941046161421889,True
2026-06-01T18:35:42,40,8,400008,"ARX(2,2)",-181.68876042452524,381.3775208490505,411.71326310219945,True,0,2.675729629024437,0.2810095110964627,0.2704657266362671,0.8433450790268451,0.0043246407804647,0.3222429682839505,0.4142236106297592,0.1636960181109397,0.1908765964833502,True
2026-06-01T18:36:58,40,9,400009,"ARX(2,2)",-181.6884845339048,381.3769690678095,411.7127113209585,True,0,2.673432596489463,0.28193023024187,0.270649560455405,0.8408203877457197,0.004087065626342,0.3231062934971522,0.409509191058498,0.1633445252471209,0.1954920269675747,True
2026-06-01T18:38:42,40,10,400010,"ARX(2,2)",-181.68859987067788,381.37719974135575,411.7129419945047,True,0,2.6580902844091447,0.281262757004719,0.2715620021773261,0.8418964325925639,0.0045122685369878,0.3239700075405555,0.4120802822419402,0.1631128730292346,0.1917366556991584,True
2026-06-01T18:40:45,40,11,400011,"ARX(2,2)",-181.68881097115005,381.3776219423001,411.71336419544906,True,0,2.644637582989028,0.281577063803561,0.2724662985994194,0.8416306705349041,0.0036602962918594,0.32351568497505,0.4118907931359861,0.1630276346868108,0.1933686526284414,True
2026-06-01T18:42:26,40,12,400012,"ARX(2,2)",-181.68858778850336,381.3771755770067,411.7129178301557,True,0,2.6707606699551394,0.283670735293715,0.2708033664641008,0.8378009397136403,0.0040829466453553,0.322780507767999,0.4133986669594131,0.1630408840296256,0.1920760704631824,True
2026-06-01T18:43:52,40,13,400013,"ARX(2,2)",-181.68842192314565,381.3768438462913,411.7125860994402,True,0,2.666710713829134,0.2823751216916012,0.271091818712771,0.8399497106338826,0.0043236622196719,0.3232442869764879,0.410472102968914,0.1635374064679986,0.1938772244913536,True
2026-06-01T18:45:27,40,14,400014,"ARX(2,2)",-181.6924050414084,381.3848100828168,411.7205523359658,True,0,2.595816239405045,0.2895999898572164,0.2746794408100925,0.8284777481732183,0.0076128807728196,0.3347113344989377,0.3960240775677621,0.164563367581641,0.1895405002708044,True
2026-06-01T18:47:08,40,15,400015,"ARX(2,2)",-181.68848684738572,381.3769736947715,411.71271594792046,True,0,2.6706808109129865,0.2822842636101469,0.2708031608802219,0.8400169074488825,0.0041241345240121,0.3229624511340935,0.4132410186311064,0.1632028155745284,0.1920719755946456,True
2026-06-01T18:48:45,40,16,400016,"ARX(2,2)",-181.68842516400983,381.3768503280197,411.7125925811687,True,0,2.66201111339324,0.2819683834865334,0.2713737974871316,0.8405836218465853,0.0040897868274009,0.3231848036121524,0.4107491806443157,0.1632789736623613,0.1942548485560088,True
2026-06-01T18:50:07,40,17,400017,"ARX(2,2)",-181.68857121116804,381.3771424223361,411.712884675485,True,0,2.6523290926157714,0.2816438354657397,0.2720196414606423,0.8411154893670008,0.0038843130096799,0.323326640416591,0.4106138381719115,0.1630888700647861,0.1947231256948552,True
2026-06-01T18:51:47,40,18,400018,"ARX(2,2)",-181.6885319663336,381.3770639326672,411.7128061858162,True,0,2.675252658255183,0.2819440873087945,0.270546651116739,0.840541491879099,0.0038607075228675,0.3226220805500311,0.4118394060460151,0.1632508512449552,0.1941585694257089,True
2026-06-01T18:53:22,40,19,400019,"ARX(2,2)",-181.68854289080312,381.37708578160624,411.7128280347552,True,0,2.672887723513831,0.2811046584776276,0.2706673191494888,0.8429357756074846,0.0040253846180357,0.3232556648470263,0.4089515616770154,0.1637850144173952,0.1953273057496428,True
2026-06-01T18:54:42,40,20,400020,"ARX(2,2)",-181.6885386866839,381.3770773733678,411.7128196265168,True,0,2.674544576050345,0.2830247959934233,0.2705960297104536,0.837982428889533,0.004850487758462,0.3233111404765244,0.4105023717920462,0.1634674872650919,0.1936453983833788,True
2026-06-01T18:56:10,40,21,400021,"ARX(2,2)",-181.69195279238065,381.3839055847613,411.7196478379103,True,0,2.691213742607682,0.2905648198036195,0.2690744858311419,0.8233952547684524,0.0077858595482642,0.3242593693589549,0.4101668953703714,0.162006143508998,0.1906918489694961,True
2026-06-01T18:57:38,40,22,400022,"ARX(2,2)",-181.68964417258056,381.3792883451611,411.7150305983101,True,0,2.7011898244595693,0.2829494471636809,0.2689042580213526,0.8386334646683651,0.003913715591912,0.3224189805617675,0.40597492782048,0.1637519255537107,0.1996274833343943,True
2026-06-01T18:59:01,40,23,400023,"ARX(2,2)",-181.68875846580997,381.3775169316199,411.7132591847688,True,0,2.6778206837771927,0.2815109852102607,0.2703224471415572,0.8432469987998287,0.0027476841408073,0.3224250024740253,0.4116234510874516,0.1633001564491759,0.195186488885814,True
2026-06-01T19:00:22,40,24,400024,"ARX(2,2)",-181.6884721958035,381.376944391607,411.712686644756,True,0,2.6712716615289307,0.2822997309596996,0.2708096923786821,0.8400343632797492,0.0043673055053566,0.3229075840245584,0.4100507291309326,0.163483875772778,0.194940294877679,True
2026-06-01T19:01:50,40,25,400025,"ARX(2,2)",-181.68862438848967,381.37724877697934,411.7129910301283,True,0,2.6757587365524422,0.2838549162440195,0.2704917325195122,0.8361209454045461,0.0046157167540404,0.3228558761656571,0.4098205272061903,0.163346184112067,0.1950594722490878,True
2026-06-01T19:03:24,40,26,400026,"ARX(2,2)",-181.68851149361888,381.37702298723775,411.7127652403867,True,0,2.6759505041041267,0.2827001700312279,0.2704881497656866,0.8393712165375103,0.0042230704016089,0.3230647016698686,0.4106349187600976,0.1635620527347387,0.1939891370185124,True
2026-06-01T19:05:07,40,27,400027,"ARX(2,2)",-181.68844515054573,381.37689030109146,411.7126325542404,True,0,2.671278900826628,0.2823754874279227,0.2707811194554365,0.8396988018873129,0.0042922462251232,0.3231753907766489,0.4106177439856587,0.1635100041815358,0.193939766093022,True
2026-06-01T19:06:36,40,28,400028,"ARX(2,2)",-181.6884573059744,381.37691461194873,411.7126568650977,True,0,2.671906841832853,0.2824143802429368,0.2707795417998509,0.8398018183931967,0.0041557589602527,0.3230185790718866,0.4110346747520337,0.1635662224940203,0.1938001913783024,True
2026-06-01T19:08:31,40,29,400029,"ARX(2,2)",-181.68887307927608,381.37774615855216,411.7134884117011,True,0,2.679972730600803,0.2844459436655489,0.2700998240757645,0.835209104349739,0.0053815732733036,0.3240553703963126,0.4084166051061627,0.1639185208281546,0.193297677863081,True
2026-06-01T19:10:32,40,30,400030,"ARX(2,2)",-181.6884451448192,381.3768902896384,411.7126325427873,True,0,2.6615499240133373,0.2823100937288639,0.2713911947397703,0.8403452714794523,0.0042358345536214,0.3236218230636325,0.4104239144277398,0.1634365847849914,0.1936522833960053,True
2026-06-01T19:11:33,40,31,400031,"ARX(2,2)",-181.6894437702827,381.3788875405654,411.7146297937144,True,0,2.666227120598528,0.280310810234998,0.2711422938197527,0.844605079913164,0.0038891845821641,0.322052061025326,0.4222873750461541,0.1632884725307707,0.184215065861618,True
2026-06-01T19:13:30,40,32,400032,"ARX(2,2)",-181.68845134891305,381.3769026978261,411.7126449509751,True,0,2.6687486946100427,0.2816711518345686,0.271008017273534,0.8416492501527141,0.0038275784308852,0.3230379253755807,0.41070941227217,0.1634350132163619,0.1944765913893767,True
2026-06-01T19:14:39,40,33,400033,"ARX(2,2)",-181.6884360708237,381.3768721416475,411.7126143947965,True,0,2.6605458620436155,0.2819926101159049,0.2714644437515675,0.8404490573119551,0.0040490215205879,0.3232568722488285,0.4109097987205651,0.1632599712445543,0.1940761816803882,True
2026-06-01T19:16:17,40,34,400034,"ARX(2,2)",-181.68945421643957,381.3789084328791,411.7146506860281,True,0,2.696297151939147,0.2811010132013643,0.2692391609361944,0.8429819221061908,0.0046303894265689,0.3228361578409389,0.4120631468644876,0.1644392594325411,0.1912162196039521,True
2026-06-01T19:17:50,40,35,400035,"ARX(2,2)",-181.69049639405625,381.3809927881125,411.7167350412614,True,0,2.6956206316624995,0.2781381994253981,0.2695735009743858,0.847108945137401,0.0032606762293678,0.3202505808189742,0.4169536976048185,0.1619677401466599,0.1943628123732156,True
2026-06-01T19:19:54,40,36,400036,"ARX(2,2)",-181.68846347445705,381.3769269489141,411.712669202063,True,0,2.671606184170935,0.2820168928533311,0.2707719257086737,0.8406299968837967,0.0040765613520485,0.3227781287362578,0.411454914260559,0.1633127485400742,0.193930751122118,True
2026-06-01T19:21:36,40,37,400037,"ARX(2,2)",-181.68853520706023,381.37707041412045,411.7128126672694,True,0,2.654645518365212,0.2815941199238254,0.2718774945865472,0.8417463054751951,0.0041102053650764,0.3232791037035973,0.4118899463974448,0.1631540185930787,0.1930481339607224,True
2026-06-01T19:23:23,40,38,400038,"ARX(2,2)",-181.68843899640763,381.37687799281525,411.7126202459642,True,0,2.662258260997168,0.2824326562005287,0.2713645964918479,0.8394107701449983,0.0046100031430032,0.3233639182752313,0.4105527318304288,0.1631572422362895,0.1939060280445362,True
2026-06-01T19:24:36,40,39,400039,"ARX(2,2)",-181.6884628098153,381.3769256196306,411.7126678727796,True,0,2.6722873094659887,0.2826722041678192,0.2706804795372323,0.8393166470981018,0.0040423149752962,0.3231544598094544,0.4104779322691098,0.1634228233843123,0.1943928006306036,True
2026-06-01T19:26:13,40,40,400040,"ARX(2,2)",-181.6884529879668,381.3769059759336,411.71264822908256,True,0,2.659988106054992,0.2820130206499264,0.2715001681913878,0.8403630928059739,0.004131927440089,0.3231492738456166,0.4121702004514598,0.1632130499710195,0.1929127489542166,True
2026-06-01T18:26:22,41,1,410001,"ARX(2,2)",-181.69239425741165,381.3847885148233,411.72053076797226,True,0,2.5952810439983565,0.2896703498513342,0.2746366167151547,0.828385544839701,0.0076137574278565,0.3349425158273568,0.3968462503407419,0.1643908711899782,0.1886356758934038,True
2026-06-01T18:28:05,41,2,410002,"ARX(2,2)",-181.68858718858536,381.3771743771707,411.7129166303197,True,0,2.6788978324417534,0.2831362678194752,0.2703120655789958,0.8382757781365857,0.0044859813476331,0.3232731056431971,0.4096371376450853,0.1636664409492419,0.1944126708061051,True
2026-06-01T18:29:50,41,3,410003,"ARX(2,2)",-181.6884281499144,381.3768562998288,411.7125985529778,True,0,2.664399068178401,0.2826174431342203,0.271244907979247,0.8389599074582864,0.004311732849698,0.3233125962386262,0.4103187104823471,0.1633748212365277,0.1942444480533391,True
2026-06-01T18:31:28,41,4,410004,"ARX(2,2)",-181.688468506421,381.376937012842,411.71267926599097,True,0,2.672253140222492,0.2828717628148138,0.270700185062018,0.8388028122053993,0.0044383742905113,0.3232834736764105,0.4102389529524274,0.1634696069393045,0.1939734057020058,True
2026-06-01T18:32:56,41,5,410005,"ARX(2,2)",-181.69044872555924,381.38089745111847,411.7166397042674,True,0,2.6869508629917696,0.2806935470782295,0.2703191696824131,0.8419441050238589,0.0040552313706134,0.320921233275098,0.4229140097309368,0.1633813346136685,0.1860957382581365,True
2026-06-01T18:34:42,41,6,410006,"ARX(2,2)",-181.6885071548064,381.3770143096127,411.7127565627617,True,0,2.6568803894075343,0.2815424408121572,0.2717160601676855,0.8414531693688219,0.004356502497622,0.3232755367168841,0.4098648151784446,0.1633293298103349,0.1948308594584037,True
2026-06-01T18:36:44,41,7,410007,"ARX(2,2)",-181.6892132385344,381.3784264770688,411.7141687302178,True,0,2.6932221924612443,0.2847905445836491,0.2694042836220137,0.8348793889209217,0.0048549927876594,0.3232340782605598,0.4093905950945859,0.1634346301029733,0.1946793069494066,True
2026-06-01T18:38:10,41,8,410008,"ARX(2,2)",-181.68882140934767,381.37764281869545,411.7133850718444,True,0,2.657997681015088,0.2837483500155674,0.2713042520965346,0.8371619531842655,0.0036912589605374,0.3230270007910771,0.4113820815260026,0.1626648087432338,0.1942934726504936,True
2026-06-01T18:39:51,41,9,410009,"ARX(2,2)",-181.68950954893523,381.37901909787047,411.7147613510194,True,0,2.6302403660201588,0.2813690910563506,0.2734169943081739,0.8415303026769356,0.0040918208764355,0.3237984841816912,0.4120360699301707,0.1627785257154398,0.1928091562472794,True
2026-06-01T18:41:28,41,10,410010,"ARX(2,2)",-181.688601774189,381.377203548378,411.712945801527,True,0,2.6517795435817977,0.2818287324714023,0.2720935169198177,0.8402783342411967,0.0040210655743103,0.3232203423292034,0.4111824833925807,0.1633673743928964,0.1939596848120742,True
2026-06-01T18:42:41,41,11,410011,"ARX(2,2)",-181.6886192195976,381.3772384391952,411.7129806923441,True,0,2.6791409389149097,0.2817922122642407,0.2702852609723466,0.8414155981919691,0.0036804171348763,0.3229429089442904,0.4114074151477072,0.1631962948710495,0.1944391227642042,True
2026-06-01T18:44:05,41,12,410012,"ARX(2,2)",-181.68843769816425,381.3768753963285,411.7126176494775,True,0,2.6620754143766794,0.2817685214484039,0.2713924677094816,0.8406920233751095,0.0040368279839617,0.3229550715397181,0.4112210500175937,0.1633058413137123,0.1941510747179599,True
2026-06-01T18:46:53,41,13,410013,"ARX(2,2)",-181.68903582014372,381.3780716402875,411.71381389343645,True,0,2.692824821651576,0.2829551608010222,0.2694202557357708,0.8389183879604759,0.0041024565988246,0.3228747325959362,0.410924320779544,0.163623243566288,0.1940051289157414,True
2026-06-01T18:48:08,41,14,410014,"ARX(2,2)",-181.68846216602668,381.37692433205336,411.7126665852023,True,0,2.658851244829282,0.282567128916028,0.2715561265818804,0.839596169124115,0.0042239337902252,0.3235067153029169,0.4102408992718916,0.1633797146926563,0.1940377690615124,True
2026-06-01T18:49:30,41,15,410015,"ARX(2,2)",-181.68919967474372,381.3783993494875,411.71414160263646,True,0,2.6961362846653825,0.2831877622349087,0.2692296104457083,0.8383166634878954,0.0043845763991631,0.3227828116829296,0.4114073361150936,0.1636665218343132,0.1933656411868011,True
2026-06-01T18:50:56,41,16,410016,"ARX(2,2)",-181.6885066800276,381.3770133600552,411.7127556132042,True,0,2.675174275208125,0.2823249593726716,0.2705741224810312,0.8399693333176973,0.004239443970112,0.322994366476279,0.4116623770551278,0.1633679542745848,0.1932703230730905,True
2026-06-01T18:52:28,41,17,410017,"ARX(2,2)",-181.68850448462,381.37700896924,411.712751222389,True,0,2.655684184271814,0.2818088730238698,0.271819969791356,0.8409671208748086,0.0042226657967182,0.3232458499192098,0.4117372337764237,0.1631098620052167,0.1932639206914614,True
2026-06-01T18:54:08,41,18,410018,"ARX(2,2)",-181.68845721359264,381.3769144271853,411.7126566803343,True,0,2.670326576151945,0.282894541268608,0.270861241999812,0.8386348591275713,0.0043718447120455,0.3233116080525469,0.4101890714868649,0.1633340319421831,0.1944794461893488,True
2026-06-01T18:55:28,41,19,410019,"ARX(2,2)",-181.68843875785672,381.37687751571343,411.7126197688624,True,0,2.6617435934143203,0.2819241678536253,0.2713910752809599,0.8403106585647909,0.0040420614100626,0.3230863237541565,0.4102628326571366,0.1633464563754987,0.1948698133771214,True
2026-06-01T18:56:54,41,20,410020,"ARX(2,2)",-181.6885298804037,381.3770597608074,411.7128020139564,True,0,2.655276182795178,0.2823127549446892,0.2717782623684471,0.8400523953292897,0.0039894039874405,0.3233349772162648,0.4096985774172342,0.162999763600498,0.1954798623344011,True
2026-06-01T18:58:38,41,21,410021,"ARX(2,2)",-181.6885474387533,381.3770948775066,411.71283713065554,True,0,2.669940455645164,0.2812074285846815,0.270814608301366,0.843462071753588,0.0031942460983162,0.3229175600766306,0.4108599733495304,0.1633080989945379,0.1951094841408608,True
2026-06-01T18:59:51,41,22,410022,"ARX(2,2)",-181.6884961223408,381.3769922446816,411.7127344978305,True,0,2.6748971389690603,0.2826154612316094,0.2705496416227452,0.8394615873607156,0.0042427055715646,0.323064781153476,0.4106918974270698,0.1636570042408741,0.1938281197280177,True
2026-06-01T19:01:18,41,23,410023,"ARX(2,2)",-181.6884543675472,381.37690873509433,411.7126509882433,True,0,2.661501580822361,0.2827663906895691,0.2713353880940798,0.8390315514577397,0.0043091480712196,0.3231840920102908,0.4105523073041028,0.1632224452479203,0.19422331979726,True
2026-06-01T19:03:51,41,24,410024,"ARX(2,2)",-181.68887032126332,381.3777406425267,411.71348289567567,True,0,2.6721364965943466,0.2801311894759015,0.270592891728258,0.8437710837838431,0.004679350563765,0.3232258059257356,0.4108227666712754,0.1631812071335886,0.1941504984762703,True
2026-06-01T19:05:10,41,25,410025,"ARX(2,2)",-181.68850285133956,381.3770057026791,411.712747955828,True,0,2.672804000985641,0.2815786103194206,0.2707204414663618,0.8415507093139556,0.0042661276209708,0.32296011893,0.409494931394489,0.1633272636999504,0.1955983130091715,True
2026-06-01T19:06:36,41,26,410026,"ARX(2,2)",-181.68959399442417,381.37918798884834,411.7149302419973,True,0,2.697630942074077,0.2831676338183758,0.2691696539910679,0.8361882040136689,0.0052217679537158,0.3225439498110004,0.4144169605779826,0.1628105125236079,0.1912866423585961,True
2026-06-01T19:08:11,41,27,410027,"ARX(2,2)",-181.68846395891052,381.3769279178211,411.71267017097006,True,0,2.6615221532673465,0.2826867021661799,0.271413680344196,0.8385651008039172,0.0043959068169627,0.323030102461064,0.410789933869275,0.1630513907144155,0.1944676844193163,True
2026-06-01T19:09:57,41,28,410028,"ARX(2,2)",-181.692440304166,381.384880608332,411.720622861481,True,0,2.584944993630534,0.2890469157410341,0.2753111815314411,0.8298040514870202,0.0075347199198089,0.3354092238959654,0.3961071706311545,0.1643054023728135,0.1888739453239619,True
2026-06-01T19:11:36,41,29,410029,"ARX(2,2)",-181.68848813257995,381.3769762651599,411.71271851830886,True,0,2.6572252803302407,0.2823744675998512,0.2716827983690836,0.839619052801523,0.0042465217331927,0.3230740531420077,0.4109490676347814,0.1633914826853916,0.1938481082539286,True
2026-06-01T19:13:05,41,30,410030,"ARX(2,2)",-181.6893566445005,381.378713289001,411.71445554215,True,0,2.6959566068990446,0.2824570494171763,0.2692842282172729,0.8399017681554672,0.0046919559389778,0.3221885836114773,0.4127187994332064,0.1632719418110885,0.1923855716758154,True
2026-06-01T19:14:31,41,31,410031,"ARX(2,2)",-181.6885009792241,381.3770019584482,411.7127442115972,True,0,2.656311527503818,0.2814919134436732,0.271744707836522,0.8414871482372093,0.0038759277475633,0.3232582562656684,0.410181746993602,0.1632000957441237,0.1951016008978235,True
2026-06-01T19:16:07,41,32,410032,"ARX(2,2)",-181.6884186799208,381.3768373598416,411.71257961299057,True,0,2.665797906741994,0.2823359080311312,0.2711129566758907,0.8396343534074915,0.0041705384209811,0.32326588193914,0.410342012096213,0.1633135083398528,0.1944874985952513,True
2026-06-01T19:17:25,41,33,410033,"ARX(2,2)",-181.6886782339629,381.3773564679258,411.71309872107474,True,0,2.648208922626993,0.2814173309650157,0.2722888668093486,0.8414661700785233,0.0040209306877473,0.3234339869062054,0.4112975591807279,0.1631448855794299,0.1937024208517375,True
2026-06-01T19:19:12,41,34,410034,"ARX(2,2)",-181.68856566723912,381.37713133447824,411.7128735876272,True,0,2.6529605639479734,0.2814415575401527,0.2719787712214486,0.8415111352725279,0.0042436096279326,0.3234926279776377,0.4099730470130482,0.1631538974590148,0.1947671282830617,True
2026-06-01T19:20:44,41,35,410035,"ARX(2,2)",-181.6884742509397,381.3769485018794,411.7126907550284,True,0,2.672814075236777,0.2825040767119497,0.2706857632337396,0.8397919008292233,0.0044545607980998,0.3230051621612876,0.4111963061697819,0.1634066306062424,0.1934638168672232,True
2026-06-01T19:22:08,41,36,410036,"ARX(2,2)",-181.6884953085264,381.3769906170528,411.7127328702017,True,0,2.657128370383917,0.2814214263642878,0.2716977900676478,0.8415781328076979,0.0042248241094563,0.3233639141795131,0.4115835354189488,0.1631235614485639,0.1932404299348089,True
2026-06-01T19:24:00,41,37,410037,"ARX(2,2)",-181.6884462610149,381.3768925220297,411.7126347751787,True,0,2.671236858269148,0.2823683685132219,0.2707903172035829,0.8399395976358636,0.0040318537033667,0.3231452564286492,0.410176187518547,0.1634093402135671,0.1947643518819359,True
2026-06-01T19:25:32,41,38,410038,"ARX(2,2)",-181.68848580823268,381.37697161646537,411.71271386961433,True,0,2.6592831581191088,0.28203076809235,0.2715418341358862,0.840971696418351,0.0035656970632793,0.3231304344874722,0.4100492849587319,0.1632250977232838,0.195594599959613,True
2026-06-01T19:27:04,41,39,410039,"ARX(2,2)",-181.6913847858466,381.3827695716932,411.71851182484215,True,0,2.694805292016337,0.2772890457023098,0.2694840569644922,0.8490110648145731,0.003957021055849,0.3215397116410977,0.4171621738311073,0.1614860865627471,0.1936539351559688,True
2026-06-01T19:28:14,41,40,410040,"ARX(2,2)",-181.6897385804346,381.3794771608692,411.7152194140182,True,0,2.6888540800775456,0.2876713223801116,0.2696523282187017,0.8294415213164417,0.0051392880657026,0.3233952979425354,0.4069278858229523,0.1636193407771596,0.1963340987064576,True
2026-06-01T18:22:44,42,1,420001,"ARX(2,2)",-181.6884925151164,381.3769850302329,411.7127272833818,True,0,2.65608618321816,0.2820448101960504,0.2717534341191909,0.8404408102322233,0.0040125821279509,0.3233981961725373,0.4101072597160533,0.1632315826085807,0.1947974380790641,True
2026-06-01T18:24:12,42,2,420002,"ARX(2,2)",-181.68844139783664,381.3768827956733,411.7126250488223,True,0,2.6644480431005704,0.2828096781491485,0.2712225685067309,0.83895773476837,0.0043411719164504,0.3233471159230769,0.4117697581364017,0.1633233610656586,0.1927323149992336,True
2026-06-01T18:25:34,42,3,420003,"ARX(2,2)",-181.6885092105242,381.3770184210484,411.7127606741973,True,0,2.672725129098803,0.2835144019048411,0.270704328361811,0.8374529079639605,0.0044788029459401,0.3234047887714459,0.4098238853542103,0.1634816317262972,0.1943024646000172,True
2026-06-01T18:27:27,42,4,420004,"ARX(2,2)",-181.6887993573505,381.377598714701,411.71334096784994,True,0,2.6450131985484435,0.2812405071433944,0.2724250933967377,0.8416596708943218,0.0039637735418141,0.3234338178132242,0.4102922469551534,0.1629658714455928,0.1950174532129828,True
2026-06-01T18:28:46,42,5,420005,"ARX(2,2)",-181.68844916829607,381.37689833659215,411.7126405897411,True,0,2.6630992058960405,0.2821274207219056,0.2713027543414386,0.8404125671029901,0.0040154068415922,0.3233461603037547,0.4123263203858398,0.1632424506718511,0.1926175426407795,True
2026-06-01T18:30:04,42,6,420006,"ARX(2,2)",-181.68862778306917,381.3772555661383,411.7129978192872,True,0,2.676500051005059,0.2826333862167541,0.2703620496072459,0.8389778553660211,0.0037462216209464,0.3226551199994302,0.4098105884014555,0.163113182063711,0.1961967893060945,True
2026-06-01T18:31:30,42,7,420007,"ARX(2,2)",-181.688533105706,381.377066211412,411.7128084645609,True,0,2.6772627069970367,0.2823240602201137,0.270408116324194,0.8398579412412841,0.0042442692553323,0.3230617648105831,0.4103320326197223,0.1636363381799964,0.1942403599985668,True
2026-06-01T18:33:03,42,8,420008,"ARX(2,2)",-181.6884675989633,381.3769351979266,411.7126774510756,True,0,2.6628246588724918,0.2832587637325618,0.271348965850755,0.8378358507239672,0.004465219278098,0.3232444179663812,0.4104239136509813,0.1633201355897886,0.1942126906878645,True
2026-06-01T18:34:14,42,9,420009,"ARX(2,2)",-181.68846013916647,381.37692027833305,411.712662531482,True,0,2.672504177149111,0.2820990637138755,0.2707081044675034,0.8403107431001661,0.0041148400152785,0.3231288194664647,0.4109179074576022,0.1634047035247225,0.1940248933714139,True
2026-06-01T18:35:23,42,10,420010,"ARX(2,2)",-181.6884381207559,381.3768762415118,411.7126184946608,True,0,2.6643803922309264,0.282773825843496,0.2712116542526708,0.8391005483491762,0.0044012412200556,0.3234287593351245,0.4100036142771848,0.1636305181374952,0.1939296649799677,True
2026-06-01T18:36:33,42,11,420011,"ARX(2,2)",-181.68844718391705,381.3768943678341,411.712636620983,True,0,2.669136262004707,0.2824594145951943,0.2709576960486898,0.8395480126785849,0.0045451894509248,0.3233216376822319,0.4098978177703321,0.1637021709978432,0.1940728483384787,True
2026-06-01T18:37:50,42,12,420012,"ARX(2,2)",-181.6884470255169,381.3768940510338,411.7126363041828,True,0,2.660051448811292,0.2821068543036958,0.271501640696954,0.8399912695349799,0.0043307966205542,0.3234701118625007,0.4099567541751227,0.1633952696099467,0.1943772307647438,True
2026-06-01T18:39:53,42,13,420013,"ARX(2,2)",-181.68842633797064,381.3768526759413,411.71259492909024,True,0,2.6667613343789784,0.2827702912275691,0.2710529123567101,0.8390356291022258,0.0042629310738874,0.3232309587856752,0.4105925694609936,0.1633496525514956,0.1940307310779827,True
2026-06-01T18:41:39,42,14,420014,"ARX(2,2)",-181.68843892139165,381.3768778427833,411.71262009593227,True,0,2.6673947335947448,0.282017065780176,0.2710514922122533,0.8400538166198617,0.0043618076337871,0.3229719601944157,0.4117311368984885,0.1631101645398803,0.1935232006053504,True
2026-06-01T18:43:06,42,15,420015,"ARX(2,2)",-181.6884311187195,381.376862237439,411.712604490588,True,0,2.661932185198639,0.2825221683696327,0.2713738300637663,0.8393363849553017,0.0042951144300698,0.323213707982125,0.4106971103580089,0.1632898790181915,0.1940370739579188,True
2026-06-01T18:44:37,42,16,420016,"ARX(2,2)",-181.68846455426785,381.3769291085357,411.7126713616847,True,0,2.663518439175697,0.2825693205387459,0.2712885718014133,0.8391027815238578,0.0049490450162162,0.3234198750930573,0.4109417466486957,0.1631878509127343,0.193018138523854,True
2026-06-01T18:46:27,42,17,420017,"ARX(2,2)",-181.6884964856164,381.3769929712328,411.7127352243817,True,0,2.6647963305042643,0.2826806527896787,0.2712179076215082,0.8383759833725629,0.0048881849683975,0.3233492818258357,0.4123006926627073,0.1628485374691343,0.1923806103909148,True
2026-06-01T18:47:35,42,18,420018,"ARX(2,2)",-181.6887237801381,381.3774475602762,411.7131898134252,True,0,2.6689515817662124,0.2817980674080819,0.2709721043122086,0.8438192768798684,0.0031671517363371,0.3237369770270615,0.410360861604887,0.1635371963203844,0.1940725482413157,True
2026-06-01T18:48:45,42,19,420019,"ARX(2,2)",-181.6886033540941,381.3772067081883,411.7129489613373,True,0,2.651835850841448,0.2812628011186302,0.2720779193703155,0.8416534274406875,0.0039325455566838,0.3230475589778572,0.4119984015788525,0.1632314381810277,0.1934862547353829,True
2026-06-01T18:50:06,42,20,420020,"ARX(2,2)",-181.6925180118278,381.3850360236556,411.7207782768045,True,0,2.601892215946016,0.28930774493452,0.2742244446536968,0.8285006346759283,0.0080283592116809,0.3340211428616277,0.3967634144674117,0.1642922490720488,0.1896379504931803,True
2026-06-01T18:51:50,42,21,420021,"ARX(2,2)",-181.68846185754225,381.3769237150845,411.7126659682334,True,0,2.667970552584854,0.2831765017895331,0.2709959088132409,0.8378772253354693,0.0043826218855739,0.3231055805881743,0.411588932721883,0.1632191667723149,0.1933365903396214,True
2026-06-01T18:53:37,42,22,420022,"ARX(2,2)",-181.68910061411603,381.37820122823206,411.713943481381,True,0,2.691013811763514,0.2824816814933203,0.2696985217306127,0.8398417888108463,0.0036389893339051,0.3221488535518599,0.4132622227362516,0.1631796461746915,0.1936413657209383,True
2026-06-01T18:55:10,42,23,420023,"ARX(2,2)",-181.69238163184087,381.38476326368175,411.7205055168307,True,0,2.5929226369004503,0.2895939303927946,0.2747865865957443,0.8287287785208409,0.0076158724818768,0.3351691405877859,0.3955378337571759,0.1644122201994912,0.1895423673078305,True
2026-06-01T18:56:51,42,24,420024,"ARX(2,2)",-181.692388975348,381.38477795069593,411.7205202038449,True,0,2.5926197036403416,0.2892395966707186,0.2747964732130221,0.8294193824824876,0.0076136059581982,0.3352587183840082,0.3955715403824661,0.1643874920090887,0.1893516958085118,True
2026-06-01T18:58:29,42,25,420025,"ARX(2,2)",-181.68917351542652,381.3783470308531,411.71408928400206,True,0,2.693744576878466,0.2839332148455765,0.2693901903954855,0.8370775920439727,0.0050013534906703,0.3233331869723741,0.4077623517366145,0.1638128736718116,0.1954801304465844,True
2026-06-01T19:00:03,42,26,420026,"ARX(2,2)",-181.68844581472624,381.3768916294525,411.7126338826015,True,0,2.6628030027998526,0.282276499594129,0.2712890146716581,0.8401155737841344,0.0042391521341625,0.3230503081257247,0.4119790138837584,0.1629889453459472,0.1933138182249391,True
2026-06-01T19:01:43,42,27,420027,"ARX(2,2)",-181.6885414031626,381.3770828063252,411.7128250594741,True,0,2.654964931827354,0.2827597929170424,0.2717723839016671,0.8388058747312377,0.004254435847185,0.3235006504735469,0.4102840560404133,0.1634765057654096,0.1940180744882229,True
2026-06-01T19:03:05,42,28,420028,"ARX(2,2)",-181.6884952793975,381.376990558795,411.712732811944,True,0,2.656304201818619,0.2822432568950945,0.2717069365566638,0.8397307185878866,0.0043383766756327,0.3232457935696759,0.4106966648718683,0.1632443459800342,0.1940920923333289,True
2026-06-01T19:04:23,42,29,420029,"ARX(2,2)",-181.6887456400499,381.3774912800998,411.7132335332488,True,0,2.646040401782088,0.2817024666142609,0.2723801968783725,0.840979336541264,0.0038964381596538,0.3234597388640036,0.4113832600056627,0.1629906552336802,0.1937610805827718,True
2026-06-01T19:06:21,42,30,420030,"ARX(2,2)",-181.6885317924309,381.3770635848617,411.7128058380107,True,0,2.655983813826545,0.2814264909676499,0.2717568324939078,0.8410713025591544,0.0041794674774998,0.3230268392690011,0.4127083175744944,0.1629579606562916,0.1928616751339787,True
2026-06-01T19:08:18,42,31,420031,"ARX(2,2)",-181.68853370503024,381.3770674100605,411.71280966320944,True,0,2.6539595159203166,0.2816435955342679,0.2718788454796021,0.8414061976130723,0.0040379631213305,0.3232685554253885,0.4109767502353912,0.1632052968892579,0.1940709313016301,True
2026-06-01T19:10:04,42,32,420032,"ARX(2,2)",-181.69184231305485,381.3836846261097,411.71942687925866,True,0,2.721786981399984,0.277947783946229,0.2678942517314069,0.8482821524042892,0.0020520479873097,0.3205405729971378,0.4209743559079331,0.1621111958259604,0.1909852248755952,True
2026-06-01T19:11:41,42,33,420033,"ARX(2,2)",-181.68841792844776,381.3768358568955,411.7125781100445,True,0,2.6638837150526675,0.2820265464914073,0.2712674746900725,0.840456730699655,0.0042187691985197,0.3232264722625786,0.4110375331786008,0.1632968231988322,0.1937834946826688,True
2026-06-01T19:13:08,42,34,420034,"ARX(2,2)",-181.68851291252705,381.3770258250541,411.7127680782031,True,0,2.669561377112734,0.2819118560504046,0.2709187147343093,0.8401048929420257,0.0040899574501887,0.3236166983963939,0.4085195442759746,0.1637486542566964,0.1954255612492865,True
2026-06-01T19:14:22,42,35,420035,"ARX(2,2)",-181.68859578294888,381.37719156589776,411.7129338190467,True,0,2.66278799849842,0.2821521057013451,0.2711989667680212,0.8402354507144462,0.0050530115702516,0.324003277614755,0.4091859360870917,0.1637845655280621,0.1932754072754894,True
2026-06-01T19:16:12,42,36,420036,"ARX(2,2)",-181.689593774506,381.37918754901193,411.7149298021609,True,0,2.7014187854682383,0.2828440203724455,0.2689404118169244,0.8388450371333912,0.0040293787578122,0.321639840602673,0.4131221754863974,0.1634672583214937,0.1936327269351555,True
2026-06-01T19:18:06,42,37,420037,"ARX(2,2)",-181.68842503482912,381.3768500696583,411.7125923228072,True,0,2.665260643511141,0.2824884578291927,0.2711653307064604,0.8395931135394014,0.0044454789474065,0.3232599950120924,0.4110721281925874,0.1633961909586176,0.1933880589599532,True
2026-06-01T19:19:34,42,38,420038,"ARX(2,2)",-181.68865772747117,381.3773154549423,411.7130577080912,True,0,2.6805368512205474,0.2817066479049633,0.2702019847495811,0.8416618971753769,0.0040100995473417,0.3228490447081498,0.412482115692281,0.1633259191089412,0.1928171328632688,True
2026-06-01T19:21:06,42,39,420039,"ARX(2,2)",-181.68842359486547,381.3768471897309,411.7125894428799,True,0,2.667459211185148,0.2823704308357668,0.271015355359745,0.8400523883332253,0.0041575750245885,0.3232583147185536,0.4097829073025347,0.1634422141181067,0.1948681657357618,True
2026-06-01T19:22:51,42,40,420040,"ARX(2,2)",-181.68847872283385,381.3769574456677,411.7126996988167,True,0,2.6587169865138653,0.2813078118128338,0.2716060115463983,0.841859385880607,0.0042088841007757,0.3232490316135656,0.4115875663177255,0.1631574751250013,0.1934069539297767,True
2026-06-01T18:28:43,43,1,430001,"ARX(2,2)",-181.6884622977348,381.3769245954695,411.7126668486185,True,0,2.658769803554186,0.2819968101654683,0.2715945789540533,0.840540315837974,0.0041329028670122,0.3232766790820533,0.4118625479321049,0.1632618107087549,0.1929822680704585,True
2026-06-01T18:30:18,43,2,430002,"ARX(2,2)",-181.68889194382075,381.3777838876415,411.71352614079046,True,0,2.688259461676079,0.2820912718586955,0.2695936095337239,0.8399386733485232,0.0042953516970292,0.3229568666294958,0.4107474291221399,0.1636811210846111,0.1937487771896422,True
2026-06-01T18:31:27,43,3,430003,"ARX(2,2)",-181.6884343127237,381.3768686254474,411.7126108785964,True,0,2.6695679275476234,0.2821690352383714,0.2708875177956667,0.8400310962994882,0.0042990946248099,0.3233370900310478,0.4104539947256296,0.1633537949010616,0.1941137731953716,True
2026-06-01T18:33:20,43,4,430004,"ARX(2,2)",-181.6923851086466,381.3847702172932,411.72051247044215,True,0,2.59474832210182,0.2897726592494467,0.2746574626089138,0.8282363708525095,0.0076923298236179,0.3350826616338512,0.3955672559121173,0.1644317613103031,0.189556959714557,True
2026-06-01T18:35:27,43,5,430005,"ARX(2,2)",-181.68863717539463,381.37727435078926,411.71301660393823,True,0,2.6534870777734128,0.2825097208624038,0.2718366759955116,0.8400682522422097,0.0043508687158569,0.32392103772438,0.4113267269368686,0.1636587110744172,0.1918315893306534,True
2026-06-01T18:36:44,43,6,430006,"ARX(2,2)",-181.68856635512776,381.3771327102555,411.7128749634045,True,0,2.6636106810902107,0.2805866341283117,0.27131327814445,0.8438263956680817,0.0040355432315146,0.3235634015853146,0.4078149582691654,0.1635331600140669,0.1965320212976499,True
2026-06-01T18:38:45,43,7,430007,"ARX(2,2)",-181.688637603223,381.377275206446,411.713017459595,True,0,2.67485631569294,0.2837097632620449,0.2705759764312956,0.836632600130276,0.0048801453900828,0.3231259619895263,0.4134941832079849,0.1631693161543607,0.1909017209301887,True
2026-06-01T18:40:34,43,8,430008,"ARX(2,2)",-181.68843511915304,381.3768702383061,411.7126124914551,True,0,2.6628996901374444,0.2823458455652646,0.2713211585287748,0.8396074287246621,0.0040597515368597,0.3230875505261823,0.4101274215305529,0.1633550185969835,0.1950367433256856,True
2026-06-01T18:42:13,43,9,430009,"ARX(2,2)",-181.6888167106314,381.3776334212628,411.7133756744117,True,0,2.668245656738222,0.2807217079740449,0.2709607247046235,0.8438978282919734,0.002595157937043,0.3229014349748139,0.4071612119692613,0.1628949963791535,0.2001640847914382,True
2026-06-01T18:43:46,43,10,430010,"ARX(2,2)",-181.68842707874316,381.3768541574863,411.7125964106352,True,0,2.663933338445219,0.2820178193868151,0.2712748424586916,0.840587174330955,0.0043592671641206,0.3231053478494635,0.410859973987978,0.1634917923312983,0.193733836001059,True
2026-06-01T18:45:30,43,11,430011,"ARX(2,2)",-181.688554001807,381.377108003614,411.712850256763,True,0,2.6541508825352462,0.2817731742433871,0.2719405493485002,0.8413411519367515,0.004212106255786,0.3230340187627167,0.4115577142395411,0.1633491217634085,0.1934819834596654,True
2026-06-01T18:46:52,43,12,430012,"ARX(2,2)",-181.68960502198345,381.3792100439669,411.7149522971158,True,0,2.6625759724976907,0.2825960840392515,0.2711807359685445,0.8409599663602934,0.004421537902853,0.3234047772932849,0.4218988939223194,0.1623737706137659,0.1827753876251412,True
2026-06-01T18:49:03,43,13,430013,"ARX(2,2)",-181.68845467433533,381.37690934867067,411.7126516018196,True,0,2.672047915653254,0.2823213833874741,0.2707450685777069,0.8398301303821142,0.0043245251001924,0.3230928496477996,0.4111055634669465,0.1633840934347965,0.1936773591471279,True
2026-06-01T18:50:51,43,14,430014,"ARX(2,2)",-181.6884530496642,381.3769060993284,411.7126483524773,True,0,2.6720962942795907,0.2825062207837202,0.2707366476207322,0.8395338240477588,0.004228663820663,0.3231767861580151,0.4102751009967833,0.1634798706600078,0.194373966536773,True
2026-06-01T18:52:31,43,15,430015,"ARX(2,2)",-181.6884351208774,381.3768702417548,411.7126124949037,True,0,2.6632433050467568,0.2821049599450093,0.2712807280953946,0.8402557621507923,0.0039363323373571,0.3231339161810371,0.4114109617199672,0.1630313863991812,0.19408561376875,True
2026-06-01T18:53:53,43,16,430016,"ARX(2,2)",-181.6885504546776,381.3771009093553,411.7128431625042,True,0,2.6539986995763587,0.2816550477238999,0.2718853883858979,0.8409137291027958,0.0038158564511343,0.3234332672882434,0.4100104557466404,0.1630724212164702,0.1953481059794913,True
2026-06-01T18:55:36,43,17,430017,"ARX(2,2)",-181.68873947586044,381.3774789517209,411.71322120486985,True,0,2.6466173347181043,0.2811558625004191,0.27235752711351,0.8420461785052431,0.0041753558904476,0.3234496040864171,0.4114610732674627,0.1629885671828217,0.1934958752054931,True
2026-06-01T18:57:22,43,18,430018,"ARX(2,2)",-181.6913917189537,381.3827834379074,411.7185256910564,True,0,2.719680501441596,0.279608468190241,0.2677442095133038,0.845610386746565,0.0019976899611362,0.3226008068723637,0.4146364513726591,0.163150009153492,0.1931348214409369,True
2026-06-01T18:58:39,43,19,430019,"ARX(2,2)",-181.68841818889456,381.3768363777891,411.7125786309381,True,0,2.6655993161559186,0.2823150626391875,0.271159890753315,0.8399430103692779,0.0043260194556366,0.3231660978295714,0.4111695889203914,0.1633568162093615,0.1935187765867389,True
2026-06-01T19:00:35,43,20,430020,"ARX(2,2)",-181.68929102254097,381.37858204508194,411.7143242982309,True,0,2.687308710371934,0.284461206265156,0.2693716506188215,0.834765638443585,0.0049435587971596,0.3233100081081865,0.411510201083296,0.1641076171001609,0.1911155694108374,True
2026-06-01T19:02:26,43,21,430021,"ARX(2,2)",-181.6884547473918,381.3769094947836,411.71265174793257,True,0,2.6701378730670173,0.2815263449986928,0.2708777365981886,0.8417156207202489,0.0040156144519637,0.3229874264033884,0.4103139038415732,0.1635274806066559,0.1947104870572555,True
2026-06-01T19:04:15,43,22,430022,"ARX(2,2)",-181.6885060185309,381.3770120370618,411.7127542902108,True,0,2.675321086087905,0.2822849897969466,0.2705434599778256,0.8403961778623499,0.0043309752756373,0.3230214421055106,0.4107065623402964,0.163519036970645,0.1938544230053934,True
2026-06-01T19:05:29,43,23,430023,"ARX(2,2)",-181.6884381834387,381.3768763668774,411.7126186200264,True,0,2.6602226874607435,0.2819873472884472,0.2714989774173367,0.8405414183611845,0.0041646978729774,0.3232406782262826,0.410838962909561,0.163237173387955,0.1941272045920185,True
2026-06-01T19:07:13,43,24,430024,"ARX(2,2)",-181.6884321992866,381.3768643985732,411.7126066517222,True,0,2.666738343742734,0.2825391944062074,0.2710967650891254,0.8392298011012446,0.0044549010726521,0.3230184027813819,0.4115965912038714,0.1633905979848467,0.1931683155072972,True
2026-06-01T19:08:41,43,25,430025,"ARX(2,2)",-181.6886130986932,381.3772261973864,411.7129684505353,True,0,2.653563364179012,0.2830638853271328,0.2719202812896153,0.837609894497365,0.0048134373682544,0.3236304590885634,0.4108663429581851,0.1634812493693696,0.1927534651394966,True
2026-06-01T19:10:39,43,26,430026,"ARX(2,2)",-181.6888356264741,381.3776712529482,411.71341350609714,True,0,2.686796119731983,0.2836823697301719,0.2697682271855139,0.8373477501344979,0.0044849130127355,0.323054306910482,0.4106077258665309,0.1636000070183838,0.1936499605676956,True
2026-06-01T19:12:29,43,27,430027,"ARX(2,2)",-181.6884255905546,381.3768511811092,411.71259343425817,True,0,2.662282035919527,0.2818503411038801,0.2713837253825757,0.8408192883648832,0.0041480018692884,0.3232631975934429,0.4106494351150204,0.1633290006699624,0.1941794036919477,True
2026-06-01T19:13:37,43,28,430028,"ARX(2,2)",-181.68842373633183,381.3768474726637,411.7125897258127,True,0,2.6640265589216794,0.2822963611971057,0.2712393058687667,0.8398439883702787,0.0040839575473731,0.3231656864606541,0.4100918956585526,0.1632725720712706,0.1949874965765241,True
2026-06-01T19:15:38,43,29,430029,"ARX(2,2)",-181.68854224648555,381.3770844929711,411.71282674612,True,0,2.6775182116701437,0.2825136169674427,0.2703932180578931,0.8395800213329878,0.0043251922859,0.3232739946111571,0.4095423218127065,0.1635882625971393,0.194736345577345,True
2026-06-01T19:17:47,43,30,430030,"ARX(2,2)",-181.69238520664152,381.38477041328304,411.720512666432,True,0,2.595089027531512,0.2894481466750496,0.2746312436808803,0.8289989691519941,0.0075355766135128,0.3350686556374902,0.3957374596254557,0.1645037692361436,0.189420673128422,True
2026-06-01T19:19:20,43,31,430031,"ARX(2,2)",-181.6889642129025,381.377928425805,411.713670678954,True,0,2.650920636923947,0.2829606504755145,0.2720244294001987,0.8406670733133833,0.0032588750079186,0.3235941254843787,0.4094250184917848,0.1623284151077564,0.1969298743595688,True
2026-06-01T19:21:08,43,32,430032,"ARX(2,2)",-181.68895595104183,381.3779119020837,411.7136541552327,True,0,2.67021190658162,0.2815118414668029,0.2707621798068209,0.839935026764719,0.0027745816802048,0.3225352478095298,0.4160585534070446,0.1632476864900915,0.1913222376220738,True
2026-06-01T19:23:01,43,33,430033,"ARX(2,2)",-181.69023718112737,381.38047436225474,411.7162166154037,True,0,2.7057121020767023,0.2854337210458513,0.2685778502917156,0.8351999658658441,0.0028461993631587,0.3224430167623945,0.4091795466202625,0.163977560125159,0.1966712194505083,True
2026-06-01T19:24:50,43,34,430034,"ARX(2,2)",-181.68856476454184,381.3771295290837,411.71287178223264,True,0,2.67670723922704,0.2822122054589231,0.2705016758518018,0.840609748970823,0.0037257541790714,0.3228182626341563,0.4120753154225918,0.1634498978571714,0.1934706892949302,True
2026-06-01T19:26:26,43,35,430035,"ARX(2,2)",-181.68841992940776,381.3768398588155,411.7125821119645,True,0,2.666374890669687,0.2819677661964369,0.2710941521361721,0.8408149844614673,0.004074071351829,0.3233423407776701,0.4102055278431202,0.1634317386200651,0.1944228869753158,True
2026-06-01T19:28:08,43,36,430036,"ARX(2,2)",-181.68891799405316,381.3778359881063,411.7135782412552,True,0,2.6890511669082358,0.2823126239192349,0.2696800364030235,0.8397884098204524,0.0042582227708298,0.3225751023949828,0.4095171788725303,0.1641845842170574,0.195005648483555,True
2026-06-01T19:29:31,43,37,430037,"ARX(2,2)",-181.6884337632369,381.3768675264738,411.7126097796228,True,0,2.661357486613786,0.2819873184973788,0.2714320472251336,0.8401920152045036,0.0043090965336888,0.3232398715668577,0.4111010841472453,0.1632441114671687,0.193708818268383,True
2026-06-01T19:30:42,43,38,430038,"ARX(2,2)",-181.68844993852505,381.3768998770501,411.712642130199,True,0,2.669680175066445,0.2823296220572777,0.2708570505721864,0.8406019090189434,0.0039112826847765,0.3232230975531127,0.4111405509117556,0.1634016673374361,0.1936502947776932,True
2026-06-01T19:32:26,43,39,430039,"ARX(2,2)",-181.69178062541448,381.38356125082896,411.7193035039779,True,0,2.729258588383248,0.2840903055088323,0.2673113436045291,0.8371121921451788,0.0049405840524539,0.322969366188899,0.4121084513766903,0.1645756344986151,0.1908535957574052,True
2026-06-01T19:33:46,43,40,430040,"ARX(2,2)",-181.68846872483144,381.3769374496629,411.71267970281184,True,0,2.6732905297517657,0.2823880416004991,0.2706508310418286,0.8397472343877679,0.0042915725966833,0.3232374153260927,0.409900284278616,0.1635071776427153,0.1946027005569967,True
2026-06-01T18:24:46,44,1,440001,"ARX(2,2)",-181.68884919514744,381.3776983902949,411.7134406434439,True,0,2.686329225875216,0.2840393230931134,0.269817338070975,0.8366284255039179,0.0044920171543192,0.3231725586826734,0.4092464510087413,0.163720062309111,0.1947703818240084,True
2026-06-01T18:26:26,44,2,440002,"ARX(2,2)",-181.68843892084465,381.3768778416893,411.7126200948383,True,0,2.6694301383752546,0.2818884024937248,0.2709309608192343,0.8406964902276552,0.0041909316180388,0.3230853854196275,0.4113170585105523,0.1632307059986175,0.1938333298896564,True
2026-06-01T18:28:15,44,3,440003,"ARX(2,2)",-181.6884399656716,381.3768799313432,411.71262218449215,True,0,2.6678301136508398,0.2819459184538672,0.271019878188418,0.8405923063421848,0.0043312076927858,0.3234166295261699,0.4090176567956305,0.163494432277443,0.1952697853994466,True
2026-06-01T18:30:08,44,4,440004,"ARX(2,2)",-181.68843681170225,381.3768736234045,411.7126158765534,True,0,2.662708869292674,0.2815812220417012,0.2713409561276955,0.8415416852917499,0.0041095270908328,0.3231440329797568,0.4114297505349062,0.1633707047973948,0.1934561078512061,True
2026-06-01T18:32:08,44,5,440005,"ARX(2,2)",-181.6885064743417,381.3770129486833,411.7127552018323,True,0,2.6588735936225083,0.2817262742994029,0.2715510770012541,0.8406149657869075,0.0044650463379359,0.3235255160873498,0.4099077744864824,0.1637970452754318,0.1937661622920602,True
2026-06-01T18:33:23,44,6,440006,"ARX(2,2)",-181.68844397349963,381.37688794699926,411.7126302001482,True,0,2.661697672993695,0.2815300722774509,0.271455380966376,0.8414466767720417,0.0041923222820901,0.3231867259292697,0.4112891753049005,0.1633162242963639,0.1936290025372645,True
2026-06-01T18:34:48,44,7,440007,"ARX(2,2)",-181.68844375093963,381.37688750187925,411.7126297550282,True,0,2.6691155711948102,0.282304833676841,0.2709332455208402,0.8395613489785849,0.0044795219379223,0.323345011762691,0.4101277935882902,0.1636010651008666,0.1940864443971807,True
2026-06-01T18:36:00,44,8,440008,"ARX(2,2)",-181.68844192537117,381.3768838507423,411.7126261038912,True,0,2.6705485910451454,0.2824963584740602,0.2708451956685163,0.8393650476889368,0.0042161879569964,0.3231046475823288,0.410880115748051,0.1634304679545829,0.1939929051609735,True
2026-06-01T18:37:37,44,9,440009,"ARX(2,2)",-181.68848481446216,381.3769696289244,411.7127118820733,True,0,2.656447931339858,0.2820243585976461,0.2717226201058489,0.8404604408161395,0.004260164419916,0.3234390214516828,0.4105951092854127,0.1633100497224491,0.1939140203759607,True
2026-06-01T18:39:07,44,10,440010,"ARX(2,2)",-181.68855297471185,381.3771059494237,411.7128482025727,True,0,2.654383397591733,0.2811541395740335,0.2718428423567012,0.8422363760551771,0.0038766697774085,0.3230105243497538,0.4113617244647971,0.1630494020674893,0.1943223786165274,True
2026-06-01T18:40:48,44,11,440011,"ARX(2,2)",-181.6884297565776,381.3768595131552,411.71260176630415,True,0,2.6654994609671765,0.2821826435185679,0.2711665150730765,0.8401345844041198,0.0044828584143034,0.3233300192374267,0.4105263750764451,0.163595916272398,0.1935585514972838,True
2026-06-01T18:42:34,44,12,440012,"ARX(2,2)",-181.68845581646684,381.3769116329337,411.71265388608265,True,0,2.658879503847428,0.2817103145676558,0.2715801391826277,0.8410585586853608,0.0041837443380257,0.3232139399502664,0.4109292483123989,0.1632518514707134,0.193960383732716,True
2026-06-01T18:44:08,44,13,440013,"ARX(2,2)",-181.69238653654176,381.3847730730835,411.7205153262325,True,0,2.5948836439487604,0.2895812396794672,0.274649334890823,0.8286568900728783,0.0076519527206022,0.3351627690543234,0.3957234940397214,0.1645311075806591,0.1892462025102504,True
2026-06-01T18:45:19,44,14,440014,"ARX(2,2)",-181.68843047520656,381.3768609504131,411.7126032035621,True,0,2.663058664015565,0.2825358671965539,0.2713289912266945,0.8395137138393122,0.0042003045301993,0.3232010366909241,0.4114338450123185,0.163356089618639,0.1933956574392832,True
2026-06-01T18:46:46,44,15,440015,"ARX(2,2)",-181.68849707184583,381.3769941436917,411.7127363968407,True,0,2.6602246750133647,0.2815980079511493,0.2715000056123083,0.8414170813169675,0.0038480068564711,0.3227664441109319,0.4131607200232679,0.1630833942337417,0.1926657785369288,True
2026-06-01T18:48:29,44,16,440016,"ARX(2,2)",-181.6887344565771,381.3774689131542,411.7132111663032,True,0,2.684380930886429,0.2830835798360308,0.2699638712284968,0.838220102950427,0.0042503402418,0.3229070832821692,0.4095094406260218,0.1635858825919104,0.1953516339029892,True
2026-06-01T18:49:53,44,17,440017,"ARX(2,2)",-181.690578415509,381.381156831018,411.716899084167,True,0,2.7104805145894075,0.2798075077180078,0.2684797193296052,0.8454925624327622,0.0026019636348523,0.321123165818697,0.4161371733463576,0.1640190195123133,0.1921563874146421,True
2026-06-01T18:51:52,44,18,440018,"ARX(2,2)",-181.68842333865587,381.3768466773117,411.7125889304607,True,0,2.6661292486532826,0.2822541808577587,0.2711304923381176,0.8402293095458249,0.0043831238204724,0.3232194420675477,0.4105165550866712,0.1635121767957228,0.193814911099174,True
2026-06-01T18:53:22,44,19,440019,"ARX(2,2)",-181.69058117436373,381.38116234872746,411.7169046018764,True,0,2.7116644728578088,0.2808782769912173,0.2681939519717364,0.8408472565605173,0.0046326568409979,0.3220681350069805,0.4103631513897898,0.1634765597327568,0.1960956438925885,True
2026-06-01T18:55:16,44,20,440020,"ARX(2,2)",-181.6884941985805,381.376988397161,411.71273065031,True,0,2.658187707502474,0.2814893416430825,0.2716955435901308,0.8413762632418349,0.0040936842961162,0.3231716592150789,0.4120210457125811,0.163018580682256,0.1932910789598148,True
2026-06-01T18:56:55,44,21,440021,"ARX(2,2)",-181.68848274571133,381.37696549142265,411.7127077445716,True,0,2.674263211982349,0.282528952771108,0.2706081437864439,0.8393355423517742,0.0042854051962388,0.3231390271901658,0.4104850955714282,0.1634381813933533,0.1942331593459897,True
2026-06-01T18:58:35,44,22,440022,"ARX(2,2)",-181.68884740205877,381.3776948041175,411.7134370572665,True,0,2.6869899438172338,0.283534337373802,0.2697664690835589,0.8382452362500108,0.0040815690575984,0.323060010489742,0.4107862610281962,0.1638172292790674,0.1935663626289027,True
2026-06-01T19:00:10,44,23,440023,"ARX(2,2)",-181.68845059137627,381.3769011827525,411.7126434359015,True,0,2.660080648049907,0.2819157323771171,0.2714662509449247,0.8409842836376372,0.0040950879567095,0.3233467559966367,0.4100820013451964,0.1631418318444259,0.1948088864803309,True
2026-06-01T19:01:19,44,24,440024,"ARX(2,2)",-181.68842871422697,381.376857428454,411.7125996816029,True,0,2.668971049953487,0.2824904617281069,0.2709293828713762,0.8394256974493465,0.0042572508322076,0.3231338143062973,0.4109120642160599,0.1633386459588847,0.1939395973044571,True
2026-06-01T19:02:51,44,25,440025,"ARX(2,2)",-181.8448584312644,381.6897168625287,412.0254591156777,True,0,3.3755793282291964,0.2369058274632966,0.2429664909857484,0.9121293937122384,0.0311365375271139,0.3215193323246714,0.443117008838683,0.1884109698542735,0.1012084860618862,True
2026-06-01T19:04:29,44,26,440026,"ARX(2,2)",-181.6885443580027,381.3770887160054,411.7128309691544,True,0,2.676912981250812,0.2826029512590485,0.2704473937971627,0.8395590232831952,0.0044153604780517,0.3229762988503437,0.4101857828668296,0.1633209446851655,0.1947759973324817,True
2026-06-01T19:05:59,44,27,440027,"ARX(2,2)",-181.6885935819653,381.3771871639306,411.7129294170796,True,0,2.679657828341948,0.2826244613334224,0.2702416602797206,0.8395926100952141,0.0041752358268632,0.3232507693713957,0.4091259260898772,0.1635534724844616,0.1953846030817473,True
2026-06-01T19:07:28,44,28,440028,"ARX(2,2)",-181.68844479145812,381.3768895829163,411.71263183606527,True,0,2.6677181077782444,0.2828775323696809,0.2709347869140091,0.8388880208813291,0.0042875760104219,0.3232875780204639,0.4106633471888479,0.1634430871368418,0.1936255502676296,True
2026-06-01T19:09:06,44,29,440029,"ARX(2,2)",-181.68870982756056,381.3774196551211,411.7131619082701,True,0,2.681641305334657,0.2820318489784054,0.2701190657625424,0.8413724707494662,0.0041233977156654,0.3231249601496454,0.4122796802588996,0.1636740028714841,0.1920133945560921,True
2026-06-01T19:10:38,44,30,440030,"ARX(2,2)",-181.68843466364552,381.3768693272911,411.71261158044,True,0,2.670013392298966,0.2824928513966772,0.2708485507411643,0.8396984067158152,0.0041843358069904,0.3232242672397235,0.4100782607564682,0.1634241272086505,0.1945662419199096,True
2026-06-01T19:11:51,44,31,440031,"ARX(2,2)",-181.6885293908315,381.377058781663,411.712801034812,True,0,2.6765802972186985,0.2823434037871252,0.27044691254186,0.8397098892445127,0.0042399875704586,0.3230590833041625,0.4111773053095741,0.1636609871363967,0.193416369287708,True
2026-06-01T19:14:00,44,32,440032,"ARX(2,2)",-181.6889824064633,381.3779648129266,411.7137070660756,True,0,2.6911993586748277,0.2826283472737737,0.2695382514709185,0.8399391054028453,0.0038558548221611,0.3229141982871713,0.4088080901864859,0.1640176650529797,0.1957823421529922,True
2026-06-01T19:15:31,44,33,440033,"ARX(2,2)",-181.6884805656919,381.3769611313838,411.7127033845328,True,0,2.661985276537706,0.2816092583414258,0.2713213463981033,0.8423499480481189,0.0035313180287271,0.3232692173790957,0.4107748333457002,0.1632046296862797,0.1944793038111033,True
2026-06-01T19:16:48,44,34,440034,"ARX(2,2)",-181.68874210721384,381.3774842144277,411.7132264675767,True,0,2.6735997427243228,0.2837072735581985,0.2704561931577317,0.8373256940565502,0.0036748511167896,0.3231284723823948,0.4142870593835069,0.1636007412401336,0.1905679990315428,True
2026-06-01T19:18:13,44,35,440035,"ARX(2,2)",-181.68882965767224,381.3776593153445,411.7134015684935,True,0,2.687188982998848,0.282568183056908,0.2697518217154051,0.8397052642647173,0.0040285793186698,0.3227534610293691,0.4121280051653886,0.1635515988022812,0.1930856744442328,True
2026-06-01T19:19:17,44,36,440036,"ARX(2,2)",-181.6924229898598,381.3848459797196,411.7205882328686,True,0,2.596233414613523,0.2898504805303443,0.2745540073658467,0.8280603518264865,0.0077074569923406,0.334910092170521,0.3979018568134259,0.1641868621652334,0.1876781307212081,True
2026-06-01T19:20:32,44,37,440037,"ARX(2,2)",-181.6886284005011,381.3772568010022,411.7129990541512,True,0,2.680311894321158,0.2830436094496171,0.2701919039944271,0.8384160956745658,0.0044842554516655,0.3233601356669874,0.4093996790248664,0.1638349847758941,0.1942844210244175,True
2026-06-01T19:22:14,44,38,440038,"ARX(2,2)",-181.68851247033143,381.37702494066286,411.7127671938118,True,0,2.6609954274785297,0.2819899770694076,0.2714462005759092,0.8408957511325538,0.003913359192089,0.3233869633216277,0.4076450642006707,0.1632005581591482,0.1974093828936609,True
2026-06-01T19:23:39,44,39,440039,"ARX(2,2)",-181.68856907510343,381.37713815020686,411.7128804033558,True,0,2.6629826669419776,0.2820743282791985,0.2712891353399358,0.8399560866646069,0.0037639125386685,0.3231844847853698,0.4068545432385562,0.1633261522758829,0.198524839433801,True
2026-06-01T19:25:09,44,40,440040,"ARX(2,2)",-181.6885399604947,381.3770799209893,411.7128221741383,True,0,2.657754604582286,0.2827354759612084,0.2716570585809167,0.8386687548708058,0.0044932678403305,0.3235317813448627,0.4079511497398929,0.1635794892528211,0.196056418014076,True
2026-06-01T18:20:48,45,1,450001,"ARX(2,2)",-181.6890435944384,381.3780871888768,411.7138294420257,True,0,2.6390383337678034,0.2808977868875833,0.2728711123418955,0.8424973773676996,0.0038917881495949,0.3233676354647481,0.411978915848889,0.1628858990325334,0.1935043402353704,True
2026-06-01T18:21:58,45,2,450002,"ARX(2,2)",-181.6884979982836,381.3769959965673,411.7127382497162,True,0,2.664734889034419,0.2819416509951486,0.2712527918324258,0.8398965409767363,0.0045358598355148,0.3228349929669104,0.4099152214640081,0.1632075337486525,0.1950601670073691,True
2026-06-01T18:23:14,45,3,450003,"ARX(2,2)",-181.6921626790146,381.3843253580292,411.7200676111782,True,0,2.729978669779661,0.2836251176646094,0.2671945135523937,0.8350858414056979,0.0035773665628311,0.3213751851015299,0.4147923608661192,0.1648248265554185,0.1915402086497926,True
2026-06-01T18:25:02,45,4,450004,"ARX(2,2)",-181.68854736464763,381.37709472929527,411.7128369824442,True,0,2.677663084395522,0.2822943250079596,0.2703506771536507,0.8404528587480937,0.0039908006945603,0.3230001416321328,0.4105082721531304,0.1636396224033145,0.1943248723738644,True
2026-06-01T18:26:20,45,5,450005,"ARX(2,2)",-181.6884840107108,381.3769680214216,411.71271027457055,True,0,2.664313525449546,0.2809939129869689,0.2712224629092292,0.8430388359101232,0.003865708659367,0.3231510175615203,0.4120220671446251,0.163343014931856,0.1930524969423759,True
2026-06-01T18:27:45,45,6,450006,"ARX(2,2)",-181.6886589821582,381.3773179643164,411.7130602174653,True,0,2.681646998165659,0.2829598518772757,0.2701543917725095,0.8385299881888912,0.0046963153311428,0.3230503152415849,0.4111617340534396,0.163627154692693,0.1930435464840715,True
2026-06-01T18:29:14,45,7,450007,"ARX(2,2)",-181.6888875075137,381.3777750150274,411.7135172681764,True,0,2.6852601456349543,0.2814075304597314,0.2699426715117991,0.8422768829225602,0.0039266408911895,0.3224540528966244,0.4144822480007657,0.1632985619824414,0.1914909424928245,True
2026-06-01T18:31:21,45,8,450008,"ARX(2,2)",-181.6884628392574,381.3769256785148,411.71266793166376,True,0,2.6586754051618797,0.2815791987585868,0.2716108369934996,0.8413056647255701,0.0040991616411083,0.3232895228434473,0.4111675485328948,0.1633023187246944,0.193704546079285,True
2026-06-01T18:33:15,45,9,450009,"ARX(2,2)",-181.68859385391423,381.3771877078285,411.7129299609775,True,0,2.6596569900620777,0.2838955303689733,0.2714606071085512,0.8364001508056751,0.0050726968493492,0.3237534493391578,0.4112766880053163,0.1630276446002368,0.192355771386472,True
2026-06-01T18:35:11,45,10,450010,"ARX(2,2)",-181.6884310167302,381.3768620334604,411.71260428660935,True,0,2.662139080218684,0.2818614314007426,0.2714038756128267,0.8408941150417396,0.0040745070300141,0.3231143824327333,0.4113864204767233,0.1632222913169919,0.1938298010728037,True
2026-06-01T18:37:03,45,11,450011,"ARX(2,2)",-181.6886031035812,381.3772062071624,411.7129484603114,True,0,2.6532036218768997,0.2806605652631642,0.2719440993258972,0.8432474025739319,0.0039338035682241,0.3233731307644691,0.4103480414793359,0.1633776606251958,0.1944791530120485,True
2026-06-01T18:38:23,45,12,450012,"ARX(2,2)",-181.6923632366,381.3847264731999,411.7204687263489,True,0,2.705828358479033,0.2746247212694161,0.2687824711856843,0.8554904219635853,0.0033807973039584,0.3196879425442194,0.4220477656303684,0.1625600085342829,0.1886961433869107,True
2026-06-01T18:40:25,45,13,450013,"ARX(2,2)",-181.68870017292124,381.3774003458425,411.71314259899145,True,0,2.6480355630530497,0.2811964577155394,0.2722486376232078,0.8421262700105403,0.0038378872950216,0.3234878443212458,0.4105493930564748,0.1629348013569916,0.1948072872666475,True
2026-06-01T18:41:56,45,14,450014,"ARX(2,2)",-181.68854688949105,381.3770937789821,411.712836032131,True,0,2.667831540530029,0.2830695091138889,0.2710784828653862,0.8382073032026086,0.0044963798167267,0.3236243112417563,0.406796313005844,0.1634703279160689,0.1972875900996627,True
2026-06-01T18:43:20,45,15,450015,"ARX(2,2)",-181.68842268731905,381.3768453746381,411.712587627787,True,0,2.667524412648221,0.2822469722653922,0.2710268537813022,0.8401624374165241,0.0040852822130953,0.3232547143782684,0.4098060007538138,0.1634265771831836,0.1949852920930942,True
2026-06-01T18:44:47,45,16,450016,"ARX(2,2)",-181.6884791633993,381.3769583267986,411.7127005799476,True,0,2.672386819261881,0.2824410993454305,0.2706232287663723,0.84002374556223,0.0040036072217675,0.3231136145355468,0.4099758461288573,0.1632846303296598,0.1950597475746504,True
2026-06-01T18:46:55,45,17,450017,"ARX(2,2)",-181.69019226015007,381.38038452030014,411.7161267734491,True,0,2.6982476326238176,0.2861583513500474,0.2689763527935796,0.8314054932593651,0.0045283131010819,0.3237964562820171,0.4015466451785713,0.1648079881050304,0.2005685588797286,True
2026-06-01T18:48:19,45,18,450018,"ARX(2,2)",-181.68932285590236,381.3786457118047,411.7143879649536,True,0,2.670322415023395,0.283779854579856,0.270853064157822,0.8368399649460171,0.0049051372127473,0.3227250114745295,0.4203806478195455,0.16162838230437,0.1864107772094147,True
2026-06-01T18:49:43,45,19,450019,"ARX(2,2)",-181.6884385194753,381.3768770389506,411.7126192920996,True,0,2.6608091484600704,0.2818256175443043,0.2714555780503735,0.8408422097023888,0.0041408666024562,0.3231301202089169,0.4110167881439739,0.1632440437757657,0.1939776345697459,True
2026-06-01T18:51:01,45,20,450020,"ARX(2,2)",-181.68847833799,381.37695667598,411.712698929129,True,0,2.657252490054903,0.282272785711657,0.2716600530309802,0.8396643340899657,0.0044038454738138,0.3234030655887023,0.4103594848082549,0.1632082473559034,0.1941607577726965,True
2026-06-01T18:53:37,45,21,450021,"ARX(2,2)",-181.68857637612496,381.37715275225,411.7128950053989,True,0,2.674224176661521,0.2839011135099081,0.270566634834501,0.8365397640216796,0.0047228466387997,0.3230527385328434,0.4116190097528152,0.1634331917554407,0.1926763523116684,True
2026-06-01T18:55:23,45,22,450022,"ARX(2,2)",-181.68847070733705,381.3769414146741,411.7126836678231,True,0,2.661855716581536,0.2821473410964786,0.2713977964918694,0.840291966266114,0.0045755719146037,0.3237135849114873,0.4105659419717353,0.162955053042033,0.1937399558705888,True
2026-06-01T18:57:11,45,23,450023,"ARX(2,2)",-181.6884372287841,381.3768744575682,411.7126167107172,True,0,2.665704793790938,0.2823828126448918,0.2711506570954476,0.8396634692135492,0.0043833070171907,0.3229976567016692,0.4123330344402333,0.1632964432219253,0.1926083721881807,True
2026-06-01T18:58:49,45,24,450024,"ARX(2,2)",-181.6886743397608,381.3773486795216,411.7130909326705,True,0,2.648106246588543,0.2816613050398417,0.2722738218403262,0.8409177648713468,0.0041633674196358,0.3234219718538836,0.4112839060622095,0.1631188165962132,0.1935869777682131,True
2026-06-01T19:00:41,45,25,450025,"ARX(2,2)",-181.6887269735344,381.3774539470687,411.7131962002177,True,0,2.6789120656580168,0.2818484572359415,0.2703282075332098,0.8408689749182922,0.0041538094803339,0.3233492301004779,0.4055856119540782,0.1639158742871705,0.1986007304634738,True
2026-06-01T19:01:58,45,26,450026,"ARX(2,2)",-181.6886184258953,381.3772368517906,411.7129791049396,True,0,2.681111322135036,0.2825095074153522,0.2701665916595489,0.8397291394849515,0.0042276537069675,0.322973776916058,0.4105451987589762,0.1635156364839353,0.1942671270943007,True
2026-06-01T19:03:36,45,27,450027,"ARX(2,2)",-181.68862787661635,381.3772557532327,411.71299800638167,True,0,2.6498026543036497,0.2816317426893883,0.2721773069611519,0.841187576448697,0.0041147100296799,0.3234958248870497,0.4109026478336056,0.1632142586525066,0.1937867554912652,True
2026-06-01T19:05:20,45,28,450028,"ARX(2,2)",-181.69143620796484,381.3828724159297,411.71861466907865,True,0,2.686373707197229,0.2802897047091627,0.2696399643314757,0.8422932832751812,0.0072285636156509,0.3244857201708501,0.3959476592764611,0.1643623708837691,0.2029365516169779,True
2026-06-01T19:07:12,45,29,450029,"ARX(2,2)",-181.6903529499223,381.3807058998446,411.7164481529936,True,0,2.702475585373544,0.2810404592303663,0.2689708353362548,0.8446987917269259,0.0028491460450615,0.32302023823912,0.4021507621087899,0.1633014600592507,0.2041724773493185,True
2026-06-01T19:09:06,45,30,450030,"ARX(2,2)",-181.6884318437949,381.3768636875898,411.71260594073874,True,0,2.6647210529752474,0.2825038162467018,0.2712142079977352,0.8394582845774605,0.0042047803127865,0.3230390068575972,0.411707910625778,0.1632511840973103,0.1934995647476281,True
2026-06-01T19:10:27,45,31,450031,"ARX(2,2)",-181.68843015088189,381.37686030176377,411.71260255491273,True,0,2.6616404637303366,0.2820023573945822,0.2714112847333965,0.8405445474467226,0.0042451712363644,0.323234801856342,0.4102105386971779,0.1632756083925429,0.1946113901774464,True
2026-06-01T19:12:16,45,32,450032,"ARX(2,2)",-181.6884356399579,381.3768712799158,411.7126135330648,True,0,2.660988335612245,0.2820606663878695,0.2714364119824988,0.8402883571074187,0.0040961017218524,0.323261666497819,0.4108790274899778,0.1631598457314569,0.1941200888531926,True
2026-06-01T19:13:33,45,33,450033,"ARX(2,2)",-181.68846582906963,381.37693165813926,411.7126739112882,True,0,2.657836436763167,0.2820443731919311,0.2716653544001208,0.8402493890212875,0.0041339068763275,0.3232852019551295,0.4103920744095191,0.1632860423793301,0.1944906859401496,True
2026-06-01T19:15:09,45,34,450034,"ARX(2,2)",-181.68855463550372,381.3771092710075,411.71285152415646,True,0,2.653097084576725,0.2816802326421983,0.2719409343483018,0.8412244128758861,0.0038942712879935,0.3233187103019822,0.4100546468223007,0.163279767190757,0.1949921171243062,True
2026-06-01T19:16:25,45,35,450035,"ARX(2,2)",-181.69238833230492,381.3847766646099,411.72051891775885,True,0,2.5914493247322667,0.2897575227900361,0.2748850691484093,0.8283707987181483,0.0077103208174716,0.3351618829535318,0.3959990416770017,0.1644822299102062,0.1889403235294503,True
2026-06-01T19:18:17,45,36,450036,"ARX(2,2)",-181.6924023255394,381.3848046510788,411.7205469042278,True,0,2.58927909150194,0.2891371231911071,0.2750542868019208,0.8293302929152053,0.0075414644980321,0.3351211914229542,0.3965449656680259,0.1643258157519284,0.1888668685230779,True
2026-06-01T19:19:44,45,37,450037,"ARX(2,2)",-181.68903683874032,381.37807367748064,411.7138159306296,True,0,2.690287869196497,0.2844765150019037,0.2695642662117327,0.835921434845801,0.0047625945013539,0.3231756454329568,0.4102334453473019,0.1637536229644835,0.1934325595543759,True
2026-06-01T19:21:31,45,38,450038,"ARX(2,2)",-181.6884198042985,381.376839608597,411.712581861746,True,0,2.6662573058798404,0.281949244460266,0.271113434306734,0.8406184670872209,0.0042055000035929,0.3232573920110987,0.4103180306935611,0.1632961550307352,0.1945393038919335,True
2026-06-01T19:22:53,45,39,450039,"ARX(2,2)",-181.68846042785816,381.3769208557163,411.7126631088653,True,0,2.6595560603569024,0.2827386788615349,0.2715060751733485,0.8392087745828424,0.0042568278022607,0.3234298352389497,0.4104125419657337,0.1633160392975362,0.1941126185961329,True
2026-06-01T19:24:33,45,40,450040,"ARX(2,2)",-181.6885228842893,381.3770457685787,411.7127880217277,True,0,2.6726659145461555,0.2819898476441972,0.2708059883259321,0.8405813839288523,0.0037324431088699,0.3227452661987189,0.4106479821883646,0.1637542932540596,0.1947285254172691,True
2026-06-01T18:28:16,46,1,460001,"ARX(2,2)",-181.6884177775604,381.3768355551208,411.71257780826977,True,0,2.6641181460420147,0.2821109261707804,0.2712550375015091,0.8403697736412419,0.0041878160941934,0.3231549517118816,0.4110793132684509,0.1632794403433726,0.1939004948296246,True
2026-06-01T18:30:30,46,2,460002,"ARX(2,2)",-181.68850111316067,381.3770022263213,411.7127444794703,True,0,2.6645026278736004,0.2810817967780772,0.2712187155330927,0.842583993550569,0.0038920036703738,0.3235239202962021,0.4081324956618091,0.1636978557174342,0.1962310812761398,True
2026-06-01T18:32:58,46,3,460003,"ARX(2,2)",-181.68842805616524,381.3768561123305,411.7125983654794,True,0,2.666022921123835,0.2822003766466586,0.2710381721897201,0.8403485701217646,0.0040449650988144,0.3233327454845388,0.4106902533211083,0.1633840891937202,0.1938805545146441,True
2026-06-01T18:34:52,46,4,460004,"ARX(2,2)",-181.6909044342259,381.3818088684518,411.7175511216008,True,0,2.694956555913374,0.2878583760517348,0.2692827073027835,0.8292302987542801,0.0045787766028093,0.3217605506689635,0.4216234455089648,0.1628545302059529,0.1850003152803178,True
2026-06-01T18:36:21,46,5,460005,"ARX(2,2)",-181.6885663649059,381.3771327298118,411.7128749829608,True,0,2.6585845597001985,0.2813752325656425,0.2716548275439213,0.8415905617657967,0.0040862613896287,0.3235130790398334,0.4076452675576061,0.1630080819374567,0.1974763157892649,True
2026-06-01T18:37:32,46,6,460006,"ARX(2,2)",-181.68867284582456,381.3773456916491,411.7130879447981,True,0,2.682729996971725,0.2822297257442762,0.2701035880631224,0.840105173004852,0.0040405010148658,0.3227318046684924,0.4104401579874252,0.1635675938863597,0.1948965183168943,True
2026-06-01T18:38:56,46,7,460007,"ARX(2,2)",-181.68886406909928,381.37772813819856,411.7134703913475,True,0,2.6778128096702045,0.2828635469315197,0.2702435750860731,0.8375297980354621,0.0045769037577089,0.3239824500078374,0.4049478858882828,0.1632513805841412,0.1987567139925805,True
2026-06-01T18:40:33,46,8,460008,"ARX(2,2)",-181.6885339933128,381.3770679866256,411.7128102397745,True,0,2.676604887889634,0.2820426486297209,0.2704456207730872,0.8407285622439197,0.0042365116121117,0.3230666673687619,0.4099346258147064,0.163312670429582,0.1949880385681458,True
2026-06-01T18:42:36,46,9,460009,"ARX(2,2)",-181.6885224664893,381.3770449329786,411.7127871861276,True,0,2.6717602612295392,0.2830640945700837,0.2708140920559961,0.8379142663395529,0.0045468356331831,0.3229324146441688,0.4112826466433945,0.1629484308913417,0.1942231505336687,True
2026-06-01T18:43:54,46,10,460010,"ARX(2,2)",-181.68854615010423,381.37709230020846,411.7128345533574,True,0,2.67744820635157,0.2819064146992023,0.2703710936260733,0.8407700153158937,0.00410904071065,0.3230594052431536,0.4103881849199198,0.1636899104431505,0.1942474016993393,True
2026-06-01T18:45:14,46,11,460011,"ARX(2,2)",-181.68854609635395,381.3770921927079,411.71283444585686,True,0,2.654269928073131,0.281249268946284,0.2718838822705914,0.8422938145421863,0.0037883052347874,0.3231994812528329,0.4114930977473467,0.1631219149092519,0.1939565170699004,True
2026-06-01T18:46:52,46,12,460012,"ARX(2,2)",-181.6884813879116,381.3769627758232,411.7127050289722,True,0,2.671643192869531,0.2832279802167117,0.2707636700076477,0.8381106531239725,0.0044419131439946,0.3232658962972056,0.4094566069135336,0.1634180255552292,0.1949614690684615,True
2026-06-01T18:48:50,46,13,460013,"ARX(2,2)",-181.6887828847344,381.37756576946873,411.7133080226177,True,0,2.6843168479105226,0.2838975716925627,0.2699787846954118,0.8369647798700525,0.0047863906511774,0.3231744356669749,0.4096489458383765,0.1638284844870753,0.19400054645121,True
2026-06-01T18:50:28,46,14,460014,"ARX(2,2)",-181.68935445102755,381.3787089020551,411.714451155204,True,0,2.6992860287207243,0.2833624715148203,0.2689950300534423,0.8382723294268432,0.0041722799077748,0.3228506015393897,0.4094383195527479,0.1638663608050939,0.1950815184074888,True
2026-06-01T18:52:29,46,15,460015,"ARX(2,2)",-181.68848174336705,381.3769634867341,411.7127057398831,True,0,2.6686773691349592,0.2813021939901188,0.2709023947895273,0.8414360258139597,0.004069069761383,0.3227250797533485,0.4119728528434846,0.1633633292828036,0.1935106795246341,True
2026-06-01T18:54:11,46,16,460016,"ARX(2,2)",-181.6887685611877,381.3775371223754,411.7132793755244,True,0,2.648296585641892,0.2817223955117935,0.272354981902536,0.8404924204849645,0.004776677658928,0.3229260772555097,0.4123775857315133,0.1629001902768214,0.1931154298194679,True
2026-06-01T18:55:41,46,17,460017,"ARX(2,2)",-181.6884679046508,381.3769358093016,411.71267806245055,True,0,2.6682695295526484,0.2829031985151516,0.2709697929206401,0.838925811651505,0.0042536898022565,0.3235341872638137,0.4091499444181585,0.1636950801145765,0.1949467604924291,True
2026-06-01T18:57:10,46,18,460018,"ARX(2,2)",-181.6885359105255,381.377071821051,411.7128140742,True,0,2.653743909531618,0.2816952004562342,0.2719257721324226,0.840919779259618,0.004113635900967,0.3233231895676112,0.4109116025565793,0.1633003393161975,0.1939040343183082,True
2026-06-01T18:59:04,46,19,460019,"ARX(2,2)",-181.68845669608288,381.37691339216576,411.7126556453147,True,0,2.664010376961559,0.2814580631118281,0.2712399576884314,0.8415833558738124,0.0037493386709835,0.3232571151569591,0.4097430338407493,0.1631233066166978,0.1957762135412324,True
2026-06-01T19:01:32,46,20,460020,"ARX(2,2)",-181.68847689990213,381.37695379980426,411.7126960529532,True,0,2.6683309795409094,0.2833191905442859,0.270995092960078,0.837751548018399,0.0042906056446605,0.3232019855430682,0.4099372261608329,0.1631955208851861,0.1950506877006339,True
2026-06-01T19:02:49,46,21,460021,"ARX(2,2)",-181.6890931425461,381.3781862850923,411.7139285382413,True,0,2.6932116473354784,0.2833465226929627,0.2694044579259646,0.8381818752018146,0.0044234938515828,0.3233565629833389,0.4085696753889673,0.1641241905965121,0.1947962092494404,True
2026-06-01T19:04:14,46,22,460022,"ARX(2,2)",-181.6887618188113,381.3775236376225,411.7132658907715,True,0,2.6832273550058874,0.2833754524520306,0.269962342906464,0.8374048519958347,0.0043123748339841,0.3233834388591691,0.4096433571313804,0.1634799420031439,0.1949598268822899,True
2026-06-01T19:05:47,46,23,460023,"ARX(2,2)",-181.68843122477347,381.3768624495469,411.7126047026959,True,0,2.667975643064296,0.2823362603122224,0.2710075856092454,0.8400496364721887,0.0041632006701583,0.3230045877205692,0.4116389030790662,0.1634333340373347,0.1933448313471322,True
2026-06-01T19:07:24,46,24,460024,"ARX(2,2)",-181.68887514749093,381.37775029498187,411.7134925481308,True,0,2.685653197674929,0.2829332580745549,0.2698590930632362,0.8397158037572868,0.0047845547146059,0.3235068571810416,0.4085545224336727,0.1642270356075199,0.1939681920218747,True
2026-06-01T19:08:39,46,25,460025,"ARX(2,2)",-181.68845355432885,381.3769071086577,411.71264936180665,True,0,2.667228130190838,0.281816768700649,0.2710723398321213,0.8403333670302833,0.004286266313462,0.3228189920927227,0.4122731071694467,0.1631213959203774,0.1933182241892132,True
2026-06-01T19:10:05,46,26,460026,"ARX(2,2)",-181.68859730745487,381.37719461490974,411.7129368680587,True,0,2.652675386025756,0.282936902502833,0.2719955825095239,0.838652862112885,0.0044105770015381,0.3233210274675182,0.4121547450983353,0.1630837536827589,0.1925295030325391,True
2026-06-01T19:11:46,46,27,460027,"ARX(2,2)",-181.68943968863348,381.37887937726697,411.71462163041593,True,0,2.6744707091539124,0.2823403319375385,0.2707776810818773,0.8375720121543873,0.003150521110241,0.3226159452061448,0.4156173426748016,0.1630811588531585,0.1911390727733517,True
2026-06-01T19:13:02,46,28,460028,"ARX(2,2)",-181.68842757347653,381.37685514695306,411.712597400102,True,0,2.6638243821535497,0.2827462100803953,0.271231579345144,0.8390333565000018,0.0042592474254407,0.3232910776473733,0.4106313629328526,0.1633054727650686,0.1940153170568246,True
2026-06-01T19:14:50,46,29,460029,"ARX(2,2)",-181.688462906427,381.376925812854,411.71266806600295,True,0,2.658192502330716,0.2820526617572969,0.2715729728181487,0.8405044869947746,0.0040942395798932,0.3234381609447284,0.4105143057666239,0.1633503227703268,0.1940402415037307,True
2026-06-01T19:16:38,46,30,460030,"ARX(2,2)",-181.6884689353799,381.3769378707598,411.7126801239088,True,0,2.6609658547280914,0.2831162387229086,0.271418431200967,0.8382315929282952,0.0044171684505634,0.3232072441490116,0.4108977779282174,0.1631733050543323,0.1938699583280854,True
2026-06-01T19:17:59,46,31,460031,"ARX(2,2)",-181.68842397985824,381.3768479597165,411.7125902128655,True,0,2.66830808107798,0.2823498176135965,0.2709747622587023,0.84016679980392,0.0040939661083212,0.3231965254593184,0.4104596120782789,0.1634410853394762,0.1942672218120927,True
2026-06-01T19:20:04,46,32,460032,"ARX(2,2)",-181.6923836961761,381.3847673923523,411.7205096455013,True,0,2.5936500635686888,0.2893522738397218,0.2747535877932177,0.8291576534658408,0.0075577266737262,0.3349798394184834,0.3959273814710701,0.1644552491226091,0.1894369583770602,True
2026-06-01T19:21:57,46,33,460033,"ARX(2,2)",-181.68856102904573,381.37712205809146,411.7128643112404,True,0,2.6654646845501837,0.2821203416728836,0.2710741930998577,0.839905001505046,0.0036439874794923,0.3226935845454567,0.4144803461900815,0.162805600326913,0.1921163124888063,True
2026-06-01T19:23:40,46,34,460034,"ARX(2,2)",-181.6890184950114,381.3780369900228,411.71377924317176,True,0,2.6923172638377686,0.2830780235659575,0.2694852690991217,0.8387602909350489,0.0040837779494682,0.3228304065107289,0.4099069381596302,0.1637732422773185,0.1948319530287889,True
2026-06-01T19:25:37,46,35,460035,"ARX(2,2)",-181.6884248211464,381.3768496422928,411.7125918954417,True,0,2.665091147437537,0.281944747277043,0.2711840453065881,0.8407835575758381,0.0040706505201669,0.3232483933721691,0.4094886145946942,0.1634560144908354,0.1952370173582526,True
2026-06-01T19:27:33,46,36,460036,"ARX(2,2)",-181.6885523707604,381.3771047415208,411.7128469946698,True,0,2.654900676061027,0.2810207532124715,0.271801410919694,0.8423765790138942,0.0036116209204755,0.3232871225126428,0.4109353547604468,0.1631580932627162,0.1945529988657596,True
2026-06-01T19:29:46,46,37,460037,"ARX(2,2)",-181.6884531456488,381.37690629129753,411.7126485444465,True,0,2.6614966035191445,0.2818014208737386,0.2713829409258023,0.8413676744839228,0.0040596977386034,0.3234766428323298,0.410922748294536,0.1634947851337853,0.1933408500036923,True
2026-06-01T19:31:42,46,38,460038,"ARX(2,2)",-181.68847511638225,381.3769502327645,411.7126924859134,True,0,2.660555818295553,0.2815570625417883,0.2714868281963255,0.8410854780518695,0.0046004982408386,0.3231526369906831,0.4110276744639593,0.1634097250450251,0.1933116379120827,True
2026-06-01T19:33:15,46,39,460039,"ARX(2,2)",-181.6924047197912,381.3848094395824,411.7205516927313,True,0,2.5898634445458515,0.2898620462097626,0.274959439559838,0.8281196330486705,0.007441296018933,0.3352598249182837,0.3954148104727966,0.1645419975488276,0.1895263313007854,True
2026-06-01T19:35:04,46,40,460040,"ARX(2,2)",-181.69619344423924,381.3923868884785,411.72812914162745,True,0,2.7016530729767787,0.2943241330114196,0.2688806057421547,0.8181916804452048,0.0105124553492864,0.3274888986127918,0.4024165025221964,0.1657521612552467,0.1875052008009246,True
2026-06-01T18:23:09,47,1,470001,"ARX(2,2)",-181.6889103287272,381.3778206574543,411.7135629106033,True,0,2.689281093342613,0.2825317178752406,0.2696518292896033,0.8400966598064205,0.0039119931900235,0.322735521498603,0.4120523925064362,0.1635295201710903,0.1932834517466011,True
2026-06-01T18:24:43,47,2,470002,"ARX(2,2)",-181.69142740464636,381.3828548092927,411.7185970624416,True,0,2.7019685692712367,0.2822153946087313,0.2688829117631205,0.8371579401718492,0.0027364129533072,0.3204880189125859,0.4045397302203285,0.1645169799035788,0.2033902942740399,True
2026-06-01T18:26:05,47,3,470003,"ARX(2,2)",-181.689638710472,381.3792774209441,411.715019674093,True,0,2.6956546103242403,0.2850125896548786,0.2692058156908929,0.8335440441787584,0.0042410754010346,0.3229544244187736,0.4060439706464402,0.1636379389867904,0.1984236591954931,True
2026-06-01T18:27:15,47,4,470004,"ARX(2,2)",-181.68846915760565,381.3769383152113,411.7126805683602,True,0,2.657723797868664,0.2822480641328967,0.2716576024750728,0.8397872864512429,0.0042527580706546,0.3232212144544477,0.4112370687116935,0.1632805803598565,0.193603806761377,True
2026-06-01T18:29:02,47,5,470005,"ARX(2,2)",-181.6884637025084,381.3769274050167,411.7126696581657,True,0,2.672735623940964,0.2822360643077973,0.2706752324051796,0.8402638328518064,0.004052863790001,0.3229879086061222,0.4104372358221466,0.1634046030581912,0.1946266324797556,True
2026-06-01T18:30:20,47,6,470006,"ARX(2,2)",-181.68850350229147,381.3770070045829,411.7127492577319,True,0,2.6582166430733616,0.281118653072655,0.2715902998123888,0.842728949964612,0.0038349224846146,0.3235222129713723,0.4101860489783026,0.1633219403343673,0.1945944121784734,True
2026-06-01T18:31:48,47,7,470007,"ARX(2,2)",-181.68861614312664,381.3772322862533,411.71297453940224,True,0,2.6505655460445614,0.2819622547339256,0.2721285842131286,0.840237631278402,0.0041559500427342,0.3232671350850891,0.4101847689571325,0.1630802474269981,0.1949796867003232,True
2026-06-01T18:33:16,47,8,470008,"ARX(2,2)",-181.6886099764517,381.3772199529034,411.71296220605234,True,0,2.679396964812584,0.2820637079368572,0.2702917388560547,0.8410807784824965,0.0038728812609301,0.3232145928823036,0.4101369138518926,0.1638489487392482,0.194228456352804,True
2026-06-01T18:35:18,47,9,470009,"ARX(2,2)",-181.68841748984343,381.3768349796869,411.7125772328359,True,0,2.664172538819929,0.2821038263760339,0.2712390089889918,0.8401864654617905,0.0042564126077525,0.3231904577961332,0.411084733480521,0.1632943725151184,0.1937468687451174,True
2026-06-01T18:36:58,47,10,470010,"ARX(2,2)",-181.6884502327186,381.3769004654372,411.71264271858615,True,0,2.6677513104274744,0.2822072791863761,0.2709298277618121,0.8397168494090794,0.0045433918304041,0.323290918230062,0.4097879452676924,0.1634828809642527,0.1943569262063585,True
2026-06-01T18:38:29,47,11,470011,"ARX(2,2)",-181.6885214274759,381.3770428549518,411.7127851081008,True,0,2.661939586593604,0.2832588390486465,0.2714098758649048,0.8377675384271275,0.004668481948816,0.3231903631739777,0.4131333686784068,0.1633655780561971,0.1912175853723479,True
2026-06-01T18:40:01,47,12,470012,"ARX(2,2)",-181.688529033176,381.377058066352,411.71280031950096,True,0,2.661284181647119,0.2824044174102505,0.2714131464895163,0.839863855952829,0.0039029169467705,0.3231110773640193,0.4141306315186675,0.1633188332498882,0.1910666763902976,True
2026-06-01T18:42:05,47,13,470013,"ARX(2,2)",-181.68931973608065,381.3786394721613,411.7143817253102,True,0,2.696295026044475,0.2838282431593191,0.2691752389804249,0.8370879698024217,0.0044631044244368,0.3228688668693663,0.4132937811606454,0.1638041250022383,0.1909950849015713,True
2026-06-01T18:43:56,47,14,470014,"ARX(2,2)",-181.68842734439573,381.37685468879147,411.7125969419404,True,0,2.6615374910282776,0.2820936215959799,0.2713967754492563,0.8402337968737592,0.0041814749001265,0.323328715649091,0.4106136988635877,0.1633375455223575,0.1940809922876435,True
2026-06-01T18:45:33,47,15,470015,"ARX(2,2)",-181.6884647180915,381.376929436183,411.712671689332,True,0,2.658194965056274,0.2818515881682747,0.2716609376061192,0.8409000105152226,0.0041934547792553,0.323357072432775,0.4106936719750402,0.1633593267953184,0.1939045576173325,True
2026-06-01T18:47:15,47,16,470016,"ARX(2,2)",-181.6894269846454,381.3788539692908,411.71459622243975,True,0,2.698347017048421,0.283944416561719,0.269111384592228,0.8376040801528084,0.0046534604926352,0.3232335995638018,0.4068033907243992,0.1643878915207481,0.1961345723283609,True
2026-06-01T18:48:44,47,17,470017,"ARX(2,2)",-181.6884293974437,381.3768587948874,411.7126010480364,True,0,2.6677029237611696,0.2819092612329528,0.2709877617267396,0.8408510003989583,0.0040399561362897,0.3232836547039567,0.409734767402745,0.1635883800961791,0.1948081551021392,True
2026-06-01T18:50:45,47,18,470018,"ARX(2,2)",-181.68847863144435,381.3769572628887,411.7126995160377,True,0,2.6719292323029484,0.2830158297460574,0.2707023353575843,0.838584494830214,0.0042357591331039,0.3231705225499705,0.4115411513061995,0.1634776361239212,0.193044726475855,True
2026-06-01T18:53:32,47,19,470019,"ARX(2,2)",-181.6885973620615,381.377194724123,411.712936977272,True,0,2.651497832168498,0.281223908437395,0.272058710344648,0.8419214552468495,0.0039877161706209,0.3232783984118119,0.4107725521866855,0.1632521990294159,0.1943054460401317,True
2026-06-01T18:54:56,47,20,470020,"ARX(2,2)",-181.6984255139548,381.3968510279096,411.73259328105854,True,0,2.71083149764711,0.2941287197876731,0.26757478397563,0.8113216748321004,0.0076490105294092,0.3274550700644822,0.4008914679023347,0.1618952824351242,0.1987082157010116,True
2026-06-01T18:56:29,47,21,470021,"ARX(2,2)",-181.6893288694648,381.3786577389296,411.7143999920786,True,0,2.6699020346769773,0.2820329532563886,0.2710542178234897,0.8386152579731522,0.0039251936980972,0.3218791066368381,0.419188969426283,0.1642429892087932,0.186845624928893,True
2026-06-01T18:57:48,47,22,470022,"ARX(2,2)",-181.6885376323875,381.3770752647749,411.7128175179239,True,0,2.654107687614871,0.2818218471224374,0.2718451178790397,0.8410155128012564,0.0038109755821046,0.3232621059500237,0.4115992858619478,0.1631519747474518,0.1936224632830943,True
2026-06-01T18:59:36,47,23,470023,"ARX(2,2)",-181.68863439007745,381.3772687801549,411.7130110333038,True,0,2.679839657635818,0.2826620239308836,0.2702706651028902,0.839382203390532,0.0040577854573708,0.323093339843942,0.4083664987277208,0.1633885575812412,0.1967494859247103,True
2026-06-01T19:01:04,47,24,470024,"ARX(2,2)",-181.68842766964968,381.37685533929937,411.71259759244833,True,0,2.661663987983816,0.282089662685669,0.27137673207217,0.8403659899987199,0.0040864157704771,0.3232002196970329,0.4108196360438679,0.1633072815112655,0.1940832443509336,True
2026-06-01T19:02:24,47,25,470025,"ARX(2,2)",-181.68858767142763,381.37717534285525,411.7129175960042,True,0,2.667689511289622,0.28406003206428,0.2710676795725908,0.8358602148018665,0.005227171099413,0.3232207344764741,0.4122414456296562,0.163316034704131,0.1916842877461235,True
2026-06-01T19:04:01,47,26,470026,"ARX(2,2)",-181.688501793024,381.377003586048,411.712745839197,True,0,2.657715729873084,0.281312273797214,0.2716713212510125,0.8422709397702325,0.0040426920924094,0.3231390808834457,0.4121415340060527,0.1630907670420786,0.1930982236445114,True
2026-06-01T19:05:31,47,27,470027,"ARX(2,2)",-181.6885577707993,381.3771155415986,411.7128577947476,True,0,2.6533540762716914,0.2818749135407307,0.2719500421272477,0.8405508496125026,0.0041507645278539,0.3234209688069206,0.4096486263311443,0.1630245559930846,0.1954338074558833,True
2026-06-01T19:07:31,47,28,470028,"ARX(2,2)",-181.6887139869823,381.3774279739646,411.7131702271136,True,0,2.6836558566420208,0.282256918352449,0.2700070943642905,0.839896428103903,0.0040803177418243,0.3226195974970114,0.4117211779665878,0.1637357749762326,0.1934619680849222,True
2026-06-01T19:09:33,47,29,470029,"ARX(2,2)",-181.68844271026236,381.3768854205247,411.7126276736736,True,0,2.670588220250665,0.282027508805302,0.2707864234659231,0.8405173443834361,0.004107965442807,0.3230882275869902,0.4103225262670875,0.1634425340905787,0.1945319561479969,True
2026-06-01T19:11:30,47,30,470030,"ARX(2,2)",-181.68867592250592,381.37735184501184,411.7130940981608,True,0,2.64880312467352,0.2815719743490932,0.2722118470072041,0.8413682826789436,0.0040454387369716,0.3235180350078521,0.4123846692075149,0.1630249590194482,0.1925314983864894,True
2026-06-01T19:13:11,47,31,470031,"ARX(2,2)",-181.6885630895808,381.3771261791616,411.7128684323105,True,0,2.6765388851042293,0.2835480347300496,0.2704327449263635,0.8373664280558418,0.004476534957798,0.3232302819120293,0.4099828196884553,0.1634707741388316,0.1943280169761549,True
2026-06-01T19:15:06,47,32,470032,"ARX(2,2)",-181.6924679380737,381.3849358761474,411.7206781292964,True,0,2.6038260644853457,0.2898632356702734,0.2740739010752476,0.8281422907882087,0.0076328573906232,0.3347270595704352,0.3956676184585905,0.1645298699343161,0.1898174307680548,True
2026-06-01T19:16:16,47,33,470033,"ARX(2,2)",-181.690170842768,381.380341685536,411.71608393868496,True,0,2.70644335799373,0.2842869198805228,0.2687606699533656,0.838912793349732,0.0044477428187875,0.3224121356553637,0.4118590920877467,0.1635661992689927,0.1933044776069217,True
2026-06-01T19:17:41,47,34,470034,"ARX(2,2)",-181.68843160495504,381.3768632099101,411.7126054630591,True,0,2.660987328910783,0.2821807172069007,0.2714343491771136,0.8401118650135754,0.0042151464691012,0.3232194108573057,0.4108573697332717,0.1632329995005392,0.1940381185125663,True
2026-06-01T19:19:40,47,35,470035,"ARX(2,2)",-181.6887356591108,381.3774713182216,411.7132135713706,True,0,2.684065759176909,0.2832654127609841,0.2699667641289095,0.8386049278657743,0.0040521444133292,0.3228393329560827,0.4111738310773354,0.1635119882842082,0.1938992848618892,True
2026-06-01T19:21:21,47,36,470036,"ARX(2,2)",-181.6884653345437,381.3769306690874,411.7126729222365,True,0,2.668657719347848,0.281584941772503,0.2709965874830114,0.8409497913278776,0.0040513264280498,0.322792102512027,0.4123879131464624,0.1632330164377248,0.1932605025516585,True
2026-06-01T19:22:37,47,37,470037,"ARX(2,2)",-181.68875920713444,381.3775184142689,411.7132606674178,True,0,2.6529585667243527,0.2821254095125974,0.2720341736723698,0.8396434586603969,0.003464140625109,0.3233383216789717,0.4100885777413188,0.1631884408043258,0.1952182115442809,True
2026-06-01T19:24:39,47,38,470038,"ARX(2,2)",-181.68846343030637,381.3769268606127,411.7126691137617,True,0,2.6718518861572766,0.2824692023020282,0.2707485914931353,0.839741064536387,0.0042039695058112,0.3234288431083962,0.4093856967858951,0.1634958827318164,0.1950553758708351,True
2026-06-01T19:26:20,47,39,470039,"ARX(2,2)",-181.688438477798,381.376876955596,411.71261920874497,True,0,2.668199852715722,0.282744329469778,0.2709672333882954,0.8391396194068682,0.0040946577910635,0.3234366105536655,0.4096359266082612,0.1634099607444956,0.1949408129738499,True
2026-06-01T19:27:47,47,40,470040,"ARX(2,2)",-181.6884775609799,381.3769551219598,411.7126973751088,True,0,2.657200800160772,0.2816305196465662,0.2716929153098542,0.8411776548494374,0.0041432140455609,0.3233363223673354,0.4104815489989876,0.1633004959332583,0.194298923561427,True
2026-06-01T18:25:01,48,1,480001,"ARX(2,2)",-181.6884497022984,381.3768994045968,411.7126416577457,True,0,2.6660817230157785,0.2821374974398002,0.2711132960990076,0.8407736935567462,0.0039043171018166,0.3231774721703773,0.4087958764672192,0.1636263113354104,0.1959539613248677,True
2026-06-01T18:26:26,48,2,480002,"ARX(2,2)",-181.6886272067576,381.3772544135152,411.7129966666642,True,0,2.6682795358014464,0.2804351099875867,0.2709686667920499,0.8448809946499495,0.0037963394972442,0.3235529547708101,0.4078972332549413,0.1637370603952183,0.1962908939739828,True
2026-06-01T18:28:07,48,3,480003,"ARX(2,2)",-181.6884648200558,381.3769296401116,411.71267189326056,True,0,2.6702920828263363,0.2826229000602754,0.2708684705712399,0.8391354280076617,0.004440584300019,0.3232903113396039,0.4119088260971004,0.1633982841959855,0.1924564942246556,True
2026-06-01T18:29:29,48,4,480004,"ARX(2,2)",-181.6885084573168,381.3770169146336,411.71275916778256,True,0,2.655268639997333,0.2819030085871195,0.2718190443771675,0.8408949325698789,0.0039723077136044,0.3232457591499569,0.4105173566614022,0.163158096685371,0.1946849347172571,True
2026-06-01T18:31:15,48,5,480005,"ARX(2,2)",-181.6886668915002,381.3773337830004,411.71307603614935,True,0,2.6825001985887487,0.2825853025270846,0.2700936331600744,0.8394379828332547,0.0040887767805876,0.3228948407300135,0.4100227835399795,0.1634503702131205,0.1952231012056458,True
2026-06-01T18:32:29,48,6,480006,"ARX(2,2)",-181.68845420388615,381.3769084077724,411.7126506609213,True,0,2.659267427670548,0.2817907790823911,0.2715555538832311,0.8409696026928484,0.0041032590671846,0.3232749994178386,0.4115848452035309,0.1632301538871231,0.1933466704821468,True
2026-06-01T18:34:00,48,7,480007,"ARX(2,2)",-181.68844961454144,381.3768992290829,411.7126414822319,True,0,2.6691949385438254,0.2819851590092895,0.2708261366870479,0.840578597278943,0.004023600083418,0.3232217879489966,0.4099547848644753,0.1633594310482997,0.1950126360082634,True
2026-06-01T18:35:31,48,8,480008,"ARX(2,2)",-181.68842512046612,381.3768502409323,411.71259249408126,True,0,2.6625223691366804,0.2822919054114717,0.2713472559246413,0.8396607995685603,0.0043526285452319,0.3233218616917597,0.4106898211044497,0.1632781539046637,0.1939617044462126,True
2026-06-01T18:37:03,48,9,480009,"ARX(2,2)",-181.68854505676097,381.37709011352194,411.7128323666709,True,0,2.6777422121006187,0.2823711181806642,0.2703743358935902,0.8401824434643956,0.0040899033565238,0.3231632208875806,0.4097311237124347,0.1635145564652056,0.1949593871403569,True
2026-06-01T18:38:46,48,10,480010,"ARX(2,2)",-181.6924099222697,381.3848198445393,411.7205620976883,True,0,2.599142719370568,0.2896186849507112,0.2743673387915727,0.8285171516462865,0.0076132431609499,0.3349573988013498,0.3953176884021403,0.1644897420295362,0.1899771717305592,True
2026-06-01T18:41:05,48,11,480011,"ARX(2,2)",-181.6925005478905,381.385001095781,411.72074334892994,True,0,2.6053500373484337,0.2897366892320377,0.2739818130564079,0.8285256209778231,0.0075838560705295,0.3347141376556549,0.3947417696132554,0.1646002474327074,0.1907218485402919,True
2026-06-01T18:42:53,48,12,480012,"ARX(2,2)",-181.69063354699068,381.38126709398136,411.71700934713033,True,0,2.712235803308221,0.2845240778377733,0.2685593749157713,0.8359018005280296,0.0054877370821368,0.3222151199432779,0.405584753849487,0.1643044439025181,0.1982118969530736,True
2026-06-01T18:44:33,48,13,480013,"ARX(2,2)",-181.68881494648804,381.3776298929761,411.713372146125,True,0,2.682039061590679,0.2831253247350538,0.2700922925537636,0.83803990459622,0.0048438487070174,0.3236737788008532,0.4058768471634035,0.1634830634731451,0.1977133612539043,True
2026-06-01T18:45:55,48,14,480014,"ARX(2,2)",-181.68859583178704,381.3771916635741,411.7129339167231,True,0,2.6667848666561698,0.2819476404980435,0.2711494815263944,0.8402418821526919,0.0039075073332993,0.3225971028463694,0.4079301468225935,0.163860939633836,0.1976496277511631,True
2026-06-01T18:47:52,48,15,480015,"ARX(2,2)",-181.6884310931553,381.3768621863106,411.7126044394596,True,0,2.661861840996194,0.2822030307808459,0.2714033435452271,0.8398979694700212,0.004376990624709,0.3231715991044305,0.4111196709402087,0.1633796033599211,0.193557597551184,True
2026-06-01T18:49:28,48,16,480016,"ARX(2,2)",-181.688441348472,381.376882696944,411.71262495009296,True,0,2.6635095623346454,0.281670976868618,0.271302552271241,0.8414282846381518,0.0037904326641658,0.323180331759992,0.4111491403799142,0.1634526116927448,0.1940491696173569,True
2026-06-01T18:51:17,48,17,480017,"ARX(2,2)",-181.68846975980293,381.37693951960586,411.7126817727548,True,0,2.6584849894905664,0.2822236331885764,0.2716380167595024,0.840292775454966,0.0042884488479845,0.323079769844263,0.4110464108034584,0.1634005759057637,0.1937397650317147,True
2026-06-01T18:52:42,48,18,480018,"ARX(2,2)",-181.6885900878455,381.377180175691,411.71292242884,True,0,2.66473463754906,0.2821363606138266,0.2712179388994379,0.840271584938956,0.003492670628765,0.3227334558418969,0.4081199358240805,0.1630703023066028,0.19825037567268,True
2026-06-01T18:54:36,48,19,480019,"ARX(2,2)",-181.6890201903392,381.3780403806784,411.71378263382735,True,0,2.6901598312620134,0.2834735062474786,0.269701461143041,0.838489018076657,0.0040648494864543,0.3223406548815503,0.4110523659181792,0.1639334592560903,0.1942357518213853,True
2026-06-01T18:56:05,48,20,480020,"ARX(2,2)",-181.68855317130595,381.3771063426119,411.7128485957609,True,0,2.6706209687132167,0.2823050270657863,0.2708772710159792,0.8399808097702622,0.0042488212325521,0.3230240111055789,0.4145368618906595,0.1631392523383538,0.190639530396491,True
2026-06-01T18:57:24,48,21,480021,"ARX(2,2)",-181.68861934474316,381.3772386894863,411.7129809426352,True,0,2.6783806860358066,0.282420602005923,0.2702512376539562,0.8407142484570038,0.0038801353756145,0.3234934715912231,0.4108274262999841,0.1632906357821152,0.1938446849466077,True
2026-06-01T18:59:09,48,22,480022,"ARX(2,2)",-181.68846405566967,381.37692811133934,411.7126703644883,True,0,2.672785597068893,0.2823579038565408,0.2706672099122559,0.8400723687484868,0.0040686668348424,0.3230827786463725,0.4102269792704159,0.1634493420200296,0.1947223307467881,True
2026-06-01T19:00:33,48,23,480023,"ARX(2,2)",-181.68849469555624,381.3769893911124,411.7127316442614,True,0,2.665946350567376,0.2819242932705685,0.2712248164664887,0.8410044848701804,0.0038995603797726,0.3236175720666548,0.4088891293113785,0.1638637808478492,0.1952230221323374,True
2026-06-01T19:02:12,48,24,480024,"ARX(2,2)",-181.6887002730644,381.3774005461288,411.71314279927776,True,0,2.683768168249186,0.2827231422601352,0.2699818086546944,0.8392139407758263,0.004459384082592,0.3231048261164757,0.409611750912508,0.163722764702251,0.1945439712034468,True
2026-06-01T19:03:57,48,25,480025,"ARX(2,2)",-181.6885501251824,381.3771002503647,411.7128425035137,True,0,2.6577759994518138,0.2817088187904227,0.2717817079175529,0.8411076568980674,0.0046348437263311,0.3229128204142474,0.4123590004135848,0.1635723873706433,0.1921727686572662,True
2026-06-01T19:05:40,48,26,480026,"ARX(2,2)",-181.6884208967749,381.3768417935498,411.71258404669874,True,0,2.664919140954028,0.2818968349406964,0.2712130767134365,0.840569797888076,0.0042428056324748,0.3232137490301557,0.4102899172149936,0.1634583335902175,0.1943411451808599,True
2026-06-01T19:07:23,48,27,480027,"ARX(2,2)",-181.68865524027723,381.37731048055446,411.7130527337034,True,0,2.6533060539250277,0.2810991816155567,0.2719232739903756,0.8424265448920226,0.0036007226102134,0.3232103020983083,0.4080252696721664,0.1631854950236728,0.1974354799955447,True
2026-06-01T19:09:23,48,28,480028,"ARX(2,2)",-181.68850211435537,381.3770042287108,411.7127464818597,True,0,2.6565807062958124,0.2819296437432006,0.2717292643695237,0.8401022259491673,0.0042625809101495,0.3231278415722714,0.409972062871217,0.1632610946408213,0.1950247750168482,True
2026-06-01T19:10:38,48,29,480029,"ARX(2,2)",-181.6884289092818,381.3768578185636,411.7126000717126,True,0,2.667785912533598,0.2825915770676453,0.2710121174661341,0.8392188050609456,0.0042562702834674,0.323016489825497,0.4108699100339771,0.1633851465226246,0.1941063746594021,True
2026-06-01T19:12:03,48,30,480030,"ARX(2,2)",-181.6886579994985,381.377315998997,411.713058252146,True,0,2.649265160491575,0.2813507322326928,0.2721841526444124,0.8414156405978671,0.0040914321407382,0.323160564427552,0.4118416671795519,0.1629750511345401,0.1935580808440674,True
2026-06-01T19:14:02,48,31,480031,"ARX(2,2)",-181.69240051407144,381.3848010281429,411.72054328129184,True,0,2.589373237289521,0.2892814025304882,0.2750094808214738,0.8293075453453014,0.0074427033346757,0.3353270187663419,0.3962596942224414,0.164363644186173,0.1888145051348057,True
2026-06-01T19:15:48,48,32,480032,"ARX(2,2)",-181.68841904531507,381.3768380906301,411.7125803437791,True,0,2.665081809600245,0.282342875594315,0.271195951527578,0.8399179633724083,0.0043110985050392,0.3233375845794015,0.4100991158821805,0.1632667218515234,0.1945317892841603,True
2026-06-01T19:17:18,48,33,480033,"ARX(2,2)",-181.68841773634372,381.3768354726875,411.71257772583647,True,0,2.666226858130485,0.2824471074071377,0.2711176167488969,0.8395283380545142,0.0042568156249686,0.3232000125143533,0.4106736194644872,0.1633002364052935,0.1941525612096894,True
2026-06-01T19:18:47,48,34,480034,"ARX(2,2)",-181.6885555150747,381.3771110301494,411.7128532832984,True,0,2.6536512466756985,0.2816405753577835,0.2719001694595746,0.8416364156245345,0.0041803496168137,0.3233505444209416,0.4115267800506346,0.1633162818244775,0.1930045343710759,True
2026-06-01T19:20:21,48,35,480035,"ARX(2,2)",-181.6941213742085,381.388242748417,411.723985001566,True,0,2.7603599322609638,0.281817964414613,0.2656363753899266,0.8406467373890626,0.0030019900379543,0.3204287144039931,0.414506161966631,0.1640948000017826,0.1942295203459719,True
2026-06-01T19:21:35,48,36,480036,"ARX(2,2)",-181.6894665989085,381.378933197817,411.714675450966,True,0,2.693700881639929,0.2853718368252563,0.2693275439674532,0.833348483442928,0.0052713362708371,0.3235139801099347,0.4129163672259848,0.1636694449728316,0.1899365034415916,True
2026-06-01T19:22:45,48,37,480037,"ARX(2,2)",-181.68842676915835,381.3768535383167,411.7125957914657,True,0,2.666487007138135,0.2823269906619828,0.2710928563511314,0.8400621235229503,0.0038803009939865,0.3232867380458515,0.4103425382432289,0.163417182624524,0.1945329886815444,True
2026-06-01T19:24:26,48,38,480038,"ARX(2,2)",-181.6884377870637,381.3768755741274,411.7126178272764,True,0,2.6634751329713406,0.2825235418988399,0.2712568788899406,0.8396816666162191,0.0041827522699766,0.3232743703955881,0.4119673299406949,0.1631681563881483,0.1929321360653916,True
2026-06-01T19:26:41,48,39,480039,"ARX(2,2)",-181.69115253792413,381.38230507584825,411.7180473289972,True,0,2.713520638312776,0.2780364469110752,0.2681714855656817,0.8477534890207361,0.0025667417918884,0.3223835635850506,0.406453164335394,0.1650572924253077,0.1991335757225847,True
2026-06-01T19:28:15,48,40,480040,"ARX(2,2)",-181.6886696646708,381.3773393293416,411.7130815824905,True,0,2.6819342292112385,0.2831940938028915,0.2701196938704177,0.8383386042449065,0.0042779003197317,0.3228654333829218,0.4116322925437764,0.1634879849243514,0.1932960380041049,True
2026-06-01T18:26:19,49,1,490001,"ARX(2,2)",-181.691763309713,381.383526619426,411.71926887257496,True,0,2.7312471973896506,0.2817496042122135,0.2670639693965474,0.8410643454998217,0.0036093644710275,0.3210073649757073,0.4128332924811812,0.1635500054529226,0.1948516266072998,True
2026-06-01T18:27:45,49,2,490002,"ARX(2,2)",-181.68843254121143,381.3768650824229,411.7126073355719,True,0,2.668429953965357,0.2826465497829504,0.2709428940069094,0.8391396838486873,0.0042819325894025,0.3231248522113784,0.4111159889410407,0.1632528762725452,0.1937626949726411,True
2026-06-01T18:29:12,49,3,490003,"ARX(2,2)",-181.6886393601669,381.3772787203337,411.7130209734827,True,0,2.65073478513498,0.2814276805669096,0.2720687378472893,0.8414115483911362,0.0041306618949624,0.3232754531611406,0.4106897404198982,0.1636244489615716,0.1938229910315917,True
2026-06-01T18:30:53,49,4,490004,"ARX(2,2)",-181.688512068176,381.377024136352,411.712766389501,True,0,2.6751850106209374,0.2830936674120377,0.2705046117553116,0.8384571747993395,0.0043046296088541,0.3231719707941096,0.4101928108725807,0.1635471562122187,0.1942424225342959,True
2026-06-01T18:32:34,49,5,490005,"ARX(2,2)",-181.68876681811764,381.3775336362353,411.71327588938425,True,0,2.658768860613721,0.2836067448763163,0.271539346227916,0.8364349355323066,0.005053690192525,0.3235633227136775,0.4078133167046332,0.1623701724179592,0.196907482206107,True
2026-06-01T18:34:33,49,6,490006,"ARX(2,2)",-181.68843419849335,381.3768683969868,411.7126106501357,True,0,2.665597303804083,0.282389012128703,0.2711253140082839,0.8399262055345875,0.0039608479668073,0.3232979612270711,0.4090888841849217,0.1634693659370854,0.1956302472700531,True
2026-06-01T18:36:22,49,7,490007,"ARX(2,2)",-181.6885496839392,381.3770993678784,411.71284162102734,True,0,2.67733297459106,0.2824312117750898,0.2704348452206581,0.8393823072929767,0.0043465706214723,0.3227678548804641,0.4109837905224707,0.1634859582200664,0.1941926202664222,True
2026-06-01T18:37:36,49,8,490008,"ARX(2,2)",-181.68854276347784,381.3770855269557,411.7128277801047,True,0,2.6542275157978046,0.2814509611808617,0.2719048640329059,0.8416850595619632,0.0040220363471296,0.3234926876007624,0.4097758726029032,0.163115271647532,0.1951885352949789,True
2026-06-01T18:39:50,49,9,490009,"ARX(2,2)",-181.68881207798324,381.3776241559665,411.71336640911545,True,0,2.6865273322688683,0.2830688158585824,0.2698268336219507,0.8385437160526406,0.0041619574972524,0.3230990565842118,0.4095501467002336,0.1640532852806515,0.1945378419923278,True
2026-06-01T18:42:06,49,10,490010,"ARX(2,2)",-181.6884469602081,381.3768939204162,411.7126361735652,True,0,2.665041603831487,0.2814042645459948,0.2711795289624156,0.8414561373502552,0.0042059538470722,0.3228927888288794,0.411206648455764,0.1631928024188747,0.1941982595328003,True
2026-06-01T18:43:28,49,11,490011,"ARX(2,2)",-181.68845956998467,381.37691913996935,411.7126613931183,True,0,2.66703588550899,0.2821915306627567,0.2710573885718585,0.8400261833698138,0.0039568645247207,0.3231639827899641,0.4107018983421737,0.1628875791979341,0.1948378319062362,True
2026-06-01T18:44:54,49,12,490012,"ARX(2,2)",-181.6884437573692,381.3768875147384,411.7126297678874,True,0,2.661549836441937,0.2820316860345248,0.2713490840865991,0.8406615316189628,0.0042294158596738,0.3233805593440316,0.411193638141329,0.1634255657033942,0.1931320695407926,True
2026-06-01T18:46:45,49,13,490013,"ARX(2,2)",-181.68866920322412,381.3773384064483,411.71308065959727,True,0,2.682978670617127,0.2822992838684538,0.2700543031005082,0.8400607707284038,0.0042256268108962,0.3230230725730196,0.4101916123284721,0.1636039710377979,0.1945022571510515,True
2026-06-01T18:48:00,49,14,490014,"ARX(2,2)",-181.6884292171486,381.3768584342972,411.7126006874462,True,0,2.66193794223246,0.2822955267575556,0.2713575677788309,0.8400392828781339,0.0041977457776277,0.3233771167646409,0.4100885932408154,0.1632307487149542,0.1945724601695834,True
2026-06-01T18:49:32,49,15,490015,"ARX(2,2)",-181.68849665880964,381.3769933176193,411.71273557076825,True,0,2.660405638395486,0.2831763615268661,0.2715024796332441,0.8375217708794572,0.0045045411331096,0.3232239967993914,0.4102266834967322,0.1631686455675556,0.1946230866962788,True
2026-06-01T18:50:49,49,16,490016,"ARX(2,2)",-181.68845290288132,381.3769058057627,411.71264805891167,True,0,2.668019249255035,0.2818643502691811,0.2710128939938188,0.8405628688904085,0.0038585318278143,0.3234152678016883,0.4094325714878057,0.1635078148678714,0.1953810852649474,True
2026-06-01T18:52:31,49,17,490017,"ARX(2,2)",-181.68843115585867,381.3768623117173,411.7126045648663,True,0,2.66136584371061,0.2823131061701632,0.2714134319248728,0.8397997872554113,0.0042987848830753,0.3233634720238634,0.4101272358602841,0.1633513355999437,0.1943775935829677,True
2026-06-01T18:54:26,49,18,490018,"ARX(2,2)",-181.6893006177372,381.3786012354743,411.7143434886233,True,0,2.688988509142056,0.2843601979536892,0.2696828611706118,0.8359245232618165,0.0043557873982244,0.3231867972427417,0.4046956316586089,0.1630890365636525,0.2004095695103491,True
2026-06-01T18:55:44,49,19,490019,"ARX(2,2)",-181.68852375668504,381.37704751337,411.712789766519,True,0,2.676557122942576,0.2826409860260719,0.2704412773223935,0.8394809463314938,0.0040688004278434,0.323156770978022,0.4098358621199802,0.163599033139879,0.1948380841869667,True
2026-06-01T18:57:42,49,20,490020,"ARX(2,2)",-181.68870802124076,381.3774160424815,411.7131582956304,True,0,2.683492663153762,0.2823579107378307,0.2700567205698477,0.8399240814998329,0.0045627640364922,0.323093532371198,0.4104006371417641,0.1634802749967663,0.1941803304339274,True
2026-06-01T18:59:40,49,21,490021,"ARX(2,2)",-181.6886441221779,381.3772882443558,411.7130304975048,True,0,2.6496908047529057,0.2816019081216023,0.2721681595356937,0.8414468593175327,0.0038019989932275,0.3235066190399278,0.4097732892394298,0.163152032337196,0.1952568138255078,True
2026-06-01T19:01:11,49,22,490022,"ARX(2,2)",-181.6884720270656,381.3769440541312,411.71268630728014,True,0,2.6720304352590416,0.2819978070385339,0.2707995409972579,0.8406048875163488,0.0043761762894299,0.3232161574486241,0.4107351847037842,0.1636121991151566,0.1935323299939785,True
2026-06-01T19:02:31,49,23,490023,"ARX(2,2)",-181.68883755205349,381.37767510410697,411.71341735725593,True,0,2.647797144911022,0.280705821265214,0.272281447492982,0.8430989924703928,0.0040316726108567,0.3235378922385927,0.413717041120864,0.1632923176083295,0.1907164762989534,True
2026-06-01T19:04:01,49,24,490024,"ARX(2,2)",-181.6885143940784,381.3770287881568,411.71277104130576,True,0,2.657607275675737,0.2812520843026688,0.2716615573313787,0.8425223846189475,0.0037607760907818,0.323058929502654,0.4124021235081987,0.1632441851045063,0.193067500290545,True
2026-06-01T19:05:07,49,25,490025,"ARX(2,2)",-181.6884271325365,381.376854265073,411.712596518222,True,0,2.6624768151168574,0.2822230419279353,0.271363747611634,0.840313947086661,0.0040899593296161,0.3232026516788023,0.4113206848424217,0.1633093860208672,0.1936296414275553,True
2026-06-01T19:06:46,49,26,490026,"ARX(2,2)",-181.68911914956328,381.37823829912656,411.71398055227553,True,0,2.6943922556275703,0.2829534360392383,0.2693197348562207,0.8386135663718488,0.0045868423842021,0.3231322425575635,0.4091886645905704,0.1640092749639905,0.1944965932751944,True
2026-06-01T19:08:38,49,27,490027,"ARX(2,2)",-181.6884229027401,381.3768458054802,411.7125880586292,True,0,2.66326437120796,0.2823534084985445,0.2712793674889963,0.8400197296092526,0.004283259152016,0.3233842642334383,0.41011403161242,0.1634008778794757,0.1942713378557589,True
2026-06-01T19:10:11,49,28,490028,"ARX(2,2)",-181.6884398368079,381.3768796736158,411.7126219267648,True,0,2.661140098029161,0.2818553287053219,0.2714281354075854,0.8406207714507022,0.004276666291228,0.3231847019977542,0.4115037376823525,0.1632517448540675,0.1934436985374159,True
2026-06-01T19:11:50,49,29,490029,"ARX(2,2)",-181.68857142098227,381.3771428419645,411.7128850951135,True,0,2.675304993890286,0.2809093760754185,0.2705651636497134,0.8426799011212827,0.0038557563077145,0.3228854394122082,0.4111672567079806,0.1632499661933538,0.194559911271304,True
2026-06-01T19:13:38,49,30,490030,"ARX(2,2)",-181.68846192574085,381.3769238514817,411.7126661046306,True,0,2.6674076684729857,0.2825275987259322,0.2710155869259004,0.8394660907495997,0.004334879356723,0.3230452224500865,0.4128970337273004,0.1634155128242383,0.1918399981299764,True
2026-06-01T19:15:09,49,31,490031,"ARX(2,2)",-181.68952247059184,381.3790449411837,411.71478719433264,True,0,2.69847327948576,0.2839579058706684,0.2691994752760142,0.8388690935634779,0.0042780128890585,0.3232593602752822,0.4110727616778498,0.1637091646552563,0.1930168652797624,True
2026-06-01T19:16:57,49,32,490032,"ARX(2,2)",-181.6897603562669,381.3795207125338,411.7152629656828,True,0,2.67303448258428,0.2830092227005998,0.2706486792762604,0.8379680949865583,0.0045457826450007,0.3236455392008202,0.4038575218179236,0.1666432586355282,0.1960267245999818,True
2026-06-01T19:18:21,49,33,490033,"ARX(2,2)",-181.68888929380648,381.37777858761297,411.71352084076193,True,0,2.686335820031961,0.2825532031403562,0.2698593444144324,0.8395628576109359,0.0041135754658039,0.3223005018503996,0.414202390744429,0.1631499088150801,0.1918437922924662,True
2026-06-01T19:19:41,49,34,490034,"ARX(2,2)",-181.68843928899707,381.37687857799415,411.7126208311431,True,0,2.664138736973298,0.2828965298391747,0.271275300394408,0.8389397824934672,0.0043272606531843,0.3234791931514629,0.4099830160763613,0.1634429282696023,0.1942460786523164,True
2026-06-01T19:21:30,49,35,490035,"ARX(2,2)",-181.68872355406535,381.3774471081308,411.7131893612797,True,0,2.68426779179001,0.2830688884224869,0.2699928131863165,0.8385308468110169,0.0043694984289109,0.3231094648938499,0.4097365218064734,0.1638112515119844,0.1945065855318262,True
2026-06-01T19:23:26,49,36,490036,"ARX(2,2)",-181.6884891153755,381.376978230751,411.7127204839,True,0,2.6574833204625627,0.281608606902843,0.2716977968838869,0.8412089300922146,0.0043104175517166,0.3233788438977828,0.4104953478159124,0.163144777751108,0.1944070976498542,True
2026-06-01T19:24:49,49,37,490037,"ARX(2,2)",-181.6894911744766,381.3789823489532,411.7147246021022,True,0,2.6679938157617524,0.2789565650601686,0.2710178170726953,0.8467533095389138,0.0033901786889451,0.321410050119539,0.4205631567961372,0.1619883163537009,0.1890555151324926,True
2026-06-01T19:26:55,49,38,490038,"ARX(2,2)",-181.68848466781972,381.3769693356395,411.71271158878847,True,0,2.6572771496446963,0.2815026417246539,0.2716690304297699,0.8412706830870428,0.0040834945345931,0.323386101924135,0.4107404331739462,0.1633782352781609,0.1939729593529675,True
2026-06-01T19:28:28,49,39,490039,"ARX(2,2)",-181.68858257122423,381.37716514244846,411.7129073955974,True,0,2.677939491451507,0.2828560887591016,0.2703836351645494,0.8387884924391436,0.0042912649401704,0.3234741094812374,0.408381182008643,0.1636386757778714,0.1957813285681208,True
2026-06-01T19:29:54,49,40,490040,"ARX(2,2)",-181.6884182117562,381.3768364235124,411.7125786766614,True,0,2.665114579868247,0.2820922648099361,0.2711990009649075,0.8403286082563982,0.0042450942133335,0.3231505430180174,0.4108966762917744,0.1631923000696333,0.194114182500827,True
2026-06-01T18:24:07,50,1,500001,"ARX(2,2)",-181.68846331636465,381.3769266327293,411.7126688858782,True,0,2.66986560883654,0.2825967324179759,0.2708902898234497,0.8396255342399125,0.0038996461113727,0.3233886973511234,0.4089625995018941,0.1634092454679929,0.1958737001392021,True
2026-06-01T18:25:31,50,2,500002,"ARX(2,2)",-181.6884570102957,381.3769140205914,411.7126562737405,True,0,2.6644757130718264,0.2819933612197255,0.2712696086800245,0.8400785252449199,0.0043666808939873,0.323063132152916,0.4092073200610638,0.1633174064846101,0.1958654189951617,True
2026-06-01T18:27:15,50,3,500003,"ARX(2,2)",-181.6885060638468,381.3770121276936,411.7127543808425,True,0,2.655154280768022,0.2819705240103533,0.2718429634202868,0.8404134691617989,0.0041390463629627,0.3233041826220637,0.4108398863258941,0.1632404758246192,0.1940386157209183,True
2026-06-01T18:29:00,50,4,500004,"ARX(2,2)",-181.6884970944688,381.3769941889376,411.71273644208657,True,0,2.65685224574519,0.2817270416436234,0.2717525586407675,0.8407112618779298,0.0041881027076623,0.3231591652820912,0.4107585996365651,0.1632634767158078,0.1944645102262952,True
2026-06-01T18:30:50,50,5,500005,"ARX(2,2)",-181.68859459950528,381.37718919901056,411.7129314521595,True,0,2.6585357983982347,0.2817737280820476,0.271720764459866,0.8404502876005742,0.0038296439196958,0.3224277254440594,0.4125365610439316,0.1632608783100761,0.1935699199765219,True
2026-06-01T18:33:01,50,6,500006,"ARX(2,2)",-181.68843200754984,381.3768640150997,411.7126062682487,True,0,2.661415776553018,0.2823218344847261,0.2714195958847427,0.8398439178034766,0.004168758913136,0.3231850351985649,0.4107363298826917,0.1634172620823708,0.1940571255710891,True
2026-06-01T18:34:49,50,7,500007,"ARX(2,2)",-181.6884396107972,381.3768792215944,411.7126214747434,True,0,2.6616145492856407,0.2822087830443755,0.2714315392971977,0.8397473125197821,0.0044569494359654,0.3233602375995019,0.4107629240486986,0.1634425576838237,0.1936266144999399,True
2026-06-01T18:36:35,50,8,500008,"ARX(2,2)",-181.68856886281884,381.3771377256377,411.71287997878665,True,0,2.657934995322268,0.2812283361898574,0.2716809785476661,0.8424014902956471,0.0038224430006538,0.3229759173469586,0.4087148249366953,0.1630335828961254,0.197152292453472,True
2026-06-01T18:38:32,50,9,500009,"ARX(2,2)",-181.68864078678644,381.3772815735729,411.7130238267218,True,0,2.6507259565386656,0.282726686840566,0.2720836870762181,0.8388555318068847,0.0045434761416772,0.3236748626111816,0.4095931457504647,0.1633810542082598,0.1941539408352824,True
2026-06-01T18:40:30,50,10,500010,"ARX(2,2)",-181.6884609510983,381.3769219021966,411.7126641553456,True,0,2.6588809157259163,0.2817126718745771,0.2716231568657467,0.8408542846448592,0.0042490542085134,0.3233714171181842,0.4103498720207446,0.1633198681674161,0.1942956289496356,True
2026-06-01T18:42:51,50,11,500011,"ARX(2,2)",-181.68871454502369,381.3774290900473,411.7131713431963,True,0,2.6735883150399946,0.2844307811010576,0.2706163066503631,0.8342598482085198,0.0050843356699205,0.3235757490544622,0.4087192870965515,0.1633382109399674,0.1949184405069101,True
2026-06-01T18:44:49,50,12,500012,"ARX(2,2)",-181.68845791443024,381.3769158288604,411.7126580820094,True,0,2.665362121935448,0.282453865477925,0.2712506044879636,0.8401848095217962,0.0044687807167018,0.3233275662026213,0.4106295175338296,0.1633979665766135,0.1938423153749402,True
2026-06-01T18:46:55,50,13,500013,"ARX(2,2)",-181.68842851366963,381.37685702733927,411.7125992804882,True,0,2.667403724252716,0.282346735438711,0.2710222043402033,0.8400114475256109,0.0042082573254502,0.3232815664991639,0.4093138420181182,0.1634107002204628,0.1952991199036826,True
2026-06-01T18:48:26,50,14,500014,"ARX(2,2)",-181.6884203857988,381.3768407715976,411.71258302474655,True,0,2.6679632722208426,0.2823105560714195,0.270992600897381,0.8399398512802211,0.004132279754122,0.3231734353673747,0.4105085918743912,0.1633987546085825,0.1943531783215103,True
2026-06-01T18:49:52,50,15,500015,"ARX(2,2)",-181.68857536036893,381.37715072073786,411.7128929738868,True,0,2.678912793924741,0.2827004979186457,0.2703032982805122,0.8389768641959878,0.0043370979966922,0.3229567377022135,0.4109912592070629,0.1635806440599801,0.1937724033186873,True
2026-06-01T18:51:40,50,16,500016,"ARX(2,2)",-181.6884448814061,381.3768897628122,411.7126320159612,True,0,2.6599448961644248,0.2819294232045848,0.2715240979240956,0.8406532545067177,0.0040205818527117,0.3233197868332981,0.4101659706344867,0.1633706506955574,0.194711878202682,True
2026-06-01T18:52:55,50,17,500017,"ARX(2,2)",-181.6884162494549,381.3768324989097,411.7125747520587,True,0,2.664287963631808,0.2822998317831218,0.2712235238296415,0.8398741144677683,0.0042343406664753,0.3232384047780901,0.4108890737204506,0.1633006536479153,0.1938916258689782,True
2026-06-01T18:54:59,50,18,500018,"ARX(2,2)",-181.6888047295135,381.377609459027,411.713351712176,True,0,2.686716996873792,0.2820341747865784,0.2698864893838402,0.8406386630322157,0.0040946027445873,0.3229225907920836,0.4095022989272454,0.1636483077813495,0.1954650008406694,True
2026-06-01T18:56:27,50,19,500019,"ARX(2,2)",-181.688712407332,381.377424814664,411.71316706781295,True,0,2.6472990734419173,0.2814072238644913,0.27229405532339,0.8416833740825919,0.00401428370306,0.3233597685783327,0.4104810089313788,0.1632084634058997,0.1945383467512283,True
2026-06-01T18:58:17,50,20,500020,"ARX(2,2)",-181.68841872040224,381.3768374408045,411.71257969395344,True,0,2.6636853975112573,0.2820116591961751,0.2712650225131964,0.8406406056174625,0.0041144957882098,0.3231654587493748,0.4109146622706191,0.1632846416216254,0.1940333454341778,True
2026-06-01T18:59:54,50,21,500021,"ARX(2,2)",-181.68846793342672,381.37693586685344,411.7126781200024,True,0,2.658022018277062,0.2821184455267571,0.2716238762366492,0.8402624817088071,0.004350141446074,0.3234278668209618,0.4113207519724661,0.1632100846486167,0.1932083014374975,True
2026-06-01T19:01:47,50,22,500022,"ARX(2,2)",-181.6889132650616,381.3778265301231,411.7135687832721,True,0,2.6741358630684,0.2818344036125437,0.2705118490879131,0.8419189442362389,0.0042669506218935,0.3248291216706868,0.4038093739371802,0.1637879058150444,0.1981054691934161,True
2026-06-01T19:03:22,50,23,500023,"ARX(2,2)",-181.68864383559776,381.3772876711955,411.7130299243445,True,0,2.6622640794783563,0.2799287067254782,0.2713537470646631,0.8449732793263324,0.0034130251382143,0.3237133676375394,0.4090628562242504,0.1635036632416123,0.1956842903143449,True
2026-06-01T19:04:42,50,24,500024,"ARX(2,2)",-181.68849673375564,381.3769934675113,411.71273572066025,True,0,2.6671732475409704,0.2832220858750371,0.2710086393680203,0.8382330199084942,0.0044202897932794,0.3231974289348733,0.4129339754901329,0.1632722103287822,0.1915431046377035,True
2026-06-01T19:06:29,50,25,500025,"ARX(2,2)",-181.69118524749723,381.38237049499446,411.7181127481434,True,0,2.7232663645214457,0.2845344786072258,0.2675477498184768,0.8364354319701585,0.0044921647258057,0.3232124686555087,0.4079522636658754,0.1648557293570189,0.1947400838734658,True
2026-06-01T19:08:22,50,26,500026,"ARX(2,2)",-181.68932149177527,381.37864298355055,411.7143852366995,True,0,2.637242527671986,0.282495442022073,0.2729658745911198,0.8392479242743232,0.0041566399386434,0.3241463781192214,0.4055504608102984,0.1631192574077579,0.1985110887479977,True
2026-06-01T19:09:41,50,27,500027,"ARX(2,2)",-181.6884242798613,381.3768485597226,411.7125908128716,True,0,2.666952509227816,0.281806796660663,0.2710669335376124,0.8410429771052923,0.0040707798561106,0.3231110375480679,0.410229314231409,0.163492901181684,0.1946467960925378,True
2026-06-01T19:11:27,50,28,500028,"ARX(2,2)",-181.68843874352115,381.3768774870423,411.71261974019126,True,0,2.669892063054067,0.2826507717167083,0.2708618065257203,0.8395127188096472,0.004309678453222,0.3232864380903958,0.4106230389331401,0.1633513038396295,0.1939055620596264,True
2026-06-01T19:13:36,50,29,500029,"ARX(2,2)",-181.6886398484177,381.3772796968354,411.7130219499844,True,0,2.6803412297575293,0.2825747373886692,0.2702231627867908,0.8401525685320023,0.0039532195462455,0.3231150227314383,0.4082038601985907,0.1637467625277319,0.196348430905337,True
2026-06-01T19:15:12,50,30,500030,"ARX(2,2)",-181.68849173496736,381.3769834699348,411.7127257230837,True,0,2.6560129557668257,0.2818786950817502,0.2717614000208674,0.8406695380264049,0.0040978599032527,0.3234172025457005,0.4103188495912859,0.1631916391878654,0.1945347357493017,True
2026-06-01T19:17:00,50,31,500031,"ARX(2,2)",-181.68851421448957,381.3770284289791,411.71277068212805,True,0,2.654987334754902,0.2816381713476072,0.2718251301394924,0.8412828956230063,0.0041317556586727,0.3234708197797371,0.4103783691384968,0.163316631072623,0.1942055946115631,True
2026-06-01T19:18:15,50,32,500032,"ARX(2,2)",-181.68853047497856,381.3770609499571,411.7128032031061,True,0,2.6542362592276807,0.2818377789573769,0.2718722662973264,0.8409046482666475,0.0038244587750895,0.3233730434381561,0.4108636224042284,0.1630994377293863,0.1944201658336468,True
2026-06-01T19:19:28,50,33,500033,"ARX(2,2)",-181.6885449207172,381.3770898414344,411.7128320945834,True,0,2.6754119571318595,0.2826237136363495,0.2705106223441356,0.8387570133484245,0.0046179721276103,0.3230053722938017,0.412470129549322,0.1633216079089778,0.1922767545965847,True
2026-06-01T19:20:56,50,34,500034,"ARX(2,2)",-181.6884201286038,381.3768402572076,411.7125825103566,True,0,2.6672227914674456,0.2822761647522267,0.2710349018692787,0.84016035603372,0.0042750060094814,0.323219693072447,0.4104715555978162,0.1634710590848858,0.1940054696056119,True
2026-06-01T19:22:39,50,35,500035,"ARX(2,2)",-181.69238317263017,381.3847663452604,411.7205085984093,True,0,2.593155746350994,0.2894770027217905,0.2747740036680253,0.8289076191861656,0.0075480484116639,0.3349827656962745,0.3962625936493493,0.1643847767894186,0.1891415723897858,True
2026-06-01T19:24:16,50,36,500036,"ARX(2,2)",-181.68845578076716,381.3769115615343,411.7126538146832,True,0,2.6592125269959688,0.281942911853057,0.2715930332092368,0.8404571246969064,0.0041488553503386,0.3233246980477345,0.4109141801928832,0.163053151919223,0.1942167242691227,True
2026-06-01T19:25:52,50,37,500037,"ARX(2,2)",-181.68849614679,381.37699229358,411.712734546729,True,0,2.6597319077065174,0.2827559421351143,0.2714815975403188,0.8389125756676383,0.0042749704564843,0.3237356519852107,0.408176837909403,0.1632770212757033,0.1959740027085474,True
2026-06-01T19:27:14,50,38,500038,"ARX(2,2)",-181.68870876895352,381.37741753790704,411.713159791056,True,0,2.683294674734795,0.283161510317146,0.2699524946631724,0.8383240530846252,0.0041250891844825,0.3232053451923548,0.4091216853987058,0.1637680459528426,0.1951631648549538,True
2026-06-01T19:28:37,50,39,500039,"ARX(2,2)",-181.68847490450787,381.3769498090157,411.7126920621647,True,0,2.673213494911759,0.2824264957465296,0.270645626019212,0.8397105784641603,0.0043156115326952,0.3230737297281563,0.4114863016421618,0.1634800688306858,0.1931683019260786,True
2026-06-01T19:29:55,50,40,500040,"ARX(2,2)",-181.6884178617691,381.3768357235382,411.7125779766872,True,0,2.6673186917409173,0.2822091039254536,0.2710517448705954,0.8401270229959664,0.0041676885242856,0.3232086455280345,0.4103146750372608,0.1633756373744674,0.1944979548740563,True
