model_id,parameter,coef,std_err,t_value,p_value
M001,alpha[1],0.3707540942956842,0.0718916759523726,5.157121313200494,2.507753388941651e-07
M001,beta[1],0.5396926153965672,0.06570526767398341,8.213840906552814,2.1422337125639443e-16
M001,omega,0.008727038471970459,0.002518507165737892,3.4651632485681425,0.0005299097075468857
M002,alpha[1],0.3849599330182647,0.07458706872463321,5.161215470733835,2.4535158154044363e-07
M002,beta[1],0.5450341323076141,0.06799058698515602,8.01631750034175,1.0896262667421293e-15
M002,gamma[1],-0.05250824565582876,0.09225592024906829,-0.5691585484602985,0.5692485482630258
M002,omega,0.008608227894011113,0.0025169811008709697,3.4200605999911335,0.0006260718724442012
M003,alpha[1],0.5632967029566712,0.12719431637256673,4.428631082120923,9.483307538258444e-06
M003,beta[1],0.8330153710026604,0.07005942305450526,11.890126048491522,1.3320540239820618e-32
M003,gamma[1],-0.002576438597624901,0.04850188884291701,-0.05312037652738038,0.9576359962513017
M003,omega,-0.45409280445264893,0.19355557638573215,-2.3460590127752172,0.018973103198011966
M004,alpha[1],0.42715301283125656,0.07824505339922182,5.459169548416524,4.783667807468079e-08
M004,beta[1],0.27480231689059664,0.13649353610155487,2.0132991256533663,0.04408317030081047
M004,beta[2],0.19057971567958043,0.10403510283187517,1.8318789571205092,0.0669694562969972
M004,omega,0.010110269227175424,0.002799024357497456,3.6120690411621807,0.00030376366170792036
M005,alpha[1],0.45326411949612716,0.080762880117061,5.612282757117475,1.9967480860866888e-08
M005,beta[1],0.26490964769220815,0.13466115283896196,1.967231396043425,0.04915654003122744
M005,beta[2],0.20449737984957342,0.1059957393719154,1.9292981119933295,0.05369386400610848
M005,gamma[1],-0.0821784888031083,0.10343667119802484,-0.7944811820730511,0.42691535974048833
M005,omega,0.009998103929605193,0.0027746724226332302,3.603345695171019,0.00031414727247483233
M006,alpha[1],0.6270340226511952,0.10065520238686039,6.2295242350339635,4.678537819164025e-10
M006,beta[1],0.5438823208134299,0.16208888608128194,3.3554572059967875,0.0007923391425903038
M006,beta[2],0.2783191564879197,0.1534261777085868,1.8140265282274775,0.06967364168759169
M006,gamma[1],0.0023365259122945033,0.04758244851377285,0.04910478517342777,0.9608357899929532
M006,omega,-0.48599436498436893,0.15805747499049158,-3.0747951972129464,0.0021064714751815607
M007,alpha[1],0.37075490562070534,0.07498125765419188,4.944634395579227,7.628689777195074e-07
M007,alpha[2],2.7216117324341197e-12,0.09890062576098692,2.7518650276404087e-11,0.9999999999780433
M007,beta[1],0.539692811005078,0.09552522263612115,5.649741462115189,1.6068932675264706e-08
M007,omega,0.008727020080924635,0.002785472049755218,3.1330488782651935,0.0017300063021047426
M008,alpha[1],0.33966813678284685,0.10782951568833368,3.150047875246057,0.0016324370942122257
M008,alpha[2],0.06092897913991052,0.2227923367158124,0.2734787921257355,0.7844851926305146
M008,beta[1],0.5271310237320824,0.31196534393142233,1.689710200143125,0.09108341087305995
M008,gamma[1],0.0015241575830418526,0.13422447841845922,0.01135528780592559,0.9909399858801681
M008,gamma[2],-0.060929249687141335,0.3153041806441787,-0.19323958712713707,0.8467713369223877
M008,omega,0.008974984167503914,0.005985848781701603,1.4993670062197237,0.13377844805927122
M009,alpha[1],0.5975584208564357,0.0857723287889182,6.966797209470665,3.242375083788347e-12
M009,alpha[2],-0.294903427534159,0.09515669837173066,-3.099134717580423,0.0019408674570358807
M009,beta[1],0.9024538749767784,0.03162435565879108,28.53667232666321,4.1111068820913074e-179
M009,gamma[1],-0.14175630266736466,0.07033346425224841,-2.0154887033427054,0.04385346853317082
M009,gamma[2],0.2086048184156758,0.07298238371008463,2.858290012071105,0.004259309144642219
M009,omega,-0.28532234420188196,0.08905517142241763,-3.2038829373367363,0.0013558759420232859
M010,alpha[1],0.4271530445625593,0.12340892117583742,3.4612817330599337,0.0005376098704867408
M010,alpha[2],1.7802340209987373e-17,1.3397317666867468,1.3287988426230904e-17,1.0
M010,beta[1],0.2747990177098353,3.115950075157531,0.08819108492806722,0.9297248029056117
M010,beta[2],0.19058214498300063,1.615081941798141,0.11800153295678437,0.9060664432466806
M010,omega,0.010110305901010412,0.027819508986790146,0.3634250304637369,0.716287406551987
M011,alpha[1],0.3437923859885371,4.222674079204692,0.08141579945314836,0.9351112846753913
M011,alpha[2],0.20132133757618284,77.15084824057674,0.0026094507340789007,0.9979179619099501
M011,beta[1],0.0,152.66554663219355,0.0,1.0
M011,beta[2],0.3646109741324107,61.02111750919502,0.005975160551221779,0.9952325400162867
M011,gamma[1],0.07573141939665977,2.9016640751307623,0.02609930627246952,0.9791781303896623
M011,gamma[2],-0.20132133757617074,7.548506565702297,-0.026670353377037864,0.9787226592954246
M011,omega,0.011869861527792638,1.6559727888617835,0.007167908559627523,0.9942808854007171
M012,alpha[1],0.5975568698313137,0.09838061549747912,6.073928962628064,1.2481796112688608e-09
M012,alpha[2],-0.2949039779816353,0.5780003537672436,-0.5102141824992567,0.6099014172111996
M012,beta[1],0.9024553978339356,1.1916374321352774,0.7573238079781022,0.4488558907613045
M012,beta[2],0.0,1.0390828078622838,0.0,1.0
M012,gamma[1],-0.14175653030397034,0.07589576734178184,-1.8677791301008573,0.06179286360177737
M012,gamma[2],0.2086053683582433,0.07071420606377642,2.9499782288456196,0.003177963224379487
M012,omega,-0.28531793306018527,0.4310617851559486,-0.6618956791935605,0.5080380810967482
M013,Const,0.023809252502144353,0.019521655746528338,1.219632843201761,0.22260409018776317
M013,Inflation_lag_1,0.4417097228765101,0.047182983279594866,9.361631931135975,7.851448146827577e-21
M013,SPF,0.551898895785083,0.07609339663620136,7.252914447014152,4.078977512429335e-13
M013,alpha[1],0.26838745132749725,0.07874883746283981,3.408144932350837,0.0006540614513721194
M013,beta[1],0.6277507231995622,0.08236840915939149,7.621255886887397,2.5121936943322082e-14
M013,omega,0.006972430107142331,0.002564438415473763,2.7188916158293552,0.0065501067067623145
M014,Const,0.027746616712497334,0.01909549087582488,1.4530454803665132,0.14621112682227191
M014,Inflation_lag_1,0.4376393350891286,0.04654226532203187,9.403051872551673,5.300294054535309e-21
M014,SPF,0.5541602814147748,0.0737052296594853,7.518601922481882,5.536507612839116e-14
M014,alpha[1],0.31489049916547035,0.08153061300265149,3.862236374393869,0.00011235377837189949
M014,beta[1],0.6335401593149207,0.07801876629186677,8.120356030046137,4.648180729851511e-16
M014,gamma[1],-0.09945347514267076,0.08385289234980611,-1.1860470444809972,0.23560372155698306
M014,omega,0.006781739368124809,0.0023327240440863153,2.9072188737099807,0.003646579508875723
M015,Const,0.02721480101874285,0.0013764141836795966,19.772246858128824,5.162483575184161e-87
M015,Inflation_lag_1,0.44981242179792735,0.017769768372765834,25.313353126612242,2.2770867056250803e-141
M015,SPF,0.557300965587945,0.023322436899817743,23.895486049843278,3.4122444932808863e-126
M015,alpha[1],0.45051295382643286,0.12862545673869238,3.5025178160623947,0.0004608829599062866
M015,beta[1],0.8412073213319161,0.07777894436297005,10.815360483761058,2.911457936552453e-27
M015,gamma[1],0.01937189187749455,0.048413683313602074,0.40013257723053514,0.6890588708982043
M015,omega,-0.4592698061486949,0.2314702906166975,-1.9841414849615464,0.04724006954797275
M016,Const,0.023797096569982534,0.01955121241541882,1.2171673072926799,0.2235405661637455
M016,Inflation_lag_1,0.44167228789200574,0.047205552059556205,9.3563631526812,8.252855519508214e-21
M016,SPF,0.5520654171511622,0.07678990811243265,7.18929649378992,6.512601112754144e-13
M016,alpha[1],0.2691423209864091,0.08183732071958728,3.2887479528883388,0.0010063409921745943
M016,beta[1],0.6211634954271962,0.19316325990137695,3.215743489441743,0.001301070693522532
M016,beta[2],0.005340765049659979,0.14003584696574742,0.03813855641524647,0.9695772100859278
M016,omega,0.006996872615099563,0.0026656323887571044,2.6248452879738498,0.008668834693429005
M017,Const,0.027726834234294295,0.019149039609660093,1.44794907731597,0.14763129268679423
M017,Inflation_lag_1,0.4375667604429481,0.0465483901541537,9.400255497426741,5.4430736353141465e-21
M017,SPF,0.5544006753413961,0.07433309268548899,7.458329195142234,8.762651697092036e-14
M017,alpha[1],0.31605758325354233,0.08331059474202422,3.793726166908684,0.00014840333205329667
M017,beta[1],0.6255516986740226,0.18841381998566434,3.3200945595265696,0.0008998696261069875
M017,beta[2],0.0064387633034453775,0.13409030242153075,0.04801811307132611,0.9617018071140726
M017,gamma[1],-0.09988099218982864,0.08260432212782295,-1.2091497105353828,0.22660533408585337
M017,omega,0.006812330279213873,0.0024655601076113893,2.7629950120395126,0.00572736416990336
M018,Const,0.02627256614508903,0.018865823283332868,1.3926010940799862,0.1637404519958432
M018,Inflation_lag_1,0.4440012236233304,0.043507965731514046,10.205055928453298,1.8821268858596403e-24
M018,SPF,0.5695176720363401,0.07468504437818149,7.625591934477301,2.4291711763575507e-14
M018,alpha[1],0.46358814767477813,0.11677576441387641,3.9699003470594296,7.190269811635984e-05
M018,beta[1],0.747002883841154,0.1765890741787091,4.230176115455382,2.3350842528666434e-05
M018,beta[2],0.09541721345840116,0.17478163784692693,0.5459224128679191,0.5851192711764382
M018,gamma[1],0.017105614733851967,0.05107040142891877,0.33494184998056153,0.7376689518915438
M018,omega,-0.45512069024003976,0.20181331398167615,-2.255156913390575,0.024123481325421414
M019,Const,0.02380878352631475,0.019575231733914015,1.2162708390862174,0.22388176617215283
M019,Inflation_lag_1,0.44171034385858343,0.04729576152895609,9.339321951463942,9.695299876394147e-21
M019,SPF,0.5519000961114431,0.0776042140318567,7.111728441510752,1.1459858066358945e-12
M019,alpha[1],0.2683863994850836,0.08849056482933632,3.032938031333577,0.002421853275788238
M019,alpha[2],0.0,0.11993980633881333,0.0,1.0
M019,beta[1],0.6277510847957676,0.12897852215910693,4.867097825957244,1.132489791906086e-06
M019,omega,0.006972455766124824,0.0031126607492671975,2.2400307414697616,0.025088927188057046
M020,Const,0.028344536947697403,0.018611633469049333,1.5229473003986265,0.12777189058927355
M020,Inflation_lag_1,0.430759764381167,0.050527134440867115,8.525315538827824,1.5239381450561756e-17
M020,SPF,0.5599344465814718,0.08378223977175857,6.68321171774421,2.337614687589363e-11
M020,alpha[1],0.18292301056395802,0.08755767816508972,2.0891715540818394,0.036692283077991626
M020,alpha[2],0.1963174455710146,0.15544771389343032,1.262916260740915,0.20661927549553327
M020,beta[1],0.5793905122395187,0.19914799253319426,2.909346485844918,0.003621852118588657
M020,gamma[1],0.04970600671047757,0.1240158786011574,0.4008035686328128,0.6885647512866766
M020,gamma[2],-0.1963174455997858,0.15098478311754834,-1.3002465648935229,0.19351647575701858
M020,omega,0.00777252713055898,0.004035838958854045,1.9258764310967325,0.05411980500095928
M021,Const,0.020800586114343086,0.0030407968360342545,6.8405050504692015,7.8914465127323e-12
M021,Inflation_lag_1,0.40514524190034784,0.013733247386180694,29.50105175473879,2.790895312189587e-191
M021,SPF,0.6273925701440232,0.0036181705725280506,173.40049551772734,0.0
M021,alpha[1],0.4109493727883877,0.08781955846150355,4.679474367529767,2.8761131179679667e-06
M021,alpha[2],-0.11805964353415763,0.11060291236546024,-1.0674189405072665,0.2857826993339192
M021,beta[1],0.8917372420518701,0.04365296942602449,20.427871317277333,9.45342045467588e-93
M021,gamma[1],-0.11154894299154836,0.06867723774023599,-1.62424912040682,0.10432265128915637
M021,gamma[2],0.1839043047944957,0.07469088274785315,2.462205533375915,0.01380855102346655
M021,omega,-0.31735476340403795,0.12941887821666126,-2.4521520181371965,0.014200465530716879
M022,Const,0.02420601972172282,0.019685022240996768,1.2296668718672032,0.21882187718040946
M022,Inflation_lag_1,0.4420229570065668,0.04747927554209513,9.30980837343799,1.2806318792987895e-20
M022,SPF,0.5495460558084698,0.07728025110638659,7.111080100554362,1.151382879393908e-12
M022,alpha[1],0.26011728562658315,0.08466744741883432,3.072223074587695,0.0021247087676188165
M022,alpha[2],0.12119304055046744,0.11805966058272707,1.0265406486201503,0.304636813645623
M022,beta[1],0.2535905758240811,0.18887797003389106,1.3426159534570308,0.17939636185317576
M022,beta[2],0.22007611633214003,0.11347722142383003,1.939385839473193,0.05245437349542615
M022,omega,0.009852963133106931,0.0038882198322706145,2.5340550581351953,0.01127510145307175
M023,Const,0.02763889960537006,0.01877290422761871,1.4722761736944088,0.14094631465282897
M023,Inflation_lag_1,0.42140931809212256,0.05161189072114702,8.164965712435292,3.215265306801465e-16
M023,SPF,0.5799169325883942,0.0790063515439174,7.34013052439252,2.133856520735227e-13
M023,alpha[1],0.20291269577602855,0.4563623302527932,0.4446306855862291,0.6565866681625755
M023,alpha[2],0.3152352641707321,0.20532162594031328,1.5353242150068038,0.12470420892325572
M023,beta[1],1.890990543090352e-15,1.5485504297777726,1.2211359131272991e-15,0.999999999999999
M023,beta[2],0.4423219816069106,0.9675408162215786,0.45716105635135657,0.6475552875205339
M023,gamma[1],0.05841731554846457,0.4226964512856562,0.13820157555329565,0.8900811099358559
M023,gamma[2],-0.2933852344816171,0.1685672615154957,-1.740463906478349,0.08177759249630225
M023,omega,0.010274350444753045,0.01013855572031858,1.013393892402477,0.31087205553668196
M024,Const,0.02080534407741322,0.0048367182749984175,4.301541436671754,1.696140470042406e-05
M024,Inflation_lag_1,0.40513047057461365,0.02051462436066688,19.7483738162605,8.284269813800761e-87
M024,SPF,0.6273959860035379,0.004061754932480162,154.4642639531286,0.0
M024,alpha[1],0.41094436834168957,0.09032157208109716,4.54979202501828,5.369896321193206e-06
M024,alpha[2],-0.11808149800489443,0.23259778725432062,-0.5076638922441039,0.6116890747993666
M024,beta[1],0.8917328481950072,0.4816693042965973,1.8513383357431163,0.06412089425260958
M024,beta[2],0.0,0.4172580123577535,0.0,1.0
M024,gamma[1],-0.11154992132435582,0.06748692021169009,-1.6529117194035643,0.09834883165911242
M024,gamma[2],0.18391099812632217,0.07635091514867359,2.4087595776449207,0.01600683879402707
M024,omega,-0.3173724300019503,0.22113941150467445,-1.4351690087374664,0.15123894258231002
M025,Const,0.023638472875176227,0.019237246681137382,1.2287867004561708,0.21915178922642453
M025,Inflation_lag_1,0.4542157416375272,0.04658535191988157,9.750183757733474,1.8413466200420234e-22
M025,Inflation_lag_2,-0.027466578172473312,0.04896163855491585,-0.5609815966772952,0.5748100829667505
M025,SPF,0.5682396989350211,0.07981962290930718,7.119047650483988,1.0867533720407696e-12
M025,alpha[1],0.2682146654125281,0.07856238161522898,3.4140342985800705,0.0006400851727971161
M025,beta[1],0.6290630753343932,0.08087632377139055,7.7780869109795026,7.362948161276307e-15
M025,omega,0.006912674767857323,0.0025108543180314773,2.7531166257693895,0.005903086311137804
M026,Const,0.02775099467171408,0.018752973498746203,1.4798183697945007,0.1389217249452485
M026,Inflation_lag_1,0.45439333429614814,0.04638766081946557,9.79556473141823,1.176381908069598e-22
M026,Inflation_lag_2,-0.03610613588657026,0.04930408001352234,-0.7323153758607328,0.463976096610336
M026,SPF,0.5752624257882223,0.07780837478234637,7.39332272904306,1.4320432945916004e-13
M026,alpha[1],0.3177441612004208,0.08221844267480619,3.8646336620261197,0.00011125605306479429
M026,beta[1],0.6351649578317003,0.07617689822846749,8.338025997418962,7.554096832311972e-17
M026,gamma[1],-0.1067569668706566,0.08462820293253732,-1.2614821439108137,0.20713518933529307
M026,omega,0.006723985437828171,0.00226037296218308,2.974723884209848,0.0029325237584659396
M027,Const,0.02494200921678054,0.01885113383266689,1.3231039277626289,0.18580081871178755
M027,Inflation_lag_1,0.46221298792853716,0.046866468139851056,9.862338816513304,6.062059633023722e-23
M027,Inflation_lag_2,-0.02963944364099765,0.05260867713997492,-0.5633945815086081,0.5731662260519459
M027,SPF,0.5805220104269347,0.08247868147462223,7.03844920951549,1.9439113332431217e-12
M027,alpha[1],0.4463940364896133,0.1317479431463249,3.388242926827548,0.0007034193353112217
M027,beta[1],0.8439016643845397,0.0776728045512329,10.8648280342176,1.695422916440845e-27
M027,gamma[1],0.022859592986685,0.05162574517632484,0.4427944411961385,0.6579144244404036
M027,omega,-0.45148202154238665,0.23062112424961112,-1.9576785214771928,0.050267747092511604
M028,Const,0.02363771404143382,0.019277335777789003,1.2261919548379068,0.22012644809161142
M028,Inflation_lag_1,0.4542148690295918,0.046508922595230005,9.766187726657346,1.5725840708204596e-22
M028,Inflation_lag_2,-0.02746640991254743,0.04856463071236948,-0.5655640640041292,0.5716901625937562
M028,SPF,0.5682437043541659,0.08015321088659487,7.089469006527363,1.346275467450238e-12
M028,alpha[1],0.268215029312273,0.08132369051205707,3.298116792578509,0.0009733563917915156
M028,beta[1],0.6290620812055188,0.1925235090967865,3.267455928664136,0.001085187608385728
M028,beta[2],0.0,0.13943148359369462,0.0,1.0
M028,omega,0.006912722143455012,0.0026192980248985623,2.639150672334326,0.008311403177956683
M029,Const,0.027751340856223498,0.018814483435448812,1.474998819469927,0.1402128608075418
M029,Inflation_lag_1,0.45439253606801094,0.04628078553723239,9.818168183477722,9.403673008908264e-23
M029,Inflation_lag_2,-0.03610469667597029,0.04912427521588259,-0.7349665011301199,0.4623598958607186
M029,SPF,0.5752607252674058,0.0782011500708913,7.356167073577787,1.89266104478228e-13
M029,alpha[1],0.31774421223032573,0.08300918830927893,3.827819771546997,0.00012928336452279878
M029,beta[1],0.63516398896897,0.18570885602581294,3.420213782807882,0.0006257194160812313
M029,beta[2],0.0,0.13241884482357705,0.0,1.0
M029,gamma[1],-0.10675755395385096,0.08271431935696522,-1.290678020248511,0.19681534936114087
M029,omega,0.006723991216905297,0.0023944606603420694,2.8081443676525955,0.004982788360326772
M030,Const,0.023530127122353504,0.013791295656728366,1.7061578337546444,0.08797869712003713
M030,Inflation_lag_1,0.45803908826033973,0.042742121977718546,10.716339457809683,8.531327353142746e-27
M030,Inflation_lag_2,-0.028594031492023147,0.04598272326754042,-0.6218429327392166,0.5340451527484745
M030,SPF,0.5905060882520123,0.08103558908185823,7.286996922494284,3.169401436623406e-13
M030,alpha[1],0.4587768243505339,0.11918305232992626,3.849346156033439,0.0001184335403431671
M030,beta[1],0.7520363986742862,0.1652581785225105,4.550675829770495,5.347387971443615e-06
M030,beta[2],0.09328481693008028,0.1641764014571151,0.5681986942224911,0.5699000580192771
M030,gamma[1],0.020077059223264738,0.050203587098308765,0.39991284256142495,0.6892207128625623
M030,omega,-0.4467226630864911,0.19988984141024618,-2.2348442518879925,0.02542757552942316
M031,Const,0.023662429564234453,0.01932618688849728,1.2243713517185355,0.22081217143791032
M031,Inflation_lag_1,0.4543426355410138,0.046511272720305495,9.768441260964694,1.5380003095347297e-22
M031,Inflation_lag_2,-0.027710084364969585,0.048464130689030716,-0.5717648077249312,0.5674813221408628
M031,SPF,0.5681304188606578,0.08048435808675476,7.0588923408976605,1.6783503635778868e-12
M031,alpha[1],0.2669771427155674,0.0882675303693972,3.024635917627641,0.0024893259221690054
M031,alpha[2],0.0039014382480284915,0.1238584134431311,0.031499178292153845,0.9748714474489859
M031,beta[1],0.625774065606678,0.13054442442345507,4.793571754369347,1.6383782088131637e-06
M031,omega,0.00697144403806734,0.0030893390010416186,2.2566134813035443,0.024032237237556597
M032,Const,0.028319516362619333,0.018357822682183562,1.5426402603890323,0.12291808392297864
M032,Inflation_lag_1,0.4481141614221183,0.04984664236276208,8.989856491455116,2.4755345771798793e-19
M032,Inflation_lag_2,-0.040532906115847755,0.048322366174498914,-0.8388021805363935,0.4015803268923894
M032,SPF,0.5838306865915392,0.08783346985467823,6.647018358235144,2.990897386566928e-11
M032,alpha[1],0.18315743209717616,0.08758775460847712,2.091130580021164,0.03651636013003887
M032,alpha[2],0.19935441256051203,0.16727647663535006,1.1917659707472763,0.23335302231756216
M032,beta[1],0.5793643481873402,0.21042831404264636,2.7532623203449873,0.005900459698623873
M032,gamma[1],0.04518349229384182,0.12366469157505766,0.365371002170154,0.7148344841210947
M032,gamma[2],-0.19935441875054047,0.1496186689328434,-1.3324167376466973,0.1827232850620626
M032,omega,0.0077647942891176155,0.004126936780496605,1.8814909706911618,0.05990516239942614
M033,Const,0.020704368830957866,0.0025737027978091362,8.044584187646862,8.653875216184263e-16
M033,Inflation_lag_1,0.4316801445601064,0.0071359968739788185,60.493320300379345,0.0
M033,Inflation_lag_2,-0.040387535644668265,0.001661174015074929,-24.312645922797284,1.4408217032452639e-130
M033,SPF,0.640732589308015,0.010476612536907796,61.15837414534462,0.0
M033,alpha[1],0.4092992725472479,0.08534423123000852,4.795863371762744,1.6197565824003067e-06
M033,alpha[2],-0.12098920703525473,0.10500690775311974,-1.1522023610076277,0.24923792772331543
M033,beta[1],0.8913876274060315,0.04288564554726521,20.78522116272247,5.889225737269703e-96
M033,gamma[1],-0.10533875463958547,0.06882357448911748,-1.5305620991284294,0.12587765483428123
M033,gamma[2],0.18288729133533585,0.07445061327663298,2.456491401296982,0.014030115972720516
M033,omega,-0.3189610843157888,0.127123302129939,-2.509068589091266,0.012104997733818559
M034,Const,0.024149360800999355,0.019415729963456283,1.2438039077826366,0.21357174182165906
M034,Inflation_lag_1,0.455557842142768,0.04641682171612072,9.814498823915624,9.752136929207476e-23
M034,Inflation_lag_2,-0.030436695250061995,0.04923151465149987,-0.6182360113337427,0.5364197751890889
M034,SPF,0.5673547862355971,0.07955386297162843,7.131706306178177,9.913222520865e-13
M034,alpha[1],0.25777137727506527,0.08409393270991623,3.0652791345156016,0.0021746693086044026
M034,alpha[2],0.1294106203774791,0.11682553270683296,1.1077254892749149,0.2679803877428665
M034,beta[1],0.24553705978030455,0.17799283805864535,1.3794771882866692,0.16774767484082176
M034,beta[2],0.222557289879067,0.11162594322026499,1.9937774630034493,0.04617637954826138
M034,omega,0.00989593239472419,0.0038029156131983125,2.602196157174667,0.0092628854322563
M035,Const,0.027683523187670613,0.018651743278670262,1.4842324802598426,0.1377472557790262
M035,Inflation_lag_1,0.44333182559355544,0.07355730826827224,6.027026219837621,1.6700391882744136e-09
M035,Inflation_lag_2,-0.046931020980120225,0.13905578339665067,-0.33749780004655755,0.7357416702756567
M035,SPF,0.6040673307136502,0.14932694525659115,4.045266778046457,5.226357336893247e-05
M035,alpha[1],0.20293052258800923,1.4875950957769681,0.13641515971926418,0.8914930899831212
M035,alpha[2],0.31956763950248096,0.346533524190478,0.9221839077445945,0.3564326555107197
M035,beta[1],0.0,4.797602062202359,0.0,1.0
M035,beta[2],0.4444081860783878,3.1114020392678277,0.14283213177521908,0.8864227597616767
M035,gamma[1],0.05173136755597475,1.3898684970132673,0.03722033247544062,0.9703093268727119
M035,gamma[2],-0.30291311406124244,0.5142071716750142,-0.5890876882843002,0.5558024519211805
M035,omega,0.01027484554341027,0.02925546520968559,0.35121114874661374,0.7254299467435613
M036,Const,0.020705270097013638,0.002848019690264786,7.270058619253657,3.593315345823296e-13
M036,Inflation_lag_1,0.4316719497946009,0.007806903873586588,55.2936166224736,0.0
M036,Inflation_lag_2,-0.040377812575410815,0.0018357072022184794,-21.9957804417903,3.1604929226111664e-107
M036,SPF,0.6407320390217816,0.011705537208152528,54.73751675194645,0.0
M036,alpha[1],0.40929059837399256,0.0888872643320375,4.604603386657188,4.132526786573451e-06
M036,alpha[2],-0.1210202884773454,0.2652816321935389,-0.4561955061745618,0.6482493966259686
M036,beta[1],0.8913941129704991,0.5769824630322103,1.5449241009613432,0.1223646230808768
M036,beta[2],1.2582025800579055e-15,0.49830853989306806,2.524946853866689e-15,0.999999999999998
M036,gamma[1],-0.10535106595319652,0.06771451240232805,-1.55581222127466,0.11975275115136945
M036,gamma[2],0.18290969707923113,0.0773541126417495,2.3645762433646125,0.018050711459928235
M036,omega,-0.31893934912162886,0.2568417404691794,-1.2417738197031922,0.2143200247260697
M037,Const,0.023093055811023472,0.019053146211627594,1.2120337268461434,0.22549947052916763
M037,Inflation_lag_1,0.4536618634258198,0.04659888243179569,9.735466598149014,2.128386476703062e-22
M037,Inflation_lag_2,-0.02568121113279879,0.04887973637017884,-0.5253958601230654,0.5993080308308024
M037,SPF,0.3317328944325395,0.4125156083878895,0.8041705275806442,0.4212984974070826
M037,SPF_lag_1,0.2370756863896289,0.39976024515827946,0.5930446793071235,0.5531512515709912
M037,alpha[1],0.2679873138325077,0.07937652119223876,3.3761534243038964,0.0007350691649235851
M037,beta[1],0.6294562098086796,0.08145974899377552,7.727205369326358,1.0993321817001687e-14
M037,omega,0.006900828292979524,0.002522341629451554,2.7358816951691067,0.006221338821264476
M038,Const,0.02718216010541308,0.018540856556848898,1.4660681949654655,0.14262970935465036
M038,Inflation_lag_1,0.4533432635490075,0.04634595271681136,9.781722825271935,1.3489453043070836e-22
M038,Inflation_lag_2,-0.034327041648899166,0.049039586183342664,-0.6999863644966702,0.48393581996588164
M038,SPF,0.3402453361350802,0.3995908891258234,0.8514842189706271,0.39450042596453017
M038,SPF_lag_1,0.2361317664680601,0.38985162302978965,0.6056965073863926,0.544716303693481
M038,alpha[1],0.31724513348652045,0.08275977302085215,3.8333253210661584,0.00012642258323280228
M038,beta[1],0.6359428578618407,0.07655673132186201,8.30681831475003,9.830228605998643e-17
M038,gamma[1],-0.10681317809239793,0.08428779917661318,-1.2672436477856777,0.20506818322021803
M038,omega,0.006704911088294508,0.0022626443281068527,2.9633075799873883,0.003043522813182653
M039,Const,0.02399886625906644,0.0043469661478495285,5.520831182671811,3.373998200346532e-08
M039,Inflation_lag_1,0.46010150614216444,0.024180302415842805,19.027946724136434,1.0009863900330546e-80
M039,Inflation_lag_2,-0.026878305782275524,0.0023955101701823712,-11.220284562694745,3.242254716665456e-29
M039,SPF,0.37209386184704624,0.008329201073418223,44.67341568143252,0.0
M039,SPF_lag_1,0.21046911273661242,0.0046260240921934,45.4967610505504,0.0
M039,alpha[1],0.44442821961037726,0.12962233601269155,3.428639178103244,0.0006066154170227534
M039,beta[1],0.8455544810106673,0.07496746868620281,11.278952001833899,1.667202310312395e-29
M039,gamma[1],0.02231720364422226,0.045884826617489036,0.486374370121648,0.6267017589166844
M039,omega,-0.44644891919118507,0.22256243737451406,-2.0059490921189407,0.044861679737052115
M040,Const,0.023093728777353204,0.01910421489512209,1.2088289890023045,0.22672855197859443
M040,Inflation_lag_1,0.453662386809263,0.046512150037078266,9.753631824106503,1.779843486275413e-22
M040,Inflation_lag_2,-0.02568275422228538,0.04846715300976521,-0.5299002030738383,0.596181125365532
M040,SPF,0.33172663511386985,0.41555997923726473,0.7982641536433178,0.42471721534759677
M040,SPF_lag_1,0.2370808411109752,0.40193782733899236,0.5898445604897555,0.5552948650363158
M040,alpha[1],0.2679851649250091,0.08223043761427218,3.258953408251068,0.0011182403089326808
M040,beta[1],0.6294605103860959,0.19202399033991105,3.2780305693671767,0.0010453407433652895
M040,beta[2],0.0,0.1384775133502085,0.0,1.0
M040,omega,0.006900671441780579,0.002628917519182219,2.6249098313009,0.008667191643409945
M041,Const,0.027181837896087482,0.018618476114686654,1.4599389192032672,0.14430686170372292
M041,Inflation_lag_1,0.45334486797237405,0.04621749975027284,9.808944023842349,1.0304117059447128e-22
M041,Inflation_lag_2,-0.03432833486502346,0.0488590108982124,-0.7025998732667637,0.4823051415108769
M041,SPF,0.3402629571379845,0.40354642657819795,0.8431816879737614,0.39912683822516404
M041,SPF_lag_1,0.23611392941520015,0.3927705393729403,0.6011497954814965,0.5477402196423544
M041,alpha[1],0.31724259495146473,0.08369875401784364,3.790290532686211,0.00015047117991897192
M041,beta[1],0.6359445760372966,0.18673870962583786,3.405531597125832,0.0006603537140552545
M041,beta[2],0.0,0.13225413189814833,0.0,1.0
M041,gamma[1],-0.10681332520937681,0.08227789197387043,-1.2982020157164242,0.194217925659263
M041,omega,0.0067048637671593735,0.0024005118220691993,2.793097582572994,0.00522059405051827
M042,Const,0.023384419939160482,0.003423966468979693,6.829628780251695,8.513464240954318e-12
M042,Inflation_lag_1,0.4589119246270687,0.02422578800387797,18.94311650682355,5.032799447725724e-80
M042,Inflation_lag_2,-0.02664442307684302,0.0022739375279175558,-11.717306544144005,1.0392380352102097e-31
M042,SPF,0.3894929875822831,0.00688781281964754,56.548137671693304,0.0
M042,SPF_lag_1,0.19750994156279567,0.0034259802056264494,57.650637104799166,0.0
M042,alpha[1],0.45705351453050347,0.117520206882641,3.8891483146122265,0.00010059662942533422
M042,beta[1],0.7551528700310152,0.1640428317303481,4.6033884081709076,4.156719650382072e-06
M042,beta[2],0.09121853385331391,0.16157302189051403,0.5645653759891047,0.5723694212436993
M042,gamma[1],0.019765798780149897,0.04827602118014737,0.409433053863151,0.6822218867557646
M042,omega,-0.4435353363614699,0.19514448890967917,-2.272856071107169,0.02303485478152896
M043,Const,0.02314734879329079,0.019169393147744584,1.2075159925453478,0.22723348988924474
M043,Inflation_lag_1,0.45387885024189667,0.046501958068545644,9.760424487348729,1.664570205373532e-22
M043,Inflation_lag_2,-0.02609935412543036,0.04835808385685118,-0.5397102623563259,0.589396861571126
M043,SPF,0.33032588169714944,0.41953591769897647,0.7873601943520921,0.4310710416362413
M043,SPF_lag_1,0.23823144831441553,0.4047124428094438,0.5886437458177812,0.5561002817263487
M043,alpha[1],0.2658322272592621,0.08982897772462611,2.9593148446393336,0.003083239188769076
M043,alpha[2],0.006804642787455262,0.12651756634595043,0.05378417388181973,0.957107118680463
M043,beta[1],0.6237109280307669,0.1325249708645258,4.706365328450877,2.5217243950600546e-06
M043,omega,0.007003605219830911,0.003136343122660639,2.233048153828774,0.025545769041152033
M044,Const,0.028029588323319612,0.018272132421616554,1.53400750807605,0.1250278057053469
M044,Inflation_lag_1,0.44570018371576436,0.05032634440590226,8.856200246157613,8.278810357069017e-19
M044,Inflation_lag_2,-0.03738173213527319,0.04808811698570193,-0.7773590333426431,0.4369469751019033
M044,SPF,0.2446759819450104,0.3970231922540461,0.6162762949839157,0.5377121813374673
M044,SPF_lag_1,0.3389953770330635,0.38582154390308426,0.8786325760964162,0.3796005269380549
M044,alpha[1],0.17651492167100377,0.08670430452260176,2.0358265099167077,0.04176777942945991
M044,alpha[2],0.20902957939746408,0.1662173726103472,1.2575675822254682,0.20854818346164916
M044,beta[1],0.577482140260959,0.20717898921727684,2.7873586141272777,0.005313963696087626
M044,gamma[1],0.051865904617792995,0.12170268161060155,0.42616895479544586,0.6699847375376631
M044,gamma[2],-0.20902969660588036,0.1508350795178272,-1.385816199216278,0.165803034616267
M044,omega,0.007792096387832535,0.004067620048905316,1.9156401763555957,0.055410911965630055
M045,Const,0.02174709694597651,0.001635747246401342,13.29490053785529,2.478025248490192e-40
M045,Inflation_lag_1,0.43028859009102677,0.007233632897749255,59.48443834147445,0.0
M045,Inflation_lag_2,-0.0374086937137577,0.0034360176301624955,-10.887224030916446,1.3262123164066199e-27
M045,SPF,0.2978731418475324,0.013522011815536758,22.028759175116004,1.526991028241871e-107
M045,SPF_lag_1,0.3396670701121061,0.0073639597741090804,46.1256009716865,0.0
M045,alpha[1],0.4065415248442109,0.08509788477768948,4.777339952764558,1.776293288529021e-06
M045,alpha[2],-0.11716350737279507,0.10251836107458093,-1.1428538863156423,0.2530992612581777
M045,beta[1],0.8900213182651642,0.042592651912499085,20.896123587082442,5.807390375647216e-97
M045,gamma[1],-0.10897395154584572,0.06774711390927379,-1.608540131935103,0.10771693412809297
M045,gamma[2],0.18806464443190413,0.07415830264518401,2.5359890629065984,0.011213023604936367
M045,omega,-0.3229264750216582,0.12633894538612342,-2.5560326947064036,0.010587317061275945
M046,Const,0.023660369587261237,0.01922397589970543,1.230773993408085,0.2184074048422745
M046,Inflation_lag_1,0.45512480823264484,0.04644240399186802,9.799768511387489,1.1284395632264274e-22
M046,Inflation_lag_2,-0.028746457511180393,0.0490605198395484,-0.5859387060144327,0.5579167054528462
M046,SPF,0.3223631839727627,0.41880316058699796,0.7697248118207508,0.4414631487203916
M046,SPF_lag_1,0.2451970534203728,0.40426956854325763,0.6065187006380774,0.5441703681685783
M046,alpha[1],0.25657693880314997,0.08562862907012256,2.9963919963384593,0.0027319499473539436
M046,alpha[2],0.1303033539763283,0.11495873612034206,1.1334793541912558,0.25701300645051994
M046,beta[1],0.2504926697171036,0.17052916117923114,1.468913985062229,0.1418561209082927
M046,beta[2],0.21835602367398163,0.10846968207053626,2.0130604193343897,0.04410827352425237
M046,omega,0.00987494993390018,0.003792587941710414,2.6037497575986834,0.009221005553531836
M047,Const,0.02682864628209132,0.0197070788046714,1.3613710356570865,0.17339646461268132
M047,Inflation_lag_1,0.4387571447703885,0.0755620312049204,5.806582191795524,6.376097946022344e-09
M047,Inflation_lag_2,-0.04414157028090105,0.12830816332636472,-0.34402776204209645,0.7308254078914292
M047,SPF,0.22143838820945,0.7528717701971844,0.2941249718414241,0.7686624096295928
M047,SPF_lag_1,0.387933047704429,0.8312860326273125,0.46666614435749776,0.6407387555497174
M047,alpha[1],0.1998301906280457,1.7344003786042799,0.11521572129086745,0.9082741378725022
M047,alpha[2],0.3257746212733838,0.2598889815290521,1.2535145559334402,0.21001850511472586
M047,beta[1],0.0,5.1730298201436735,0.0,1.0
M047,beta[2],0.44321665675648125,3.364935815410715,0.13171622909615097,0.8952087484001852
M047,gamma[1],0.0586094831194708,1.656045378318154,0.03539123014792831,0.9717677776608699
M047,gamma[2],-0.31324651572772916,0.700827679023003,-0.4469665298671053,0.654899226339374
M047,omega,0.010291347887260726,0.030812683817173645,0.33399712755708666,0.7383817262107393
M048,Const,0.021742488204075892,0.0019043871012283968,11.417052861811142,3.436919094189381e-30
M048,Inflation_lag_1,0.4303005191932661,0.0043905867246747535,98.00524307492002,0.0
M048,Inflation_lag_2,-0.03741876249487488,0.0017531933880731334,-21.34320306557874,4.509687426352792e-101
M048,SPF,0.2979359593982674,0.009834628230137475,30.294582817606177,1.3510508890988998e-201
M048,SPF_lag_1,0.3396318535915722,0.01205328487501242,28.1775347644575,1.102413161031262e-174
M048,alpha[1],0.4065377556281129,0.08899853171920068,4.567915310229841,4.925989740961753e-06
M048,alpha[2],-0.1171580572098434,0.28304058213158567,-0.41392671088902927,0.6789277813241124
M048,beta[1],0.8900288298625677,0.6265679566051546,1.4204825198608722,0.15546725400526565
M048,beta[2],1.0220201154167177e-15,0.5405762027015075,1.890612480366716e-15,0.9999999999999984
M048,gamma[1],-0.10897306407187556,0.06731282972549461,-1.6189048137817657,0.10546774499005662
M048,gamma[2],0.1880688475877296,0.07826618092977039,2.4029388600995754,0.016263906371431505
M048,omega,-0.3229011154210231,0.27631117161887825,-1.1686140431064704,0.2425591677134903
M049,alpha[1],0.4040655427037283,0.08574627367813635,4.712339386554092,2.4488907992133927e-06
M049,beta[1],0.5607880582663459,0.07506530915286054,7.47066873626505,7.978828481801977e-14
M049,nu,5.912114512577013,1.1961368673289872,4.942673931436423,7.70583047977406e-07
M049,omega,0.006905063319337591,0.002279144160409179,3.02967378689109,0.0024481800941546145
M050,alpha[1],0.43625727088688393,0.09278164823229004,4.701978022579005,2.576532381265671e-06
M050,beta[1],0.5775277096317241,0.07825895055518992,7.379701689513955,1.5864458491115919e-13
M050,gamma[1],-0.13478740441670897,0.09008699481075623,-1.4961915945787059,0.13460373431848144
M050,nu,5.787936282427977,1.145214009608232,5.054021548695498,4.326027670549846e-07
M050,omega,0.0066620819164529615,0.0021659171359105127,3.075871096819381,0.002098885626420263
M051,alpha[1],0.5201080273418991,0.15901793056498084,3.270750823469954,0.0010726237525329298
M051,beta[1],0.8833023579930047,0.05544832116825732,15.930191201148064,3.9115921641485106e-57
M051,gamma[1],0.03937881224203246,0.05035263996099687,0.782060528952112,0.4341790020898082
M051,nu,5.537952354719085,1.0624455909482282,5.212457373724415,1.8635539759507753e-07
M051,omega,-0.31347223931929197,0.14942026745940296,-2.0979231576095354,0.03591193396488242
M052,alpha[1],0.45939366968213646,0.08836346497733705,5.198909637596931,2.0046094096987592e-07
M052,beta[1],0.3188955913779745,0.1162293242042525,2.7436758628792495,0.006075549548654009
M052,beta[2],0.17780650138876658,0.08637109161866127,2.0586344117752224,0.03952927364818152
M052,nu,6.070194472617655,1.2576887349820909,4.826468031220851,1.3897569021074878e-06
M052,omega,0.007810358098826052,0.0023456607035545326,3.3297049684084774,0.0008693804978319446
M053,alpha[1],0.5090248431993033,0.09758704644627049,5.2161107619909615,1.8271894142121602e-07
M053,beta[1],0.30711688946416715,0.11105645811813868,2.7654122476827507,0.0056850898722661004
M053,beta[2],0.20163909406149483,0.08630205330218688,2.336434491951831,0.01946860804689073
M053,gamma[1],-0.1709993249634845,0.10136167517972063,-1.6870214966385662,0.09159921854830731
M053,nu,5.958329172662454,1.2101755425325458,4.923524698072647,8.499914332032725e-07
M053,omega,0.007636507391144276,0.0022448352490778444,3.4018119567042953,0.0006694068050764261
M054,alpha[1],0.6188001840911491,0.1420789374187775,4.355326660891588,1.3286862469218512e-05
M054,beta[1],0.5911881251501553,0.12309524682904621,4.8026884902484746,1.5654933466357688e-06
M054,beta[2],0.27767162487632346,0.11550229627310293,2.404035537265634,0.01621519689210182
M054,gamma[1],0.038875143534487386,0.053103349229712264,0.7320657566497907,0.4641284333912732
M054,nu,5.800204782210875,1.1676084936703148,4.967593858433011,6.778875075844626e-07
M054,omega,-0.353790450484323,0.1350146203656928,-2.6203862183670674,0.008783023381393024
M055,alpha[1],0.40406298870372936,0.08751863389563291,4.616879522886288,3.895532681948981e-06
M055,alpha[2],0.0,0.11714518823542004,0.0,1.0
M055,beta[1],0.5607918023445151,0.11141940564857365,5.033160956838169,4.824577135156606e-07
M055,nu,5.9120670202471715,1.29164381043232,4.577165138327393,4.713193925757757e-06
M055,omega,0.006905011389424878,0.0027441068725562357,2.51630556319864,0.01185923157041947
M056,alpha[1],0.4099286231763413,0.1511648712015305,2.7117981837845866,0.006691932233472933
M056,alpha[2],0.03796670945604256,0.3359061737637228,0.11302772149328948,0.9100085774634363
M056,beta[1],0.5656892056554079,0.3953356196937915,1.4309087708655353,0.15245636300364485
M056,gamma[1],-0.09944030090903902,0.16239278280486527,-0.6123443369310856,0.5403099612441201
M056,gamma[2],-0.03796670940806173,0.2996261987961056,-0.1267135836606128,0.8991670942986888
M056,nu,5.78669045846687,2.1834155031863185,2.6502928325012776,0.008042203207669352
M056,omega,0.006866444744845838,0.0067948133562125475,1.01054206861588,0.31223565487149485
M057,alpha[1],0.634664116464106,0.10082170723142267,6.294915389672186,3.0756757786412813e-10
M057,alpha[2],-0.2903278114525852,0.10305480569987589,-2.817217590978727,0.004844169511633251
M057,beta[1],0.9220772358577719,0.023331000891439278,39.52154646722014,0.0
M057,gamma[1],-0.11650295451689037,0.07333999996608784,-1.5885322412157203,0.11216603645161308
M057,gamma[2],0.19140466190104471,0.07355864923606215,2.602068742273866,0.009266327631924162
M057,nu,6.194824287626509,1.3203717779212925,4.691727278039249,2.709080977515476e-06
M057,omega,-0.22558056679979874,0.06707594537760601,-3.363062056447901,0.0007708303386825774
M058,alpha[1],0.4593983381917952,0.09452478933828588,4.8600831740306525,1.1733644583840878e-06
M058,alpha[2],0.0,0.2948344053446243,0.0,1.0
M058,beta[1],0.31888907366735847,0.549211581769665,0.5806306426383739,0.5614894154950021
M058,beta[2],0.17780816250782464,0.2742339756599854,0.648381230224674,0.5167384072450603
M058,nu,6.070210912880078,1.272390399229791,4.770714174324582,1.8357387768154167e-06
M058,omega,0.007810453930110798,0.0050642821992820585,1.5422627773819657,0.12300975031975815
M059,alpha[1],0.4112827227954315,0.10927616548934874,3.7637001715211142,0.00016741759879646692
M059,alpha[2],0.2000892769659977,0.604576439677896,0.33095778107496304,0.7406763759103103
M059,beta[1],0.048752936440045205,1.085258546406344,0.04492287722725849,0.9641687818592621
M059,beta[2],0.3536454317079613,0.523939868473808,0.6749733184804206,0.4996927167826205
M059,gamma[1],-0.010478948906506226,0.14548886831924449,-0.07202577783141727,0.9425813933806113
M059,gamma[2],-0.20008927696594717,0.15002983176942847,-1.3336632762039748,0.18231423534652103
M059,nu,6.0974182822238285,1.2700372394790314,4.800975981401133,1.5789420802645345e-06
M059,omega,0.009367333614371516,0.00957053154968141,0.9787683751675571,0.3276944389416775
M060,alpha[1],0.6346556092989076,0.12066328989661865,5.259724062245153,1.4427173492734646e-07
M060,alpha[2],-0.29032226925773175,0.5115011394615689,-0.5675887048137158,0.5703142785869995
M060,beta[1],0.9220790248951607,0.9270258612495104,0.9946637558226455,0.3198998278076205
M060,beta[2],0.0,0.8420253536836556,0.0,1.0
M060,gamma[1],-0.11650633026675113,0.0843700973131549,-1.38089600435468,0.16731093868478375
M060,gamma[2],0.19140724863325217,0.07197127733254913,2.6594949503096834,0.007825790312718026
M060,nu,6.194879044319513,1.4037032818860038,4.41323969549756,1.0183514135536893e-05
M060,omega,-0.22557628967100898,0.2373809211923414,-0.9502713551618265,0.3419743899162896
M061,Const,0.014834979897931016,0.018002095102318455,0.8240696326518377,0.40989999372630104
M061,Inflation_lag_1,0.44405549882819356,0.04512438819469272,9.840698491296573,7.518699885430073e-23
M061,SPF,0.5718131270728652,0.07604788995481525,7.519118905371533,5.514661475935209e-14
M061,alpha[1],0.2477203223095728,0.06659491369244323,3.7198084444350368,0.00019937393179660944
M061,beta[1],0.6670424643344012,0.07354356377675442,9.070031829831441,1.1898225355139756e-19
M061,nu,5.08993959727612,0.8694754427315702,5.854034912458727,4.797878372415904e-09
M061,omega,0.006130211164941896,0.002364453876700122,2.592654153819798,0.009523848910335862
M062,Const,0.021581246627118342,0.0182601053619587,1.1818796331853911,0.23725346435349248
M062,Inflation_lag_1,0.43401064815444074,0.04401139983259352,9.861323425414556,6.123685841930032e-23
M062,SPF,0.566017431769385,0.0740751365564564,7.641125728306887,2.1533066137735207e-14
M062,alpha[1],0.301503027655811,0.07325377950522353,4.115869920872979,3.857218106564082e-05
M062,beta[1],0.6978790248261597,0.06953088375428033,10.036964685972341,1.0485094326205028e-23
M062,gamma[1],-0.15313029021272132,0.06947931359077053,-2.2039695313435392,0.027526486928317714
M062,nu,5.013804939115041,0.8530960897766452,5.877186637237711,4.172976388965011e-09
M062,omega,0.005409035299094954,0.001950909581616123,2.7725709843580444,0.0055615388258874006
M063,Const,0.01751194655669708,0.004383594260374937,3.9948830837275646,6.472618605211305e-05
M063,Inflation_lag_1,0.43415026674508334,0.023325432726899038,18.61274222983304,2.5331452869239293e-77
M063,SPF,0.5867213237191261,0.03529422432298542,16.6237205937693,4.692775216313085e-62
M063,alpha[1],0.37019811868373664,0.11934900592064081,3.101811496694777,0.0019234039393295395
M063,beta[1],0.8901522620885477,0.05197163514952582,17.127655489913316,9.229997794735092e-66
M063,gamma[1],0.055116410712975704,0.03951395267330527,1.394859460623161,0.16305822402705483
M063,nu,4.7811989983100025,0.7684801617207601,6.221629700373879,4.92017178415907e-10
M063,omega,-0.3088537824274488,0.15177658603374472,-2.0349237685368737,0.04185854398815821
M064,Const,0.014834548514619258,0.018009397870792292,0.823711521120758,0.4101034915441061
M064,Inflation_lag_1,0.44405636827439426,0.04509699363169971,9.846695589088158,7.083459089620745e-23
M064,SPF,0.57181362800963,0.07609747750193298,7.514225790140089,5.72487060475275e-14
M064,alpha[1],0.2477174639280075,0.0704150992942496,3.5179594491921304,0.00043487881125491706
M064,beta[1],0.667048894727873,0.2395556138483295,2.784526248465225,0.005360598207563719
M064,beta[2],0.0,0.19000399275807725,0.0,1.0
M064,nu,5.089898669571001,0.8694782168822562,5.853969163048359,4.7997765608688405e-09
M064,omega,0.006130024710130577,0.0024745342783579136,2.4772438045184106,0.01324014251298263
M065,Const,0.02158260198334693,0.018266407550546836,1.181546066111988,0.23738586466343625
M065,Inflation_lag_1,0.43399337411076666,0.04394204089594021,9.876495612448059,5.2641722978812245e-23
M065,SPF,0.5660668760289673,0.0740628139155119,7.643064665011451,2.1211139312498667e-14
M065,alpha[1],0.302818234011503,0.08160241708323918,3.7108978488052737,0.0002065254371343802
M065,beta[1],0.6903734791092502,0.2410951782509286,2.863489365974457,0.004190028783212257
M065,beta[2],0.006154854082359361,0.18773495399144746,0.03278480619352193,0.9738461946012125
M065,gamma[1],-0.1538676679640464,0.07073522604132783,-2.175262264294562,0.029610468618278256
M065,nu,5.0140235431930815,0.8532866398736313,5.876130375058539,4.199676156919084e-09
M065,omega,0.005433081979777427,0.002118725289491727,2.56431638718052,0.01033792610085791
M066,Const,0.01694457922728158,0.017030498042219892,0.9949550027999585,0.31975814973023875
M066,Inflation_lag_1,0.43480078610604217,0.043059046821415974,10.097780099716196,5.6506811844878236e-24
M066,SPF,0.5886794208110809,0.06900687404937567,8.530735943637588,1.45419619419095e-17
M066,alpha[1],0.4038030084711135,0.16872399593833598,2.393275516179053,0.016698696355044566
M066,beta[1],0.752085437572778,0.40777106740617663,1.8443815603612537,0.06512755270458655
M066,beta[2],0.13234510953495546,0.3824263164595709,0.3460669515638488,0.7292923994732912
M066,gamma[1],0.05446045838507991,0.04725442397256852,1.152494386910621,0.24911797499094723
M066,nu,4.803338798383573,0.7868871492905353,6.104228290822016,1.032985528093744e-09
M066,omega,-0.3244728776099863,0.16023362693462684,-2.0249986461478953,0.042867503246766955
M067,Const,0.014843900170620063,0.018007513655275555,0.824317029812238,0.4097594447090672
M067,Inflation_lag_1,0.44407273100589856,0.04512246601189466,9.84149959554155,7.459062123601244e-23
M067,SPF,0.5716726273377797,0.07608140197342561,7.513960212476875,5.736502551374264e-14
M067,alpha[1],0.24600714565483067,0.07525656768926611,3.2689126438850176,0.0010796162741210417
M067,alpha[2],0.0041528623232797435,0.1004388209881943,0.04134718311526054,0.967019118522346
M067,beta[1],0.6639827967440596,0.10833055725918524,6.129229033276861,8.830592968051344e-10
M067,nu,5.089396836128482,0.8697919961554841,5.851280373495988,4.8780311342873195e-09
M067,omega,0.00618754400416295,0.002791933879487735,2.2162215407831374,0.02667633332535778
M068,Const,0.021891613387663347,0.018515239743606898,1.182356463692147,0.23706429016801933
M068,Inflation_lag_1,0.4307343349062483,0.0461924409278909,9.324779688058698,1.1121440079828834e-20
M068,SPF,0.5674106994761342,0.07367247220444145,7.701800720105698,1.3416200372498339e-14
M068,alpha[1],0.23504968503930926,0.08443663238092836,2.7837406397131463,0.005373598452536358
M068,alpha[2],0.10111804123111862,0.12742560195852104,0.7935457214009008,0.4274599420294649
M068,beta[1],0.6669553866420205,0.1377392533738247,4.842159154383549,1.2843582466506033e-06
M068,gamma[1],-0.07203726875269824,0.12002018673086273,-0.6002096040246714,0.5483665538489337
M068,gamma[2],-0.10111820797970901,0.12215925267481131,-0.82775725756023,0.40780798534531837
M068,nu,5.0992952532217295,0.9088489689520974,5.610717982220099,2.0148889357090656e-08
M068,omega,0.0059057567477882895,0.003050676295905208,1.93588443182757,0.05288185689064328
M069,Const,0.018869183046950067,0.016684786332224068,1.1309214676910293,0.2580881467568623
M069,Inflation_lag_1,0.4178431770163523,0.04478286691215407,9.330424910847984,1.0544731467875642e-20
M069,SPF,0.5967575076449768,0.0695853230091522,8.575910577672945,9.83059056596086e-18
M069,alpha[1],0.42708042829438186,0.11363367862948662,3.7583965726122277,0.0001710056977896138
M069,alpha[2],-0.12256573623079207,0.1298789203443701,-0.9436922936055572,0.345326913221926
M069,beta[1],0.9126289641130282,0.03502014964483818,26.060110347002635,1.0333841059429917e-149
M069,gamma[1],-0.03996570810594402,0.07456748814212635,-0.5359669354795618,0.5919814022586061
M069,gamma[2],0.11669175449322443,0.08112671261103188,1.4383887962120665,0.15032376975065884
M069,nu,5.046423253780079,0.8504953233243949,5.933510879348219,2.965243412063187e-09
M069,omega,-0.24919489332148007,0.10247242527892911,-2.4318239042666705,0.015023009243526328
M070,Const,0.014643227634550006,0.018121370729158377,0.8080640175297651,0.4190537302217091
M070,Inflation_lag_1,0.4445531448376505,0.04608571239544738,9.646224865161598,5.099867411361373e-22
M070,SPF,0.5721479540659266,0.07659903139940374,7.469388889301023,8.056810554962838e-14
M070,alpha[1],0.2531380177495717,0.07244394316327846,3.4942606199531987,0.0004753767076949453
M070,alpha[2],0.15250143812700634,0.11190876495399413,1.362730061311104,0.1729676000536119
M070,beta[1],1.2316696825870164e-17,0.673935104659686,1.8275790563083477e-17,1.0
M070,beta[2],0.4529263925964649,0.4848756973215941,0.9341082572263076,0.35024805300823914
M070,nu,5.09607202208837,0.8698116682204645,5.8588223270381645,4.6616110305314605e-09
M070,omega,0.010068850528228361,0.005306557856582139,1.8974353621225815,0.05777050220380478
M071,Const,0.022839957820545806,0.018798344341513194,1.2149983746232025,0.22436671130288555
M071,Inflation_lag_1,0.4283483873331529,0.045721725601925105,9.368596256898872,7.350355694656716e-21
M071,SPF,0.5682705205304248,0.07800158392916778,7.285371551511875,3.2078498068717177e-13
M071,alpha[1],0.2503995332210307,0.16255405501721804,1.540407793546017,0.12346098288608284
M071,alpha[2],0.2537741463052777,0.2316979202813701,1.0952802079410062,0.2733938956960852
M071,beta[1],0.0,1.0713069103744446,0.0,1.0
M071,beta[2],0.5097886618297928,0.7532185786087481,0.676813711594065,0.49852415733789024
M071,gamma[1],-0.0498473522685832,0.1989938632079875,-0.25049693224199066,0.8022030768117168
M071,gamma[2],-0.22751648649788306,0.11737816939079387,-1.9383202828832622,0.05258415934001225
M071,nu,5.216710862583342,0.9480264238498765,5.502706181330477,3.740054365170596e-08
M071,omega,0.008531097109363945,0.006159907023593569,1.3849392655909065,0.16607103924503175
M072,Const,0.01724848146557366,0.0026981264193440195,6.392762526585832,1.6291517957083854e-10
M072,Inflation_lag_1,0.43221941689900656,0.01935472173903339,22.33147149965652,1.828081331922627e-110
M072,SPF,0.5880508241776545,0.019866025027158882,29.600829726818983,1.4579710974245976e-192
M072,alpha[1],0.45780321803349716,0.09459845907965772,4.839436313101027,1.3020790753421626e-06
M072,alpha[2],0.07643067807245552,0.14294868999920254,0.5346721125802685,0.5928766086607364
M072,beta[1],0.2443336112298855,0.12783668231881895,1.9112949960679395,0.05596668175979897
M072,beta[2],0.5916504070306523,0.09918631486636963,5.965040719859014,2.445730419685111e-09
M072,gamma[1],-0.028281784242551556,0.05995929193210538,-0.4716830924984288,0.6371530070924221
M072,gamma[2],0.14198746714948163,0.06777311294654015,2.0950412483115866,0.03616732588650211
M072,nu,5.004764714860511,0.8270795519352536,6.051128580255723,1.4383458368899814e-09
M072,omega,-0.46968323408817986,0.20787640195834498,-2.259435076148262,0.023856334584009885
M073,Const,0.015276024562540924,0.018176806189701133,0.8404130188281496,0.4006768521491241
M073,Inflation_lag_1,0.45097170677389303,0.04456013324398263,10.120519709953784,4.480302534717258e-24
M073,Inflation_lag_2,-0.01923175882355705,0.04544248317249261,-0.4232110017086056,0.6721413206228103
M073,SPF,0.5831419420883472,0.0801879942853633,7.2721851604509835,3.5371828625215145e-13
M073,alpha[1],0.24696546094357882,0.06642492870772705,3.7179635078004973,0.00020083527238662303
M073,beta[1],0.6684881145760716,0.07280532122984082,9.181857909337504,4.237166870638329e-20
M073,nu,5.119318644018401,0.8854980041147333,5.781287614686814,7.413102684632993e-09
M073,omega,0.006068047582567277,0.0023386450612956407,2.594685137558026,0.009467760787780211
M074,Const,0.022815187940862593,0.018462927652644116,1.2357296941254698,0.21655905604351733
M074,Inflation_lag_1,0.4465685284003666,0.043066374229379804,10.369308686676446,3.4198984344740225e-25
M074,Inflation_lag_2,-0.03482874848878895,0.045379066779705705,-0.7675069356949615,0.4427801711067936
M074,SPF,0.5854740153990377,0.07756505169620763,7.548167668244629,4.414244166329564e-14
M074,alpha[1],0.3029746615698611,0.07379351804934442,4.105708327488429,4.030778245365206e-05
M074,beta[1],0.7001762236139417,0.06761551182360494,10.355260275786398,3.961077397483705e-25
M074,gamma[1],-0.16090787399047507,0.06978561114285904,-2.305745716850977,0.021124844983255085
M074,nu,5.053599376671068,0.8701858420811782,5.807494367622251,6.341468432421535e-09
M074,omega,0.005351252751104948,0.0018767792749292758,2.851295739775581,0.004354145126088997
M075,Const,0.020415801918522956,0.016695825313465227,1.2228087881380478,0.22140192540241643
M075,Inflation_lag_1,0.4521918615787824,0.04415135683545647,10.241856513357304,1.287419031665094e-24
M075,Inflation_lag_2,-0.03789734915883969,0.04683490812588241,-0.8091688587704616,0.4184180247967261
M075,SPF,0.5960105753568454,0.07410528244842791,8.042754249963584,8.784137981996352e-16
M075,alpha[1],0.36325582233301074,0.12149504367241803,2.989881820302416,0.0027908540181433546
M075,beta[1],0.8912831555970616,0.05170235366367406,17.238734650164968,1.359806712615781e-66
M075,gamma[1],0.0622529269640087,0.04179685832472269,1.4894164169077349,0.13637774816316744
M075,nu,4.818182479400465,0.791950364966444,6.08394502047438,1.172608288499673e-09
M075,omega,-0.3068438071247112,0.1509818602128537,-2.0323223378763773,0.04212103451600124
M076,Const,0.015276680500480887,0.018189283807126966,0.8398725679619746,0.4009798399112534
M076,Inflation_lag_1,0.4509720864952275,0.04460471160177912,10.11041368278323,4.967408053330354e-24
M076,Inflation_lag_2,-0.01923375260019042,0.04545647450143943,-0.4231246002058819,0.6722043548723092
M076,SPF,0.5831410013636708,0.0802778945148835,7.264029592300239,3.757257547356438e-13
M076,alpha[1],0.24696321433872004,0.07005657931966666,3.5251965873445266,0.0004231686285005044
M076,beta[1],0.6684908746843514,0.24256134555984327,2.7559662201800634,0.005851904019701974
M076,beta[2],0.0,0.19292435519046433,0.0,1.0
M076,nu,5.11930139596401,0.8855788167243923,5.780740572476032,7.437250250957519e-09
M076,omega,0.00606797504532249,0.0024568042215347098,2.469865116696993,0.01351640059920063
M077,Const,0.022814507524601554,0.01847451704826915,1.234917668753837,0.21686114693835423
M077,Inflation_lag_1,0.4465763039309458,0.04307790341879673,10.366713987665554,3.514012435473999e-25
M077,Inflation_lag_2,-0.034843689209994554,0.04538425637387075,-0.7677483778285555,0.44263668870837414
M077,SPF,0.585545682968841,0.07759210347247952,7.546459713861517,4.472493413186799e-14
M077,alpha[1],0.3049188381291574,0.0818945270688518,3.7233115452611467,0.0001966266427457432
M077,beta[1],0.6890299806424943,0.2419647220017698,2.8476464459040214,0.004404382477971502
M077,beta[2],0.009165637815375787,0.18877327582874998,0.048553683116092164,0.9612749819168017
M077,gamma[1],-0.16204368803666588,0.07089119229566493,-2.285808473369054,0.022265465759180092
M077,nu,5.05392641113978,0.8705504785181899,5.805437520110649,6.419814153076738e-09
M077,omega,0.005386542440057049,0.0020582985243528906,2.616987952100158,0.008870947231460813
M078,Const,0.017945674474956347,0.012286064692330201,1.4606527740456436,0.14411075550724914
M078,Inflation_lag_1,0.4505055627697454,0.02330543635968444,19.330492500413552,2.9756393993809528e-83
M078,Inflation_lag_2,-0.03611288425023403,0.007042440265856409,-5.127893583324908,2.930019743336247e-07
M078,SPF,0.6080787863918167,0.03974664564546809,15.298870546605478,7.779497752026334e-53
M078,alpha[1],0.3973642350697334,0.15953176209671746,2.490815809010045,0.0127450172704677
M078,beta[1],0.751675366956757,0.35631745036358026,2.1095665289189744,0.034895709914369466
M078,beta[2],0.13405189015054242,0.33320715917469546,0.40230795305409706,0.6874574023139972
M078,gamma[1],0.06108305051413779,0.04422208558762885,1.3812792794020958,0.1671931066723692
M078,nu,4.847674967622582,0.7982369934674098,6.072977082363824,1.2556038043730872e-09
M078,omega,-0.32187772009434956,0.15113171196389283,-2.129782796156309,0.03318954966115887
M079,Const,0.015286350477751887,0.018193118296526537,0.8402270698514825,0.40078108340821006
M079,Inflation_lag_1,0.45095624605451096,0.04463712213957029,10.10271774789763,5.3732068410743275e-24
M079,Inflation_lag_2,-0.019210912185086054,0.045461230820810765,-0.4225779161327037,0.6726032418515374
M079,SPF,0.5830221572594929,0.08028012644087176,7.2623472720724065,3.8042995928706314e-13
M079,alpha[1],0.24565008067528277,0.07471005994660017,3.28804555706238,0.0010088551285115477
M079,alpha[2],0.003229429824281566,0.1012012385976746,0.03191097133820822,0.9745430492339734
M079,beta[1],0.6661038829418272,0.10807054988529409,6.163602236213555,7.110843140577693e-10
M079,nu,5.118931909107888,0.8859500182193171,5.777901466040374,7.563808037146591e-09
M079,omega,0.006112159751125393,0.0027530662842766354,2.2201280753875325,0.026410074897588013
M080,Const,0.02317092099457044,0.018744659345000584,1.2361345473451024,0.21640855513389368
M080,Inflation_lag_1,0.443611073562134,0.04422170064590109,10.031524502286464,1.1079257712443824e-23
M080,Inflation_lag_2,-0.03656599168990934,0.047098853229272875,-0.7763669215449782,0.4375323698416216
M080,SPF,0.5877415239906023,0.07722543174249043,7.610724999899475,2.7256262055021883e-14
M080,alpha[1],0.23407243742292255,0.08398667695987877,2.7870186783880158,0.005319541276154782
M080,alpha[2],0.10581027548374852,0.1321390093682784,0.800749725532221,0.4232765491400834
M080,beta[1],0.6672455185634408,0.1410356177967918,4.73104261878604,2.2336961532220122e-06
M080,gamma[1],-0.07689491170141602,0.11759806234919734,-0.6538790704993351,0.513189719012241
M080,gamma[2],-0.10581046281480225,0.12258762120502105,-0.8631414964634975,0.3880596750093499
M080,nu,5.143566139280505,0.9408690191362004,5.466824855177766,4.58168356009878e-08
M080,omega,0.005884413150694849,0.0030140329985892636,1.9523386616699565,0.05089801021183892
M081,Const,0.020637651498165235,0.016686332197450224,1.2367997504759491,0.21616143474906313
M081,Inflation_lag_1,0.4397937198705847,0.04522666448639172,9.72421302488302,2.3773656470624495e-22
M081,Inflation_lag_2,-0.04536734635125481,0.04551745570989333,-0.9967021584072,0.3189091017125856
M081,SPF,0.6149094189776395,0.07393281446628257,8.317137977454815,9.011282673227291e-17
M081,alpha[1],0.4248131375013208,0.11133114902126387,3.815761727386672,0.000135763465470291
M081,alpha[2],-0.12841862862904932,0.12182335787499439,-1.054137981985544,0.2918197489303265
M081,beta[1],0.9121240846386901,0.03250144757540929,28.064106453178606,2.687569178353845e-173
M081,gamma[1],-0.036133929359911304,0.07307131889703566,-0.49450221927467053,0.6209515394158716
M081,gamma[2],0.11994716251247466,0.07922004324987424,1.5141011995428957,0.13000017448813872
M081,nu,5.116348877591304,0.8823882927724795,5.798296418366619,6.699196367591318e-09
M081,omega,-0.25226287750439563,0.0959097299159515,-2.6302115304199165,0.008533175450823305
M082,Const,0.01507782302272735,0.018305767609402338,0.8236651608634522,0.41012984027141663
M082,Inflation_lag_1,0.4514803440328329,0.04539889771679487,9.944742421924756,2.658609162788656e-23
M082,Inflation_lag_2,-0.019027996744003902,0.04550549035848064,-0.4181472739686179,0.6758394429773804
M082,SPF,0.5832871247529743,0.08082113185360036,7.217012573017937,5.314206536393651e-13
M082,alpha[1],0.2521618103814919,0.07159405360325585,3.522105505840843,0.00042813371715416063
M082,alpha[2],0.15269369576791614,0.09590697094885038,1.592102161680735,0.11136175147529047
M082,beta[1],0.0,0.5824487481388578,0.0,1.0
M082,beta[2],0.4545752166819713,0.4221592533658779,1.0767861015899587,0.2815758358402589
M082,nu,5.124893948508174,0.8848325031146912,5.79193681342862,6.957932139588215e-09
M082,omega,0.009984402904446467,0.004943435099263589,2.0197297433790156,0.04341142813816894
M083,Const,0.024168463517997094,0.01951607866180111,1.2383872773223707,0.21557249582021176
M083,Inflation_lag_1,0.44387772276872123,0.04733017807120841,9.378323531783586,6.702999539174236e-21
M083,Inflation_lag_2,-0.04108841169375104,0.046999005074077144,-0.8742400318685435,0.38198754943828517
M083,SPF,0.5899694875989507,0.09078158650219949,6.49877921647312,8.097439452355227e-11
M083,alpha[1],0.25008349546946895,0.2659171773548257,0.9404563404182457,0.3469835344473736
M083,alpha[2],0.2545270402977164,0.3321771455170992,0.766238869027232,0.44353418463235605
M083,beta[1],0.0,1.7337085526605973,0.0,1.0
M083,beta[2],0.5145400252934883,1.2317656821538139,0.41772557293022256,0.6761477727305298
M083,gamma[1],-0.05512039033607964,0.32707281883883166,-0.1685263560933223,0.8661692110195198
M083,gamma[2],-0.23668863558968609,0.13006784821373418,-1.8197320770675558,0.06879981589895859
M083,nu,5.278985274016694,1.0149037495031765,5.201463958134851,1.9772482011021507e-07
M083,omega,0.008470099118082029,0.009274507968353878,0.9132666818534609,0.361102301043267
M084,Const,0.019519902787906315,0.01688419294192138,1.1561051721602156,0.24763814071355916
M084,Inflation_lag_1,0.4542678761411655,0.044646309183434804,10.174813650883223,2.5689122582403565e-24
M084,Inflation_lag_2,-0.04079032309383189,0.045017462967171656,-0.9060999977625939,0.3648829265224601
M084,SPF,0.5974534518623782,0.07245217554903836,8.246176837823167,1.635425992286335e-16
M084,alpha[1],0.45274461169551683,0.095687845738794,4.731474600561145,2.2289471085463525e-06
M084,alpha[2],0.05918081338854997,0.14552701544926622,0.4066654786113005,0.6842536984515313
M084,beta[1],0.258064746966884,0.13505894223456233,1.9107564645271136,0.05603588481936232
M084,beta[2],0.5811328865958113,0.10588705210145406,5.488233689223945,4.0597275122995214e-08
M084,gamma[1],-0.02352931984760226,0.06133290671367057,-0.38363288336304757,0.7012505641175956
M084,gamma[2],0.1488049930597396,0.07091340039766354,2.098404423215932,0.03586943488829062
M084,nu,5.04222916283946,0.852748932689781,5.912911725301165,3.3611233435932602e-09
M084,omega,-0.4627976569099449,0.20009656401770032,-2.312871583686996,0.020729700589274293
M085,Const,0.014197270596225957,0.018456987781114716,0.7692084301400837,0.44176958670035604
M085,Inflation_lag_1,0.4510212134744144,0.04459521116339985,10.113669196942297,4.8050255352936395e-24
M085,Inflation_lag_2,-0.016599424406604293,0.04585387057207951,-0.3620070497758963,0.7173467622809185
M085,SPF,0.28628048960652785,0.40036207825918785,0.7150539602834076,0.4745757010370937
M085,SPF_lag_1,0.2977353470791571,0.39562208634906515,0.7525751401463956,0.4517052610294606
M085,alpha[1],0.2447794845533869,0.06597833762693098,3.709997756194952,0.00020726108426978763
M085,beta[1],0.6724864870632445,0.07281055015186294,9.236113250904179,2.556139242125576e-20
M085,nu,5.09982785415255,0.8881462856499995,5.742103453622153,9.35076625724038e-09
M085,omega,0.005960078897188028,0.0023450525976396385,2.541554463719498,0.011036075070064988
M086,Const,0.021841476232922832,0.018845803343827877,1.1589570279621992,0.24647370153456816
M086,Inflation_lag_1,0.44615388565002645,0.042963547911598635,10.384474917388765,2.917703820361946e-25
M086,Inflation_lag_2,-0.032438266145528756,0.04568597456728819,-0.7100267960301982,0.4776875195685317
M086,SPF,0.277129680665205,0.38892891334812596,0.7125458436080562,0.476126833851111
M086,SPF_lag_1,0.30940292503706396,0.3849826899492243,0.8036800955333119,0.42158175237036877
M086,alpha[1],0.30128861493798303,0.07310629470661657,4.121240395879543,3.7683794960070826e-05
M086,beta[1],0.7036255654527516,0.06649618978256987,10.581441850329709,3.63323519822331e-26
M086,gamma[1],-0.16061439255253576,0.069150943332233,-2.3226637962243,0.02019722061371356
M086,nu,5.036229520554046,0.8716448338197674,5.7778458899182805,7.566306212833877e-09
M086,omega,0.005251091330157738,0.001863986497688643,2.817129489225984,0.004845498566017059
M087,Const,0.018070974814312357,0.01704711013398962,1.0600608943260883,0.2891168970019625
M087,Inflation_lag_1,0.4500212006762897,0.04394641244076851,10.240226122731487,1.3093000250806737e-24
M087,Inflation_lag_2,-0.032128445105151074,0.04723723969114248,-0.680150773314037,0.49640899827748786
M087,SPF,0.3074667242190942,0.38038225359430367,0.8083098549256258,0.41891223076048356
M087,SPF_lag_1,0.29366610631376877,0.37724799240403895,0.7784431255481604,0.4363078234058998
M087,alpha[1],0.36051090559933374,0.11961227567126118,3.013995876060006,0.0025783131061602187
M087,beta[1],0.8937068414528987,0.05068410315941971,17.632882614927006,1.3776086066827549e-69
M087,gamma[1],0.060990634161518335,0.04172646263598255,1.4616775616374307,0.1438295888680189
M087,nu,4.794131218278668,0.7913859544066829,6.05789272804686,1.3791631463325734e-09
M087,omega,-0.29922353059318724,0.14801365568237113,-2.021594083422302,0.0432183038011014
M088,Const,0.014196988558031897,0.01847771726480878,0.7683302192890663,0.44229102565530687
M088,Inflation_lag_1,0.4510217826993997,0.04462898793861819,10.106027573820986,5.1948084524307986e-24
M088,Inflation_lag_2,-0.01659959056181314,0.045883030405874735,-0.36178060635872417,0.7175159857551272
M088,SPF,0.2862731390688458,0.4014438521859465,0.7131087884645092,0.47577844162659055
M088,SPF_lag_1,0.29774382386128134,0.39631968446324034,0.7512718533386343,0.4524890648894174
M088,alpha[1],0.2447769029882447,0.0692605763818981,3.5341447584634804,0.0004090969551840321
M088,beta[1],0.6724891526425546,0.2421659240491746,2.7769767992048204,0.0054867095277930595
M088,beta[2],2.4904659644912864e-18,0.19369201721446672,1.2857865803182287e-17,1.0
M088,nu,5.099808862091867,0.8883073825117074,5.741040728122795,9.409645451223201e-09
M088,omega,0.00596008312192844,0.0024555006358884836,2.427237458145426,0.015214294158224782
M089,Const,0.021842434385920963,0.018851314780060583,1.1586690180901413,0.2465911241582609
M089,Inflation_lag_1,0.44615232951500344,0.042986000981217576,10.379014547316148,3.0894767359823593e-25
M089,Inflation_lag_2,-0.03243603490989458,0.045687923800220895,-0.7099476669530287,0.4777365895817819
M089,SPF,0.2771314652906064,0.390639422183317,0.7094303584151723,0.47805745406906
M089,SPF_lag_1,0.30939845840812114,0.38650604877465067,0.8005009478868815,0.4234206145869487
M089,alpha[1],0.3012849690638338,0.08099739578614305,3.719687110179625,0.00019946973071065843
M089,beta[1],0.7036260875196044,0.24289848231667321,2.896790794280338,0.003770010674624513
M089,beta[2],1.32478508652136e-18,0.18928147700213352,6.999021285671959e-18,1.0
M089,gamma[1],-0.1606116195859259,0.06937964471346558,-2.314967455501448,0.020614713189053308
M089,nu,5.036278690150719,0.8721775121854317,5.774373473045895,7.723994477242346e-09
M089,omega,0.0052511403278666866,0.0020424610301304465,2.5709867901525203,0.010140919501331988
M090,Const,0.017517683125065714,0.017577383789704044,0.9966035523060435,0.31895698101580094
M090,Inflation_lag_1,0.45141981421169,0.04413015521964277,10.229282266624763,1.4660183476778659e-24
M090,Inflation_lag_2,-0.03270901376698632,0.04706141515249623,-0.6950282659583679,0.4870375877503986
M090,SPF,0.31370324769469143,0.3791937680479545,0.8272900931616026,0.4080726575653615
M090,SPF_lag_1,0.28931153349645905,0.37596838075869143,0.7695102787969514,0.4415904449322051
M090,alpha[1],0.39151865573349043,0.16009510327021245,2.445537981712505,0.014463621327267502
M090,beta[1],0.7662114189035744,0.34641763237593104,2.211814143663694,0.02697950944041083
M090,beta[2],0.12226242206793135,0.32333232093322983,0.3781323862552526,0.7053322505742663
M090,gamma[1],0.06077283815898359,0.04698969862171601,1.2933225779596251,0.19589951495475322
M090,nu,4.818963381995242,0.8066324824697158,5.974174716149204,2.3125785918159477e-09
M090,omega,-0.31357056088973445,0.15128066937244777,-2.07277348910808,0.038193364777985093
M091,Const,0.01422935379055801,0.018482076218624008,0.769900179083743,0.4413591076812674
M091,Inflation_lag_1,0.4509979665658113,0.044673131589034014,10.095508206470095,5.783074151639634e-24
M091,Inflation_lag_2,-0.016534694992680163,0.0458989122865974,-0.36024154318594465,0.7186665103012244
M091,SPF,0.2849877497345043,0.4021582253819471,0.7086458307892101,0.47854428792716874
M091,SPF_lag_1,0.2986949698758793,0.3966498486736354,0.7530444569049776,0.4514231994880996
M091,alpha[1],0.24198028718579032,0.07445246186990227,3.2501314410344824,0.0011535167983453927
M091,alpha[2],0.006823360188712853,0.10220613096933318,0.06676077182454146,0.946772153252241
M091,beta[1],0.667493183903069,0.10892992984465728,6.127729861342674,8.914176435655097e-10
M091,nu,5.098791215698394,0.8888687847538134,5.736269855747704,9.678441165404753e-09
M091,omega,0.0060521789945827825,0.002783002993814006,2.1746936701237565,0.029653079559905822
M092,Const,0.022290540232859948,0.019049102000880235,1.1701622591883822,0.24193567754780332
M092,Inflation_lag_1,0.4427286185932815,0.04425764113838471,10.003439117077173,1.4719451922757756e-23
M092,Inflation_lag_2,-0.03385521398045269,0.047433812406242705,-0.7137358829710481,0.47539051346103345
M092,SPF,0.239569719141866,0.3991656905853205,0.6001761293426061,0.5483888604423258
M092,SPF_lag_1,0.34885319086952804,0.39484216715867193,0.8835256714851768,0.37695231857995226
M092,alpha[1],0.22449193278757548,0.08270828285690222,2.714261801033644,0.006642364982085536
M092,alpha[2],0.11841323358684845,0.1323353783770225,0.8947965014275324,0.37089588089011216
M092,beta[1],0.6670369170177024,0.13771818994414042,4.843491751440081,1.2757701992851603e-06
M092,gamma[1],-0.06734489505158536,0.11647405761591428,-0.578196522299089,0.563131446458252
M092,gamma[2],-0.11841323358684856,0.12432187248284692,-0.9524730541939546,0.34085712524326406
M092,nu,5.133790141950946,0.9472909224597317,5.419444037973644,5.978465998924091e-08
M092,omega,0.005842646336917822,0.0029535040097178424,1.9782083646048574,0.04790520549300868
M093,Const,0.019662920402008458,0.017056558173594645,1.15280704359504,0.24898959268897225
M093,Inflation_lag_1,0.44029396433237533,0.04522709585481399,9.735181001800058,2.134373775955427e-22
M093,Inflation_lag_2,-0.04178933346419177,0.04553384635145747,-0.9177641867027154,0.35874233549482437
M093,SPF,0.268915717506123,0.3897632122843221,0.6899463803422166,0.4902279074080711
M093,SPF_lag_1,0.34388289900080526,0.38564249841946463,0.8917142182466692,0.37254613059584263
M093,alpha[1],0.42038085107757905,0.11069494779930066,3.797651649285433,0.00014607341041995305
M093,alpha[2],-0.12386847114437961,0.11916008212435916,-1.0395131401059847,0.29856615011733967
M093,beta[1],0.9125854241068597,0.03197334681146712,28.54206753793958,3.523757151685647e-179
M093,gamma[1],-0.040508487645635624,0.07217731743398892,-0.5612357051463349,0.5746368654017094
M093,gamma[2],0.12499741361042824,0.07859786703555686,1.5903410400931197,0.11175795257286969
M093,nu,5.0950958749072015,0.8821374004124188,5.775852914211699,7.65642369590263e-09
M093,omega,-0.25069475320273354,0.09461310170723923,-2.649683275139387,0.00805672606034578
M094,Const,0.014290639859592669,0.018526115397590828,0.7713781088425613,0.4404828468132116
M094,Inflation_lag_1,0.45099857330404763,0.044681506755062224,10.093629469040934,5.894873494106832e-24
M094,Inflation_lag_2,-0.01649529666304373,0.045928100294636655,-0.3591547779512666,0.719479304638196
M094,SPF,0.2838691674211981,0.40230191171290136,0.7056122756477937,0.48042928817508734
M094,SPF_lag_1,0.29947282056955343,0.3965447367635353,0.7552056371085639,0.4501256068470181
M094,alpha[1],0.24020830861680284,0.07409745991944901,3.2417887047401104,0.0011878205401846431
M094,alpha[2],0.05842498042753357,0.11436057818841411,0.5108839195555293,0.6094323417522366
M094,beta[1],0.4722939026275146,0.2623262089740829,1.8004068464015959,0.07179642056892362
M094,beta[2],0.1289671537703732,0.17868759204308673,0.7217465538361248,0.47045031436269635
M094,nu,5.098879520746793,0.888333233606919,5.7398274969897285,9.477303863854201e-09
M094,omega,0.007256077329776381,0.0032997893298036245,2.198951691927618,0.027881357449967056
M095,Const,0.022898640659083643,0.019632258149726994,1.1663783393863976,0.24346151220405277
M095,Inflation_lag_1,0.44253230975852503,0.046092188008336775,9.60102631010885,7.91523037792793e-22
M095,Inflation_lag_2,-0.03884277249066079,0.04630877741733315,-0.8387777578451494,0.40159403430852736
M095,SPF,0.2078840844387638,0.3882053142717791,0.5355003571466463,0.592303910694402
M095,SPF_lag_1,0.38584055479498325,0.38551113597287484,1.0008544988493706,0.3168971571308753
M095,alpha[1],0.24441609812076254,0.2666416206695812,0.9166464616701373,0.3593279293757681
M095,alpha[2],0.26224108244419575,0.26435125257282527,0.9920175519953393,0.3211889634009709
M095,beta[1],0.0,1.5159581453890816,0.0,1.0
M095,beta[2],0.5166907238348654,1.0849376145896723,0.4762400315803226,0.6339033829554113
M095,gamma[1],-0.04512831034401606,0.3310352406803582,-0.136324792041072,0.8915645256244593
M095,gamma[2],-0.249035965861962,0.10977723396738708,-2.2685574855706996,0.0232952494701544
M095,nu,5.277746810488651,1.001418666231644,5.270270056328093,1.3622318382426422e-07
M095,omega,0.008356729839752561,0.007997436945042232,1.0449260053163736,0.2960571696052424
M096,Const,0.017754646777663724,0.01720676136841001,1.031841285964457,0.3021464748590341
M096,Inflation_lag_1,0.4522973449337104,0.0442855672247695,10.213199768631043,1.730616793199294e-24
M096,Inflation_lag_2,-0.037695275865557404,0.04486307545528008,-0.8402294199186677,0.4007797660072674
M096,SPF,0.24658033026275286,0.3801754749291927,0.6485960997580873,0.5165994771498417
M096,SPF_lag_1,0.35593643202080044,0.37742799519504444,0.9430578456080404,0.34565131594296494
M096,alpha[1],0.4511391358707183,0.09382088861680156,4.808514846979692,1.5205573740936307e-06
M096,alpha[2],0.05997208777892061,0.14266463756091158,0.4203710800675125,0.6742143914318547
M096,beta[1],0.2514374517347127,0.13337169714337274,1.8852384510367362,0.059397651693562745
M096,beta[2],0.5884947244193456,0.10557860550919564,5.573995996452985,2.4896145783416928e-08
M096,gamma[1],-0.02671447177927871,0.060225227057970024,-0.44357610729411767,0.6573490830961046
M096,gamma[2],0.15372104222804076,0.07193286062647475,2.137007216024216,0.0325974047075013
M096,nu,5.0213699374833665,0.8526120217321362,5.8893961256635,3.8760934531843354e-09
M096,omega,-0.4602143380574632,0.1970264877729447,-2.335799329620182,0.019501702583726008
M097,alpha[1],0.38789978578253126,0.0886751594828867,4.374390619025517,1.217721614272506e-05
M097,beta[1],0.5934179655899494,0.09305855350988394,6.376823442961869,1.8079868563974577e-10
M097,mu_1,0.06757025838283498,0.0391867966371771,1.7243118647450266,0.08465155853828032
M097,omega,0.006970875709488358,0.0027072141061872503,2.574925896535722,0.010026156484520363
M097,p_1,0.8217526957888542,0.08607343931399576,9.547111191770806,1.3336312415689228e-21
M097,sigma_1_sq,0.5719062145659436,0.0863402865868005,6.623862824348967,3.49931523156126e-11
M098,alpha[1],0.4178122040812856,0.09775010472979381,4.2742890683976755,1.9174813328165575e-05
M098,beta[1],0.6439398652375676,0.09116016775317456,7.063829313929087,1.6197568842781824e-12
M098,gamma[1],-0.21321037562789716,0.08655245773028093,-2.4633659311248435,0.013763936017352481
M098,mu_1,0.08597648471267391,0.035931292436675484,2.3928024538554236,0.016720240800713847
M098,omega,0.006489814338457271,0.0024519031725064306,2.64684772678977,0.00812459280865124
M098,p_1,0.8333929434429761,0.06919805955951426,12.043588342621238,2.096344067198602e-33
M098,sigma_1_sq,0.5440791232069002,0.07499180239352522,7.255181311042551,4.0112414996912036e-13
M099,alpha[1],0.39557380870851594,0.10294454408594672,3.8425912924366132,0.00012174210749335447
M099,beta[1],0.9171702223572782,0.037805098048938286,24.260490507656172,5.124484354595028e-130
M099,gamma[1],0.08649581192545062,0.03513917966091143,2.4615205238176903,0.013834948192010902
M099,mu_1,0.0873975256318742,0.032502780111913654,2.6889246190924845,0.00716826042637805
M099,omega,-0.20165610237343312,0.10612547316247439,-1.900166815413908,0.05741123164237861
M099,p_1,0.8600905574002153,0.05390317597895082,15.956213001921826,2.579135087470173e-57
M099,sigma_1_sq,0.533071712622542,0.07226869138404586,7.37624692537637,1.6281392630324596e-13
M100,alpha[1],0.4719845533193894,0.09732736783400103,4.849453589707611,1.2380203039122474e-06
M100,beta[1],0.28781274832971154,0.11225476417442831,2.563924573236736,0.010349603308282048
M100,beta[2],0.22301544348586583,0.08572810001360263,2.60142757684446,0.009283666479472477
M100,mu_1,0.06640074007453117,0.039497489963001196,1.6811382226245586,0.09273606961776443
M100,omega,0.008221493510895286,0.002576202315206406,3.191322926140829,0.0014162289239843364
M100,p_1,0.835695107769148,0.07175992933885111,11.645706949110656,2.4131225141271343e-31
M100,sigma_1_sq,0.5826781461880833,0.08518708698013787,6.839982054133861,7.920310177678497e-12
M101,alpha[1],0.5161033796124279,0.10577978778683488,4.879035876423464,1.066056731857893e-06
M101,beta[1],0.2962779629152424,0.11349216105962986,2.6105588275790708,0.009039442332759022
M101,beta[2],0.2678112006488491,0.10050235799360661,2.6647255447069784,0.007705117808046141
M101,gamma[1],-0.27127522577165797,0.10505151976704458,-2.582306532768115,0.009814237129247842
M101,mu_1,0.08654576766614677,0.03678878786609685,2.3525039199756854,0.018647493219226836
M101,omega,0.007782924686562875,0.002530339173445858,3.075842467381145,0.0020990871591809114
M101,p_1,0.8360256587864582,0.06203018720765054,13.477722644747173,2.1153581387759081e-41
M101,sigma_1_sq,0.5482943896520481,0.07422666812995124,7.3867573941501705,1.5045274943746029e-13
M102,alpha[1],0.506349405778303,0.10760679698252866,4.705552251132568,2.5317964691294515e-06
M102,beta[1],0.5630738269165045,0.13018614928631284,4.325143880538016,1.5243233735492749e-05
M102,beta[2],0.33546023150673854,0.1274679345189654,2.631722501605507,0.008495321953190563
M102,gamma[1],0.10420048549429259,0.047579130926711705,2.1900460026223962,0.02852090070726615
M102,mu_1,0.08753443508083003,0.03351325046412444,2.611935096374333,0.009003134441664791
M102,omega,-0.2477021851544732,0.11249743101629299,-2.201847481464697,0.027676083814485566
M102,p_1,0.8592093952245485,0.05179958254649931,16.587187637144677,8.62663798242896e-62
M102,sigma_1_sq,0.5392812056561676,0.07223512782437398,7.465636483226382,8.289791454214977e-14
M103,alpha[1],0.38790060174418056,0.09287743386539281,4.176478457688275,2.960567659677972e-05
M103,alpha[2],2.5314377978883084e-12,0.12119443522707103,2.088740950147903e-11,0.9999999999833342
M103,beta[1],0.5934163645670638,0.1234947807272734,4.805193880035853,1.5460161602722396e-06
M103,mu_1,-0.311498876937222,0.21763568278362086,-1.4312858670649262,0.1523483027245612
M103,omega,0.006970817829170496,0.0032272159215873757,2.160009741691454,0.030771915435285697
M103,p_1,0.17824669438459456,0.08884311768052464,2.0063084123810317,0.04482335304920744
M103,sigma_1_sq,2.855488903548414,0.8483523637317323,3.365923200812089,0.0007628794493002485
M104,alpha[1],0.41780515673472,0.12823955870693843,3.2580052594341513,0.001121983268747879
M104,alpha[2],0.0,0.19546560724183912,0.0,1.0
M104,beta[1],0.6439443588046531,0.1766840126344995,3.644610223658209,0.00026779734786798606
M104,gamma[1],-0.21321281785846716,0.1535919458540001,-1.3881770731724492,0.16508313183465084
M104,gamma[2],-3.009640421225967e-10,0.151586921990457,-1.9854222130161305e-09,0.9999999984158623
M104,mu_1,-0.43007132507767787,0.264388738142564,-1.626662800008427,0.10380873356935846
M104,omega,0.0064898533735501945,0.003772563691895474,1.7202766881026348,0.08538215885755543
M104,p_1,0.1666081217873691,0.07563058806987041,2.2029198243632613,0.027600400091820583
M104,sigma_1_sq,3.058636833719499,0.9314263627389546,3.283820338437989,0.001024101850836562
M105,alpha[1],0.616377223141433,0.20063470951086027,3.0721365442905517,0.0021253248090051056
M105,alpha[2],-0.2990890688063554,0.1785029436947275,-1.6755413810869815,0.09382805905115071
M105,beta[1],0.9295129459769795,0.02132905282916101,43.57966354259072,0.0
M105,gamma[1],-0.042411943292499706,0.14280857956374,-0.29698456088606295,0.7664782962936986
M105,gamma[2],0.12937505633271282,0.1224340786124662,1.0566915502522505,0.2906523825958427
M105,mu_1,0.0730783277437536,0.05668156514924092,1.28927857851738,0.19730125544770305
M105,omega,-0.18829447341202887,0.0632637493818744,-2.9763407204249077,0.002917105694191691
M105,p_1,0.8447494781264296,0.07191670246154828,11.74622096415074,7.38481367238987e-32
M105,sigma_1_sq,0.5724750191633051,0.11725045614150208,4.882497160372848,1.0475074829519852e-06
M106,alpha[1],0.4719749876579194,0.10672941400364873,4.422164143445818,9.771717346207395e-06
M106,alpha[2],0.0,0.2743935514581715,0.0,1.0
M106,beta[1],0.2878348505070463,0.49548014840073,0.5809210549324648,0.5612936612601072
M106,beta[2],0.22300232688944266,0.25812027420870887,0.8639473500215221,0.38761681390299063
M106,mu_1,0.06640142263960211,0.03967246128129686,1.6737409400637897,0.09418152399422479
M106,omega,0.00822137498145552,0.005035009571465756,1.6328419767158797,0.10250223605674864
M106,p_1,0.8356930940534981,0.07535738328131494,11.089730795638047,1.4071057344948179e-28
M106,sigma_1_sq,0.582675962771279,0.0881439679152551,6.610502982251552,3.830164011022744e-11
M107,alpha[1],0.47267438823250235,0.24682065695143768,1.915051981753301,0.05548587470891997
M107,alpha[2],0.09638409745147485,1.214744422295937,0.07934516568456709,0.9367580824963043
M107,beta[1],0.16335217134394556,2.063452107123651,0.07916450824325179,0.936901774282211
M107,beta[2],0.34542638569050704,1.1687795390484867,0.29554451814901,0.7675779496741899
M107,gamma[1],-0.19677023317891754,0.23848544782789746,-0.825082766982564,0.4093246027426385
M107,gamma[2],-0.09638409745147487,0.613812949877813,-0.15702519386510388,0.8752249925691081
M107,mu_1,0.08511147626316207,0.039240267726266535,2.1689830675184307,0.03008396944904541
M107,omega,0.008747945420084268,0.016274698382610336,0.5375181287188417,0.5909097659189984
M107,p_1,0.8240089563508745,0.09443924598166394,8.725280975992352,2.6552053583398776e-18
M107,sigma_1_sq,0.549240567746268,0.07832757576834201,7.012097110865224,2.3477214965711244e-12
M108,alpha[1],0.6163619353982436,0.9543294802515606,0.6458586349399695,0.5183709105981388
M108,alpha[2],-0.2990735621207443,2.3948191038243194,-0.12488357122387643,0.9006157248051685
M108,beta[1],0.9295115847147946,3.7753250866904002,0.24620703207565134,0.805521972274852
M108,beta[2],0.0,3.474788380809053,0.0,1.0
M108,gamma[1],-0.042402466513506674,0.7127415386570262,-0.05949206579625338,0.9525601848629808
M108,gamma[2],0.12937037470088972,0.39297656027772176,0.3292063389466841,0.741999731960365
M108,mu_1,0.07307943000404798,0.21843428177235635,0.33456025954849206,0.7379568271838985
M108,omega,-0.18830043216338457,0.7368262703265598,-0.2555560784768576,0.7982936366455212
M108,p_1,0.8447478839303659,0.25426172404178754,3.3223556833569368,0.000892608318896008
M108,sigma_1_sq,0.5724767684832763,0.46920750099870345,1.2200929594364227,0.22242963724360976
M109,Const,0.014291726227263412,0.01781911536176745,0.8020446546929948,0.4225271279479722
M109,Inflation_lag_1,0.4447455053962057,0.043307457210792585,10.269490153427235,9.671442332505416e-25
M109,SPF,0.5799542431894782,0.07647173622526911,7.583903175430189,3.353114314038125e-14
M109,alpha[1],0.2386066504478487,0.0720943718199709,3.309643241551238,0.0009341495393813513
M109,beta[1],0.6681632820677528,0.09045036502703713,7.3870711507690165,1.5009828914319185e-13
M109,mu_1,-0.0032691346947535363,0.045590238455443216,-0.07170690054513677,0.9428351644614381
M109,omega,0.006116907906150249,0.0025759249532010552,2.374645231239706,0.01756582435457982
M109,p_1,0.7849174908856481,0.07551589602059972,10.394069755479471,2.638488972955523e-25
M109,sigma_1_sq,0.5506091941934592,0.08099825022040313,6.797791220121481,1.0623525483404783e-11
M110,Const,0.021060434439281697,0.018542715468188538,1.1357794102709768,0.25604889627571303
M110,Inflation_lag_1,0.4299764910876776,0.043908470552199354,9.79256361426919,1.2118365577962506e-22
M110,SPF,0.5762714518092559,0.07390205630303363,7.7977728988523465,6.3009270644318886e-15
M110,alpha[1],0.28762908768948564,0.0708090260812281,4.062039878355816,4.864576435979953e-05
M110,beta[1],0.7155463482655223,0.07859638946311043,9.10406130807532,8.701562612845348e-20
M110,gamma[1],-0.16071907993871065,0.0696075147159086,-2.3089328874139325,0.020947305685331614
M110,mu_1,0.005415161839002506,0.0404689926393727,0.13381014662900304,0.8935527035071056
M110,omega,0.0050785140798055035,0.002113733120455776,2.4026278581046423,0.016277743065557626
M110,p_1,0.8153515986148449,0.07395701542983332,11.024668773828619,2.905862666830152e-28
M110,sigma_1_sq,0.5608629495049996,0.07488871728075062,7.4892850334500745,6.924980389192308e-14
M111,Const,0.017617024380977436,0.016501006718393153,1.0676333075690645,0.28568595300157607
M111,Inflation_lag_1,0.4271608692760396,0.04217674173855735,10.127877395648499,4.155724142213991e-24
M111,SPF,0.5974932787506195,0.0668929644338353,8.93207953643029,4.1807474093176094e-19
M111,alpha[1],0.3475008942993685,0.09597206742519485,3.6208545217620434,0.0002936315952609312
M111,beta[1],0.901128237948124,0.04901963158567219,18.383007150374265,1.797236832051587e-75
M111,gamma[1],0.0628427337077952,0.03699874400426842,1.6985099197028213,0.08941156206290897
M111,mu_1,0.003942850645429867,0.040479361209982447,0.09740397396531883,0.9224055889695079
M111,omega,-0.2796685572304337,0.1455681679287234,-1.9212205608534674,0.0547039071020531
M111,p_1,0.8288979829955704,0.06040980670628916,13.72124872085173,7.574944962136636e-43
M111,sigma_1_sq,0.5544328386932351,0.06896704719900176,8.039097818606624,9.05023141096917e-16
M112,Const,0.014289802889028634,0.017818463991014055,0.8019660334490704,0.4225726066579173
M112,Inflation_lag_1,0.44475412706562817,0.043380661172396744,10.252359347363443,1.1548950647470369e-24
M112,SPF,0.5799781999797348,0.07647235981436186,7.584154606810135,3.3466190856210776e-14
M112,alpha[1],0.23908340917444323,0.07731556675324659,3.092306235527967,0.001986078454768326
M112,beta[1],0.664441302181912,0.23501061282103738,2.827282113799217,0.004694495023571809
M112,beta[2],0.003021071116122438,0.1775729491042708,0.017013126894392376,0.9864261435406536
M112,mu_1,-0.003283997077121286,0.04555030653567904,-0.07209604779605529,0.9425254714444249
M112,omega,0.0061292720882350936,0.0026746677379641567,2.291601308542509,0.02192865990896617
M112,p_1,0.7849416496724768,0.07571796369238737,10.366650282109928,3.516355133441059e-25
M112,sigma_1_sq,0.5506545452721293,0.08126219884356924,6.776269324586531,1.2331870172469487e-11
M113,Const,0.021060639415625085,0.01853922721890636,1.1360041692647997,0.25595481940153075
M113,Inflation_lag_1,0.42997408240401425,0.043912270037034386,9.791661465949861,1.2226996778741637e-22
M113,SPF,0.5762741930996677,0.07387922596949746,7.800219690141233,6.179949410202147e-15
M113,alpha[1],0.2876334669011807,0.0799020741881491,3.599824783320104,0.0003184316788067754
M113,beta[1],0.7155452577047795,0.24131766288478732,2.9651590735254363,0.0030252645443878184
M113,beta[2],2.6718287509899743e-18,0.18503693847458594,1.4439434488141075e-17,1.0
M113,gamma[1],-0.16072205698927855,0.07096529683889714,-2.264797924457978,0.023525082865703813
M113,mu_1,0.005413683929602836,0.0404073640230043,0.13397765631335848,0.8934202428035601
M113,omega,0.00507844836940206,0.002266523554913237,2.24063339575417,0.025049831642910015
M113,p_1,0.8153515912044723,0.07395552669249146,11.02489060208739,2.8987073470252973e-28
M113,sigma_1_sq,0.5608626780900736,0.07491337079067598,7.486816734722086,7.056412446956883e-14
M114,Const,0.017552599005626484,0.7811127610708523,0.02247127416221324,0.9820720261098902
M114,Inflation_lag_1,0.4273057593198436,0.49275137395376123,0.8671832934552935,0.38584158851576744
M114,SPF,0.5977292937650707,1.577020654107902,0.3790243914739326,0.7046697510738331
M114,alpha[1],0.3559821210508027,0.2540447745703719,1.4012574029630103,0.16113711427418886
M114,beta[1],0.8665992580094486,0.29259564413460537,2.9617640432500054,0.0030588209622760838
M114,beta[2],0.032708149889619245,0.6059734753489864,0.053976207243695416,0.9569541204699917
M114,gamma[1],0.0631563500445006,0.45313793387111595,0.13937555283655392,0.8891533898008958
M114,mu_1,0.003632845720510373,0.5427339954895015,0.0066936026685298095,0.9946593176555981
M114,omega,-0.2848292838065022,1.1761151499592244,-0.24217805868445547,0.8086421957115559
M114,p_1,0.8280546024839827,0.09723981129911918,8.515592445328855,1.6574076410294915e-17
M114,sigma_1_sq,0.5544173668762048,0.20480995401497176,2.7069844800398544,0.006789743145984612
M115,Const,0.014291594691125672,0.01782021493465457,0.8019877842962,0.42256002452391483
M115,Inflation_lag_1,0.444747851691126,0.043431849327989346,10.240131575620277,1.3105801561222894e-24
M115,SPF,0.5799511342652428,0.0764614522705229,7.5848825394181425,3.327884086266104e-14
M115,alpha[1],0.2386044720933621,0.08375496799296568,2.8488396307834747,0.004387899202701781
M115,alpha[2],0.0,0.09786243741435795,0.0,1.0
M115,beta[1],0.6681641406682004,0.1171908076983997,5.701506404732498,1.1875327293561893e-08
M115,mu_1,0.01193035847773265,0.16597969238130575,0.07187842263452926,0.9426986618682116
M115,omega,0.006116946754679589,0.0029306669514295915,2.0872200274056105,0.03686824992473499
M115,p_1,0.2150838787569676,0.07586751526125546,2.8349930535659458,0.00458266821002368
M115,sigma_1_sq,2.63980084629128,0.533437454108475,4.94866047736212,7.472596562406591e-07
M116,Const,0.021885623940993054,0.01912159640242441,1.1445500407182632,0.252395597627182
M116,Inflation_lag_1,0.4286605514094173,0.044995672773609385,9.526706124968374,1.6235281866133029e-21
M116,SPF,0.5754527142995541,0.07430934695123569,7.744015227010213,9.632546582289381e-15
M116,alpha[1],0.21543970149532113,0.07240907538252339,2.9753135274438196,0.0029268923573520195
M116,alpha[2],0.11094481309103431,0.12674875175655292,0.8753128654404949,0.3814036957931477
M116,beta[1],0.6741115636144029,0.15100722498581579,4.464101394338733,8.040548383649497e-06
M116,gamma[1],-0.07052961403943346,0.11295131222136556,-0.6244249194839568,0.5323485638733769
M116,gamma[2],-0.11094481783551784,0.12005168089250409,-0.9241421445390617,0.35541231325990263
M116,mu_1,0.001345867814155767,0.1792029077464089,0.007510301205939764,0.994007702953065
M116,omega,0.005861110998305678,0.0033871838790924622,1.7303787475146055,0.08356262837522109
M116,p_1,0.20446549530596336,0.08513514735490417,2.4016578541128846,0.016320965681286083
M116,sigma_1_sq,2.743421376310818,0.6894639873271218,3.979064065327577,6.91870970550096e-05
M117,Const,0.020235069057319525,0.0020402709692161724,9.917834132146377,3.482304190179863e-23
M117,Inflation_lag_1,0.41796280095787347,0.014143853692665104,29.550843075718877,6.40532131928724e-192
M117,SPF,0.6009836403308988,0.01438289864303779,41.78459817081531,0.0
M117,alpha[1],0.4004350384701204,0.12674840557970954,3.1592905381227445,0.0015815373996689948
M117,alpha[2],-0.08277272744397679,0.1322148242705767,-0.6260472522701613,0.53128394847681
M117,beta[1],0.9026458391801496,0.03573149249312443,25.261912565052796,8.379052196865975e-141
M117,gamma[1],-0.028277524728433697,0.07942463273636434,-0.3560296567224404,0.7218183555905127
M117,gamma[2],0.11044940863804492,0.08038917566830789,1.3739338377316859,0.1694622234943126
M117,mu_1,-0.010405620944148954,0.03999552707667013,-0.2601696165724161,0.7947329398997903
M117,omega,-0.2813637522450704,0.1059168091081193,-2.656459863305132,0.007896585031028419
M117,p_1,0.7998312896839322,0.06103031938985011,13.10547442124236,3.063406231670495e-39
M117,sigma_1_sq,0.5532134519823314,0.07013230646412119,7.888140001004365,3.0672356344259965e-15
M118,Const,0.014096675271959274,0.0179259669110477,0.7863829796133089,0.431643151822953
M118,Inflation_lag_1,0.44526087196839426,0.04415162123079779,10.084813638911276,6.448743743482643e-24
M118,SPF,0.5799616886935146,0.07735694572068107,7.497215450925749,6.518778400773806e-14
M118,alpha[1],0.2442363782509228,0.07908688025846847,3.0882034725951963,0.0020137054400871514
M118,alpha[2],0.14753402532270474,0.1446118101788777,1.0202073063065347,0.30763015324195153
M118,beta[1],2.1331164527558497e-17,0.8228139307043668,2.5924651651556302e-17,1.0
M118,beta[2],0.4554374364192625,0.6102666540330752,0.7462925155903712,0.45549073162683573
M118,mu_1,-0.0027889599552288428,0.04550297120757831,-0.06129182075838499,0.9511268046460772
M118,omega,0.00999632717843774,0.005289396978172274,1.8898803057682243,0.05877397005926195
M118,p_1,0.7877178329623473,0.08084371428222284,9.743711554524195,1.962525406780993e-22
M118,sigma_1_sq,0.5531916827215382,0.08601598105615127,6.431266328990823,1.265452070599466e-10
M119,Const,0.023861792407122037,0.2458464365787695,0.09705974485205397,0.9226789488273673
M119,Inflation_lag_1,0.429193426270938,0.5184250189015625,0.8278794630326906,0.4077387666591925
M119,SPF,0.5705419647128893,1.4631262276697063,0.3899471924726418,0.6965755961397113
M119,alpha[1],0.2403863926436788,9.281336991444874,0.025899974633531393,0.9793371202804083
M119,alpha[2],0.2503691217915469,6.662831431343743,0.037576985756197216,0.9700249576653717
M119,beta[1],1.4689461707604263e-15,56.433073757547916,2.6029880581579254e-17,1.0
M119,beta[2],0.5122935067209031,43.33501117284451,0.011821700118585113,0.9905678676876104
M119,gamma[1],-0.05257168793450516,11.479338607820761,-0.00457967917234261,0.9963459574679485
M119,gamma[2],-0.22791414112583452,0.8339585544394612,-0.2732919278932575,0.7846288198503919
M119,mu_1,-0.006704451577948148,1.1843693732257072,-0.005660777566113633,0.995483377099952
M119,omega,0.008649784258887369,0.19636376828221802,0.04404979765134535,0.9648647095779502
M119,p_1,0.7826232762982216,3.0209308755057402,0.25906692623915173,0.795583602867076
M119,sigma_1_sq,0.5521626367266621,3.2574194292234178,0.1695092230902239,0.8653961183615635
M120,Const,0.019629997895699625,0.016880853051647132,1.1628558009267338,0.24488801272170013
M120,Inflation_lag_1,0.433214540530216,0.04426933681030967,9.785882774492496,1.2946057041323115e-22
M120,SPF,0.5868362763855729,0.06834282619741879,8.58665508930529,8.95379203258021e-18
M120,alpha[1],0.46307220147767914,0.16077611439994483,2.8802300839647486,0.003973850517918265
M120,alpha[2],0.09719461823782155,0.1553951746955349,0.6254674151128216,0.5316643281216706
M120,beta[1],0.2403246795281289,0.13303666914550336,1.8064544239700087,0.07084738704771953
M120,beta[2],0.5812247919050224,0.1214304256773403,4.786484018835838,1.6972844743902125e-06
M120,gamma[1],-0.03211499387231184,0.08736784393022051,-0.36758368328239444,0.7131836831575515
M120,gamma[2],0.14926633544440546,0.07743280993750618,1.927688476821054,0.053893886249803236
M120,mu_1,0.07402462662939238,0.21575945140459196,0.3430886857910176,0.7315317425662362
M120,omega,-0.5177402006917856,0.24179332278862053,-2.1412510267887015,0.03225380011993368
M120,p_1,0.19777558250790941,0.067539094007781,2.9283126374944293,0.0034080716760189283
M120,sigma_1_sq,2.7932124480867553,0.5361216159881401,5.210035120368184,1.8880488828713974e-07
M121,Const,0.014398357196056187,0.017834870734906198,0.8073149175046104,0.41948507167902305
M121,Inflation_lag_1,0.45430658404894575,0.043402826165764345,10.467212027019974,1.2218873847517223e-25
M121,Inflation_lag_2,-0.02511346436075097,0.044435508712326224,-0.5651665771024379,0.5719604677831831
M121,SPF,0.5958653591075737,0.082296771255753,7.240446374935023,4.472103898797441e-13
M121,alpha[1],0.23778952110383728,0.07214701743997527,3.2959023053402436,0.0009810612482715401
M121,beta[1],0.6700225650211614,0.09060715618713082,7.3948084590290515,1.4161225490020222e-13
M121,mu_1,0.004106372117092901,0.17175922073863734,0.023907724426285606,0.9809262128439221
M121,omega,0.00605848364795554,0.0025665054266235353,2.360596469077414,0.01824557215337671
M121,p_1,0.21058635593953526,0.07297768934058547,2.885626522877873,0.003906354117321821
M121,sigma_1_sq,2.6702365362138116,0.5329511859035341,5.0102835059590864,5.434990891645972e-07
M122,Const,0.022479040062476995,0.01950838574173038,1.152275762847568,0.24920777334223376
M122,Inflation_lag_1,0.4454906691161418,0.04251198909702256,10.479177252784508,1.0767637774310406e-25
M122,Inflation_lag_2,-0.04758311400142812,0.04793932647531983,-0.9925695144241315,0.32091978741212457
M122,SPF,0.6036705930371183,0.07863227219935623,7.677135305293399,1.6268557395641222e-14
M122,alpha[1],0.28832879322129146,0.0696798301575309,4.137908955424302,3.5048538398247935e-05
M122,beta[1],0.7241477648211264,0.07134480496913063,10.149971888414996,3.3145888650249096e-24
M122,gamma[1],-0.17431506858873919,0.07176158478480435,-2.4290861066051974,0.015136936884228822
M122,mu_1,0.012331607681784408,0.039404189305888924,0.31295169115283533,0.7543173647067255
M122,omega,0.004918432052394177,0.0019230568502512425,2.55761136325824,0.010539380578434837
M122,p_1,0.8288649144496589,0.0694586765248556,11.93320915282703,7.945041250969206e-33
M122,sigma_1_sq,0.5686376767169459,0.07252955536002909,7.840082210545594,4.502515525187327e-15
M123,Const,0.019368053986038598,0.016933794807248825,1.1437515457402225,0.2527266898035747
M123,Inflation_lag_1,0.44644814593187987,0.04273886306152228,10.445952792174678,1.5291211273261426e-25
M123,Inflation_lag_2,-0.05080679591309284,0.04744942043363449,-1.070756933357156,0.28427873593639874
M123,SPF,0.6223684692506994,0.07288518861121795,8.539025295942077,1.353587452201657e-17
M123,alpha[1],0.33431307681899797,0.09089244768721551,3.6781172179393384,0.0002349619803904943
M123,beta[1],0.9042117880764944,0.04400139267224968,20.549617481692867,7.757200736770787e-94
M123,gamma[1],0.0735996442361034,0.03797157907851598,1.9382824212792749,0.05258877585501919
M123,mu_1,0.010807465913577072,0.03909906399839289,0.2764123947831922,0.7822313377739205
M123,omega,-0.27092831890834745,0.13094190688875168,-2.0690726547806295,0.03853926934056084
M123,p_1,0.8386629715667049,0.05765968324759617,14.545049926226723,6.278502394286177e-48
M123,sigma_1_sq,0.5590505927158184,0.06789423002394974,8.234139963272472,1.8085215079796865e-16
M124,Const,0.014397166434504434,0.017840533968862708,0.8069919016791749,0.4196711488805759
M124,Inflation_lag_1,0.45431784648174994,0.043536079834392324,10.43543305253798,1.7083301873380128e-25
M124,Inflation_lag_2,-0.025107565321683303,0.044450501402564215,-0.5648432420209983,0.5721803918992326
M124,SPF,0.5958733597846949,0.08230157975168298,7.240120561264317,4.482860644997443e-13
M124,alpha[1],0.2381290822568433,0.07722930788152639,3.083403034274827,0.0020464778985003883
M124,beta[1],0.6673834573374561,0.23765955834173594,2.8081490262546507,0.004982716276088902
M124,beta[2],0.002141432499546622,0.18032765778902735,0.011875230487671341,0.9905251596305021
M124,mu_1,-0.0011080332790997377,0.045835411693402994,-0.024174175340923466,0.9807136772017474
M124,omega,0.006067265103891906,0.002665947542795696,2.2758381425350005,0.02285569890234178
M124,p_1,0.7894406881830739,0.07332097848997689,10.766914250755558,4.932566216737189e-27
M124,sigma_1_sq,0.5544790960482715,0.08004508710312852,6.927084673340308,4.296014774094321e-12
M125,Const,0.022478942932004732,0.019505966174819894,1.1524137143753808,0.2491511080538733
M125,Inflation_lag_1,0.4454922485394886,0.04256487007002013,10.466195428451778,1.2350760728784905e-25
M125,Inflation_lag_2,-0.04758466188802576,0.048042182241923914,-0.9904766950095181,0.3219411746799906
M125,SPF,0.6036690977117267,0.07864146733427939,7.676218643603445,1.6385336666527338e-14
M125,alpha[1],0.28832459597714954,0.0790209313508135,3.648711690034786,0.0002635586799830685
M125,beta[1],0.7241504350548462,0.24674533273701638,2.9348090479452065,0.003337530077978591
M125,beta[2],1.8494519730911518e-18,0.1911026053547369,9.677795703821413e-18,1.0
M125,gamma[1],-0.17430968462436822,0.07275430093197507,-2.3958677685233614,0.016581070871895247
M125,mu_1,-0.05971047401429187,0.19907645583104586,-0.29993739724283386,0.7642249079280709
M125,omega,0.004918326283183998,0.0021084465666294846,2.3326776978969517,0.019665067568235238
M125,p_1,0.17113716962176223,0.0694608414064462,2.4637935008642167,0.013747528926908396
M125,sigma_1_sq,3.084893769987821,0.8008767520703538,3.8518957655007893,0.00011720691475241967
M126,Const,0.01930775501822329,0.0169962698044353,1.1359995599260722,0.25595674848100525
M126,Inflation_lag_1,0.4469140706328672,0.04352407627646122,10.268203460404472,9.801283405093518e-25
M126,Inflation_lag_2,-0.050796863961029774,0.04752867629596148,-1.0687624381692697,0.285176728724584
M126,SPF,0.6224751199038179,0.07288175477171449,8.540890952112495,1.3319086244334593e-17
M126,alpha[1],0.34162728262679165,0.11419456665191306,2.9916246686949397,0.002774972068384257
M126,beta[1],0.8744585911961421,0.22441456574837243,3.896621363591165,9.754393763210475e-05
M126,beta[2],0.02811932576912702,0.20152459277251678,0.1395329740269885,0.889029001285585
M126,gamma[1],0.07417498076207012,0.03797859802551573,1.9530731680046753,0.05081092586648966
M126,mu_1,-0.05371328838460607,0.2089266482238503,-0.25709161009971326,0.7971080540990629
M126,omega,-0.27556600257318015,0.1395758382667904,-1.9743102100984924,0.04834648064938436
M126,p_1,0.16190452944635467,0.05895990085458221,2.7460108836626693,0.006032476235077745
M126,sigma_1_sq,3.278037438431179,0.7892028127697979,4.153605873408548,3.272766815416088e-05
M127,Const,0.014397821535242536,0.01784585301521255,0.8067880825292707,0.41978858634774907
M127,Inflation_lag_1,0.454306438625448,0.04361908710285073,10.415312854994546,2.111023504001333e-25
M127,Inflation_lag_2,-0.025113326796132426,0.04445043081425371,-0.564973754721843,0.5720916157177375
M127,SPF,0.5958665537276124,0.08228601538857132,7.241407314642825,4.440525843134677e-13
M127,alpha[1],0.23778882185405448,0.08375814918001993,2.838993270290382,0.004525611135961464
M127,alpha[2],0.0,0.09898373684330032,0.0,1.0
M127,beta[1],0.6700231189625501,0.11790692893838241,5.682644141403267,1.3262804938168287e-08
M127,mu_1,0.00408804338410322,0.1717506290329097,0.02380220327064943,0.9810103825926068
M127,omega,0.006058520636134076,0.0029266140852633555,2.0701467496657973,0.03843860412999376
M127,p_1,0.21059040379754754,0.07357320341279512,2.8623247871374287,0.004205457112395761
M127,sigma_1_sq,2.670208412883724,0.5356029209273867,4.985425412281745,6.182562709993902e-07
M128,Const,0.02304878765772557,0.01990621596127801,1.1578688638041783,0.24691755553664152
M128,Inflation_lag_1,0.44401393995706806,0.043401558283555394,10.230368620780661,1.4496652236611059e-24
M128,Inflation_lag_2,-0.048009525272800724,0.04842176083549066,-0.9914865639832786,0.3214480499105451
M128,SPF,0.6036293035024993,0.07880123686026286,7.660150113797158,1.857158803005411e-14
M128,alpha[1],0.21492154471431585,0.07119480680025109,3.018781205731959,0.0025379374651355773
M128,alpha[2],0.11167668533642411,0.12371528039564593,0.9026911225458815,0.36668984931350945
M128,beta[1],0.6838906480608165,0.13870855314101682,4.930414401810861,8.205536541515441e-07
M128,gamma[1],-0.0845979725517075,0.10727655093775358,-0.7885970588371624,0.4303475505104579
M128,gamma[2],-0.11167668533642484,0.11536762439860207,-0.9680071503472689,0.3330407986701923
M128,mu_1,0.008209469752938077,0.04394491937934219,0.1868127162112219,0.8518074763442895
M128,omega,0.005675141592117824,0.003074074987389091,1.8461298489461706,0.06487335374069338
M128,p_1,0.8116026751880975,0.07953585998296876,10.204235867467684,1.898093153894948e-24
M128,sigma_1_sq,0.5617731811451168,0.07748846705514711,7.249765061751875,4.1749517057707655e-13
M129,Const,0.02085041174100842,0.017265592522969803,1.2076279289731555,0.227190411359265
M129,Inflation_lag_1,0.4410875175352536,0.045282904159881655,9.740707353439461,2.021423290278242e-22
M129,Inflation_lag_2,-0.05512034583771147,0.046067791911899816,-1.1965050537504334,0.23149952760134873
M129,SPF,0.6260795946777732,0.07395011572119806,8.46624225766161,2.5343676178748037e-17
M129,alpha[1],0.39126052123728,0.13388381756601048,2.922388443579985,0.003473580294589599
M129,alpha[2],-0.08392594098019726,0.12764556879631067,-0.6574920051797596,0.510864609946366
M129,beta[1],0.9041322653548594,0.03365348991828195,26.865928839781272,5.495516744147968e-159
M129,gamma[1],-0.018760956063328598,0.08155700328289374,-0.23003488735667701,0.8180646603540876
M129,gamma[2],0.10995420848997337,0.07999812764500153,1.3744597745825313,0.1692989900456333
M129,mu_1,0.0006035449967493105,0.04419342388123869,0.013656896066057732,0.9891037121940337
M129,omega,-0.27795848522361805,0.09960731529102589,-2.7905428874525713,0.005261972845517151
M129,p_1,0.8140216823426969,0.05628604574777226,14.462228986389846,2.0988902708682646e-47
M129,sigma_1_sq,0.5626509629152012,0.06942634814656046,8.104285734969574,5.305628229120386e-16
M130,Const,0.01419571244780576,0.017947321889902383,0.790965500863537,0.42896412359839686
M130,Inflation_lag_1,0.454834273186748,0.04426756025546353,10.274663219792243,9.166401946118475e-25
M130,Inflation_lag_2,-0.02491564082966135,0.04459222939466391,-0.5587440046817408,0.576336442655482
M130,SPF,0.5957215710967836,0.08336624909752498,7.145836325200214,8.944959226176449e-13
M130,alpha[1],0.24321715016173062,0.07947987697143395,3.060109796711762,0.0022125586240496005
M130,alpha[2],0.14793959682690605,0.13494965842024956,1.0962576605137024,0.2729660324404135
M130,beta[1],0.0,0.7805760445555993,0.0,1.0
M130,beta[2],0.4574433145721966,0.5807406934690581,0.7876894450768658,0.43087838095434217
M130,mu_1,-0.0007093111250286595,0.04560421505805456,-0.015553630823942488,0.9875904984448205
M130,omega,0.009922765255598773,0.005162584038200972,1.9220539912134005,0.054598964457108025
M130,p_1,0.7922545019744182,0.07840672222523487,10.104420634987779,5.280676834406846e-24
M130,sigma_1_sq,0.557059012454661,0.08479687777068358,6.569334002616431,5.054080225443369e-11
M131,Const,0.024951097237250867,0.028214585909010645,0.8843332777491678,0.37651632931295087
M131,Inflation_lag_1,0.445818339029115,0.053303661374108316,8.363747021056728,6.075712392295621e-17
M131,Inflation_lag_2,-0.047540613321608194,0.050411683881843514,-0.9430475171794573,0.3456565986286312
M131,SPF,0.5963486718145196,0.14396003528485904,4.1424598891942646,3.43600475366996e-05
M131,alpha[1],0.24323410797135145,0.7785320413029065,0.3124265862767688,0.7547163479402768
M131,alpha[2],0.24668592990597168,0.5717749923257016,0.4314388233430317,0.6661493260230491
M131,beta[1],0.0,4.627278569736115,0.0,1.0
M131,beta[2],0.5263080404363691,3.5604407298139313,0.1478210368815419,0.8824840066966163
M131,gamma[1],-0.06979277553030794,0.9787701627431314,-0.07130660310966627,0.9431537400878512
M131,gamma[2],-0.23198582057089734,0.10648052535486163,-2.178669008231987,0.029356265653500097
M131,mu_1,-0.010984071541341628,0.39059483535637796,-0.028121394721770405,0.977565330299702
M131,omega,0.008399148243884184,0.016868656817154642,0.4979144655632949,0.618544331024646
M131,p_1,0.1993450321389374,0.27194032344923746,0.733046977404764,0.4635297776693662
M131,sigma_1_sq,2.7465047682400066,1.9387027349854256,1.4166714260402866,0.1565790149399044
M132,Const,0.020239422095960673,0.01708861300618949,1.184380621682401,0.23626242758719485
M132,Inflation_lag_1,0.45364426466023805,0.047884506416189354,9.473717045705303,2.700588100464455e-21
M132,Inflation_lag_2,-0.04610269227999961,0.047235454784408215,-0.9760188081266761,0.3290551439805858
M132,SPF,0.6085723332799937,0.07524260948898162,8.088134335228125,6.058556442449002e-16
M132,alpha[1],0.45390649394761096,0.18351778424353238,2.4733651608678233,0.013384730252484897
M132,alpha[2],0.08006979808786538,0.17266353038144538,0.4637331225127653,0.6428389632713304
M132,beta[1],0.2559009962882745,0.14223654091398638,1.7991227475295786,0.07199926607255139
M132,beta[2],0.5725372379816482,0.13431926278398199,4.26251027674584,2.0214319930181106e-05
M132,gamma[1],-0.022043031509632587,0.1010052480465258,-0.2182364969736915,0.8272448498654219
M132,gamma[2],0.15295327543335746,0.08233696877728852,1.8576500653925876,0.06321872390600712
M132,mu_1,-0.00983507497398771,0.05356480383039587,-0.18361077182563487,0.8543188121009001
M132,omega,-0.49833640031089915,0.21769858665516575,-2.2891117850951566,0.02207285825755031
M132,p_1,0.8138130790589861,0.06613694604520438,12.304969124258438,8.516899120850808e-35
M132,sigma_1_sq,0.5643178248052408,0.08307465720311147,6.792899830155482,1.0990169320748121e-11
M133,Const,0.013489586313175995,0.017993858717021045,0.749677238513366,0.453449119411065
M133,Inflation_lag_1,0.4543090925091977,0.04335682252047694,10.478376091666602,1.0859230375530106e-25
M133,Inflation_lag_2,-0.023090848890701884,0.04487144291367785,-0.5146000973296818,0.6068324970856893
M133,SPF,0.375827903753327,0.4120026082470688,0.9121978750385759,0.3616645623566811
M133,SPF_lag_1,0.22056861734867178,0.4049525332149602,0.5446777072798005,0.5859751996637278
M133,alpha[1],0.23669957166535852,0.07224598031762273,3.276300918400316,0.001051764333156205
M133,beta[1],0.6731195592582138,0.09124716058668252,7.376882249599066,1.620391970943458e-13
M133,mu_1,-0.001041661640970805,0.17307736381569733,-0.006018474155176213,0.9951979813818227
M133,omega,0.005958617589155213,0.002590828860529243,2.2998885337173576,0.021454535872096836
M133,p_1,0.2104000996940434,0.0745454246378587,2.8224414941113563,0.004765951702885202
M133,sigma_1_sq,2.67195879734975,0.5466100883707959,4.888235424475393,1.0174381619588612e-06
M134,Const,0.02163776963165116,0.020062042651385403,1.078542699148182,0.28079163716574795
M134,Inflation_lag_1,0.4447607295313545,0.04258034417353385,10.445212178622995,1.5411038447973452e-25
M134,Inflation_lag_2,-0.04604898372752564,0.048167115451545506,-0.9560253566325633,0.33905942394034605
M134,SPF,0.344395055929314,0.3960452893770597,0.869585032739598,0.38452722012693186
M134,SPF_lag_1,0.26045330686307244,0.3914072569690328,0.6654278944135134,0.5057768484397998
M134,alpha[1],0.28719717168956077,0.06882245474537618,4.173015518730186,3.0059445862987933e-05
M134,beta[1],0.7282558323121159,0.06861881914084923,10.613062734543334,2.591135102709176e-26
M134,gamma[1],-0.17491734083434918,0.07126502255446283,-2.4544627162739223,0.014109529506705456
M134,mu_1,0.014102586838730904,0.038787335588796844,0.3635874087418428,0.7161661305539258
M134,omega,0.0047919780938836245,0.001873442349545962,2.557846573205193,0.01053225494639717
M134,p_1,0.831359806423127,0.06889338422483637,12.067338769568211,1.5713397928700716e-33
M134,sigma_1_sq,0.5699417206360889,0.07217509456800357,7.896653603953207,2.86491136159262e-15
M135,Const,0.018729337715361893,0.015173268069493834,1.2343641217950674,0.21706725202584154
M135,Inflation_lag_1,0.4472224812852718,0.02862951326641291,15.62102984859113,5.2353149330787286e-55
M135,Inflation_lag_2,-0.04897078282956382,0.028008282015525195,-1.7484393652712777,0.08038797645013458
M135,SPF,0.37418366494533983,0.05885702218476505,6.3575024874805175,2.0506035202724786e-10
M135,SPF_lag_1,0.24576319905345895,0.01533174395747312,16.029696278202398,7.926923501572825e-58
M135,alpha[1],0.3309194430573681,0.08630479504980589,3.834311209086318,0.00012591663922096737
M135,beta[1],0.9067124666448255,0.040936645773676034,22.1491636529703,1.0627348087697397e-108
M135,gamma[1],0.07389596290699837,0.03471369923610841,2.1287262531252633,0.033276915466459125
M135,mu_1,-0.0670238484723353,0.20745509877620885,-0.32307640963135326,0.7466373754524956
M135,omega,-0.2633076113243966,0.12207026593515535,-2.1570167747833664,0.03100435743294775
M135,p_1,0.15899793598668946,0.05577299630077926,2.8508049868654437,0.004360870620189029
M135,sigma_1_sq,3.321765089664185,0.7699629483049076,4.314188230715689,1.601904198830116e-05
M136,Const,0.013489551602420219,0.018004275906934045,0.7492415508487594,0.4537116295150877
M136,Inflation_lag_1,0.45430897663424386,0.04347159895768237,10.450707761554689,1.4543579605493325e-25
M136,Inflation_lag_2,-0.02309095163886035,0.04487381369942264,-0.5145751995480037,0.6068498991203454
M136,SPF,0.3758492576347354,0.4124942299204056,0.9111624608840199,0.3622097799945432
M136,SPF_lag_1,0.2205498397344202,0.40529498301776673,0.5441711567516543,0.5863236980978084
M136,alpha[1],0.23675601532171967,0.07739355071095916,3.0591181454631764,0.002219895855944467
M136,beta[1],0.6726363941412901,0.23857201426569358,2.8194270657084965,0.00481094626689004
M136,beta[2],0.0003989072573108073,0.18095108429826967,0.002204503271465734,0.9982410623001493
M136,mu_1,0.0002738527281207441,0.0460994322154509,0.00594047941503623,0.9952602110682939
M136,omega,0.005960106855864063,0.0026897478684033593,2.215860797169066,0.026701037121775562
M136,p_1,0.7896083665212054,0.07497875845567387,10.531094176332727,6.210829747296768e-26
M136,sigma_1_sq,0.5544949442936402,0.08073210386123958,6.868332643067161,6.495661677902704e-12
M137,Const,0.021637694421596503,0.020066509712839062,1.0782988537240314,0.2809004084620865
M137,Inflation_lag_1,0.4447605880223996,0.042621501345538826,10.435122508159898,1.7139253183981183e-25
M137,Inflation_lag_2,-0.04604845845784221,0.04825751397501377,-0.9542235947273342,0.3399704737347631
M137,SPF,0.34438924093851186,0.39731547076306256,0.8667904128603312,0.38605685598116535
M137,SPF_lag_1,0.260457387362555,0.39274964588250905,0.663163901210673,0.5072255883717355
M137,alpha[1],0.28719834806198097,0.07780263575788882,3.691370417779971,0.00022304902505208395
M137,beta[1],0.728252706104858,0.24849079977315103,2.9307028943111173,0.0033819606240735197
M137,beta[2],0.0,0.1936710345759238,0.0,1.0
M137,gamma[1],-0.1749172268402372,0.07180155672729971,-2.436120257177263,0.014845748075396327
M137,mu_1,-0.06952243016906946,0.20009988673797494,-0.34743862828921585,0.7282618174556175
M137,omega,0.004792059317041527,0.0020642094316355554,2.3214986055192024,0.020259949270675415
M137,p_1,0.16864718619597727,0.06891082867817641,2.4473248897293653,0.014392104128278408
M137,sigma_1_sq,3.114192101467011,0.8196471319674636,3.7994302426115616,0.00014502912606500804
M138,Const,0.018640369892059718,0.0063318760942883264,2.9438936603440924,0.003241113414630621
M138,Inflation_lag_1,0.4474943888056289,0.018995536346396096,23.55787068315811,1.0425822947558035e-122
M138,Inflation_lag_2,-0.04879120528623218,0.02605844660712777,-1.8723758181689278,0.06115462812302663
M138,SPF,0.37531019675620864,0.016230057984083137,23.12439038260223,2.6321078856921424e-118
M138,SPF_lag_1,0.24471190319944275,0.001503540164755197,162.75714406291647,0.0
M138,alpha[1],0.33661602611465824,0.108538821155225,3.1013421974912774,0.0019264552150825322
M138,beta[1],0.8836666266688907,0.2145894064271259,4.117941520887621,3.822716638713258e-05
M138,beta[2],0.02181489567372123,0.19346513588977415,0.11275879539427798,0.9102217864447142
M138,gamma[1],0.0743033218738442,0.03344825742187145,2.2214407446307822,0.026321123941276357
M138,mu_1,-0.0652193795867407,0.20697630286074,-0.3151055395487584,0.752681522666368
M138,omega,-0.26679045987095323,0.13026296737144527,-2.0480913743520013,0.040551046941135954
M138,p_1,0.15950142756737073,0.05667930387689073,2.814103502643804,0.004891347668549185
M138,sigma_1_sq,3.312802261281017,0.783996466715662,4.225532131744282,2.38376806558576e-05
M139,Const,0.013490780315322025,0.018012040954138688,0.7489867666674499,0.45386518154608446
M139,Inflation_lag_1,0.4543063381549641,0.043543556658951786,10.433376899210339,1.745715887983075e-25
M139,Inflation_lag_2,-0.023091056023354536,0.04487254221025888,-0.5145921065750404,0.6068380821127448
M139,SPF,0.3758154855443382,0.4128547590511388,0.9102849786885643,0.36267223832660145
M139,SPF_lag_1,0.22057237178492758,0.4055404966778446,0.5438972768239889,0.5865121630049939
M139,alpha[1],0.23659696640761735,0.0843385981438406,2.805322493078413,0.005026625935946608
M139,alpha[2],0.0002241475806344171,0.09961160295263247,0.0022502155772054413,0.9982045892476379
M139,beta[1],0.6729601715312781,0.11807601192967493,5.699380937188897,1.2024326829067041e-08
M139,mu_1,-0.0010606646448949103,0.17309375538308847,-0.006127688676852977,0.995110842408163
M139,omega,0.005961621158720676,0.0029378404325231884,2.0292528800144836,0.042432540002183446
M139,p_1,0.21041309059266308,0.07532529568137478,2.7933921624776397,0.005215841646959817
M139,sigma_1_sq,2.6718795688897323,0.5503976274544009,4.854453281797787,1.207193241924105e-06
M140,Const,0.02226045685116751,0.02028069842622937,1.0976178622318886,0.2723713897369522
M140,Inflation_lag_1,0.4431820865231439,0.043449755283287865,10.199875318828449,1.985271961332721e-24
M140,Inflation_lag_2,-0.04620804880848452,0.04883407497741102,-0.9462255367764986,0.34403356379213534
M140,SPF,0.3030290833643917,0.4161205314449693,0.7282243015314096,0.46647629206579655
M140,SPF_lag_1,0.3012853656911492,0.40986360303103286,0.7350869007715656,0.4622865714868011
M140,alpha[1],0.20758759623158346,0.0700143439624018,2.964929534197442,0.0030275226792292878
M140,alpha[2],0.12153507692156217,0.12270285070885342,0.9904829123321501,0.32193813721617615
M140,beta[1],0.6852585963900226,0.1341890034409433,5.10666730371543,3.278903057358341e-07
M140,gamma[1],-0.07841760903760071,0.10497883715246649,-0.7469849272926365,0.45507265920624684
M140,gamma[2],-0.12153519721964998,0.11722516680980805,-1.036767108353403,0.29984440795115075
M140,mu_1,-0.04417901319950708,0.1974198795807442,-0.22378198838601754,0.822926945752887
M140,omega,0.005593430494162917,0.0029788644810708155,1.877705592082605,0.0604214513030047
M140,p_1,0.18687145684663167,0.07993711904339627,2.337730694862582,0.01940122281603686
M140,sigma_1_sq,2.899304933755419,0.7609432235124143,3.8101462029881903,0.00013888463481277562
M141,Const,0.02024268141767901,0.018015116197924303,1.1236497836195676,0.26116162750780025
M141,Inflation_lag_1,0.44071102535026574,0.04558046931239661,9.668856683544606,4.0892073479379943e-22
M141,Inflation_lag_2,-0.05467690068604227,0.04662285474821423,-1.1727488799500534,0.24089652349228585
M141,SPF,0.34487187825894294,0.39522702957059525,0.8725918331892382,0.3828855935470151
M141,SPF_lag_1,0.2819852546124656,0.3902391463519885,0.7225960215639672,0.46992811319134065
M141,alpha[1],0.38689750412056895,0.1348272716976396,2.8695789750030394,0.004110186767144082
M141,alpha[2],-0.08147637207588541,0.12717811505589002,-0.6406477406909168,0.5217515745789074
M141,beta[1],0.9051061854343221,0.03252861690163593,27.824920689720518,2.1670119715940267e-170
M141,gamma[1],-0.021879705639695542,0.08173476994344016,-0.2676915302365949,0.7889367698538363
M141,gamma[2],0.1145447874292218,0.08047888345304764,1.4232899676851087,0.15465211403609302
M141,mu_1,-0.011359356750052424,0.1948303510047288,-0.05830383557527295,0.9535066123672985
M141,omega,-0.2750108048279866,0.096533423098126,-2.8488661854292556,0.004387532999932196
M141,p_1,0.1835375149435153,0.05613775136150097,3.2694133714337648,0.001077707316201086
M141,sigma_1_sq,2.9365518123508214,0.5607551458289973,5.2367808555899105,1.6340151455339765e-07
M142,Const,0.01324964160223214,0.018116904065012703,0.7313413790063501,0.46457066177105255
M142,Inflation_lag_1,0.45481282037360177,0.044156351685642005,10.300054307283043,7.042153429866287e-25
M142,Inflation_lag_2,-0.02290298424346699,0.045001700604780336,-0.5089359721004434,0.6107971046127922
M142,SPF,0.37369041556810884,0.4114113229632815,0.908313395160154,0.3637126673546144
M142,SPF_lag_1,0.22273940586684307,0.4042949263875124,0.5509329732556418,0.5816796229330295
M142,alpha[1],0.24254577248410852,0.07921666490540036,3.061802371682195,0.002200086577411374
M142,alpha[2],0.14700650607360263,0.13805268358395692,1.0648580111389174,0.2869401886618478
M142,beta[1],7.165526493797215e-18,0.8064227916537725,8.885570407927712e-18,1.0
M142,beta[2],0.462449457389538,0.6049169139486942,0.7644842568061513,0.44457871493067413
M142,mu_1,0.0007498448822568368,0.045896542804162985,0.016337720369404885,0.9869649650487764
M142,omega,0.009755141354054187,0.005176454656326075,1.8845217434934085,0.0594944365054022
M142,p_1,0.7926917927888598,0.080313219177144,9.87000397830459,5.616238320476211e-23
M142,sigma_1_sq,0.5572446889274656,0.0855104560247701,6.516684798944899,7.187824314882713e-11
M143,Const,0.023819605098098693,0.031641031041454604,0.7528074880648281,0.4515656064008863
M143,Inflation_lag_1,0.44471098624221056,0.05789344274853348,7.681543282438073,1.5718335376741867e-14
M143,Inflation_lag_2,-0.04564385173620529,0.050162075286822955,-0.9099274995146671,0.3628607460669344
M143,SPF,0.2527623578139523,0.48896324007019587,0.5169352971762572,0.6052013266812657
M143,SPF_lag_1,0.3463261998496177,0.425750823707261,0.8134481028925635,0.41596118952195615
M143,alpha[1],0.2386240384249753,1.0894195772669983,0.21903777332844146,0.8266206232780868
M143,alpha[2],0.25440547394263496,0.6245878762563174,0.4073173425451384,0.6837749269371427
M143,beta[1],1.3035265201269267e-16,5.870517482054971,2.2204627174887964e-17,1.0
M143,beta[2],0.5284750426252482,4.5553775355810915,0.11601125010988471,0.9076436257027458
M143,gamma[1],-0.05997127894333513,1.3936288229198877,-0.043032461697860964,0.9656756571196682
M143,gamma[2],-0.2448779694302656,0.18905722111700649,-1.2952584830320337,0.19523107605194567
M143,mu_1,0.004205334166216798,0.12437431610732433,0.03381191790906377,0.9730271322633816
M143,omega,0.008260553819177978,0.0202385524980137,0.4081593196938716,0.6831567119800457
M143,p_1,0.8006550406386956,0.368738699638335,2.1713344474664344,0.029905900178972593
M143,sigma_1_sq,0.566060216896114,0.34940226774155164,1.6200816913839307,0.10521472976780674
M144,Const,0.018223512709952212,0.01762014904626151,1.0342428240593526,0.30102265876043177
M144,Inflation_lag_1,0.4549695462522988,0.047315209671547585,9.615714469207754,6.863121011604006e-22
M144,Inflation_lag_2,-0.041247386729042074,0.04737671132262051,-0.8706257901305209,0.38395850997204295
M144,SPF,0.2846461713652845,0.3843065394797197,0.7406748054577551,0.45889063908715866
M144,SPF_lag_1,0.32349159133266475,0.3808516269400564,0.8493900733252748,0.3956642749353011
M144,alpha[1],0.4563232973253588,0.16549127366882235,2.7573858561179687,0.005826555165044961
M144,alpha[2],0.07820423427318111,0.16359714466645195,0.4780293350023123,0.6326293260973538
M144,beta[1],0.24981705348948532,0.1383204104431431,1.8060751315668857,0.0709066047106104
M144,beta[2],0.5795707440156771,0.12875330756981773,4.501404701400771,6.750583123567165e-06
M144,gamma[1],-0.026392492197833507,0.09180413486146603,-0.28748696600278645,0.7737394805445403
M144,gamma[2],0.15785968270028675,0.08040072997650637,1.9634110628897823,0.04959842939007535
M144,mu_1,-0.00878181407095843,0.05102671813014471,-0.1721022709820418,0.8633571274183616
M144,omega,-0.4954020628160549,0.2138789833531893,-2.316272758777669,0.020543380734633163
M144,p_1,0.8155167265541983,0.06540932214369594,12.467897538558985,1.1173530727325468e-35
M144,sigma_1_sq,0.5660011205678073,0.08121873523611202,6.968849230690163,3.1954391687721134e-12
